root_id,classification_system,cell_type,num_synapses,min_synapses,softmax_threshold,bandwidth_quantile_value,min_synapses_ratio_value,GABA_ratio,ACh_ratio,Glut_ratio,Oct_ratio,Ser_ratio,DA_ratio,Unknown_ratio,GABA_clusters,ACh_clusters,Glut_clusters,Oct_clusters,Ser_clusters,DA_clusters,Unknown_clusters
720575940604865312,cell_class,AN,7493,400,0.25,0.14285714285714285,0.01,0.027625784065127452,0.8828239690377686,0.03630054717736554,0.008007473642065928,0.022287468303750165,0.02268784198585346,0.0002669157880688643,True,True,True,False,False,False,False
720575940604865312,cell_class,AN,7493,400,0.25,0.14285714285714285,0.05,0.027625784065127452,0.8828239690377686,0.03630054717736554,0.008007473642065928,0.022287468303750165,0.02268784198585346,0.0002669157880688643,False,True,False,False,False,False,False
720575940604865312,cell_class,AN,7493,400,0.25,0.14285714285714285,0.1,0.027625784065127452,0.8828239690377686,0.03630054717736554,0.008007473642065928,0.022287468303750165,0.02268784198585346,0.0002669157880688643,False,True,False,False,False,False,False
720575940604865312,cell_class,AN,7493,400,0.25,0.04,0.01,0.027625784065127452,0.8828239690377686,0.03630054717736554,0.008007473642065928,0.022287468303750165,0.02268784198585346,0.0002669157880688643,True,True,False,False,False,False,False
720575940604865312,cell_class,AN,7493,400,0.25,0.04,0.05,0.027625784065127452,0.8828239690377686,0.03630054717736554,0.008007473642065928,0.022287468303750165,0.02268784198585346,0.0002669157880688643,False,True,False,False,False,False,False
720575940604865312,cell_class,AN,7493,400,0.25,0.04,0.1,0.027625784065127452,0.8828239690377686,0.03630054717736554,0.008007473642065928,0.022287468303750165,0.02268784198585346,0.0002669157880688643,False,True,False,False,False,False,False
720575940604865312,cell_class,AN,7493,400,0.25,0.02,0.01,0.027625784065127452,0.8828239690377686,0.03630054717736554,0.008007473642065928,0.022287468303750165,0.02268784198585346,0.0002669157880688643,False,True,False,False,False,False,False
720575940604865312,cell_class,AN,7493,400,0.25,0.02,0.05,0.027625784065127452,0.8828239690377686,0.03630054717736554,0.008007473642065928,0.022287468303750165,0.02268784198585346,0.0002669157880688643,False,True,False,False,False,False,False
720575940604865312,cell_class,AN,7493,400,0.25,0.02,0.1,0.027625784065127452,0.8828239690377686,0.03630054717736554,0.008007473642065928,0.022287468303750165,0.02268784198585346,0.0002669157880688643,False,False,False,False,False,False,False
720575940604865312,cell_class,AN,7493,400,0.25,0.01,0.01,0.027625784065127452,0.8828239690377686,0.03630054717736554,0.008007473642065928,0.022287468303750165,0.02268784198585346,0.0002669157880688643,False,True,False,False,False,False,False
720575940604865312,cell_class,AN,7493,400,0.25,0.01,0.05,0.027625784065127452,0.8828239690377686,0.03630054717736554,0.008007473642065928,0.022287468303750165,0.02268784198585346,0.0002669157880688643,False,False,False,False,False,False,False
720575940604865312,cell_class,AN,7493,400,0.25,0.01,0.1,0.027625784065127452,0.8828239690377686,0.03630054717736554,0.008007473642065928,0.022287468303750165,0.02268784198585346,0.0002669157880688643,False,False,False,False,False,False,False
720575940623064909,cell_class,AN,3268,400,0.25,0.14285714285714285,0.01,0.004589963280293758,0.9807221542227662,0.0003059975520195838,0.0003059975520195838,0.00795593635250918,0.006119951040391677,0.0,False,True,,,False,False,
720575940623064909,cell_class,AN,3268,400,0.25,0.14285714285714285,0.05,0.004589963280293758,0.9807221542227662,0.0003059975520195838,0.0003059975520195838,0.00795593635250918,0.006119951040391677,0.0,False,True,,,False,False,
720575940623064909,cell_class,AN,3268,400,0.25,0.14285714285714285,0.1,0.004589963280293758,0.9807221542227662,0.0003059975520195838,0.0003059975520195838,0.00795593635250918,0.006119951040391677,0.0,False,True,,,False,False,
720575940623064909,cell_class,AN,3268,400,0.25,0.04,0.01,0.004589963280293758,0.9807221542227662,0.0003059975520195838,0.0003059975520195838,0.00795593635250918,0.006119951040391677,0.0,False,True,,,False,False,
720575940623064909,cell_class,AN,3268,400,0.25,0.04,0.05,0.004589963280293758,0.9807221542227662,0.0003059975520195838,0.0003059975520195838,0.00795593635250918,0.006119951040391677,0.0,False,True,,,False,False,
720575940623064909,cell_class,AN,3268,400,0.25,0.04,0.1,0.004589963280293758,0.9807221542227662,0.0003059975520195838,0.0003059975520195838,0.00795593635250918,0.006119951040391677,0.0,False,True,,,False,False,
720575940623064909,cell_class,AN,3268,400,0.25,0.02,0.01,0.004589963280293758,0.9807221542227662,0.0003059975520195838,0.0003059975520195838,0.00795593635250918,0.006119951040391677,0.0,False,True,,,False,False,
720575940623064909,cell_class,AN,3268,400,0.25,0.02,0.05,0.004589963280293758,0.9807221542227662,0.0003059975520195838,0.0003059975520195838,0.00795593635250918,0.006119951040391677,0.0,False,True,,,False,False,
720575940623064909,cell_class,AN,3268,400,0.25,0.02,0.1,0.004589963280293758,0.9807221542227662,0.0003059975520195838,0.0003059975520195838,0.00795593635250918,0.006119951040391677,0.0,False,False,,,False,False,
720575940623064909,cell_class,AN,3268,400,0.25,0.01,0.01,0.004589963280293758,0.9807221542227662,0.0003059975520195838,0.0003059975520195838,0.00795593635250918,0.006119951040391677,0.0,False,True,,,False,False,
720575940623064909,cell_class,AN,3268,400,0.25,0.01,0.05,0.004589963280293758,0.9807221542227662,0.0003059975520195838,0.0003059975520195838,0.00795593635250918,0.006119951040391677,0.0,False,False,,,False,False,
720575940623064909,cell_class,AN,3268,400,0.25,0.01,0.1,0.004589963280293758,0.9807221542227662,0.0003059975520195838,0.0003059975520195838,0.00795593635250918,0.006119951040391677,0.0,False,False,,,False,False,
720575940615288276,cell_class,AN,667,400,0.25,0.14285714285714285,0.01,0.041979010494752625,0.45577211394302847,0.046476761619190406,0.0239880059970015,0.424287856071964,0.0074962518740629685,0.0,True,True,True,True,True,False,
720575940615288276,cell_class,AN,667,400,0.25,0.14285714285714285,0.05,0.041979010494752625,0.45577211394302847,0.046476761619190406,0.0239880059970015,0.424287856071964,0.0074962518740629685,0.0,False,True,False,False,True,False,
720575940615288276,cell_class,AN,667,400,0.25,0.14285714285714285,0.1,0.041979010494752625,0.45577211394302847,0.046476761619190406,0.0239880059970015,0.424287856071964,0.0074962518740629685,0.0,False,True,False,False,True,False,
720575940615288276,cell_class,AN,667,400,0.25,0.04,0.01,0.041979010494752625,0.45577211394302847,0.046476761619190406,0.0239880059970015,0.424287856071964,0.0074962518740629685,0.0,True,True,True,True,True,False,
720575940615288276,cell_class,AN,667,400,0.25,0.04,0.05,0.041979010494752625,0.45577211394302847,0.046476761619190406,0.0239880059970015,0.424287856071964,0.0074962518740629685,0.0,False,True,False,False,True,False,
720575940615288276,cell_class,AN,667,400,0.25,0.04,0.1,0.041979010494752625,0.45577211394302847,0.046476761619190406,0.0239880059970015,0.424287856071964,0.0074962518740629685,0.0,False,False,False,False,False,False,
720575940615288276,cell_class,AN,667,400,0.25,0.02,0.01,0.041979010494752625,0.45577211394302847,0.046476761619190406,0.0239880059970015,0.424287856071964,0.0074962518740629685,0.0,True,True,True,False,True,False,
720575940615288276,cell_class,AN,667,400,0.25,0.02,0.05,0.041979010494752625,0.45577211394302847,0.046476761619190406,0.0239880059970015,0.424287856071964,0.0074962518740629685,0.0,False,False,False,False,False,False,
720575940615288276,cell_class,AN,667,400,0.25,0.02,0.1,0.041979010494752625,0.45577211394302847,0.046476761619190406,0.0239880059970015,0.424287856071964,0.0074962518740629685,0.0,False,False,False,False,False,False,
720575940615288276,cell_class,AN,667,400,0.25,0.01,0.01,0.041979010494752625,0.45577211394302847,0.046476761619190406,0.0239880059970015,0.424287856071964,0.0074962518740629685,0.0,False,True,False,False,True,False,
720575940615288276,cell_class,AN,667,400,0.25,0.01,0.05,0.041979010494752625,0.45577211394302847,0.046476761619190406,0.0239880059970015,0.424287856071964,0.0074962518740629685,0.0,False,False,False,False,False,False,
720575940615288276,cell_class,AN,667,400,0.25,0.01,0.1,0.041979010494752625,0.45577211394302847,0.046476761619190406,0.0239880059970015,0.424287856071964,0.0074962518740629685,0.0,False,False,False,False,False,False,
720575940624109340,cell_class,AN,837,400,0.25,0.14285714285714285,0.01,0.022700119474313024,0.08243727598566308,0.7968936678614098,0.0011947431302270011,0.06212664277180406,0.03464755077658303,0.0,False,True,True,,True,True,
720575940624109340,cell_class,AN,837,400,0.25,0.14285714285714285,0.05,0.022700119474313024,0.08243727598566308,0.7968936678614098,0.0011947431302270011,0.06212664277180406,0.03464755077658303,0.0,False,False,True,,False,False,
720575940624109340,cell_class,AN,837,400,0.25,0.14285714285714285,0.1,0.022700119474313024,0.08243727598566308,0.7968936678614098,0.0011947431302270011,0.06212664277180406,0.03464755077658303,0.0,False,False,True,,False,False,
720575940624109340,cell_class,AN,837,400,0.25,0.04,0.01,0.022700119474313024,0.08243727598566308,0.7968936678614098,0.0011947431302270011,0.06212664277180406,0.03464755077658303,0.0,False,True,True,,True,False,
720575940624109340,cell_class,AN,837,400,0.25,0.04,0.05,0.022700119474313024,0.08243727598566308,0.7968936678614098,0.0011947431302270011,0.06212664277180406,0.03464755077658303,0.0,False,False,True,,False,False,
720575940624109340,cell_class,AN,837,400,0.25,0.04,0.1,0.022700119474313024,0.08243727598566308,0.7968936678614098,0.0011947431302270011,0.06212664277180406,0.03464755077658303,0.0,False,False,True,,False,False,
720575940624109340,cell_class,AN,837,400,0.25,0.02,0.01,0.022700119474313024,0.08243727598566308,0.7968936678614098,0.0011947431302270011,0.06212664277180406,0.03464755077658303,0.0,False,True,True,,True,False,
720575940624109340,cell_class,AN,837,400,0.25,0.02,0.05,0.022700119474313024,0.08243727598566308,0.7968936678614098,0.0011947431302270011,0.06212664277180406,0.03464755077658303,0.0,False,False,True,,False,False,
720575940624109340,cell_class,AN,837,400,0.25,0.02,0.1,0.022700119474313024,0.08243727598566308,0.7968936678614098,0.0011947431302270011,0.06212664277180406,0.03464755077658303,0.0,False,False,False,,False,False,
720575940624109340,cell_class,AN,837,400,0.25,0.01,0.01,0.022700119474313024,0.08243727598566308,0.7968936678614098,0.0011947431302270011,0.06212664277180406,0.03464755077658303,0.0,False,True,True,,True,False,
720575940624109340,cell_class,AN,837,400,0.25,0.01,0.05,0.022700119474313024,0.08243727598566308,0.7968936678614098,0.0011947431302270011,0.06212664277180406,0.03464755077658303,0.0,False,False,False,,False,False,
720575940624109340,cell_class,AN,837,400,0.25,0.01,0.1,0.022700119474313024,0.08243727598566308,0.7968936678614098,0.0011947431302270011,0.06212664277180406,0.03464755077658303,0.0,False,False,False,,False,False,
720575940619559232,cell_class,AN,3887,400,0.25,0.14285714285714285,0.01,0.013120658605608439,0.7527656290198096,0.1980962181631078,0.0010290712631849757,0.024697710316439414,0.010033444816053512,0.0002572678157962439,False,True,True,False,False,False,
720575940619559232,cell_class,AN,3887,400,0.25,0.14285714285714285,0.05,0.013120658605608439,0.7527656290198096,0.1980962181631078,0.0010290712631849757,0.024697710316439414,0.010033444816053512,0.0002572678157962439,False,True,True,False,False,False,
720575940619559232,cell_class,AN,3887,400,0.25,0.14285714285714285,0.1,0.013120658605608439,0.7527656290198096,0.1980962181631078,0.0010290712631849757,0.024697710316439414,0.010033444816053512,0.0002572678157962439,False,True,False,False,False,False,
720575940619559232,cell_class,AN,3887,400,0.25,0.04,0.01,0.013120658605608439,0.7527656290198096,0.1980962181631078,0.0010290712631849757,0.024697710316439414,0.010033444816053512,0.0002572678157962439,False,True,True,False,False,False,
720575940619559232,cell_class,AN,3887,400,0.25,0.04,0.05,0.013120658605608439,0.7527656290198096,0.1980962181631078,0.0010290712631849757,0.024697710316439414,0.010033444816053512,0.0002572678157962439,False,True,False,False,False,False,
720575940619559232,cell_class,AN,3887,400,0.25,0.04,0.1,0.013120658605608439,0.7527656290198096,0.1980962181631078,0.0010290712631849757,0.024697710316439414,0.010033444816053512,0.0002572678157962439,False,True,False,False,False,False,
720575940619559232,cell_class,AN,3887,400,0.25,0.02,0.01,0.013120658605608439,0.7527656290198096,0.1980962181631078,0.0010290712631849757,0.024697710316439414,0.010033444816053512,0.0002572678157962439,False,True,True,False,False,False,
720575940619559232,cell_class,AN,3887,400,0.25,0.02,0.05,0.013120658605608439,0.7527656290198096,0.1980962181631078,0.0010290712631849757,0.024697710316439414,0.010033444816053512,0.0002572678157962439,False,False,False,False,False,False,
720575940619559232,cell_class,AN,3887,400,0.25,0.02,0.1,0.013120658605608439,0.7527656290198096,0.1980962181631078,0.0010290712631849757,0.024697710316439414,0.010033444816053512,0.0002572678157962439,False,False,False,False,False,False,
720575940619559232,cell_class,AN,3887,400,0.25,0.01,0.01,0.013120658605608439,0.7527656290198096,0.1980962181631078,0.0010290712631849757,0.024697710316439414,0.010033444816053512,0.0002572678157962439,False,True,True,False,False,False,
720575940619559232,cell_class,AN,3887,400,0.25,0.01,0.05,0.013120658605608439,0.7527656290198096,0.1980962181631078,0.0010290712631849757,0.024697710316439414,0.010033444816053512,0.0002572678157962439,False,False,False,False,False,False,
720575940619559232,cell_class,AN,3887,400,0.25,0.01,0.1,0.013120658605608439,0.7527656290198096,0.1980962181631078,0.0010290712631849757,0.024697710316439414,0.010033444816053512,0.0002572678157962439,False,False,False,False,False,False,
720575940628358533,cell_class,AN,1836,400,0.25,0.14285714285714285,0.01,0.3474945533769063,0.3017429193899782,0.07026143790849673,0.09095860566448802,0.17973856209150327,0.008169934640522876,0.0016339869281045752,True,True,True,True,True,False,False
720575940628358533,cell_class,AN,1836,400,0.25,0.14285714285714285,0.05,0.3474945533769063,0.3017429193899782,0.07026143790849673,0.09095860566448802,0.17973856209150327,0.008169934640522876,0.0016339869281045752,True,True,False,False,True,False,False
720575940628358533,cell_class,AN,1836,400,0.25,0.14285714285714285,0.1,0.3474945533769063,0.3017429193899782,0.07026143790849673,0.09095860566448802,0.17973856209150327,0.008169934640522876,0.0016339869281045752,True,True,False,False,True,False,False
720575940628358533,cell_class,AN,1836,400,0.25,0.04,0.01,0.3474945533769063,0.3017429193899782,0.07026143790849673,0.09095860566448802,0.17973856209150327,0.008169934640522876,0.0016339869281045752,True,True,True,True,True,False,False
720575940628358533,cell_class,AN,1836,400,0.25,0.04,0.05,0.3474945533769063,0.3017429193899782,0.07026143790849673,0.09095860566448802,0.17973856209150327,0.008169934640522876,0.0016339869281045752,False,True,False,False,False,False,False
720575940628358533,cell_class,AN,1836,400,0.25,0.04,0.1,0.3474945533769063,0.3017429193899782,0.07026143790849673,0.09095860566448802,0.17973856209150327,0.008169934640522876,0.0016339869281045752,False,False,False,False,False,False,False
720575940628358533,cell_class,AN,1836,400,0.25,0.02,0.01,0.3474945533769063,0.3017429193899782,0.07026143790849673,0.09095860566448802,0.17973856209150327,0.008169934640522876,0.0016339869281045752,True,True,False,True,True,False,False
720575940628358533,cell_class,AN,1836,400,0.25,0.02,0.05,0.3474945533769063,0.3017429193899782,0.07026143790849673,0.09095860566448802,0.17973856209150327,0.008169934640522876,0.0016339869281045752,False,False,False,False,False,False,False
720575940628358533,cell_class,AN,1836,400,0.25,0.02,0.1,0.3474945533769063,0.3017429193899782,0.07026143790849673,0.09095860566448802,0.17973856209150327,0.008169934640522876,0.0016339869281045752,False,False,False,False,False,False,False
720575940628358533,cell_class,AN,1836,400,0.25,0.01,0.01,0.3474945533769063,0.3017429193899782,0.07026143790849673,0.09095860566448802,0.17973856209150327,0.008169934640522876,0.0016339869281045752,True,True,False,False,True,False,False
720575940628358533,cell_class,AN,1836,400,0.25,0.01,0.05,0.3474945533769063,0.3017429193899782,0.07026143790849673,0.09095860566448802,0.17973856209150327,0.008169934640522876,0.0016339869281045752,False,False,False,False,False,False,False
720575940628358533,cell_class,AN,1836,400,0.25,0.01,0.1,0.3474945533769063,0.3017429193899782,0.07026143790849673,0.09095860566448802,0.17973856209150327,0.008169934640522876,0.0016339869281045752,False,False,False,False,False,False,False
720575940618942721,cell_class,AN,2709,400,0.25,0.14285714285714285,0.01,0.30306386120339607,0.2587670727205611,0.3344407530454042,0.02177925433739387,0.07788851974898486,0.0029531192321889995,0.0011074197120708748,True,True,True,True,True,False,False
720575940618942721,cell_class,AN,2709,400,0.25,0.14285714285714285,0.05,0.30306386120339607,0.2587670727205611,0.3344407530454042,0.02177925433739387,0.07788851974898486,0.0029531192321889995,0.0011074197120708748,True,True,True,False,False,False,False
720575940618942721,cell_class,AN,2709,400,0.25,0.14285714285714285,0.1,0.30306386120339607,0.2587670727205611,0.3344407530454042,0.02177925433739387,0.07788851974898486,0.0029531192321889995,0.0011074197120708748,False,True,True,False,False,False,False
720575940618942721,cell_class,AN,2709,400,0.25,0.04,0.01,0.30306386120339607,0.2587670727205611,0.3344407530454042,0.02177925433739387,0.07788851974898486,0.0029531192321889995,0.0011074197120708748,True,True,True,False,True,False,False
720575940618942721,cell_class,AN,2709,400,0.25,0.04,0.05,0.30306386120339607,0.2587670727205611,0.3344407530454042,0.02177925433739387,0.07788851974898486,0.0029531192321889995,0.0011074197120708748,False,False,False,False,False,False,False
720575940618942721,cell_class,AN,2709,400,0.25,0.04,0.1,0.30306386120339607,0.2587670727205611,0.3344407530454042,0.02177925433739387,0.07788851974898486,0.0029531192321889995,0.0011074197120708748,False,False,False,False,False,False,False
720575940618942721,cell_class,AN,2709,400,0.25,0.02,0.01,0.30306386120339607,0.2587670727205611,0.3344407530454042,0.02177925433739387,0.07788851974898486,0.0029531192321889995,0.0011074197120708748,True,True,True,False,False,False,False
720575940618942721,cell_class,AN,2709,400,0.25,0.02,0.05,0.30306386120339607,0.2587670727205611,0.3344407530454042,0.02177925433739387,0.07788851974898486,0.0029531192321889995,0.0011074197120708748,False,False,False,False,False,False,False
720575940618942721,cell_class,AN,2709,400,0.25,0.02,0.1,0.30306386120339607,0.2587670727205611,0.3344407530454042,0.02177925433739387,0.07788851974898486,0.0029531192321889995,0.0011074197120708748,False,False,False,False,False,False,False
720575940618942721,cell_class,AN,2709,400,0.25,0.01,0.01,0.30306386120339607,0.2587670727205611,0.3344407530454042,0.02177925433739387,0.07788851974898486,0.0029531192321889995,0.0011074197120708748,True,True,True,False,False,False,False
720575940618942721,cell_class,AN,2709,400,0.25,0.01,0.05,0.30306386120339607,0.2587670727205611,0.3344407530454042,0.02177925433739387,0.07788851974898486,0.0029531192321889995,0.0011074197120708748,False,False,False,False,False,False,False
720575940618942721,cell_class,AN,2709,400,0.25,0.01,0.1,0.30306386120339607,0.2587670727205611,0.3344407530454042,0.02177925433739387,0.07788851974898486,0.0029531192321889995,0.0011074197120708748,False,False,False,False,False,False,False
720575940626404429,cell_class,AN,1297,400,0.25,0.14285714285714285,0.01,0.3515805705474171,0.2181958365458751,0.24286815728604472,0.004626060138781804,0.16576715497301464,0.016191210485736313,0.0007710100231303007,True,True,True,False,True,False,
720575940626404429,cell_class,AN,1297,400,0.25,0.14285714285714285,0.05,0.3515805705474171,0.2181958365458751,0.24286815728604472,0.004626060138781804,0.16576715497301464,0.016191210485736313,0.0007710100231303007,True,True,True,False,True,False,
720575940626404429,cell_class,AN,1297,400,0.25,0.14285714285714285,0.1,0.3515805705474171,0.2181958365458751,0.24286815728604472,0.004626060138781804,0.16576715497301464,0.016191210485736313,0.0007710100231303007,True,True,True,False,True,False,
720575940626404429,cell_class,AN,1297,400,0.25,0.04,0.01,0.3515805705474171,0.2181958365458751,0.24286815728604472,0.004626060138781804,0.16576715497301464,0.016191210485736313,0.0007710100231303007,True,True,True,False,True,False,
720575940626404429,cell_class,AN,1297,400,0.25,0.04,0.05,0.3515805705474171,0.2181958365458751,0.24286815728604472,0.004626060138781804,0.16576715497301464,0.016191210485736313,0.0007710100231303007,True,False,False,False,False,False,
720575940626404429,cell_class,AN,1297,400,0.25,0.04,0.1,0.3515805705474171,0.2181958365458751,0.24286815728604472,0.004626060138781804,0.16576715497301464,0.016191210485736313,0.0007710100231303007,False,False,False,False,False,False,
720575940626404429,cell_class,AN,1297,400,0.25,0.02,0.01,0.3515805705474171,0.2181958365458751,0.24286815728604472,0.004626060138781804,0.16576715497301464,0.016191210485736313,0.0007710100231303007,True,True,True,False,True,False,
720575940626404429,cell_class,AN,1297,400,0.25,0.02,0.05,0.3515805705474171,0.2181958365458751,0.24286815728604472,0.004626060138781804,0.16576715497301464,0.016191210485736313,0.0007710100231303007,True,False,False,False,False,False,
720575940626404429,cell_class,AN,1297,400,0.25,0.02,0.1,0.3515805705474171,0.2181958365458751,0.24286815728604472,0.004626060138781804,0.16576715497301464,0.016191210485736313,0.0007710100231303007,False,False,False,False,False,False,
720575940626404429,cell_class,AN,1297,400,0.25,0.01,0.01,0.3515805705474171,0.2181958365458751,0.24286815728604472,0.004626060138781804,0.16576715497301464,0.016191210485736313,0.0007710100231303007,True,True,True,False,True,False,
720575940626404429,cell_class,AN,1297,400,0.25,0.01,0.05,0.3515805705474171,0.2181958365458751,0.24286815728604472,0.004626060138781804,0.16576715497301464,0.016191210485736313,0.0007710100231303007,True,False,False,False,False,False,
720575940626404429,cell_class,AN,1297,400,0.25,0.01,0.1,0.3515805705474171,0.2181958365458751,0.24286815728604472,0.004626060138781804,0.16576715497301464,0.016191210485736313,0.0007710100231303007,False,False,False,False,False,False,
720575940628754453,cell_class,AN,2207,400,0.25,0.14285714285714285,0.01,0.001359311282283643,0.7403715450838242,0.21250566379700953,0.0,0.03307657453556864,0.012686905301314002,0.0,False,True,True,,False,False,
720575940628754453,cell_class,AN,2207,400,0.25,0.14285714285714285,0.05,0.001359311282283643,0.7403715450838242,0.21250566379700953,0.0,0.03307657453556864,0.012686905301314002,0.0,False,True,True,,False,False,
720575940628754453,cell_class,AN,2207,400,0.25,0.14285714285714285,0.1,0.001359311282283643,0.7403715450838242,0.21250566379700953,0.0,0.03307657453556864,0.012686905301314002,0.0,False,True,True,,False,False,
720575940628754453,cell_class,AN,2207,400,0.25,0.04,0.01,0.001359311282283643,0.7403715450838242,0.21250566379700953,0.0,0.03307657453556864,0.012686905301314002,0.0,False,True,True,,False,False,
720575940628754453,cell_class,AN,2207,400,0.25,0.04,0.05,0.001359311282283643,0.7403715450838242,0.21250566379700953,0.0,0.03307657453556864,0.012686905301314002,0.0,False,True,False,,False,False,
720575940628754453,cell_class,AN,2207,400,0.25,0.04,0.1,0.001359311282283643,0.7403715450838242,0.21250566379700953,0.0,0.03307657453556864,0.012686905301314002,0.0,False,True,False,,False,False,
720575940628754453,cell_class,AN,2207,400,0.25,0.02,0.01,0.001359311282283643,0.7403715450838242,0.21250566379700953,0.0,0.03307657453556864,0.012686905301314002,0.0,False,True,True,,False,False,
720575940628754453,cell_class,AN,2207,400,0.25,0.02,0.05,0.001359311282283643,0.7403715450838242,0.21250566379700953,0.0,0.03307657453556864,0.012686905301314002,0.0,False,True,False,,False,False,
720575940628754453,cell_class,AN,2207,400,0.25,0.02,0.1,0.001359311282283643,0.7403715450838242,0.21250566379700953,0.0,0.03307657453556864,0.012686905301314002,0.0,False,False,False,,False,False,
720575940628754453,cell_class,AN,2207,400,0.25,0.01,0.01,0.001359311282283643,0.7403715450838242,0.21250566379700953,0.0,0.03307657453556864,0.012686905301314002,0.0,False,True,True,,False,False,
720575940628754453,cell_class,AN,2207,400,0.25,0.01,0.05,0.001359311282283643,0.7403715450838242,0.21250566379700953,0.0,0.03307657453556864,0.012686905301314002,0.0,False,False,False,,False,False,
720575940628754453,cell_class,AN,2207,400,0.25,0.01,0.1,0.001359311282283643,0.7403715450838242,0.21250566379700953,0.0,0.03307657453556864,0.012686905301314002,0.0,False,False,False,,False,False,
720575940629591793,cell_class,AN,2440,400,0.25,0.14285714285714285,0.01,0.04016393442622951,0.0430327868852459,0.05081967213114754,0.1,0.6098360655737705,0.15491803278688523,0.0012295081967213116,True,True,True,True,True,True,False
720575940629591793,cell_class,AN,2440,400,0.25,0.14285714285714285,0.05,0.04016393442622951,0.0430327868852459,0.05081967213114754,0.1,0.6098360655737705,0.15491803278688523,0.0012295081967213116,False,False,False,True,True,True,False
720575940629591793,cell_class,AN,2440,400,0.25,0.14285714285714285,0.1,0.04016393442622951,0.0430327868852459,0.05081967213114754,0.1,0.6098360655737705,0.15491803278688523,0.0012295081967213116,False,False,False,False,True,False,False
720575940629591793,cell_class,AN,2440,400,0.25,0.04,0.01,0.04016393442622951,0.0430327868852459,0.05081967213114754,0.1,0.6098360655737705,0.15491803278688523,0.0012295081967213116,False,False,True,True,True,True,False
720575940629591793,cell_class,AN,2440,400,0.25,0.04,0.05,0.04016393442622951,0.0430327868852459,0.05081967213114754,0.1,0.6098360655737705,0.15491803278688523,0.0012295081967213116,False,False,False,False,True,False,False
720575940629591793,cell_class,AN,2440,400,0.25,0.04,0.1,0.04016393442622951,0.0430327868852459,0.05081967213114754,0.1,0.6098360655737705,0.15491803278688523,0.0012295081967213116,False,False,False,False,True,False,False
720575940629591793,cell_class,AN,2440,400,0.25,0.02,0.01,0.04016393442622951,0.0430327868852459,0.05081967213114754,0.1,0.6098360655737705,0.15491803278688523,0.0012295081967213116,False,False,False,True,True,True,False
720575940629591793,cell_class,AN,2440,400,0.25,0.02,0.05,0.04016393442622951,0.0430327868852459,0.05081967213114754,0.1,0.6098360655737705,0.15491803278688523,0.0012295081967213116,False,False,False,False,True,False,False
720575940629591793,cell_class,AN,2440,400,0.25,0.02,0.1,0.04016393442622951,0.0430327868852459,0.05081967213114754,0.1,0.6098360655737705,0.15491803278688523,0.0012295081967213116,False,False,False,False,True,False,False
720575940629591793,cell_class,AN,2440,400,0.25,0.01,0.01,0.04016393442622951,0.0430327868852459,0.05081967213114754,0.1,0.6098360655737705,0.15491803278688523,0.0012295081967213116,False,False,False,True,True,True,False
720575940629591793,cell_class,AN,2440,400,0.25,0.01,0.05,0.04016393442622951,0.0430327868852459,0.05081967213114754,0.1,0.6098360655737705,0.15491803278688523,0.0012295081967213116,False,False,False,False,False,False,False
720575940629591793,cell_class,AN,2440,400,0.25,0.01,0.1,0.04016393442622951,0.0430327868852459,0.05081967213114754,0.1,0.6098360655737705,0.15491803278688523,0.0012295081967213116,False,False,False,False,False,False,False
720575940612861077,cell_class,AN,6541,400,0.25,0.14285714285714285,0.01,0.6673291545635224,0.12994954899862407,0.19308974162972023,0.00045864546705396726,0.005809509249350252,0.003210518269377771,0.00015288182235132243,True,True,True,False,False,False,
720575940612861077,cell_class,AN,6541,400,0.25,0.14285714285714285,0.05,0.6673291545635224,0.12994954899862407,0.19308974162972023,0.00045864546705396726,0.005809509249350252,0.003210518269377771,0.00015288182235132243,True,True,True,False,False,False,
720575940612861077,cell_class,AN,6541,400,0.25,0.14285714285714285,0.1,0.6673291545635224,0.12994954899862407,0.19308974162972023,0.00045864546705396726,0.005809509249350252,0.003210518269377771,0.00015288182235132243,True,False,False,False,False,False,
720575940612861077,cell_class,AN,6541,400,0.25,0.04,0.01,0.6673291545635224,0.12994954899862407,0.19308974162972023,0.00045864546705396726,0.005809509249350252,0.003210518269377771,0.00015288182235132243,True,True,True,False,False,False,
720575940612861077,cell_class,AN,6541,400,0.25,0.04,0.05,0.6673291545635224,0.12994954899862407,0.19308974162972023,0.00045864546705396726,0.005809509249350252,0.003210518269377771,0.00015288182235132243,True,False,False,False,False,False,
720575940612861077,cell_class,AN,6541,400,0.25,0.04,0.1,0.6673291545635224,0.12994954899862407,0.19308974162972023,0.00045864546705396726,0.005809509249350252,0.003210518269377771,0.00015288182235132243,False,False,False,False,False,False,
720575940612861077,cell_class,AN,6541,400,0.25,0.02,0.01,0.6673291545635224,0.12994954899862407,0.19308974162972023,0.00045864546705396726,0.005809509249350252,0.003210518269377771,0.00015288182235132243,True,True,True,False,False,False,
720575940612861077,cell_class,AN,6541,400,0.25,0.02,0.05,0.6673291545635224,0.12994954899862407,0.19308974162972023,0.00045864546705396726,0.005809509249350252,0.003210518269377771,0.00015288182235132243,True,False,False,False,False,False,
720575940612861077,cell_class,AN,6541,400,0.25,0.02,0.1,0.6673291545635224,0.12994954899862407,0.19308974162972023,0.00045864546705396726,0.005809509249350252,0.003210518269377771,0.00015288182235132243,False,False,False,False,False,False,
720575940612861077,cell_class,AN,6541,400,0.25,0.01,0.01,0.6673291545635224,0.12994954899862407,0.19308974162972023,0.00045864546705396726,0.005809509249350252,0.003210518269377771,0.00015288182235132243,True,False,True,False,False,False,
720575940612861077,cell_class,AN,6541,400,0.25,0.01,0.05,0.6673291545635224,0.12994954899862407,0.19308974162972023,0.00045864546705396726,0.005809509249350252,0.003210518269377771,0.00015288182235132243,False,False,False,False,False,False,
720575940612861077,cell_class,AN,6541,400,0.25,0.01,0.1,0.6673291545635224,0.12994954899862407,0.19308974162972023,0.00045864546705396726,0.005809509249350252,0.003210518269377771,0.00015288182235132243,False,False,False,False,False,False,
720575940618957825,cell_class,AN,7665,400,0.25,0.14285714285714285,0.01,0.08336594911937378,0.7852576647097195,0.01304631441617743,0.008741030658838878,0.10084801043705154,0.008088714938030006,0.0006523157208088715,True,True,False,False,True,False,False
720575940618957825,cell_class,AN,7665,400,0.25,0.14285714285714285,0.05,0.08336594911937378,0.7852576647097195,0.01304631441617743,0.008741030658838878,0.10084801043705154,0.008088714938030006,0.0006523157208088715,False,True,False,False,False,False,False
720575940618957825,cell_class,AN,7665,400,0.25,0.14285714285714285,0.1,0.08336594911937378,0.7852576647097195,0.01304631441617743,0.008741030658838878,0.10084801043705154,0.008088714938030006,0.0006523157208088715,False,True,False,False,False,False,False
720575940618957825,cell_class,AN,7665,400,0.25,0.04,0.01,0.08336594911937378,0.7852576647097195,0.01304631441617743,0.008741030658838878,0.10084801043705154,0.008088714938030006,0.0006523157208088715,True,True,False,False,True,False,False
720575940618957825,cell_class,AN,7665,400,0.25,0.04,0.05,0.08336594911937378,0.7852576647097195,0.01304631441617743,0.008741030658838878,0.10084801043705154,0.008088714938030006,0.0006523157208088715,False,True,False,False,False,False,False
720575940618957825,cell_class,AN,7665,400,0.25,0.04,0.1,0.08336594911937378,0.7852576647097195,0.01304631441617743,0.008741030658838878,0.10084801043705154,0.008088714938030006,0.0006523157208088715,False,False,False,False,False,False,False
720575940618957825,cell_class,AN,7665,400,0.25,0.02,0.01,0.08336594911937378,0.7852576647097195,0.01304631441617743,0.008741030658838878,0.10084801043705154,0.008088714938030006,0.0006523157208088715,False,True,False,False,True,False,False
720575940618957825,cell_class,AN,7665,400,0.25,0.02,0.05,0.08336594911937378,0.7852576647097195,0.01304631441617743,0.008741030658838878,0.10084801043705154,0.008088714938030006,0.0006523157208088715,False,True,False,False,False,False,False
720575940618957825,cell_class,AN,7665,400,0.25,0.02,0.1,0.08336594911937378,0.7852576647097195,0.01304631441617743,0.008741030658838878,0.10084801043705154,0.008088714938030006,0.0006523157208088715,False,False,False,False,False,False,False
720575940618957825,cell_class,AN,7665,400,0.25,0.01,0.01,0.08336594911937378,0.7852576647097195,0.01304631441617743,0.008741030658838878,0.10084801043705154,0.008088714938030006,0.0006523157208088715,False,True,False,False,False,False,False
720575940618957825,cell_class,AN,7665,400,0.25,0.01,0.05,0.08336594911937378,0.7852576647097195,0.01304631441617743,0.008741030658838878,0.10084801043705154,0.008088714938030006,0.0006523157208088715,False,False,False,False,False,False,False
720575940618957825,cell_class,AN,7665,400,0.25,0.01,0.1,0.08336594911937378,0.7852576647097195,0.01304631441617743,0.008741030658838878,0.10084801043705154,0.008088714938030006,0.0006523157208088715,False,False,False,False,False,False,False
720575940646473838,cell_class,AN,3887,400,0.25,0.14285714285714285,0.01,0.005917159763313609,0.9611525598147672,0.005402624131721122,0.0,0.017494211474144584,0.010033444816053512,0.0,False,True,False,,False,False,
720575940646473838,cell_class,AN,3887,400,0.25,0.14285714285714285,0.05,0.005917159763313609,0.9611525598147672,0.005402624131721122,0.0,0.017494211474144584,0.010033444816053512,0.0,False,True,False,,False,False,
720575940646473838,cell_class,AN,3887,400,0.25,0.14285714285714285,0.1,0.005917159763313609,0.9611525598147672,0.005402624131721122,0.0,0.017494211474144584,0.010033444816053512,0.0,False,True,False,,False,False,
720575940646473838,cell_class,AN,3887,400,0.25,0.04,0.01,0.005917159763313609,0.9611525598147672,0.005402624131721122,0.0,0.017494211474144584,0.010033444816053512,0.0,False,True,False,,False,False,
720575940646473838,cell_class,AN,3887,400,0.25,0.04,0.05,0.005917159763313609,0.9611525598147672,0.005402624131721122,0.0,0.017494211474144584,0.010033444816053512,0.0,False,True,False,,False,False,
720575940646473838,cell_class,AN,3887,400,0.25,0.04,0.1,0.005917159763313609,0.9611525598147672,0.005402624131721122,0.0,0.017494211474144584,0.010033444816053512,0.0,False,False,False,,False,False,
720575940646473838,cell_class,AN,3887,400,0.25,0.02,0.01,0.005917159763313609,0.9611525598147672,0.005402624131721122,0.0,0.017494211474144584,0.010033444816053512,0.0,False,True,False,,False,False,
720575940646473838,cell_class,AN,3887,400,0.25,0.02,0.05,0.005917159763313609,0.9611525598147672,0.005402624131721122,0.0,0.017494211474144584,0.010033444816053512,0.0,False,True,False,,False,False,
720575940646473838,cell_class,AN,3887,400,0.25,0.02,0.1,0.005917159763313609,0.9611525598147672,0.005402624131721122,0.0,0.017494211474144584,0.010033444816053512,0.0,False,False,False,,False,False,
720575940646473838,cell_class,AN,3887,400,0.25,0.01,0.01,0.005917159763313609,0.9611525598147672,0.005402624131721122,0.0,0.017494211474144584,0.010033444816053512,0.0,False,True,False,,False,False,
720575940646473838,cell_class,AN,3887,400,0.25,0.01,0.05,0.005917159763313609,0.9611525598147672,0.005402624131721122,0.0,0.017494211474144584,0.010033444816053512,0.0,False,False,False,,False,False,
720575940646473838,cell_class,AN,3887,400,0.25,0.01,0.1,0.005917159763313609,0.9611525598147672,0.005402624131721122,0.0,0.017494211474144584,0.010033444816053512,0.0,False,False,False,,False,False,
720575940629941507,cell_class,AN,682,400,0.25,0.14285714285714285,0.01,0.05571847507331378,0.47947214076246336,0.024926686217008796,0.004398826979472141,0.43548387096774194,0.0,0.0,True,True,True,False,True,,
720575940629941507,cell_class,AN,682,400,0.25,0.14285714285714285,0.05,0.05571847507331378,0.47947214076246336,0.024926686217008796,0.004398826979472141,0.43548387096774194,0.0,0.0,False,True,False,False,True,,
720575940629941507,cell_class,AN,682,400,0.25,0.14285714285714285,0.1,0.05571847507331378,0.47947214076246336,0.024926686217008796,0.004398826979472141,0.43548387096774194,0.0,0.0,False,True,False,False,True,,
720575940629941507,cell_class,AN,682,400,0.25,0.04,0.01,0.05571847507331378,0.47947214076246336,0.024926686217008796,0.004398826979472141,0.43548387096774194,0.0,0.0,True,True,True,False,True,,
720575940629941507,cell_class,AN,682,400,0.25,0.04,0.05,0.05571847507331378,0.47947214076246336,0.024926686217008796,0.004398826979472141,0.43548387096774194,0.0,0.0,False,True,False,False,False,,
720575940629941507,cell_class,AN,682,400,0.25,0.04,0.1,0.05571847507331378,0.47947214076246336,0.024926686217008796,0.004398826979472141,0.43548387096774194,0.0,0.0,False,False,False,False,False,,
720575940629941507,cell_class,AN,682,400,0.25,0.02,0.01,0.05571847507331378,0.47947214076246336,0.024926686217008796,0.004398826979472141,0.43548387096774194,0.0,0.0,True,True,True,False,True,,
720575940629941507,cell_class,AN,682,400,0.25,0.02,0.05,0.05571847507331378,0.47947214076246336,0.024926686217008796,0.004398826979472141,0.43548387096774194,0.0,0.0,False,False,False,False,False,,
720575940629941507,cell_class,AN,682,400,0.25,0.02,0.1,0.05571847507331378,0.47947214076246336,0.024926686217008796,0.004398826979472141,0.43548387096774194,0.0,0.0,False,False,False,False,False,,
720575940629941507,cell_class,AN,682,400,0.25,0.01,0.01,0.05571847507331378,0.47947214076246336,0.024926686217008796,0.004398826979472141,0.43548387096774194,0.0,0.0,False,True,True,False,True,,
720575940629941507,cell_class,AN,682,400,0.25,0.01,0.05,0.05571847507331378,0.47947214076246336,0.024926686217008796,0.004398826979472141,0.43548387096774194,0.0,0.0,False,False,False,False,False,,
720575940629941507,cell_class,AN,682,400,0.25,0.01,0.1,0.05571847507331378,0.47947214076246336,0.024926686217008796,0.004398826979472141,0.43548387096774194,0.0,0.0,False,False,False,False,False,,
720575940621314836,cell_class,AN,1611,400,0.25,0.14285714285714285,0.01,0.008069522036002483,0.9807572936064556,0.00186219739292365,0.0006207324643078833,0.0074487895716946,0.0012414649286157666,0.0,False,True,False,,False,False,
720575940621314836,cell_class,AN,1611,400,0.25,0.14285714285714285,0.05,0.008069522036002483,0.9807572936064556,0.00186219739292365,0.0006207324643078833,0.0074487895716946,0.0012414649286157666,0.0,False,True,False,,False,False,
720575940621314836,cell_class,AN,1611,400,0.25,0.14285714285714285,0.1,0.008069522036002483,0.9807572936064556,0.00186219739292365,0.0006207324643078833,0.0074487895716946,0.0012414649286157666,0.0,False,True,False,,False,False,
720575940621314836,cell_class,AN,1611,400,0.25,0.04,0.01,0.008069522036002483,0.9807572936064556,0.00186219739292365,0.0006207324643078833,0.0074487895716946,0.0012414649286157666,0.0,False,True,False,,False,False,
720575940621314836,cell_class,AN,1611,400,0.25,0.04,0.05,0.008069522036002483,0.9807572936064556,0.00186219739292365,0.0006207324643078833,0.0074487895716946,0.0012414649286157666,0.0,False,True,False,,False,False,
720575940621314836,cell_class,AN,1611,400,0.25,0.04,0.1,0.008069522036002483,0.9807572936064556,0.00186219739292365,0.0006207324643078833,0.0074487895716946,0.0012414649286157666,0.0,False,True,False,,False,False,
720575940621314836,cell_class,AN,1611,400,0.25,0.02,0.01,0.008069522036002483,0.9807572936064556,0.00186219739292365,0.0006207324643078833,0.0074487895716946,0.0012414649286157666,0.0,False,True,False,,False,False,
720575940621314836,cell_class,AN,1611,400,0.25,0.02,0.05,0.008069522036002483,0.9807572936064556,0.00186219739292365,0.0006207324643078833,0.0074487895716946,0.0012414649286157666,0.0,False,True,False,,False,False,
720575940621314836,cell_class,AN,1611,400,0.25,0.02,0.1,0.008069522036002483,0.9807572936064556,0.00186219739292365,0.0006207324643078833,0.0074487895716946,0.0012414649286157666,0.0,False,False,False,,False,False,
720575940621314836,cell_class,AN,1611,400,0.25,0.01,0.01,0.008069522036002483,0.9807572936064556,0.00186219739292365,0.0006207324643078833,0.0074487895716946,0.0012414649286157666,0.0,False,True,False,,False,False,
720575940621314836,cell_class,AN,1611,400,0.25,0.01,0.05,0.008069522036002483,0.9807572936064556,0.00186219739292365,0.0006207324643078833,0.0074487895716946,0.0012414649286157666,0.0,False,False,False,,False,False,
720575940621314836,cell_class,AN,1611,400,0.25,0.01,0.1,0.008069522036002483,0.9807572936064556,0.00186219739292365,0.0006207324643078833,0.0074487895716946,0.0012414649286157666,0.0,False,False,False,,False,False,
720575940621318420,cell_class,AN,973,400,0.25,0.14285714285714285,0.01,0.01644398766700925,0.6217882836587872,0.0421377183967112,0.0020554984583761563,0.3001027749229188,0.01644398766700925,0.0010277492291880781,False,True,True,False,True,False,
720575940621318420,cell_class,AN,973,400,0.25,0.14285714285714285,0.05,0.01644398766700925,0.6217882836587872,0.0421377183967112,0.0020554984583761563,0.3001027749229188,0.01644398766700925,0.0010277492291880781,False,True,False,False,True,False,
720575940621318420,cell_class,AN,973,400,0.25,0.14285714285714285,0.1,0.01644398766700925,0.6217882836587872,0.0421377183967112,0.0020554984583761563,0.3001027749229188,0.01644398766700925,0.0010277492291880781,False,True,False,False,True,False,
720575940621318420,cell_class,AN,973,400,0.25,0.04,0.01,0.01644398766700925,0.6217882836587872,0.0421377183967112,0.0020554984583761563,0.3001027749229188,0.01644398766700925,0.0010277492291880781,False,True,True,False,True,False,
720575940621318420,cell_class,AN,973,400,0.25,0.04,0.05,0.01644398766700925,0.6217882836587872,0.0421377183967112,0.0020554984583761563,0.3001027749229188,0.01644398766700925,0.0010277492291880781,False,True,False,False,False,False,
720575940621318420,cell_class,AN,973,400,0.25,0.04,0.1,0.01644398766700925,0.6217882836587872,0.0421377183967112,0.0020554984583761563,0.3001027749229188,0.01644398766700925,0.0010277492291880781,False,True,False,False,False,False,
720575940621318420,cell_class,AN,973,400,0.25,0.02,0.01,0.01644398766700925,0.6217882836587872,0.0421377183967112,0.0020554984583761563,0.3001027749229188,0.01644398766700925,0.0010277492291880781,False,True,True,False,True,False,
720575940621318420,cell_class,AN,973,400,0.25,0.02,0.05,0.01644398766700925,0.6217882836587872,0.0421377183967112,0.0020554984583761563,0.3001027749229188,0.01644398766700925,0.0010277492291880781,False,True,False,False,False,False,
720575940621318420,cell_class,AN,973,400,0.25,0.02,0.1,0.01644398766700925,0.6217882836587872,0.0421377183967112,0.0020554984583761563,0.3001027749229188,0.01644398766700925,0.0010277492291880781,False,False,False,False,False,False,
720575940621318420,cell_class,AN,973,400,0.25,0.01,0.01,0.01644398766700925,0.6217882836587872,0.0421377183967112,0.0020554984583761563,0.3001027749229188,0.01644398766700925,0.0010277492291880781,False,True,True,False,True,False,
720575940621318420,cell_class,AN,973,400,0.25,0.01,0.05,0.01644398766700925,0.6217882836587872,0.0421377183967112,0.0020554984583761563,0.3001027749229188,0.01644398766700925,0.0010277492291880781,False,False,False,False,False,False,
720575940621318420,cell_class,AN,973,400,0.25,0.01,0.1,0.01644398766700925,0.6217882836587872,0.0421377183967112,0.0020554984583761563,0.3001027749229188,0.01644398766700925,0.0010277492291880781,False,False,False,False,False,False,
720575940622002086,cell_class,AN,2349,400,0.25,0.14285714285714285,0.01,0.007662835249042145,0.7871434653043848,0.033205619412515965,0.0017028522775649213,0.16773094934014474,0.0021285653469561515,0.0004257130693912303,False,True,True,False,True,False,
720575940622002086,cell_class,AN,2349,400,0.25,0.14285714285714285,0.05,0.007662835249042145,0.7871434653043848,0.033205619412515965,0.0017028522775649213,0.16773094934014474,0.0021285653469561515,0.0004257130693912303,False,True,False,False,False,False,
720575940622002086,cell_class,AN,2349,400,0.25,0.14285714285714285,0.1,0.007662835249042145,0.7871434653043848,0.033205619412515965,0.0017028522775649213,0.16773094934014474,0.0021285653469561515,0.0004257130693912303,False,True,False,False,False,False,
720575940622002086,cell_class,AN,2349,400,0.25,0.04,0.01,0.007662835249042145,0.7871434653043848,0.033205619412515965,0.0017028522775649213,0.16773094934014474,0.0021285653469561515,0.0004257130693912303,False,True,False,False,True,False,
720575940622002086,cell_class,AN,2349,400,0.25,0.04,0.05,0.007662835249042145,0.7871434653043848,0.033205619412515965,0.0017028522775649213,0.16773094934014474,0.0021285653469561515,0.0004257130693912303,False,True,False,False,False,False,
720575940622002086,cell_class,AN,2349,400,0.25,0.04,0.1,0.007662835249042145,0.7871434653043848,0.033205619412515965,0.0017028522775649213,0.16773094934014474,0.0021285653469561515,0.0004257130693912303,False,True,False,False,False,False,
720575940622002086,cell_class,AN,2349,400,0.25,0.02,0.01,0.007662835249042145,0.7871434653043848,0.033205619412515965,0.0017028522775649213,0.16773094934014474,0.0021285653469561515,0.0004257130693912303,False,True,False,False,True,False,
720575940622002086,cell_class,AN,2349,400,0.25,0.02,0.05,0.007662835249042145,0.7871434653043848,0.033205619412515965,0.0017028522775649213,0.16773094934014474,0.0021285653469561515,0.0004257130693912303,False,True,False,False,False,False,
720575940622002086,cell_class,AN,2349,400,0.25,0.02,0.1,0.007662835249042145,0.7871434653043848,0.033205619412515965,0.0017028522775649213,0.16773094934014474,0.0021285653469561515,0.0004257130693912303,False,False,False,False,False,False,
720575940622002086,cell_class,AN,2349,400,0.25,0.01,0.01,0.007662835249042145,0.7871434653043848,0.033205619412515965,0.0017028522775649213,0.16773094934014474,0.0021285653469561515,0.0004257130693912303,False,True,False,False,False,False,
720575940622002086,cell_class,AN,2349,400,0.25,0.01,0.05,0.007662835249042145,0.7871434653043848,0.033205619412515965,0.0017028522775649213,0.16773094934014474,0.0021285653469561515,0.0004257130693912303,False,True,False,False,False,False,
720575940622002086,cell_class,AN,2349,400,0.25,0.01,0.1,0.007662835249042145,0.7871434653043848,0.033205619412515965,0.0017028522775649213,0.16773094934014474,0.0021285653469561515,0.0004257130693912303,False,False,False,False,False,False,
720575940631530348,cell_class,AN,1552,400,0.25,0.14285714285714285,0.01,0.03350515463917526,0.04768041237113402,0.06056701030927835,0.13659793814432988,0.6501288659793815,0.06894329896907217,0.002577319587628866,True,True,True,True,True,True,False
720575940631530348,cell_class,AN,1552,400,0.25,0.14285714285714285,0.05,0.03350515463917526,0.04768041237113402,0.06056701030927835,0.13659793814432988,0.6501288659793815,0.06894329896907217,0.002577319587628866,False,False,False,True,True,False,False
720575940631530348,cell_class,AN,1552,400,0.25,0.14285714285714285,0.1,0.03350515463917526,0.04768041237113402,0.06056701030927835,0.13659793814432988,0.6501288659793815,0.06894329896907217,0.002577319587628866,False,False,False,True,True,False,False
720575940631530348,cell_class,AN,1552,400,0.25,0.04,0.01,0.03350515463917526,0.04768041237113402,0.06056701030927835,0.13659793814432988,0.6501288659793815,0.06894329896907217,0.002577319587628866,True,False,True,True,True,True,False
720575940631530348,cell_class,AN,1552,400,0.25,0.04,0.05,0.03350515463917526,0.04768041237113402,0.06056701030927835,0.13659793814432988,0.6501288659793815,0.06894329896907217,0.002577319587628866,False,False,False,True,True,False,False
720575940631530348,cell_class,AN,1552,400,0.25,0.04,0.1,0.03350515463917526,0.04768041237113402,0.06056701030927835,0.13659793814432988,0.6501288659793815,0.06894329896907217,0.002577319587628866,False,False,False,False,True,False,False
720575940631530348,cell_class,AN,1552,400,0.25,0.02,0.01,0.03350515463917526,0.04768041237113402,0.06056701030927835,0.13659793814432988,0.6501288659793815,0.06894329896907217,0.002577319587628866,False,False,False,True,True,False,False
720575940631530348,cell_class,AN,1552,400,0.25,0.02,0.05,0.03350515463917526,0.04768041237113402,0.06056701030927835,0.13659793814432988,0.6501288659793815,0.06894329896907217,0.002577319587628866,False,False,False,False,True,False,False
720575940631530348,cell_class,AN,1552,400,0.25,0.02,0.1,0.03350515463917526,0.04768041237113402,0.06056701030927835,0.13659793814432988,0.6501288659793815,0.06894329896907217,0.002577319587628866,False,False,False,False,True,False,False
720575940631530348,cell_class,AN,1552,400,0.25,0.01,0.01,0.03350515463917526,0.04768041237113402,0.06056701030927835,0.13659793814432988,0.6501288659793815,0.06894329896907217,0.002577319587628866,False,False,False,True,True,False,False
720575940631530348,cell_class,AN,1552,400,0.25,0.01,0.05,0.03350515463917526,0.04768041237113402,0.06056701030927835,0.13659793814432988,0.6501288659793815,0.06894329896907217,0.002577319587628866,False,False,False,False,False,False,False
720575940631530348,cell_class,AN,1552,400,0.25,0.01,0.1,0.03350515463917526,0.04768041237113402,0.06056701030927835,0.13659793814432988,0.6501288659793815,0.06894329896907217,0.002577319587628866,False,False,False,False,False,False,False
720575940633142831,cell_class,AN,3058,400,0.25,0.14285714285714285,0.01,0.5091563113145847,0.3136036625245258,0.1461739699149771,0.0068672334859385216,0.021255722694571617,0.0029431000654022237,0.0,True,True,True,False,False,False,
720575940633142831,cell_class,AN,3058,400,0.25,0.14285714285714285,0.05,0.5091563113145847,0.3136036625245258,0.1461739699149771,0.0068672334859385216,0.021255722694571617,0.0029431000654022237,0.0,True,True,False,False,False,False,
720575940633142831,cell_class,AN,3058,400,0.25,0.14285714285714285,0.1,0.5091563113145847,0.3136036625245258,0.1461739699149771,0.0068672334859385216,0.021255722694571617,0.0029431000654022237,0.0,True,True,False,False,False,False,
720575940633142831,cell_class,AN,3058,400,0.25,0.04,0.01,0.5091563113145847,0.3136036625245258,0.1461739699149771,0.0068672334859385216,0.021255722694571617,0.0029431000654022237,0.0,True,True,True,False,False,False,
720575940633142831,cell_class,AN,3058,400,0.25,0.04,0.05,0.5091563113145847,0.3136036625245258,0.1461739699149771,0.0068672334859385216,0.021255722694571617,0.0029431000654022237,0.0,True,False,False,False,False,False,
720575940633142831,cell_class,AN,3058,400,0.25,0.04,0.1,0.5091563113145847,0.3136036625245258,0.1461739699149771,0.0068672334859385216,0.021255722694571617,0.0029431000654022237,0.0,False,False,False,False,False,False,
720575940633142831,cell_class,AN,3058,400,0.25,0.02,0.01,0.5091563113145847,0.3136036625245258,0.1461739699149771,0.0068672334859385216,0.021255722694571617,0.0029431000654022237,0.0,True,True,True,False,False,False,
720575940633142831,cell_class,AN,3058,400,0.25,0.02,0.05,0.5091563113145847,0.3136036625245258,0.1461739699149771,0.0068672334859385216,0.021255722694571617,0.0029431000654022237,0.0,False,False,False,False,False,False,
720575940633142831,cell_class,AN,3058,400,0.25,0.02,0.1,0.5091563113145847,0.3136036625245258,0.1461739699149771,0.0068672334859385216,0.021255722694571617,0.0029431000654022237,0.0,False,False,False,False,False,False,
720575940633142831,cell_class,AN,3058,400,0.25,0.01,0.01,0.5091563113145847,0.3136036625245258,0.1461739699149771,0.0068672334859385216,0.021255722694571617,0.0029431000654022237,0.0,True,True,True,False,False,False,
720575940633142831,cell_class,AN,3058,400,0.25,0.01,0.05,0.5091563113145847,0.3136036625245258,0.1461739699149771,0.0068672334859385216,0.021255722694571617,0.0029431000654022237,0.0,False,False,False,False,False,False,
720575940633142831,cell_class,AN,3058,400,0.25,0.01,0.1,0.5091563113145847,0.3136036625245258,0.1461739699149771,0.0068672334859385216,0.021255722694571617,0.0029431000654022237,0.0,False,False,False,False,False,False,
720575940623195725,cell_class,AN,1885,400,0.25,0.14285714285714285,0.01,0.0493368700265252,0.8249336870026526,0.042440318302387266,0.016445623342175066,0.0636604774535809,0.0015915119363395225,0.0015915119363395225,True,True,True,True,True,False,False
720575940623195725,cell_class,AN,1885,400,0.25,0.14285714285714285,0.05,0.0493368700265252,0.8249336870026526,0.042440318302387266,0.016445623342175066,0.0636604774535809,0.0015915119363395225,0.0015915119363395225,False,True,False,False,False,False,False
720575940623195725,cell_class,AN,1885,400,0.25,0.14285714285714285,0.1,0.0493368700265252,0.8249336870026526,0.042440318302387266,0.016445623342175066,0.0636604774535809,0.0015915119363395225,0.0015915119363395225,False,True,False,False,False,False,False
720575940623195725,cell_class,AN,1885,400,0.25,0.04,0.01,0.0493368700265252,0.8249336870026526,0.042440318302387266,0.016445623342175066,0.0636604774535809,0.0015915119363395225,0.0015915119363395225,True,True,True,False,False,False,False
720575940623195725,cell_class,AN,1885,400,0.25,0.04,0.05,0.0493368700265252,0.8249336870026526,0.042440318302387266,0.016445623342175066,0.0636604774535809,0.0015915119363395225,0.0015915119363395225,False,True,False,False,False,False,False
720575940623195725,cell_class,AN,1885,400,0.25,0.04,0.1,0.0493368700265252,0.8249336870026526,0.042440318302387266,0.016445623342175066,0.0636604774535809,0.0015915119363395225,0.0015915119363395225,False,False,False,False,False,False,False
720575940623195725,cell_class,AN,1885,400,0.25,0.02,0.01,0.0493368700265252,0.8249336870026526,0.042440318302387266,0.016445623342175066,0.0636604774535809,0.0015915119363395225,0.0015915119363395225,True,True,True,False,False,False,False
720575940623195725,cell_class,AN,1885,400,0.25,0.02,0.05,0.0493368700265252,0.8249336870026526,0.042440318302387266,0.016445623342175066,0.0636604774535809,0.0015915119363395225,0.0015915119363395225,False,True,False,False,False,False,False
720575940623195725,cell_class,AN,1885,400,0.25,0.02,0.1,0.0493368700265252,0.8249336870026526,0.042440318302387266,0.016445623342175066,0.0636604774535809,0.0015915119363395225,0.0015915119363395225,False,False,False,False,False,False,False
720575940623195725,cell_class,AN,1885,400,0.25,0.01,0.01,0.0493368700265252,0.8249336870026526,0.042440318302387266,0.016445623342175066,0.0636604774535809,0.0015915119363395225,0.0015915119363395225,False,True,True,False,False,False,False
720575940623195725,cell_class,AN,1885,400,0.25,0.01,0.05,0.0493368700265252,0.8249336870026526,0.042440318302387266,0.016445623342175066,0.0636604774535809,0.0015915119363395225,0.0015915119363395225,False,False,False,False,False,False,False
720575940623195725,cell_class,AN,1885,400,0.25,0.01,0.1,0.0493368700265252,0.8249336870026526,0.042440318302387266,0.016445623342175066,0.0636604774535809,0.0015915119363395225,0.0015915119363395225,False,False,False,False,False,False,False
720575940638985050,cell_class,AN,2811,400,0.25,0.14285714285714285,0.01,0.002845962290999644,0.9025257915332622,0.029171113482746355,0.0003557452863749555,0.0384204909284952,0.026680896478121666,0.0,False,True,True,,True,True,
720575940638985050,cell_class,AN,2811,400,0.25,0.14285714285714285,0.05,0.002845962290999644,0.9025257915332622,0.029171113482746355,0.0003557452863749555,0.0384204909284952,0.026680896478121666,0.0,False,True,False,,False,False,
720575940638985050,cell_class,AN,2811,400,0.25,0.14285714285714285,0.1,0.002845962290999644,0.9025257915332622,0.029171113482746355,0.0003557452863749555,0.0384204909284952,0.026680896478121666,0.0,False,True,False,,False,False,
720575940638985050,cell_class,AN,2811,400,0.25,0.04,0.01,0.002845962290999644,0.9025257915332622,0.029171113482746355,0.0003557452863749555,0.0384204909284952,0.026680896478121666,0.0,False,True,False,,False,False,
720575940638985050,cell_class,AN,2811,400,0.25,0.04,0.05,0.002845962290999644,0.9025257915332622,0.029171113482746355,0.0003557452863749555,0.0384204909284952,0.026680896478121666,0.0,False,True,False,,False,False,
720575940638985050,cell_class,AN,2811,400,0.25,0.04,0.1,0.002845962290999644,0.9025257915332622,0.029171113482746355,0.0003557452863749555,0.0384204909284952,0.026680896478121666,0.0,False,True,False,,False,False,
720575940638985050,cell_class,AN,2811,400,0.25,0.02,0.01,0.002845962290999644,0.9025257915332622,0.029171113482746355,0.0003557452863749555,0.0384204909284952,0.026680896478121666,0.0,False,True,False,,False,False,
720575940638985050,cell_class,AN,2811,400,0.25,0.02,0.05,0.002845962290999644,0.9025257915332622,0.029171113482746355,0.0003557452863749555,0.0384204909284952,0.026680896478121666,0.0,False,True,False,,False,False,
720575940638985050,cell_class,AN,2811,400,0.25,0.02,0.1,0.002845962290999644,0.9025257915332622,0.029171113482746355,0.0003557452863749555,0.0384204909284952,0.026680896478121666,0.0,False,False,False,,False,False,
720575940638985050,cell_class,AN,2811,400,0.25,0.01,0.01,0.002845962290999644,0.9025257915332622,0.029171113482746355,0.0003557452863749555,0.0384204909284952,0.026680896478121666,0.0,False,True,False,,False,False,
720575940638985050,cell_class,AN,2811,400,0.25,0.01,0.05,0.002845962290999644,0.9025257915332622,0.029171113482746355,0.0003557452863749555,0.0384204909284952,0.026680896478121666,0.0,False,False,False,,False,False,
720575940638985050,cell_class,AN,2811,400,0.25,0.01,0.1,0.002845962290999644,0.9025257915332622,0.029171113482746355,0.0003557452863749555,0.0384204909284952,0.026680896478121666,0.0,False,False,False,,False,False,
720575940624448138,cell_class,AN,6480,400,0.25,0.14285714285714285,0.01,0.006944444444444444,0.9760802469135802,0.002777777777777778,0.001388888888888889,0.004629629629629629,0.008179012345679013,0.0,False,True,False,False,False,False,
720575940624448138,cell_class,AN,6480,400,0.25,0.14285714285714285,0.05,0.006944444444444444,0.9760802469135802,0.002777777777777778,0.001388888888888889,0.004629629629629629,0.008179012345679013,0.0,False,True,False,False,False,False,
720575940624448138,cell_class,AN,6480,400,0.25,0.14285714285714285,0.1,0.006944444444444444,0.9760802469135802,0.002777777777777778,0.001388888888888889,0.004629629629629629,0.008179012345679013,0.0,False,True,False,False,False,False,
720575940624448138,cell_class,AN,6480,400,0.25,0.04,0.01,0.006944444444444444,0.9760802469135802,0.002777777777777778,0.001388888888888889,0.004629629629629629,0.008179012345679013,0.0,False,True,False,False,False,False,
720575940624448138,cell_class,AN,6480,400,0.25,0.04,0.05,0.006944444444444444,0.9760802469135802,0.002777777777777778,0.001388888888888889,0.004629629629629629,0.008179012345679013,0.0,False,True,False,False,False,False,
720575940624448138,cell_class,AN,6480,400,0.25,0.04,0.1,0.006944444444444444,0.9760802469135802,0.002777777777777778,0.001388888888888889,0.004629629629629629,0.008179012345679013,0.0,False,True,False,False,False,False,
720575940624448138,cell_class,AN,6480,400,0.25,0.02,0.01,0.006944444444444444,0.9760802469135802,0.002777777777777778,0.001388888888888889,0.004629629629629629,0.008179012345679013,0.0,False,True,False,False,False,False,
720575940624448138,cell_class,AN,6480,400,0.25,0.02,0.05,0.006944444444444444,0.9760802469135802,0.002777777777777778,0.001388888888888889,0.004629629629629629,0.008179012345679013,0.0,False,True,False,False,False,False,
720575940624448138,cell_class,AN,6480,400,0.25,0.02,0.1,0.006944444444444444,0.9760802469135802,0.002777777777777778,0.001388888888888889,0.004629629629629629,0.008179012345679013,0.0,False,False,False,False,False,False,
720575940624448138,cell_class,AN,6480,400,0.25,0.01,0.01,0.006944444444444444,0.9760802469135802,0.002777777777777778,0.001388888888888889,0.004629629629629629,0.008179012345679013,0.0,False,True,False,False,False,False,
720575940624448138,cell_class,AN,6480,400,0.25,0.01,0.05,0.006944444444444444,0.9760802469135802,0.002777777777777778,0.001388888888888889,0.004629629629629629,0.008179012345679013,0.0,False,False,False,False,False,False,
720575940624448138,cell_class,AN,6480,400,0.25,0.01,0.1,0.006944444444444444,0.9760802469135802,0.002777777777777778,0.001388888888888889,0.004629629629629629,0.008179012345679013,0.0,False,False,False,False,False,False,
720575940632381970,cell_class,AN,4582,400,0.25,0.14285714285714285,0.01,0.0189873417721519,0.8926233085988651,0.029463116542994324,0.0015277171540811873,0.04975993016150153,0.007638585770405936,0.0,False,True,True,False,True,False,
720575940632381970,cell_class,AN,4582,400,0.25,0.14285714285714285,0.05,0.0189873417721519,0.8926233085988651,0.029463116542994324,0.0015277171540811873,0.04975993016150153,0.007638585770405936,0.0,False,True,False,False,False,False,
720575940632381970,cell_class,AN,4582,400,0.25,0.14285714285714285,0.1,0.0189873417721519,0.8926233085988651,0.029463116542994324,0.0015277171540811873,0.04975993016150153,0.007638585770405936,0.0,False,True,False,False,False,False,
720575940632381970,cell_class,AN,4582,400,0.25,0.04,0.01,0.0189873417721519,0.8926233085988651,0.029463116542994324,0.0015277171540811873,0.04975993016150153,0.007638585770405936,0.0,False,True,False,False,False,False,
720575940632381970,cell_class,AN,4582,400,0.25,0.04,0.05,0.0189873417721519,0.8926233085988651,0.029463116542994324,0.0015277171540811873,0.04975993016150153,0.007638585770405936,0.0,False,True,False,False,False,False,
720575940632381970,cell_class,AN,4582,400,0.25,0.04,0.1,0.0189873417721519,0.8926233085988651,0.029463116542994324,0.0015277171540811873,0.04975993016150153,0.007638585770405936,0.0,False,True,False,False,False,False,
720575940632381970,cell_class,AN,4582,400,0.25,0.02,0.01,0.0189873417721519,0.8926233085988651,0.029463116542994324,0.0015277171540811873,0.04975993016150153,0.007638585770405936,0.0,False,True,False,False,False,False,
720575940632381970,cell_class,AN,4582,400,0.25,0.02,0.05,0.0189873417721519,0.8926233085988651,0.029463116542994324,0.0015277171540811873,0.04975993016150153,0.007638585770405936,0.0,False,True,False,False,False,False,
720575940632381970,cell_class,AN,4582,400,0.25,0.02,0.1,0.0189873417721519,0.8926233085988651,0.029463116542994324,0.0015277171540811873,0.04975993016150153,0.007638585770405936,0.0,False,False,False,False,False,False,
720575940632381970,cell_class,AN,4582,400,0.25,0.01,0.01,0.0189873417721519,0.8926233085988651,0.029463116542994324,0.0015277171540811873,0.04975993016150153,0.007638585770405936,0.0,False,True,False,False,False,False,
720575940632381970,cell_class,AN,4582,400,0.25,0.01,0.05,0.0189873417721519,0.8926233085988651,0.029463116542994324,0.0015277171540811873,0.04975993016150153,0.007638585770405936,0.0,False,False,False,False,False,False,
720575940632381970,cell_class,AN,4582,400,0.25,0.01,0.1,0.0189873417721519,0.8926233085988651,0.029463116542994324,0.0015277171540811873,0.04975993016150153,0.007638585770405936,0.0,False,False,False,False,False,False,
720575940632996920,cell_class,AN,4749,400,0.25,0.14285714285714285,0.01,0.03895556959359865,0.7799536744577806,0.021899347230996,0.004211412929037693,0.11054958938723942,0.044009265108443885,0.0004211412929037692,True,True,True,False,True,True,False
720575940632996920,cell_class,AN,4749,400,0.25,0.14285714285714285,0.05,0.03895556959359865,0.7799536744577806,0.021899347230996,0.004211412929037693,0.11054958938723942,0.044009265108443885,0.0004211412929037692,False,True,False,False,True,False,False
720575940632996920,cell_class,AN,4749,400,0.25,0.14285714285714285,0.1,0.03895556959359865,0.7799536744577806,0.021899347230996,0.004211412929037693,0.11054958938723942,0.044009265108443885,0.0004211412929037692,False,True,False,False,False,False,False
720575940632996920,cell_class,AN,4749,400,0.25,0.04,0.01,0.03895556959359865,0.7799536744577806,0.021899347230996,0.004211412929037693,0.11054958938723942,0.044009265108443885,0.0004211412929037692,False,True,False,False,True,False,False
720575940632996920,cell_class,AN,4749,400,0.25,0.04,0.05,0.03895556959359865,0.7799536744577806,0.021899347230996,0.004211412929037693,0.11054958938723942,0.044009265108443885,0.0004211412929037692,False,True,False,False,False,False,False
720575940632996920,cell_class,AN,4749,400,0.25,0.04,0.1,0.03895556959359865,0.7799536744577806,0.021899347230996,0.004211412929037693,0.11054958938723942,0.044009265108443885,0.0004211412929037692,False,True,False,False,False,False,False
720575940632996920,cell_class,AN,4749,400,0.25,0.02,0.01,0.03895556959359865,0.7799536744577806,0.021899347230996,0.004211412929037693,0.11054958938723942,0.044009265108443885,0.0004211412929037692,False,True,False,False,False,False,False
720575940632996920,cell_class,AN,4749,400,0.25,0.02,0.05,0.03895556959359865,0.7799536744577806,0.021899347230996,0.004211412929037693,0.11054958938723942,0.044009265108443885,0.0004211412929037692,False,True,False,False,False,False,False
720575940632996920,cell_class,AN,4749,400,0.25,0.02,0.1,0.03895556959359865,0.7799536744577806,0.021899347230996,0.004211412929037693,0.11054958938723942,0.044009265108443885,0.0004211412929037692,False,False,False,False,False,False,False
720575940632996920,cell_class,AN,4749,400,0.25,0.01,0.01,0.03895556959359865,0.7799536744577806,0.021899347230996,0.004211412929037693,0.11054958938723942,0.044009265108443885,0.0004211412929037692,False,True,False,False,False,False,False
720575940632996920,cell_class,AN,4749,400,0.25,0.01,0.05,0.03895556959359865,0.7799536744577806,0.021899347230996,0.004211412929037693,0.11054958938723942,0.044009265108443885,0.0004211412929037692,False,False,False,False,False,False,False
720575940632996920,cell_class,AN,4749,400,0.25,0.01,0.1,0.03895556959359865,0.7799536744577806,0.021899347230996,0.004211412929037693,0.11054958938723942,0.044009265108443885,0.0004211412929037692,False,False,False,False,False,False,False
720575940613403378,cell_class,AN,4581,400,0.25,0.14285714285714285,0.01,0.012442698100851343,0.8936913337699193,0.012442698100851343,0.004147566033617114,0.07400130975769482,0.0028378083387906572,0.0004365858982754857,False,True,False,False,True,False,False
720575940613403378,cell_class,AN,4581,400,0.25,0.14285714285714285,0.05,0.012442698100851343,0.8936913337699193,0.012442698100851343,0.004147566033617114,0.07400130975769482,0.0028378083387906572,0.0004365858982754857,False,True,False,False,False,False,False
720575940613403378,cell_class,AN,4581,400,0.25,0.14285714285714285,0.1,0.012442698100851343,0.8936913337699193,0.012442698100851343,0.004147566033617114,0.07400130975769482,0.0028378083387906572,0.0004365858982754857,False,True,False,False,False,False,False
720575940613403378,cell_class,AN,4581,400,0.25,0.04,0.01,0.012442698100851343,0.8936913337699193,0.012442698100851343,0.004147566033617114,0.07400130975769482,0.0028378083387906572,0.0004365858982754857,False,True,False,False,False,False,False
720575940613403378,cell_class,AN,4581,400,0.25,0.04,0.05,0.012442698100851343,0.8936913337699193,0.012442698100851343,0.004147566033617114,0.07400130975769482,0.0028378083387906572,0.0004365858982754857,False,True,False,False,False,False,False
720575940613403378,cell_class,AN,4581,400,0.25,0.04,0.1,0.012442698100851343,0.8936913337699193,0.012442698100851343,0.004147566033617114,0.07400130975769482,0.0028378083387906572,0.0004365858982754857,False,True,False,False,False,False,False
720575940613403378,cell_class,AN,4581,400,0.25,0.02,0.01,0.012442698100851343,0.8936913337699193,0.012442698100851343,0.004147566033617114,0.07400130975769482,0.0028378083387906572,0.0004365858982754857,False,True,False,False,False,False,False
720575940613403378,cell_class,AN,4581,400,0.25,0.02,0.05,0.012442698100851343,0.8936913337699193,0.012442698100851343,0.004147566033617114,0.07400130975769482,0.0028378083387906572,0.0004365858982754857,False,True,False,False,False,False,False
720575940613403378,cell_class,AN,4581,400,0.25,0.02,0.1,0.012442698100851343,0.8936913337699193,0.012442698100851343,0.004147566033617114,0.07400130975769482,0.0028378083387906572,0.0004365858982754857,False,False,False,False,False,False,False
720575940613403378,cell_class,AN,4581,400,0.25,0.01,0.01,0.012442698100851343,0.8936913337699193,0.012442698100851343,0.004147566033617114,0.07400130975769482,0.0028378083387906572,0.0004365858982754857,False,True,False,False,False,False,False
720575940613403378,cell_class,AN,4581,400,0.25,0.01,0.05,0.012442698100851343,0.8936913337699193,0.012442698100851343,0.004147566033617114,0.07400130975769482,0.0028378083387906572,0.0004365858982754857,False,False,False,False,False,False,False
720575940613403378,cell_class,AN,4581,400,0.25,0.01,0.1,0.012442698100851343,0.8936913337699193,0.012442698100851343,0.004147566033617114,0.07400130975769482,0.0028378083387906572,0.0004365858982754857,False,False,False,False,False,False,False
720575940613261810,cell_class,AN,7166,400,0.25,0.14285714285714285,0.01,0.017024839519955346,0.8675690761931343,0.026234998604521352,0.0011163829193413341,0.06335473067262071,0.024560424225509348,0.00013954786491766677,False,True,True,False,True,True,
720575940613261810,cell_class,AN,7166,400,0.25,0.14285714285714285,0.05,0.017024839519955346,0.8675690761931343,0.026234998604521352,0.0011163829193413341,0.06335473067262071,0.024560424225509348,0.00013954786491766677,False,True,False,False,False,False,
720575940613261810,cell_class,AN,7166,400,0.25,0.14285714285714285,0.1,0.017024839519955346,0.8675690761931343,0.026234998604521352,0.0011163829193413341,0.06335473067262071,0.024560424225509348,0.00013954786491766677,False,True,False,False,False,False,
720575940613261810,cell_class,AN,7166,400,0.25,0.04,0.01,0.017024839519955346,0.8675690761931343,0.026234998604521352,0.0011163829193413341,0.06335473067262071,0.024560424225509348,0.00013954786491766677,False,True,False,False,False,False,
720575940613261810,cell_class,AN,7166,400,0.25,0.04,0.05,0.017024839519955346,0.8675690761931343,0.026234998604521352,0.0011163829193413341,0.06335473067262071,0.024560424225509348,0.00013954786491766677,False,True,False,False,False,False,
720575940613261810,cell_class,AN,7166,400,0.25,0.04,0.1,0.017024839519955346,0.8675690761931343,0.026234998604521352,0.0011163829193413341,0.06335473067262071,0.024560424225509348,0.00013954786491766677,False,True,False,False,False,False,
720575940613261810,cell_class,AN,7166,400,0.25,0.02,0.01,0.017024839519955346,0.8675690761931343,0.026234998604521352,0.0011163829193413341,0.06335473067262071,0.024560424225509348,0.00013954786491766677,False,True,False,False,False,False,
720575940613261810,cell_class,AN,7166,400,0.25,0.02,0.05,0.017024839519955346,0.8675690761931343,0.026234998604521352,0.0011163829193413341,0.06335473067262071,0.024560424225509348,0.00013954786491766677,False,True,False,False,False,False,
720575940613261810,cell_class,AN,7166,400,0.25,0.02,0.1,0.017024839519955346,0.8675690761931343,0.026234998604521352,0.0011163829193413341,0.06335473067262071,0.024560424225509348,0.00013954786491766677,False,False,False,False,False,False,
720575940613261810,cell_class,AN,7166,400,0.25,0.01,0.01,0.017024839519955346,0.8675690761931343,0.026234998604521352,0.0011163829193413341,0.06335473067262071,0.024560424225509348,0.00013954786491766677,False,True,False,False,False,False,
720575940613261810,cell_class,AN,7166,400,0.25,0.01,0.05,0.017024839519955346,0.8675690761931343,0.026234998604521352,0.0011163829193413341,0.06335473067262071,0.024560424225509348,0.00013954786491766677,False,False,False,False,False,False,
720575940613261810,cell_class,AN,7166,400,0.25,0.01,0.1,0.017024839519955346,0.8675690761931343,0.026234998604521352,0.0011163829193413341,0.06335473067262071,0.024560424225509348,0.00013954786491766677,False,False,False,False,False,False,
720575940613608089,cell_class,AN,1252,400,0.25,0.14285714285714285,0.01,0.0007987220447284345,0.9033546325878594,0.003194888178913738,0.04552715654952077,0.034345047923322686,0.012779552715654952,0.0,,True,False,True,True,False,
720575940613608089,cell_class,AN,1252,400,0.25,0.14285714285714285,0.05,0.0007987220447284345,0.9033546325878594,0.003194888178913738,0.04552715654952077,0.034345047923322686,0.012779552715654952,0.0,,True,False,False,False,False,
720575940613608089,cell_class,AN,1252,400,0.25,0.14285714285714285,0.1,0.0007987220447284345,0.9033546325878594,0.003194888178913738,0.04552715654952077,0.034345047923322686,0.012779552715654952,0.0,,True,False,False,False,False,
720575940613608089,cell_class,AN,1252,400,0.25,0.04,0.01,0.0007987220447284345,0.9033546325878594,0.003194888178913738,0.04552715654952077,0.034345047923322686,0.012779552715654952,0.0,,True,False,False,False,False,
720575940613608089,cell_class,AN,1252,400,0.25,0.04,0.05,0.0007987220447284345,0.9033546325878594,0.003194888178913738,0.04552715654952077,0.034345047923322686,0.012779552715654952,0.0,,True,False,False,False,False,
720575940613608089,cell_class,AN,1252,400,0.25,0.04,0.1,0.0007987220447284345,0.9033546325878594,0.003194888178913738,0.04552715654952077,0.034345047923322686,0.012779552715654952,0.0,,True,False,False,False,False,
720575940613608089,cell_class,AN,1252,400,0.25,0.02,0.01,0.0007987220447284345,0.9033546325878594,0.003194888178913738,0.04552715654952077,0.034345047923322686,0.012779552715654952,0.0,,True,False,False,False,False,
720575940613608089,cell_class,AN,1252,400,0.25,0.02,0.05,0.0007987220447284345,0.9033546325878594,0.003194888178913738,0.04552715654952077,0.034345047923322686,0.012779552715654952,0.0,,True,False,False,False,False,
720575940613608089,cell_class,AN,1252,400,0.25,0.02,0.1,0.0007987220447284345,0.9033546325878594,0.003194888178913738,0.04552715654952077,0.034345047923322686,0.012779552715654952,0.0,,False,False,False,False,False,
720575940613608089,cell_class,AN,1252,400,0.25,0.01,0.01,0.0007987220447284345,0.9033546325878594,0.003194888178913738,0.04552715654952077,0.034345047923322686,0.012779552715654952,0.0,,True,False,False,False,False,
720575940613608089,cell_class,AN,1252,400,0.25,0.01,0.05,0.0007987220447284345,0.9033546325878594,0.003194888178913738,0.04552715654952077,0.034345047923322686,0.012779552715654952,0.0,,True,False,False,False,False,
720575940613608089,cell_class,AN,1252,400,0.25,0.01,0.1,0.0007987220447284345,0.9033546325878594,0.003194888178913738,0.04552715654952077,0.034345047923322686,0.012779552715654952,0.0,,False,False,False,False,False,
720575940622323382,cell_class,AN,4010,400,0.25,0.14285714285714285,0.01,0.020199501246882794,0.6663341645885287,0.19077306733167082,0.0014962593516209476,0.04663341645885287,0.07381546134663342,0.0007481296758104738,False,True,True,False,True,True,False
720575940622323382,cell_class,AN,4010,400,0.25,0.14285714285714285,0.05,0.020199501246882794,0.6663341645885287,0.19077306733167082,0.0014962593516209476,0.04663341645885287,0.07381546134663342,0.0007481296758104738,False,True,True,False,False,False,False
720575940622323382,cell_class,AN,4010,400,0.25,0.14285714285714285,0.1,0.020199501246882794,0.6663341645885287,0.19077306733167082,0.0014962593516209476,0.04663341645885287,0.07381546134663342,0.0007481296758104738,False,True,True,False,False,False,False
720575940622323382,cell_class,AN,4010,400,0.25,0.04,0.01,0.020199501246882794,0.6663341645885287,0.19077306733167082,0.0014962593516209476,0.04663341645885287,0.07381546134663342,0.0007481296758104738,False,True,True,False,False,True,False
720575940622323382,cell_class,AN,4010,400,0.25,0.04,0.05,0.020199501246882794,0.6663341645885287,0.19077306733167082,0.0014962593516209476,0.04663341645885287,0.07381546134663342,0.0007481296758104738,False,True,False,False,False,False,False
720575940622323382,cell_class,AN,4010,400,0.25,0.04,0.1,0.020199501246882794,0.6663341645885287,0.19077306733167082,0.0014962593516209476,0.04663341645885287,0.07381546134663342,0.0007481296758104738,False,True,False,False,False,False,False
720575940622323382,cell_class,AN,4010,400,0.25,0.02,0.01,0.020199501246882794,0.6663341645885287,0.19077306733167082,0.0014962593516209476,0.04663341645885287,0.07381546134663342,0.0007481296758104738,False,True,True,False,False,True,False
720575940622323382,cell_class,AN,4010,400,0.25,0.02,0.05,0.020199501246882794,0.6663341645885287,0.19077306733167082,0.0014962593516209476,0.04663341645885287,0.07381546134663342,0.0007481296758104738,False,True,False,False,False,False,False
720575940622323382,cell_class,AN,4010,400,0.25,0.02,0.1,0.020199501246882794,0.6663341645885287,0.19077306733167082,0.0014962593516209476,0.04663341645885287,0.07381546134663342,0.0007481296758104738,False,False,False,False,False,False,False
720575940622323382,cell_class,AN,4010,400,0.25,0.01,0.01,0.020199501246882794,0.6663341645885287,0.19077306733167082,0.0014962593516209476,0.04663341645885287,0.07381546134663342,0.0007481296758104738,False,True,False,False,False,False,False
720575940622323382,cell_class,AN,4010,400,0.25,0.01,0.05,0.020199501246882794,0.6663341645885287,0.19077306733167082,0.0014962593516209476,0.04663341645885287,0.07381546134663342,0.0007481296758104738,False,False,False,False,False,False,False
720575940622323382,cell_class,AN,4010,400,0.25,0.01,0.1,0.020199501246882794,0.6663341645885287,0.19077306733167082,0.0014962593516209476,0.04663341645885287,0.07381546134663342,0.0007481296758104738,False,False,False,False,False,False,False
720575940622947333,cell_class,AN,3374,400,0.25,0.14285714285714285,0.01,0.5844694724362774,0.17605216360403084,0.22969768820391226,0.0002963841138114997,0.004445761707172495,0.004742145820983995,0.0002963841138114997,True,True,True,,False,False,
720575940622947333,cell_class,AN,3374,400,0.25,0.14285714285714285,0.05,0.5844694724362774,0.17605216360403084,0.22969768820391226,0.0002963841138114997,0.004445761707172495,0.004742145820983995,0.0002963841138114997,True,True,True,,False,False,
720575940622947333,cell_class,AN,3374,400,0.25,0.14285714285714285,0.1,0.5844694724362774,0.17605216360403084,0.22969768820391226,0.0002963841138114997,0.004445761707172495,0.004742145820983995,0.0002963841138114997,True,False,True,,False,False,
720575940622947333,cell_class,AN,3374,400,0.25,0.04,0.01,0.5844694724362774,0.17605216360403084,0.22969768820391226,0.0002963841138114997,0.004445761707172495,0.004742145820983995,0.0002963841138114997,True,True,True,,False,False,
720575940622947333,cell_class,AN,3374,400,0.25,0.04,0.05,0.5844694724362774,0.17605216360403084,0.22969768820391226,0.0002963841138114997,0.004445761707172495,0.004742145820983995,0.0002963841138114997,True,False,False,,False,False,
720575940622947333,cell_class,AN,3374,400,0.25,0.04,0.1,0.5844694724362774,0.17605216360403084,0.22969768820391226,0.0002963841138114997,0.004445761707172495,0.004742145820983995,0.0002963841138114997,False,False,False,,False,False,
720575940622947333,cell_class,AN,3374,400,0.25,0.02,0.01,0.5844694724362774,0.17605216360403084,0.22969768820391226,0.0002963841138114997,0.004445761707172495,0.004742145820983995,0.0002963841138114997,True,True,True,,False,False,
720575940622947333,cell_class,AN,3374,400,0.25,0.02,0.05,0.5844694724362774,0.17605216360403084,0.22969768820391226,0.0002963841138114997,0.004445761707172495,0.004742145820983995,0.0002963841138114997,True,False,False,,False,False,
720575940622947333,cell_class,AN,3374,400,0.25,0.02,0.1,0.5844694724362774,0.17605216360403084,0.22969768820391226,0.0002963841138114997,0.004445761707172495,0.004742145820983995,0.0002963841138114997,False,False,False,,False,False,
720575940622947333,cell_class,AN,3374,400,0.25,0.01,0.01,0.5844694724362774,0.17605216360403084,0.22969768820391226,0.0002963841138114997,0.004445761707172495,0.004742145820983995,0.0002963841138114997,True,True,True,,False,False,
720575940622947333,cell_class,AN,3374,400,0.25,0.01,0.05,0.5844694724362774,0.17605216360403084,0.22969768820391226,0.0002963841138114997,0.004445761707172495,0.004742145820983995,0.0002963841138114997,False,False,False,,False,False,
720575940622947333,cell_class,AN,3374,400,0.25,0.01,0.1,0.5844694724362774,0.17605216360403084,0.22969768820391226,0.0002963841138114997,0.004445761707172495,0.004742145820983995,0.0002963841138114997,False,False,False,,False,False,
720575940614381283,cell_class,AN,1246,400,0.25,0.14285714285714285,0.01,0.3563402889245586,0.05377207062600321,0.5409309791332263,0.0008025682182985554,0.036115569823434994,0.011235955056179775,0.0008025682182985554,True,True,True,,False,False,
720575940614381283,cell_class,AN,1246,400,0.25,0.14285714285714285,0.05,0.3563402889245586,0.05377207062600321,0.5409309791332263,0.0008025682182985554,0.036115569823434994,0.011235955056179775,0.0008025682182985554,True,False,True,,False,False,
720575940614381283,cell_class,AN,1246,400,0.25,0.14285714285714285,0.1,0.3563402889245586,0.05377207062600321,0.5409309791332263,0.0008025682182985554,0.036115569823434994,0.011235955056179775,0.0008025682182985554,True,False,True,,False,False,
720575940614381283,cell_class,AN,1246,400,0.25,0.04,0.01,0.3563402889245586,0.05377207062600321,0.5409309791332263,0.0008025682182985554,0.036115569823434994,0.011235955056179775,0.0008025682182985554,True,False,True,,False,False,
720575940614381283,cell_class,AN,1246,400,0.25,0.04,0.05,0.3563402889245586,0.05377207062600321,0.5409309791332263,0.0008025682182985554,0.036115569823434994,0.011235955056179775,0.0008025682182985554,False,False,True,,False,False,
720575940614381283,cell_class,AN,1246,400,0.25,0.04,0.1,0.3563402889245586,0.05377207062600321,0.5409309791332263,0.0008025682182985554,0.036115569823434994,0.011235955056179775,0.0008025682182985554,False,False,False,,False,False,
720575940614381283,cell_class,AN,1246,400,0.25,0.02,0.01,0.3563402889245586,0.05377207062600321,0.5409309791332263,0.0008025682182985554,0.036115569823434994,0.011235955056179775,0.0008025682182985554,True,False,True,,False,False,
720575940614381283,cell_class,AN,1246,400,0.25,0.02,0.05,0.3563402889245586,0.05377207062600321,0.5409309791332263,0.0008025682182985554,0.036115569823434994,0.011235955056179775,0.0008025682182985554,False,False,True,,False,False,
720575940614381283,cell_class,AN,1246,400,0.25,0.02,0.1,0.3563402889245586,0.05377207062600321,0.5409309791332263,0.0008025682182985554,0.036115569823434994,0.011235955056179775,0.0008025682182985554,False,False,False,,False,False,
720575940614381283,cell_class,AN,1246,400,0.25,0.01,0.01,0.3563402889245586,0.05377207062600321,0.5409309791332263,0.0008025682182985554,0.036115569823434994,0.011235955056179775,0.0008025682182985554,True,False,True,,False,False,
720575940614381283,cell_class,AN,1246,400,0.25,0.01,0.05,0.3563402889245586,0.05377207062600321,0.5409309791332263,0.0008025682182985554,0.036115569823434994,0.011235955056179775,0.0008025682182985554,False,False,False,,False,False,
720575940614381283,cell_class,AN,1246,400,0.25,0.01,0.1,0.3563402889245586,0.05377207062600321,0.5409309791332263,0.0008025682182985554,0.036115569823434994,0.011235955056179775,0.0008025682182985554,False,False,False,,False,False,
720575940625837799,cell_class,AN,1338,400,0.25,0.14285714285714285,0.01,0.01195814648729447,0.78101644245142,0.023168908819133034,0.0007473841554559044,0.14200298953662183,0.04110612855007474,0.0,False,True,False,,True,True,
720575940625837799,cell_class,AN,1338,400,0.25,0.14285714285714285,0.05,0.01195814648729447,0.78101644245142,0.023168908819133034,0.0007473841554559044,0.14200298953662183,0.04110612855007474,0.0,False,True,False,,False,False,
720575940625837799,cell_class,AN,1338,400,0.25,0.14285714285714285,0.1,0.01195814648729447,0.78101644245142,0.023168908819133034,0.0007473841554559044,0.14200298953662183,0.04110612855007474,0.0,False,True,False,,False,False,
720575940625837799,cell_class,AN,1338,400,0.25,0.04,0.01,0.01195814648729447,0.78101644245142,0.023168908819133034,0.0007473841554559044,0.14200298953662183,0.04110612855007474,0.0,False,True,False,,True,True,
720575940625837799,cell_class,AN,1338,400,0.25,0.04,0.05,0.01195814648729447,0.78101644245142,0.023168908819133034,0.0007473841554559044,0.14200298953662183,0.04110612855007474,0.0,False,True,False,,False,False,
720575940625837799,cell_class,AN,1338,400,0.25,0.04,0.1,0.01195814648729447,0.78101644245142,0.023168908819133034,0.0007473841554559044,0.14200298953662183,0.04110612855007474,0.0,False,False,False,,False,False,
720575940625837799,cell_class,AN,1338,400,0.25,0.02,0.01,0.01195814648729447,0.78101644245142,0.023168908819133034,0.0007473841554559044,0.14200298953662183,0.04110612855007474,0.0,False,True,False,,True,False,
720575940625837799,cell_class,AN,1338,400,0.25,0.02,0.05,0.01195814648729447,0.78101644245142,0.023168908819133034,0.0007473841554559044,0.14200298953662183,0.04110612855007474,0.0,False,True,False,,False,False,
720575940625837799,cell_class,AN,1338,400,0.25,0.02,0.1,0.01195814648729447,0.78101644245142,0.023168908819133034,0.0007473841554559044,0.14200298953662183,0.04110612855007474,0.0,False,False,False,,False,False,
720575940625837799,cell_class,AN,1338,400,0.25,0.01,0.01,0.01195814648729447,0.78101644245142,0.023168908819133034,0.0007473841554559044,0.14200298953662183,0.04110612855007474,0.0,False,True,False,,True,False,
720575940625837799,cell_class,AN,1338,400,0.25,0.01,0.05,0.01195814648729447,0.78101644245142,0.023168908819133034,0.0007473841554559044,0.14200298953662183,0.04110612855007474,0.0,False,False,False,,False,False,
720575940625837799,cell_class,AN,1338,400,0.25,0.01,0.1,0.01195814648729447,0.78101644245142,0.023168908819133034,0.0007473841554559044,0.14200298953662183,0.04110612855007474,0.0,False,False,False,,False,False,
720575940617143124,cell_class,AN,837,400,0.25,0.14285714285714285,0.01,0.005973715651135006,0.9283154121863799,0.013142174432497013,0.0035842293906810036,0.038231780167264036,0.010752688172043012,0.0,False,True,False,False,False,False,
720575940617143124,cell_class,AN,837,400,0.25,0.14285714285714285,0.05,0.005973715651135006,0.9283154121863799,0.013142174432497013,0.0035842293906810036,0.038231780167264036,0.010752688172043012,0.0,False,True,False,False,False,False,
720575940617143124,cell_class,AN,837,400,0.25,0.14285714285714285,0.1,0.005973715651135006,0.9283154121863799,0.013142174432497013,0.0035842293906810036,0.038231780167264036,0.010752688172043012,0.0,False,True,False,False,False,False,
720575940617143124,cell_class,AN,837,400,0.25,0.04,0.01,0.005973715651135006,0.9283154121863799,0.013142174432497013,0.0035842293906810036,0.038231780167264036,0.010752688172043012,0.0,False,True,False,False,False,False,
720575940617143124,cell_class,AN,837,400,0.25,0.04,0.05,0.005973715651135006,0.9283154121863799,0.013142174432497013,0.0035842293906810036,0.038231780167264036,0.010752688172043012,0.0,False,True,False,False,False,False,
720575940617143124,cell_class,AN,837,400,0.25,0.04,0.1,0.005973715651135006,0.9283154121863799,0.013142174432497013,0.0035842293906810036,0.038231780167264036,0.010752688172043012,0.0,False,True,False,False,False,False,
720575940617143124,cell_class,AN,837,400,0.25,0.02,0.01,0.005973715651135006,0.9283154121863799,0.013142174432497013,0.0035842293906810036,0.038231780167264036,0.010752688172043012,0.0,False,True,False,False,False,False,
720575940617143124,cell_class,AN,837,400,0.25,0.02,0.05,0.005973715651135006,0.9283154121863799,0.013142174432497013,0.0035842293906810036,0.038231780167264036,0.010752688172043012,0.0,False,True,False,False,False,False,
720575940617143124,cell_class,AN,837,400,0.25,0.02,0.1,0.005973715651135006,0.9283154121863799,0.013142174432497013,0.0035842293906810036,0.038231780167264036,0.010752688172043012,0.0,False,True,False,False,False,False,
720575940617143124,cell_class,AN,837,400,0.25,0.01,0.01,0.005973715651135006,0.9283154121863799,0.013142174432497013,0.0035842293906810036,0.038231780167264036,0.010752688172043012,0.0,False,True,False,False,False,False,
720575940617143124,cell_class,AN,837,400,0.25,0.01,0.05,0.005973715651135006,0.9283154121863799,0.013142174432497013,0.0035842293906810036,0.038231780167264036,0.010752688172043012,0.0,False,True,False,False,False,False,
720575940617143124,cell_class,AN,837,400,0.25,0.01,0.1,0.005973715651135006,0.9283154121863799,0.013142174432497013,0.0035842293906810036,0.038231780167264036,0.010752688172043012,0.0,False,False,False,False,False,False,
720575940627177800,cell_class,AN,1418,400,0.25,0.14285714285714285,0.01,0.0014104372355430183,0.9781382228490832,0.007757404795486601,0.0,0.009873060648801129,0.0028208744710860366,0.0,False,True,False,,False,False,
720575940627177800,cell_class,AN,1418,400,0.25,0.14285714285714285,0.05,0.0014104372355430183,0.9781382228490832,0.007757404795486601,0.0,0.009873060648801129,0.0028208744710860366,0.0,False,True,False,,False,False,
720575940627177800,cell_class,AN,1418,400,0.25,0.14285714285714285,0.1,0.0014104372355430183,0.9781382228490832,0.007757404795486601,0.0,0.009873060648801129,0.0028208744710860366,0.0,False,True,False,,False,False,
720575940627177800,cell_class,AN,1418,400,0.25,0.04,0.01,0.0014104372355430183,0.9781382228490832,0.007757404795486601,0.0,0.009873060648801129,0.0028208744710860366,0.0,False,True,False,,False,False,
720575940627177800,cell_class,AN,1418,400,0.25,0.04,0.05,0.0014104372355430183,0.9781382228490832,0.007757404795486601,0.0,0.009873060648801129,0.0028208744710860366,0.0,False,True,False,,False,False,
720575940627177800,cell_class,AN,1418,400,0.25,0.04,0.1,0.0014104372355430183,0.9781382228490832,0.007757404795486601,0.0,0.009873060648801129,0.0028208744710860366,0.0,False,True,False,,False,False,
720575940627177800,cell_class,AN,1418,400,0.25,0.02,0.01,0.0014104372355430183,0.9781382228490832,0.007757404795486601,0.0,0.009873060648801129,0.0028208744710860366,0.0,False,True,False,,False,False,
720575940627177800,cell_class,AN,1418,400,0.25,0.02,0.05,0.0014104372355430183,0.9781382228490832,0.007757404795486601,0.0,0.009873060648801129,0.0028208744710860366,0.0,False,True,False,,False,False,
720575940627177800,cell_class,AN,1418,400,0.25,0.02,0.1,0.0014104372355430183,0.9781382228490832,0.007757404795486601,0.0,0.009873060648801129,0.0028208744710860366,0.0,False,False,False,,False,False,
720575940627177800,cell_class,AN,1418,400,0.25,0.01,0.01,0.0014104372355430183,0.9781382228490832,0.007757404795486601,0.0,0.009873060648801129,0.0028208744710860366,0.0,False,True,False,,False,False,
720575940627177800,cell_class,AN,1418,400,0.25,0.01,0.05,0.0014104372355430183,0.9781382228490832,0.007757404795486601,0.0,0.009873060648801129,0.0028208744710860366,0.0,False,True,False,,False,False,
720575940627177800,cell_class,AN,1418,400,0.25,0.01,0.1,0.0014104372355430183,0.9781382228490832,0.007757404795486601,0.0,0.009873060648801129,0.0028208744710860366,0.0,False,False,False,,False,False,
720575940622912500,cell_class,AN,1465,400,0.25,0.14285714285714285,0.01,0.010238907849829351,0.9153583617747441,0.0552901023890785,0.0013651877133105802,0.014334470989761093,0.0034129692832764505,0.0,False,True,True,False,False,False,
720575940622912500,cell_class,AN,1465,400,0.25,0.14285714285714285,0.05,0.010238907849829351,0.9153583617747441,0.0552901023890785,0.0013651877133105802,0.014334470989761093,0.0034129692832764505,0.0,False,True,False,False,False,False,
720575940622912500,cell_class,AN,1465,400,0.25,0.14285714285714285,0.1,0.010238907849829351,0.9153583617747441,0.0552901023890785,0.0013651877133105802,0.014334470989761093,0.0034129692832764505,0.0,False,True,False,False,False,False,
720575940622912500,cell_class,AN,1465,400,0.25,0.04,0.01,0.010238907849829351,0.9153583617747441,0.0552901023890785,0.0013651877133105802,0.014334470989761093,0.0034129692832764505,0.0,False,True,True,False,False,False,
720575940622912500,cell_class,AN,1465,400,0.25,0.04,0.05,0.010238907849829351,0.9153583617747441,0.0552901023890785,0.0013651877133105802,0.014334470989761093,0.0034129692832764505,0.0,False,True,False,False,False,False,
720575940622912500,cell_class,AN,1465,400,0.25,0.04,0.1,0.010238907849829351,0.9153583617747441,0.0552901023890785,0.0013651877133105802,0.014334470989761093,0.0034129692832764505,0.0,False,True,False,False,False,False,
720575940622912500,cell_class,AN,1465,400,0.25,0.02,0.01,0.010238907849829351,0.9153583617747441,0.0552901023890785,0.0013651877133105802,0.014334470989761093,0.0034129692832764505,0.0,False,True,True,False,False,False,
720575940622912500,cell_class,AN,1465,400,0.25,0.02,0.05,0.010238907849829351,0.9153583617747441,0.0552901023890785,0.0013651877133105802,0.014334470989761093,0.0034129692832764505,0.0,False,True,False,False,False,False,
720575940622912500,cell_class,AN,1465,400,0.25,0.02,0.1,0.010238907849829351,0.9153583617747441,0.0552901023890785,0.0013651877133105802,0.014334470989761093,0.0034129692832764505,0.0,False,False,False,False,False,False,
720575940622912500,cell_class,AN,1465,400,0.25,0.01,0.01,0.010238907849829351,0.9153583617747441,0.0552901023890785,0.0013651877133105802,0.014334470989761093,0.0034129692832764505,0.0,False,True,True,False,False,False,
720575940622912500,cell_class,AN,1465,400,0.25,0.01,0.05,0.010238907849829351,0.9153583617747441,0.0552901023890785,0.0013651877133105802,0.014334470989761093,0.0034129692832764505,0.0,False,False,False,False,False,False,
720575940622912500,cell_class,AN,1465,400,0.25,0.01,0.1,0.010238907849829351,0.9153583617747441,0.0552901023890785,0.0013651877133105802,0.014334470989761093,0.0034129692832764505,0.0,False,False,False,False,False,False,
720575940614380771,cell_class,AN,945,400,0.25,0.14285714285714285,0.01,0.0031746031746031746,0.8518518518518519,0.1111111111111111,0.004232804232804233,0.014814814814814815,0.014814814814814815,0.0,False,True,True,False,False,True,
720575940614380771,cell_class,AN,945,400,0.25,0.14285714285714285,0.05,0.0031746031746031746,0.8518518518518519,0.1111111111111111,0.004232804232804233,0.014814814814814815,0.014814814814814815,0.0,False,True,True,False,False,False,
720575940614380771,cell_class,AN,945,400,0.25,0.14285714285714285,0.1,0.0031746031746031746,0.8518518518518519,0.1111111111111111,0.004232804232804233,0.014814814814814815,0.014814814814814815,0.0,False,True,False,False,False,False,
720575940614380771,cell_class,AN,945,400,0.25,0.04,0.01,0.0031746031746031746,0.8518518518518519,0.1111111111111111,0.004232804232804233,0.014814814814814815,0.014814814814814815,0.0,False,True,True,False,False,True,
720575940614380771,cell_class,AN,945,400,0.25,0.04,0.05,0.0031746031746031746,0.8518518518518519,0.1111111111111111,0.004232804232804233,0.014814814814814815,0.014814814814814815,0.0,False,True,False,False,False,False,
720575940614380771,cell_class,AN,945,400,0.25,0.04,0.1,0.0031746031746031746,0.8518518518518519,0.1111111111111111,0.004232804232804233,0.014814814814814815,0.014814814814814815,0.0,False,True,False,False,False,False,
720575940614380771,cell_class,AN,945,400,0.25,0.02,0.01,0.0031746031746031746,0.8518518518518519,0.1111111111111111,0.004232804232804233,0.014814814814814815,0.014814814814814815,0.0,False,True,True,False,False,True,
720575940614380771,cell_class,AN,945,400,0.25,0.02,0.05,0.0031746031746031746,0.8518518518518519,0.1111111111111111,0.004232804232804233,0.014814814814814815,0.014814814814814815,0.0,False,True,False,False,False,False,
720575940614380771,cell_class,AN,945,400,0.25,0.02,0.1,0.0031746031746031746,0.8518518518518519,0.1111111111111111,0.004232804232804233,0.014814814814814815,0.014814814814814815,0.0,False,True,False,False,False,False,
720575940614380771,cell_class,AN,945,400,0.25,0.01,0.01,0.0031746031746031746,0.8518518518518519,0.1111111111111111,0.004232804232804233,0.014814814814814815,0.014814814814814815,0.0,False,True,True,False,False,False,
720575940614380771,cell_class,AN,945,400,0.25,0.01,0.05,0.0031746031746031746,0.8518518518518519,0.1111111111111111,0.004232804232804233,0.014814814814814815,0.014814814814814815,0.0,False,True,False,False,False,False,
720575940614380771,cell_class,AN,945,400,0.25,0.01,0.1,0.0031746031746031746,0.8518518518518519,0.1111111111111111,0.004232804232804233,0.014814814814814815,0.014814814814814815,0.0,False,False,False,False,False,False,
720575940640373557,cell_class,AN,1986,400,0.25,0.14285714285714285,0.01,0.006545820745216516,0.6847935548841894,0.03877139979859013,0.0025176233635448137,0.22004028197381673,0.04682779456193353,0.0005035246727089627,False,True,True,False,True,True,
720575940640373557,cell_class,AN,1986,400,0.25,0.14285714285714285,0.05,0.006545820745216516,0.6847935548841894,0.03877139979859013,0.0025176233635448137,0.22004028197381673,0.04682779456193353,0.0005035246727089627,False,True,False,False,True,False,
720575940640373557,cell_class,AN,1986,400,0.25,0.14285714285714285,0.1,0.006545820745216516,0.6847935548841894,0.03877139979859013,0.0025176233635448137,0.22004028197381673,0.04682779456193353,0.0005035246727089627,False,True,False,False,True,False,
720575940640373557,cell_class,AN,1986,400,0.25,0.04,0.01,0.006545820745216516,0.6847935548841894,0.03877139979859013,0.0025176233635448137,0.22004028197381673,0.04682779456193353,0.0005035246727089627,False,True,False,False,True,False,
720575940640373557,cell_class,AN,1986,400,0.25,0.04,0.05,0.006545820745216516,0.6847935548841894,0.03877139979859013,0.0025176233635448137,0.22004028197381673,0.04682779456193353,0.0005035246727089627,False,True,False,False,False,False,
720575940640373557,cell_class,AN,1986,400,0.25,0.04,0.1,0.006545820745216516,0.6847935548841894,0.03877139979859013,0.0025176233635448137,0.22004028197381673,0.04682779456193353,0.0005035246727089627,False,False,False,False,False,False,
720575940640373557,cell_class,AN,1986,400,0.25,0.02,0.01,0.006545820745216516,0.6847935548841894,0.03877139979859013,0.0025176233635448137,0.22004028197381673,0.04682779456193353,0.0005035246727089627,False,True,False,False,True,False,
720575940640373557,cell_class,AN,1986,400,0.25,0.02,0.05,0.006545820745216516,0.6847935548841894,0.03877139979859013,0.0025176233635448137,0.22004028197381673,0.04682779456193353,0.0005035246727089627,False,True,False,False,False,False,
720575940640373557,cell_class,AN,1986,400,0.25,0.02,0.1,0.006545820745216516,0.6847935548841894,0.03877139979859013,0.0025176233635448137,0.22004028197381673,0.04682779456193353,0.0005035246727089627,False,False,False,False,False,False,
720575940640373557,cell_class,AN,1986,400,0.25,0.01,0.01,0.006545820745216516,0.6847935548841894,0.03877139979859013,0.0025176233635448137,0.22004028197381673,0.04682779456193353,0.0005035246727089627,False,True,False,False,True,False,
720575940640373557,cell_class,AN,1986,400,0.25,0.01,0.05,0.006545820745216516,0.6847935548841894,0.03877139979859013,0.0025176233635448137,0.22004028197381673,0.04682779456193353,0.0005035246727089627,False,False,False,False,False,False,
720575940640373557,cell_class,AN,1986,400,0.25,0.01,0.1,0.006545820745216516,0.6847935548841894,0.03877139979859013,0.0025176233635448137,0.22004028197381673,0.04682779456193353,0.0005035246727089627,False,False,False,False,False,False,
720575940629176007,cell_class,AN,3980,400,0.25,0.14285714285714285,0.01,0.0020100502512562816,0.671105527638191,0.037939698492462315,0.004020100502512563,0.2638190954773869,0.02085427135678392,0.0002512562814070352,False,True,True,False,True,False,
720575940629176007,cell_class,AN,3980,400,0.25,0.14285714285714285,0.05,0.0020100502512562816,0.671105527638191,0.037939698492462315,0.004020100502512563,0.2638190954773869,0.02085427135678392,0.0002512562814070352,False,True,False,False,True,False,
720575940629176007,cell_class,AN,3980,400,0.25,0.14285714285714285,0.1,0.0020100502512562816,0.671105527638191,0.037939698492462315,0.004020100502512563,0.2638190954773869,0.02085427135678392,0.0002512562814070352,False,True,False,False,False,False,
720575940629176007,cell_class,AN,3980,400,0.25,0.04,0.01,0.0020100502512562816,0.671105527638191,0.037939698492462315,0.004020100502512563,0.2638190954773869,0.02085427135678392,0.0002512562814070352,False,True,False,False,True,False,
720575940629176007,cell_class,AN,3980,400,0.25,0.04,0.05,0.0020100502512562816,0.671105527638191,0.037939698492462315,0.004020100502512563,0.2638190954773869,0.02085427135678392,0.0002512562814070352,False,True,False,False,False,False,
720575940629176007,cell_class,AN,3980,400,0.25,0.04,0.1,0.0020100502512562816,0.671105527638191,0.037939698492462315,0.004020100502512563,0.2638190954773869,0.02085427135678392,0.0002512562814070352,False,False,False,False,False,False,
720575940629176007,cell_class,AN,3980,400,0.25,0.02,0.01,0.0020100502512562816,0.671105527638191,0.037939698492462315,0.004020100502512563,0.2638190954773869,0.02085427135678392,0.0002512562814070352,False,True,False,False,True,False,
720575940629176007,cell_class,AN,3980,400,0.25,0.02,0.05,0.0020100502512562816,0.671105527638191,0.037939698492462315,0.004020100502512563,0.2638190954773869,0.02085427135678392,0.0002512562814070352,False,True,False,False,False,False,
720575940629176007,cell_class,AN,3980,400,0.25,0.02,0.1,0.0020100502512562816,0.671105527638191,0.037939698492462315,0.004020100502512563,0.2638190954773869,0.02085427135678392,0.0002512562814070352,False,False,False,False,False,False,
720575940629176007,cell_class,AN,3980,400,0.25,0.01,0.01,0.0020100502512562816,0.671105527638191,0.037939698492462315,0.004020100502512563,0.2638190954773869,0.02085427135678392,0.0002512562814070352,False,True,False,False,True,False,
720575940629176007,cell_class,AN,3980,400,0.25,0.01,0.05,0.0020100502512562816,0.671105527638191,0.037939698492462315,0.004020100502512563,0.2638190954773869,0.02085427135678392,0.0002512562814070352,False,False,False,False,False,False,
720575940629176007,cell_class,AN,3980,400,0.25,0.01,0.1,0.0020100502512562816,0.671105527638191,0.037939698492462315,0.004020100502512563,0.2638190954773869,0.02085427135678392,0.0002512562814070352,False,False,False,False,False,False,
720575940640912291,cell_class,AN,1564,400,0.25,0.14285714285714285,0.01,0.0006393861892583121,0.014066496163682864,0.005754475703324808,0.04731457800511509,0.9143222506393862,0.017902813299232736,0.0,,False,False,True,True,False,
720575940640912291,cell_class,AN,1564,400,0.25,0.14285714285714285,0.05,0.0006393861892583121,0.014066496163682864,0.005754475703324808,0.04731457800511509,0.9143222506393862,0.017902813299232736,0.0,,False,False,False,True,False,
720575940640912291,cell_class,AN,1564,400,0.25,0.14285714285714285,0.1,0.0006393861892583121,0.014066496163682864,0.005754475703324808,0.04731457800511509,0.9143222506393862,0.017902813299232736,0.0,,False,False,False,True,False,
720575940640912291,cell_class,AN,1564,400,0.25,0.04,0.01,0.0006393861892583121,0.014066496163682864,0.005754475703324808,0.04731457800511509,0.9143222506393862,0.017902813299232736,0.0,,False,False,False,True,False,
720575940640912291,cell_class,AN,1564,400,0.25,0.04,0.05,0.0006393861892583121,0.014066496163682864,0.005754475703324808,0.04731457800511509,0.9143222506393862,0.017902813299232736,0.0,,False,False,False,True,False,
720575940640912291,cell_class,AN,1564,400,0.25,0.04,0.1,0.0006393861892583121,0.014066496163682864,0.005754475703324808,0.04731457800511509,0.9143222506393862,0.017902813299232736,0.0,,False,False,False,True,False,
720575940640912291,cell_class,AN,1564,400,0.25,0.02,0.01,0.0006393861892583121,0.014066496163682864,0.005754475703324808,0.04731457800511509,0.9143222506393862,0.017902813299232736,0.0,,False,False,False,True,False,
720575940640912291,cell_class,AN,1564,400,0.25,0.02,0.05,0.0006393861892583121,0.014066496163682864,0.005754475703324808,0.04731457800511509,0.9143222506393862,0.017902813299232736,0.0,,False,False,False,True,False,
720575940640912291,cell_class,AN,1564,400,0.25,0.02,0.1,0.0006393861892583121,0.014066496163682864,0.005754475703324808,0.04731457800511509,0.9143222506393862,0.017902813299232736,0.0,,False,False,False,False,False,
720575940640912291,cell_class,AN,1564,400,0.25,0.01,0.01,0.0006393861892583121,0.014066496163682864,0.005754475703324808,0.04731457800511509,0.9143222506393862,0.017902813299232736,0.0,,False,False,False,True,False,
720575940640912291,cell_class,AN,1564,400,0.25,0.01,0.05,0.0006393861892583121,0.014066496163682864,0.005754475703324808,0.04731457800511509,0.9143222506393862,0.017902813299232736,0.0,,False,False,False,True,False,
720575940640912291,cell_class,AN,1564,400,0.25,0.01,0.1,0.0006393861892583121,0.014066496163682864,0.005754475703324808,0.04731457800511509,0.9143222506393862,0.017902813299232736,0.0,,False,False,False,False,False,
720575940620731608,cell_class,AN,3877,400,0.25,0.14285714285714285,0.01,0.003095176683002321,0.9280371421201961,0.007995873097755997,0.0018055197317513542,0.04797523858653598,0.01057518700025793,0.0005158627805003869,False,True,False,False,True,False,False
720575940620731608,cell_class,AN,3877,400,0.25,0.14285714285714285,0.05,0.003095176683002321,0.9280371421201961,0.007995873097755997,0.0018055197317513542,0.04797523858653598,0.01057518700025793,0.0005158627805003869,False,True,False,False,False,False,False
720575940620731608,cell_class,AN,3877,400,0.25,0.14285714285714285,0.1,0.003095176683002321,0.9280371421201961,0.007995873097755997,0.0018055197317513542,0.04797523858653598,0.01057518700025793,0.0005158627805003869,False,True,False,False,False,False,False
720575940620731608,cell_class,AN,3877,400,0.25,0.04,0.01,0.003095176683002321,0.9280371421201961,0.007995873097755997,0.0018055197317513542,0.04797523858653598,0.01057518700025793,0.0005158627805003869,False,True,False,False,True,False,False
720575940620731608,cell_class,AN,3877,400,0.25,0.04,0.05,0.003095176683002321,0.9280371421201961,0.007995873097755997,0.0018055197317513542,0.04797523858653598,0.01057518700025793,0.0005158627805003869,False,True,False,False,False,False,False
720575940620731608,cell_class,AN,3877,400,0.25,0.04,0.1,0.003095176683002321,0.9280371421201961,0.007995873097755997,0.0018055197317513542,0.04797523858653598,0.01057518700025793,0.0005158627805003869,False,True,False,False,False,False,False
720575940620731608,cell_class,AN,3877,400,0.25,0.02,0.01,0.003095176683002321,0.9280371421201961,0.007995873097755997,0.0018055197317513542,0.04797523858653598,0.01057518700025793,0.0005158627805003869,False,True,False,False,False,False,False
720575940620731608,cell_class,AN,3877,400,0.25,0.02,0.05,0.003095176683002321,0.9280371421201961,0.007995873097755997,0.0018055197317513542,0.04797523858653598,0.01057518700025793,0.0005158627805003869,False,True,False,False,False,False,False
720575940620731608,cell_class,AN,3877,400,0.25,0.02,0.1,0.003095176683002321,0.9280371421201961,0.007995873097755997,0.0018055197317513542,0.04797523858653598,0.01057518700025793,0.0005158627805003869,False,False,False,False,False,False,False
720575940620731608,cell_class,AN,3877,400,0.25,0.01,0.01,0.003095176683002321,0.9280371421201961,0.007995873097755997,0.0018055197317513542,0.04797523858653598,0.01057518700025793,0.0005158627805003869,False,True,False,False,False,False,False
720575940620731608,cell_class,AN,3877,400,0.25,0.01,0.05,0.003095176683002321,0.9280371421201961,0.007995873097755997,0.0018055197317513542,0.04797523858653598,0.01057518700025793,0.0005158627805003869,False,False,False,False,False,False,False
720575940620731608,cell_class,AN,3877,400,0.25,0.01,0.1,0.003095176683002321,0.9280371421201961,0.007995873097755997,0.0018055197317513542,0.04797523858653598,0.01057518700025793,0.0005158627805003869,False,False,False,False,False,False,False
720575940623497340,cell_class,AN,1534,400,0.25,0.14285714285714285,0.01,0.01694915254237288,0.6629726205997393,0.017601043024771838,0.007170795306388526,0.2242503259452412,0.0710560625814863,0.0,False,True,False,False,True,True,
720575940623497340,cell_class,AN,1534,400,0.25,0.14285714285714285,0.05,0.01694915254237288,0.6629726205997393,0.017601043024771838,0.007170795306388526,0.2242503259452412,0.0710560625814863,0.0,False,True,False,False,True,False,
720575940623497340,cell_class,AN,1534,400,0.25,0.14285714285714285,0.1,0.01694915254237288,0.6629726205997393,0.017601043024771838,0.007170795306388526,0.2242503259452412,0.0710560625814863,0.0,False,True,False,False,False,False,
720575940623497340,cell_class,AN,1534,400,0.25,0.04,0.01,0.01694915254237288,0.6629726205997393,0.017601043024771838,0.007170795306388526,0.2242503259452412,0.0710560625814863,0.0,False,True,False,False,True,True,
720575940623497340,cell_class,AN,1534,400,0.25,0.04,0.05,0.01694915254237288,0.6629726205997393,0.017601043024771838,0.007170795306388526,0.2242503259452412,0.0710560625814863,0.0,False,True,False,False,False,False,
720575940623497340,cell_class,AN,1534,400,0.25,0.04,0.1,0.01694915254237288,0.6629726205997393,0.017601043024771838,0.007170795306388526,0.2242503259452412,0.0710560625814863,0.0,False,False,False,False,False,False,
720575940623497340,cell_class,AN,1534,400,0.25,0.02,0.01,0.01694915254237288,0.6629726205997393,0.017601043024771838,0.007170795306388526,0.2242503259452412,0.0710560625814863,0.0,False,True,False,False,True,False,
720575940623497340,cell_class,AN,1534,400,0.25,0.02,0.05,0.01694915254237288,0.6629726205997393,0.017601043024771838,0.007170795306388526,0.2242503259452412,0.0710560625814863,0.0,False,False,False,False,False,False,
720575940623497340,cell_class,AN,1534,400,0.25,0.02,0.1,0.01694915254237288,0.6629726205997393,0.017601043024771838,0.007170795306388526,0.2242503259452412,0.0710560625814863,0.0,False,False,False,False,False,False,
720575940623497340,cell_class,AN,1534,400,0.25,0.01,0.01,0.01694915254237288,0.6629726205997393,0.017601043024771838,0.007170795306388526,0.2242503259452412,0.0710560625814863,0.0,False,True,False,False,True,False,
720575940623497340,cell_class,AN,1534,400,0.25,0.01,0.05,0.01694915254237288,0.6629726205997393,0.017601043024771838,0.007170795306388526,0.2242503259452412,0.0710560625814863,0.0,False,False,False,False,False,False,
720575940623497340,cell_class,AN,1534,400,0.25,0.01,0.1,0.01694915254237288,0.6629726205997393,0.017601043024771838,0.007170795306388526,0.2242503259452412,0.0710560625814863,0.0,False,False,False,False,False,False,
720575940603801056,cell_class,AN,3002,400,0.25,0.14285714285714285,0.01,0.7128580946035976,0.20086608927381747,0.05862758161225849,0.010326449033977348,0.010659560293137908,0.006662225183211193,0.0,True,True,True,False,False,False,
720575940603801056,cell_class,AN,3002,400,0.25,0.14285714285714285,0.05,0.7128580946035976,0.20086608927381747,0.05862758161225849,0.010326449033977348,0.010659560293137908,0.006662225183211193,0.0,True,True,False,False,False,False,
720575940603801056,cell_class,AN,3002,400,0.25,0.14285714285714285,0.1,0.7128580946035976,0.20086608927381747,0.05862758161225849,0.010326449033977348,0.010659560293137908,0.006662225183211193,0.0,True,True,False,False,False,False,
720575940603801056,cell_class,AN,3002,400,0.25,0.04,0.01,0.7128580946035976,0.20086608927381747,0.05862758161225849,0.010326449033977348,0.010659560293137908,0.006662225183211193,0.0,True,True,True,False,False,False,
720575940603801056,cell_class,AN,3002,400,0.25,0.04,0.05,0.7128580946035976,0.20086608927381747,0.05862758161225849,0.010326449033977348,0.010659560293137908,0.006662225183211193,0.0,True,False,False,False,False,False,
720575940603801056,cell_class,AN,3002,400,0.25,0.04,0.1,0.7128580946035976,0.20086608927381747,0.05862758161225849,0.010326449033977348,0.010659560293137908,0.006662225183211193,0.0,True,False,False,False,False,False,
720575940603801056,cell_class,AN,3002,400,0.25,0.02,0.01,0.7128580946035976,0.20086608927381747,0.05862758161225849,0.010326449033977348,0.010659560293137908,0.006662225183211193,0.0,True,True,False,False,False,False,
720575940603801056,cell_class,AN,3002,400,0.25,0.02,0.05,0.7128580946035976,0.20086608927381747,0.05862758161225849,0.010326449033977348,0.010659560293137908,0.006662225183211193,0.0,True,False,False,False,False,False,
720575940603801056,cell_class,AN,3002,400,0.25,0.02,0.1,0.7128580946035976,0.20086608927381747,0.05862758161225849,0.010326449033977348,0.010659560293137908,0.006662225183211193,0.0,False,False,False,False,False,False,
720575940603801056,cell_class,AN,3002,400,0.25,0.01,0.01,0.7128580946035976,0.20086608927381747,0.05862758161225849,0.010326449033977348,0.010659560293137908,0.006662225183211193,0.0,True,True,False,False,False,False,
720575940603801056,cell_class,AN,3002,400,0.25,0.01,0.05,0.7128580946035976,0.20086608927381747,0.05862758161225849,0.010326449033977348,0.010659560293137908,0.006662225183211193,0.0,False,False,False,False,False,False,
720575940603801056,cell_class,AN,3002,400,0.25,0.01,0.1,0.7128580946035976,0.20086608927381747,0.05862758161225849,0.010326449033977348,0.010659560293137908,0.006662225183211193,0.0,False,False,False,False,False,False,
720575940645995543,cell_class,AN,7037,400,0.25,0.14285714285714285,0.01,0.047889725735398604,0.8956941878641467,0.009805314764814551,0.009236890720477476,0.030979110416370612,0.005826346454455024,0.0005684240443370755,True,True,False,False,True,False,False
720575940645995543,cell_class,AN,7037,400,0.25,0.14285714285714285,0.05,0.047889725735398604,0.8956941878641467,0.009805314764814551,0.009236890720477476,0.030979110416370612,0.005826346454455024,0.0005684240443370755,False,True,False,False,False,False,False
720575940645995543,cell_class,AN,7037,400,0.25,0.14285714285714285,0.1,0.047889725735398604,0.8956941878641467,0.009805314764814551,0.009236890720477476,0.030979110416370612,0.005826346454455024,0.0005684240443370755,False,True,False,False,False,False,False
720575940645995543,cell_class,AN,7037,400,0.25,0.04,0.01,0.047889725735398604,0.8956941878641467,0.009805314764814551,0.009236890720477476,0.030979110416370612,0.005826346454455024,0.0005684240443370755,False,True,False,False,False,False,False
720575940645995543,cell_class,AN,7037,400,0.25,0.04,0.05,0.047889725735398604,0.8956941878641467,0.009805314764814551,0.009236890720477476,0.030979110416370612,0.005826346454455024,0.0005684240443370755,False,True,False,False,False,False,False
720575940645995543,cell_class,AN,7037,400,0.25,0.04,0.1,0.047889725735398604,0.8956941878641467,0.009805314764814551,0.009236890720477476,0.030979110416370612,0.005826346454455024,0.0005684240443370755,False,False,False,False,False,False,False
720575940645995543,cell_class,AN,7037,400,0.25,0.02,0.01,0.047889725735398604,0.8956941878641467,0.009805314764814551,0.009236890720477476,0.030979110416370612,0.005826346454455024,0.0005684240443370755,False,True,False,False,False,False,False
720575940645995543,cell_class,AN,7037,400,0.25,0.02,0.05,0.047889725735398604,0.8956941878641467,0.009805314764814551,0.009236890720477476,0.030979110416370612,0.005826346454455024,0.0005684240443370755,False,False,False,False,False,False,False
720575940645995543,cell_class,AN,7037,400,0.25,0.02,0.1,0.047889725735398604,0.8956941878641467,0.009805314764814551,0.009236890720477476,0.030979110416370612,0.005826346454455024,0.0005684240443370755,False,False,False,False,False,False,False
720575940645995543,cell_class,AN,7037,400,0.25,0.01,0.01,0.047889725735398604,0.8956941878641467,0.009805314764814551,0.009236890720477476,0.030979110416370612,0.005826346454455024,0.0005684240443370755,False,True,False,False,False,False,False
720575940645995543,cell_class,AN,7037,400,0.25,0.01,0.05,0.047889725735398604,0.8956941878641467,0.009805314764814551,0.009236890720477476,0.030979110416370612,0.005826346454455024,0.0005684240443370755,False,False,False,False,False,False,False
720575940645995543,cell_class,AN,7037,400,0.25,0.01,0.1,0.047889725735398604,0.8956941878641467,0.009805314764814551,0.009236890720477476,0.030979110416370612,0.005826346454455024,0.0005684240443370755,False,False,False,False,False,False,False
720575940630021392,cell_class,AN,3906,400,0.25,0.14285714285714285,0.01,0.00409626216077829,0.9078341013824884,0.023809523809523808,0.0005120327700972862,0.05427547363031234,0.009216589861751152,0.0002560163850486431,False,True,True,False,True,False,
720575940630021392,cell_class,AN,3906,400,0.25,0.14285714285714285,0.05,0.00409626216077829,0.9078341013824884,0.023809523809523808,0.0005120327700972862,0.05427547363031234,0.009216589861751152,0.0002560163850486431,False,True,False,False,False,False,
720575940630021392,cell_class,AN,3906,400,0.25,0.14285714285714285,0.1,0.00409626216077829,0.9078341013824884,0.023809523809523808,0.0005120327700972862,0.05427547363031234,0.009216589861751152,0.0002560163850486431,False,True,False,False,False,False,
720575940630021392,cell_class,AN,3906,400,0.25,0.04,0.01,0.00409626216077829,0.9078341013824884,0.023809523809523808,0.0005120327700972862,0.05427547363031234,0.009216589861751152,0.0002560163850486431,False,True,False,False,True,False,
720575940630021392,cell_class,AN,3906,400,0.25,0.04,0.05,0.00409626216077829,0.9078341013824884,0.023809523809523808,0.0005120327700972862,0.05427547363031234,0.009216589861751152,0.0002560163850486431,False,True,False,False,False,False,
720575940630021392,cell_class,AN,3906,400,0.25,0.04,0.1,0.00409626216077829,0.9078341013824884,0.023809523809523808,0.0005120327700972862,0.05427547363031234,0.009216589861751152,0.0002560163850486431,False,False,False,False,False,False,
720575940630021392,cell_class,AN,3906,400,0.25,0.02,0.01,0.00409626216077829,0.9078341013824884,0.023809523809523808,0.0005120327700972862,0.05427547363031234,0.009216589861751152,0.0002560163850486431,False,True,False,False,False,False,
720575940630021392,cell_class,AN,3906,400,0.25,0.02,0.05,0.00409626216077829,0.9078341013824884,0.023809523809523808,0.0005120327700972862,0.05427547363031234,0.009216589861751152,0.0002560163850486431,False,False,False,False,False,False,
720575940630021392,cell_class,AN,3906,400,0.25,0.02,0.1,0.00409626216077829,0.9078341013824884,0.023809523809523808,0.0005120327700972862,0.05427547363031234,0.009216589861751152,0.0002560163850486431,False,False,False,False,False,False,
720575940630021392,cell_class,AN,3906,400,0.25,0.01,0.01,0.00409626216077829,0.9078341013824884,0.023809523809523808,0.0005120327700972862,0.05427547363031234,0.009216589861751152,0.0002560163850486431,False,True,False,False,False,False,
720575940630021392,cell_class,AN,3906,400,0.25,0.01,0.05,0.00409626216077829,0.9078341013824884,0.023809523809523808,0.0005120327700972862,0.05427547363031234,0.009216589861751152,0.0002560163850486431,False,False,False,False,False,False,
720575940630021392,cell_class,AN,3906,400,0.25,0.01,0.1,0.00409626216077829,0.9078341013824884,0.023809523809523808,0.0005120327700972862,0.05427547363031234,0.009216589861751152,0.0002560163850486431,False,False,False,False,False,False,
720575940622021117,cell_class,AN,738,400,0.25,0.14285714285714285,0.01,0.009485094850948509,0.08536585365853659,0.7804878048780488,0.0,0.11653116531165311,0.008130081300813009,0.0,False,True,True,,True,False,
720575940622021117,cell_class,AN,738,400,0.25,0.14285714285714285,0.05,0.009485094850948509,0.08536585365853659,0.7804878048780488,0.0,0.11653116531165311,0.008130081300813009,0.0,False,False,True,,True,False,
720575940622021117,cell_class,AN,738,400,0.25,0.14285714285714285,0.1,0.009485094850948509,0.08536585365853659,0.7804878048780488,0.0,0.11653116531165311,0.008130081300813009,0.0,False,False,True,,False,False,
720575940622021117,cell_class,AN,738,400,0.25,0.04,0.01,0.009485094850948509,0.08536585365853659,0.7804878048780488,0.0,0.11653116531165311,0.008130081300813009,0.0,False,True,True,,True,False,
720575940622021117,cell_class,AN,738,400,0.25,0.04,0.05,0.009485094850948509,0.08536585365853659,0.7804878048780488,0.0,0.11653116531165311,0.008130081300813009,0.0,False,False,True,,False,False,
720575940622021117,cell_class,AN,738,400,0.25,0.04,0.1,0.009485094850948509,0.08536585365853659,0.7804878048780488,0.0,0.11653116531165311,0.008130081300813009,0.0,False,False,True,,False,False,
720575940622021117,cell_class,AN,738,400,0.25,0.02,0.01,0.009485094850948509,0.08536585365853659,0.7804878048780488,0.0,0.11653116531165311,0.008130081300813009,0.0,False,True,True,,True,False,
720575940622021117,cell_class,AN,738,400,0.25,0.02,0.05,0.009485094850948509,0.08536585365853659,0.7804878048780488,0.0,0.11653116531165311,0.008130081300813009,0.0,False,False,True,,False,False,
720575940622021117,cell_class,AN,738,400,0.25,0.02,0.1,0.009485094850948509,0.08536585365853659,0.7804878048780488,0.0,0.11653116531165311,0.008130081300813009,0.0,False,False,False,,False,False,
720575940622021117,cell_class,AN,738,400,0.25,0.01,0.01,0.009485094850948509,0.08536585365853659,0.7804878048780488,0.0,0.11653116531165311,0.008130081300813009,0.0,False,True,True,,True,False,
720575940622021117,cell_class,AN,738,400,0.25,0.01,0.05,0.009485094850948509,0.08536585365853659,0.7804878048780488,0.0,0.11653116531165311,0.008130081300813009,0.0,False,False,False,,False,False,
720575940622021117,cell_class,AN,738,400,0.25,0.01,0.1,0.009485094850948509,0.08536585365853659,0.7804878048780488,0.0,0.11653116531165311,0.008130081300813009,0.0,False,False,False,,False,False,
720575940633209996,cell_class,AN,3255,400,0.25,0.14285714285714285,0.01,0.004301075268817204,0.9640552995391705,0.004915514592933948,0.001228878648233487,0.017204301075268817,0.007987711213517665,0.00030721966205837174,False,True,False,False,False,False,
720575940633209996,cell_class,AN,3255,400,0.25,0.14285714285714285,0.05,0.004301075268817204,0.9640552995391705,0.004915514592933948,0.001228878648233487,0.017204301075268817,0.007987711213517665,0.00030721966205837174,False,True,False,False,False,False,
720575940633209996,cell_class,AN,3255,400,0.25,0.14285714285714285,0.1,0.004301075268817204,0.9640552995391705,0.004915514592933948,0.001228878648233487,0.017204301075268817,0.007987711213517665,0.00030721966205837174,False,True,False,False,False,False,
720575940633209996,cell_class,AN,3255,400,0.25,0.04,0.01,0.004301075268817204,0.9640552995391705,0.004915514592933948,0.001228878648233487,0.017204301075268817,0.007987711213517665,0.00030721966205837174,False,True,False,False,False,False,
720575940633209996,cell_class,AN,3255,400,0.25,0.04,0.05,0.004301075268817204,0.9640552995391705,0.004915514592933948,0.001228878648233487,0.017204301075268817,0.007987711213517665,0.00030721966205837174,False,True,False,False,False,False,
720575940633209996,cell_class,AN,3255,400,0.25,0.04,0.1,0.004301075268817204,0.9640552995391705,0.004915514592933948,0.001228878648233487,0.017204301075268817,0.007987711213517665,0.00030721966205837174,False,True,False,False,False,False,
720575940633209996,cell_class,AN,3255,400,0.25,0.02,0.01,0.004301075268817204,0.9640552995391705,0.004915514592933948,0.001228878648233487,0.017204301075268817,0.007987711213517665,0.00030721966205837174,False,True,False,False,False,False,
720575940633209996,cell_class,AN,3255,400,0.25,0.02,0.05,0.004301075268817204,0.9640552995391705,0.004915514592933948,0.001228878648233487,0.017204301075268817,0.007987711213517665,0.00030721966205837174,False,True,False,False,False,False,
720575940633209996,cell_class,AN,3255,400,0.25,0.02,0.1,0.004301075268817204,0.9640552995391705,0.004915514592933948,0.001228878648233487,0.017204301075268817,0.007987711213517665,0.00030721966205837174,False,False,False,False,False,False,
720575940633209996,cell_class,AN,3255,400,0.25,0.01,0.01,0.004301075268817204,0.9640552995391705,0.004915514592933948,0.001228878648233487,0.017204301075268817,0.007987711213517665,0.00030721966205837174,False,True,False,False,False,False,
720575940633209996,cell_class,AN,3255,400,0.25,0.01,0.05,0.004301075268817204,0.9640552995391705,0.004915514592933948,0.001228878648233487,0.017204301075268817,0.007987711213517665,0.00030721966205837174,False,True,False,False,False,False,
720575940633209996,cell_class,AN,3255,400,0.25,0.01,0.1,0.004301075268817204,0.9640552995391705,0.004915514592933948,0.001228878648233487,0.017204301075268817,0.007987711213517665,0.00030721966205837174,False,False,False,False,False,False,
720575940623997539,cell_class,AN,712,400,0.25,0.14285714285714285,0.01,0.0028089887640449437,0.21348314606741572,0.016853932584269662,0.0028089887640449437,0.75,0.014044943820224719,0.0,False,True,True,False,True,False,
720575940623997539,cell_class,AN,712,400,0.25,0.14285714285714285,0.05,0.0028089887640449437,0.21348314606741572,0.016853932584269662,0.0028089887640449437,0.75,0.014044943820224719,0.0,False,True,False,False,True,False,
720575940623997539,cell_class,AN,712,400,0.25,0.14285714285714285,0.1,0.0028089887640449437,0.21348314606741572,0.016853932584269662,0.0028089887640449437,0.75,0.014044943820224719,0.0,False,False,False,False,True,False,
720575940623997539,cell_class,AN,712,400,0.25,0.04,0.01,0.0028089887640449437,0.21348314606741572,0.016853932584269662,0.0028089887640449437,0.75,0.014044943820224719,0.0,False,True,False,False,True,False,
720575940623997539,cell_class,AN,712,400,0.25,0.04,0.05,0.0028089887640449437,0.21348314606741572,0.016853932584269662,0.0028089887640449437,0.75,0.014044943820224719,0.0,False,False,False,False,True,False,
720575940623997539,cell_class,AN,712,400,0.25,0.04,0.1,0.0028089887640449437,0.21348314606741572,0.016853932584269662,0.0028089887640449437,0.75,0.014044943820224719,0.0,False,False,False,False,True,False,
720575940623997539,cell_class,AN,712,400,0.25,0.02,0.01,0.0028089887640449437,0.21348314606741572,0.016853932584269662,0.0028089887640449437,0.75,0.014044943820224719,0.0,False,True,False,False,True,False,
720575940623997539,cell_class,AN,712,400,0.25,0.02,0.05,0.0028089887640449437,0.21348314606741572,0.016853932584269662,0.0028089887640449437,0.75,0.014044943820224719,0.0,False,False,False,False,True,False,
720575940623997539,cell_class,AN,712,400,0.25,0.02,0.1,0.0028089887640449437,0.21348314606741572,0.016853932584269662,0.0028089887640449437,0.75,0.014044943820224719,0.0,False,False,False,False,False,False,
720575940623997539,cell_class,AN,712,400,0.25,0.01,0.01,0.0028089887640449437,0.21348314606741572,0.016853932584269662,0.0028089887640449437,0.75,0.014044943820224719,0.0,False,True,False,False,True,False,
720575940623997539,cell_class,AN,712,400,0.25,0.01,0.05,0.0028089887640449437,0.21348314606741572,0.016853932584269662,0.0028089887640449437,0.75,0.014044943820224719,0.0,False,False,False,False,False,False,
720575940623997539,cell_class,AN,712,400,0.25,0.01,0.1,0.0028089887640449437,0.21348314606741572,0.016853932584269662,0.0028089887640449437,0.75,0.014044943820224719,0.0,False,False,False,False,False,False,
720575940627378950,cell_class,AN,10461,400,0.25,0.14285714285714285,0.01,0.014530159640569735,0.9559315553006404,0.008603383997705764,0.006213555109454163,0.009081349775356084,0.005257623554153523,0.0003823726221202562,False,True,False,False,False,False,False
720575940627378950,cell_class,AN,10461,400,0.25,0.14285714285714285,0.05,0.014530159640569735,0.9559315553006404,0.008603383997705764,0.006213555109454163,0.009081349775356084,0.005257623554153523,0.0003823726221202562,False,True,False,False,False,False,False
720575940627378950,cell_class,AN,10461,400,0.25,0.14285714285714285,0.1,0.014530159640569735,0.9559315553006404,0.008603383997705764,0.006213555109454163,0.009081349775356084,0.005257623554153523,0.0003823726221202562,False,True,False,False,False,False,False
720575940627378950,cell_class,AN,10461,400,0.25,0.04,0.01,0.014530159640569735,0.9559315553006404,0.008603383997705764,0.006213555109454163,0.009081349775356084,0.005257623554153523,0.0003823726221202562,False,True,False,False,False,False,False
720575940627378950,cell_class,AN,10461,400,0.25,0.04,0.05,0.014530159640569735,0.9559315553006404,0.008603383997705764,0.006213555109454163,0.009081349775356084,0.005257623554153523,0.0003823726221202562,False,True,False,False,False,False,False
720575940627378950,cell_class,AN,10461,400,0.25,0.04,0.1,0.014530159640569735,0.9559315553006404,0.008603383997705764,0.006213555109454163,0.009081349775356084,0.005257623554153523,0.0003823726221202562,False,True,False,False,False,False,False
720575940627378950,cell_class,AN,10461,400,0.25,0.02,0.01,0.014530159640569735,0.9559315553006404,0.008603383997705764,0.006213555109454163,0.009081349775356084,0.005257623554153523,0.0003823726221202562,False,True,False,False,False,False,False
720575940627378950,cell_class,AN,10461,400,0.25,0.02,0.05,0.014530159640569735,0.9559315553006404,0.008603383997705764,0.006213555109454163,0.009081349775356084,0.005257623554153523,0.0003823726221202562,False,True,False,False,False,False,False
720575940627378950,cell_class,AN,10461,400,0.25,0.02,0.1,0.014530159640569735,0.9559315553006404,0.008603383997705764,0.006213555109454163,0.009081349775356084,0.005257623554153523,0.0003823726221202562,False,False,False,False,False,False,False
720575940627378950,cell_class,AN,10461,400,0.25,0.01,0.01,0.014530159640569735,0.9559315553006404,0.008603383997705764,0.006213555109454163,0.009081349775356084,0.005257623554153523,0.0003823726221202562,False,True,False,False,False,False,False
720575940627378950,cell_class,AN,10461,400,0.25,0.01,0.05,0.014530159640569735,0.9559315553006404,0.008603383997705764,0.006213555109454163,0.009081349775356084,0.005257623554153523,0.0003823726221202562,False,False,False,False,False,False,False
720575940627378950,cell_class,AN,10461,400,0.25,0.01,0.1,0.014530159640569735,0.9559315553006404,0.008603383997705764,0.006213555109454163,0.009081349775356084,0.005257623554153523,0.0003823726221202562,False,False,False,False,False,False,False
720575940624180519,cell_class,AN,2245,400,0.25,0.14285714285714285,0.01,0.07527839643652562,0.6855233853006681,0.11581291759465479,0.0200445434298441,0.09621380846325167,0.0066815144766146995,0.00044543429844097997,True,True,True,False,True,False,
720575940624180519,cell_class,AN,2245,400,0.25,0.14285714285714285,0.05,0.07527839643652562,0.6855233853006681,0.11581291759465479,0.0200445434298441,0.09621380846325167,0.0066815144766146995,0.00044543429844097997,True,True,True,False,True,False,
720575940624180519,cell_class,AN,2245,400,0.25,0.14285714285714285,0.1,0.07527839643652562,0.6855233853006681,0.11581291759465479,0.0200445434298441,0.09621380846325167,0.0066815144766146995,0.00044543429844097997,False,True,True,False,False,False,
720575940624180519,cell_class,AN,2245,400,0.25,0.04,0.01,0.07527839643652562,0.6855233853006681,0.11581291759465479,0.0200445434298441,0.09621380846325167,0.0066815144766146995,0.00044543429844097997,True,True,True,False,True,False,
720575940624180519,cell_class,AN,2245,400,0.25,0.04,0.05,0.07527839643652562,0.6855233853006681,0.11581291759465479,0.0200445434298441,0.09621380846325167,0.0066815144766146995,0.00044543429844097997,False,True,False,False,False,False,
720575940624180519,cell_class,AN,2245,400,0.25,0.04,0.1,0.07527839643652562,0.6855233853006681,0.11581291759465479,0.0200445434298441,0.09621380846325167,0.0066815144766146995,0.00044543429844097997,False,True,False,False,False,False,
720575940624180519,cell_class,AN,2245,400,0.25,0.02,0.01,0.07527839643652562,0.6855233853006681,0.11581291759465479,0.0200445434298441,0.09621380846325167,0.0066815144766146995,0.00044543429844097997,False,True,True,False,False,False,
720575940624180519,cell_class,AN,2245,400,0.25,0.02,0.05,0.07527839643652562,0.6855233853006681,0.11581291759465479,0.0200445434298441,0.09621380846325167,0.0066815144766146995,0.00044543429844097997,False,True,False,False,False,False,
720575940624180519,cell_class,AN,2245,400,0.25,0.02,0.1,0.07527839643652562,0.6855233853006681,0.11581291759465479,0.0200445434298441,0.09621380846325167,0.0066815144766146995,0.00044543429844097997,False,False,False,False,False,False,
720575940624180519,cell_class,AN,2245,400,0.25,0.01,0.01,0.07527839643652562,0.6855233853006681,0.11581291759465479,0.0200445434298441,0.09621380846325167,0.0066815144766146995,0.00044543429844097997,False,True,False,False,False,False,
720575940624180519,cell_class,AN,2245,400,0.25,0.01,0.05,0.07527839643652562,0.6855233853006681,0.11581291759465479,0.0200445434298441,0.09621380846325167,0.0066815144766146995,0.00044543429844097997,False,False,False,False,False,False,
720575940624180519,cell_class,AN,2245,400,0.25,0.01,0.1,0.07527839643652562,0.6855233853006681,0.11581291759465479,0.0200445434298441,0.09621380846325167,0.0066815144766146995,0.00044543429844097997,False,False,False,False,False,False,
720575940627404090,cell_class,AN,3274,400,0.25,0.14285714285714285,0.01,0.012828344532681736,0.9502138057422114,0.00794135613927917,0.0021380574221136223,0.022296884544899205,0.004581551618814905,0.0,False,True,False,False,False,False,
720575940627404090,cell_class,AN,3274,400,0.25,0.14285714285714285,0.05,0.012828344532681736,0.9502138057422114,0.00794135613927917,0.0021380574221136223,0.022296884544899205,0.004581551618814905,0.0,False,True,False,False,False,False,
720575940627404090,cell_class,AN,3274,400,0.25,0.14285714285714285,0.1,0.012828344532681736,0.9502138057422114,0.00794135613927917,0.0021380574221136223,0.022296884544899205,0.004581551618814905,0.0,False,True,False,False,False,False,
720575940627404090,cell_class,AN,3274,400,0.25,0.04,0.01,0.012828344532681736,0.9502138057422114,0.00794135613927917,0.0021380574221136223,0.022296884544899205,0.004581551618814905,0.0,False,True,False,False,False,False,
720575940627404090,cell_class,AN,3274,400,0.25,0.04,0.05,0.012828344532681736,0.9502138057422114,0.00794135613927917,0.0021380574221136223,0.022296884544899205,0.004581551618814905,0.0,False,True,False,False,False,False,
720575940627404090,cell_class,AN,3274,400,0.25,0.04,0.1,0.012828344532681736,0.9502138057422114,0.00794135613927917,0.0021380574221136223,0.022296884544899205,0.004581551618814905,0.0,False,True,False,False,False,False,
720575940627404090,cell_class,AN,3274,400,0.25,0.02,0.01,0.012828344532681736,0.9502138057422114,0.00794135613927917,0.0021380574221136223,0.022296884544899205,0.004581551618814905,0.0,False,True,False,False,False,False,
720575940627404090,cell_class,AN,3274,400,0.25,0.02,0.05,0.012828344532681736,0.9502138057422114,0.00794135613927917,0.0021380574221136223,0.022296884544899205,0.004581551618814905,0.0,False,True,False,False,False,False,
720575940627404090,cell_class,AN,3274,400,0.25,0.02,0.1,0.012828344532681736,0.9502138057422114,0.00794135613927917,0.0021380574221136223,0.022296884544899205,0.004581551618814905,0.0,False,False,False,False,False,False,
720575940627404090,cell_class,AN,3274,400,0.25,0.01,0.01,0.012828344532681736,0.9502138057422114,0.00794135613927917,0.0021380574221136223,0.022296884544899205,0.004581551618814905,0.0,False,True,False,False,False,False,
720575940627404090,cell_class,AN,3274,400,0.25,0.01,0.05,0.012828344532681736,0.9502138057422114,0.00794135613927917,0.0021380574221136223,0.022296884544899205,0.004581551618814905,0.0,False,False,False,False,False,False,
720575940627404090,cell_class,AN,3274,400,0.25,0.01,0.1,0.012828344532681736,0.9502138057422114,0.00794135613927917,0.0021380574221136223,0.022296884544899205,0.004581551618814905,0.0,False,False,False,False,False,False,
720575940619841886,cell_class,AN,1097,400,0.25,0.14285714285714285,0.01,0.006381039197812215,0.9070191431175935,0.04740200546946217,0.0027347310847766638,0.010938924339106655,0.02552415679124886,0.0,False,True,True,False,False,True,
720575940619841886,cell_class,AN,1097,400,0.25,0.14285714285714285,0.05,0.006381039197812215,0.9070191431175935,0.04740200546946217,0.0027347310847766638,0.010938924339106655,0.02552415679124886,0.0,False,True,False,False,False,False,
720575940619841886,cell_class,AN,1097,400,0.25,0.14285714285714285,0.1,0.006381039197812215,0.9070191431175935,0.04740200546946217,0.0027347310847766638,0.010938924339106655,0.02552415679124886,0.0,False,True,False,False,False,False,
720575940619841886,cell_class,AN,1097,400,0.25,0.04,0.01,0.006381039197812215,0.9070191431175935,0.04740200546946217,0.0027347310847766638,0.010938924339106655,0.02552415679124886,0.0,False,True,True,False,False,True,
720575940619841886,cell_class,AN,1097,400,0.25,0.04,0.05,0.006381039197812215,0.9070191431175935,0.04740200546946217,0.0027347310847766638,0.010938924339106655,0.02552415679124886,0.0,False,True,False,False,False,False,
720575940619841886,cell_class,AN,1097,400,0.25,0.04,0.1,0.006381039197812215,0.9070191431175935,0.04740200546946217,0.0027347310847766638,0.010938924339106655,0.02552415679124886,0.0,False,True,False,False,False,False,
720575940619841886,cell_class,AN,1097,400,0.25,0.02,0.01,0.006381039197812215,0.9070191431175935,0.04740200546946217,0.0027347310847766638,0.010938924339106655,0.02552415679124886,0.0,False,True,True,False,False,True,
720575940619841886,cell_class,AN,1097,400,0.25,0.02,0.05,0.006381039197812215,0.9070191431175935,0.04740200546946217,0.0027347310847766638,0.010938924339106655,0.02552415679124886,0.0,False,True,False,False,False,False,
720575940619841886,cell_class,AN,1097,400,0.25,0.02,0.1,0.006381039197812215,0.9070191431175935,0.04740200546946217,0.0027347310847766638,0.010938924339106655,0.02552415679124886,0.0,False,True,False,False,False,False,
720575940619841886,cell_class,AN,1097,400,0.25,0.01,0.01,0.006381039197812215,0.9070191431175935,0.04740200546946217,0.0027347310847766638,0.010938924339106655,0.02552415679124886,0.0,False,True,False,False,False,False,
720575940619841886,cell_class,AN,1097,400,0.25,0.01,0.05,0.006381039197812215,0.9070191431175935,0.04740200546946217,0.0027347310847766638,0.010938924339106655,0.02552415679124886,0.0,False,False,False,False,False,False,
720575940619841886,cell_class,AN,1097,400,0.25,0.01,0.1,0.006381039197812215,0.9070191431175935,0.04740200546946217,0.0027347310847766638,0.010938924339106655,0.02552415679124886,0.0,False,False,False,False,False,False,
720575940620677302,cell_class,AN,989,400,0.25,0.14285714285714285,0.01,0.003033367037411527,0.961577350859454,0.01314459049544995,0.0,0.00910010111223458,0.012133468149646108,0.0010111223458038423,False,True,False,,False,False,
720575940620677302,cell_class,AN,989,400,0.25,0.14285714285714285,0.05,0.003033367037411527,0.961577350859454,0.01314459049544995,0.0,0.00910010111223458,0.012133468149646108,0.0010111223458038423,False,True,False,,False,False,
720575940620677302,cell_class,AN,989,400,0.25,0.14285714285714285,0.1,0.003033367037411527,0.961577350859454,0.01314459049544995,0.0,0.00910010111223458,0.012133468149646108,0.0010111223458038423,False,True,False,,False,False,
720575940620677302,cell_class,AN,989,400,0.25,0.04,0.01,0.003033367037411527,0.961577350859454,0.01314459049544995,0.0,0.00910010111223458,0.012133468149646108,0.0010111223458038423,False,True,False,,False,False,
720575940620677302,cell_class,AN,989,400,0.25,0.04,0.05,0.003033367037411527,0.961577350859454,0.01314459049544995,0.0,0.00910010111223458,0.012133468149646108,0.0010111223458038423,False,True,False,,False,False,
720575940620677302,cell_class,AN,989,400,0.25,0.04,0.1,0.003033367037411527,0.961577350859454,0.01314459049544995,0.0,0.00910010111223458,0.012133468149646108,0.0010111223458038423,False,True,False,,False,False,
720575940620677302,cell_class,AN,989,400,0.25,0.02,0.01,0.003033367037411527,0.961577350859454,0.01314459049544995,0.0,0.00910010111223458,0.012133468149646108,0.0010111223458038423,False,True,False,,False,False,
720575940620677302,cell_class,AN,989,400,0.25,0.02,0.05,0.003033367037411527,0.961577350859454,0.01314459049544995,0.0,0.00910010111223458,0.012133468149646108,0.0010111223458038423,False,True,False,,False,False,
720575940620677302,cell_class,AN,989,400,0.25,0.02,0.1,0.003033367037411527,0.961577350859454,0.01314459049544995,0.0,0.00910010111223458,0.012133468149646108,0.0010111223458038423,False,False,False,,False,False,
720575940620677302,cell_class,AN,989,400,0.25,0.01,0.01,0.003033367037411527,0.961577350859454,0.01314459049544995,0.0,0.00910010111223458,0.012133468149646108,0.0010111223458038423,False,True,False,,False,False,
720575940620677302,cell_class,AN,989,400,0.25,0.01,0.05,0.003033367037411527,0.961577350859454,0.01314459049544995,0.0,0.00910010111223458,0.012133468149646108,0.0010111223458038423,False,False,False,,False,False,
720575940620677302,cell_class,AN,989,400,0.25,0.01,0.1,0.003033367037411527,0.961577350859454,0.01314459049544995,0.0,0.00910010111223458,0.012133468149646108,0.0010111223458038423,False,False,False,,False,False,
720575940637955968,cell_class,AN,595,400,0.25,0.14285714285714285,0.01,0.021848739495798318,0.7798319327731092,0.06722689075630252,0.0,0.12436974789915967,0.0067226890756302525,0.0,False,True,True,,True,False,
720575940637955968,cell_class,AN,595,400,0.25,0.14285714285714285,0.05,0.021848739495798318,0.7798319327731092,0.06722689075630252,0.0,0.12436974789915967,0.0067226890756302525,0.0,False,True,False,,False,False,
720575940637955968,cell_class,AN,595,400,0.25,0.14285714285714285,0.1,0.021848739495798318,0.7798319327731092,0.06722689075630252,0.0,0.12436974789915967,0.0067226890756302525,0.0,False,True,False,,False,False,
720575940637955968,cell_class,AN,595,400,0.25,0.04,0.01,0.021848739495798318,0.7798319327731092,0.06722689075630252,0.0,0.12436974789915967,0.0067226890756302525,0.0,False,True,True,,True,False,
720575940637955968,cell_class,AN,595,400,0.25,0.04,0.05,0.021848739495798318,0.7798319327731092,0.06722689075630252,0.0,0.12436974789915967,0.0067226890756302525,0.0,False,True,False,,False,False,
720575940637955968,cell_class,AN,595,400,0.25,0.04,0.1,0.021848739495798318,0.7798319327731092,0.06722689075630252,0.0,0.12436974789915967,0.0067226890756302525,0.0,False,True,False,,False,False,
720575940637955968,cell_class,AN,595,400,0.25,0.02,0.01,0.021848739495798318,0.7798319327731092,0.06722689075630252,0.0,0.12436974789915967,0.0067226890756302525,0.0,False,True,True,,True,False,
720575940637955968,cell_class,AN,595,400,0.25,0.02,0.05,0.021848739495798318,0.7798319327731092,0.06722689075630252,0.0,0.12436974789915967,0.0067226890756302525,0.0,False,True,False,,False,False,
720575940637955968,cell_class,AN,595,400,0.25,0.02,0.1,0.021848739495798318,0.7798319327731092,0.06722689075630252,0.0,0.12436974789915967,0.0067226890756302525,0.0,False,True,False,,False,False,
720575940637955968,cell_class,AN,595,400,0.25,0.01,0.01,0.021848739495798318,0.7798319327731092,0.06722689075630252,0.0,0.12436974789915967,0.0067226890756302525,0.0,False,True,True,,True,False,
720575940637955968,cell_class,AN,595,400,0.25,0.01,0.05,0.021848739495798318,0.7798319327731092,0.06722689075630252,0.0,0.12436974789915967,0.0067226890756302525,0.0,False,True,False,,False,False,
720575940637955968,cell_class,AN,595,400,0.25,0.01,0.1,0.021848739495798318,0.7798319327731092,0.06722689075630252,0.0,0.12436974789915967,0.0067226890756302525,0.0,False,False,False,,False,False,
720575940629965932,cell_class,AN,2663,400,0.25,0.14285714285714285,0.01,0.7525347352609838,0.18588058580548253,0.015396169733383402,0.0026286143447239955,0.030041306796845663,0.012767555388659407,0.0007510326699211416,True,True,False,False,True,False,False
720575940629965932,cell_class,AN,2663,400,0.25,0.14285714285714285,0.05,0.7525347352609838,0.18588058580548253,0.015396169733383402,0.0026286143447239955,0.030041306796845663,0.012767555388659407,0.0007510326699211416,True,False,False,False,False,False,False
720575940629965932,cell_class,AN,2663,400,0.25,0.14285714285714285,0.1,0.7525347352609838,0.18588058580548253,0.015396169733383402,0.0026286143447239955,0.030041306796845663,0.012767555388659407,0.0007510326699211416,True,False,False,False,False,False,False
720575940629965932,cell_class,AN,2663,400,0.25,0.04,0.01,0.7525347352609838,0.18588058580548253,0.015396169733383402,0.0026286143447239955,0.030041306796845663,0.012767555388659407,0.0007510326699211416,True,True,False,False,False,False,False
720575940629965932,cell_class,AN,2663,400,0.25,0.04,0.05,0.7525347352609838,0.18588058580548253,0.015396169733383402,0.0026286143447239955,0.030041306796845663,0.012767555388659407,0.0007510326699211416,True,False,False,False,False,False,False
720575940629965932,cell_class,AN,2663,400,0.25,0.04,0.1,0.7525347352609838,0.18588058580548253,0.015396169733383402,0.0026286143447239955,0.030041306796845663,0.012767555388659407,0.0007510326699211416,False,False,False,False,False,False,False
720575940629965932,cell_class,AN,2663,400,0.25,0.02,0.01,0.7525347352609838,0.18588058580548253,0.015396169733383402,0.0026286143447239955,0.030041306796845663,0.012767555388659407,0.0007510326699211416,True,True,False,False,False,False,False
720575940629965932,cell_class,AN,2663,400,0.25,0.02,0.05,0.7525347352609838,0.18588058580548253,0.015396169733383402,0.0026286143447239955,0.030041306796845663,0.012767555388659407,0.0007510326699211416,False,False,False,False,False,False,False
720575940629965932,cell_class,AN,2663,400,0.25,0.02,0.1,0.7525347352609838,0.18588058580548253,0.015396169733383402,0.0026286143447239955,0.030041306796845663,0.012767555388659407,0.0007510326699211416,False,False,False,False,False,False,False
720575940629965932,cell_class,AN,2663,400,0.25,0.01,0.01,0.7525347352609838,0.18588058580548253,0.015396169733383402,0.0026286143447239955,0.030041306796845663,0.012767555388659407,0.0007510326699211416,True,True,False,False,False,False,False
720575940629965932,cell_class,AN,2663,400,0.25,0.01,0.05,0.7525347352609838,0.18588058580548253,0.015396169733383402,0.0026286143447239955,0.030041306796845663,0.012767555388659407,0.0007510326699211416,False,False,False,False,False,False,False
720575940629965932,cell_class,AN,2663,400,0.25,0.01,0.1,0.7525347352609838,0.18588058580548253,0.015396169733383402,0.0026286143447239955,0.030041306796845663,0.012767555388659407,0.0007510326699211416,False,False,False,False,False,False,False
720575940628548711,cell_class,AN,5146,400,0.25,0.14285714285714285,0.01,0.6618732996502138,0.2516517683637777,0.054994170229304314,0.001554605518849592,0.02681694520015546,0.0029148853478429848,0.000194325689856199,True,True,True,False,False,False,
720575940628548711,cell_class,AN,5146,400,0.25,0.14285714285714285,0.05,0.6618732996502138,0.2516517683637777,0.054994170229304314,0.001554605518849592,0.02681694520015546,0.0029148853478429848,0.000194325689856199,True,True,False,False,False,False,
720575940628548711,cell_class,AN,5146,400,0.25,0.14285714285714285,0.1,0.6618732996502138,0.2516517683637777,0.054994170229304314,0.001554605518849592,0.02681694520015546,0.0029148853478429848,0.000194325689856199,True,True,False,False,False,False,
720575940628548711,cell_class,AN,5146,400,0.25,0.04,0.01,0.6618732996502138,0.2516517683637777,0.054994170229304314,0.001554605518849592,0.02681694520015546,0.0029148853478429848,0.000194325689856199,True,True,True,False,False,False,
720575940628548711,cell_class,AN,5146,400,0.25,0.04,0.05,0.6618732996502138,0.2516517683637777,0.054994170229304314,0.001554605518849592,0.02681694520015546,0.0029148853478429848,0.000194325689856199,True,False,False,False,False,False,
720575940628548711,cell_class,AN,5146,400,0.25,0.04,0.1,0.6618732996502138,0.2516517683637777,0.054994170229304314,0.001554605518849592,0.02681694520015546,0.0029148853478429848,0.000194325689856199,True,False,False,False,False,False,
720575940628548711,cell_class,AN,5146,400,0.25,0.02,0.01,0.6618732996502138,0.2516517683637777,0.054994170229304314,0.001554605518849592,0.02681694520015546,0.0029148853478429848,0.000194325689856199,True,True,False,False,False,False,
720575940628548711,cell_class,AN,5146,400,0.25,0.02,0.05,0.6618732996502138,0.2516517683637777,0.054994170229304314,0.001554605518849592,0.02681694520015546,0.0029148853478429848,0.000194325689856199,True,False,False,False,False,False,
720575940628548711,cell_class,AN,5146,400,0.25,0.02,0.1,0.6618732996502138,0.2516517683637777,0.054994170229304314,0.001554605518849592,0.02681694520015546,0.0029148853478429848,0.000194325689856199,False,False,False,False,False,False,
720575940628548711,cell_class,AN,5146,400,0.25,0.01,0.01,0.6618732996502138,0.2516517683637777,0.054994170229304314,0.001554605518849592,0.02681694520015546,0.0029148853478429848,0.000194325689856199,True,True,False,False,False,False,
720575940628548711,cell_class,AN,5146,400,0.25,0.01,0.05,0.6618732996502138,0.2516517683637777,0.054994170229304314,0.001554605518849592,0.02681694520015546,0.0029148853478429848,0.000194325689856199,False,False,False,False,False,False,
720575940628548711,cell_class,AN,5146,400,0.25,0.01,0.1,0.6618732996502138,0.2516517683637777,0.054994170229304314,0.001554605518849592,0.02681694520015546,0.0029148853478429848,0.000194325689856199,False,False,False,False,False,False,
720575940627824712,cell_class,AN,5270,400,0.25,0.14285714285714285,0.01,0.3332068311195446,0.22922201138519924,0.16242884250474382,0.045351043643263755,0.21973434535104364,0.009487666034155597,0.0005692599620493358,True,True,True,True,True,False,False
720575940627824712,cell_class,AN,5270,400,0.25,0.14285714285714285,0.05,0.3332068311195446,0.22922201138519924,0.16242884250474382,0.045351043643263755,0.21973434535104364,0.009487666034155597,0.0005692599620493358,True,True,True,False,True,False,False
720575940627824712,cell_class,AN,5270,400,0.25,0.14285714285714285,0.1,0.3332068311195446,0.22922201138519924,0.16242884250474382,0.045351043643263755,0.21973434535104364,0.009487666034155597,0.0005692599620493358,True,False,False,False,True,False,False
720575940627824712,cell_class,AN,5270,400,0.25,0.04,0.01,0.3332068311195446,0.22922201138519924,0.16242884250474382,0.045351043643263755,0.21973434535104364,0.009487666034155597,0.0005692599620493358,True,True,True,False,True,False,False
720575940627824712,cell_class,AN,5270,400,0.25,0.04,0.05,0.3332068311195446,0.22922201138519924,0.16242884250474382,0.045351043643263755,0.21973434535104364,0.009487666034155597,0.0005692599620493358,True,False,False,False,True,False,False
720575940627824712,cell_class,AN,5270,400,0.25,0.04,0.1,0.3332068311195446,0.22922201138519924,0.16242884250474382,0.045351043643263755,0.21973434535104364,0.009487666034155597,0.0005692599620493358,False,False,False,False,False,False,False
720575940627824712,cell_class,AN,5270,400,0.25,0.02,0.01,0.3332068311195446,0.22922201138519924,0.16242884250474382,0.045351043643263755,0.21973434535104364,0.009487666034155597,0.0005692599620493358,True,True,True,False,True,False,False
720575940627824712,cell_class,AN,5270,400,0.25,0.02,0.05,0.3332068311195446,0.22922201138519924,0.16242884250474382,0.045351043643263755,0.21973434535104364,0.009487666034155597,0.0005692599620493358,False,False,False,False,False,False,False
720575940627824712,cell_class,AN,5270,400,0.25,0.02,0.1,0.3332068311195446,0.22922201138519924,0.16242884250474382,0.045351043643263755,0.21973434535104364,0.009487666034155597,0.0005692599620493358,False,False,False,False,False,False,False
720575940627824712,cell_class,AN,5270,400,0.25,0.01,0.01,0.3332068311195446,0.22922201138519924,0.16242884250474382,0.045351043643263755,0.21973434535104364,0.009487666034155597,0.0005692599620493358,True,True,True,False,True,False,False
720575940627824712,cell_class,AN,5270,400,0.25,0.01,0.05,0.3332068311195446,0.22922201138519924,0.16242884250474382,0.045351043643263755,0.21973434535104364,0.009487666034155597,0.0005692599620493358,False,False,False,False,False,False,False
720575940627824712,cell_class,AN,5270,400,0.25,0.01,0.1,0.3332068311195446,0.22922201138519924,0.16242884250474382,0.045351043643263755,0.21973434535104364,0.009487666034155597,0.0005692599620493358,False,False,False,False,False,False,False
720575940644666916,cell_class,AN,2565,400,0.25,0.14285714285714285,0.01,0.0050682261208577,0.8448343079922027,0.11306042884990253,0.0003898635477582846,0.020662768031189084,0.015594541910331383,0.0003898635477582846,False,True,True,,True,False,
720575940644666916,cell_class,AN,2565,400,0.25,0.14285714285714285,0.05,0.0050682261208577,0.8448343079922027,0.11306042884990253,0.0003898635477582846,0.020662768031189084,0.015594541910331383,0.0003898635477582846,False,True,False,,False,False,
720575940644666916,cell_class,AN,2565,400,0.25,0.14285714285714285,0.1,0.0050682261208577,0.8448343079922027,0.11306042884990253,0.0003898635477582846,0.020662768031189084,0.015594541910331383,0.0003898635477582846,False,True,False,,False,False,
720575940644666916,cell_class,AN,2565,400,0.25,0.04,0.01,0.0050682261208577,0.8448343079922027,0.11306042884990253,0.0003898635477582846,0.020662768031189084,0.015594541910331383,0.0003898635477582846,False,True,True,,False,False,
720575940644666916,cell_class,AN,2565,400,0.25,0.04,0.05,0.0050682261208577,0.8448343079922027,0.11306042884990253,0.0003898635477582846,0.020662768031189084,0.015594541910331383,0.0003898635477582846,False,True,False,,False,False,
720575940644666916,cell_class,AN,2565,400,0.25,0.04,0.1,0.0050682261208577,0.8448343079922027,0.11306042884990253,0.0003898635477582846,0.020662768031189084,0.015594541910331383,0.0003898635477582846,False,False,False,,False,False,
720575940644666916,cell_class,AN,2565,400,0.25,0.02,0.01,0.0050682261208577,0.8448343079922027,0.11306042884990253,0.0003898635477582846,0.020662768031189084,0.015594541910331383,0.0003898635477582846,False,True,True,,False,False,
720575940644666916,cell_class,AN,2565,400,0.25,0.02,0.05,0.0050682261208577,0.8448343079922027,0.11306042884990253,0.0003898635477582846,0.020662768031189084,0.015594541910331383,0.0003898635477582846,False,True,False,,False,False,
720575940644666916,cell_class,AN,2565,400,0.25,0.02,0.1,0.0050682261208577,0.8448343079922027,0.11306042884990253,0.0003898635477582846,0.020662768031189084,0.015594541910331383,0.0003898635477582846,False,False,False,,False,False,
720575940644666916,cell_class,AN,2565,400,0.25,0.01,0.01,0.0050682261208577,0.8448343079922027,0.11306042884990253,0.0003898635477582846,0.020662768031189084,0.015594541910331383,0.0003898635477582846,False,True,True,,False,False,
720575940644666916,cell_class,AN,2565,400,0.25,0.01,0.05,0.0050682261208577,0.8448343079922027,0.11306042884990253,0.0003898635477582846,0.020662768031189084,0.015594541910331383,0.0003898635477582846,False,False,False,,False,False,
720575940644666916,cell_class,AN,2565,400,0.25,0.01,0.1,0.0050682261208577,0.8448343079922027,0.11306042884990253,0.0003898635477582846,0.020662768031189084,0.015594541910331383,0.0003898635477582846,False,False,False,,False,False,
720575940623118029,cell_class,AN,6457,400,0.25,0.14285714285714285,0.01,0.005885085953229054,0.9773888802849621,0.0038717670744927986,0.0013938361468174075,0.006039956636208765,0.0054204739042899176,0.0,False,True,False,False,False,False,
720575940623118029,cell_class,AN,6457,400,0.25,0.14285714285714285,0.05,0.005885085953229054,0.9773888802849621,0.0038717670744927986,0.0013938361468174075,0.006039956636208765,0.0054204739042899176,0.0,False,True,False,False,False,False,
720575940623118029,cell_class,AN,6457,400,0.25,0.14285714285714285,0.1,0.005885085953229054,0.9773888802849621,0.0038717670744927986,0.0013938361468174075,0.006039956636208765,0.0054204739042899176,0.0,False,True,False,False,False,False,
720575940623118029,cell_class,AN,6457,400,0.25,0.04,0.01,0.005885085953229054,0.9773888802849621,0.0038717670744927986,0.0013938361468174075,0.006039956636208765,0.0054204739042899176,0.0,False,True,False,False,False,False,
720575940623118029,cell_class,AN,6457,400,0.25,0.04,0.05,0.005885085953229054,0.9773888802849621,0.0038717670744927986,0.0013938361468174075,0.006039956636208765,0.0054204739042899176,0.0,False,True,False,False,False,False,
720575940623118029,cell_class,AN,6457,400,0.25,0.04,0.1,0.005885085953229054,0.9773888802849621,0.0038717670744927986,0.0013938361468174075,0.006039956636208765,0.0054204739042899176,0.0,False,True,False,False,False,False,
720575940623118029,cell_class,AN,6457,400,0.25,0.02,0.01,0.005885085953229054,0.9773888802849621,0.0038717670744927986,0.0013938361468174075,0.006039956636208765,0.0054204739042899176,0.0,False,True,False,False,False,False,
720575940623118029,cell_class,AN,6457,400,0.25,0.02,0.05,0.005885085953229054,0.9773888802849621,0.0038717670744927986,0.0013938361468174075,0.006039956636208765,0.0054204739042899176,0.0,False,True,False,False,False,False,
720575940623118029,cell_class,AN,6457,400,0.25,0.02,0.1,0.005885085953229054,0.9773888802849621,0.0038717670744927986,0.0013938361468174075,0.006039956636208765,0.0054204739042899176,0.0,False,False,False,False,False,False,
720575940623118029,cell_class,AN,6457,400,0.25,0.01,0.01,0.005885085953229054,0.9773888802849621,0.0038717670744927986,0.0013938361468174075,0.006039956636208765,0.0054204739042899176,0.0,False,True,False,False,False,False,
720575940623118029,cell_class,AN,6457,400,0.25,0.01,0.05,0.005885085953229054,0.9773888802849621,0.0038717670744927986,0.0013938361468174075,0.006039956636208765,0.0054204739042899176,0.0,False,False,False,False,False,False,
720575940623118029,cell_class,AN,6457,400,0.25,0.01,0.1,0.005885085953229054,0.9773888802849621,0.0038717670744927986,0.0013938361468174075,0.006039956636208765,0.0054204739042899176,0.0,False,False,False,False,False,False,
720575940627348712,cell_class,AN,750,400,0.25,0.14285714285714285,0.01,0.5933333333333334,0.292,0.04933333333333333,0.0013333333333333333,0.037333333333333336,0.024,0.0026666666666666666,True,True,True,,True,True,False
720575940627348712,cell_class,AN,750,400,0.25,0.14285714285714285,0.05,0.5933333333333334,0.292,0.04933333333333333,0.0013333333333333333,0.037333333333333336,0.024,0.0026666666666666666,True,True,False,,False,False,False
720575940627348712,cell_class,AN,750,400,0.25,0.14285714285714285,0.1,0.5933333333333334,0.292,0.04933333333333333,0.0013333333333333333,0.037333333333333336,0.024,0.0026666666666666666,True,False,False,,False,False,False
720575940627348712,cell_class,AN,750,400,0.25,0.04,0.01,0.5933333333333334,0.292,0.04933333333333333,0.0013333333333333333,0.037333333333333336,0.024,0.0026666666666666666,True,True,True,,False,False,False
720575940627348712,cell_class,AN,750,400,0.25,0.04,0.05,0.5933333333333334,0.292,0.04933333333333333,0.0013333333333333333,0.037333333333333336,0.024,0.0026666666666666666,True,False,False,,False,False,False
720575940627348712,cell_class,AN,750,400,0.25,0.04,0.1,0.5933333333333334,0.292,0.04933333333333333,0.0013333333333333333,0.037333333333333336,0.024,0.0026666666666666666,True,False,False,,False,False,False
720575940627348712,cell_class,AN,750,400,0.25,0.02,0.01,0.5933333333333334,0.292,0.04933333333333333,0.0013333333333333333,0.037333333333333336,0.024,0.0026666666666666666,True,True,True,,False,False,False
720575940627348712,cell_class,AN,750,400,0.25,0.02,0.05,0.5933333333333334,0.292,0.04933333333333333,0.0013333333333333333,0.037333333333333336,0.024,0.0026666666666666666,True,False,False,,False,False,False
720575940627348712,cell_class,AN,750,400,0.25,0.02,0.1,0.5933333333333334,0.292,0.04933333333333333,0.0013333333333333333,0.037333333333333336,0.024,0.0026666666666666666,False,False,False,,False,False,False
720575940627348712,cell_class,AN,750,400,0.25,0.01,0.01,0.5933333333333334,0.292,0.04933333333333333,0.0013333333333333333,0.037333333333333336,0.024,0.0026666666666666666,True,True,True,,False,False,False
720575940627348712,cell_class,AN,750,400,0.25,0.01,0.05,0.5933333333333334,0.292,0.04933333333333333,0.0013333333333333333,0.037333333333333336,0.024,0.0026666666666666666,True,False,False,,False,False,False
720575940627348712,cell_class,AN,750,400,0.25,0.01,0.1,0.5933333333333334,0.292,0.04933333333333333,0.0013333333333333333,0.037333333333333336,0.024,0.0026666666666666666,False,False,False,,False,False,False
720575940630763724,cell_class,AN,719,400,0.25,0.14285714285714285,0.01,0.1070931849791377,0.34492350486787204,0.3810848400556328,0.02364394993045897,0.1404728789986092,0.0013908205841446453,0.0013908205841446453,True,True,True,False,True,,
720575940630763724,cell_class,AN,719,400,0.25,0.14285714285714285,0.05,0.1070931849791377,0.34492350486787204,0.3810848400556328,0.02364394993045897,0.1404728789986092,0.0013908205841446453,0.0013908205841446453,True,True,True,False,False,,
720575940630763724,cell_class,AN,719,400,0.25,0.14285714285714285,0.1,0.1070931849791377,0.34492350486787204,0.3810848400556328,0.02364394993045897,0.1404728789986092,0.0013908205841446453,0.0013908205841446453,False,True,True,False,False,,
720575940630763724,cell_class,AN,719,400,0.25,0.04,0.01,0.1070931849791377,0.34492350486787204,0.3810848400556328,0.02364394993045897,0.1404728789986092,0.0013908205841446453,0.0013908205841446453,True,True,True,False,True,,
720575940630763724,cell_class,AN,719,400,0.25,0.04,0.05,0.1070931849791377,0.34492350486787204,0.3810848400556328,0.02364394993045897,0.1404728789986092,0.0013908205841446453,0.0013908205841446453,False,True,True,False,False,,
720575940630763724,cell_class,AN,719,400,0.25,0.04,0.1,0.1070931849791377,0.34492350486787204,0.3810848400556328,0.02364394993045897,0.1404728789986092,0.0013908205841446453,0.0013908205841446453,False,False,False,False,False,,
720575940630763724,cell_class,AN,719,400,0.25,0.02,0.01,0.1070931849791377,0.34492350486787204,0.3810848400556328,0.02364394993045897,0.1404728789986092,0.0013908205841446453,0.0013908205841446453,True,True,True,False,True,,
720575940630763724,cell_class,AN,719,400,0.25,0.02,0.05,0.1070931849791377,0.34492350486787204,0.3810848400556328,0.02364394993045897,0.1404728789986092,0.0013908205841446453,0.0013908205841446453,False,True,True,False,False,,
720575940630763724,cell_class,AN,719,400,0.25,0.02,0.1,0.1070931849791377,0.34492350486787204,0.3810848400556328,0.02364394993045897,0.1404728789986092,0.0013908205841446453,0.0013908205841446453,False,False,False,False,False,,
720575940630763724,cell_class,AN,719,400,0.25,0.01,0.01,0.1070931849791377,0.34492350486787204,0.3810848400556328,0.02364394993045897,0.1404728789986092,0.0013908205841446453,0.0013908205841446453,True,True,True,False,True,,
720575940630763724,cell_class,AN,719,400,0.25,0.01,0.05,0.1070931849791377,0.34492350486787204,0.3810848400556328,0.02364394993045897,0.1404728789986092,0.0013908205841446453,0.0013908205841446453,False,False,False,False,False,,
720575940630763724,cell_class,AN,719,400,0.25,0.01,0.1,0.1070931849791377,0.34492350486787204,0.3810848400556328,0.02364394993045897,0.1404728789986092,0.0013908205841446453,0.0013908205841446453,False,False,False,False,False,,
720575940626339130,cell_class,AN,6465,400,0.25,0.14285714285714285,0.01,0.05382830626450116,0.8553750966744006,0.04006187161639598,0.011136890951276101,0.029698375870069606,0.009590100541376644,0.0003093580819798917,True,True,True,False,False,False,False
720575940626339130,cell_class,AN,6465,400,0.25,0.14285714285714285,0.05,0.05382830626450116,0.8553750966744006,0.04006187161639598,0.011136890951276101,0.029698375870069606,0.009590100541376644,0.0003093580819798917,False,True,False,False,False,False,False
720575940626339130,cell_class,AN,6465,400,0.25,0.14285714285714285,0.1,0.05382830626450116,0.8553750966744006,0.04006187161639598,0.011136890951276101,0.029698375870069606,0.009590100541376644,0.0003093580819798917,False,True,False,False,False,False,False
720575940626339130,cell_class,AN,6465,400,0.25,0.04,0.01,0.05382830626450116,0.8553750966744006,0.04006187161639598,0.011136890951276101,0.029698375870069606,0.009590100541376644,0.0003093580819798917,False,True,False,False,False,False,False
720575940626339130,cell_class,AN,6465,400,0.25,0.04,0.05,0.05382830626450116,0.8553750966744006,0.04006187161639598,0.011136890951276101,0.029698375870069606,0.009590100541376644,0.0003093580819798917,False,True,False,False,False,False,False
720575940626339130,cell_class,AN,6465,400,0.25,0.04,0.1,0.05382830626450116,0.8553750966744006,0.04006187161639598,0.011136890951276101,0.029698375870069606,0.009590100541376644,0.0003093580819798917,False,True,False,False,False,False,False
720575940626339130,cell_class,AN,6465,400,0.25,0.02,0.01,0.05382830626450116,0.8553750966744006,0.04006187161639598,0.011136890951276101,0.029698375870069606,0.009590100541376644,0.0003093580819798917,False,True,False,False,False,False,False
720575940626339130,cell_class,AN,6465,400,0.25,0.02,0.05,0.05382830626450116,0.8553750966744006,0.04006187161639598,0.011136890951276101,0.029698375870069606,0.009590100541376644,0.0003093580819798917,False,True,False,False,False,False,False
720575940626339130,cell_class,AN,6465,400,0.25,0.02,0.1,0.05382830626450116,0.8553750966744006,0.04006187161639598,0.011136890951276101,0.029698375870069606,0.009590100541376644,0.0003093580819798917,False,False,False,False,False,False,False
720575940626339130,cell_class,AN,6465,400,0.25,0.01,0.01,0.05382830626450116,0.8553750966744006,0.04006187161639598,0.011136890951276101,0.029698375870069606,0.009590100541376644,0.0003093580819798917,False,True,False,False,False,False,False
720575940626339130,cell_class,AN,6465,400,0.25,0.01,0.05,0.05382830626450116,0.8553750966744006,0.04006187161639598,0.011136890951276101,0.029698375870069606,0.009590100541376644,0.0003093580819798917,False,False,False,False,False,False,False
720575940626339130,cell_class,AN,6465,400,0.25,0.01,0.1,0.05382830626450116,0.8553750966744006,0.04006187161639598,0.011136890951276101,0.029698375870069606,0.009590100541376644,0.0003093580819798917,False,False,False,False,False,False,False
720575940642422157,cell_class,AN,20573,400,0.25,0.14285714285714285,0.01,0.09225684149127497,0.10815146065231128,0.7311038740096243,0.007534146697127303,0.054586108005638456,0.005930102561609877,0.0004374665824138434,True,True,True,False,True,False,False
720575940642422157,cell_class,AN,20573,400,0.25,0.14285714285714285,0.05,0.09225684149127497,0.10815146065231128,0.7311038740096243,0.007534146697127303,0.054586108005638456,0.005930102561609877,0.0004374665824138434,False,True,True,False,False,False,False
720575940642422157,cell_class,AN,20573,400,0.25,0.14285714285714285,0.1,0.09225684149127497,0.10815146065231128,0.7311038740096243,0.007534146697127303,0.054586108005638456,0.005930102561609877,0.0004374665824138434,False,False,True,False,False,False,False
720575940642422157,cell_class,AN,20573,400,0.25,0.04,0.01,0.09225684149127497,0.10815146065231128,0.7311038740096243,0.007534146697127303,0.054586108005638456,0.005930102561609877,0.0004374665824138434,True,True,True,False,True,False,False
720575940642422157,cell_class,AN,20573,400,0.25,0.04,0.05,0.09225684149127497,0.10815146065231128,0.7311038740096243,0.007534146697127303,0.054586108005638456,0.005930102561609877,0.0004374665824138434,False,False,True,False,False,False,False
720575940642422157,cell_class,AN,20573,400,0.25,0.04,0.1,0.09225684149127497,0.10815146065231128,0.7311038740096243,0.007534146697127303,0.054586108005638456,0.005930102561609877,0.0004374665824138434,False,False,False,False,False,False,False
720575940642422157,cell_class,AN,20573,400,0.25,0.02,0.01,0.09225684149127497,0.10815146065231128,0.7311038740096243,0.007534146697127303,0.054586108005638456,0.005930102561609877,0.0004374665824138434,False,True,True,False,False,False,False
720575940642422157,cell_class,AN,20573,400,0.25,0.02,0.05,0.09225684149127497,0.10815146065231128,0.7311038740096243,0.007534146697127303,0.054586108005638456,0.005930102561609877,0.0004374665824138434,False,False,False,False,False,False,False
720575940642422157,cell_class,AN,20573,400,0.25,0.02,0.1,0.09225684149127497,0.10815146065231128,0.7311038740096243,0.007534146697127303,0.054586108005638456,0.005930102561609877,0.0004374665824138434,False,False,False,False,False,False,False
720575940642422157,cell_class,AN,20573,400,0.25,0.01,0.01,0.09225684149127497,0.10815146065231128,0.7311038740096243,0.007534146697127303,0.054586108005638456,0.005930102561609877,0.0004374665824138434,False,False,True,False,False,False,False
720575940642422157,cell_class,AN,20573,400,0.25,0.01,0.05,0.09225684149127497,0.10815146065231128,0.7311038740096243,0.007534146697127303,0.054586108005638456,0.005930102561609877,0.0004374665824138434,False,False,False,False,False,False,False
720575940642422157,cell_class,AN,20573,400,0.25,0.01,0.1,0.09225684149127497,0.10815146065231128,0.7311038740096243,0.007534146697127303,0.054586108005638456,0.005930102561609877,0.0004374665824138434,False,False,False,False,False,False,False
720575940611932842,cell_class,AN,8249,400,0.25,0.14285714285714285,0.01,0.75136380167293,0.09334464783610134,0.08425263668323434,0.021578373136137714,0.038186446842041456,0.010667959752697296,0.000606134076857801,True,True,True,False,True,False,False
720575940611932842,cell_class,AN,8249,400,0.25,0.14285714285714285,0.05,0.75136380167293,0.09334464783610134,0.08425263668323434,0.021578373136137714,0.038186446842041456,0.010667959752697296,0.000606134076857801,True,True,False,False,False,False,False
720575940611932842,cell_class,AN,8249,400,0.25,0.14285714285714285,0.1,0.75136380167293,0.09334464783610134,0.08425263668323434,0.021578373136137714,0.038186446842041456,0.010667959752697296,0.000606134076857801,True,False,False,False,False,False,False
720575940611932842,cell_class,AN,8249,400,0.25,0.04,0.01,0.75136380167293,0.09334464783610134,0.08425263668323434,0.021578373136137714,0.038186446842041456,0.010667959752697296,0.000606134076857801,True,True,True,False,False,False,False
720575940611932842,cell_class,AN,8249,400,0.25,0.04,0.05,0.75136380167293,0.09334464783610134,0.08425263668323434,0.021578373136137714,0.038186446842041456,0.010667959752697296,0.000606134076857801,True,False,False,False,False,False,False
720575940611932842,cell_class,AN,8249,400,0.25,0.04,0.1,0.75136380167293,0.09334464783610134,0.08425263668323434,0.021578373136137714,0.038186446842041456,0.010667959752697296,0.000606134076857801,True,False,False,False,False,False,False
720575940611932842,cell_class,AN,8249,400,0.25,0.02,0.01,0.75136380167293,0.09334464783610134,0.08425263668323434,0.021578373136137714,0.038186446842041456,0.010667959752697296,0.000606134076857801,True,True,False,False,False,False,False
720575940611932842,cell_class,AN,8249,400,0.25,0.02,0.05,0.75136380167293,0.09334464783610134,0.08425263668323434,0.021578373136137714,0.038186446842041456,0.010667959752697296,0.000606134076857801,True,False,False,False,False,False,False
720575940611932842,cell_class,AN,8249,400,0.25,0.02,0.1,0.75136380167293,0.09334464783610134,0.08425263668323434,0.021578373136137714,0.038186446842041456,0.010667959752697296,0.000606134076857801,False,False,False,False,False,False,False
720575940611932842,cell_class,AN,8249,400,0.25,0.01,0.01,0.75136380167293,0.09334464783610134,0.08425263668323434,0.021578373136137714,0.038186446842041456,0.010667959752697296,0.000606134076857801,True,False,False,False,False,False,False
720575940611932842,cell_class,AN,8249,400,0.25,0.01,0.05,0.75136380167293,0.09334464783610134,0.08425263668323434,0.021578373136137714,0.038186446842041456,0.010667959752697296,0.000606134076857801,False,False,False,False,False,False,False
720575940611932842,cell_class,AN,8249,400,0.25,0.01,0.1,0.75136380167293,0.09334464783610134,0.08425263668323434,0.021578373136137714,0.038186446842041456,0.010667959752697296,0.000606134076857801,False,False,False,False,False,False,False
720575940646554659,cell_class,AN,1769,400,0.25,0.14285714285714285,0.01,0.0022611644997173543,0.9819106840022611,0.0045223289994347085,0.0016958733747880158,0.008479366873940079,0.0011305822498586771,0.0,False,True,False,False,False,False,
720575940646554659,cell_class,AN,1769,400,0.25,0.14285714285714285,0.05,0.0022611644997173543,0.9819106840022611,0.0045223289994347085,0.0016958733747880158,0.008479366873940079,0.0011305822498586771,0.0,False,True,False,False,False,False,
720575940646554659,cell_class,AN,1769,400,0.25,0.14285714285714285,0.1,0.0022611644997173543,0.9819106840022611,0.0045223289994347085,0.0016958733747880158,0.008479366873940079,0.0011305822498586771,0.0,False,True,False,False,False,False,
720575940646554659,cell_class,AN,1769,400,0.25,0.04,0.01,0.0022611644997173543,0.9819106840022611,0.0045223289994347085,0.0016958733747880158,0.008479366873940079,0.0011305822498586771,0.0,False,True,False,False,False,False,
720575940646554659,cell_class,AN,1769,400,0.25,0.04,0.05,0.0022611644997173543,0.9819106840022611,0.0045223289994347085,0.0016958733747880158,0.008479366873940079,0.0011305822498586771,0.0,False,True,False,False,False,False,
720575940646554659,cell_class,AN,1769,400,0.25,0.04,0.1,0.0022611644997173543,0.9819106840022611,0.0045223289994347085,0.0016958733747880158,0.008479366873940079,0.0011305822498586771,0.0,False,True,False,False,False,False,
720575940646554659,cell_class,AN,1769,400,0.25,0.02,0.01,0.0022611644997173543,0.9819106840022611,0.0045223289994347085,0.0016958733747880158,0.008479366873940079,0.0011305822498586771,0.0,False,True,False,False,False,False,
720575940646554659,cell_class,AN,1769,400,0.25,0.02,0.05,0.0022611644997173543,0.9819106840022611,0.0045223289994347085,0.0016958733747880158,0.008479366873940079,0.0011305822498586771,0.0,False,True,False,False,False,False,
720575940646554659,cell_class,AN,1769,400,0.25,0.02,0.1,0.0022611644997173543,0.9819106840022611,0.0045223289994347085,0.0016958733747880158,0.008479366873940079,0.0011305822498586771,0.0,False,False,False,False,False,False,
720575940646554659,cell_class,AN,1769,400,0.25,0.01,0.01,0.0022611644997173543,0.9819106840022611,0.0045223289994347085,0.0016958733747880158,0.008479366873940079,0.0011305822498586771,0.0,False,True,False,False,False,False,
720575940646554659,cell_class,AN,1769,400,0.25,0.01,0.05,0.0022611644997173543,0.9819106840022611,0.0045223289994347085,0.0016958733747880158,0.008479366873940079,0.0011305822498586771,0.0,False,False,False,False,False,False,
720575940646554659,cell_class,AN,1769,400,0.25,0.01,0.1,0.0022611644997173543,0.9819106840022611,0.0045223289994347085,0.0016958733747880158,0.008479366873940079,0.0011305822498586771,0.0,False,False,False,False,False,False,
720575940645413940,cell_class,AN,561,400,0.25,0.14285714285714285,0.01,0.0338680926916221,0.5490196078431373,0.18181818181818182,0.0285204991087344,0.20677361853832443,0.0,0.0,True,True,True,True,True,,
720575940645413940,cell_class,AN,561,400,0.25,0.14285714285714285,0.05,0.0338680926916221,0.5490196078431373,0.18181818181818182,0.0285204991087344,0.20677361853832443,0.0,0.0,False,True,True,False,True,,
720575940645413940,cell_class,AN,561,400,0.25,0.14285714285714285,0.1,0.0338680926916221,0.5490196078431373,0.18181818181818182,0.0285204991087344,0.20677361853832443,0.0,0.0,False,True,True,False,True,,
720575940645413940,cell_class,AN,561,400,0.25,0.04,0.01,0.0338680926916221,0.5490196078431373,0.18181818181818182,0.0285204991087344,0.20677361853832443,0.0,0.0,False,True,True,False,True,,
720575940645413940,cell_class,AN,561,400,0.25,0.04,0.05,0.0338680926916221,0.5490196078431373,0.18181818181818182,0.0285204991087344,0.20677361853832443,0.0,0.0,False,True,True,False,True,,
720575940645413940,cell_class,AN,561,400,0.25,0.04,0.1,0.0338680926916221,0.5490196078431373,0.18181818181818182,0.0285204991087344,0.20677361853832443,0.0,0.0,False,True,False,False,False,,
720575940645413940,cell_class,AN,561,400,0.25,0.02,0.01,0.0338680926916221,0.5490196078431373,0.18181818181818182,0.0285204991087344,0.20677361853832443,0.0,0.0,False,True,True,False,True,,
720575940645413940,cell_class,AN,561,400,0.25,0.02,0.05,0.0338680926916221,0.5490196078431373,0.18181818181818182,0.0285204991087344,0.20677361853832443,0.0,0.0,False,True,False,False,False,,
720575940645413940,cell_class,AN,561,400,0.25,0.02,0.1,0.0338680926916221,0.5490196078431373,0.18181818181818182,0.0285204991087344,0.20677361853832443,0.0,0.0,False,False,False,False,False,,
720575940645413940,cell_class,AN,561,400,0.25,0.01,0.01,0.0338680926916221,0.5490196078431373,0.18181818181818182,0.0285204991087344,0.20677361853832443,0.0,0.0,False,True,True,False,True,,
720575940645413940,cell_class,AN,561,400,0.25,0.01,0.05,0.0338680926916221,0.5490196078431373,0.18181818181818182,0.0285204991087344,0.20677361853832443,0.0,0.0,False,False,False,False,False,,
720575940645413940,cell_class,AN,561,400,0.25,0.01,0.1,0.0338680926916221,0.5490196078431373,0.18181818181818182,0.0285204991087344,0.20677361853832443,0.0,0.0,False,False,False,False,False,,
720575940620670657,cell_class,AN,8106,400,0.25,0.14285714285714285,0.01,0.022452504317789293,0.9475697014557118,0.006661732050333087,0.0033308660251665434,0.012089810017271158,0.007772020725388601,0.0001233654083395016,True,True,False,False,False,False,
720575940620670657,cell_class,AN,8106,400,0.25,0.14285714285714285,0.05,0.022452504317789293,0.9475697014557118,0.006661732050333087,0.0033308660251665434,0.012089810017271158,0.007772020725388601,0.0001233654083395016,False,True,False,False,False,False,
720575940620670657,cell_class,AN,8106,400,0.25,0.14285714285714285,0.1,0.022452504317789293,0.9475697014557118,0.006661732050333087,0.0033308660251665434,0.012089810017271158,0.007772020725388601,0.0001233654083395016,False,True,False,False,False,False,
720575940620670657,cell_class,AN,8106,400,0.25,0.04,0.01,0.022452504317789293,0.9475697014557118,0.006661732050333087,0.0033308660251665434,0.012089810017271158,0.007772020725388601,0.0001233654083395016,False,True,False,False,False,False,
720575940620670657,cell_class,AN,8106,400,0.25,0.04,0.05,0.022452504317789293,0.9475697014557118,0.006661732050333087,0.0033308660251665434,0.012089810017271158,0.007772020725388601,0.0001233654083395016,False,True,False,False,False,False,
720575940620670657,cell_class,AN,8106,400,0.25,0.04,0.1,0.022452504317789293,0.9475697014557118,0.006661732050333087,0.0033308660251665434,0.012089810017271158,0.007772020725388601,0.0001233654083395016,False,True,False,False,False,False,
720575940620670657,cell_class,AN,8106,400,0.25,0.02,0.01,0.022452504317789293,0.9475697014557118,0.006661732050333087,0.0033308660251665434,0.012089810017271158,0.007772020725388601,0.0001233654083395016,False,True,False,False,False,False,
720575940620670657,cell_class,AN,8106,400,0.25,0.02,0.05,0.022452504317789293,0.9475697014557118,0.006661732050333087,0.0033308660251665434,0.012089810017271158,0.007772020725388601,0.0001233654083395016,False,True,False,False,False,False,
720575940620670657,cell_class,AN,8106,400,0.25,0.02,0.1,0.022452504317789293,0.9475697014557118,0.006661732050333087,0.0033308660251665434,0.012089810017271158,0.007772020725388601,0.0001233654083395016,False,True,False,False,False,False,
720575940620670657,cell_class,AN,8106,400,0.25,0.01,0.01,0.022452504317789293,0.9475697014557118,0.006661732050333087,0.0033308660251665434,0.012089810017271158,0.007772020725388601,0.0001233654083395016,False,True,False,False,False,False,
720575940620670657,cell_class,AN,8106,400,0.25,0.01,0.05,0.022452504317789293,0.9475697014557118,0.006661732050333087,0.0033308660251665434,0.012089810017271158,0.007772020725388601,0.0001233654083395016,False,False,False,False,False,False,
720575940620670657,cell_class,AN,8106,400,0.25,0.01,0.1,0.022452504317789293,0.9475697014557118,0.006661732050333087,0.0033308660251665434,0.012089810017271158,0.007772020725388601,0.0001233654083395016,False,False,False,False,False,False,
720575940611853265,cell_class,AN,962,400,0.25,0.14285714285714285,0.01,0.02079002079002079,0.9012474012474012,0.04261954261954262,0.0031185031185031187,0.02494802494802495,0.007276507276507277,0.0,True,True,True,False,False,False,
720575940611853265,cell_class,AN,962,400,0.25,0.14285714285714285,0.05,0.02079002079002079,0.9012474012474012,0.04261954261954262,0.0031185031185031187,0.02494802494802495,0.007276507276507277,0.0,False,True,False,False,False,False,
720575940611853265,cell_class,AN,962,400,0.25,0.14285714285714285,0.1,0.02079002079002079,0.9012474012474012,0.04261954261954262,0.0031185031185031187,0.02494802494802495,0.007276507276507277,0.0,False,True,False,False,False,False,
720575940611853265,cell_class,AN,962,400,0.25,0.04,0.01,0.02079002079002079,0.9012474012474012,0.04261954261954262,0.0031185031185031187,0.02494802494802495,0.007276507276507277,0.0,False,True,True,False,False,False,
720575940611853265,cell_class,AN,962,400,0.25,0.04,0.05,0.02079002079002079,0.9012474012474012,0.04261954261954262,0.0031185031185031187,0.02494802494802495,0.007276507276507277,0.0,False,True,False,False,False,False,
720575940611853265,cell_class,AN,962,400,0.25,0.04,0.1,0.02079002079002079,0.9012474012474012,0.04261954261954262,0.0031185031185031187,0.02494802494802495,0.007276507276507277,0.0,False,True,False,False,False,False,
720575940611853265,cell_class,AN,962,400,0.25,0.02,0.01,0.02079002079002079,0.9012474012474012,0.04261954261954262,0.0031185031185031187,0.02494802494802495,0.007276507276507277,0.0,False,True,True,False,False,False,
720575940611853265,cell_class,AN,962,400,0.25,0.02,0.05,0.02079002079002079,0.9012474012474012,0.04261954261954262,0.0031185031185031187,0.02494802494802495,0.007276507276507277,0.0,False,True,False,False,False,False,
720575940611853265,cell_class,AN,962,400,0.25,0.02,0.1,0.02079002079002079,0.9012474012474012,0.04261954261954262,0.0031185031185031187,0.02494802494802495,0.007276507276507277,0.0,False,False,False,False,False,False,
720575940611853265,cell_class,AN,962,400,0.25,0.01,0.01,0.02079002079002079,0.9012474012474012,0.04261954261954262,0.0031185031185031187,0.02494802494802495,0.007276507276507277,0.0,False,True,False,False,False,False,
720575940611853265,cell_class,AN,962,400,0.25,0.01,0.05,0.02079002079002079,0.9012474012474012,0.04261954261954262,0.0031185031185031187,0.02494802494802495,0.007276507276507277,0.0,False,True,False,False,False,False,
720575940611853265,cell_class,AN,962,400,0.25,0.01,0.1,0.02079002079002079,0.9012474012474012,0.04261954261954262,0.0031185031185031187,0.02494802494802495,0.007276507276507277,0.0,False,False,False,False,False,False,
720575940629528380,cell_class,AN,1014,400,0.25,0.14285714285714285,0.01,0.007889546351084813,0.9349112426035503,0.028599605522682446,0.0,0.01775147928994083,0.010848126232741617,0.0,False,True,True,,False,False,
720575940629528380,cell_class,AN,1014,400,0.25,0.14285714285714285,0.05,0.007889546351084813,0.9349112426035503,0.028599605522682446,0.0,0.01775147928994083,0.010848126232741617,0.0,False,True,False,,False,False,
720575940629528380,cell_class,AN,1014,400,0.25,0.14285714285714285,0.1,0.007889546351084813,0.9349112426035503,0.028599605522682446,0.0,0.01775147928994083,0.010848126232741617,0.0,False,True,False,,False,False,
720575940629528380,cell_class,AN,1014,400,0.25,0.04,0.01,0.007889546351084813,0.9349112426035503,0.028599605522682446,0.0,0.01775147928994083,0.010848126232741617,0.0,False,True,True,,False,False,
720575940629528380,cell_class,AN,1014,400,0.25,0.04,0.05,0.007889546351084813,0.9349112426035503,0.028599605522682446,0.0,0.01775147928994083,0.010848126232741617,0.0,False,True,False,,False,False,
720575940629528380,cell_class,AN,1014,400,0.25,0.04,0.1,0.007889546351084813,0.9349112426035503,0.028599605522682446,0.0,0.01775147928994083,0.010848126232741617,0.0,False,True,False,,False,False,
720575940629528380,cell_class,AN,1014,400,0.25,0.02,0.01,0.007889546351084813,0.9349112426035503,0.028599605522682446,0.0,0.01775147928994083,0.010848126232741617,0.0,False,True,False,,False,False,
720575940629528380,cell_class,AN,1014,400,0.25,0.02,0.05,0.007889546351084813,0.9349112426035503,0.028599605522682446,0.0,0.01775147928994083,0.010848126232741617,0.0,False,True,False,,False,False,
720575940629528380,cell_class,AN,1014,400,0.25,0.02,0.1,0.007889546351084813,0.9349112426035503,0.028599605522682446,0.0,0.01775147928994083,0.010848126232741617,0.0,False,False,False,,False,False,
720575940629528380,cell_class,AN,1014,400,0.25,0.01,0.01,0.007889546351084813,0.9349112426035503,0.028599605522682446,0.0,0.01775147928994083,0.010848126232741617,0.0,False,True,False,,False,False,
720575940629528380,cell_class,AN,1014,400,0.25,0.01,0.05,0.007889546351084813,0.9349112426035503,0.028599605522682446,0.0,0.01775147928994083,0.010848126232741617,0.0,False,True,False,,False,False,
720575940629528380,cell_class,AN,1014,400,0.25,0.01,0.1,0.007889546351084813,0.9349112426035503,0.028599605522682446,0.0,0.01775147928994083,0.010848126232741617,0.0,False,False,False,,False,False,
720575940611877841,cell_class,AN,7575,400,0.25,0.14285714285714285,0.01,0.041056105610561056,0.9048184818481848,0.01570957095709571,0.008052805280528054,0.021914191419141915,0.008184818481848185,0.000264026402640264,True,True,False,False,False,False,False
720575940611877841,cell_class,AN,7575,400,0.25,0.14285714285714285,0.05,0.041056105610561056,0.9048184818481848,0.01570957095709571,0.008052805280528054,0.021914191419141915,0.008184818481848185,0.000264026402640264,False,True,False,False,False,False,False
720575940611877841,cell_class,AN,7575,400,0.25,0.14285714285714285,0.1,0.041056105610561056,0.9048184818481848,0.01570957095709571,0.008052805280528054,0.021914191419141915,0.008184818481848185,0.000264026402640264,False,True,False,False,False,False,False
720575940611877841,cell_class,AN,7575,400,0.25,0.04,0.01,0.041056105610561056,0.9048184818481848,0.01570957095709571,0.008052805280528054,0.021914191419141915,0.008184818481848185,0.000264026402640264,False,True,False,False,False,False,False
720575940611877841,cell_class,AN,7575,400,0.25,0.04,0.05,0.041056105610561056,0.9048184818481848,0.01570957095709571,0.008052805280528054,0.021914191419141915,0.008184818481848185,0.000264026402640264,False,True,False,False,False,False,False
720575940611877841,cell_class,AN,7575,400,0.25,0.04,0.1,0.041056105610561056,0.9048184818481848,0.01570957095709571,0.008052805280528054,0.021914191419141915,0.008184818481848185,0.000264026402640264,False,True,False,False,False,False,False
720575940611877841,cell_class,AN,7575,400,0.25,0.02,0.01,0.041056105610561056,0.9048184818481848,0.01570957095709571,0.008052805280528054,0.021914191419141915,0.008184818481848185,0.000264026402640264,False,True,False,False,False,False,False
720575940611877841,cell_class,AN,7575,400,0.25,0.02,0.05,0.041056105610561056,0.9048184818481848,0.01570957095709571,0.008052805280528054,0.021914191419141915,0.008184818481848185,0.000264026402640264,False,True,False,False,False,False,False
720575940611877841,cell_class,AN,7575,400,0.25,0.02,0.1,0.041056105610561056,0.9048184818481848,0.01570957095709571,0.008052805280528054,0.021914191419141915,0.008184818481848185,0.000264026402640264,False,False,False,False,False,False,False
720575940611877841,cell_class,AN,7575,400,0.25,0.01,0.01,0.041056105610561056,0.9048184818481848,0.01570957095709571,0.008052805280528054,0.021914191419141915,0.008184818481848185,0.000264026402640264,False,True,False,False,False,False,False
720575940611877841,cell_class,AN,7575,400,0.25,0.01,0.05,0.041056105610561056,0.9048184818481848,0.01570957095709571,0.008052805280528054,0.021914191419141915,0.008184818481848185,0.000264026402640264,False,False,False,False,False,False,False
720575940611877841,cell_class,AN,7575,400,0.25,0.01,0.1,0.041056105610561056,0.9048184818481848,0.01570957095709571,0.008052805280528054,0.021914191419141915,0.008184818481848185,0.000264026402640264,False,False,False,False,False,False,False
720575940605223601,cell_class,AN,505,400,0.25,0.14285714285714285,0.01,0.033663366336633666,0.807920792079208,0.061386138613861385,0.0,0.09108910891089109,0.005940594059405941,0.0,True,True,True,,True,False,
720575940605223601,cell_class,AN,505,400,0.25,0.14285714285714285,0.05,0.033663366336633666,0.807920792079208,0.061386138613861385,0.0,0.09108910891089109,0.005940594059405941,0.0,False,True,False,,False,False,
720575940605223601,cell_class,AN,505,400,0.25,0.14285714285714285,0.1,0.033663366336633666,0.807920792079208,0.061386138613861385,0.0,0.09108910891089109,0.005940594059405941,0.0,False,True,False,,False,False,
720575940605223601,cell_class,AN,505,400,0.25,0.04,0.01,0.033663366336633666,0.807920792079208,0.061386138613861385,0.0,0.09108910891089109,0.005940594059405941,0.0,True,True,True,,True,False,
720575940605223601,cell_class,AN,505,400,0.25,0.04,0.05,0.033663366336633666,0.807920792079208,0.061386138613861385,0.0,0.09108910891089109,0.005940594059405941,0.0,False,True,False,,False,False,
720575940605223601,cell_class,AN,505,400,0.25,0.04,0.1,0.033663366336633666,0.807920792079208,0.061386138613861385,0.0,0.09108910891089109,0.005940594059405941,0.0,False,True,False,,False,False,
720575940605223601,cell_class,AN,505,400,0.25,0.02,0.01,0.033663366336633666,0.807920792079208,0.061386138613861385,0.0,0.09108910891089109,0.005940594059405941,0.0,True,True,True,,True,False,
720575940605223601,cell_class,AN,505,400,0.25,0.02,0.05,0.033663366336633666,0.807920792079208,0.061386138613861385,0.0,0.09108910891089109,0.005940594059405941,0.0,False,True,False,,False,False,
720575940605223601,cell_class,AN,505,400,0.25,0.02,0.1,0.033663366336633666,0.807920792079208,0.061386138613861385,0.0,0.09108910891089109,0.005940594059405941,0.0,False,True,False,,False,False,
720575940605223601,cell_class,AN,505,400,0.25,0.01,0.01,0.033663366336633666,0.807920792079208,0.061386138613861385,0.0,0.09108910891089109,0.005940594059405941,0.0,False,True,True,,True,False,
720575940605223601,cell_class,AN,505,400,0.25,0.01,0.05,0.033663366336633666,0.807920792079208,0.061386138613861385,0.0,0.09108910891089109,0.005940594059405941,0.0,False,False,False,,False,False,
720575940605223601,cell_class,AN,505,400,0.25,0.01,0.1,0.033663366336633666,0.807920792079208,0.061386138613861385,0.0,0.09108910891089109,0.005940594059405941,0.0,False,False,False,,False,False,
720575940628428443,cell_class,AN,6401,400,0.25,0.14285714285714285,0.01,0.05717856584908608,0.8583033900952977,0.03452585533510389,0.0017184814872676145,0.045774097797219186,0.0023433838462740197,0.0001562255897516013,True,True,True,False,True,False,
720575940628428443,cell_class,AN,6401,400,0.25,0.14285714285714285,0.05,0.05717856584908608,0.8583033900952977,0.03452585533510389,0.0017184814872676145,0.045774097797219186,0.0023433838462740197,0.0001562255897516013,False,True,False,False,False,False,
720575940628428443,cell_class,AN,6401,400,0.25,0.14285714285714285,0.1,0.05717856584908608,0.8583033900952977,0.03452585533510389,0.0017184814872676145,0.045774097797219186,0.0023433838462740197,0.0001562255897516013,False,True,False,False,False,False,
720575940628428443,cell_class,AN,6401,400,0.25,0.04,0.01,0.05717856584908608,0.8583033900952977,0.03452585533510389,0.0017184814872676145,0.045774097797219186,0.0023433838462740197,0.0001562255897516013,True,True,True,False,True,False,
720575940628428443,cell_class,AN,6401,400,0.25,0.04,0.05,0.05717856584908608,0.8583033900952977,0.03452585533510389,0.0017184814872676145,0.045774097797219186,0.0023433838462740197,0.0001562255897516013,False,True,False,False,False,False,
720575940628428443,cell_class,AN,6401,400,0.25,0.04,0.1,0.05717856584908608,0.8583033900952977,0.03452585533510389,0.0017184814872676145,0.045774097797219186,0.0023433838462740197,0.0001562255897516013,False,True,False,False,False,False,
720575940628428443,cell_class,AN,6401,400,0.25,0.02,0.01,0.05717856584908608,0.8583033900952977,0.03452585533510389,0.0017184814872676145,0.045774097797219186,0.0023433838462740197,0.0001562255897516013,False,True,True,False,False,False,
720575940628428443,cell_class,AN,6401,400,0.25,0.02,0.05,0.05717856584908608,0.8583033900952977,0.03452585533510389,0.0017184814872676145,0.045774097797219186,0.0023433838462740197,0.0001562255897516013,False,True,False,False,False,False,
720575940628428443,cell_class,AN,6401,400,0.25,0.02,0.1,0.05717856584908608,0.8583033900952977,0.03452585533510389,0.0017184814872676145,0.045774097797219186,0.0023433838462740197,0.0001562255897516013,False,False,False,False,False,False,
720575940628428443,cell_class,AN,6401,400,0.25,0.01,0.01,0.05717856584908608,0.8583033900952977,0.03452585533510389,0.0017184814872676145,0.045774097797219186,0.0023433838462740197,0.0001562255897516013,False,True,True,False,False,False,
720575940628428443,cell_class,AN,6401,400,0.25,0.01,0.05,0.05717856584908608,0.8583033900952977,0.03452585533510389,0.0017184814872676145,0.045774097797219186,0.0023433838462740197,0.0001562255897516013,False,False,False,False,False,False,
720575940628428443,cell_class,AN,6401,400,0.25,0.01,0.1,0.05717856584908608,0.8583033900952977,0.03452585533510389,0.0017184814872676145,0.045774097797219186,0.0023433838462740197,0.0001562255897516013,False,False,False,False,False,False,
720575940613439903,cell_class,AN,704,400,0.25,0.14285714285714285,0.01,0.09375,0.7869318181818182,0.03409090909090909,0.007102272727272727,0.07528409090909091,0.0014204545454545455,0.0014204545454545455,True,True,True,False,True,,
720575940613439903,cell_class,AN,704,400,0.25,0.14285714285714285,0.05,0.09375,0.7869318181818182,0.03409090909090909,0.007102272727272727,0.07528409090909091,0.0014204545454545455,0.0014204545454545455,True,True,False,False,False,,
720575940613439903,cell_class,AN,704,400,0.25,0.14285714285714285,0.1,0.09375,0.7869318181818182,0.03409090909090909,0.007102272727272727,0.07528409090909091,0.0014204545454545455,0.0014204545454545455,False,True,False,False,False,,
720575940613439903,cell_class,AN,704,400,0.25,0.04,0.01,0.09375,0.7869318181818182,0.03409090909090909,0.007102272727272727,0.07528409090909091,0.0014204545454545455,0.0014204545454545455,True,True,True,False,False,,
720575940613439903,cell_class,AN,704,400,0.25,0.04,0.05,0.09375,0.7869318181818182,0.03409090909090909,0.007102272727272727,0.07528409090909091,0.0014204545454545455,0.0014204545454545455,True,True,False,False,False,,
720575940613439903,cell_class,AN,704,400,0.25,0.04,0.1,0.09375,0.7869318181818182,0.03409090909090909,0.007102272727272727,0.07528409090909091,0.0014204545454545455,0.0014204545454545455,False,True,False,False,False,,
720575940613439903,cell_class,AN,704,400,0.25,0.02,0.01,0.09375,0.7869318181818182,0.03409090909090909,0.007102272727272727,0.07528409090909091,0.0014204545454545455,0.0014204545454545455,True,True,True,False,False,,
720575940613439903,cell_class,AN,704,400,0.25,0.02,0.05,0.09375,0.7869318181818182,0.03409090909090909,0.007102272727272727,0.07528409090909091,0.0014204545454545455,0.0014204545454545455,True,True,False,False,False,,
720575940613439903,cell_class,AN,704,400,0.25,0.02,0.1,0.09375,0.7869318181818182,0.03409090909090909,0.007102272727272727,0.07528409090909091,0.0014204545454545455,0.0014204545454545455,False,True,False,False,False,,
720575940613439903,cell_class,AN,704,400,0.25,0.01,0.01,0.09375,0.7869318181818182,0.03409090909090909,0.007102272727272727,0.07528409090909091,0.0014204545454545455,0.0014204545454545455,True,True,False,False,False,,
720575940613439903,cell_class,AN,704,400,0.25,0.01,0.05,0.09375,0.7869318181818182,0.03409090909090909,0.007102272727272727,0.07528409090909091,0.0014204545454545455,0.0014204545454545455,True,True,False,False,False,,
720575940613439903,cell_class,AN,704,400,0.25,0.01,0.1,0.09375,0.7869318181818182,0.03409090909090909,0.007102272727272727,0.07528409090909091,0.0014204545454545455,0.0014204545454545455,False,False,False,False,False,,
720575940613882822,cell_class,AN,402,400,0.25,0.14285714285714285,0.01,0.004975124378109453,0.8606965174129353,0.07711442786069651,0.0,0.03731343283582089,0.01990049751243781,0.0,False,True,True,,True,False,
720575940613882822,cell_class,AN,402,400,0.25,0.14285714285714285,0.05,0.004975124378109453,0.8606965174129353,0.07711442786069651,0.0,0.03731343283582089,0.01990049751243781,0.0,False,True,False,,False,False,
720575940613882822,cell_class,AN,402,400,0.25,0.14285714285714285,0.1,0.004975124378109453,0.8606965174129353,0.07711442786069651,0.0,0.03731343283582089,0.01990049751243781,0.0,False,True,False,,False,False,
720575940613882822,cell_class,AN,402,400,0.25,0.04,0.01,0.004975124378109453,0.8606965174129353,0.07711442786069651,0.0,0.03731343283582089,0.01990049751243781,0.0,False,True,True,,False,False,
720575940613882822,cell_class,AN,402,400,0.25,0.04,0.05,0.004975124378109453,0.8606965174129353,0.07711442786069651,0.0,0.03731343283582089,0.01990049751243781,0.0,False,True,False,,False,False,
720575940613882822,cell_class,AN,402,400,0.25,0.04,0.1,0.004975124378109453,0.8606965174129353,0.07711442786069651,0.0,0.03731343283582089,0.01990049751243781,0.0,False,True,False,,False,False,
720575940613882822,cell_class,AN,402,400,0.25,0.02,0.01,0.004975124378109453,0.8606965174129353,0.07711442786069651,0.0,0.03731343283582089,0.01990049751243781,0.0,False,True,True,,False,False,
720575940613882822,cell_class,AN,402,400,0.25,0.02,0.05,0.004975124378109453,0.8606965174129353,0.07711442786069651,0.0,0.03731343283582089,0.01990049751243781,0.0,False,True,False,,False,False,
720575940613882822,cell_class,AN,402,400,0.25,0.02,0.1,0.004975124378109453,0.8606965174129353,0.07711442786069651,0.0,0.03731343283582089,0.01990049751243781,0.0,False,True,False,,False,False,
720575940613882822,cell_class,AN,402,400,0.25,0.01,0.01,0.004975124378109453,0.8606965174129353,0.07711442786069651,0.0,0.03731343283582089,0.01990049751243781,0.0,False,True,True,,False,False,
720575940613882822,cell_class,AN,402,400,0.25,0.01,0.05,0.004975124378109453,0.8606965174129353,0.07711442786069651,0.0,0.03731343283582089,0.01990049751243781,0.0,False,True,False,,False,False,
720575940613882822,cell_class,AN,402,400,0.25,0.01,0.1,0.004975124378109453,0.8606965174129353,0.07711442786069651,0.0,0.03731343283582089,0.01990049751243781,0.0,False,True,False,,False,False,
720575940614438685,cell_class,AN,5192,400,0.25,0.14285714285714285,0.01,0.010208012326656394,0.8532357473035439,0.021956856702619414,0.0015408320493066256,0.09322033898305085,0.019838212634822803,0.0,False,True,True,False,True,True,
720575940614438685,cell_class,AN,5192,400,0.25,0.14285714285714285,0.05,0.010208012326656394,0.8532357473035439,0.021956856702619414,0.0015408320493066256,0.09322033898305085,0.019838212634822803,0.0,False,True,False,False,False,False,
720575940614438685,cell_class,AN,5192,400,0.25,0.14285714285714285,0.1,0.010208012326656394,0.8532357473035439,0.021956856702619414,0.0015408320493066256,0.09322033898305085,0.019838212634822803,0.0,False,True,False,False,False,False,
720575940614438685,cell_class,AN,5192,400,0.25,0.04,0.01,0.010208012326656394,0.8532357473035439,0.021956856702619414,0.0015408320493066256,0.09322033898305085,0.019838212634822803,0.0,False,True,False,False,True,False,
720575940614438685,cell_class,AN,5192,400,0.25,0.04,0.05,0.010208012326656394,0.8532357473035439,0.021956856702619414,0.0015408320493066256,0.09322033898305085,0.019838212634822803,0.0,False,True,False,False,False,False,
720575940614438685,cell_class,AN,5192,400,0.25,0.04,0.1,0.010208012326656394,0.8532357473035439,0.021956856702619414,0.0015408320493066256,0.09322033898305085,0.019838212634822803,0.0,False,True,False,False,False,False,
720575940614438685,cell_class,AN,5192,400,0.25,0.02,0.01,0.010208012326656394,0.8532357473035439,0.021956856702619414,0.0015408320493066256,0.09322033898305085,0.019838212634822803,0.0,False,True,False,False,True,False,
720575940614438685,cell_class,AN,5192,400,0.25,0.02,0.05,0.010208012326656394,0.8532357473035439,0.021956856702619414,0.0015408320493066256,0.09322033898305085,0.019838212634822803,0.0,False,True,False,False,False,False,
720575940614438685,cell_class,AN,5192,400,0.25,0.02,0.1,0.010208012326656394,0.8532357473035439,0.021956856702619414,0.0015408320493066256,0.09322033898305085,0.019838212634822803,0.0,False,False,False,False,False,False,
720575940614438685,cell_class,AN,5192,400,0.25,0.01,0.01,0.010208012326656394,0.8532357473035439,0.021956856702619414,0.0015408320493066256,0.09322033898305085,0.019838212634822803,0.0,False,True,False,False,True,False,
720575940614438685,cell_class,AN,5192,400,0.25,0.01,0.05,0.010208012326656394,0.8532357473035439,0.021956856702619414,0.0015408320493066256,0.09322033898305085,0.019838212634822803,0.0,False,False,False,False,False,False,
720575940614438685,cell_class,AN,5192,400,0.25,0.01,0.1,0.010208012326656394,0.8532357473035439,0.021956856702619414,0.0015408320493066256,0.09322033898305085,0.019838212634822803,0.0,False,False,False,False,False,False,
720575940628598142,cell_class,AN,4746,400,0.25,0.14285714285714285,0.01,0.006321112515802781,0.9511167298777918,0.010745891276864728,0.002739148756847872,0.016013485040033713,0.012852928782132322,0.00021070375052675939,False,True,False,False,False,False,
720575940628598142,cell_class,AN,4746,400,0.25,0.14285714285714285,0.05,0.006321112515802781,0.9511167298777918,0.010745891276864728,0.002739148756847872,0.016013485040033713,0.012852928782132322,0.00021070375052675939,False,True,False,False,False,False,
720575940628598142,cell_class,AN,4746,400,0.25,0.14285714285714285,0.1,0.006321112515802781,0.9511167298777918,0.010745891276864728,0.002739148756847872,0.016013485040033713,0.012852928782132322,0.00021070375052675939,False,True,False,False,False,False,
720575940628598142,cell_class,AN,4746,400,0.25,0.04,0.01,0.006321112515802781,0.9511167298777918,0.010745891276864728,0.002739148756847872,0.016013485040033713,0.012852928782132322,0.00021070375052675939,False,True,False,False,False,False,
720575940628598142,cell_class,AN,4746,400,0.25,0.04,0.05,0.006321112515802781,0.9511167298777918,0.010745891276864728,0.002739148756847872,0.016013485040033713,0.012852928782132322,0.00021070375052675939,False,True,False,False,False,False,
720575940628598142,cell_class,AN,4746,400,0.25,0.04,0.1,0.006321112515802781,0.9511167298777918,0.010745891276864728,0.002739148756847872,0.016013485040033713,0.012852928782132322,0.00021070375052675939,False,True,False,False,False,False,
720575940628598142,cell_class,AN,4746,400,0.25,0.02,0.01,0.006321112515802781,0.9511167298777918,0.010745891276864728,0.002739148756847872,0.016013485040033713,0.012852928782132322,0.00021070375052675939,False,True,False,False,False,False,
720575940628598142,cell_class,AN,4746,400,0.25,0.02,0.05,0.006321112515802781,0.9511167298777918,0.010745891276864728,0.002739148756847872,0.016013485040033713,0.012852928782132322,0.00021070375052675939,False,True,False,False,False,False,
720575940628598142,cell_class,AN,4746,400,0.25,0.02,0.1,0.006321112515802781,0.9511167298777918,0.010745891276864728,0.002739148756847872,0.016013485040033713,0.012852928782132322,0.00021070375052675939,False,False,False,False,False,False,
720575940628598142,cell_class,AN,4746,400,0.25,0.01,0.01,0.006321112515802781,0.9511167298777918,0.010745891276864728,0.002739148756847872,0.016013485040033713,0.012852928782132322,0.00021070375052675939,False,True,False,False,False,False,
720575940628598142,cell_class,AN,4746,400,0.25,0.01,0.05,0.006321112515802781,0.9511167298777918,0.010745891276864728,0.002739148756847872,0.016013485040033713,0.012852928782132322,0.00021070375052675939,False,False,False,False,False,False,
720575940628598142,cell_class,AN,4746,400,0.25,0.01,0.1,0.006321112515802781,0.9511167298777918,0.010745891276864728,0.002739148756847872,0.016013485040033713,0.012852928782132322,0.00021070375052675939,False,False,False,False,False,False,
720575940616862550,cell_class,AN,519,400,0.25,0.14285714285714285,0.01,0.03275529865125241,0.7533718689788054,0.05973025048169557,0.0,0.14450867052023122,0.009633911368015413,0.0,True,True,True,,True,True,
720575940616862550,cell_class,AN,519,400,0.25,0.14285714285714285,0.05,0.03275529865125241,0.7533718689788054,0.05973025048169557,0.0,0.14450867052023122,0.009633911368015413,0.0,False,True,False,,False,False,
720575940616862550,cell_class,AN,519,400,0.25,0.14285714285714285,0.1,0.03275529865125241,0.7533718689788054,0.05973025048169557,0.0,0.14450867052023122,0.009633911368015413,0.0,False,True,False,,False,False,
720575940616862550,cell_class,AN,519,400,0.25,0.04,0.01,0.03275529865125241,0.7533718689788054,0.05973025048169557,0.0,0.14450867052023122,0.009633911368015413,0.0,True,True,True,,True,True,
720575940616862550,cell_class,AN,519,400,0.25,0.04,0.05,0.03275529865125241,0.7533718689788054,0.05973025048169557,0.0,0.14450867052023122,0.009633911368015413,0.0,False,True,False,,False,False,
720575940616862550,cell_class,AN,519,400,0.25,0.04,0.1,0.03275529865125241,0.7533718689788054,0.05973025048169557,0.0,0.14450867052023122,0.009633911368015413,0.0,False,True,False,,False,False,
720575940616862550,cell_class,AN,519,400,0.25,0.02,0.01,0.03275529865125241,0.7533718689788054,0.05973025048169557,0.0,0.14450867052023122,0.009633911368015413,0.0,True,True,True,,True,True,
720575940616862550,cell_class,AN,519,400,0.25,0.02,0.05,0.03275529865125241,0.7533718689788054,0.05973025048169557,0.0,0.14450867052023122,0.009633911368015413,0.0,False,True,False,,False,False,
720575940616862550,cell_class,AN,519,400,0.25,0.02,0.1,0.03275529865125241,0.7533718689788054,0.05973025048169557,0.0,0.14450867052023122,0.009633911368015413,0.0,False,False,False,,False,False,
720575940616862550,cell_class,AN,519,400,0.25,0.01,0.01,0.03275529865125241,0.7533718689788054,0.05973025048169557,0.0,0.14450867052023122,0.009633911368015413,0.0,True,True,True,,True,False,
720575940616862550,cell_class,AN,519,400,0.25,0.01,0.05,0.03275529865125241,0.7533718689788054,0.05973025048169557,0.0,0.14450867052023122,0.009633911368015413,0.0,False,False,False,,False,False,
720575940616862550,cell_class,AN,519,400,0.25,0.01,0.1,0.03275529865125241,0.7533718689788054,0.05973025048169557,0.0,0.14450867052023122,0.009633911368015413,0.0,False,False,False,,False,False,
720575940634626144,cell_class,AN,3578,400,0.25,0.14285714285714285,0.01,0.07406372275013974,0.09167132476243711,0.7649524874231414,0.0016769144773616546,0.040804918949133594,0.02627166014533259,0.0005589714924538849,True,True,True,False,False,True,False
720575940634626144,cell_class,AN,3578,400,0.25,0.14285714285714285,0.05,0.07406372275013974,0.09167132476243711,0.7649524874231414,0.0016769144773616546,0.040804918949133594,0.02627166014533259,0.0005589714924538849,False,False,True,False,False,False,False
720575940634626144,cell_class,AN,3578,400,0.25,0.14285714285714285,0.1,0.07406372275013974,0.09167132476243711,0.7649524874231414,0.0016769144773616546,0.040804918949133594,0.02627166014533259,0.0005589714924538849,False,False,True,False,False,False,False
720575940634626144,cell_class,AN,3578,400,0.25,0.04,0.01,0.07406372275013974,0.09167132476243711,0.7649524874231414,0.0016769144773616546,0.040804918949133594,0.02627166014533259,0.0005589714924538849,True,True,True,False,False,False,False
720575940634626144,cell_class,AN,3578,400,0.25,0.04,0.05,0.07406372275013974,0.09167132476243711,0.7649524874231414,0.0016769144773616546,0.040804918949133594,0.02627166014533259,0.0005589714924538849,False,False,True,False,False,False,False
720575940634626144,cell_class,AN,3578,400,0.25,0.04,0.1,0.07406372275013974,0.09167132476243711,0.7649524874231414,0.0016769144773616546,0.040804918949133594,0.02627166014533259,0.0005589714924538849,False,False,True,False,False,False,False
720575940634626144,cell_class,AN,3578,400,0.25,0.02,0.01,0.07406372275013974,0.09167132476243711,0.7649524874231414,0.0016769144773616546,0.040804918949133594,0.02627166014533259,0.0005589714924538849,True,True,True,False,False,False,False
720575940634626144,cell_class,AN,3578,400,0.25,0.02,0.05,0.07406372275013974,0.09167132476243711,0.7649524874231414,0.0016769144773616546,0.040804918949133594,0.02627166014533259,0.0005589714924538849,False,False,False,False,False,False,False
720575940634626144,cell_class,AN,3578,400,0.25,0.02,0.1,0.07406372275013974,0.09167132476243711,0.7649524874231414,0.0016769144773616546,0.040804918949133594,0.02627166014533259,0.0005589714924538849,False,False,False,False,False,False,False
720575940634626144,cell_class,AN,3578,400,0.25,0.01,0.01,0.07406372275013974,0.09167132476243711,0.7649524874231414,0.0016769144773616546,0.040804918949133594,0.02627166014533259,0.0005589714924538849,True,False,True,False,False,False,False
720575940634626144,cell_class,AN,3578,400,0.25,0.01,0.05,0.07406372275013974,0.09167132476243711,0.7649524874231414,0.0016769144773616546,0.040804918949133594,0.02627166014533259,0.0005589714924538849,False,False,False,False,False,False,False
720575940634626144,cell_class,AN,3578,400,0.25,0.01,0.1,0.07406372275013974,0.09167132476243711,0.7649524874231414,0.0016769144773616546,0.040804918949133594,0.02627166014533259,0.0005589714924538849,False,False,False,False,False,False,False
720575940618401605,cell_class,AN,407,400,0.25,0.14285714285714285,0.01,0.09336609336609336,0.8034398034398035,0.029484029484029485,0.002457002457002457,0.06633906633906633,0.004914004914004914,0.0,True,True,True,,True,False,
720575940618401605,cell_class,AN,407,400,0.25,0.14285714285714285,0.05,0.09336609336609336,0.8034398034398035,0.029484029484029485,0.002457002457002457,0.06633906633906633,0.004914004914004914,0.0,True,True,False,,False,False,
720575940618401605,cell_class,AN,407,400,0.25,0.14285714285714285,0.1,0.09336609336609336,0.8034398034398035,0.029484029484029485,0.002457002457002457,0.06633906633906633,0.004914004914004914,0.0,False,True,False,,False,False,
720575940618401605,cell_class,AN,407,400,0.25,0.04,0.01,0.09336609336609336,0.8034398034398035,0.029484029484029485,0.002457002457002457,0.06633906633906633,0.004914004914004914,0.0,True,True,True,,True,False,
720575940618401605,cell_class,AN,407,400,0.25,0.04,0.05,0.09336609336609336,0.8034398034398035,0.029484029484029485,0.002457002457002457,0.06633906633906633,0.004914004914004914,0.0,False,True,False,,False,False,
720575940618401605,cell_class,AN,407,400,0.25,0.04,0.1,0.09336609336609336,0.8034398034398035,0.029484029484029485,0.002457002457002457,0.06633906633906633,0.004914004914004914,0.0,False,True,False,,False,False,
720575940618401605,cell_class,AN,407,400,0.25,0.02,0.01,0.09336609336609336,0.8034398034398035,0.029484029484029485,0.002457002457002457,0.06633906633906633,0.004914004914004914,0.0,True,True,True,,False,False,
720575940618401605,cell_class,AN,407,400,0.25,0.02,0.05,0.09336609336609336,0.8034398034398035,0.029484029484029485,0.002457002457002457,0.06633906633906633,0.004914004914004914,0.0,False,True,False,,False,False,
720575940618401605,cell_class,AN,407,400,0.25,0.02,0.1,0.09336609336609336,0.8034398034398035,0.029484029484029485,0.002457002457002457,0.06633906633906633,0.004914004914004914,0.0,False,False,False,,False,False,
720575940618401605,cell_class,AN,407,400,0.25,0.01,0.01,0.09336609336609336,0.8034398034398035,0.029484029484029485,0.002457002457002457,0.06633906633906633,0.004914004914004914,0.0,True,True,True,,False,False,
720575940618401605,cell_class,AN,407,400,0.25,0.01,0.05,0.09336609336609336,0.8034398034398035,0.029484029484029485,0.002457002457002457,0.06633906633906633,0.004914004914004914,0.0,False,False,False,,False,False,
720575940618401605,cell_class,AN,407,400,0.25,0.01,0.1,0.09336609336609336,0.8034398034398035,0.029484029484029485,0.002457002457002457,0.06633906633906633,0.004914004914004914,0.0,False,False,False,,False,False,
720575940628651369,cell_class,AN,463,400,0.25,0.14285714285714285,0.01,0.04967602591792657,0.8682505399568035,0.017278617710583154,0.0,0.06263498920086392,0.0021598272138228943,0.0,True,True,True,,True,,
720575940628651369,cell_class,AN,463,400,0.25,0.14285714285714285,0.05,0.04967602591792657,0.8682505399568035,0.017278617710583154,0.0,0.06263498920086392,0.0021598272138228943,0.0,False,True,False,,False,,
720575940628651369,cell_class,AN,463,400,0.25,0.14285714285714285,0.1,0.04967602591792657,0.8682505399568035,0.017278617710583154,0.0,0.06263498920086392,0.0021598272138228943,0.0,False,True,False,,False,,
720575940628651369,cell_class,AN,463,400,0.25,0.04,0.01,0.04967602591792657,0.8682505399568035,0.017278617710583154,0.0,0.06263498920086392,0.0021598272138228943,0.0,True,True,False,,True,,
720575940628651369,cell_class,AN,463,400,0.25,0.04,0.05,0.04967602591792657,0.8682505399568035,0.017278617710583154,0.0,0.06263498920086392,0.0021598272138228943,0.0,False,True,False,,False,,
720575940628651369,cell_class,AN,463,400,0.25,0.04,0.1,0.04967602591792657,0.8682505399568035,0.017278617710583154,0.0,0.06263498920086392,0.0021598272138228943,0.0,False,True,False,,False,,
720575940628651369,cell_class,AN,463,400,0.25,0.02,0.01,0.04967602591792657,0.8682505399568035,0.017278617710583154,0.0,0.06263498920086392,0.0021598272138228943,0.0,True,True,False,,True,,
720575940628651369,cell_class,AN,463,400,0.25,0.02,0.05,0.04967602591792657,0.8682505399568035,0.017278617710583154,0.0,0.06263498920086392,0.0021598272138228943,0.0,False,True,False,,False,,
720575940628651369,cell_class,AN,463,400,0.25,0.02,0.1,0.04967602591792657,0.8682505399568035,0.017278617710583154,0.0,0.06263498920086392,0.0021598272138228943,0.0,False,False,False,,False,,
720575940628651369,cell_class,AN,463,400,0.25,0.01,0.01,0.04967602591792657,0.8682505399568035,0.017278617710583154,0.0,0.06263498920086392,0.0021598272138228943,0.0,True,True,False,,True,,
720575940628651369,cell_class,AN,463,400,0.25,0.01,0.05,0.04967602591792657,0.8682505399568035,0.017278617710583154,0.0,0.06263498920086392,0.0021598272138228943,0.0,False,False,False,,False,,
720575940628651369,cell_class,AN,463,400,0.25,0.01,0.1,0.04967602591792657,0.8682505399568035,0.017278617710583154,0.0,0.06263498920086392,0.0021598272138228943,0.0,False,False,False,,False,,
720575940632754003,cell_class,AN,4903,400,0.25,0.14285714285714285,0.01,0.013257189475831124,0.9349377931878442,0.007546400163165409,0.004487048745665919,0.023251070772996124,0.015296757087497451,0.0012237405669997961,False,True,False,False,True,True,False
720575940632754003,cell_class,AN,4903,400,0.25,0.14285714285714285,0.05,0.013257189475831124,0.9349377931878442,0.007546400163165409,0.004487048745665919,0.023251070772996124,0.015296757087497451,0.0012237405669997961,False,True,False,False,False,False,False
720575940632754003,cell_class,AN,4903,400,0.25,0.14285714285714285,0.1,0.013257189475831124,0.9349377931878442,0.007546400163165409,0.004487048745665919,0.023251070772996124,0.015296757087497451,0.0012237405669997961,False,True,False,False,False,False,False
720575940632754003,cell_class,AN,4903,400,0.25,0.04,0.01,0.013257189475831124,0.9349377931878442,0.007546400163165409,0.004487048745665919,0.023251070772996124,0.015296757087497451,0.0012237405669997961,False,True,False,False,False,False,False
720575940632754003,cell_class,AN,4903,400,0.25,0.04,0.05,0.013257189475831124,0.9349377931878442,0.007546400163165409,0.004487048745665919,0.023251070772996124,0.015296757087497451,0.0012237405669997961,False,True,False,False,False,False,False
720575940632754003,cell_class,AN,4903,400,0.25,0.04,0.1,0.013257189475831124,0.9349377931878442,0.007546400163165409,0.004487048745665919,0.023251070772996124,0.015296757087497451,0.0012237405669997961,False,True,False,False,False,False,False
720575940632754003,cell_class,AN,4903,400,0.25,0.02,0.01,0.013257189475831124,0.9349377931878442,0.007546400163165409,0.004487048745665919,0.023251070772996124,0.015296757087497451,0.0012237405669997961,False,True,False,False,False,False,False
720575940632754003,cell_class,AN,4903,400,0.25,0.02,0.05,0.013257189475831124,0.9349377931878442,0.007546400163165409,0.004487048745665919,0.023251070772996124,0.015296757087497451,0.0012237405669997961,False,True,False,False,False,False,False
720575940632754003,cell_class,AN,4903,400,0.25,0.02,0.1,0.013257189475831124,0.9349377931878442,0.007546400163165409,0.004487048745665919,0.023251070772996124,0.015296757087497451,0.0012237405669997961,False,False,False,False,False,False,False
720575940632754003,cell_class,AN,4903,400,0.25,0.01,0.01,0.013257189475831124,0.9349377931878442,0.007546400163165409,0.004487048745665919,0.023251070772996124,0.015296757087497451,0.0012237405669997961,False,True,False,False,False,False,False
720575940632754003,cell_class,AN,4903,400,0.25,0.01,0.05,0.013257189475831124,0.9349377931878442,0.007546400163165409,0.004487048745665919,0.023251070772996124,0.015296757087497451,0.0012237405669997961,False,False,False,False,False,False,False
720575940632754003,cell_class,AN,4903,400,0.25,0.01,0.1,0.013257189475831124,0.9349377931878442,0.007546400163165409,0.004487048745665919,0.023251070772996124,0.015296757087497451,0.0012237405669997961,False,False,False,False,False,False,False
720575940620718605,cell_class,AN,2549,400,0.25,0.14285714285714285,0.01,0.016084739113377794,0.8677912907022362,0.03648489603766183,0.0,0.07885445272655943,0.0007846214201647705,0.0,False,True,True,,True,False,
720575940620718605,cell_class,AN,2549,400,0.25,0.14285714285714285,0.05,0.016084739113377794,0.8677912907022362,0.03648489603766183,0.0,0.07885445272655943,0.0007846214201647705,0.0,False,True,False,,False,False,
720575940620718605,cell_class,AN,2549,400,0.25,0.14285714285714285,0.1,0.016084739113377794,0.8677912907022362,0.03648489603766183,0.0,0.07885445272655943,0.0007846214201647705,0.0,False,True,False,,False,False,
720575940620718605,cell_class,AN,2549,400,0.25,0.04,0.01,0.016084739113377794,0.8677912907022362,0.03648489603766183,0.0,0.07885445272655943,0.0007846214201647705,0.0,False,True,True,,True,False,
720575940620718605,cell_class,AN,2549,400,0.25,0.04,0.05,0.016084739113377794,0.8677912907022362,0.03648489603766183,0.0,0.07885445272655943,0.0007846214201647705,0.0,False,True,False,,False,False,
720575940620718605,cell_class,AN,2549,400,0.25,0.04,0.1,0.016084739113377794,0.8677912907022362,0.03648489603766183,0.0,0.07885445272655943,0.0007846214201647705,0.0,False,False,False,,False,False,
720575940620718605,cell_class,AN,2549,400,0.25,0.02,0.01,0.016084739113377794,0.8677912907022362,0.03648489603766183,0.0,0.07885445272655943,0.0007846214201647705,0.0,False,True,False,,False,False,
720575940620718605,cell_class,AN,2549,400,0.25,0.02,0.05,0.016084739113377794,0.8677912907022362,0.03648489603766183,0.0,0.07885445272655943,0.0007846214201647705,0.0,False,True,False,,False,False,
720575940620718605,cell_class,AN,2549,400,0.25,0.02,0.1,0.016084739113377794,0.8677912907022362,0.03648489603766183,0.0,0.07885445272655943,0.0007846214201647705,0.0,False,False,False,,False,False,
720575940620718605,cell_class,AN,2549,400,0.25,0.01,0.01,0.016084739113377794,0.8677912907022362,0.03648489603766183,0.0,0.07885445272655943,0.0007846214201647705,0.0,False,True,False,,False,False,
720575940620718605,cell_class,AN,2549,400,0.25,0.01,0.05,0.016084739113377794,0.8677912907022362,0.03648489603766183,0.0,0.07885445272655943,0.0007846214201647705,0.0,False,False,False,,False,False,
720575940620718605,cell_class,AN,2549,400,0.25,0.01,0.1,0.016084739113377794,0.8677912907022362,0.03648489603766183,0.0,0.07885445272655943,0.0007846214201647705,0.0,False,False,False,,False,False,
720575940620742605,cell_class,AN,860,400,0.25,0.14285714285714285,0.01,0.03255813953488372,0.7616279069767442,0.053488372093023255,0.009302325581395349,0.1325581395348837,0.009302325581395349,0.0011627906976744186,True,True,True,False,True,False,
720575940620742605,cell_class,AN,860,400,0.25,0.14285714285714285,0.05,0.03255813953488372,0.7616279069767442,0.053488372093023255,0.009302325581395349,0.1325581395348837,0.009302325581395349,0.0011627906976744186,False,True,False,False,True,False,
720575940620742605,cell_class,AN,860,400,0.25,0.14285714285714285,0.1,0.03255813953488372,0.7616279069767442,0.053488372093023255,0.009302325581395349,0.1325581395348837,0.009302325581395349,0.0011627906976744186,False,True,False,False,False,False,
720575940620742605,cell_class,AN,860,400,0.25,0.04,0.01,0.03255813953488372,0.7616279069767442,0.053488372093023255,0.009302325581395349,0.1325581395348837,0.009302325581395349,0.0011627906976744186,False,True,True,False,True,False,
720575940620742605,cell_class,AN,860,400,0.25,0.04,0.05,0.03255813953488372,0.7616279069767442,0.053488372093023255,0.009302325581395349,0.1325581395348837,0.009302325581395349,0.0011627906976744186,False,True,False,False,False,False,
720575940620742605,cell_class,AN,860,400,0.25,0.04,0.1,0.03255813953488372,0.7616279069767442,0.053488372093023255,0.009302325581395349,0.1325581395348837,0.009302325581395349,0.0011627906976744186,False,True,False,False,False,False,
720575940620742605,cell_class,AN,860,400,0.25,0.02,0.01,0.03255813953488372,0.7616279069767442,0.053488372093023255,0.009302325581395349,0.1325581395348837,0.009302325581395349,0.0011627906976744186,False,True,True,False,True,False,
720575940620742605,cell_class,AN,860,400,0.25,0.02,0.05,0.03255813953488372,0.7616279069767442,0.053488372093023255,0.009302325581395349,0.1325581395348837,0.009302325581395349,0.0011627906976744186,False,True,False,False,False,False,
720575940620742605,cell_class,AN,860,400,0.25,0.02,0.1,0.03255813953488372,0.7616279069767442,0.053488372093023255,0.009302325581395349,0.1325581395348837,0.009302325581395349,0.0011627906976744186,False,True,False,False,False,False,
720575940620742605,cell_class,AN,860,400,0.25,0.01,0.01,0.03255813953488372,0.7616279069767442,0.053488372093023255,0.009302325581395349,0.1325581395348837,0.009302325581395349,0.0011627906976744186,False,True,True,False,True,False,
720575940620742605,cell_class,AN,860,400,0.25,0.01,0.05,0.03255813953488372,0.7616279069767442,0.053488372093023255,0.009302325581395349,0.1325581395348837,0.009302325581395349,0.0011627906976744186,False,True,False,False,False,False,
720575940620742605,cell_class,AN,860,400,0.25,0.01,0.1,0.03255813953488372,0.7616279069767442,0.053488372093023255,0.009302325581395349,0.1325581395348837,0.009302325581395349,0.0011627906976744186,False,False,False,False,False,False,
720575940627488252,cell_class,AN,584,400,0.25,0.14285714285714285,0.01,0.003424657534246575,0.06506849315068493,0.1421232876712329,0.015410958904109588,0.5273972602739726,0.2465753424657534,0.0,False,True,True,False,True,True,
720575940627488252,cell_class,AN,584,400,0.25,0.14285714285714285,0.05,0.003424657534246575,0.06506849315068493,0.1421232876712329,0.015410958904109588,0.5273972602739726,0.2465753424657534,0.0,False,False,False,False,True,True,
720575940627488252,cell_class,AN,584,400,0.25,0.14285714285714285,0.1,0.003424657534246575,0.06506849315068493,0.1421232876712329,0.015410958904109588,0.5273972602739726,0.2465753424657534,0.0,False,False,False,False,True,False,
720575940627488252,cell_class,AN,584,400,0.25,0.04,0.01,0.003424657534246575,0.06506849315068493,0.1421232876712329,0.015410958904109588,0.5273972602739726,0.2465753424657534,0.0,False,True,True,False,True,True,
720575940627488252,cell_class,AN,584,400,0.25,0.04,0.05,0.003424657534246575,0.06506849315068493,0.1421232876712329,0.015410958904109588,0.5273972602739726,0.2465753424657534,0.0,False,False,False,False,True,True,
720575940627488252,cell_class,AN,584,400,0.25,0.04,0.1,0.003424657534246575,0.06506849315068493,0.1421232876712329,0.015410958904109588,0.5273972602739726,0.2465753424657534,0.0,False,False,False,False,False,False,
720575940627488252,cell_class,AN,584,400,0.25,0.02,0.01,0.003424657534246575,0.06506849315068493,0.1421232876712329,0.015410958904109588,0.5273972602739726,0.2465753424657534,0.0,False,True,True,False,True,True,
720575940627488252,cell_class,AN,584,400,0.25,0.02,0.05,0.003424657534246575,0.06506849315068493,0.1421232876712329,0.015410958904109588,0.5273972602739726,0.2465753424657534,0.0,False,False,False,False,False,False,
720575940627488252,cell_class,AN,584,400,0.25,0.02,0.1,0.003424657534246575,0.06506849315068493,0.1421232876712329,0.015410958904109588,0.5273972602739726,0.2465753424657534,0.0,False,False,False,False,False,False,
720575940627488252,cell_class,AN,584,400,0.25,0.01,0.01,0.003424657534246575,0.06506849315068493,0.1421232876712329,0.015410958904109588,0.5273972602739726,0.2465753424657534,0.0,False,True,True,False,True,True,
720575940627488252,cell_class,AN,584,400,0.25,0.01,0.05,0.003424657534246575,0.06506849315068493,0.1421232876712329,0.015410958904109588,0.5273972602739726,0.2465753424657534,0.0,False,False,False,False,False,False,
720575940627488252,cell_class,AN,584,400,0.25,0.01,0.1,0.003424657534246575,0.06506849315068493,0.1421232876712329,0.015410958904109588,0.5273972602739726,0.2465753424657534,0.0,False,False,False,False,False,False,
720575940621114974,cell_class,AN,9520,400,0.25,0.14285714285714285,0.01,0.5019957983193277,0.2027310924369748,0.24978991596638656,0.0009453781512605042,0.03119747899159664,0.01292016806722689,0.0004201680672268908,True,True,True,False,False,False,False
720575940621114974,cell_class,AN,9520,400,0.25,0.14285714285714285,0.05,0.5019957983193277,0.2027310924369748,0.24978991596638656,0.0009453781512605042,0.03119747899159664,0.01292016806722689,0.0004201680672268908,True,True,True,False,False,False,False
720575940621114974,cell_class,AN,9520,400,0.25,0.14285714285714285,0.1,0.5019957983193277,0.2027310924369748,0.24978991596638656,0.0009453781512605042,0.03119747899159664,0.01292016806722689,0.0004201680672268908,True,True,False,False,False,False,False
720575940621114974,cell_class,AN,9520,400,0.25,0.04,0.01,0.5019957983193277,0.2027310924369748,0.24978991596638656,0.0009453781512605042,0.03119747899159664,0.01292016806722689,0.0004201680672268908,True,True,True,False,False,False,False
720575940621114974,cell_class,AN,9520,400,0.25,0.04,0.05,0.5019957983193277,0.2027310924369748,0.24978991596638656,0.0009453781512605042,0.03119747899159664,0.01292016806722689,0.0004201680672268908,True,False,False,False,False,False,False
720575940621114974,cell_class,AN,9520,400,0.25,0.04,0.1,0.5019957983193277,0.2027310924369748,0.24978991596638656,0.0009453781512605042,0.03119747899159664,0.01292016806722689,0.0004201680672268908,False,False,False,False,False,False,False
720575940621114974,cell_class,AN,9520,400,0.25,0.02,0.01,0.5019957983193277,0.2027310924369748,0.24978991596638656,0.0009453781512605042,0.03119747899159664,0.01292016806722689,0.0004201680672268908,True,True,True,False,False,False,False
720575940621114974,cell_class,AN,9520,400,0.25,0.02,0.05,0.5019957983193277,0.2027310924369748,0.24978991596638656,0.0009453781512605042,0.03119747899159664,0.01292016806722689,0.0004201680672268908,False,False,False,False,False,False,False
720575940621114974,cell_class,AN,9520,400,0.25,0.02,0.1,0.5019957983193277,0.2027310924369748,0.24978991596638656,0.0009453781512605042,0.03119747899159664,0.01292016806722689,0.0004201680672268908,False,False,False,False,False,False,False
720575940621114974,cell_class,AN,9520,400,0.25,0.01,0.01,0.5019957983193277,0.2027310924369748,0.24978991596638656,0.0009453781512605042,0.03119747899159664,0.01292016806722689,0.0004201680672268908,True,True,True,False,False,False,False
720575940621114974,cell_class,AN,9520,400,0.25,0.01,0.05,0.5019957983193277,0.2027310924369748,0.24978991596638656,0.0009453781512605042,0.03119747899159664,0.01292016806722689,0.0004201680672268908,False,False,False,False,False,False,False
720575940621114974,cell_class,AN,9520,400,0.25,0.01,0.1,0.5019957983193277,0.2027310924369748,0.24978991596638656,0.0009453781512605042,0.03119747899159664,0.01292016806722689,0.0004201680672268908,False,False,False,False,False,False,False
720575940622517784,cell_class,AN,750,400,0.25,0.14285714285714285,0.01,0.042666666666666665,0.8506666666666667,0.06,0.0,0.04133333333333333,0.004,0.0013333333333333333,True,True,True,,True,False,
720575940622517784,cell_class,AN,750,400,0.25,0.14285714285714285,0.05,0.042666666666666665,0.8506666666666667,0.06,0.0,0.04133333333333333,0.004,0.0013333333333333333,False,True,False,,False,False,
720575940622517784,cell_class,AN,750,400,0.25,0.14285714285714285,0.1,0.042666666666666665,0.8506666666666667,0.06,0.0,0.04133333333333333,0.004,0.0013333333333333333,False,True,False,,False,False,
720575940622517784,cell_class,AN,750,400,0.25,0.04,0.01,0.042666666666666665,0.8506666666666667,0.06,0.0,0.04133333333333333,0.004,0.0013333333333333333,True,True,True,,False,False,
720575940622517784,cell_class,AN,750,400,0.25,0.04,0.05,0.042666666666666665,0.8506666666666667,0.06,0.0,0.04133333333333333,0.004,0.0013333333333333333,False,True,False,,False,False,
720575940622517784,cell_class,AN,750,400,0.25,0.04,0.1,0.042666666666666665,0.8506666666666667,0.06,0.0,0.04133333333333333,0.004,0.0013333333333333333,False,False,False,,False,False,
720575940622517784,cell_class,AN,750,400,0.25,0.02,0.01,0.042666666666666665,0.8506666666666667,0.06,0.0,0.04133333333333333,0.004,0.0013333333333333333,True,True,True,,False,False,
720575940622517784,cell_class,AN,750,400,0.25,0.02,0.05,0.042666666666666665,0.8506666666666667,0.06,0.0,0.04133333333333333,0.004,0.0013333333333333333,False,True,False,,False,False,
720575940622517784,cell_class,AN,750,400,0.25,0.02,0.1,0.042666666666666665,0.8506666666666667,0.06,0.0,0.04133333333333333,0.004,0.0013333333333333333,False,False,False,,False,False,
720575940622517784,cell_class,AN,750,400,0.25,0.01,0.01,0.042666666666666665,0.8506666666666667,0.06,0.0,0.04133333333333333,0.004,0.0013333333333333333,True,True,False,,False,False,
720575940622517784,cell_class,AN,750,400,0.25,0.01,0.05,0.042666666666666665,0.8506666666666667,0.06,0.0,0.04133333333333333,0.004,0.0013333333333333333,False,True,False,,False,False,
720575940622517784,cell_class,AN,750,400,0.25,0.01,0.1,0.042666666666666665,0.8506666666666667,0.06,0.0,0.04133333333333333,0.004,0.0013333333333333333,False,False,False,,False,False,
720575940627538690,cell_class,AN,2214,400,0.25,0.14285714285714285,0.01,0.43360433604336046,0.15943992773261065,0.056458897922312554,0.005420054200542005,0.2786811201445348,0.06413730803974707,0.002258355916892502,True,True,True,False,True,True,False
720575940627538690,cell_class,AN,2214,400,0.25,0.14285714285714285,0.05,0.43360433604336046,0.15943992773261065,0.056458897922312554,0.005420054200542005,0.2786811201445348,0.06413730803974707,0.002258355916892502,True,True,False,False,True,False,False
720575940627538690,cell_class,AN,2214,400,0.25,0.14285714285714285,0.1,0.43360433604336046,0.15943992773261065,0.056458897922312554,0.005420054200542005,0.2786811201445348,0.06413730803974707,0.002258355916892502,True,False,False,False,False,False,False
720575940627538690,cell_class,AN,2214,400,0.25,0.04,0.01,0.43360433604336046,0.15943992773261065,0.056458897922312554,0.005420054200542005,0.2786811201445348,0.06413730803974707,0.002258355916892502,True,True,False,False,True,False,False
720575940627538690,cell_class,AN,2214,400,0.25,0.04,0.05,0.43360433604336046,0.15943992773261065,0.056458897922312554,0.005420054200542005,0.2786811201445348,0.06413730803974707,0.002258355916892502,True,False,False,False,True,False,False
720575940627538690,cell_class,AN,2214,400,0.25,0.04,0.1,0.43360433604336046,0.15943992773261065,0.056458897922312554,0.005420054200542005,0.2786811201445348,0.06413730803974707,0.002258355916892502,False,False,False,False,False,False,False
720575940627538690,cell_class,AN,2214,400,0.25,0.02,0.01,0.43360433604336046,0.15943992773261065,0.056458897922312554,0.005420054200542005,0.2786811201445348,0.06413730803974707,0.002258355916892502,True,True,False,False,True,False,False
720575940627538690,cell_class,AN,2214,400,0.25,0.02,0.05,0.43360433604336046,0.15943992773261065,0.056458897922312554,0.005420054200542005,0.2786811201445348,0.06413730803974707,0.002258355916892502,False,False,False,False,False,False,False
720575940627538690,cell_class,AN,2214,400,0.25,0.02,0.1,0.43360433604336046,0.15943992773261065,0.056458897922312554,0.005420054200542005,0.2786811201445348,0.06413730803974707,0.002258355916892502,False,False,False,False,False,False,False
720575940627538690,cell_class,AN,2214,400,0.25,0.01,0.01,0.43360433604336046,0.15943992773261065,0.056458897922312554,0.005420054200542005,0.2786811201445348,0.06413730803974707,0.002258355916892502,True,False,False,False,True,False,False
720575940627538690,cell_class,AN,2214,400,0.25,0.01,0.05,0.43360433604336046,0.15943992773261065,0.056458897922312554,0.005420054200542005,0.2786811201445348,0.06413730803974707,0.002258355916892502,False,False,False,False,False,False,False
720575940627538690,cell_class,AN,2214,400,0.25,0.01,0.1,0.43360433604336046,0.15943992773261065,0.056458897922312554,0.005420054200542005,0.2786811201445348,0.06413730803974707,0.002258355916892502,False,False,False,False,False,False,False
720575940612331618,cell_class,AN,1927,400,0.25,0.14285714285714285,0.01,0.6678775298391282,0.06798131811105346,0.17903476907109497,0.006227296315516347,0.03736377789309808,0.04151530877010898,0.0,True,True,True,False,True,True,
720575940612331618,cell_class,AN,1927,400,0.25,0.14285714285714285,0.05,0.6678775298391282,0.06798131811105346,0.17903476907109497,0.006227296315516347,0.03736377789309808,0.04151530877010898,0.0,True,False,True,False,False,False,
720575940612331618,cell_class,AN,1927,400,0.25,0.14285714285714285,0.1,0.6678775298391282,0.06798131811105346,0.17903476907109497,0.006227296315516347,0.03736377789309808,0.04151530877010898,0.0,True,False,False,False,False,False,
720575940612331618,cell_class,AN,1927,400,0.25,0.04,0.01,0.6678775298391282,0.06798131811105346,0.17903476907109497,0.006227296315516347,0.03736377789309808,0.04151530877010898,0.0,True,True,True,False,False,False,
720575940612331618,cell_class,AN,1927,400,0.25,0.04,0.05,0.6678775298391282,0.06798131811105346,0.17903476907109497,0.006227296315516347,0.03736377789309808,0.04151530877010898,0.0,True,False,False,False,False,False,
720575940612331618,cell_class,AN,1927,400,0.25,0.04,0.1,0.6678775298391282,0.06798131811105346,0.17903476907109497,0.006227296315516347,0.03736377789309808,0.04151530877010898,0.0,False,False,False,False,False,False,
720575940612331618,cell_class,AN,1927,400,0.25,0.02,0.01,0.6678775298391282,0.06798131811105346,0.17903476907109497,0.006227296315516347,0.03736377789309808,0.04151530877010898,0.0,True,False,True,False,False,False,
720575940612331618,cell_class,AN,1927,400,0.25,0.02,0.05,0.6678775298391282,0.06798131811105346,0.17903476907109497,0.006227296315516347,0.03736377789309808,0.04151530877010898,0.0,True,False,False,False,False,False,
720575940612331618,cell_class,AN,1927,400,0.25,0.02,0.1,0.6678775298391282,0.06798131811105346,0.17903476907109497,0.006227296315516347,0.03736377789309808,0.04151530877010898,0.0,False,False,False,False,False,False,
720575940612331618,cell_class,AN,1927,400,0.25,0.01,0.01,0.6678775298391282,0.06798131811105346,0.17903476907109497,0.006227296315516347,0.03736377789309808,0.04151530877010898,0.0,True,False,True,False,False,False,
720575940612331618,cell_class,AN,1927,400,0.25,0.01,0.05,0.6678775298391282,0.06798131811105346,0.17903476907109497,0.006227296315516347,0.03736377789309808,0.04151530877010898,0.0,False,False,False,False,False,False,
720575940612331618,cell_class,AN,1927,400,0.25,0.01,0.1,0.6678775298391282,0.06798131811105346,0.17903476907109497,0.006227296315516347,0.03736377789309808,0.04151530877010898,0.0,False,False,False,False,False,False,
720575940629306667,cell_class,AN,3042,400,0.25,0.14285714285714285,0.01,0.050953320184089414,0.06870479947403024,0.04240631163708087,0.07166337935568705,0.5874424720578567,0.1752136752136752,0.003616042077580539,True,True,True,True,True,True,False
720575940629306667,cell_class,AN,3042,400,0.25,0.14285714285714285,0.05,0.050953320184089414,0.06870479947403024,0.04240631163708087,0.07166337935568705,0.5874424720578567,0.1752136752136752,0.003616042077580539,False,False,False,False,True,True,False
720575940629306667,cell_class,AN,3042,400,0.25,0.14285714285714285,0.1,0.050953320184089414,0.06870479947403024,0.04240631163708087,0.07166337935568705,0.5874424720578567,0.1752136752136752,0.003616042077580539,False,False,False,False,True,True,False
720575940629306667,cell_class,AN,3042,400,0.25,0.04,0.01,0.050953320184089414,0.06870479947403024,0.04240631163708087,0.07166337935568705,0.5874424720578567,0.1752136752136752,0.003616042077580539,False,True,False,True,True,True,False
720575940629306667,cell_class,AN,3042,400,0.25,0.04,0.05,0.050953320184089414,0.06870479947403024,0.04240631163708087,0.07166337935568705,0.5874424720578567,0.1752136752136752,0.003616042077580539,False,False,False,False,True,False,False
720575940629306667,cell_class,AN,3042,400,0.25,0.04,0.1,0.050953320184089414,0.06870479947403024,0.04240631163708087,0.07166337935568705,0.5874424720578567,0.1752136752136752,0.003616042077580539,False,False,False,False,False,False,False
720575940629306667,cell_class,AN,3042,400,0.25,0.02,0.01,0.050953320184089414,0.06870479947403024,0.04240631163708087,0.07166337935568705,0.5874424720578567,0.1752136752136752,0.003616042077580539,False,True,False,True,True,True,False
720575940629306667,cell_class,AN,3042,400,0.25,0.02,0.05,0.050953320184089414,0.06870479947403024,0.04240631163708087,0.07166337935568705,0.5874424720578567,0.1752136752136752,0.003616042077580539,False,False,False,False,True,False,False
720575940629306667,cell_class,AN,3042,400,0.25,0.02,0.1,0.050953320184089414,0.06870479947403024,0.04240631163708087,0.07166337935568705,0.5874424720578567,0.1752136752136752,0.003616042077580539,False,False,False,False,False,False,False
720575940629306667,cell_class,AN,3042,400,0.25,0.01,0.01,0.050953320184089414,0.06870479947403024,0.04240631163708087,0.07166337935568705,0.5874424720578567,0.1752136752136752,0.003616042077580539,False,False,False,True,True,True,False
720575940629306667,cell_class,AN,3042,400,0.25,0.01,0.05,0.050953320184089414,0.06870479947403024,0.04240631163708087,0.07166337935568705,0.5874424720578567,0.1752136752136752,0.003616042077580539,False,False,False,False,True,False,False
720575940629306667,cell_class,AN,3042,400,0.25,0.01,0.1,0.050953320184089414,0.06870479947403024,0.04240631163708087,0.07166337935568705,0.5874424720578567,0.1752136752136752,0.003616042077580539,False,False,False,False,False,False,False
720575940628209801,cell_class,AN,2755,400,0.25,0.14285714285714285,0.01,0.050816696914700546,0.09945553539019963,0.08421052631578947,0.10199637023593466,0.4627949183303085,0.1956442831215971,0.005081669691470054,True,True,True,True,True,True,False
720575940628209801,cell_class,AN,2755,400,0.25,0.14285714285714285,0.05,0.050816696914700546,0.09945553539019963,0.08421052631578947,0.10199637023593466,0.4627949183303085,0.1956442831215971,0.005081669691470054,False,False,False,True,True,True,False
720575940628209801,cell_class,AN,2755,400,0.25,0.14285714285714285,0.1,0.050816696914700546,0.09945553539019963,0.08421052631578947,0.10199637023593466,0.4627949183303085,0.1956442831215971,0.005081669691470054,False,False,False,False,True,False,False
720575940628209801,cell_class,AN,2755,400,0.25,0.04,0.01,0.050816696914700546,0.09945553539019963,0.08421052631578947,0.10199637023593466,0.4627949183303085,0.1956442831215971,0.005081669691470054,True,True,True,True,True,True,False
720575940628209801,cell_class,AN,2755,400,0.25,0.04,0.05,0.050816696914700546,0.09945553539019963,0.08421052631578947,0.10199637023593466,0.4627949183303085,0.1956442831215971,0.005081669691470054,False,False,False,False,True,False,False
720575940628209801,cell_class,AN,2755,400,0.25,0.04,0.1,0.050816696914700546,0.09945553539019963,0.08421052631578947,0.10199637023593466,0.4627949183303085,0.1956442831215971,0.005081669691470054,False,False,False,False,False,False,False
720575940628209801,cell_class,AN,2755,400,0.25,0.02,0.01,0.050816696914700546,0.09945553539019963,0.08421052631578947,0.10199637023593466,0.4627949183303085,0.1956442831215971,0.005081669691470054,False,True,True,True,True,True,False
720575940628209801,cell_class,AN,2755,400,0.25,0.02,0.05,0.050816696914700546,0.09945553539019963,0.08421052631578947,0.10199637023593466,0.4627949183303085,0.1956442831215971,0.005081669691470054,False,False,False,False,True,False,False
720575940628209801,cell_class,AN,2755,400,0.25,0.02,0.1,0.050816696914700546,0.09945553539019963,0.08421052631578947,0.10199637023593466,0.4627949183303085,0.1956442831215971,0.005081669691470054,False,False,False,False,False,False,False
720575940628209801,cell_class,AN,2755,400,0.25,0.01,0.01,0.050816696914700546,0.09945553539019963,0.08421052631578947,0.10199637023593466,0.4627949183303085,0.1956442831215971,0.005081669691470054,False,True,False,True,True,True,False
720575940628209801,cell_class,AN,2755,400,0.25,0.01,0.05,0.050816696914700546,0.09945553539019963,0.08421052631578947,0.10199637023593466,0.4627949183303085,0.1956442831215971,0.005081669691470054,False,False,False,False,False,False,False
720575940628209801,cell_class,AN,2755,400,0.25,0.01,0.1,0.050816696914700546,0.09945553539019963,0.08421052631578947,0.10199637023593466,0.4627949183303085,0.1956442831215971,0.005081669691470054,False,False,False,False,False,False,False
720575940628644239,cell_class,AN,1271,400,0.25,0.14285714285714285,0.01,0.05350118017309206,0.05507474429583006,0.06687647521636507,0.0936270653029111,0.6207710464201416,0.10621557828481511,0.003933910306845004,True,True,True,True,True,True,False
720575940628644239,cell_class,AN,1271,400,0.25,0.14285714285714285,0.05,0.05350118017309206,0.05507474429583006,0.06687647521636507,0.0936270653029111,0.6207710464201416,0.10621557828481511,0.003933910306845004,False,False,False,True,True,False,False
720575940628644239,cell_class,AN,1271,400,0.25,0.14285714285714285,0.1,0.05350118017309206,0.05507474429583006,0.06687647521636507,0.0936270653029111,0.6207710464201416,0.10621557828481511,0.003933910306845004,False,False,False,False,True,False,False
720575940628644239,cell_class,AN,1271,400,0.25,0.04,0.01,0.05350118017309206,0.05507474429583006,0.06687647521636507,0.0936270653029111,0.6207710464201416,0.10621557828481511,0.003933910306845004,True,True,True,True,True,True,False
720575940628644239,cell_class,AN,1271,400,0.25,0.04,0.05,0.05350118017309206,0.05507474429583006,0.06687647521636507,0.0936270653029111,0.6207710464201416,0.10621557828481511,0.003933910306845004,False,False,False,False,True,False,False
720575940628644239,cell_class,AN,1271,400,0.25,0.04,0.1,0.05350118017309206,0.05507474429583006,0.06687647521636507,0.0936270653029111,0.6207710464201416,0.10621557828481511,0.003933910306845004,False,False,False,False,True,False,False
720575940628644239,cell_class,AN,1271,400,0.25,0.02,0.01,0.05350118017309206,0.05507474429583006,0.06687647521636507,0.0936270653029111,0.6207710464201416,0.10621557828481511,0.003933910306845004,False,True,True,True,True,True,False
720575940628644239,cell_class,AN,1271,400,0.25,0.02,0.05,0.05350118017309206,0.05507474429583006,0.06687647521636507,0.0936270653029111,0.6207710464201416,0.10621557828481511,0.003933910306845004,False,False,False,False,True,False,False
720575940628644239,cell_class,AN,1271,400,0.25,0.02,0.1,0.05350118017309206,0.05507474429583006,0.06687647521636507,0.0936270653029111,0.6207710464201416,0.10621557828481511,0.003933910306845004,False,False,False,False,False,False,False
720575940628644239,cell_class,AN,1271,400,0.25,0.01,0.01,0.05350118017309206,0.05507474429583006,0.06687647521636507,0.0936270653029111,0.6207710464201416,0.10621557828481511,0.003933910306845004,False,True,True,True,True,False,False
720575940628644239,cell_class,AN,1271,400,0.25,0.01,0.05,0.05350118017309206,0.05507474429583006,0.06687647521636507,0.0936270653029111,0.6207710464201416,0.10621557828481511,0.003933910306845004,False,False,False,False,False,False,False
720575940628644239,cell_class,AN,1271,400,0.25,0.01,0.1,0.05350118017309206,0.05507474429583006,0.06687647521636507,0.0936270653029111,0.6207710464201416,0.10621557828481511,0.003933910306845004,False,False,False,False,False,False,False
720575940623400629,cell_class,AN,2770,400,0.25,0.14285714285714285,0.01,0.6198555956678701,0.28231046931407944,0.05595667870036101,0.005415162454873646,0.03032490974729242,0.005054151624548736,0.0010830324909747292,True,True,True,False,True,False,False
720575940623400629,cell_class,AN,2770,400,0.25,0.14285714285714285,0.05,0.6198555956678701,0.28231046931407944,0.05595667870036101,0.005415162454873646,0.03032490974729242,0.005054151624548736,0.0010830324909747292,True,True,False,False,False,False,False
720575940623400629,cell_class,AN,2770,400,0.25,0.14285714285714285,0.1,0.6198555956678701,0.28231046931407944,0.05595667870036101,0.005415162454873646,0.03032490974729242,0.005054151624548736,0.0010830324909747292,True,False,False,False,False,False,False
720575940623400629,cell_class,AN,2770,400,0.25,0.04,0.01,0.6198555956678701,0.28231046931407944,0.05595667870036101,0.005415162454873646,0.03032490974729242,0.005054151624548736,0.0010830324909747292,True,True,False,False,False,False,False
720575940623400629,cell_class,AN,2770,400,0.25,0.04,0.05,0.6198555956678701,0.28231046931407944,0.05595667870036101,0.005415162454873646,0.03032490974729242,0.005054151624548736,0.0010830324909747292,True,False,False,False,False,False,False
720575940623400629,cell_class,AN,2770,400,0.25,0.04,0.1,0.6198555956678701,0.28231046931407944,0.05595667870036101,0.005415162454873646,0.03032490974729242,0.005054151624548736,0.0010830324909747292,False,False,False,False,False,False,False
720575940623400629,cell_class,AN,2770,400,0.25,0.02,0.01,0.6198555956678701,0.28231046931407944,0.05595667870036101,0.005415162454873646,0.03032490974729242,0.005054151624548736,0.0010830324909747292,True,True,False,False,False,False,False
720575940623400629,cell_class,AN,2770,400,0.25,0.02,0.05,0.6198555956678701,0.28231046931407944,0.05595667870036101,0.005415162454873646,0.03032490974729242,0.005054151624548736,0.0010830324909747292,False,False,False,False,False,False,False
720575940623400629,cell_class,AN,2770,400,0.25,0.02,0.1,0.6198555956678701,0.28231046931407944,0.05595667870036101,0.005415162454873646,0.03032490974729242,0.005054151624548736,0.0010830324909747292,False,False,False,False,False,False,False
720575940623400629,cell_class,AN,2770,400,0.25,0.01,0.01,0.6198555956678701,0.28231046931407944,0.05595667870036101,0.005415162454873646,0.03032490974729242,0.005054151624548736,0.0010830324909747292,True,True,False,False,False,False,False
720575940623400629,cell_class,AN,2770,400,0.25,0.01,0.05,0.6198555956678701,0.28231046931407944,0.05595667870036101,0.005415162454873646,0.03032490974729242,0.005054151624548736,0.0010830324909747292,False,False,False,False,False,False,False
720575940623400629,cell_class,AN,2770,400,0.25,0.01,0.1,0.6198555956678701,0.28231046931407944,0.05595667870036101,0.005415162454873646,0.03032490974729242,0.005054151624548736,0.0010830324909747292,False,False,False,False,False,False,False
720575940625526805,cell_class,AN,1844,400,0.25,0.14285714285714285,0.01,0.022234273318872018,0.9316702819956616,0.013557483731019523,0.0021691973969631237,0.01193058568329718,0.01789587852494577,0.0005422993492407809,False,True,False,False,False,True,
720575940625526805,cell_class,AN,1844,400,0.25,0.14285714285714285,0.05,0.022234273318872018,0.9316702819956616,0.013557483731019523,0.0021691973969631237,0.01193058568329718,0.01789587852494577,0.0005422993492407809,False,True,False,False,False,False,
720575940625526805,cell_class,AN,1844,400,0.25,0.14285714285714285,0.1,0.022234273318872018,0.9316702819956616,0.013557483731019523,0.0021691973969631237,0.01193058568329718,0.01789587852494577,0.0005422993492407809,False,True,False,False,False,False,
720575940625526805,cell_class,AN,1844,400,0.25,0.04,0.01,0.022234273318872018,0.9316702819956616,0.013557483731019523,0.0021691973969631237,0.01193058568329718,0.01789587852494577,0.0005422993492407809,False,True,False,False,False,False,
720575940625526805,cell_class,AN,1844,400,0.25,0.04,0.05,0.022234273318872018,0.9316702819956616,0.013557483731019523,0.0021691973969631237,0.01193058568329718,0.01789587852494577,0.0005422993492407809,False,True,False,False,False,False,
720575940625526805,cell_class,AN,1844,400,0.25,0.04,0.1,0.022234273318872018,0.9316702819956616,0.013557483731019523,0.0021691973969631237,0.01193058568329718,0.01789587852494577,0.0005422993492407809,False,True,False,False,False,False,
720575940625526805,cell_class,AN,1844,400,0.25,0.02,0.01,0.022234273318872018,0.9316702819956616,0.013557483731019523,0.0021691973969631237,0.01193058568329718,0.01789587852494577,0.0005422993492407809,False,True,False,False,False,False,
720575940625526805,cell_class,AN,1844,400,0.25,0.02,0.05,0.022234273318872018,0.9316702819956616,0.013557483731019523,0.0021691973969631237,0.01193058568329718,0.01789587852494577,0.0005422993492407809,False,True,False,False,False,False,
720575940625526805,cell_class,AN,1844,400,0.25,0.02,0.1,0.022234273318872018,0.9316702819956616,0.013557483731019523,0.0021691973969631237,0.01193058568329718,0.01789587852494577,0.0005422993492407809,False,False,False,False,False,False,
720575940625526805,cell_class,AN,1844,400,0.25,0.01,0.01,0.022234273318872018,0.9316702819956616,0.013557483731019523,0.0021691973969631237,0.01193058568329718,0.01789587852494577,0.0005422993492407809,False,True,False,False,False,False,
720575940625526805,cell_class,AN,1844,400,0.25,0.01,0.05,0.022234273318872018,0.9316702819956616,0.013557483731019523,0.0021691973969631237,0.01193058568329718,0.01789587852494577,0.0005422993492407809,False,False,False,False,False,False,
720575940625526805,cell_class,AN,1844,400,0.25,0.01,0.1,0.022234273318872018,0.9316702819956616,0.013557483731019523,0.0021691973969631237,0.01193058568329718,0.01789587852494577,0.0005422993492407809,False,False,False,False,False,False,
720575940623817776,cell_class,AN,7973,400,0.25,0.14285714285714285,0.01,0.8023328734478866,0.0982064467578076,0.07563025210084033,0.002508466072996363,0.014047410008779631,0.007149128308039634,0.00012542330364981815,True,True,True,False,False,False,
720575940623817776,cell_class,AN,7973,400,0.25,0.14285714285714285,0.05,0.8023328734478866,0.0982064467578076,0.07563025210084033,0.002508466072996363,0.014047410008779631,0.007149128308039634,0.00012542330364981815,True,False,True,False,False,False,
720575940623817776,cell_class,AN,7973,400,0.25,0.14285714285714285,0.1,0.8023328734478866,0.0982064467578076,0.07563025210084033,0.002508466072996363,0.014047410008779631,0.007149128308039634,0.00012542330364981815,True,False,False,False,False,False,
720575940623817776,cell_class,AN,7973,400,0.25,0.04,0.01,0.8023328734478866,0.0982064467578076,0.07563025210084033,0.002508466072996363,0.014047410008779631,0.007149128308039634,0.00012542330364981815,True,True,True,False,False,False,
720575940623817776,cell_class,AN,7973,400,0.25,0.04,0.05,0.8023328734478866,0.0982064467578076,0.07563025210084033,0.002508466072996363,0.014047410008779631,0.007149128308039634,0.00012542330364981815,True,False,False,False,False,False,
720575940623817776,cell_class,AN,7973,400,0.25,0.04,0.1,0.8023328734478866,0.0982064467578076,0.07563025210084033,0.002508466072996363,0.014047410008779631,0.007149128308039634,0.00012542330364981815,True,False,False,False,False,False,
720575940623817776,cell_class,AN,7973,400,0.25,0.02,0.01,0.8023328734478866,0.0982064467578076,0.07563025210084033,0.002508466072996363,0.014047410008779631,0.007149128308039634,0.00012542330364981815,True,True,True,False,False,False,
720575940623817776,cell_class,AN,7973,400,0.25,0.02,0.05,0.8023328734478866,0.0982064467578076,0.07563025210084033,0.002508466072996363,0.014047410008779631,0.007149128308039634,0.00012542330364981815,True,False,False,False,False,False,
720575940623817776,cell_class,AN,7973,400,0.25,0.02,0.1,0.8023328734478866,0.0982064467578076,0.07563025210084033,0.002508466072996363,0.014047410008779631,0.007149128308039634,0.00012542330364981815,False,False,False,False,False,False,
720575940623817776,cell_class,AN,7973,400,0.25,0.01,0.01,0.8023328734478866,0.0982064467578076,0.07563025210084033,0.002508466072996363,0.014047410008779631,0.007149128308039634,0.00012542330364981815,True,True,True,False,False,False,
720575940623817776,cell_class,AN,7973,400,0.25,0.01,0.05,0.8023328734478866,0.0982064467578076,0.07563025210084033,0.002508466072996363,0.014047410008779631,0.007149128308039634,0.00012542330364981815,False,False,False,False,False,False,
720575940623817776,cell_class,AN,7973,400,0.25,0.01,0.1,0.8023328734478866,0.0982064467578076,0.07563025210084033,0.002508466072996363,0.014047410008779631,0.007149128308039634,0.00012542330364981815,False,False,False,False,False,False,
720575940619202901,cell_class,AN,14749,400,0.25,0.14285714285714285,0.01,0.013085632924266052,0.9059597260831243,0.06556376703505322,0.0021018374127059463,0.0076615363753474814,0.005491897755780053,0.00013560241372296427,False,True,True,False,False,False,False
720575940619202901,cell_class,AN,14749,400,0.25,0.14285714285714285,0.05,0.013085632924266052,0.9059597260831243,0.06556376703505322,0.0021018374127059463,0.0076615363753474814,0.005491897755780053,0.00013560241372296427,False,True,True,False,False,False,False
720575940619202901,cell_class,AN,14749,400,0.25,0.14285714285714285,0.1,0.013085632924266052,0.9059597260831243,0.06556376703505322,0.0021018374127059463,0.0076615363753474814,0.005491897755780053,0.00013560241372296427,False,True,False,False,False,False,False
720575940619202901,cell_class,AN,14749,400,0.25,0.04,0.01,0.013085632924266052,0.9059597260831243,0.06556376703505322,0.0021018374127059463,0.0076615363753474814,0.005491897755780053,0.00013560241372296427,False,True,True,False,False,False,False
720575940619202901,cell_class,AN,14749,400,0.25,0.04,0.05,0.013085632924266052,0.9059597260831243,0.06556376703505322,0.0021018374127059463,0.0076615363753474814,0.005491897755780053,0.00013560241372296427,False,True,False,False,False,False,False
720575940619202901,cell_class,AN,14749,400,0.25,0.04,0.1,0.013085632924266052,0.9059597260831243,0.06556376703505322,0.0021018374127059463,0.0076615363753474814,0.005491897755780053,0.00013560241372296427,False,True,False,False,False,False,False
720575940619202901,cell_class,AN,14749,400,0.25,0.02,0.01,0.013085632924266052,0.9059597260831243,0.06556376703505322,0.0021018374127059463,0.0076615363753474814,0.005491897755780053,0.00013560241372296427,False,True,True,False,False,False,False
720575940619202901,cell_class,AN,14749,400,0.25,0.02,0.05,0.013085632924266052,0.9059597260831243,0.06556376703505322,0.0021018374127059463,0.0076615363753474814,0.005491897755780053,0.00013560241372296427,False,True,False,False,False,False,False
720575940619202901,cell_class,AN,14749,400,0.25,0.02,0.1,0.013085632924266052,0.9059597260831243,0.06556376703505322,0.0021018374127059463,0.0076615363753474814,0.005491897755780053,0.00013560241372296427,False,False,False,False,False,False,False
720575940619202901,cell_class,AN,14749,400,0.25,0.01,0.01,0.013085632924266052,0.9059597260831243,0.06556376703505322,0.0021018374127059463,0.0076615363753474814,0.005491897755780053,0.00013560241372296427,False,True,False,False,False,False,False
720575940619202901,cell_class,AN,14749,400,0.25,0.01,0.05,0.013085632924266052,0.9059597260831243,0.06556376703505322,0.0021018374127059463,0.0076615363753474814,0.005491897755780053,0.00013560241372296427,False,False,False,False,False,False,False
720575940619202901,cell_class,AN,14749,400,0.25,0.01,0.1,0.013085632924266052,0.9059597260831243,0.06556376703505322,0.0021018374127059463,0.0076615363753474814,0.005491897755780053,0.00013560241372296427,False,False,False,False,False,False,False
720575940629972983,cell_class,AN,1304,400,0.25,0.14285714285714285,0.01,0.04294478527607362,0.8243865030674846,0.036042944785276074,0.0023006134969325155,0.08895705521472393,0.004601226993865031,0.0007668711656441718,True,True,True,False,True,False,
720575940629972983,cell_class,AN,1304,400,0.25,0.14285714285714285,0.05,0.04294478527607362,0.8243865030674846,0.036042944785276074,0.0023006134969325155,0.08895705521472393,0.004601226993865031,0.0007668711656441718,False,True,False,False,False,False,
720575940629972983,cell_class,AN,1304,400,0.25,0.14285714285714285,0.1,0.04294478527607362,0.8243865030674846,0.036042944785276074,0.0023006134969325155,0.08895705521472393,0.004601226993865031,0.0007668711656441718,False,True,False,False,False,False,
720575940629972983,cell_class,AN,1304,400,0.25,0.04,0.01,0.04294478527607362,0.8243865030674846,0.036042944785276074,0.0023006134969325155,0.08895705521472393,0.004601226993865031,0.0007668711656441718,True,True,False,False,True,False,
720575940629972983,cell_class,AN,1304,400,0.25,0.04,0.05,0.04294478527607362,0.8243865030674846,0.036042944785276074,0.0023006134969325155,0.08895705521472393,0.004601226993865031,0.0007668711656441718,False,True,False,False,False,False,
720575940629972983,cell_class,AN,1304,400,0.25,0.04,0.1,0.04294478527607362,0.8243865030674846,0.036042944785276074,0.0023006134969325155,0.08895705521472393,0.004601226993865031,0.0007668711656441718,False,True,False,False,False,False,
720575940629972983,cell_class,AN,1304,400,0.25,0.02,0.01,0.04294478527607362,0.8243865030674846,0.036042944785276074,0.0023006134969325155,0.08895705521472393,0.004601226993865031,0.0007668711656441718,False,True,False,False,False,False,
720575940629972983,cell_class,AN,1304,400,0.25,0.02,0.05,0.04294478527607362,0.8243865030674846,0.036042944785276074,0.0023006134969325155,0.08895705521472393,0.004601226993865031,0.0007668711656441718,False,True,False,False,False,False,
720575940629972983,cell_class,AN,1304,400,0.25,0.02,0.1,0.04294478527607362,0.8243865030674846,0.036042944785276074,0.0023006134969325155,0.08895705521472393,0.004601226993865031,0.0007668711656441718,False,False,False,False,False,False,
720575940629972983,cell_class,AN,1304,400,0.25,0.01,0.01,0.04294478527607362,0.8243865030674846,0.036042944785276074,0.0023006134969325155,0.08895705521472393,0.004601226993865031,0.0007668711656441718,False,True,False,False,False,False,
720575940629972983,cell_class,AN,1304,400,0.25,0.01,0.05,0.04294478527607362,0.8243865030674846,0.036042944785276074,0.0023006134969325155,0.08895705521472393,0.004601226993865031,0.0007668711656441718,False,True,False,False,False,False,
720575940629972983,cell_class,AN,1304,400,0.25,0.01,0.1,0.04294478527607362,0.8243865030674846,0.036042944785276074,0.0023006134969325155,0.08895705521472393,0.004601226993865031,0.0007668711656441718,False,False,False,False,False,False,
720575940634584312,cell_class,AN,3544,400,0.25,0.14285714285714285,0.01,0.016930022573363433,0.9520316027088036,0.007054176072234763,0.001128668171557562,0.0208803611738149,0.0019751693002257337,0.0,True,True,False,False,False,False,
720575940634584312,cell_class,AN,3544,400,0.25,0.14285714285714285,0.05,0.016930022573363433,0.9520316027088036,0.007054176072234763,0.001128668171557562,0.0208803611738149,0.0019751693002257337,0.0,False,True,False,False,False,False,
720575940634584312,cell_class,AN,3544,400,0.25,0.14285714285714285,0.1,0.016930022573363433,0.9520316027088036,0.007054176072234763,0.001128668171557562,0.0208803611738149,0.0019751693002257337,0.0,False,True,False,False,False,False,
720575940634584312,cell_class,AN,3544,400,0.25,0.04,0.01,0.016930022573363433,0.9520316027088036,0.007054176072234763,0.001128668171557562,0.0208803611738149,0.0019751693002257337,0.0,False,True,False,False,False,False,
720575940634584312,cell_class,AN,3544,400,0.25,0.04,0.05,0.016930022573363433,0.9520316027088036,0.007054176072234763,0.001128668171557562,0.0208803611738149,0.0019751693002257337,0.0,False,True,False,False,False,False,
720575940634584312,cell_class,AN,3544,400,0.25,0.04,0.1,0.016930022573363433,0.9520316027088036,0.007054176072234763,0.001128668171557562,0.0208803611738149,0.0019751693002257337,0.0,False,True,False,False,False,False,
720575940634584312,cell_class,AN,3544,400,0.25,0.02,0.01,0.016930022573363433,0.9520316027088036,0.007054176072234763,0.001128668171557562,0.0208803611738149,0.0019751693002257337,0.0,False,True,False,False,False,False,
720575940634584312,cell_class,AN,3544,400,0.25,0.02,0.05,0.016930022573363433,0.9520316027088036,0.007054176072234763,0.001128668171557562,0.0208803611738149,0.0019751693002257337,0.0,False,True,False,False,False,False,
720575940634584312,cell_class,AN,3544,400,0.25,0.02,0.1,0.016930022573363433,0.9520316027088036,0.007054176072234763,0.001128668171557562,0.0208803611738149,0.0019751693002257337,0.0,False,False,False,False,False,False,
720575940634584312,cell_class,AN,3544,400,0.25,0.01,0.01,0.016930022573363433,0.9520316027088036,0.007054176072234763,0.001128668171557562,0.0208803611738149,0.0019751693002257337,0.0,False,True,False,False,False,False,
720575940634584312,cell_class,AN,3544,400,0.25,0.01,0.05,0.016930022573363433,0.9520316027088036,0.007054176072234763,0.001128668171557562,0.0208803611738149,0.0019751693002257337,0.0,False,True,False,False,False,False,
720575940634584312,cell_class,AN,3544,400,0.25,0.01,0.1,0.016930022573363433,0.9520316027088036,0.007054176072234763,0.001128668171557562,0.0208803611738149,0.0019751693002257337,0.0,False,False,False,False,False,False,
720575940632015699,cell_class,AN,6102,400,0.25,0.14285714285714285,0.01,0.8513602097672894,0.06801048836447067,0.05260570304818092,0.0022943297279580466,0.012782694198623401,0.012618813503769257,0.00032776138970829236,True,True,True,False,False,False,False
720575940632015699,cell_class,AN,6102,400,0.25,0.14285714285714285,0.05,0.8513602097672894,0.06801048836447067,0.05260570304818092,0.0022943297279580466,0.012782694198623401,0.012618813503769257,0.00032776138970829236,True,False,False,False,False,False,False
720575940632015699,cell_class,AN,6102,400,0.25,0.14285714285714285,0.1,0.8513602097672894,0.06801048836447067,0.05260570304818092,0.0022943297279580466,0.012782694198623401,0.012618813503769257,0.00032776138970829236,True,False,False,False,False,False,False
720575940632015699,cell_class,AN,6102,400,0.25,0.04,0.01,0.8513602097672894,0.06801048836447067,0.05260570304818092,0.0022943297279580466,0.012782694198623401,0.012618813503769257,0.00032776138970829236,True,True,False,False,False,False,False
720575940632015699,cell_class,AN,6102,400,0.25,0.04,0.05,0.8513602097672894,0.06801048836447067,0.05260570304818092,0.0022943297279580466,0.012782694198623401,0.012618813503769257,0.00032776138970829236,True,False,False,False,False,False,False
720575940632015699,cell_class,AN,6102,400,0.25,0.04,0.1,0.8513602097672894,0.06801048836447067,0.05260570304818092,0.0022943297279580466,0.012782694198623401,0.012618813503769257,0.00032776138970829236,True,False,False,False,False,False,False
720575940632015699,cell_class,AN,6102,400,0.25,0.02,0.01,0.8513602097672894,0.06801048836447067,0.05260570304818092,0.0022943297279580466,0.012782694198623401,0.012618813503769257,0.00032776138970829236,True,True,False,False,False,False,False
720575940632015699,cell_class,AN,6102,400,0.25,0.02,0.05,0.8513602097672894,0.06801048836447067,0.05260570304818092,0.0022943297279580466,0.012782694198623401,0.012618813503769257,0.00032776138970829236,True,False,False,False,False,False,False
720575940632015699,cell_class,AN,6102,400,0.25,0.02,0.1,0.8513602097672894,0.06801048836447067,0.05260570304818092,0.0022943297279580466,0.012782694198623401,0.012618813503769257,0.00032776138970829236,False,False,False,False,False,False,False
720575940632015699,cell_class,AN,6102,400,0.25,0.01,0.01,0.8513602097672894,0.06801048836447067,0.05260570304818092,0.0022943297279580466,0.012782694198623401,0.012618813503769257,0.00032776138970829236,True,False,False,False,False,False,False
720575940632015699,cell_class,AN,6102,400,0.25,0.01,0.05,0.8513602097672894,0.06801048836447067,0.05260570304818092,0.0022943297279580466,0.012782694198623401,0.012618813503769257,0.00032776138970829236,False,False,False,False,False,False,False
720575940632015699,cell_class,AN,6102,400,0.25,0.01,0.1,0.8513602097672894,0.06801048836447067,0.05260570304818092,0.0022943297279580466,0.012782694198623401,0.012618813503769257,0.00032776138970829236,False,False,False,False,False,False,False
720575940629630520,cell_class,AN,9340,400,0.25,0.14285714285714285,0.01,0.016595289079229122,0.94796573875803,0.018201284796573874,0.002462526766595289,0.006316916488222698,0.00835117773019272,0.00010706638115631691,False,True,True,False,False,False,
720575940629630520,cell_class,AN,9340,400,0.25,0.14285714285714285,0.05,0.016595289079229122,0.94796573875803,0.018201284796573874,0.002462526766595289,0.006316916488222698,0.00835117773019272,0.00010706638115631691,False,True,False,False,False,False,
720575940629630520,cell_class,AN,9340,400,0.25,0.14285714285714285,0.1,0.016595289079229122,0.94796573875803,0.018201284796573874,0.002462526766595289,0.006316916488222698,0.00835117773019272,0.00010706638115631691,False,True,False,False,False,False,
720575940629630520,cell_class,AN,9340,400,0.25,0.04,0.01,0.016595289079229122,0.94796573875803,0.018201284796573874,0.002462526766595289,0.006316916488222698,0.00835117773019272,0.00010706638115631691,False,True,False,False,False,False,
720575940629630520,cell_class,AN,9340,400,0.25,0.04,0.05,0.016595289079229122,0.94796573875803,0.018201284796573874,0.002462526766595289,0.006316916488222698,0.00835117773019272,0.00010706638115631691,False,True,False,False,False,False,
720575940629630520,cell_class,AN,9340,400,0.25,0.04,0.1,0.016595289079229122,0.94796573875803,0.018201284796573874,0.002462526766595289,0.006316916488222698,0.00835117773019272,0.00010706638115631691,False,True,False,False,False,False,
720575940629630520,cell_class,AN,9340,400,0.25,0.02,0.01,0.016595289079229122,0.94796573875803,0.018201284796573874,0.002462526766595289,0.006316916488222698,0.00835117773019272,0.00010706638115631691,False,True,False,False,False,False,
720575940629630520,cell_class,AN,9340,400,0.25,0.02,0.05,0.016595289079229122,0.94796573875803,0.018201284796573874,0.002462526766595289,0.006316916488222698,0.00835117773019272,0.00010706638115631691,False,True,False,False,False,False,
720575940629630520,cell_class,AN,9340,400,0.25,0.02,0.1,0.016595289079229122,0.94796573875803,0.018201284796573874,0.002462526766595289,0.006316916488222698,0.00835117773019272,0.00010706638115631691,False,False,False,False,False,False,
720575940629630520,cell_class,AN,9340,400,0.25,0.01,0.01,0.016595289079229122,0.94796573875803,0.018201284796573874,0.002462526766595289,0.006316916488222698,0.00835117773019272,0.00010706638115631691,False,True,False,False,False,False,
720575940629630520,cell_class,AN,9340,400,0.25,0.01,0.05,0.016595289079229122,0.94796573875803,0.018201284796573874,0.002462526766595289,0.006316916488222698,0.00835117773019272,0.00010706638115631691,False,False,False,False,False,False,
720575940629630520,cell_class,AN,9340,400,0.25,0.01,0.1,0.016595289079229122,0.94796573875803,0.018201284796573874,0.002462526766595289,0.006316916488222698,0.00835117773019272,0.00010706638115631691,False,False,False,False,False,False,
720575940616449093,cell_class,AN,10284,400,0.25,0.14285714285714285,0.01,0.027615713730066122,0.7935628160248931,0.09023726176584987,0.002042007001166861,0.03247763516141579,0.05396732788798133,9.723842862699339e-05,False,True,True,False,False,True,
720575940616449093,cell_class,AN,10284,400,0.25,0.14285714285714285,0.05,0.027615713730066122,0.7935628160248931,0.09023726176584987,0.002042007001166861,0.03247763516141579,0.05396732788798133,9.723842862699339e-05,False,True,False,False,False,False,
720575940616449093,cell_class,AN,10284,400,0.25,0.14285714285714285,0.1,0.027615713730066122,0.7935628160248931,0.09023726176584987,0.002042007001166861,0.03247763516141579,0.05396732788798133,9.723842862699339e-05,False,True,False,False,False,False,
720575940616449093,cell_class,AN,10284,400,0.25,0.04,0.01,0.027615713730066122,0.7935628160248931,0.09023726176584987,0.002042007001166861,0.03247763516141579,0.05396732788798133,9.723842862699339e-05,False,True,True,False,False,False,
720575940616449093,cell_class,AN,10284,400,0.25,0.04,0.05,0.027615713730066122,0.7935628160248931,0.09023726176584987,0.002042007001166861,0.03247763516141579,0.05396732788798133,9.723842862699339e-05,False,True,False,False,False,False,
720575940616449093,cell_class,AN,10284,400,0.25,0.04,0.1,0.027615713730066122,0.7935628160248931,0.09023726176584987,0.002042007001166861,0.03247763516141579,0.05396732788798133,9.723842862699339e-05,False,True,False,False,False,False,
720575940616449093,cell_class,AN,10284,400,0.25,0.02,0.01,0.027615713730066122,0.7935628160248931,0.09023726176584987,0.002042007001166861,0.03247763516141579,0.05396732788798133,9.723842862699339e-05,False,True,True,False,False,False,
720575940616449093,cell_class,AN,10284,400,0.25,0.02,0.05,0.027615713730066122,0.7935628160248931,0.09023726176584987,0.002042007001166861,0.03247763516141579,0.05396732788798133,9.723842862699339e-05,False,True,False,False,False,False,
720575940616449093,cell_class,AN,10284,400,0.25,0.02,0.1,0.027615713730066122,0.7935628160248931,0.09023726176584987,0.002042007001166861,0.03247763516141579,0.05396732788798133,9.723842862699339e-05,False,False,False,False,False,False,
720575940616449093,cell_class,AN,10284,400,0.25,0.01,0.01,0.027615713730066122,0.7935628160248931,0.09023726176584987,0.002042007001166861,0.03247763516141579,0.05396732788798133,9.723842862699339e-05,False,True,True,False,False,False,
720575940616449093,cell_class,AN,10284,400,0.25,0.01,0.05,0.027615713730066122,0.7935628160248931,0.09023726176584987,0.002042007001166861,0.03247763516141579,0.05396732788798133,9.723842862699339e-05,False,False,False,False,False,False,
720575940616449093,cell_class,AN,10284,400,0.25,0.01,0.1,0.027615713730066122,0.7935628160248931,0.09023726176584987,0.002042007001166861,0.03247763516141579,0.05396732788798133,9.723842862699339e-05,False,False,False,False,False,False,
720575940627546750,cell_class,AN,3481,400,0.25,0.14285714285714285,0.01,0.03906923297902901,0.8718758977305372,0.05084745762711865,0.01407641482332663,0.01982189026141913,0.0037345590347601263,0.0005745475438092502,True,True,True,False,False,False,False
720575940627546750,cell_class,AN,3481,400,0.25,0.14285714285714285,0.05,0.03906923297902901,0.8718758977305372,0.05084745762711865,0.01407641482332663,0.01982189026141913,0.0037345590347601263,0.0005745475438092502,False,True,False,False,False,False,False
720575940627546750,cell_class,AN,3481,400,0.25,0.14285714285714285,0.1,0.03906923297902901,0.8718758977305372,0.05084745762711865,0.01407641482332663,0.01982189026141913,0.0037345590347601263,0.0005745475438092502,False,True,False,False,False,False,False
720575940627546750,cell_class,AN,3481,400,0.25,0.04,0.01,0.03906923297902901,0.8718758977305372,0.05084745762711865,0.01407641482332663,0.01982189026141913,0.0037345590347601263,0.0005745475438092502,False,True,True,False,False,False,False
720575940627546750,cell_class,AN,3481,400,0.25,0.04,0.05,0.03906923297902901,0.8718758977305372,0.05084745762711865,0.01407641482332663,0.01982189026141913,0.0037345590347601263,0.0005745475438092502,False,True,False,False,False,False,False
720575940627546750,cell_class,AN,3481,400,0.25,0.04,0.1,0.03906923297902901,0.8718758977305372,0.05084745762711865,0.01407641482332663,0.01982189026141913,0.0037345590347601263,0.0005745475438092502,False,True,False,False,False,False,False
720575940627546750,cell_class,AN,3481,400,0.25,0.02,0.01,0.03906923297902901,0.8718758977305372,0.05084745762711865,0.01407641482332663,0.01982189026141913,0.0037345590347601263,0.0005745475438092502,False,True,True,False,False,False,False
720575940627546750,cell_class,AN,3481,400,0.25,0.02,0.05,0.03906923297902901,0.8718758977305372,0.05084745762711865,0.01407641482332663,0.01982189026141913,0.0037345590347601263,0.0005745475438092502,False,True,False,False,False,False,False
720575940627546750,cell_class,AN,3481,400,0.25,0.02,0.1,0.03906923297902901,0.8718758977305372,0.05084745762711865,0.01407641482332663,0.01982189026141913,0.0037345590347601263,0.0005745475438092502,False,True,False,False,False,False,False
720575940627546750,cell_class,AN,3481,400,0.25,0.01,0.01,0.03906923297902901,0.8718758977305372,0.05084745762711865,0.01407641482332663,0.01982189026141913,0.0037345590347601263,0.0005745475438092502,False,True,False,False,False,False,False
720575940627546750,cell_class,AN,3481,400,0.25,0.01,0.05,0.03906923297902901,0.8718758977305372,0.05084745762711865,0.01407641482332663,0.01982189026141913,0.0037345590347601263,0.0005745475438092502,False,True,False,False,False,False,False
720575940627546750,cell_class,AN,3481,400,0.25,0.01,0.1,0.03906923297902901,0.8718758977305372,0.05084745762711865,0.01407641482332663,0.01982189026141913,0.0037345590347601263,0.0005745475438092502,False,False,False,False,False,False,False
720575940624822003,cell_class,AN,1998,400,0.25,0.14285714285714285,0.01,0.46046046046046046,0.36286286286286284,0.13363363363363365,0.007007007007007007,0.021521521521521522,0.013513513513513514,0.001001001001001001,True,True,True,False,False,True,False
720575940624822003,cell_class,AN,1998,400,0.25,0.14285714285714285,0.05,0.46046046046046046,0.36286286286286284,0.13363363363363365,0.007007007007007007,0.021521521521521522,0.013513513513513514,0.001001001001001001,True,True,False,False,False,False,False
720575940624822003,cell_class,AN,1998,400,0.25,0.14285714285714285,0.1,0.46046046046046046,0.36286286286286284,0.13363363363363365,0.007007007007007007,0.021521521521521522,0.013513513513513514,0.001001001001001001,True,True,False,False,False,False,False
720575940624822003,cell_class,AN,1998,400,0.25,0.04,0.01,0.46046046046046046,0.36286286286286284,0.13363363363363365,0.007007007007007007,0.021521521521521522,0.013513513513513514,0.001001001001001001,True,True,True,False,False,False,False
720575940624822003,cell_class,AN,1998,400,0.25,0.04,0.05,0.46046046046046046,0.36286286286286284,0.13363363363363365,0.007007007007007007,0.021521521521521522,0.013513513513513514,0.001001001001001001,True,True,False,False,False,False,False
720575940624822003,cell_class,AN,1998,400,0.25,0.04,0.1,0.46046046046046046,0.36286286286286284,0.13363363363363365,0.007007007007007007,0.021521521521521522,0.013513513513513514,0.001001001001001001,False,False,False,False,False,False,False
720575940624822003,cell_class,AN,1998,400,0.25,0.02,0.01,0.46046046046046046,0.36286286286286284,0.13363363363363365,0.007007007007007007,0.021521521521521522,0.013513513513513514,0.001001001001001001,True,True,True,False,False,False,False
720575940624822003,cell_class,AN,1998,400,0.25,0.02,0.05,0.46046046046046046,0.36286286286286284,0.13363363363363365,0.007007007007007007,0.021521521521521522,0.013513513513513514,0.001001001001001001,True,False,False,False,False,False,False
720575940624822003,cell_class,AN,1998,400,0.25,0.02,0.1,0.46046046046046046,0.36286286286286284,0.13363363363363365,0.007007007007007007,0.021521521521521522,0.013513513513513514,0.001001001001001001,False,False,False,False,False,False,False
720575940624822003,cell_class,AN,1998,400,0.25,0.01,0.01,0.46046046046046046,0.36286286286286284,0.13363363363363365,0.007007007007007007,0.021521521521521522,0.013513513513513514,0.001001001001001001,True,True,True,False,False,False,False
720575940624822003,cell_class,AN,1998,400,0.25,0.01,0.05,0.46046046046046046,0.36286286286286284,0.13363363363363365,0.007007007007007007,0.021521521521521522,0.013513513513513514,0.001001001001001001,False,False,False,False,False,False,False
720575940624822003,cell_class,AN,1998,400,0.25,0.01,0.1,0.46046046046046046,0.36286286286286284,0.13363363363363365,0.007007007007007007,0.021521521521521522,0.013513513513513514,0.001001001001001001,False,False,False,False,False,False,False
