root_id,classification_system,cell_type,num_synapses,min_synapses,softmax_threshold,bandwidth_quantile_value,min_synapses_ratio_value,GABA_ratio,ACh_ratio,Glut_ratio,Oct_ratio,Ser_ratio,DA_ratio,Unknown_ratio,GABA_clusters,ACh_clusters,Glut_clusters,Ser_clusters,DA_clusters,Oct_clusters,Unknown_clusters
720575940614990486,cell_class,AN,2165,400,0.25,0.14285714285714285,0.01,0.0018475750577367205,0.8443418013856813,0.05034642032332563,0.0,0.08083140877598152,0.022632794457274827,0.0,False,True,True,True,False,,
720575940614990486,cell_class,AN,2165,400,0.25,0.14285714285714285,0.05,0.0018475750577367205,0.8443418013856813,0.05034642032332563,0.0,0.08083140877598152,0.022632794457274827,0.0,False,True,False,False,False,,
720575940614990486,cell_class,AN,2165,400,0.25,0.14285714285714285,0.1,0.0018475750577367205,0.8443418013856813,0.05034642032332563,0.0,0.08083140877598152,0.022632794457274827,0.0,False,True,False,False,False,,
720575940614990486,cell_class,AN,2165,400,0.25,0.04,0.01,0.0018475750577367205,0.8443418013856813,0.05034642032332563,0.0,0.08083140877598152,0.022632794457274827,0.0,False,True,True,True,False,,
720575940614990486,cell_class,AN,2165,400,0.25,0.04,0.05,0.0018475750577367205,0.8443418013856813,0.05034642032332563,0.0,0.08083140877598152,0.022632794457274827,0.0,False,True,False,False,False,,
720575940614990486,cell_class,AN,2165,400,0.25,0.04,0.1,0.0018475750577367205,0.8443418013856813,0.05034642032332563,0.0,0.08083140877598152,0.022632794457274827,0.0,False,False,False,False,False,,
720575940614990486,cell_class,AN,2165,400,0.25,0.02,0.01,0.0018475750577367205,0.8443418013856813,0.05034642032332563,0.0,0.08083140877598152,0.022632794457274827,0.0,False,True,True,False,False,,
720575940614990486,cell_class,AN,2165,400,0.25,0.02,0.05,0.0018475750577367205,0.8443418013856813,0.05034642032332563,0.0,0.08083140877598152,0.022632794457274827,0.0,False,True,False,False,False,,
720575940614990486,cell_class,AN,2165,400,0.25,0.02,0.1,0.0018475750577367205,0.8443418013856813,0.05034642032332563,0.0,0.08083140877598152,0.022632794457274827,0.0,False,False,False,False,False,,
720575940614990486,cell_class,AN,2165,400,0.25,0.01,0.01,0.0018475750577367205,0.8443418013856813,0.05034642032332563,0.0,0.08083140877598152,0.022632794457274827,0.0,False,True,True,False,False,,
720575940614990486,cell_class,AN,2165,400,0.25,0.01,0.05,0.0018475750577367205,0.8443418013856813,0.05034642032332563,0.0,0.08083140877598152,0.022632794457274827,0.0,False,True,False,False,False,,
720575940614990486,cell_class,AN,2165,400,0.25,0.01,0.1,0.0018475750577367205,0.8443418013856813,0.05034642032332563,0.0,0.08083140877598152,0.022632794457274827,0.0,False,False,False,False,False,,
720575940615394527,cell_class,AN,3565,400,0.25,0.14285714285714285,0.01,0.01150070126227209,0.8984572230014025,0.028892005610098175,0.0008415147265077139,0.04628330995792426,0.013464235624123423,0.0005610098176718093,False,True,True,True,False,False,False
720575940615394527,cell_class,AN,3565,400,0.25,0.14285714285714285,0.05,0.01150070126227209,0.8984572230014025,0.028892005610098175,0.0008415147265077139,0.04628330995792426,0.013464235624123423,0.0005610098176718093,False,True,False,False,False,False,False
720575940615394527,cell_class,AN,3565,400,0.25,0.14285714285714285,0.1,0.01150070126227209,0.8984572230014025,0.028892005610098175,0.0008415147265077139,0.04628330995792426,0.013464235624123423,0.0005610098176718093,False,True,False,False,False,False,False
720575940615394527,cell_class,AN,3565,400,0.25,0.04,0.01,0.01150070126227209,0.8984572230014025,0.028892005610098175,0.0008415147265077139,0.04628330995792426,0.013464235624123423,0.0005610098176718093,False,True,True,False,False,False,False
720575940615394527,cell_class,AN,3565,400,0.25,0.04,0.05,0.01150070126227209,0.8984572230014025,0.028892005610098175,0.0008415147265077139,0.04628330995792426,0.013464235624123423,0.0005610098176718093,False,True,False,False,False,False,False
720575940615394527,cell_class,AN,3565,400,0.25,0.04,0.1,0.01150070126227209,0.8984572230014025,0.028892005610098175,0.0008415147265077139,0.04628330995792426,0.013464235624123423,0.0005610098176718093,False,True,False,False,False,False,False
720575940615394527,cell_class,AN,3565,400,0.25,0.02,0.01,0.01150070126227209,0.8984572230014025,0.028892005610098175,0.0008415147265077139,0.04628330995792426,0.013464235624123423,0.0005610098176718093,False,True,False,False,False,False,False
720575940615394527,cell_class,AN,3565,400,0.25,0.02,0.05,0.01150070126227209,0.8984572230014025,0.028892005610098175,0.0008415147265077139,0.04628330995792426,0.013464235624123423,0.0005610098176718093,False,True,False,False,False,False,False
720575940615394527,cell_class,AN,3565,400,0.25,0.02,0.1,0.01150070126227209,0.8984572230014025,0.028892005610098175,0.0008415147265077139,0.04628330995792426,0.013464235624123423,0.0005610098176718093,False,False,False,False,False,False,False
720575940615394527,cell_class,AN,3565,400,0.25,0.01,0.01,0.01150070126227209,0.8984572230014025,0.028892005610098175,0.0008415147265077139,0.04628330995792426,0.013464235624123423,0.0005610098176718093,False,True,False,False,False,False,False
720575940615394527,cell_class,AN,3565,400,0.25,0.01,0.05,0.01150070126227209,0.8984572230014025,0.028892005610098175,0.0008415147265077139,0.04628330995792426,0.013464235624123423,0.0005610098176718093,False,False,False,False,False,False,False
720575940615394527,cell_class,AN,3565,400,0.25,0.01,0.1,0.01150070126227209,0.8984572230014025,0.028892005610098175,0.0008415147265077139,0.04628330995792426,0.013464235624123423,0.0005610098176718093,False,False,False,False,False,False,False
720575940616348480,cell_class,AN,482,400,0.25,0.14285714285714285,0.01,0.0,0.524896265560166,0.17219917012448133,0.0,0.29045643153526973,0.012448132780082987,0.0,,True,True,True,False,,
720575940616348480,cell_class,AN,482,400,0.25,0.14285714285714285,0.05,0.0,0.524896265560166,0.17219917012448133,0.0,0.29045643153526973,0.012448132780082987,0.0,,True,True,True,False,,
720575940616348480,cell_class,AN,482,400,0.25,0.14285714285714285,0.1,0.0,0.524896265560166,0.17219917012448133,0.0,0.29045643153526973,0.012448132780082987,0.0,,True,True,True,False,,
720575940616348480,cell_class,AN,482,400,0.25,0.04,0.01,0.0,0.524896265560166,0.17219917012448133,0.0,0.29045643153526973,0.012448132780082987,0.0,,True,True,True,False,,
720575940616348480,cell_class,AN,482,400,0.25,0.04,0.05,0.0,0.524896265560166,0.17219917012448133,0.0,0.29045643153526973,0.012448132780082987,0.0,,True,True,True,False,,
720575940616348480,cell_class,AN,482,400,0.25,0.04,0.1,0.0,0.524896265560166,0.17219917012448133,0.0,0.29045643153526973,0.012448132780082987,0.0,,False,True,False,False,,
720575940616348480,cell_class,AN,482,400,0.25,0.02,0.01,0.0,0.524896265560166,0.17219917012448133,0.0,0.29045643153526973,0.012448132780082987,0.0,,True,True,True,False,,
720575940616348480,cell_class,AN,482,400,0.25,0.02,0.05,0.0,0.524896265560166,0.17219917012448133,0.0,0.29045643153526973,0.012448132780082987,0.0,,True,True,True,False,,
720575940616348480,cell_class,AN,482,400,0.25,0.02,0.1,0.0,0.524896265560166,0.17219917012448133,0.0,0.29045643153526973,0.012448132780082987,0.0,,False,False,False,False,,
720575940616348480,cell_class,AN,482,400,0.25,0.01,0.01,0.0,0.524896265560166,0.17219917012448133,0.0,0.29045643153526973,0.012448132780082987,0.0,,True,True,True,False,,
720575940616348480,cell_class,AN,482,400,0.25,0.01,0.05,0.0,0.524896265560166,0.17219917012448133,0.0,0.29045643153526973,0.012448132780082987,0.0,,False,True,False,False,,
720575940616348480,cell_class,AN,482,400,0.25,0.01,0.1,0.0,0.524896265560166,0.17219917012448133,0.0,0.29045643153526973,0.012448132780082987,0.0,,False,False,False,False,,
720575940617992000,cell_class,AN,1435,400,0.25,0.14285714285714285,0.01,0.0020905923344947735,0.9658536585365853,0.0062717770034843206,0.0013937282229965157,0.014634146341463415,0.00975609756097561,0.0,False,True,False,False,False,False,
720575940617992000,cell_class,AN,1435,400,0.25,0.14285714285714285,0.05,0.0020905923344947735,0.9658536585365853,0.0062717770034843206,0.0013937282229965157,0.014634146341463415,0.00975609756097561,0.0,False,True,False,False,False,False,
720575940617992000,cell_class,AN,1435,400,0.25,0.14285714285714285,0.1,0.0020905923344947735,0.9658536585365853,0.0062717770034843206,0.0013937282229965157,0.014634146341463415,0.00975609756097561,0.0,False,True,False,False,False,False,
720575940617992000,cell_class,AN,1435,400,0.25,0.04,0.01,0.0020905923344947735,0.9658536585365853,0.0062717770034843206,0.0013937282229965157,0.014634146341463415,0.00975609756097561,0.0,False,True,False,False,False,False,
720575940617992000,cell_class,AN,1435,400,0.25,0.04,0.05,0.0020905923344947735,0.9658536585365853,0.0062717770034843206,0.0013937282229965157,0.014634146341463415,0.00975609756097561,0.0,False,True,False,False,False,False,
720575940617992000,cell_class,AN,1435,400,0.25,0.04,0.1,0.0020905923344947735,0.9658536585365853,0.0062717770034843206,0.0013937282229965157,0.014634146341463415,0.00975609756097561,0.0,False,True,False,False,False,False,
720575940617992000,cell_class,AN,1435,400,0.25,0.02,0.01,0.0020905923344947735,0.9658536585365853,0.0062717770034843206,0.0013937282229965157,0.014634146341463415,0.00975609756097561,0.0,False,True,False,False,False,False,
720575940617992000,cell_class,AN,1435,400,0.25,0.02,0.05,0.0020905923344947735,0.9658536585365853,0.0062717770034843206,0.0013937282229965157,0.014634146341463415,0.00975609756097561,0.0,False,True,False,False,False,False,
720575940617992000,cell_class,AN,1435,400,0.25,0.02,0.1,0.0020905923344947735,0.9658536585365853,0.0062717770034843206,0.0013937282229965157,0.014634146341463415,0.00975609756097561,0.0,False,False,False,False,False,False,
720575940617992000,cell_class,AN,1435,400,0.25,0.01,0.01,0.0020905923344947735,0.9658536585365853,0.0062717770034843206,0.0013937282229965157,0.014634146341463415,0.00975609756097561,0.0,False,True,False,False,False,False,
720575940617992000,cell_class,AN,1435,400,0.25,0.01,0.05,0.0020905923344947735,0.9658536585365853,0.0062717770034843206,0.0013937282229965157,0.014634146341463415,0.00975609756097561,0.0,False,True,False,False,False,False,
720575940617992000,cell_class,AN,1435,400,0.25,0.01,0.1,0.0020905923344947735,0.9658536585365853,0.0062717770034843206,0.0013937282229965157,0.014634146341463415,0.00975609756097561,0.0,False,False,False,False,False,False,
720575940619145045,cell_class,AN,4967,400,0.25,0.14285714285714285,0.01,0.010469096033823233,0.9589289309442319,0.0042279041675055366,0.0008053150795248641,0.010066438494060801,0.015502315280853635,0.0,False,True,False,False,False,False,
720575940619145045,cell_class,AN,4967,400,0.25,0.14285714285714285,0.05,0.010469096033823233,0.9589289309442319,0.0042279041675055366,0.0008053150795248641,0.010066438494060801,0.015502315280853635,0.0,False,True,False,False,False,False,
720575940619145045,cell_class,AN,4967,400,0.25,0.14285714285714285,0.1,0.010469096033823233,0.9589289309442319,0.0042279041675055366,0.0008053150795248641,0.010066438494060801,0.015502315280853635,0.0,False,True,False,False,False,False,
720575940619145045,cell_class,AN,4967,400,0.25,0.04,0.01,0.010469096033823233,0.9589289309442319,0.0042279041675055366,0.0008053150795248641,0.010066438494060801,0.015502315280853635,0.0,False,True,False,False,False,False,
720575940619145045,cell_class,AN,4967,400,0.25,0.04,0.05,0.010469096033823233,0.9589289309442319,0.0042279041675055366,0.0008053150795248641,0.010066438494060801,0.015502315280853635,0.0,False,True,False,False,False,False,
720575940619145045,cell_class,AN,4967,400,0.25,0.04,0.1,0.010469096033823233,0.9589289309442319,0.0042279041675055366,0.0008053150795248641,0.010066438494060801,0.015502315280853635,0.0,False,True,False,False,False,False,
720575940619145045,cell_class,AN,4967,400,0.25,0.02,0.01,0.010469096033823233,0.9589289309442319,0.0042279041675055366,0.0008053150795248641,0.010066438494060801,0.015502315280853635,0.0,False,True,False,False,False,False,
720575940619145045,cell_class,AN,4967,400,0.25,0.02,0.05,0.010469096033823233,0.9589289309442319,0.0042279041675055366,0.0008053150795248641,0.010066438494060801,0.015502315280853635,0.0,False,True,False,False,False,False,
720575940619145045,cell_class,AN,4967,400,0.25,0.02,0.1,0.010469096033823233,0.9589289309442319,0.0042279041675055366,0.0008053150795248641,0.010066438494060801,0.015502315280853635,0.0,False,False,False,False,False,False,
720575940619145045,cell_class,AN,4967,400,0.25,0.01,0.01,0.010469096033823233,0.9589289309442319,0.0042279041675055366,0.0008053150795248641,0.010066438494060801,0.015502315280853635,0.0,False,True,False,False,False,False,
720575940619145045,cell_class,AN,4967,400,0.25,0.01,0.05,0.010469096033823233,0.9589289309442319,0.0042279041675055366,0.0008053150795248641,0.010066438494060801,0.015502315280853635,0.0,False,False,False,False,False,False,
720575940619145045,cell_class,AN,4967,400,0.25,0.01,0.1,0.010469096033823233,0.9589289309442319,0.0042279041675055366,0.0008053150795248641,0.010066438494060801,0.015502315280853635,0.0,False,False,False,False,False,False,
720575940619066881,cell_class,AN,1029,400,0.25,0.14285714285714285,0.01,0.5082604470359572,0.16229348882410108,0.16715257531584063,0.004859086491739553,0.07191448007774538,0.0826044703595724,0.0029154518950437317,True,True,True,True,True,False,False
720575940619066881,cell_class,AN,1029,400,0.25,0.14285714285714285,0.05,0.5082604470359572,0.16229348882410108,0.16715257531584063,0.004859086491739553,0.07191448007774538,0.0826044703595724,0.0029154518950437317,True,True,True,False,False,False,False
720575940619066881,cell_class,AN,1029,400,0.25,0.14285714285714285,0.1,0.5082604470359572,0.16229348882410108,0.16715257531584063,0.004859086491739553,0.07191448007774538,0.0826044703595724,0.0029154518950437317,True,False,False,False,False,False,False
720575940619066881,cell_class,AN,1029,400,0.25,0.04,0.01,0.5082604470359572,0.16229348882410108,0.16715257531584063,0.004859086491739553,0.07191448007774538,0.0826044703595724,0.0029154518950437317,True,True,True,True,True,False,False
720575940619066881,cell_class,AN,1029,400,0.25,0.04,0.05,0.5082604470359572,0.16229348882410108,0.16715257531584063,0.004859086491739553,0.07191448007774538,0.0826044703595724,0.0029154518950437317,True,False,False,False,False,False,False
720575940619066881,cell_class,AN,1029,400,0.25,0.04,0.1,0.5082604470359572,0.16229348882410108,0.16715257531584063,0.004859086491739553,0.07191448007774538,0.0826044703595724,0.0029154518950437317,False,False,False,False,False,False,False
720575940619066881,cell_class,AN,1029,400,0.25,0.02,0.01,0.5082604470359572,0.16229348882410108,0.16715257531584063,0.004859086491739553,0.07191448007774538,0.0826044703595724,0.0029154518950437317,True,True,True,True,True,False,False
720575940619066881,cell_class,AN,1029,400,0.25,0.02,0.05,0.5082604470359572,0.16229348882410108,0.16715257531584063,0.004859086491739553,0.07191448007774538,0.0826044703595724,0.0029154518950437317,True,False,False,False,False,False,False
720575940619066881,cell_class,AN,1029,400,0.25,0.02,0.1,0.5082604470359572,0.16229348882410108,0.16715257531584063,0.004859086491739553,0.07191448007774538,0.0826044703595724,0.0029154518950437317,False,False,False,False,False,False,False
720575940619066881,cell_class,AN,1029,400,0.25,0.01,0.01,0.5082604470359572,0.16229348882410108,0.16715257531584063,0.004859086491739553,0.07191448007774538,0.0826044703595724,0.0029154518950437317,True,True,True,False,True,False,False
720575940619066881,cell_class,AN,1029,400,0.25,0.01,0.05,0.5082604470359572,0.16229348882410108,0.16715257531584063,0.004859086491739553,0.07191448007774538,0.0826044703595724,0.0029154518950437317,False,False,False,False,False,False,False
720575940619066881,cell_class,AN,1029,400,0.25,0.01,0.1,0.5082604470359572,0.16229348882410108,0.16715257531584063,0.004859086491739553,0.07191448007774538,0.0826044703595724,0.0029154518950437317,False,False,False,False,False,False,False
720575940618388463,cell_class,AN,636,400,0.25,0.14285714285714285,0.01,0.02358490566037736,0.690251572327044,0.007861635220125786,0.006289308176100629,0.16037735849056603,0.11163522012578617,0.0,True,True,False,True,True,False,
720575940618388463,cell_class,AN,636,400,0.25,0.14285714285714285,0.05,0.02358490566037736,0.690251572327044,0.007861635220125786,0.006289308176100629,0.16037735849056603,0.11163522012578617,0.0,False,True,False,True,False,False,
720575940618388463,cell_class,AN,636,400,0.25,0.14285714285714285,0.1,0.02358490566037736,0.690251572327044,0.007861635220125786,0.006289308176100629,0.16037735849056603,0.11163522012578617,0.0,False,True,False,False,False,False,
720575940618388463,cell_class,AN,636,400,0.25,0.04,0.01,0.02358490566037736,0.690251572327044,0.007861635220125786,0.006289308176100629,0.16037735849056603,0.11163522012578617,0.0,False,True,False,True,True,False,
720575940618388463,cell_class,AN,636,400,0.25,0.04,0.05,0.02358490566037736,0.690251572327044,0.007861635220125786,0.006289308176100629,0.16037735849056603,0.11163522012578617,0.0,False,True,False,False,False,False,
720575940618388463,cell_class,AN,636,400,0.25,0.04,0.1,0.02358490566037736,0.690251572327044,0.007861635220125786,0.006289308176100629,0.16037735849056603,0.11163522012578617,0.0,False,False,False,False,False,False,
720575940618388463,cell_class,AN,636,400,0.25,0.02,0.01,0.02358490566037736,0.690251572327044,0.007861635220125786,0.006289308176100629,0.16037735849056603,0.11163522012578617,0.0,False,True,False,True,True,False,
720575940618388463,cell_class,AN,636,400,0.25,0.02,0.05,0.02358490566037736,0.690251572327044,0.007861635220125786,0.006289308176100629,0.16037735849056603,0.11163522012578617,0.0,False,False,False,False,False,False,
720575940618388463,cell_class,AN,636,400,0.25,0.02,0.1,0.02358490566037736,0.690251572327044,0.007861635220125786,0.006289308176100629,0.16037735849056603,0.11163522012578617,0.0,False,False,False,False,False,False,
720575940618388463,cell_class,AN,636,400,0.25,0.01,0.01,0.02358490566037736,0.690251572327044,0.007861635220125786,0.006289308176100629,0.16037735849056603,0.11163522012578617,0.0,False,True,False,True,True,False,
720575940618388463,cell_class,AN,636,400,0.25,0.01,0.05,0.02358490566037736,0.690251572327044,0.007861635220125786,0.006289308176100629,0.16037735849056603,0.11163522012578617,0.0,False,False,False,False,False,False,
720575940618388463,cell_class,AN,636,400,0.25,0.01,0.1,0.02358490566037736,0.690251572327044,0.007861635220125786,0.006289308176100629,0.16037735849056603,0.11163522012578617,0.0,False,False,False,False,False,False,
720575940612599215,cell_class,AN,8162,400,0.25,0.14285714285714285,0.01,0.02021563342318059,0.9164420485175202,0.01776525361431022,0.020705709384954668,0.012129380053908356,0.012374418034795394,0.00036755697133055625,False,True,False,False,False,True,False
720575940612599215,cell_class,AN,8162,400,0.25,0.14285714285714285,0.05,0.02021563342318059,0.9164420485175202,0.01776525361431022,0.020705709384954668,0.012129380053908356,0.012374418034795394,0.00036755697133055625,False,True,False,False,False,False,False
720575940612599215,cell_class,AN,8162,400,0.25,0.14285714285714285,0.1,0.02021563342318059,0.9164420485175202,0.01776525361431022,0.020705709384954668,0.012129380053908356,0.012374418034795394,0.00036755697133055625,False,True,False,False,False,False,False
720575940612599215,cell_class,AN,8162,400,0.25,0.04,0.01,0.02021563342318059,0.9164420485175202,0.01776525361431022,0.020705709384954668,0.012129380053908356,0.012374418034795394,0.00036755697133055625,False,True,False,False,False,False,False
720575940612599215,cell_class,AN,8162,400,0.25,0.04,0.05,0.02021563342318059,0.9164420485175202,0.01776525361431022,0.020705709384954668,0.012129380053908356,0.012374418034795394,0.00036755697133055625,False,True,False,False,False,False,False
720575940612599215,cell_class,AN,8162,400,0.25,0.04,0.1,0.02021563342318059,0.9164420485175202,0.01776525361431022,0.020705709384954668,0.012129380053908356,0.012374418034795394,0.00036755697133055625,False,True,False,False,False,False,False
720575940612599215,cell_class,AN,8162,400,0.25,0.02,0.01,0.02021563342318059,0.9164420485175202,0.01776525361431022,0.020705709384954668,0.012129380053908356,0.012374418034795394,0.00036755697133055625,False,True,False,False,False,False,False
720575940612599215,cell_class,AN,8162,400,0.25,0.02,0.05,0.02021563342318059,0.9164420485175202,0.01776525361431022,0.020705709384954668,0.012129380053908356,0.012374418034795394,0.00036755697133055625,False,True,False,False,False,False,False
720575940612599215,cell_class,AN,8162,400,0.25,0.02,0.1,0.02021563342318059,0.9164420485175202,0.01776525361431022,0.020705709384954668,0.012129380053908356,0.012374418034795394,0.00036755697133055625,False,True,False,False,False,False,False
720575940612599215,cell_class,AN,8162,400,0.25,0.01,0.01,0.02021563342318059,0.9164420485175202,0.01776525361431022,0.020705709384954668,0.012129380053908356,0.012374418034795394,0.00036755697133055625,False,True,False,False,False,False,False
720575940612599215,cell_class,AN,8162,400,0.25,0.01,0.05,0.02021563342318059,0.9164420485175202,0.01776525361431022,0.020705709384954668,0.012129380053908356,0.012374418034795394,0.00036755697133055625,False,True,False,False,False,False,False
720575940612599215,cell_class,AN,8162,400,0.25,0.01,0.1,0.02021563342318059,0.9164420485175202,0.01776525361431022,0.020705709384954668,0.012129380053908356,0.012374418034795394,0.00036755697133055625,False,False,False,False,False,False,False
720575940624471683,cell_class,AN,1339,400,0.25,0.14285714285714285,0.01,0.005227781926811053,0.9581777445855115,0.02315160567587752,0.0022404779686333084,0.0037341299477221808,0.0074682598954443615,0.0,False,True,True,False,False,False,
720575940624471683,cell_class,AN,1339,400,0.25,0.14285714285714285,0.05,0.005227781926811053,0.9581777445855115,0.02315160567587752,0.0022404779686333084,0.0037341299477221808,0.0074682598954443615,0.0,False,True,False,False,False,False,
720575940624471683,cell_class,AN,1339,400,0.25,0.14285714285714285,0.1,0.005227781926811053,0.9581777445855115,0.02315160567587752,0.0022404779686333084,0.0037341299477221808,0.0074682598954443615,0.0,False,True,False,False,False,False,
720575940624471683,cell_class,AN,1339,400,0.25,0.04,0.01,0.005227781926811053,0.9581777445855115,0.02315160567587752,0.0022404779686333084,0.0037341299477221808,0.0074682598954443615,0.0,False,True,False,False,False,False,
720575940624471683,cell_class,AN,1339,400,0.25,0.04,0.05,0.005227781926811053,0.9581777445855115,0.02315160567587752,0.0022404779686333084,0.0037341299477221808,0.0074682598954443615,0.0,False,True,False,False,False,False,
720575940624471683,cell_class,AN,1339,400,0.25,0.04,0.1,0.005227781926811053,0.9581777445855115,0.02315160567587752,0.0022404779686333084,0.0037341299477221808,0.0074682598954443615,0.0,False,True,False,False,False,False,
720575940624471683,cell_class,AN,1339,400,0.25,0.02,0.01,0.005227781926811053,0.9581777445855115,0.02315160567587752,0.0022404779686333084,0.0037341299477221808,0.0074682598954443615,0.0,False,True,False,False,False,False,
720575940624471683,cell_class,AN,1339,400,0.25,0.02,0.05,0.005227781926811053,0.9581777445855115,0.02315160567587752,0.0022404779686333084,0.0037341299477221808,0.0074682598954443615,0.0,False,True,False,False,False,False,
720575940624471683,cell_class,AN,1339,400,0.25,0.02,0.1,0.005227781926811053,0.9581777445855115,0.02315160567587752,0.0022404779686333084,0.0037341299477221808,0.0074682598954443615,0.0,False,False,False,False,False,False,
720575940624471683,cell_class,AN,1339,400,0.25,0.01,0.01,0.005227781926811053,0.9581777445855115,0.02315160567587752,0.0022404779686333084,0.0037341299477221808,0.0074682598954443615,0.0,False,True,False,False,False,False,
720575940624471683,cell_class,AN,1339,400,0.25,0.01,0.05,0.005227781926811053,0.9581777445855115,0.02315160567587752,0.0022404779686333084,0.0037341299477221808,0.0074682598954443615,0.0,False,False,False,False,False,False,
720575940624471683,cell_class,AN,1339,400,0.25,0.01,0.1,0.005227781926811053,0.9581777445855115,0.02315160567587752,0.0022404779686333084,0.0037341299477221808,0.0074682598954443615,0.0,False,False,False,False,False,False,
720575940613770182,cell_class,AN,411,400,0.25,0.14285714285714285,0.01,0.0267639902676399,0.6496350364963503,0.12895377128953772,0.0024330900243309003,0.1922141119221411,0.0,0.0,True,True,True,True,,,
720575940613770182,cell_class,AN,411,400,0.25,0.14285714285714285,0.05,0.0267639902676399,0.6496350364963503,0.12895377128953772,0.0024330900243309003,0.1922141119221411,0.0,0.0,False,True,False,True,,,
720575940613770182,cell_class,AN,411,400,0.25,0.14285714285714285,0.1,0.0267639902676399,0.6496350364963503,0.12895377128953772,0.0024330900243309003,0.1922141119221411,0.0,0.0,False,True,False,True,,,
720575940613770182,cell_class,AN,411,400,0.25,0.04,0.01,0.0267639902676399,0.6496350364963503,0.12895377128953772,0.0024330900243309003,0.1922141119221411,0.0,0.0,False,True,True,True,,,
720575940613770182,cell_class,AN,411,400,0.25,0.04,0.05,0.0267639902676399,0.6496350364963503,0.12895377128953772,0.0024330900243309003,0.1922141119221411,0.0,0.0,False,True,False,False,,,
720575940613770182,cell_class,AN,411,400,0.25,0.04,0.1,0.0267639902676399,0.6496350364963503,0.12895377128953772,0.0024330900243309003,0.1922141119221411,0.0,0.0,False,True,False,False,,,
720575940613770182,cell_class,AN,411,400,0.25,0.02,0.01,0.0267639902676399,0.6496350364963503,0.12895377128953772,0.0024330900243309003,0.1922141119221411,0.0,0.0,False,True,True,True,,,
720575940613770182,cell_class,AN,411,400,0.25,0.02,0.05,0.0267639902676399,0.6496350364963503,0.12895377128953772,0.0024330900243309003,0.1922141119221411,0.0,0.0,False,True,False,False,,,
720575940613770182,cell_class,AN,411,400,0.25,0.02,0.1,0.0267639902676399,0.6496350364963503,0.12895377128953772,0.0024330900243309003,0.1922141119221411,0.0,0.0,False,False,False,False,,,
720575940613770182,cell_class,AN,411,400,0.25,0.01,0.01,0.0267639902676399,0.6496350364963503,0.12895377128953772,0.0024330900243309003,0.1922141119221411,0.0,0.0,False,True,True,True,,,
720575940613770182,cell_class,AN,411,400,0.25,0.01,0.05,0.0267639902676399,0.6496350364963503,0.12895377128953772,0.0024330900243309003,0.1922141119221411,0.0,0.0,False,False,False,False,,,
720575940613770182,cell_class,AN,411,400,0.25,0.01,0.1,0.0267639902676399,0.6496350364963503,0.12895377128953772,0.0024330900243309003,0.1922141119221411,0.0,0.0,False,False,False,False,,,
720575940614190709,cell_class,AN,1001,400,0.25,0.14285714285714285,0.01,0.016983016983016984,0.45454545454545453,0.01898101898101898,0.008991008991008992,0.27172827172827174,0.22877122877122877,0.0,False,True,False,True,True,False,
720575940614190709,cell_class,AN,1001,400,0.25,0.14285714285714285,0.05,0.016983016983016984,0.45454545454545453,0.01898101898101898,0.008991008991008992,0.27172827172827174,0.22877122877122877,0.0,False,True,False,True,True,False,
720575940614190709,cell_class,AN,1001,400,0.25,0.14285714285714285,0.1,0.016983016983016984,0.45454545454545453,0.01898101898101898,0.008991008991008992,0.27172827172827174,0.22877122877122877,0.0,False,True,False,True,True,False,
720575940614190709,cell_class,AN,1001,400,0.25,0.04,0.01,0.016983016983016984,0.45454545454545453,0.01898101898101898,0.008991008991008992,0.27172827172827174,0.22877122877122877,0.0,False,True,False,True,True,False,
720575940614190709,cell_class,AN,1001,400,0.25,0.04,0.05,0.016983016983016984,0.45454545454545453,0.01898101898101898,0.008991008991008992,0.27172827172827174,0.22877122877122877,0.0,False,True,False,True,False,False,
720575940614190709,cell_class,AN,1001,400,0.25,0.04,0.1,0.016983016983016984,0.45454545454545453,0.01898101898101898,0.008991008991008992,0.27172827172827174,0.22877122877122877,0.0,False,False,False,False,False,False,
720575940614190709,cell_class,AN,1001,400,0.25,0.02,0.01,0.016983016983016984,0.45454545454545453,0.01898101898101898,0.008991008991008992,0.27172827172827174,0.22877122877122877,0.0,False,True,False,True,True,False,
720575940614190709,cell_class,AN,1001,400,0.25,0.02,0.05,0.016983016983016984,0.45454545454545453,0.01898101898101898,0.008991008991008992,0.27172827172827174,0.22877122877122877,0.0,False,True,False,False,False,False,
720575940614190709,cell_class,AN,1001,400,0.25,0.02,0.1,0.016983016983016984,0.45454545454545453,0.01898101898101898,0.008991008991008992,0.27172827172827174,0.22877122877122877,0.0,False,False,False,False,False,False,
720575940614190709,cell_class,AN,1001,400,0.25,0.01,0.01,0.016983016983016984,0.45454545454545453,0.01898101898101898,0.008991008991008992,0.27172827172827174,0.22877122877122877,0.0,False,True,False,True,True,False,
720575940614190709,cell_class,AN,1001,400,0.25,0.01,0.05,0.016983016983016984,0.45454545454545453,0.01898101898101898,0.008991008991008992,0.27172827172827174,0.22877122877122877,0.0,False,False,False,False,False,False,
720575940614190709,cell_class,AN,1001,400,0.25,0.01,0.1,0.016983016983016984,0.45454545454545453,0.01898101898101898,0.008991008991008992,0.27172827172827174,0.22877122877122877,0.0,False,False,False,False,False,False,
720575940636812772,cell_class,AN,2747,400,0.25,0.14285714285714285,0.01,0.02220604295595195,0.797233345467783,0.053148889697852204,0.023298143429195485,0.09610484164543139,0.00691663633054241,0.0010921004732435385,True,True,True,True,False,True,False
720575940636812772,cell_class,AN,2747,400,0.25,0.14285714285714285,0.05,0.02220604295595195,0.797233345467783,0.053148889697852204,0.023298143429195485,0.09610484164543139,0.00691663633054241,0.0010921004732435385,False,True,False,False,False,False,False
720575940636812772,cell_class,AN,2747,400,0.25,0.14285714285714285,0.1,0.02220604295595195,0.797233345467783,0.053148889697852204,0.023298143429195485,0.09610484164543139,0.00691663633054241,0.0010921004732435385,False,True,False,False,False,False,False
720575940636812772,cell_class,AN,2747,400,0.25,0.04,0.01,0.02220604295595195,0.797233345467783,0.053148889697852204,0.023298143429195485,0.09610484164543139,0.00691663633054241,0.0010921004732435385,False,True,False,True,False,False,False
720575940636812772,cell_class,AN,2747,400,0.25,0.04,0.05,0.02220604295595195,0.797233345467783,0.053148889697852204,0.023298143429195485,0.09610484164543139,0.00691663633054241,0.0010921004732435385,False,True,False,False,False,False,False
720575940636812772,cell_class,AN,2747,400,0.25,0.04,0.1,0.02220604295595195,0.797233345467783,0.053148889697852204,0.023298143429195485,0.09610484164543139,0.00691663633054241,0.0010921004732435385,False,False,False,False,False,False,False
720575940636812772,cell_class,AN,2747,400,0.25,0.02,0.01,0.02220604295595195,0.797233345467783,0.053148889697852204,0.023298143429195485,0.09610484164543139,0.00691663633054241,0.0010921004732435385,False,True,False,False,False,False,False
720575940636812772,cell_class,AN,2747,400,0.25,0.02,0.05,0.02220604295595195,0.797233345467783,0.053148889697852204,0.023298143429195485,0.09610484164543139,0.00691663633054241,0.0010921004732435385,False,True,False,False,False,False,False
720575940636812772,cell_class,AN,2747,400,0.25,0.02,0.1,0.02220604295595195,0.797233345467783,0.053148889697852204,0.023298143429195485,0.09610484164543139,0.00691663633054241,0.0010921004732435385,False,False,False,False,False,False,False
720575940636812772,cell_class,AN,2747,400,0.25,0.01,0.01,0.02220604295595195,0.797233345467783,0.053148889697852204,0.023298143429195485,0.09610484164543139,0.00691663633054241,0.0010921004732435385,False,True,False,False,False,False,False
720575940636812772,cell_class,AN,2747,400,0.25,0.01,0.05,0.02220604295595195,0.797233345467783,0.053148889697852204,0.023298143429195485,0.09610484164543139,0.00691663633054241,0.0010921004732435385,False,False,False,False,False,False,False
720575940636812772,cell_class,AN,2747,400,0.25,0.01,0.1,0.02220604295595195,0.797233345467783,0.053148889697852204,0.023298143429195485,0.09610484164543139,0.00691663633054241,0.0010921004732435385,False,False,False,False,False,False,False
720575940630598671,cell_class,AN,1684,400,0.25,0.14285714285714285,0.01,0.004156769596199525,0.9720902612826603,0.0017814726840855108,0.0,0.012470308788598575,0.009501187648456057,0.0,False,True,False,False,False,,
720575940630598671,cell_class,AN,1684,400,0.25,0.14285714285714285,0.05,0.004156769596199525,0.9720902612826603,0.0017814726840855108,0.0,0.012470308788598575,0.009501187648456057,0.0,False,True,False,False,False,,
720575940630598671,cell_class,AN,1684,400,0.25,0.14285714285714285,0.1,0.004156769596199525,0.9720902612826603,0.0017814726840855108,0.0,0.012470308788598575,0.009501187648456057,0.0,False,True,False,False,False,,
720575940630598671,cell_class,AN,1684,400,0.25,0.04,0.01,0.004156769596199525,0.9720902612826603,0.0017814726840855108,0.0,0.012470308788598575,0.009501187648456057,0.0,False,True,False,False,False,,
720575940630598671,cell_class,AN,1684,400,0.25,0.04,0.05,0.004156769596199525,0.9720902612826603,0.0017814726840855108,0.0,0.012470308788598575,0.009501187648456057,0.0,False,True,False,False,False,,
720575940630598671,cell_class,AN,1684,400,0.25,0.04,0.1,0.004156769596199525,0.9720902612826603,0.0017814726840855108,0.0,0.012470308788598575,0.009501187648456057,0.0,False,True,False,False,False,,
720575940630598671,cell_class,AN,1684,400,0.25,0.02,0.01,0.004156769596199525,0.9720902612826603,0.0017814726840855108,0.0,0.012470308788598575,0.009501187648456057,0.0,False,True,False,False,False,,
720575940630598671,cell_class,AN,1684,400,0.25,0.02,0.05,0.004156769596199525,0.9720902612826603,0.0017814726840855108,0.0,0.012470308788598575,0.009501187648456057,0.0,False,True,False,False,False,,
720575940630598671,cell_class,AN,1684,400,0.25,0.02,0.1,0.004156769596199525,0.9720902612826603,0.0017814726840855108,0.0,0.012470308788598575,0.009501187648456057,0.0,False,False,False,False,False,,
720575940630598671,cell_class,AN,1684,400,0.25,0.01,0.01,0.004156769596199525,0.9720902612826603,0.0017814726840855108,0.0,0.012470308788598575,0.009501187648456057,0.0,False,True,False,False,False,,
720575940630598671,cell_class,AN,1684,400,0.25,0.01,0.05,0.004156769596199525,0.9720902612826603,0.0017814726840855108,0.0,0.012470308788598575,0.009501187648456057,0.0,False,False,False,False,False,,
720575940630598671,cell_class,AN,1684,400,0.25,0.01,0.1,0.004156769596199525,0.9720902612826603,0.0017814726840855108,0.0,0.012470308788598575,0.009501187648456057,0.0,False,False,False,False,False,,
720575940619696133,cell_class,AN,679,400,0.25,0.14285714285714285,0.01,0.027982326951399118,0.7864506627393225,0.010309278350515464,0.0,0.07658321060382917,0.09867452135493372,0.0,True,True,False,True,True,,
720575940619696133,cell_class,AN,679,400,0.25,0.14285714285714285,0.05,0.027982326951399118,0.7864506627393225,0.010309278350515464,0.0,0.07658321060382917,0.09867452135493372,0.0,False,True,False,False,False,,
720575940619696133,cell_class,AN,679,400,0.25,0.14285714285714285,0.1,0.027982326951399118,0.7864506627393225,0.010309278350515464,0.0,0.07658321060382917,0.09867452135493372,0.0,False,True,False,False,False,,
720575940619696133,cell_class,AN,679,400,0.25,0.04,0.01,0.027982326951399118,0.7864506627393225,0.010309278350515464,0.0,0.07658321060382917,0.09867452135493372,0.0,False,True,False,True,True,,
720575940619696133,cell_class,AN,679,400,0.25,0.04,0.05,0.027982326951399118,0.7864506627393225,0.010309278350515464,0.0,0.07658321060382917,0.09867452135493372,0.0,False,True,False,False,False,,
720575940619696133,cell_class,AN,679,400,0.25,0.04,0.1,0.027982326951399118,0.7864506627393225,0.010309278350515464,0.0,0.07658321060382917,0.09867452135493372,0.0,False,False,False,False,False,,
720575940619696133,cell_class,AN,679,400,0.25,0.02,0.01,0.027982326951399118,0.7864506627393225,0.010309278350515464,0.0,0.07658321060382917,0.09867452135493372,0.0,False,True,False,True,True,,
720575940619696133,cell_class,AN,679,400,0.25,0.02,0.05,0.027982326951399118,0.7864506627393225,0.010309278350515464,0.0,0.07658321060382917,0.09867452135493372,0.0,False,True,False,False,False,,
720575940619696133,cell_class,AN,679,400,0.25,0.02,0.1,0.027982326951399118,0.7864506627393225,0.010309278350515464,0.0,0.07658321060382917,0.09867452135493372,0.0,False,False,False,False,False,,
720575940619696133,cell_class,AN,679,400,0.25,0.01,0.01,0.027982326951399118,0.7864506627393225,0.010309278350515464,0.0,0.07658321060382917,0.09867452135493372,0.0,False,True,False,True,True,,
720575940619696133,cell_class,AN,679,400,0.25,0.01,0.05,0.027982326951399118,0.7864506627393225,0.010309278350515464,0.0,0.07658321060382917,0.09867452135493372,0.0,False,False,False,False,False,,
720575940619696133,cell_class,AN,679,400,0.25,0.01,0.1,0.027982326951399118,0.7864506627393225,0.010309278350515464,0.0,0.07658321060382917,0.09867452135493372,0.0,False,False,False,False,False,,
720575940619273398,cell_class,AN,4673,400,0.25,0.14285714285714285,0.01,0.7648191739781725,0.11384549539910122,0.09886582495185106,0.002995934089450032,0.006419858763107212,0.01262572223411085,0.00042799058420714745,True,True,True,False,False,False,False
720575940619273398,cell_class,AN,4673,400,0.25,0.14285714285714285,0.05,0.7648191739781725,0.11384549539910122,0.09886582495185106,0.002995934089450032,0.006419858763107212,0.01262572223411085,0.00042799058420714745,True,False,True,False,False,False,False
720575940619273398,cell_class,AN,4673,400,0.25,0.14285714285714285,0.1,0.7648191739781725,0.11384549539910122,0.09886582495185106,0.002995934089450032,0.006419858763107212,0.01262572223411085,0.00042799058420714745,True,False,False,False,False,False,False
720575940619273398,cell_class,AN,4673,400,0.25,0.04,0.01,0.7648191739781725,0.11384549539910122,0.09886582495185106,0.002995934089450032,0.006419858763107212,0.01262572223411085,0.00042799058420714745,True,True,True,False,False,False,False
720575940619273398,cell_class,AN,4673,400,0.25,0.04,0.05,0.7648191739781725,0.11384549539910122,0.09886582495185106,0.002995934089450032,0.006419858763107212,0.01262572223411085,0.00042799058420714745,True,False,False,False,False,False,False
720575940619273398,cell_class,AN,4673,400,0.25,0.04,0.1,0.7648191739781725,0.11384549539910122,0.09886582495185106,0.002995934089450032,0.006419858763107212,0.01262572223411085,0.00042799058420714745,False,False,False,False,False,False,False
720575940619273398,cell_class,AN,4673,400,0.25,0.02,0.01,0.7648191739781725,0.11384549539910122,0.09886582495185106,0.002995934089450032,0.006419858763107212,0.01262572223411085,0.00042799058420714745,True,False,True,False,False,False,False
720575940619273398,cell_class,AN,4673,400,0.25,0.02,0.05,0.7648191739781725,0.11384549539910122,0.09886582495185106,0.002995934089450032,0.006419858763107212,0.01262572223411085,0.00042799058420714745,False,False,False,False,False,False,False
720575940619273398,cell_class,AN,4673,400,0.25,0.02,0.1,0.7648191739781725,0.11384549539910122,0.09886582495185106,0.002995934089450032,0.006419858763107212,0.01262572223411085,0.00042799058420714745,False,False,False,False,False,False,False
720575940619273398,cell_class,AN,4673,400,0.25,0.01,0.01,0.7648191739781725,0.11384549539910122,0.09886582495185106,0.002995934089450032,0.006419858763107212,0.01262572223411085,0.00042799058420714745,True,False,True,False,False,False,False
720575940619273398,cell_class,AN,4673,400,0.25,0.01,0.05,0.7648191739781725,0.11384549539910122,0.09886582495185106,0.002995934089450032,0.006419858763107212,0.01262572223411085,0.00042799058420714745,False,False,False,False,False,False,False
720575940619273398,cell_class,AN,4673,400,0.25,0.01,0.1,0.7648191739781725,0.11384549539910122,0.09886582495185106,0.002995934089450032,0.006419858763107212,0.01262572223411085,0.00042799058420714745,False,False,False,False,False,False,False
720575940623685193,cell_class,AN,11865,400,0.25,0.14285714285714285,0.01,0.008933839022334598,0.9616519174041298,0.007922461019806152,0.005478297513695744,0.0073324905183312266,0.008596713021491783,8.428150021070375e-05,False,True,False,False,False,False,
720575940623685193,cell_class,AN,11865,400,0.25,0.14285714285714285,0.05,0.008933839022334598,0.9616519174041298,0.007922461019806152,0.005478297513695744,0.0073324905183312266,0.008596713021491783,8.428150021070375e-05,False,True,False,False,False,False,
720575940623685193,cell_class,AN,11865,400,0.25,0.14285714285714285,0.1,0.008933839022334598,0.9616519174041298,0.007922461019806152,0.005478297513695744,0.0073324905183312266,0.008596713021491783,8.428150021070375e-05,False,True,False,False,False,False,
720575940623685193,cell_class,AN,11865,400,0.25,0.04,0.01,0.008933839022334598,0.9616519174041298,0.007922461019806152,0.005478297513695744,0.0073324905183312266,0.008596713021491783,8.428150021070375e-05,False,True,False,False,False,False,
720575940623685193,cell_class,AN,11865,400,0.25,0.04,0.05,0.008933839022334598,0.9616519174041298,0.007922461019806152,0.005478297513695744,0.0073324905183312266,0.008596713021491783,8.428150021070375e-05,False,True,False,False,False,False,
720575940623685193,cell_class,AN,11865,400,0.25,0.04,0.1,0.008933839022334598,0.9616519174041298,0.007922461019806152,0.005478297513695744,0.0073324905183312266,0.008596713021491783,8.428150021070375e-05,False,False,False,False,False,False,
720575940623685193,cell_class,AN,11865,400,0.25,0.02,0.01,0.008933839022334598,0.9616519174041298,0.007922461019806152,0.005478297513695744,0.0073324905183312266,0.008596713021491783,8.428150021070375e-05,False,True,False,False,False,False,
720575940623685193,cell_class,AN,11865,400,0.25,0.02,0.05,0.008933839022334598,0.9616519174041298,0.007922461019806152,0.005478297513695744,0.0073324905183312266,0.008596713021491783,8.428150021070375e-05,False,True,False,False,False,False,
720575940623685193,cell_class,AN,11865,400,0.25,0.02,0.1,0.008933839022334598,0.9616519174041298,0.007922461019806152,0.005478297513695744,0.0073324905183312266,0.008596713021491783,8.428150021070375e-05,False,False,False,False,False,False,
720575940623685193,cell_class,AN,11865,400,0.25,0.01,0.01,0.008933839022334598,0.9616519174041298,0.007922461019806152,0.005478297513695744,0.0073324905183312266,0.008596713021491783,8.428150021070375e-05,False,True,False,False,False,False,
720575940623685193,cell_class,AN,11865,400,0.25,0.01,0.05,0.008933839022334598,0.9616519174041298,0.007922461019806152,0.005478297513695744,0.0073324905183312266,0.008596713021491783,8.428150021070375e-05,False,False,False,False,False,False,
720575940623685193,cell_class,AN,11865,400,0.25,0.01,0.1,0.008933839022334598,0.9616519174041298,0.007922461019806152,0.005478297513695744,0.0073324905183312266,0.008596713021491783,8.428150021070375e-05,False,False,False,False,False,False,
720575940613598514,cell_class,AN,1855,400,0.25,0.14285714285714285,0.01,0.5563342318059299,0.3638814016172507,0.052830188679245285,0.001078167115902965,0.016711590296495958,0.00862533692722372,0.0005390835579514825,True,True,True,False,False,False,
720575940613598514,cell_class,AN,1855,400,0.25,0.14285714285714285,0.05,0.5563342318059299,0.3638814016172507,0.052830188679245285,0.001078167115902965,0.016711590296495958,0.00862533692722372,0.0005390835579514825,True,True,False,False,False,False,
720575940613598514,cell_class,AN,1855,400,0.25,0.14285714285714285,0.1,0.5563342318059299,0.3638814016172507,0.052830188679245285,0.001078167115902965,0.016711590296495958,0.00862533692722372,0.0005390835579514825,True,False,False,False,False,False,
720575940613598514,cell_class,AN,1855,400,0.25,0.04,0.01,0.5563342318059299,0.3638814016172507,0.052830188679245285,0.001078167115902965,0.016711590296495958,0.00862533692722372,0.0005390835579514825,True,True,True,False,False,False,
720575940613598514,cell_class,AN,1855,400,0.25,0.04,0.05,0.5563342318059299,0.3638814016172507,0.052830188679245285,0.001078167115902965,0.016711590296495958,0.00862533692722372,0.0005390835579514825,True,False,False,False,False,False,
720575940613598514,cell_class,AN,1855,400,0.25,0.04,0.1,0.5563342318059299,0.3638814016172507,0.052830188679245285,0.001078167115902965,0.016711590296495958,0.00862533692722372,0.0005390835579514825,False,False,False,False,False,False,
720575940613598514,cell_class,AN,1855,400,0.25,0.02,0.01,0.5563342318059299,0.3638814016172507,0.052830188679245285,0.001078167115902965,0.016711590296495958,0.00862533692722372,0.0005390835579514825,True,True,True,False,False,False,
720575940613598514,cell_class,AN,1855,400,0.25,0.02,0.05,0.5563342318059299,0.3638814016172507,0.052830188679245285,0.001078167115902965,0.016711590296495958,0.00862533692722372,0.0005390835579514825,False,False,False,False,False,False,
720575940613598514,cell_class,AN,1855,400,0.25,0.02,0.1,0.5563342318059299,0.3638814016172507,0.052830188679245285,0.001078167115902965,0.016711590296495958,0.00862533692722372,0.0005390835579514825,False,False,False,False,False,False,
720575940613598514,cell_class,AN,1855,400,0.25,0.01,0.01,0.5563342318059299,0.3638814016172507,0.052830188679245285,0.001078167115902965,0.016711590296495958,0.00862533692722372,0.0005390835579514825,True,True,False,False,False,False,
720575940613598514,cell_class,AN,1855,400,0.25,0.01,0.05,0.5563342318059299,0.3638814016172507,0.052830188679245285,0.001078167115902965,0.016711590296495958,0.00862533692722372,0.0005390835579514825,False,False,False,False,False,False,
720575940613598514,cell_class,AN,1855,400,0.25,0.01,0.1,0.5563342318059299,0.3638814016172507,0.052830188679245285,0.001078167115902965,0.016711590296495958,0.00862533692722372,0.0005390835579514825,False,False,False,False,False,False,
720575940612018545,cell_class,AN,1801,400,0.25,0.14285714285714285,0.01,0.00832870627429206,0.773459189339256,0.01665741254858412,0.002220988339811216,0.167129372570794,0.031093836757357024,0.001110494169905608,False,True,True,True,True,False,False
720575940612018545,cell_class,AN,1801,400,0.25,0.14285714285714285,0.05,0.00832870627429206,0.773459189339256,0.01665741254858412,0.002220988339811216,0.167129372570794,0.031093836757357024,0.001110494169905608,False,True,False,True,False,False,False
720575940612018545,cell_class,AN,1801,400,0.25,0.14285714285714285,0.1,0.00832870627429206,0.773459189339256,0.01665741254858412,0.002220988339811216,0.167129372570794,0.031093836757357024,0.001110494169905608,False,True,False,False,False,False,False
720575940612018545,cell_class,AN,1801,400,0.25,0.04,0.01,0.00832870627429206,0.773459189339256,0.01665741254858412,0.002220988339811216,0.167129372570794,0.031093836757357024,0.001110494169905608,False,True,False,True,False,False,False
720575940612018545,cell_class,AN,1801,400,0.25,0.04,0.05,0.00832870627429206,0.773459189339256,0.01665741254858412,0.002220988339811216,0.167129372570794,0.031093836757357024,0.001110494169905608,False,True,False,False,False,False,False
720575940612018545,cell_class,AN,1801,400,0.25,0.04,0.1,0.00832870627429206,0.773459189339256,0.01665741254858412,0.002220988339811216,0.167129372570794,0.031093836757357024,0.001110494169905608,False,True,False,False,False,False,False
720575940612018545,cell_class,AN,1801,400,0.25,0.02,0.01,0.00832870627429206,0.773459189339256,0.01665741254858412,0.002220988339811216,0.167129372570794,0.031093836757357024,0.001110494169905608,False,True,False,True,False,False,False
720575940612018545,cell_class,AN,1801,400,0.25,0.02,0.05,0.00832870627429206,0.773459189339256,0.01665741254858412,0.002220988339811216,0.167129372570794,0.031093836757357024,0.001110494169905608,False,True,False,False,False,False,False
720575940612018545,cell_class,AN,1801,400,0.25,0.02,0.1,0.00832870627429206,0.773459189339256,0.01665741254858412,0.002220988339811216,0.167129372570794,0.031093836757357024,0.001110494169905608,False,False,False,False,False,False,False
720575940612018545,cell_class,AN,1801,400,0.25,0.01,0.01,0.00832870627429206,0.773459189339256,0.01665741254858412,0.002220988339811216,0.167129372570794,0.031093836757357024,0.001110494169905608,False,True,False,True,False,False,False
720575940612018545,cell_class,AN,1801,400,0.25,0.01,0.05,0.00832870627429206,0.773459189339256,0.01665741254858412,0.002220988339811216,0.167129372570794,0.031093836757357024,0.001110494169905608,False,True,False,False,False,False,False
720575940612018545,cell_class,AN,1801,400,0.25,0.01,0.1,0.00832870627429206,0.773459189339256,0.01665741254858412,0.002220988339811216,0.167129372570794,0.031093836757357024,0.001110494169905608,False,False,False,False,False,False,False
720575940628347471,cell_class,AN,3168,400,0.25,0.14285714285714285,0.01,0.016414141414141416,0.9633838383838383,0.0031565656565656565,0.0012626262626262627,0.013888888888888888,0.001893939393939394,0.0,True,True,False,False,False,False,
720575940628347471,cell_class,AN,3168,400,0.25,0.14285714285714285,0.05,0.016414141414141416,0.9633838383838383,0.0031565656565656565,0.0012626262626262627,0.013888888888888888,0.001893939393939394,0.0,False,True,False,False,False,False,
720575940628347471,cell_class,AN,3168,400,0.25,0.14285714285714285,0.1,0.016414141414141416,0.9633838383838383,0.0031565656565656565,0.0012626262626262627,0.013888888888888888,0.001893939393939394,0.0,False,True,False,False,False,False,
720575940628347471,cell_class,AN,3168,400,0.25,0.04,0.01,0.016414141414141416,0.9633838383838383,0.0031565656565656565,0.0012626262626262627,0.013888888888888888,0.001893939393939394,0.0,False,True,False,False,False,False,
720575940628347471,cell_class,AN,3168,400,0.25,0.04,0.05,0.016414141414141416,0.9633838383838383,0.0031565656565656565,0.0012626262626262627,0.013888888888888888,0.001893939393939394,0.0,False,True,False,False,False,False,
720575940628347471,cell_class,AN,3168,400,0.25,0.04,0.1,0.016414141414141416,0.9633838383838383,0.0031565656565656565,0.0012626262626262627,0.013888888888888888,0.001893939393939394,0.0,False,False,False,False,False,False,
720575940628347471,cell_class,AN,3168,400,0.25,0.02,0.01,0.016414141414141416,0.9633838383838383,0.0031565656565656565,0.0012626262626262627,0.013888888888888888,0.001893939393939394,0.0,False,True,False,False,False,False,
720575940628347471,cell_class,AN,3168,400,0.25,0.02,0.05,0.016414141414141416,0.9633838383838383,0.0031565656565656565,0.0012626262626262627,0.013888888888888888,0.001893939393939394,0.0,False,True,False,False,False,False,
720575940628347471,cell_class,AN,3168,400,0.25,0.02,0.1,0.016414141414141416,0.9633838383838383,0.0031565656565656565,0.0012626262626262627,0.013888888888888888,0.001893939393939394,0.0,False,False,False,False,False,False,
720575940628347471,cell_class,AN,3168,400,0.25,0.01,0.01,0.016414141414141416,0.9633838383838383,0.0031565656565656565,0.0012626262626262627,0.013888888888888888,0.001893939393939394,0.0,False,True,False,False,False,False,
720575940628347471,cell_class,AN,3168,400,0.25,0.01,0.05,0.016414141414141416,0.9633838383838383,0.0031565656565656565,0.0012626262626262627,0.013888888888888888,0.001893939393939394,0.0,False,False,False,False,False,False,
720575940628347471,cell_class,AN,3168,400,0.25,0.01,0.1,0.016414141414141416,0.9633838383838383,0.0031565656565656565,0.0012626262626262627,0.013888888888888888,0.001893939393939394,0.0,False,False,False,False,False,False,
720575940620122561,cell_class,AN,1814,400,0.25,0.14285714285714285,0.01,0.41069459757442117,0.3539140022050717,0.08544652701212789,0.05567805953693495,0.08875413450937156,0.0033076074972436605,0.002205071664829107,True,True,True,True,False,True,False
720575940620122561,cell_class,AN,1814,400,0.25,0.14285714285714285,0.05,0.41069459757442117,0.3539140022050717,0.08544652701212789,0.05567805953693495,0.08875413450937156,0.0033076074972436605,0.002205071664829107,True,True,False,False,False,False,False
720575940620122561,cell_class,AN,1814,400,0.25,0.14285714285714285,0.1,0.41069459757442117,0.3539140022050717,0.08544652701212789,0.05567805953693495,0.08875413450937156,0.0033076074972436605,0.002205071664829107,True,True,False,False,False,False,False
720575940620122561,cell_class,AN,1814,400,0.25,0.04,0.01,0.41069459757442117,0.3539140022050717,0.08544652701212789,0.05567805953693495,0.08875413450937156,0.0033076074972436605,0.002205071664829107,True,True,True,True,False,True,False
720575940620122561,cell_class,AN,1814,400,0.25,0.04,0.05,0.41069459757442117,0.3539140022050717,0.08544652701212789,0.05567805953693495,0.08875413450937156,0.0033076074972436605,0.002205071664829107,True,True,False,False,False,False,False
720575940620122561,cell_class,AN,1814,400,0.25,0.04,0.1,0.41069459757442117,0.3539140022050717,0.08544652701212789,0.05567805953693495,0.08875413450937156,0.0033076074972436605,0.002205071664829107,False,False,False,False,False,False,False
720575940620122561,cell_class,AN,1814,400,0.25,0.02,0.01,0.41069459757442117,0.3539140022050717,0.08544652701212789,0.05567805953693495,0.08875413450937156,0.0033076074972436605,0.002205071664829107,True,True,True,True,False,False,False
720575940620122561,cell_class,AN,1814,400,0.25,0.02,0.05,0.41069459757442117,0.3539140022050717,0.08544652701212789,0.05567805953693495,0.08875413450937156,0.0033076074972436605,0.002205071664829107,False,False,False,False,False,False,False
720575940620122561,cell_class,AN,1814,400,0.25,0.02,0.1,0.41069459757442117,0.3539140022050717,0.08544652701212789,0.05567805953693495,0.08875413450937156,0.0033076074972436605,0.002205071664829107,False,False,False,False,False,False,False
720575940620122561,cell_class,AN,1814,400,0.25,0.01,0.01,0.41069459757442117,0.3539140022050717,0.08544652701212789,0.05567805953693495,0.08875413450937156,0.0033076074972436605,0.002205071664829107,True,True,False,False,False,False,False
720575940620122561,cell_class,AN,1814,400,0.25,0.01,0.05,0.41069459757442117,0.3539140022050717,0.08544652701212789,0.05567805953693495,0.08875413450937156,0.0033076074972436605,0.002205071664829107,False,False,False,False,False,False,False
720575940620122561,cell_class,AN,1814,400,0.25,0.01,0.1,0.41069459757442117,0.3539140022050717,0.08544652701212789,0.05567805953693495,0.08875413450937156,0.0033076074972436605,0.002205071664829107,False,False,False,False,False,False,False
720575940625161530,cell_class,AN,1874,400,0.25,0.14285714285714285,0.01,0.03415154749199573,0.683564567769477,0.0624332977588047,0.05336179295624333,0.10992529348986126,0.05496264674493063,0.0016008537886872999,True,True,True,True,True,True,False
720575940625161530,cell_class,AN,1874,400,0.25,0.14285714285714285,0.05,0.03415154749199573,0.683564567769477,0.0624332977588047,0.05336179295624333,0.10992529348986126,0.05496264674493063,0.0016008537886872999,False,True,False,False,False,False,False
720575940625161530,cell_class,AN,1874,400,0.25,0.14285714285714285,0.1,0.03415154749199573,0.683564567769477,0.0624332977588047,0.05336179295624333,0.10992529348986126,0.05496264674493063,0.0016008537886872999,False,True,False,False,False,False,False
720575940625161530,cell_class,AN,1874,400,0.25,0.04,0.01,0.03415154749199573,0.683564567769477,0.0624332977588047,0.05336179295624333,0.10992529348986126,0.05496264674493063,0.0016008537886872999,True,True,True,True,True,True,False
720575940625161530,cell_class,AN,1874,400,0.25,0.04,0.05,0.03415154749199573,0.683564567769477,0.0624332977588047,0.05336179295624333,0.10992529348986126,0.05496264674493063,0.0016008537886872999,False,True,False,False,False,False,False
720575940625161530,cell_class,AN,1874,400,0.25,0.04,0.1,0.03415154749199573,0.683564567769477,0.0624332977588047,0.05336179295624333,0.10992529348986126,0.05496264674493063,0.0016008537886872999,False,False,False,False,False,False,False
720575940625161530,cell_class,AN,1874,400,0.25,0.02,0.01,0.03415154749199573,0.683564567769477,0.0624332977588047,0.05336179295624333,0.10992529348986126,0.05496264674493063,0.0016008537886872999,True,True,False,True,True,False,False
720575940625161530,cell_class,AN,1874,400,0.25,0.02,0.05,0.03415154749199573,0.683564567769477,0.0624332977588047,0.05336179295624333,0.10992529348986126,0.05496264674493063,0.0016008537886872999,False,True,False,False,False,False,False
720575940625161530,cell_class,AN,1874,400,0.25,0.02,0.1,0.03415154749199573,0.683564567769477,0.0624332977588047,0.05336179295624333,0.10992529348986126,0.05496264674493063,0.0016008537886872999,False,False,False,False,False,False,False
720575940625161530,cell_class,AN,1874,400,0.25,0.01,0.01,0.03415154749199573,0.683564567769477,0.0624332977588047,0.05336179295624333,0.10992529348986126,0.05496264674493063,0.0016008537886872999,True,True,False,False,False,False,False
720575940625161530,cell_class,AN,1874,400,0.25,0.01,0.05,0.03415154749199573,0.683564567769477,0.0624332977588047,0.05336179295624333,0.10992529348986126,0.05496264674493063,0.0016008537886872999,False,False,False,False,False,False,False
720575940625161530,cell_class,AN,1874,400,0.25,0.01,0.1,0.03415154749199573,0.683564567769477,0.0624332977588047,0.05336179295624333,0.10992529348986126,0.05496264674493063,0.0016008537886872999,False,False,False,False,False,False,False
720575940651689206,cell_class,AN,901,400,0.25,0.14285714285714285,0.01,0.013318534961154272,0.8723640399556049,0.01997780244173141,0.0011098779134295228,0.0732519422863485,0.01997780244173141,0.0,False,True,False,True,False,,
720575940651689206,cell_class,AN,901,400,0.25,0.14285714285714285,0.05,0.013318534961154272,0.8723640399556049,0.01997780244173141,0.0011098779134295228,0.0732519422863485,0.01997780244173141,0.0,False,True,False,False,False,,
720575940651689206,cell_class,AN,901,400,0.25,0.14285714285714285,0.1,0.013318534961154272,0.8723640399556049,0.01997780244173141,0.0011098779134295228,0.0732519422863485,0.01997780244173141,0.0,False,True,False,False,False,,
720575940651689206,cell_class,AN,901,400,0.25,0.04,0.01,0.013318534961154272,0.8723640399556049,0.01997780244173141,0.0011098779134295228,0.0732519422863485,0.01997780244173141,0.0,False,True,False,True,False,,
720575940651689206,cell_class,AN,901,400,0.25,0.04,0.05,0.013318534961154272,0.8723640399556049,0.01997780244173141,0.0011098779134295228,0.0732519422863485,0.01997780244173141,0.0,False,True,False,False,False,,
720575940651689206,cell_class,AN,901,400,0.25,0.04,0.1,0.013318534961154272,0.8723640399556049,0.01997780244173141,0.0011098779134295228,0.0732519422863485,0.01997780244173141,0.0,False,True,False,False,False,,
720575940651689206,cell_class,AN,901,400,0.25,0.02,0.01,0.013318534961154272,0.8723640399556049,0.01997780244173141,0.0011098779134295228,0.0732519422863485,0.01997780244173141,0.0,False,True,False,True,False,,
720575940651689206,cell_class,AN,901,400,0.25,0.02,0.05,0.013318534961154272,0.8723640399556049,0.01997780244173141,0.0011098779134295228,0.0732519422863485,0.01997780244173141,0.0,False,True,False,False,False,,
720575940651689206,cell_class,AN,901,400,0.25,0.02,0.1,0.013318534961154272,0.8723640399556049,0.01997780244173141,0.0011098779134295228,0.0732519422863485,0.01997780244173141,0.0,False,True,False,False,False,,
720575940651689206,cell_class,AN,901,400,0.25,0.01,0.01,0.013318534961154272,0.8723640399556049,0.01997780244173141,0.0011098779134295228,0.0732519422863485,0.01997780244173141,0.0,False,True,False,False,False,,
720575940651689206,cell_class,AN,901,400,0.25,0.01,0.05,0.013318534961154272,0.8723640399556049,0.01997780244173141,0.0011098779134295228,0.0732519422863485,0.01997780244173141,0.0,False,True,False,False,False,,
720575940651689206,cell_class,AN,901,400,0.25,0.01,0.1,0.013318534961154272,0.8723640399556049,0.01997780244173141,0.0011098779134295228,0.0732519422863485,0.01997780244173141,0.0,False,False,False,False,False,,
720575940620181825,cell_class,AN,7977,400,0.25,0.14285714285714285,0.01,0.7693368434248464,0.10204337470226903,0.10981572019556224,0.0008775228782750407,0.0052651372696502444,0.012536041118214868,0.00012536041118214867,True,True,True,False,False,False,
720575940620181825,cell_class,AN,7977,400,0.25,0.14285714285714285,0.05,0.7693368434248464,0.10204337470226903,0.10981572019556224,0.0008775228782750407,0.0052651372696502444,0.012536041118214868,0.00012536041118214867,True,False,True,False,False,False,
720575940620181825,cell_class,AN,7977,400,0.25,0.14285714285714285,0.1,0.7693368434248464,0.10204337470226903,0.10981572019556224,0.0008775228782750407,0.0052651372696502444,0.012536041118214868,0.00012536041118214867,True,False,False,False,False,False,
720575940620181825,cell_class,AN,7977,400,0.25,0.04,0.01,0.7693368434248464,0.10204337470226903,0.10981572019556224,0.0008775228782750407,0.0052651372696502444,0.012536041118214868,0.00012536041118214867,True,True,True,False,False,False,
720575940620181825,cell_class,AN,7977,400,0.25,0.04,0.05,0.7693368434248464,0.10204337470226903,0.10981572019556224,0.0008775228782750407,0.0052651372696502444,0.012536041118214868,0.00012536041118214867,True,False,False,False,False,False,
720575940620181825,cell_class,AN,7977,400,0.25,0.04,0.1,0.7693368434248464,0.10204337470226903,0.10981572019556224,0.0008775228782750407,0.0052651372696502444,0.012536041118214868,0.00012536041118214867,False,False,False,False,False,False,
720575940620181825,cell_class,AN,7977,400,0.25,0.02,0.01,0.7693368434248464,0.10204337470226903,0.10981572019556224,0.0008775228782750407,0.0052651372696502444,0.012536041118214868,0.00012536041118214867,True,True,True,False,False,False,
720575940620181825,cell_class,AN,7977,400,0.25,0.02,0.05,0.7693368434248464,0.10204337470226903,0.10981572019556224,0.0008775228782750407,0.0052651372696502444,0.012536041118214868,0.00012536041118214867,False,False,False,False,False,False,
720575940620181825,cell_class,AN,7977,400,0.25,0.02,0.1,0.7693368434248464,0.10204337470226903,0.10981572019556224,0.0008775228782750407,0.0052651372696502444,0.012536041118214868,0.00012536041118214867,False,False,False,False,False,False,
720575940620181825,cell_class,AN,7977,400,0.25,0.01,0.01,0.7693368434248464,0.10204337470226903,0.10981572019556224,0.0008775228782750407,0.0052651372696502444,0.012536041118214868,0.00012536041118214867,True,False,True,False,False,False,
720575940620181825,cell_class,AN,7977,400,0.25,0.01,0.05,0.7693368434248464,0.10204337470226903,0.10981572019556224,0.0008775228782750407,0.0052651372696502444,0.012536041118214868,0.00012536041118214867,False,False,False,False,False,False,
720575940620181825,cell_class,AN,7977,400,0.25,0.01,0.1,0.7693368434248464,0.10204337470226903,0.10981572019556224,0.0008775228782750407,0.0052651372696502444,0.012536041118214868,0.00012536041118214867,False,False,False,False,False,False,
720575940632875746,cell_class,AN,5933,400,0.25,0.14285714285714285,0.01,0.011629866846452048,0.9644362042811394,0.008090342154053598,0.0026967807180178663,0.007921793359177481,0.005225012641159616,0.0,False,True,False,False,False,False,
720575940632875746,cell_class,AN,5933,400,0.25,0.14285714285714285,0.05,0.011629866846452048,0.9644362042811394,0.008090342154053598,0.0026967807180178663,0.007921793359177481,0.005225012641159616,0.0,False,True,False,False,False,False,
720575940632875746,cell_class,AN,5933,400,0.25,0.14285714285714285,0.1,0.011629866846452048,0.9644362042811394,0.008090342154053598,0.0026967807180178663,0.007921793359177481,0.005225012641159616,0.0,False,True,False,False,False,False,
720575940632875746,cell_class,AN,5933,400,0.25,0.04,0.01,0.011629866846452048,0.9644362042811394,0.008090342154053598,0.0026967807180178663,0.007921793359177481,0.005225012641159616,0.0,False,True,False,False,False,False,
720575940632875746,cell_class,AN,5933,400,0.25,0.04,0.05,0.011629866846452048,0.9644362042811394,0.008090342154053598,0.0026967807180178663,0.007921793359177481,0.005225012641159616,0.0,False,True,False,False,False,False,
720575940632875746,cell_class,AN,5933,400,0.25,0.04,0.1,0.011629866846452048,0.9644362042811394,0.008090342154053598,0.0026967807180178663,0.007921793359177481,0.005225012641159616,0.0,False,True,False,False,False,False,
720575940632875746,cell_class,AN,5933,400,0.25,0.02,0.01,0.011629866846452048,0.9644362042811394,0.008090342154053598,0.0026967807180178663,0.007921793359177481,0.005225012641159616,0.0,False,True,False,False,False,False,
720575940632875746,cell_class,AN,5933,400,0.25,0.02,0.05,0.011629866846452048,0.9644362042811394,0.008090342154053598,0.0026967807180178663,0.007921793359177481,0.005225012641159616,0.0,False,True,False,False,False,False,
720575940632875746,cell_class,AN,5933,400,0.25,0.02,0.1,0.011629866846452048,0.9644362042811394,0.008090342154053598,0.0026967807180178663,0.007921793359177481,0.005225012641159616,0.0,False,False,False,False,False,False,
720575940632875746,cell_class,AN,5933,400,0.25,0.01,0.01,0.011629866846452048,0.9644362042811394,0.008090342154053598,0.0026967807180178663,0.007921793359177481,0.005225012641159616,0.0,False,True,False,False,False,False,
720575940632875746,cell_class,AN,5933,400,0.25,0.01,0.05,0.011629866846452048,0.9644362042811394,0.008090342154053598,0.0026967807180178663,0.007921793359177481,0.005225012641159616,0.0,False,False,False,False,False,False,
720575940632875746,cell_class,AN,5933,400,0.25,0.01,0.1,0.011629866846452048,0.9644362042811394,0.008090342154053598,0.0026967807180178663,0.007921793359177481,0.005225012641159616,0.0,False,False,False,False,False,False,
720575940612713322,cell_class,AN,1124,400,0.25,0.14285714285714285,0.01,0.5862989323843416,0.3594306049822064,0.04804270462633452,0.0,0.004448398576512456,0.0017793594306049821,0.0,True,True,True,False,False,,
720575940612713322,cell_class,AN,1124,400,0.25,0.14285714285714285,0.05,0.5862989323843416,0.3594306049822064,0.04804270462633452,0.0,0.004448398576512456,0.0017793594306049821,0.0,True,True,False,False,False,,
720575940612713322,cell_class,AN,1124,400,0.25,0.14285714285714285,0.1,0.5862989323843416,0.3594306049822064,0.04804270462633452,0.0,0.004448398576512456,0.0017793594306049821,0.0,True,True,False,False,False,,
720575940612713322,cell_class,AN,1124,400,0.25,0.04,0.01,0.5862989323843416,0.3594306049822064,0.04804270462633452,0.0,0.004448398576512456,0.0017793594306049821,0.0,True,True,True,False,False,,
720575940612713322,cell_class,AN,1124,400,0.25,0.04,0.05,0.5862989323843416,0.3594306049822064,0.04804270462633452,0.0,0.004448398576512456,0.0017793594306049821,0.0,True,True,False,False,False,,
720575940612713322,cell_class,AN,1124,400,0.25,0.04,0.1,0.5862989323843416,0.3594306049822064,0.04804270462633452,0.0,0.004448398576512456,0.0017793594306049821,0.0,True,False,False,False,False,,
720575940612713322,cell_class,AN,1124,400,0.25,0.02,0.01,0.5862989323843416,0.3594306049822064,0.04804270462633452,0.0,0.004448398576512456,0.0017793594306049821,0.0,True,True,True,False,False,,
720575940612713322,cell_class,AN,1124,400,0.25,0.02,0.05,0.5862989323843416,0.3594306049822064,0.04804270462633452,0.0,0.004448398576512456,0.0017793594306049821,0.0,True,True,False,False,False,,
720575940612713322,cell_class,AN,1124,400,0.25,0.02,0.1,0.5862989323843416,0.3594306049822064,0.04804270462633452,0.0,0.004448398576512456,0.0017793594306049821,0.0,False,False,False,False,False,,
720575940612713322,cell_class,AN,1124,400,0.25,0.01,0.01,0.5862989323843416,0.3594306049822064,0.04804270462633452,0.0,0.004448398576512456,0.0017793594306049821,0.0,True,True,True,False,False,,
720575940612713322,cell_class,AN,1124,400,0.25,0.01,0.05,0.5862989323843416,0.3594306049822064,0.04804270462633452,0.0,0.004448398576512456,0.0017793594306049821,0.0,False,False,False,False,False,,
720575940612713322,cell_class,AN,1124,400,0.25,0.01,0.1,0.5862989323843416,0.3594306049822064,0.04804270462633452,0.0,0.004448398576512456,0.0017793594306049821,0.0,False,False,False,False,False,,
720575940631240403,cell_class,AN,8028,400,0.25,0.14285714285714285,0.01,0.019805680119581465,0.9429496761335326,0.017563527653213753,0.002242152466367713,0.0066018933731938215,0.010837070254110613,0.0,True,True,True,False,False,False,
720575940631240403,cell_class,AN,8028,400,0.25,0.14285714285714285,0.05,0.019805680119581465,0.9429496761335326,0.017563527653213753,0.002242152466367713,0.0066018933731938215,0.010837070254110613,0.0,False,True,False,False,False,False,
720575940631240403,cell_class,AN,8028,400,0.25,0.14285714285714285,0.1,0.019805680119581465,0.9429496761335326,0.017563527653213753,0.002242152466367713,0.0066018933731938215,0.010837070254110613,0.0,False,True,False,False,False,False,
720575940631240403,cell_class,AN,8028,400,0.25,0.04,0.01,0.019805680119581465,0.9429496761335326,0.017563527653213753,0.002242152466367713,0.0066018933731938215,0.010837070254110613,0.0,False,True,False,False,False,False,
720575940631240403,cell_class,AN,8028,400,0.25,0.04,0.05,0.019805680119581465,0.9429496761335326,0.017563527653213753,0.002242152466367713,0.0066018933731938215,0.010837070254110613,0.0,False,True,False,False,False,False,
720575940631240403,cell_class,AN,8028,400,0.25,0.04,0.1,0.019805680119581465,0.9429496761335326,0.017563527653213753,0.002242152466367713,0.0066018933731938215,0.010837070254110613,0.0,False,True,False,False,False,False,
720575940631240403,cell_class,AN,8028,400,0.25,0.02,0.01,0.019805680119581465,0.9429496761335326,0.017563527653213753,0.002242152466367713,0.0066018933731938215,0.010837070254110613,0.0,False,True,False,False,False,False,
720575940631240403,cell_class,AN,8028,400,0.25,0.02,0.05,0.019805680119581465,0.9429496761335326,0.017563527653213753,0.002242152466367713,0.0066018933731938215,0.010837070254110613,0.0,False,True,False,False,False,False,
720575940631240403,cell_class,AN,8028,400,0.25,0.02,0.1,0.019805680119581465,0.9429496761335326,0.017563527653213753,0.002242152466367713,0.0066018933731938215,0.010837070254110613,0.0,False,False,False,False,False,False,
720575940631240403,cell_class,AN,8028,400,0.25,0.01,0.01,0.019805680119581465,0.9429496761335326,0.017563527653213753,0.002242152466367713,0.0066018933731938215,0.010837070254110613,0.0,False,True,False,False,False,False,
720575940631240403,cell_class,AN,8028,400,0.25,0.01,0.05,0.019805680119581465,0.9429496761335326,0.017563527653213753,0.002242152466367713,0.0066018933731938215,0.010837070254110613,0.0,False,False,False,False,False,False,
720575940631240403,cell_class,AN,8028,400,0.25,0.01,0.1,0.019805680119581465,0.9429496761335326,0.017563527653213753,0.002242152466367713,0.0066018933731938215,0.010837070254110613,0.0,False,False,False,False,False,False,
720575940627734293,cell_class,AN,5713,400,0.25,0.14285714285714285,0.01,0.002625590757920532,0.9541396814283214,0.0015753544547523193,0.00035007876772273763,0.03238228601435323,0.00892700857692981,0.0,False,True,False,True,False,False,
720575940627734293,cell_class,AN,5713,400,0.25,0.14285714285714285,0.05,0.002625590757920532,0.9541396814283214,0.0015753544547523193,0.00035007876772273763,0.03238228601435323,0.00892700857692981,0.0,False,True,False,False,False,False,
720575940627734293,cell_class,AN,5713,400,0.25,0.14285714285714285,0.1,0.002625590757920532,0.9541396814283214,0.0015753544547523193,0.00035007876772273763,0.03238228601435323,0.00892700857692981,0.0,False,True,False,False,False,False,
720575940627734293,cell_class,AN,5713,400,0.25,0.04,0.01,0.002625590757920532,0.9541396814283214,0.0015753544547523193,0.00035007876772273763,0.03238228601435323,0.00892700857692981,0.0,False,True,False,True,False,False,
720575940627734293,cell_class,AN,5713,400,0.25,0.04,0.05,0.002625590757920532,0.9541396814283214,0.0015753544547523193,0.00035007876772273763,0.03238228601435323,0.00892700857692981,0.0,False,True,False,False,False,False,
720575940627734293,cell_class,AN,5713,400,0.25,0.04,0.1,0.002625590757920532,0.9541396814283214,0.0015753544547523193,0.00035007876772273763,0.03238228601435323,0.00892700857692981,0.0,False,True,False,False,False,False,
720575940627734293,cell_class,AN,5713,400,0.25,0.02,0.01,0.002625590757920532,0.9541396814283214,0.0015753544547523193,0.00035007876772273763,0.03238228601435323,0.00892700857692981,0.0,False,True,False,True,False,False,
720575940627734293,cell_class,AN,5713,400,0.25,0.02,0.05,0.002625590757920532,0.9541396814283214,0.0015753544547523193,0.00035007876772273763,0.03238228601435323,0.00892700857692981,0.0,False,True,False,False,False,False,
720575940627734293,cell_class,AN,5713,400,0.25,0.02,0.1,0.002625590757920532,0.9541396814283214,0.0015753544547523193,0.00035007876772273763,0.03238228601435323,0.00892700857692981,0.0,False,False,False,False,False,False,
720575940627734293,cell_class,AN,5713,400,0.25,0.01,0.01,0.002625590757920532,0.9541396814283214,0.0015753544547523193,0.00035007876772273763,0.03238228601435323,0.00892700857692981,0.0,False,True,False,True,False,False,
720575940627734293,cell_class,AN,5713,400,0.25,0.01,0.05,0.002625590757920532,0.9541396814283214,0.0015753544547523193,0.00035007876772273763,0.03238228601435323,0.00892700857692981,0.0,False,False,False,False,False,False,
720575940627734293,cell_class,AN,5713,400,0.25,0.01,0.1,0.002625590757920532,0.9541396814283214,0.0015753544547523193,0.00035007876772273763,0.03238228601435323,0.00892700857692981,0.0,False,False,False,False,False,False,
720575940615660033,cell_class,AN,958,400,0.25,0.14285714285714285,0.01,0.3569937369519833,0.03653444676409186,0.5323590814196242,0.0010438413361169101,0.010438413361169102,0.060542797494780795,0.0020876826722338203,True,True,True,False,True,,False
720575940615660033,cell_class,AN,958,400,0.25,0.14285714285714285,0.05,0.3569937369519833,0.03653444676409186,0.5323590814196242,0.0010438413361169101,0.010438413361169102,0.060542797494780795,0.0020876826722338203,True,False,True,False,False,,False
720575940615660033,cell_class,AN,958,400,0.25,0.14285714285714285,0.1,0.3569937369519833,0.03653444676409186,0.5323590814196242,0.0010438413361169101,0.010438413361169102,0.060542797494780795,0.0020876826722338203,True,False,True,False,False,,False
720575940615660033,cell_class,AN,958,400,0.25,0.04,0.01,0.3569937369519833,0.03653444676409186,0.5323590814196242,0.0010438413361169101,0.010438413361169102,0.060542797494780795,0.0020876826722338203,True,True,True,False,True,,False
720575940615660033,cell_class,AN,958,400,0.25,0.04,0.05,0.3569937369519833,0.03653444676409186,0.5323590814196242,0.0010438413361169101,0.010438413361169102,0.060542797494780795,0.0020876826722338203,False,False,True,False,False,,False
720575940615660033,cell_class,AN,958,400,0.25,0.04,0.1,0.3569937369519833,0.03653444676409186,0.5323590814196242,0.0010438413361169101,0.010438413361169102,0.060542797494780795,0.0020876826722338203,False,False,False,False,False,,False
720575940615660033,cell_class,AN,958,400,0.25,0.02,0.01,0.3569937369519833,0.03653444676409186,0.5323590814196242,0.0010438413361169101,0.010438413361169102,0.060542797494780795,0.0020876826722338203,True,False,True,False,True,,False
720575940615660033,cell_class,AN,958,400,0.25,0.02,0.05,0.3569937369519833,0.03653444676409186,0.5323590814196242,0.0010438413361169101,0.010438413361169102,0.060542797494780795,0.0020876826722338203,False,False,False,False,False,,False
720575940615660033,cell_class,AN,958,400,0.25,0.02,0.1,0.3569937369519833,0.03653444676409186,0.5323590814196242,0.0010438413361169101,0.010438413361169102,0.060542797494780795,0.0020876826722338203,False,False,False,False,False,,False
720575940615660033,cell_class,AN,958,400,0.25,0.01,0.01,0.3569937369519833,0.03653444676409186,0.5323590814196242,0.0010438413361169101,0.010438413361169102,0.060542797494780795,0.0020876826722338203,True,False,True,False,False,,False
720575940615660033,cell_class,AN,958,400,0.25,0.01,0.05,0.3569937369519833,0.03653444676409186,0.5323590814196242,0.0010438413361169101,0.010438413361169102,0.060542797494780795,0.0020876826722338203,False,False,False,False,False,,False
720575940615660033,cell_class,AN,958,400,0.25,0.01,0.1,0.3569937369519833,0.03653444676409186,0.5323590814196242,0.0010438413361169101,0.010438413361169102,0.060542797494780795,0.0020876826722338203,False,False,False,False,False,,False
720575940626444051,cell_class,AN,5365,400,0.25,0.14285714285714285,0.01,0.7552656104380242,0.21696178937558247,0.011556383970177074,0.002423112767940354,0.006150978564771668,0.007455731593662628,0.0001863932898415657,True,True,False,False,False,False,
720575940626444051,cell_class,AN,5365,400,0.25,0.14285714285714285,0.05,0.7552656104380242,0.21696178937558247,0.011556383970177074,0.002423112767940354,0.006150978564771668,0.007455731593662628,0.0001863932898415657,True,True,False,False,False,False,
720575940626444051,cell_class,AN,5365,400,0.25,0.14285714285714285,0.1,0.7552656104380242,0.21696178937558247,0.011556383970177074,0.002423112767940354,0.006150978564771668,0.007455731593662628,0.0001863932898415657,True,True,False,False,False,False,
720575940626444051,cell_class,AN,5365,400,0.25,0.04,0.01,0.7552656104380242,0.21696178937558247,0.011556383970177074,0.002423112767940354,0.006150978564771668,0.007455731593662628,0.0001863932898415657,True,True,False,False,False,False,
720575940626444051,cell_class,AN,5365,400,0.25,0.04,0.05,0.7552656104380242,0.21696178937558247,0.011556383970177074,0.002423112767940354,0.006150978564771668,0.007455731593662628,0.0001863932898415657,True,False,False,False,False,False,
720575940626444051,cell_class,AN,5365,400,0.25,0.04,0.1,0.7552656104380242,0.21696178937558247,0.011556383970177074,0.002423112767940354,0.006150978564771668,0.007455731593662628,0.0001863932898415657,False,False,False,False,False,False,
720575940626444051,cell_class,AN,5365,400,0.25,0.02,0.01,0.7552656104380242,0.21696178937558247,0.011556383970177074,0.002423112767940354,0.006150978564771668,0.007455731593662628,0.0001863932898415657,True,True,False,False,False,False,
720575940626444051,cell_class,AN,5365,400,0.25,0.02,0.05,0.7552656104380242,0.21696178937558247,0.011556383970177074,0.002423112767940354,0.006150978564771668,0.007455731593662628,0.0001863932898415657,True,False,False,False,False,False,
720575940626444051,cell_class,AN,5365,400,0.25,0.02,0.1,0.7552656104380242,0.21696178937558247,0.011556383970177074,0.002423112767940354,0.006150978564771668,0.007455731593662628,0.0001863932898415657,False,False,False,False,False,False,
720575940626444051,cell_class,AN,5365,400,0.25,0.01,0.01,0.7552656104380242,0.21696178937558247,0.011556383970177074,0.002423112767940354,0.006150978564771668,0.007455731593662628,0.0001863932898415657,True,True,False,False,False,False,
720575940626444051,cell_class,AN,5365,400,0.25,0.01,0.05,0.7552656104380242,0.21696178937558247,0.011556383970177074,0.002423112767940354,0.006150978564771668,0.007455731593662628,0.0001863932898415657,False,False,False,False,False,False,
720575940626444051,cell_class,AN,5365,400,0.25,0.01,0.1,0.7552656104380242,0.21696178937558247,0.011556383970177074,0.002423112767940354,0.006150978564771668,0.007455731593662628,0.0001863932898415657,False,False,False,False,False,False,
720575940632958253,cell_class,AN,4230,400,0.25,0.14285714285714285,0.01,0.02009456264775414,0.9491725768321513,0.004964539007092199,0.003309692671394799,0.013238770685579196,0.008747044917257684,0.00047281323877068556,False,True,False,False,False,False,False
720575940632958253,cell_class,AN,4230,400,0.25,0.14285714285714285,0.05,0.02009456264775414,0.9491725768321513,0.004964539007092199,0.003309692671394799,0.013238770685579196,0.008747044917257684,0.00047281323877068556,False,True,False,False,False,False,False
720575940632958253,cell_class,AN,4230,400,0.25,0.14285714285714285,0.1,0.02009456264775414,0.9491725768321513,0.004964539007092199,0.003309692671394799,0.013238770685579196,0.008747044917257684,0.00047281323877068556,False,True,False,False,False,False,False
720575940632958253,cell_class,AN,4230,400,0.25,0.04,0.01,0.02009456264775414,0.9491725768321513,0.004964539007092199,0.003309692671394799,0.013238770685579196,0.008747044917257684,0.00047281323877068556,False,True,False,False,False,False,False
720575940632958253,cell_class,AN,4230,400,0.25,0.04,0.05,0.02009456264775414,0.9491725768321513,0.004964539007092199,0.003309692671394799,0.013238770685579196,0.008747044917257684,0.00047281323877068556,False,True,False,False,False,False,False
720575940632958253,cell_class,AN,4230,400,0.25,0.04,0.1,0.02009456264775414,0.9491725768321513,0.004964539007092199,0.003309692671394799,0.013238770685579196,0.008747044917257684,0.00047281323877068556,False,True,False,False,False,False,False
720575940632958253,cell_class,AN,4230,400,0.25,0.02,0.01,0.02009456264775414,0.9491725768321513,0.004964539007092199,0.003309692671394799,0.013238770685579196,0.008747044917257684,0.00047281323877068556,False,True,False,False,False,False,False
720575940632958253,cell_class,AN,4230,400,0.25,0.02,0.05,0.02009456264775414,0.9491725768321513,0.004964539007092199,0.003309692671394799,0.013238770685579196,0.008747044917257684,0.00047281323877068556,False,True,False,False,False,False,False
720575940632958253,cell_class,AN,4230,400,0.25,0.02,0.1,0.02009456264775414,0.9491725768321513,0.004964539007092199,0.003309692671394799,0.013238770685579196,0.008747044917257684,0.00047281323877068556,False,False,False,False,False,False,False
720575940632958253,cell_class,AN,4230,400,0.25,0.01,0.01,0.02009456264775414,0.9491725768321513,0.004964539007092199,0.003309692671394799,0.013238770685579196,0.008747044917257684,0.00047281323877068556,False,True,False,False,False,False,False
720575940632958253,cell_class,AN,4230,400,0.25,0.01,0.05,0.02009456264775414,0.9491725768321513,0.004964539007092199,0.003309692671394799,0.013238770685579196,0.008747044917257684,0.00047281323877068556,False,False,False,False,False,False,False
720575940632958253,cell_class,AN,4230,400,0.25,0.01,0.1,0.02009456264775414,0.9491725768321513,0.004964539007092199,0.003309692671394799,0.013238770685579196,0.008747044917257684,0.00047281323877068556,False,False,False,False,False,False,False
720575940606635186,cell_class,AN,1227,400,0.25,0.14285714285714285,0.01,0.014669926650366748,0.8337408312958435,0.02526487367563162,0.0024449877750611247,0.09861450692746536,0.02526487367563162,0.0,True,True,True,True,True,False,
720575940606635186,cell_class,AN,1227,400,0.25,0.14285714285714285,0.05,0.014669926650366748,0.8337408312958435,0.02526487367563162,0.0024449877750611247,0.09861450692746536,0.02526487367563162,0.0,False,True,False,False,False,False,
720575940606635186,cell_class,AN,1227,400,0.25,0.14285714285714285,0.1,0.014669926650366748,0.8337408312958435,0.02526487367563162,0.0024449877750611247,0.09861450692746536,0.02526487367563162,0.0,False,True,False,False,False,False,
720575940606635186,cell_class,AN,1227,400,0.25,0.04,0.01,0.014669926650366748,0.8337408312958435,0.02526487367563162,0.0024449877750611247,0.09861450692746536,0.02526487367563162,0.0,False,True,True,True,False,False,
720575940606635186,cell_class,AN,1227,400,0.25,0.04,0.05,0.014669926650366748,0.8337408312958435,0.02526487367563162,0.0024449877750611247,0.09861450692746536,0.02526487367563162,0.0,False,True,False,False,False,False,
720575940606635186,cell_class,AN,1227,400,0.25,0.04,0.1,0.014669926650366748,0.8337408312958435,0.02526487367563162,0.0024449877750611247,0.09861450692746536,0.02526487367563162,0.0,False,True,False,False,False,False,
720575940606635186,cell_class,AN,1227,400,0.25,0.02,0.01,0.014669926650366748,0.8337408312958435,0.02526487367563162,0.0024449877750611247,0.09861450692746536,0.02526487367563162,0.0,False,True,True,True,False,False,
720575940606635186,cell_class,AN,1227,400,0.25,0.02,0.05,0.014669926650366748,0.8337408312958435,0.02526487367563162,0.0024449877750611247,0.09861450692746536,0.02526487367563162,0.0,False,True,False,False,False,False,
720575940606635186,cell_class,AN,1227,400,0.25,0.02,0.1,0.014669926650366748,0.8337408312958435,0.02526487367563162,0.0024449877750611247,0.09861450692746536,0.02526487367563162,0.0,False,False,False,False,False,False,
720575940606635186,cell_class,AN,1227,400,0.25,0.01,0.01,0.014669926650366748,0.8337408312958435,0.02526487367563162,0.0024449877750611247,0.09861450692746536,0.02526487367563162,0.0,False,True,False,True,False,False,
720575940606635186,cell_class,AN,1227,400,0.25,0.01,0.05,0.014669926650366748,0.8337408312958435,0.02526487367563162,0.0024449877750611247,0.09861450692746536,0.02526487367563162,0.0,False,True,False,False,False,False,
720575940606635186,cell_class,AN,1227,400,0.25,0.01,0.1,0.014669926650366748,0.8337408312958435,0.02526487367563162,0.0024449877750611247,0.09861450692746536,0.02526487367563162,0.0,False,False,False,False,False,False,
720575940615853851,cell_class,AN,1036,400,0.25,0.14285714285714285,0.01,0.016409266409266408,0.39575289575289574,0.0222007722007722,0.0009652509652509653,0.2084942084942085,0.3561776061776062,0.0,False,True,False,True,True,,
720575940615853851,cell_class,AN,1036,400,0.25,0.14285714285714285,0.05,0.016409266409266408,0.39575289575289574,0.0222007722007722,0.0009652509652509653,0.2084942084942085,0.3561776061776062,0.0,False,True,False,True,True,,
720575940615853851,cell_class,AN,1036,400,0.25,0.14285714285714285,0.1,0.016409266409266408,0.39575289575289574,0.0222007722007722,0.0009652509652509653,0.2084942084942085,0.3561776061776062,0.0,False,True,False,False,True,,
720575940615853851,cell_class,AN,1036,400,0.25,0.04,0.01,0.016409266409266408,0.39575289575289574,0.0222007722007722,0.0009652509652509653,0.2084942084942085,0.3561776061776062,0.0,False,True,False,True,True,,
720575940615853851,cell_class,AN,1036,400,0.25,0.04,0.05,0.016409266409266408,0.39575289575289574,0.0222007722007722,0.0009652509652509653,0.2084942084942085,0.3561776061776062,0.0,False,True,False,False,True,,
720575940615853851,cell_class,AN,1036,400,0.25,0.04,0.1,0.016409266409266408,0.39575289575289574,0.0222007722007722,0.0009652509652509653,0.2084942084942085,0.3561776061776062,0.0,False,False,False,False,False,,
720575940615853851,cell_class,AN,1036,400,0.25,0.02,0.01,0.016409266409266408,0.39575289575289574,0.0222007722007722,0.0009652509652509653,0.2084942084942085,0.3561776061776062,0.0,False,True,False,True,True,,
720575940615853851,cell_class,AN,1036,400,0.25,0.02,0.05,0.016409266409266408,0.39575289575289574,0.0222007722007722,0.0009652509652509653,0.2084942084942085,0.3561776061776062,0.0,False,True,False,False,False,,
720575940615853851,cell_class,AN,1036,400,0.25,0.02,0.1,0.016409266409266408,0.39575289575289574,0.0222007722007722,0.0009652509652509653,0.2084942084942085,0.3561776061776062,0.0,False,False,False,False,False,,
720575940615853851,cell_class,AN,1036,400,0.25,0.01,0.01,0.016409266409266408,0.39575289575289574,0.0222007722007722,0.0009652509652509653,0.2084942084942085,0.3561776061776062,0.0,False,True,False,True,True,,
720575940615853851,cell_class,AN,1036,400,0.25,0.01,0.05,0.016409266409266408,0.39575289575289574,0.0222007722007722,0.0009652509652509653,0.2084942084942085,0.3561776061776062,0.0,False,True,False,False,False,,
720575940615853851,cell_class,AN,1036,400,0.25,0.01,0.1,0.016409266409266408,0.39575289575289574,0.0222007722007722,0.0009652509652509653,0.2084942084942085,0.3561776061776062,0.0,False,False,False,False,False,,
720575940619048315,cell_class,AN,5172,400,0.25,0.14285714285714285,0.01,0.04060324825986079,0.9077726218097448,0.015274555297757154,0.0063805104408352666,0.022235112142304718,0.007347254447022429,0.0003866976024748647,True,True,True,True,False,False,False
720575940619048315,cell_class,AN,5172,400,0.25,0.14285714285714285,0.05,0.04060324825986079,0.9077726218097448,0.015274555297757154,0.0063805104408352666,0.022235112142304718,0.007347254447022429,0.0003866976024748647,False,True,False,False,False,False,False
720575940619048315,cell_class,AN,5172,400,0.25,0.14285714285714285,0.1,0.04060324825986079,0.9077726218097448,0.015274555297757154,0.0063805104408352666,0.022235112142304718,0.007347254447022429,0.0003866976024748647,False,True,False,False,False,False,False
720575940619048315,cell_class,AN,5172,400,0.25,0.04,0.01,0.04060324825986079,0.9077726218097448,0.015274555297757154,0.0063805104408352666,0.022235112142304718,0.007347254447022429,0.0003866976024748647,True,True,False,False,False,False,False
720575940619048315,cell_class,AN,5172,400,0.25,0.04,0.05,0.04060324825986079,0.9077726218097448,0.015274555297757154,0.0063805104408352666,0.022235112142304718,0.007347254447022429,0.0003866976024748647,False,True,False,False,False,False,False
720575940619048315,cell_class,AN,5172,400,0.25,0.04,0.1,0.04060324825986079,0.9077726218097448,0.015274555297757154,0.0063805104408352666,0.022235112142304718,0.007347254447022429,0.0003866976024748647,False,True,False,False,False,False,False
720575940619048315,cell_class,AN,5172,400,0.25,0.02,0.01,0.04060324825986079,0.9077726218097448,0.015274555297757154,0.0063805104408352666,0.022235112142304718,0.007347254447022429,0.0003866976024748647,False,True,False,False,False,False,False
720575940619048315,cell_class,AN,5172,400,0.25,0.02,0.05,0.04060324825986079,0.9077726218097448,0.015274555297757154,0.0063805104408352666,0.022235112142304718,0.007347254447022429,0.0003866976024748647,False,True,False,False,False,False,False
720575940619048315,cell_class,AN,5172,400,0.25,0.02,0.1,0.04060324825986079,0.9077726218097448,0.015274555297757154,0.0063805104408352666,0.022235112142304718,0.007347254447022429,0.0003866976024748647,False,False,False,False,False,False,False
720575940619048315,cell_class,AN,5172,400,0.25,0.01,0.01,0.04060324825986079,0.9077726218097448,0.015274555297757154,0.0063805104408352666,0.022235112142304718,0.007347254447022429,0.0003866976024748647,False,True,False,False,False,False,False
720575940619048315,cell_class,AN,5172,400,0.25,0.01,0.05,0.04060324825986079,0.9077726218097448,0.015274555297757154,0.0063805104408352666,0.022235112142304718,0.007347254447022429,0.0003866976024748647,False,False,False,False,False,False,False
720575940619048315,cell_class,AN,5172,400,0.25,0.01,0.1,0.04060324825986079,0.9077726218097448,0.015274555297757154,0.0063805104408352666,0.022235112142304718,0.007347254447022429,0.0003866976024748647,False,False,False,False,False,False,False
720575940634557594,cell_class,AN,1668,400,0.25,0.14285714285714285,0.01,0.002997601918465228,0.34292565947242204,0.13908872901678657,0.0,0.44004796163069543,0.0749400479616307,0.0,False,True,True,True,True,,
720575940634557594,cell_class,AN,1668,400,0.25,0.14285714285714285,0.05,0.002997601918465228,0.34292565947242204,0.13908872901678657,0.0,0.44004796163069543,0.0749400479616307,0.0,False,True,False,True,False,,
720575940634557594,cell_class,AN,1668,400,0.25,0.14285714285714285,0.1,0.002997601918465228,0.34292565947242204,0.13908872901678657,0.0,0.44004796163069543,0.0749400479616307,0.0,False,True,False,False,False,,
720575940634557594,cell_class,AN,1668,400,0.25,0.04,0.01,0.002997601918465228,0.34292565947242204,0.13908872901678657,0.0,0.44004796163069543,0.0749400479616307,0.0,False,True,True,True,True,,
720575940634557594,cell_class,AN,1668,400,0.25,0.04,0.05,0.002997601918465228,0.34292565947242204,0.13908872901678657,0.0,0.44004796163069543,0.0749400479616307,0.0,False,True,False,False,False,,
720575940634557594,cell_class,AN,1668,400,0.25,0.04,0.1,0.002997601918465228,0.34292565947242204,0.13908872901678657,0.0,0.44004796163069543,0.0749400479616307,0.0,False,False,False,False,False,,
720575940634557594,cell_class,AN,1668,400,0.25,0.02,0.01,0.002997601918465228,0.34292565947242204,0.13908872901678657,0.0,0.44004796163069543,0.0749400479616307,0.0,False,True,True,True,True,,
720575940634557594,cell_class,AN,1668,400,0.25,0.02,0.05,0.002997601918465228,0.34292565947242204,0.13908872901678657,0.0,0.44004796163069543,0.0749400479616307,0.0,False,False,False,False,False,,
720575940634557594,cell_class,AN,1668,400,0.25,0.02,0.1,0.002997601918465228,0.34292565947242204,0.13908872901678657,0.0,0.44004796163069543,0.0749400479616307,0.0,False,False,False,False,False,,
720575940634557594,cell_class,AN,1668,400,0.25,0.01,0.01,0.002997601918465228,0.34292565947242204,0.13908872901678657,0.0,0.44004796163069543,0.0749400479616307,0.0,False,True,True,True,True,,
720575940634557594,cell_class,AN,1668,400,0.25,0.01,0.05,0.002997601918465228,0.34292565947242204,0.13908872901678657,0.0,0.44004796163069543,0.0749400479616307,0.0,False,False,False,False,False,,
720575940634557594,cell_class,AN,1668,400,0.25,0.01,0.1,0.002997601918465228,0.34292565947242204,0.13908872901678657,0.0,0.44004796163069543,0.0749400479616307,0.0,False,False,False,False,False,,
720575940615903259,cell_class,AN,1536,400,0.25,0.14285714285714285,0.01,0.212890625,0.23893229166666666,0.48046875,0.0,0.028645833333333332,0.0390625,0.0,True,True,True,False,True,,
720575940615903259,cell_class,AN,1536,400,0.25,0.14285714285714285,0.05,0.212890625,0.23893229166666666,0.48046875,0.0,0.028645833333333332,0.0390625,0.0,True,True,True,False,False,,
720575940615903259,cell_class,AN,1536,400,0.25,0.14285714285714285,0.1,0.212890625,0.23893229166666666,0.48046875,0.0,0.028645833333333332,0.0390625,0.0,True,False,True,False,False,,
720575940615903259,cell_class,AN,1536,400,0.25,0.04,0.01,0.212890625,0.23893229166666666,0.48046875,0.0,0.028645833333333332,0.0390625,0.0,True,True,True,False,True,,
720575940615903259,cell_class,AN,1536,400,0.25,0.04,0.05,0.212890625,0.23893229166666666,0.48046875,0.0,0.028645833333333332,0.0390625,0.0,False,False,True,False,False,,
720575940615903259,cell_class,AN,1536,400,0.25,0.04,0.1,0.212890625,0.23893229166666666,0.48046875,0.0,0.028645833333333332,0.0390625,0.0,False,False,False,False,False,,
720575940615903259,cell_class,AN,1536,400,0.25,0.02,0.01,0.212890625,0.23893229166666666,0.48046875,0.0,0.028645833333333332,0.0390625,0.0,True,True,True,False,False,,
720575940615903259,cell_class,AN,1536,400,0.25,0.02,0.05,0.212890625,0.23893229166666666,0.48046875,0.0,0.028645833333333332,0.0390625,0.0,False,False,False,False,False,,
720575940615903259,cell_class,AN,1536,400,0.25,0.02,0.1,0.212890625,0.23893229166666666,0.48046875,0.0,0.028645833333333332,0.0390625,0.0,False,False,False,False,False,,
720575940615903259,cell_class,AN,1536,400,0.25,0.01,0.01,0.212890625,0.23893229166666666,0.48046875,0.0,0.028645833333333332,0.0390625,0.0,True,True,True,False,False,,
720575940615903259,cell_class,AN,1536,400,0.25,0.01,0.05,0.212890625,0.23893229166666666,0.48046875,0.0,0.028645833333333332,0.0390625,0.0,False,False,False,False,False,,
720575940615903259,cell_class,AN,1536,400,0.25,0.01,0.1,0.212890625,0.23893229166666666,0.48046875,0.0,0.028645833333333332,0.0390625,0.0,False,False,False,False,False,,
720575940629850105,cell_class,AN,10568,400,0.25,0.14285714285714285,0.01,0.010314155942467828,0.9638531415594247,0.007096896290688872,0.005299015897047691,0.009651778955336867,0.003785011355034065,0.0,False,True,False,False,False,False,
720575940629850105,cell_class,AN,10568,400,0.25,0.14285714285714285,0.05,0.010314155942467828,0.9638531415594247,0.007096896290688872,0.005299015897047691,0.009651778955336867,0.003785011355034065,0.0,False,True,False,False,False,False,
720575940629850105,cell_class,AN,10568,400,0.25,0.14285714285714285,0.1,0.010314155942467828,0.9638531415594247,0.007096896290688872,0.005299015897047691,0.009651778955336867,0.003785011355034065,0.0,False,True,False,False,False,False,
720575940629850105,cell_class,AN,10568,400,0.25,0.04,0.01,0.010314155942467828,0.9638531415594247,0.007096896290688872,0.005299015897047691,0.009651778955336867,0.003785011355034065,0.0,False,True,False,False,False,False,
720575940629850105,cell_class,AN,10568,400,0.25,0.04,0.05,0.010314155942467828,0.9638531415594247,0.007096896290688872,0.005299015897047691,0.009651778955336867,0.003785011355034065,0.0,False,True,False,False,False,False,
720575940629850105,cell_class,AN,10568,400,0.25,0.04,0.1,0.010314155942467828,0.9638531415594247,0.007096896290688872,0.005299015897047691,0.009651778955336867,0.003785011355034065,0.0,False,True,False,False,False,False,
720575940629850105,cell_class,AN,10568,400,0.25,0.02,0.01,0.010314155942467828,0.9638531415594247,0.007096896290688872,0.005299015897047691,0.009651778955336867,0.003785011355034065,0.0,False,True,False,False,False,False,
720575940629850105,cell_class,AN,10568,400,0.25,0.02,0.05,0.010314155942467828,0.9638531415594247,0.007096896290688872,0.005299015897047691,0.009651778955336867,0.003785011355034065,0.0,False,True,False,False,False,False,
720575940629850105,cell_class,AN,10568,400,0.25,0.02,0.1,0.010314155942467828,0.9638531415594247,0.007096896290688872,0.005299015897047691,0.009651778955336867,0.003785011355034065,0.0,False,True,False,False,False,False,
720575940629850105,cell_class,AN,10568,400,0.25,0.01,0.01,0.010314155942467828,0.9638531415594247,0.007096896290688872,0.005299015897047691,0.009651778955336867,0.003785011355034065,0.0,False,True,False,False,False,False,
720575940629850105,cell_class,AN,10568,400,0.25,0.01,0.05,0.010314155942467828,0.9638531415594247,0.007096896290688872,0.005299015897047691,0.009651778955336867,0.003785011355034065,0.0,False,False,False,False,False,False,
720575940629850105,cell_class,AN,10568,400,0.25,0.01,0.1,0.010314155942467828,0.9638531415594247,0.007096896290688872,0.005299015897047691,0.009651778955336867,0.003785011355034065,0.0,False,False,False,False,False,False,
720575940615929373,cell_class,AN,1368,400,0.25,0.14285714285714285,0.01,0.1513157894736842,0.39035087719298245,0.42105263157894735,0.0,0.014619883040935672,0.02266081871345029,0.0,True,True,True,False,True,,
720575940615929373,cell_class,AN,1368,400,0.25,0.14285714285714285,0.05,0.1513157894736842,0.39035087719298245,0.42105263157894735,0.0,0.014619883040935672,0.02266081871345029,0.0,True,True,True,False,False,,
720575940615929373,cell_class,AN,1368,400,0.25,0.14285714285714285,0.1,0.1513157894736842,0.39035087719298245,0.42105263157894735,0.0,0.014619883040935672,0.02266081871345029,0.0,False,True,True,False,False,,
720575940615929373,cell_class,AN,1368,400,0.25,0.04,0.01,0.1513157894736842,0.39035087719298245,0.42105263157894735,0.0,0.014619883040935672,0.02266081871345029,0.0,True,True,True,False,False,,
720575940615929373,cell_class,AN,1368,400,0.25,0.04,0.05,0.1513157894736842,0.39035087719298245,0.42105263157894735,0.0,0.014619883040935672,0.02266081871345029,0.0,False,True,True,False,False,,
720575940615929373,cell_class,AN,1368,400,0.25,0.04,0.1,0.1513157894736842,0.39035087719298245,0.42105263157894735,0.0,0.014619883040935672,0.02266081871345029,0.0,False,False,False,False,False,,
720575940615929373,cell_class,AN,1368,400,0.25,0.02,0.01,0.1513157894736842,0.39035087719298245,0.42105263157894735,0.0,0.014619883040935672,0.02266081871345029,0.0,True,True,True,False,False,,
720575940615929373,cell_class,AN,1368,400,0.25,0.02,0.05,0.1513157894736842,0.39035087719298245,0.42105263157894735,0.0,0.014619883040935672,0.02266081871345029,0.0,False,True,True,False,False,,
720575940615929373,cell_class,AN,1368,400,0.25,0.02,0.1,0.1513157894736842,0.39035087719298245,0.42105263157894735,0.0,0.014619883040935672,0.02266081871345029,0.0,False,False,False,False,False,,
720575940615929373,cell_class,AN,1368,400,0.25,0.01,0.01,0.1513157894736842,0.39035087719298245,0.42105263157894735,0.0,0.014619883040935672,0.02266081871345029,0.0,True,True,True,False,False,,
720575940615929373,cell_class,AN,1368,400,0.25,0.01,0.05,0.1513157894736842,0.39035087719298245,0.42105263157894735,0.0,0.014619883040935672,0.02266081871345029,0.0,False,False,False,False,False,,
720575940615929373,cell_class,AN,1368,400,0.25,0.01,0.1,0.1513157894736842,0.39035087719298245,0.42105263157894735,0.0,0.014619883040935672,0.02266081871345029,0.0,False,False,False,False,False,,
720575940630513060,cell_class,AN,1016,400,0.25,0.14285714285714285,0.01,0.018700787401574805,0.9360236220472441,0.003937007874015748,0.001968503937007874,0.03641732283464567,0.001968503937007874,0.000984251968503937,True,True,False,True,False,False,
720575940630513060,cell_class,AN,1016,400,0.25,0.14285714285714285,0.05,0.018700787401574805,0.9360236220472441,0.003937007874015748,0.001968503937007874,0.03641732283464567,0.001968503937007874,0.000984251968503937,False,True,False,False,False,False,
720575940630513060,cell_class,AN,1016,400,0.25,0.14285714285714285,0.1,0.018700787401574805,0.9360236220472441,0.003937007874015748,0.001968503937007874,0.03641732283464567,0.001968503937007874,0.000984251968503937,False,True,False,False,False,False,
720575940630513060,cell_class,AN,1016,400,0.25,0.04,0.01,0.018700787401574805,0.9360236220472441,0.003937007874015748,0.001968503937007874,0.03641732283464567,0.001968503937007874,0.000984251968503937,False,True,False,False,False,False,
720575940630513060,cell_class,AN,1016,400,0.25,0.04,0.05,0.018700787401574805,0.9360236220472441,0.003937007874015748,0.001968503937007874,0.03641732283464567,0.001968503937007874,0.000984251968503937,False,True,False,False,False,False,
720575940630513060,cell_class,AN,1016,400,0.25,0.04,0.1,0.018700787401574805,0.9360236220472441,0.003937007874015748,0.001968503937007874,0.03641732283464567,0.001968503937007874,0.000984251968503937,False,True,False,False,False,False,
720575940630513060,cell_class,AN,1016,400,0.25,0.02,0.01,0.018700787401574805,0.9360236220472441,0.003937007874015748,0.001968503937007874,0.03641732283464567,0.001968503937007874,0.000984251968503937,False,True,False,False,False,False,
720575940630513060,cell_class,AN,1016,400,0.25,0.02,0.05,0.018700787401574805,0.9360236220472441,0.003937007874015748,0.001968503937007874,0.03641732283464567,0.001968503937007874,0.000984251968503937,False,True,False,False,False,False,
720575940630513060,cell_class,AN,1016,400,0.25,0.02,0.1,0.018700787401574805,0.9360236220472441,0.003937007874015748,0.001968503937007874,0.03641732283464567,0.001968503937007874,0.000984251968503937,False,False,False,False,False,False,
720575940630513060,cell_class,AN,1016,400,0.25,0.01,0.01,0.018700787401574805,0.9360236220472441,0.003937007874015748,0.001968503937007874,0.03641732283464567,0.001968503937007874,0.000984251968503937,False,True,False,False,False,False,
720575940630513060,cell_class,AN,1016,400,0.25,0.01,0.05,0.018700787401574805,0.9360236220472441,0.003937007874015748,0.001968503937007874,0.03641732283464567,0.001968503937007874,0.000984251968503937,False,True,False,False,False,False,
720575940630513060,cell_class,AN,1016,400,0.25,0.01,0.1,0.018700787401574805,0.9360236220472441,0.003937007874015748,0.001968503937007874,0.03641732283464567,0.001968503937007874,0.000984251968503937,False,False,False,False,False,False,
720575940618586862,cell_class,AN,995,400,0.25,0.14285714285714285,0.01,0.006030150753768844,0.4834170854271357,0.023115577889447236,0.010050251256281407,0.26532663316582916,0.21206030150753769,0.0,False,True,True,True,True,False,
720575940618586862,cell_class,AN,995,400,0.25,0.14285714285714285,0.05,0.006030150753768844,0.4834170854271357,0.023115577889447236,0.010050251256281407,0.26532663316582916,0.21206030150753769,0.0,False,True,False,True,True,False,
720575940618586862,cell_class,AN,995,400,0.25,0.14285714285714285,0.1,0.006030150753768844,0.4834170854271357,0.023115577889447236,0.010050251256281407,0.26532663316582916,0.21206030150753769,0.0,False,True,False,True,True,False,
720575940618586862,cell_class,AN,995,400,0.25,0.04,0.01,0.006030150753768844,0.4834170854271357,0.023115577889447236,0.010050251256281407,0.26532663316582916,0.21206030150753769,0.0,False,True,True,True,True,False,
720575940618586862,cell_class,AN,995,400,0.25,0.04,0.05,0.006030150753768844,0.4834170854271357,0.023115577889447236,0.010050251256281407,0.26532663316582916,0.21206030150753769,0.0,False,True,False,False,False,False,
720575940618586862,cell_class,AN,995,400,0.25,0.04,0.1,0.006030150753768844,0.4834170854271357,0.023115577889447236,0.010050251256281407,0.26532663316582916,0.21206030150753769,0.0,False,False,False,False,False,False,
720575940618586862,cell_class,AN,995,400,0.25,0.02,0.01,0.006030150753768844,0.4834170854271357,0.023115577889447236,0.010050251256281407,0.26532663316582916,0.21206030150753769,0.0,False,True,True,True,True,False,
720575940618586862,cell_class,AN,995,400,0.25,0.02,0.05,0.006030150753768844,0.4834170854271357,0.023115577889447236,0.010050251256281407,0.26532663316582916,0.21206030150753769,0.0,False,True,False,False,False,False,
720575940618586862,cell_class,AN,995,400,0.25,0.02,0.1,0.006030150753768844,0.4834170854271357,0.023115577889447236,0.010050251256281407,0.26532663316582916,0.21206030150753769,0.0,False,False,False,False,False,False,
720575940618586862,cell_class,AN,995,400,0.25,0.01,0.01,0.006030150753768844,0.4834170854271357,0.023115577889447236,0.010050251256281407,0.26532663316582916,0.21206030150753769,0.0,False,True,True,True,True,False,
720575940618586862,cell_class,AN,995,400,0.25,0.01,0.05,0.006030150753768844,0.4834170854271357,0.023115577889447236,0.010050251256281407,0.26532663316582916,0.21206030150753769,0.0,False,False,False,False,False,False,
720575940618586862,cell_class,AN,995,400,0.25,0.01,0.1,0.006030150753768844,0.4834170854271357,0.023115577889447236,0.010050251256281407,0.26532663316582916,0.21206030150753769,0.0,False,False,False,False,False,False,
720575940612195495,cell_class,AN,2430,400,0.25,0.14285714285714285,0.01,0.01810699588477366,0.8160493827160494,0.09300411522633745,0.00041152263374485596,0.050617283950617285,0.021810699588477367,0.0,True,True,True,True,True,,
720575940612195495,cell_class,AN,2430,400,0.25,0.14285714285714285,0.05,0.01810699588477366,0.8160493827160494,0.09300411522633745,0.00041152263374485596,0.050617283950617285,0.021810699588477367,0.0,False,True,True,False,False,,
720575940612195495,cell_class,AN,2430,400,0.25,0.14285714285714285,0.1,0.01810699588477366,0.8160493827160494,0.09300411522633745,0.00041152263374485596,0.050617283950617285,0.021810699588477367,0.0,False,True,False,False,False,,
720575940612195495,cell_class,AN,2430,400,0.25,0.04,0.01,0.01810699588477366,0.8160493827160494,0.09300411522633745,0.00041152263374485596,0.050617283950617285,0.021810699588477367,0.0,False,True,True,False,False,,
720575940612195495,cell_class,AN,2430,400,0.25,0.04,0.05,0.01810699588477366,0.8160493827160494,0.09300411522633745,0.00041152263374485596,0.050617283950617285,0.021810699588477367,0.0,False,True,False,False,False,,
720575940612195495,cell_class,AN,2430,400,0.25,0.04,0.1,0.01810699588477366,0.8160493827160494,0.09300411522633745,0.00041152263374485596,0.050617283950617285,0.021810699588477367,0.0,False,False,False,False,False,,
720575940612195495,cell_class,AN,2430,400,0.25,0.02,0.01,0.01810699588477366,0.8160493827160494,0.09300411522633745,0.00041152263374485596,0.050617283950617285,0.021810699588477367,0.0,False,True,True,False,False,,
720575940612195495,cell_class,AN,2430,400,0.25,0.02,0.05,0.01810699588477366,0.8160493827160494,0.09300411522633745,0.00041152263374485596,0.050617283950617285,0.021810699588477367,0.0,False,False,False,False,False,,
720575940612195495,cell_class,AN,2430,400,0.25,0.02,0.1,0.01810699588477366,0.8160493827160494,0.09300411522633745,0.00041152263374485596,0.050617283950617285,0.021810699588477367,0.0,False,False,False,False,False,,
720575940612195495,cell_class,AN,2430,400,0.25,0.01,0.01,0.01810699588477366,0.8160493827160494,0.09300411522633745,0.00041152263374485596,0.050617283950617285,0.021810699588477367,0.0,False,True,True,False,False,,
720575940612195495,cell_class,AN,2430,400,0.25,0.01,0.05,0.01810699588477366,0.8160493827160494,0.09300411522633745,0.00041152263374485596,0.050617283950617285,0.021810699588477367,0.0,False,False,False,False,False,,
720575940612195495,cell_class,AN,2430,400,0.25,0.01,0.1,0.01810699588477366,0.8160493827160494,0.09300411522633745,0.00041152263374485596,0.050617283950617285,0.021810699588477367,0.0,False,False,False,False,False,,
720575940631372088,cell_class,AN,11402,400,0.25,0.14285714285714285,0.01,0.014646553236274338,0.9614102788984389,0.006226977723206455,0.0035958603753727418,0.01096298894930714,0.003069636905805999,8.770391159445712e-05,False,True,False,False,False,False,
720575940631372088,cell_class,AN,11402,400,0.25,0.14285714285714285,0.05,0.014646553236274338,0.9614102788984389,0.006226977723206455,0.0035958603753727418,0.01096298894930714,0.003069636905805999,8.770391159445712e-05,False,True,False,False,False,False,
720575940631372088,cell_class,AN,11402,400,0.25,0.14285714285714285,0.1,0.014646553236274338,0.9614102788984389,0.006226977723206455,0.0035958603753727418,0.01096298894930714,0.003069636905805999,8.770391159445712e-05,False,True,False,False,False,False,
720575940631372088,cell_class,AN,11402,400,0.25,0.04,0.01,0.014646553236274338,0.9614102788984389,0.006226977723206455,0.0035958603753727418,0.01096298894930714,0.003069636905805999,8.770391159445712e-05,False,True,False,False,False,False,
720575940631372088,cell_class,AN,11402,400,0.25,0.04,0.05,0.014646553236274338,0.9614102788984389,0.006226977723206455,0.0035958603753727418,0.01096298894930714,0.003069636905805999,8.770391159445712e-05,False,True,False,False,False,False,
720575940631372088,cell_class,AN,11402,400,0.25,0.04,0.1,0.014646553236274338,0.9614102788984389,0.006226977723206455,0.0035958603753727418,0.01096298894930714,0.003069636905805999,8.770391159445712e-05,False,True,False,False,False,False,
720575940631372088,cell_class,AN,11402,400,0.25,0.02,0.01,0.014646553236274338,0.9614102788984389,0.006226977723206455,0.0035958603753727418,0.01096298894930714,0.003069636905805999,8.770391159445712e-05,False,True,False,False,False,False,
720575940631372088,cell_class,AN,11402,400,0.25,0.02,0.05,0.014646553236274338,0.9614102788984389,0.006226977723206455,0.0035958603753727418,0.01096298894930714,0.003069636905805999,8.770391159445712e-05,False,True,False,False,False,False,
720575940631372088,cell_class,AN,11402,400,0.25,0.02,0.1,0.014646553236274338,0.9614102788984389,0.006226977723206455,0.0035958603753727418,0.01096298894930714,0.003069636905805999,8.770391159445712e-05,False,False,False,False,False,False,
720575940631372088,cell_class,AN,11402,400,0.25,0.01,0.01,0.014646553236274338,0.9614102788984389,0.006226977723206455,0.0035958603753727418,0.01096298894930714,0.003069636905805999,8.770391159445712e-05,False,True,False,False,False,False,
720575940631372088,cell_class,AN,11402,400,0.25,0.01,0.05,0.014646553236274338,0.9614102788984389,0.006226977723206455,0.0035958603753727418,0.01096298894930714,0.003069636905805999,8.770391159445712e-05,False,False,False,False,False,False,
720575940631372088,cell_class,AN,11402,400,0.25,0.01,0.1,0.014646553236274338,0.9614102788984389,0.006226977723206455,0.0035958603753727418,0.01096298894930714,0.003069636905805999,8.770391159445712e-05,False,False,False,False,False,False,
720575940616169787,cell_class,AN,976,400,0.25,0.14285714285714285,0.01,0.05327868852459016,0.8237704918032787,0.06352459016393443,0.005122950819672131,0.025614754098360656,0.028688524590163935,0.0,True,True,True,False,True,False,
720575940616169787,cell_class,AN,976,400,0.25,0.14285714285714285,0.05,0.05327868852459016,0.8237704918032787,0.06352459016393443,0.005122950819672131,0.025614754098360656,0.028688524590163935,0.0,False,True,True,False,False,False,
720575940616169787,cell_class,AN,976,400,0.25,0.14285714285714285,0.1,0.05327868852459016,0.8237704918032787,0.06352459016393443,0.005122950819672131,0.025614754098360656,0.028688524590163935,0.0,False,True,False,False,False,False,
720575940616169787,cell_class,AN,976,400,0.25,0.04,0.01,0.05327868852459016,0.8237704918032787,0.06352459016393443,0.005122950819672131,0.025614754098360656,0.028688524590163935,0.0,True,True,True,False,False,False,
720575940616169787,cell_class,AN,976,400,0.25,0.04,0.05,0.05327868852459016,0.8237704918032787,0.06352459016393443,0.005122950819672131,0.025614754098360656,0.028688524590163935,0.0,False,True,False,False,False,False,
720575940616169787,cell_class,AN,976,400,0.25,0.04,0.1,0.05327868852459016,0.8237704918032787,0.06352459016393443,0.005122950819672131,0.025614754098360656,0.028688524590163935,0.0,False,True,False,False,False,False,
720575940616169787,cell_class,AN,976,400,0.25,0.02,0.01,0.05327868852459016,0.8237704918032787,0.06352459016393443,0.005122950819672131,0.025614754098360656,0.028688524590163935,0.0,True,True,True,False,False,False,
720575940616169787,cell_class,AN,976,400,0.25,0.02,0.05,0.05327868852459016,0.8237704918032787,0.06352459016393443,0.005122950819672131,0.025614754098360656,0.028688524590163935,0.0,False,True,False,False,False,False,
720575940616169787,cell_class,AN,976,400,0.25,0.02,0.1,0.05327868852459016,0.8237704918032787,0.06352459016393443,0.005122950819672131,0.025614754098360656,0.028688524590163935,0.0,False,False,False,False,False,False,
720575940616169787,cell_class,AN,976,400,0.25,0.01,0.01,0.05327868852459016,0.8237704918032787,0.06352459016393443,0.005122950819672131,0.025614754098360656,0.028688524590163935,0.0,True,True,True,False,False,False,
720575940616169787,cell_class,AN,976,400,0.25,0.01,0.05,0.05327868852459016,0.8237704918032787,0.06352459016393443,0.005122950819672131,0.025614754098360656,0.028688524590163935,0.0,False,True,False,False,False,False,
720575940616169787,cell_class,AN,976,400,0.25,0.01,0.1,0.05327868852459016,0.8237704918032787,0.06352459016393443,0.005122950819672131,0.025614754098360656,0.028688524590163935,0.0,False,False,False,False,False,False,
720575940627377285,cell_class,AN,2740,400,0.25,0.14285714285714285,0.01,0.017153284671532848,0.7737226277372263,0.06751824817518248,0.006934306569343066,0.12372262773722628,0.00948905109489051,0.00145985401459854,False,True,True,True,False,False,False
720575940627377285,cell_class,AN,2740,400,0.25,0.14285714285714285,0.05,0.017153284671532848,0.7737226277372263,0.06751824817518248,0.006934306569343066,0.12372262773722628,0.00948905109489051,0.00145985401459854,False,True,False,False,False,False,False
720575940627377285,cell_class,AN,2740,400,0.25,0.14285714285714285,0.1,0.017153284671532848,0.7737226277372263,0.06751824817518248,0.006934306569343066,0.12372262773722628,0.00948905109489051,0.00145985401459854,False,True,False,False,False,False,False
720575940627377285,cell_class,AN,2740,400,0.25,0.04,0.01,0.017153284671532848,0.7737226277372263,0.06751824817518248,0.006934306569343066,0.12372262773722628,0.00948905109489051,0.00145985401459854,False,True,False,True,False,False,False
720575940627377285,cell_class,AN,2740,400,0.25,0.04,0.05,0.017153284671532848,0.7737226277372263,0.06751824817518248,0.006934306569343066,0.12372262773722628,0.00948905109489051,0.00145985401459854,False,True,False,False,False,False,False
720575940627377285,cell_class,AN,2740,400,0.25,0.04,0.1,0.017153284671532848,0.7737226277372263,0.06751824817518248,0.006934306569343066,0.12372262773722628,0.00948905109489051,0.00145985401459854,False,False,False,False,False,False,False
720575940627377285,cell_class,AN,2740,400,0.25,0.02,0.01,0.017153284671532848,0.7737226277372263,0.06751824817518248,0.006934306569343066,0.12372262773722628,0.00948905109489051,0.00145985401459854,False,True,False,False,False,False,False
720575940627377285,cell_class,AN,2740,400,0.25,0.02,0.05,0.017153284671532848,0.7737226277372263,0.06751824817518248,0.006934306569343066,0.12372262773722628,0.00948905109489051,0.00145985401459854,False,True,False,False,False,False,False
720575940627377285,cell_class,AN,2740,400,0.25,0.02,0.1,0.017153284671532848,0.7737226277372263,0.06751824817518248,0.006934306569343066,0.12372262773722628,0.00948905109489051,0.00145985401459854,False,False,False,False,False,False,False
720575940627377285,cell_class,AN,2740,400,0.25,0.01,0.01,0.017153284671532848,0.7737226277372263,0.06751824817518248,0.006934306569343066,0.12372262773722628,0.00948905109489051,0.00145985401459854,False,True,False,False,False,False,False
720575940627377285,cell_class,AN,2740,400,0.25,0.01,0.05,0.017153284671532848,0.7737226277372263,0.06751824817518248,0.006934306569343066,0.12372262773722628,0.00948905109489051,0.00145985401459854,False,False,False,False,False,False,False
720575940627377285,cell_class,AN,2740,400,0.25,0.01,0.1,0.017153284671532848,0.7737226277372263,0.06751824817518248,0.006934306569343066,0.12372262773722628,0.00948905109489051,0.00145985401459854,False,False,False,False,False,False,False
720575940620079440,cell_class,AN,8760,400,0.25,0.14285714285714285,0.01,0.008675799086757991,0.9253424657534246,0.002397260273972603,0.0015981735159817352,0.0478310502283105,0.013926940639269407,0.00022831050228310502,False,True,False,True,False,False,False
720575940620079440,cell_class,AN,8760,400,0.25,0.14285714285714285,0.05,0.008675799086757991,0.9253424657534246,0.002397260273972603,0.0015981735159817352,0.0478310502283105,0.013926940639269407,0.00022831050228310502,False,True,False,False,False,False,False
720575940620079440,cell_class,AN,8760,400,0.25,0.14285714285714285,0.1,0.008675799086757991,0.9253424657534246,0.002397260273972603,0.0015981735159817352,0.0478310502283105,0.013926940639269407,0.00022831050228310502,False,True,False,False,False,False,False
720575940620079440,cell_class,AN,8760,400,0.25,0.04,0.01,0.008675799086757991,0.9253424657534246,0.002397260273972603,0.0015981735159817352,0.0478310502283105,0.013926940639269407,0.00022831050228310502,False,True,False,False,False,False,False
720575940620079440,cell_class,AN,8760,400,0.25,0.04,0.05,0.008675799086757991,0.9253424657534246,0.002397260273972603,0.0015981735159817352,0.0478310502283105,0.013926940639269407,0.00022831050228310502,False,True,False,False,False,False,False
720575940620079440,cell_class,AN,8760,400,0.25,0.04,0.1,0.008675799086757991,0.9253424657534246,0.002397260273972603,0.0015981735159817352,0.0478310502283105,0.013926940639269407,0.00022831050228310502,False,False,False,False,False,False,False
720575940620079440,cell_class,AN,8760,400,0.25,0.02,0.01,0.008675799086757991,0.9253424657534246,0.002397260273972603,0.0015981735159817352,0.0478310502283105,0.013926940639269407,0.00022831050228310502,False,True,False,False,False,False,False
720575940620079440,cell_class,AN,8760,400,0.25,0.02,0.05,0.008675799086757991,0.9253424657534246,0.002397260273972603,0.0015981735159817352,0.0478310502283105,0.013926940639269407,0.00022831050228310502,False,True,False,False,False,False,False
720575940620079440,cell_class,AN,8760,400,0.25,0.02,0.1,0.008675799086757991,0.9253424657534246,0.002397260273972603,0.0015981735159817352,0.0478310502283105,0.013926940639269407,0.00022831050228310502,False,False,False,False,False,False,False
720575940620079440,cell_class,AN,8760,400,0.25,0.01,0.01,0.008675799086757991,0.9253424657534246,0.002397260273972603,0.0015981735159817352,0.0478310502283105,0.013926940639269407,0.00022831050228310502,False,True,False,False,False,False,False
720575940620079440,cell_class,AN,8760,400,0.25,0.01,0.05,0.008675799086757991,0.9253424657534246,0.002397260273972603,0.0015981735159817352,0.0478310502283105,0.013926940639269407,0.00022831050228310502,False,False,False,False,False,False,False
720575940620079440,cell_class,AN,8760,400,0.25,0.01,0.1,0.008675799086757991,0.9253424657534246,0.002397260273972603,0.0015981735159817352,0.0478310502283105,0.013926940639269407,0.00022831050228310502,False,False,False,False,False,False,False
720575940654222241,cell_class,AN,5960,400,0.25,0.14285714285714285,0.01,0.01174496644295302,0.8865771812080537,0.03607382550335571,0.007885906040268457,0.050838926174496646,0.0063758389261744965,0.0005033557046979866,False,True,True,True,False,False,False
720575940654222241,cell_class,AN,5960,400,0.25,0.14285714285714285,0.05,0.01174496644295302,0.8865771812080537,0.03607382550335571,0.007885906040268457,0.050838926174496646,0.0063758389261744965,0.0005033557046979866,False,True,False,False,False,False,False
720575940654222241,cell_class,AN,5960,400,0.25,0.14285714285714285,0.1,0.01174496644295302,0.8865771812080537,0.03607382550335571,0.007885906040268457,0.050838926174496646,0.0063758389261744965,0.0005033557046979866,False,True,False,False,False,False,False
720575940654222241,cell_class,AN,5960,400,0.25,0.04,0.01,0.01174496644295302,0.8865771812080537,0.03607382550335571,0.007885906040268457,0.050838926174496646,0.0063758389261744965,0.0005033557046979866,False,True,False,False,False,False,False
720575940654222241,cell_class,AN,5960,400,0.25,0.04,0.05,0.01174496644295302,0.8865771812080537,0.03607382550335571,0.007885906040268457,0.050838926174496646,0.0063758389261744965,0.0005033557046979866,False,True,False,False,False,False,False
720575940654222241,cell_class,AN,5960,400,0.25,0.04,0.1,0.01174496644295302,0.8865771812080537,0.03607382550335571,0.007885906040268457,0.050838926174496646,0.0063758389261744965,0.0005033557046979866,False,True,False,False,False,False,False
720575940654222241,cell_class,AN,5960,400,0.25,0.02,0.01,0.01174496644295302,0.8865771812080537,0.03607382550335571,0.007885906040268457,0.050838926174496646,0.0063758389261744965,0.0005033557046979866,False,True,False,False,False,False,False
720575940654222241,cell_class,AN,5960,400,0.25,0.02,0.05,0.01174496644295302,0.8865771812080537,0.03607382550335571,0.007885906040268457,0.050838926174496646,0.0063758389261744965,0.0005033557046979866,False,False,False,False,False,False,False
720575940654222241,cell_class,AN,5960,400,0.25,0.02,0.1,0.01174496644295302,0.8865771812080537,0.03607382550335571,0.007885906040268457,0.050838926174496646,0.0063758389261744965,0.0005033557046979866,False,False,False,False,False,False,False
720575940654222241,cell_class,AN,5960,400,0.25,0.01,0.01,0.01174496644295302,0.8865771812080537,0.03607382550335571,0.007885906040268457,0.050838926174496646,0.0063758389261744965,0.0005033557046979866,False,True,False,False,False,False,False
720575940654222241,cell_class,AN,5960,400,0.25,0.01,0.05,0.01174496644295302,0.8865771812080537,0.03607382550335571,0.007885906040268457,0.050838926174496646,0.0063758389261744965,0.0005033557046979866,False,False,False,False,False,False,False
720575940654222241,cell_class,AN,5960,400,0.25,0.01,0.1,0.01174496644295302,0.8865771812080537,0.03607382550335571,0.007885906040268457,0.050838926174496646,0.0063758389261744965,0.0005033557046979866,False,False,False,False,False,False,False
720575940608969938,cell_class,AN,905,400,0.25,0.14285714285714285,0.01,0.4088397790055249,0.44972375690607735,0.08287292817679558,0.0011049723756906078,0.039779005524861875,0.016574585635359115,0.0011049723756906078,True,True,True,True,True,,
720575940608969938,cell_class,AN,905,400,0.25,0.14285714285714285,0.05,0.4088397790055249,0.44972375690607735,0.08287292817679558,0.0011049723756906078,0.039779005524861875,0.016574585635359115,0.0011049723756906078,True,True,False,False,False,,
720575940608969938,cell_class,AN,905,400,0.25,0.14285714285714285,0.1,0.4088397790055249,0.44972375690607735,0.08287292817679558,0.0011049723756906078,0.039779005524861875,0.016574585635359115,0.0011049723756906078,True,True,False,False,False,,
720575940608969938,cell_class,AN,905,400,0.25,0.04,0.01,0.4088397790055249,0.44972375690607735,0.08287292817679558,0.0011049723756906078,0.039779005524861875,0.016574585635359115,0.0011049723756906078,True,True,True,True,False,,
720575940608969938,cell_class,AN,905,400,0.25,0.04,0.05,0.4088397790055249,0.44972375690607735,0.08287292817679558,0.0011049723756906078,0.039779005524861875,0.016574585635359115,0.0011049723756906078,True,True,False,False,False,,
720575940608969938,cell_class,AN,905,400,0.25,0.04,0.1,0.4088397790055249,0.44972375690607735,0.08287292817679558,0.0011049723756906078,0.039779005524861875,0.016574585635359115,0.0011049723756906078,False,False,False,False,False,,
720575940608969938,cell_class,AN,905,400,0.25,0.02,0.01,0.4088397790055249,0.44972375690607735,0.08287292817679558,0.0011049723756906078,0.039779005524861875,0.016574585635359115,0.0011049723756906078,True,True,False,False,False,,
720575940608969938,cell_class,AN,905,400,0.25,0.02,0.05,0.4088397790055249,0.44972375690607735,0.08287292817679558,0.0011049723756906078,0.039779005524861875,0.016574585635359115,0.0011049723756906078,False,False,False,False,False,,
720575940608969938,cell_class,AN,905,400,0.25,0.02,0.1,0.4088397790055249,0.44972375690607735,0.08287292817679558,0.0011049723756906078,0.039779005524861875,0.016574585635359115,0.0011049723756906078,False,False,False,False,False,,
720575940608969938,cell_class,AN,905,400,0.25,0.01,0.01,0.4088397790055249,0.44972375690607735,0.08287292817679558,0.0011049723756906078,0.039779005524861875,0.016574585635359115,0.0011049723756906078,True,True,False,False,False,,
720575940608969938,cell_class,AN,905,400,0.25,0.01,0.05,0.4088397790055249,0.44972375690607735,0.08287292817679558,0.0011049723756906078,0.039779005524861875,0.016574585635359115,0.0011049723756906078,False,False,False,False,False,,
720575940608969938,cell_class,AN,905,400,0.25,0.01,0.1,0.4088397790055249,0.44972375690607735,0.08287292817679558,0.0011049723756906078,0.039779005524861875,0.016574585635359115,0.0011049723756906078,False,False,False,False,False,,
720575940621970445,cell_class,AN,7730,400,0.25,0.14285714285714285,0.01,0.015912031047865458,0.9284605433376455,0.032988357050452784,0.004527813712807244,0.005692108667529107,0.01241914618369987,0.0,True,True,True,False,False,False,
720575940621970445,cell_class,AN,7730,400,0.25,0.14285714285714285,0.05,0.015912031047865458,0.9284605433376455,0.032988357050452784,0.004527813712807244,0.005692108667529107,0.01241914618369987,0.0,False,True,False,False,False,False,
720575940621970445,cell_class,AN,7730,400,0.25,0.14285714285714285,0.1,0.015912031047865458,0.9284605433376455,0.032988357050452784,0.004527813712807244,0.005692108667529107,0.01241914618369987,0.0,False,True,False,False,False,False,
720575940621970445,cell_class,AN,7730,400,0.25,0.04,0.01,0.015912031047865458,0.9284605433376455,0.032988357050452784,0.004527813712807244,0.005692108667529107,0.01241914618369987,0.0,False,True,False,False,False,False,
720575940621970445,cell_class,AN,7730,400,0.25,0.04,0.05,0.015912031047865458,0.9284605433376455,0.032988357050452784,0.004527813712807244,0.005692108667529107,0.01241914618369987,0.0,False,True,False,False,False,False,
720575940621970445,cell_class,AN,7730,400,0.25,0.04,0.1,0.015912031047865458,0.9284605433376455,0.032988357050452784,0.004527813712807244,0.005692108667529107,0.01241914618369987,0.0,False,True,False,False,False,False,
720575940621970445,cell_class,AN,7730,400,0.25,0.02,0.01,0.015912031047865458,0.9284605433376455,0.032988357050452784,0.004527813712807244,0.005692108667529107,0.01241914618369987,0.0,False,True,False,False,False,False,
720575940621970445,cell_class,AN,7730,400,0.25,0.02,0.05,0.015912031047865458,0.9284605433376455,0.032988357050452784,0.004527813712807244,0.005692108667529107,0.01241914618369987,0.0,False,True,False,False,False,False,
720575940621970445,cell_class,AN,7730,400,0.25,0.02,0.1,0.015912031047865458,0.9284605433376455,0.032988357050452784,0.004527813712807244,0.005692108667529107,0.01241914618369987,0.0,False,True,False,False,False,False,
720575940621970445,cell_class,AN,7730,400,0.25,0.01,0.01,0.015912031047865458,0.9284605433376455,0.032988357050452784,0.004527813712807244,0.005692108667529107,0.01241914618369987,0.0,False,True,False,False,False,False,
720575940621970445,cell_class,AN,7730,400,0.25,0.01,0.05,0.015912031047865458,0.9284605433376455,0.032988357050452784,0.004527813712807244,0.005692108667529107,0.01241914618369987,0.0,False,False,False,False,False,False,
720575940621970445,cell_class,AN,7730,400,0.25,0.01,0.1,0.015912031047865458,0.9284605433376455,0.032988357050452784,0.004527813712807244,0.005692108667529107,0.01241914618369987,0.0,False,False,False,False,False,False,
720575940628975107,cell_class,AN,2624,400,0.25,0.14285714285714285,0.01,0.48628048780487804,0.20198170731707318,0.16539634146341464,0.0038109756097560975,0.12309451219512195,0.019435975609756097,0.0,True,True,True,True,False,False,
720575940628975107,cell_class,AN,2624,400,0.25,0.14285714285714285,0.05,0.48628048780487804,0.20198170731707318,0.16539634146341464,0.0038109756097560975,0.12309451219512195,0.019435975609756097,0.0,True,True,True,False,False,False,
720575940628975107,cell_class,AN,2624,400,0.25,0.14285714285714285,0.1,0.48628048780487804,0.20198170731707318,0.16539634146341464,0.0038109756097560975,0.12309451219512195,0.019435975609756097,0.0,True,False,False,False,False,False,
720575940628975107,cell_class,AN,2624,400,0.25,0.04,0.01,0.48628048780487804,0.20198170731707318,0.16539634146341464,0.0038109756097560975,0.12309451219512195,0.019435975609756097,0.0,True,True,True,True,False,False,
720575940628975107,cell_class,AN,2624,400,0.25,0.04,0.05,0.48628048780487804,0.20198170731707318,0.16539634146341464,0.0038109756097560975,0.12309451219512195,0.019435975609756097,0.0,True,False,False,False,False,False,
720575940628975107,cell_class,AN,2624,400,0.25,0.04,0.1,0.48628048780487804,0.20198170731707318,0.16539634146341464,0.0038109756097560975,0.12309451219512195,0.019435975609756097,0.0,False,False,False,False,False,False,
720575940628975107,cell_class,AN,2624,400,0.25,0.02,0.01,0.48628048780487804,0.20198170731707318,0.16539634146341464,0.0038109756097560975,0.12309451219512195,0.019435975609756097,0.0,True,True,True,True,False,False,
720575940628975107,cell_class,AN,2624,400,0.25,0.02,0.05,0.48628048780487804,0.20198170731707318,0.16539634146341464,0.0038109756097560975,0.12309451219512195,0.019435975609756097,0.0,False,False,False,False,False,False,
720575940628975107,cell_class,AN,2624,400,0.25,0.02,0.1,0.48628048780487804,0.20198170731707318,0.16539634146341464,0.0038109756097560975,0.12309451219512195,0.019435975609756097,0.0,False,False,False,False,False,False,
720575940628975107,cell_class,AN,2624,400,0.25,0.01,0.01,0.48628048780487804,0.20198170731707318,0.16539634146341464,0.0038109756097560975,0.12309451219512195,0.019435975609756097,0.0,True,True,True,True,False,False,
720575940628975107,cell_class,AN,2624,400,0.25,0.01,0.05,0.48628048780487804,0.20198170731707318,0.16539634146341464,0.0038109756097560975,0.12309451219512195,0.019435975609756097,0.0,False,False,False,False,False,False,
720575940628975107,cell_class,AN,2624,400,0.25,0.01,0.1,0.48628048780487804,0.20198170731707318,0.16539634146341464,0.0038109756097560975,0.12309451219512195,0.019435975609756097,0.0,False,False,False,False,False,False,
720575940608958788,cell_class,AN,1774,400,0.25,0.14285714285714285,0.01,0.6155580608793687,0.09301014656144306,0.24577226606538896,0.005636978579481398,0.011837655016910935,0.02762119503945885,0.0005636978579481398,True,True,True,False,True,False,
720575940608958788,cell_class,AN,1774,400,0.25,0.14285714285714285,0.05,0.6155580608793687,0.09301014656144306,0.24577226606538896,0.005636978579481398,0.011837655016910935,0.02762119503945885,0.0005636978579481398,True,False,True,False,False,False,
720575940608958788,cell_class,AN,1774,400,0.25,0.14285714285714285,0.1,0.6155580608793687,0.09301014656144306,0.24577226606538896,0.005636978579481398,0.011837655016910935,0.02762119503945885,0.0005636978579481398,True,False,False,False,False,False,
720575940608958788,cell_class,AN,1774,400,0.25,0.04,0.01,0.6155580608793687,0.09301014656144306,0.24577226606538896,0.005636978579481398,0.011837655016910935,0.02762119503945885,0.0005636978579481398,True,True,True,False,False,False,
720575940608958788,cell_class,AN,1774,400,0.25,0.04,0.05,0.6155580608793687,0.09301014656144306,0.24577226606538896,0.005636978579481398,0.011837655016910935,0.02762119503945885,0.0005636978579481398,True,False,False,False,False,False,
720575940608958788,cell_class,AN,1774,400,0.25,0.04,0.1,0.6155580608793687,0.09301014656144306,0.24577226606538896,0.005636978579481398,0.011837655016910935,0.02762119503945885,0.0005636978579481398,True,False,False,False,False,False,
720575940608958788,cell_class,AN,1774,400,0.25,0.02,0.01,0.6155580608793687,0.09301014656144306,0.24577226606538896,0.005636978579481398,0.011837655016910935,0.02762119503945885,0.0005636978579481398,True,True,True,False,False,False,
720575940608958788,cell_class,AN,1774,400,0.25,0.02,0.05,0.6155580608793687,0.09301014656144306,0.24577226606538896,0.005636978579481398,0.011837655016910935,0.02762119503945885,0.0005636978579481398,False,False,False,False,False,False,
720575940608958788,cell_class,AN,1774,400,0.25,0.02,0.1,0.6155580608793687,0.09301014656144306,0.24577226606538896,0.005636978579481398,0.011837655016910935,0.02762119503945885,0.0005636978579481398,False,False,False,False,False,False,
720575940608958788,cell_class,AN,1774,400,0.25,0.01,0.01,0.6155580608793687,0.09301014656144306,0.24577226606538896,0.005636978579481398,0.011837655016910935,0.02762119503945885,0.0005636978579481398,True,True,True,False,False,False,
720575940608958788,cell_class,AN,1774,400,0.25,0.01,0.05,0.6155580608793687,0.09301014656144306,0.24577226606538896,0.005636978579481398,0.011837655016910935,0.02762119503945885,0.0005636978579481398,False,False,False,False,False,False,
720575940608958788,cell_class,AN,1774,400,0.25,0.01,0.1,0.6155580608793687,0.09301014656144306,0.24577226606538896,0.005636978579481398,0.011837655016910935,0.02762119503945885,0.0005636978579481398,False,False,False,False,False,False,
720575940626044418,cell_class,AN,3458,400,0.25,0.14285714285714285,0.01,0.004916136495083863,0.8993637941006362,0.028629265471370735,0.004337767495662233,0.05639097744360902,0.006362058993637941,0.0,False,True,False,True,False,False,
720575940626044418,cell_class,AN,3458,400,0.25,0.14285714285714285,0.05,0.004916136495083863,0.8993637941006362,0.028629265471370735,0.004337767495662233,0.05639097744360902,0.006362058993637941,0.0,False,True,False,False,False,False,
720575940626044418,cell_class,AN,3458,400,0.25,0.14285714285714285,0.1,0.004916136495083863,0.8993637941006362,0.028629265471370735,0.004337767495662233,0.05639097744360902,0.006362058993637941,0.0,False,True,False,False,False,False,
720575940626044418,cell_class,AN,3458,400,0.25,0.04,0.01,0.004916136495083863,0.8993637941006362,0.028629265471370735,0.004337767495662233,0.05639097744360902,0.006362058993637941,0.0,False,True,False,False,False,False,
720575940626044418,cell_class,AN,3458,400,0.25,0.04,0.05,0.004916136495083863,0.8993637941006362,0.028629265471370735,0.004337767495662233,0.05639097744360902,0.006362058993637941,0.0,False,True,False,False,False,False,
720575940626044418,cell_class,AN,3458,400,0.25,0.04,0.1,0.004916136495083863,0.8993637941006362,0.028629265471370735,0.004337767495662233,0.05639097744360902,0.006362058993637941,0.0,False,True,False,False,False,False,
720575940626044418,cell_class,AN,3458,400,0.25,0.02,0.01,0.004916136495083863,0.8993637941006362,0.028629265471370735,0.004337767495662233,0.05639097744360902,0.006362058993637941,0.0,False,True,False,False,False,False,
720575940626044418,cell_class,AN,3458,400,0.25,0.02,0.05,0.004916136495083863,0.8993637941006362,0.028629265471370735,0.004337767495662233,0.05639097744360902,0.006362058993637941,0.0,False,True,False,False,False,False,
720575940626044418,cell_class,AN,3458,400,0.25,0.02,0.1,0.004916136495083863,0.8993637941006362,0.028629265471370735,0.004337767495662233,0.05639097744360902,0.006362058993637941,0.0,False,False,False,False,False,False,
720575940626044418,cell_class,AN,3458,400,0.25,0.01,0.01,0.004916136495083863,0.8993637941006362,0.028629265471370735,0.004337767495662233,0.05639097744360902,0.006362058993637941,0.0,False,True,False,False,False,False,
720575940626044418,cell_class,AN,3458,400,0.25,0.01,0.05,0.004916136495083863,0.8993637941006362,0.028629265471370735,0.004337767495662233,0.05639097744360902,0.006362058993637941,0.0,False,False,False,False,False,False,
720575940626044418,cell_class,AN,3458,400,0.25,0.01,0.1,0.004916136495083863,0.8993637941006362,0.028629265471370735,0.004337767495662233,0.05639097744360902,0.006362058993637941,0.0,False,False,False,False,False,False,
720575940613527021,cell_class,AN,844,400,0.25,0.14285714285714285,0.01,0.07464454976303317,0.1481042654028436,0.3732227488151659,0.015402843601895734,0.36255924170616116,0.022511848341232227,0.0035545023696682463,True,True,True,True,True,False,False
720575940613527021,cell_class,AN,844,400,0.25,0.14285714285714285,0.05,0.07464454976303317,0.1481042654028436,0.3732227488151659,0.015402843601895734,0.36255924170616116,0.022511848341232227,0.0035545023696682463,False,True,True,True,False,False,False
720575940613527021,cell_class,AN,844,400,0.25,0.14285714285714285,0.1,0.07464454976303317,0.1481042654028436,0.3732227488151659,0.015402843601895734,0.36255924170616116,0.022511848341232227,0.0035545023696682463,False,False,True,True,False,False,False
720575940613527021,cell_class,AN,844,400,0.25,0.04,0.01,0.07464454976303317,0.1481042654028436,0.3732227488151659,0.015402843601895734,0.36255924170616116,0.022511848341232227,0.0035545023696682463,True,True,True,True,True,False,False
720575940613527021,cell_class,AN,844,400,0.25,0.04,0.05,0.07464454976303317,0.1481042654028436,0.3732227488151659,0.015402843601895734,0.36255924170616116,0.022511848341232227,0.0035545023696682463,False,False,True,True,False,False,False
720575940613527021,cell_class,AN,844,400,0.25,0.04,0.1,0.07464454976303317,0.1481042654028436,0.3732227488151659,0.015402843601895734,0.36255924170616116,0.022511848341232227,0.0035545023696682463,False,False,False,False,False,False,False
720575940613527021,cell_class,AN,844,400,0.25,0.02,0.01,0.07464454976303317,0.1481042654028436,0.3732227488151659,0.015402843601895734,0.36255924170616116,0.022511848341232227,0.0035545023696682463,True,True,True,True,True,False,False
720575940613527021,cell_class,AN,844,400,0.25,0.02,0.05,0.07464454976303317,0.1481042654028436,0.3732227488151659,0.015402843601895734,0.36255924170616116,0.022511848341232227,0.0035545023696682463,False,False,False,False,False,False,False
720575940613527021,cell_class,AN,844,400,0.25,0.02,0.1,0.07464454976303317,0.1481042654028436,0.3732227488151659,0.015402843601895734,0.36255924170616116,0.022511848341232227,0.0035545023696682463,False,False,False,False,False,False,False
720575940613527021,cell_class,AN,844,400,0.25,0.01,0.01,0.07464454976303317,0.1481042654028436,0.3732227488151659,0.015402843601895734,0.36255924170616116,0.022511848341232227,0.0035545023696682463,True,True,True,True,False,False,False
720575940613527021,cell_class,AN,844,400,0.25,0.01,0.05,0.07464454976303317,0.1481042654028436,0.3732227488151659,0.015402843601895734,0.36255924170616116,0.022511848341232227,0.0035545023696682463,False,False,False,False,False,False,False
720575940613527021,cell_class,AN,844,400,0.25,0.01,0.1,0.07464454976303317,0.1481042654028436,0.3732227488151659,0.015402843601895734,0.36255924170616116,0.022511848341232227,0.0035545023696682463,False,False,False,False,False,False,False
720575940616195467,cell_class,AN,1100,400,0.25,0.14285714285714285,0.01,0.011818181818181818,0.8218181818181818,0.06818181818181818,0.0036363636363636364,0.06727272727272728,0.02727272727272727,0.0,True,True,True,True,True,False,
720575940616195467,cell_class,AN,1100,400,0.25,0.14285714285714285,0.05,0.011818181818181818,0.8218181818181818,0.06818181818181818,0.0036363636363636364,0.06727272727272728,0.02727272727272727,0.0,False,True,False,False,False,False,
720575940616195467,cell_class,AN,1100,400,0.25,0.14285714285714285,0.1,0.011818181818181818,0.8218181818181818,0.06818181818181818,0.0036363636363636364,0.06727272727272728,0.02727272727272727,0.0,False,True,False,False,False,False,
720575940616195467,cell_class,AN,1100,400,0.25,0.04,0.01,0.011818181818181818,0.8218181818181818,0.06818181818181818,0.0036363636363636364,0.06727272727272728,0.02727272727272727,0.0,True,True,True,False,False,False,
720575940616195467,cell_class,AN,1100,400,0.25,0.04,0.05,0.011818181818181818,0.8218181818181818,0.06818181818181818,0.0036363636363636364,0.06727272727272728,0.02727272727272727,0.0,False,True,False,False,False,False,
720575940616195467,cell_class,AN,1100,400,0.25,0.04,0.1,0.011818181818181818,0.8218181818181818,0.06818181818181818,0.0036363636363636364,0.06727272727272728,0.02727272727272727,0.0,False,True,False,False,False,False,
720575940616195467,cell_class,AN,1100,400,0.25,0.02,0.01,0.011818181818181818,0.8218181818181818,0.06818181818181818,0.0036363636363636364,0.06727272727272728,0.02727272727272727,0.0,True,True,True,False,False,False,
720575940616195467,cell_class,AN,1100,400,0.25,0.02,0.05,0.011818181818181818,0.8218181818181818,0.06818181818181818,0.0036363636363636364,0.06727272727272728,0.02727272727272727,0.0,False,True,False,False,False,False,
720575940616195467,cell_class,AN,1100,400,0.25,0.02,0.1,0.011818181818181818,0.8218181818181818,0.06818181818181818,0.0036363636363636364,0.06727272727272728,0.02727272727272727,0.0,False,False,False,False,False,False,
720575940616195467,cell_class,AN,1100,400,0.25,0.01,0.01,0.011818181818181818,0.8218181818181818,0.06818181818181818,0.0036363636363636364,0.06727272727272728,0.02727272727272727,0.0,False,True,True,False,False,False,
720575940616195467,cell_class,AN,1100,400,0.25,0.01,0.05,0.011818181818181818,0.8218181818181818,0.06818181818181818,0.0036363636363636364,0.06727272727272728,0.02727272727272727,0.0,False,False,False,False,False,False,
720575940616195467,cell_class,AN,1100,400,0.25,0.01,0.1,0.011818181818181818,0.8218181818181818,0.06818181818181818,0.0036363636363636364,0.06727272727272728,0.02727272727272727,0.0,False,False,False,False,False,False,
720575940659379073,cell_class,AN,3579,400,0.25,0.14285714285714285,0.01,0.6778429728974574,0.17742386141380273,0.12238055322715842,0.0013970382788488405,0.010058675607711651,0.010617490919251188,0.0002794076557697681,True,True,True,False,False,False,
720575940659379073,cell_class,AN,3579,400,0.25,0.14285714285714285,0.05,0.6778429728974574,0.17742386141380273,0.12238055322715842,0.0013970382788488405,0.010058675607711651,0.010617490919251188,0.0002794076557697681,True,True,False,False,False,False,
720575940659379073,cell_class,AN,3579,400,0.25,0.14285714285714285,0.1,0.6778429728974574,0.17742386141380273,0.12238055322715842,0.0013970382788488405,0.010058675607711651,0.010617490919251188,0.0002794076557697681,True,False,False,False,False,False,
720575940659379073,cell_class,AN,3579,400,0.25,0.04,0.01,0.6778429728974574,0.17742386141380273,0.12238055322715842,0.0013970382788488405,0.010058675607711651,0.010617490919251188,0.0002794076557697681,True,True,True,False,False,False,
720575940659379073,cell_class,AN,3579,400,0.25,0.04,0.05,0.6778429728974574,0.17742386141380273,0.12238055322715842,0.0013970382788488405,0.010058675607711651,0.010617490919251188,0.0002794076557697681,True,False,False,False,False,False,
720575940659379073,cell_class,AN,3579,400,0.25,0.04,0.1,0.6778429728974574,0.17742386141380273,0.12238055322715842,0.0013970382788488405,0.010058675607711651,0.010617490919251188,0.0002794076557697681,False,False,False,False,False,False,
720575940659379073,cell_class,AN,3579,400,0.25,0.02,0.01,0.6778429728974574,0.17742386141380273,0.12238055322715842,0.0013970382788488405,0.010058675607711651,0.010617490919251188,0.0002794076557697681,True,True,True,False,False,False,
720575940659379073,cell_class,AN,3579,400,0.25,0.02,0.05,0.6778429728974574,0.17742386141380273,0.12238055322715842,0.0013970382788488405,0.010058675607711651,0.010617490919251188,0.0002794076557697681,True,False,False,False,False,False,
720575940659379073,cell_class,AN,3579,400,0.25,0.02,0.1,0.6778429728974574,0.17742386141380273,0.12238055322715842,0.0013970382788488405,0.010058675607711651,0.010617490919251188,0.0002794076557697681,False,False,False,False,False,False,
720575940659379073,cell_class,AN,3579,400,0.25,0.01,0.01,0.6778429728974574,0.17742386141380273,0.12238055322715842,0.0013970382788488405,0.010058675607711651,0.010617490919251188,0.0002794076557697681,True,False,True,False,False,False,
720575940659379073,cell_class,AN,3579,400,0.25,0.01,0.05,0.6778429728974574,0.17742386141380273,0.12238055322715842,0.0013970382788488405,0.010058675607711651,0.010617490919251188,0.0002794076557697681,False,False,False,False,False,False,
720575940659379073,cell_class,AN,3579,400,0.25,0.01,0.1,0.6778429728974574,0.17742386141380273,0.12238055322715842,0.0013970382788488405,0.010058675607711651,0.010617490919251188,0.0002794076557697681,False,False,False,False,False,False,
720575940627699599,cell_class,AN,1741,400,0.25,0.14285714285714285,0.01,0.010338885697874785,0.7983917288914417,0.009764503159103963,0.005169442848937392,0.15393452039058012,0.022400919012062034,0.0,False,True,False,True,True,False,
720575940627699599,cell_class,AN,1741,400,0.25,0.14285714285714285,0.05,0.010338885697874785,0.7983917288914417,0.009764503159103963,0.005169442848937392,0.15393452039058012,0.022400919012062034,0.0,False,True,False,True,False,False,
720575940627699599,cell_class,AN,1741,400,0.25,0.14285714285714285,0.1,0.010338885697874785,0.7983917288914417,0.009764503159103963,0.005169442848937392,0.15393452039058012,0.022400919012062034,0.0,False,True,False,False,False,False,
720575940627699599,cell_class,AN,1741,400,0.25,0.04,0.01,0.010338885697874785,0.7983917288914417,0.009764503159103963,0.005169442848937392,0.15393452039058012,0.022400919012062034,0.0,False,True,False,True,False,False,
720575940627699599,cell_class,AN,1741,400,0.25,0.04,0.05,0.010338885697874785,0.7983917288914417,0.009764503159103963,0.005169442848937392,0.15393452039058012,0.022400919012062034,0.0,False,True,False,False,False,False,
720575940627699599,cell_class,AN,1741,400,0.25,0.04,0.1,0.010338885697874785,0.7983917288914417,0.009764503159103963,0.005169442848937392,0.15393452039058012,0.022400919012062034,0.0,False,False,False,False,False,False,
720575940627699599,cell_class,AN,1741,400,0.25,0.02,0.01,0.010338885697874785,0.7983917288914417,0.009764503159103963,0.005169442848937392,0.15393452039058012,0.022400919012062034,0.0,False,True,False,True,False,False,
720575940627699599,cell_class,AN,1741,400,0.25,0.02,0.05,0.010338885697874785,0.7983917288914417,0.009764503159103963,0.005169442848937392,0.15393452039058012,0.022400919012062034,0.0,False,True,False,False,False,False,
720575940627699599,cell_class,AN,1741,400,0.25,0.02,0.1,0.010338885697874785,0.7983917288914417,0.009764503159103963,0.005169442848937392,0.15393452039058012,0.022400919012062034,0.0,False,False,False,False,False,False,
720575940627699599,cell_class,AN,1741,400,0.25,0.01,0.01,0.010338885697874785,0.7983917288914417,0.009764503159103963,0.005169442848937392,0.15393452039058012,0.022400919012062034,0.0,False,True,False,True,False,False,
720575940627699599,cell_class,AN,1741,400,0.25,0.01,0.05,0.010338885697874785,0.7983917288914417,0.009764503159103963,0.005169442848937392,0.15393452039058012,0.022400919012062034,0.0,False,False,False,False,False,False,
720575940627699599,cell_class,AN,1741,400,0.25,0.01,0.1,0.010338885697874785,0.7983917288914417,0.009764503159103963,0.005169442848937392,0.15393452039058012,0.022400919012062034,0.0,False,False,False,False,False,False,
720575940618422875,cell_class,AN,2556,400,0.25,0.14285714285714285,0.01,0.5359937402190923,0.17097026604068857,0.25860719874804383,0.001564945226917058,0.02621283255086072,0.006259780907668232,0.0003912363067292645,True,True,True,False,False,False,
720575940618422875,cell_class,AN,2556,400,0.25,0.14285714285714285,0.05,0.5359937402190923,0.17097026604068857,0.25860719874804383,0.001564945226917058,0.02621283255086072,0.006259780907668232,0.0003912363067292645,True,False,True,False,False,False,
720575940618422875,cell_class,AN,2556,400,0.25,0.14285714285714285,0.1,0.5359937402190923,0.17097026604068857,0.25860719874804383,0.001564945226917058,0.02621283255086072,0.006259780907668232,0.0003912363067292645,True,False,False,False,False,False,
720575940618422875,cell_class,AN,2556,400,0.25,0.04,0.01,0.5359937402190923,0.17097026604068857,0.25860719874804383,0.001564945226917058,0.02621283255086072,0.006259780907668232,0.0003912363067292645,True,True,True,False,False,False,
720575940618422875,cell_class,AN,2556,400,0.25,0.04,0.05,0.5359937402190923,0.17097026604068857,0.25860719874804383,0.001564945226917058,0.02621283255086072,0.006259780907668232,0.0003912363067292645,True,False,False,False,False,False,
720575940618422875,cell_class,AN,2556,400,0.25,0.04,0.1,0.5359937402190923,0.17097026604068857,0.25860719874804383,0.001564945226917058,0.02621283255086072,0.006259780907668232,0.0003912363067292645,False,False,False,False,False,False,
720575940618422875,cell_class,AN,2556,400,0.25,0.02,0.01,0.5359937402190923,0.17097026604068857,0.25860719874804383,0.001564945226917058,0.02621283255086072,0.006259780907668232,0.0003912363067292645,True,True,True,False,False,False,
720575940618422875,cell_class,AN,2556,400,0.25,0.02,0.05,0.5359937402190923,0.17097026604068857,0.25860719874804383,0.001564945226917058,0.02621283255086072,0.006259780907668232,0.0003912363067292645,False,False,False,False,False,False,
720575940618422875,cell_class,AN,2556,400,0.25,0.02,0.1,0.5359937402190923,0.17097026604068857,0.25860719874804383,0.001564945226917058,0.02621283255086072,0.006259780907668232,0.0003912363067292645,False,False,False,False,False,False,
720575940618422875,cell_class,AN,2556,400,0.25,0.01,0.01,0.5359937402190923,0.17097026604068857,0.25860719874804383,0.001564945226917058,0.02621283255086072,0.006259780907668232,0.0003912363067292645,True,True,True,False,False,False,
720575940618422875,cell_class,AN,2556,400,0.25,0.01,0.05,0.5359937402190923,0.17097026604068857,0.25860719874804383,0.001564945226917058,0.02621283255086072,0.006259780907668232,0.0003912363067292645,False,False,False,False,False,False,
720575940618422875,cell_class,AN,2556,400,0.25,0.01,0.1,0.5359937402190923,0.17097026604068857,0.25860719874804383,0.001564945226917058,0.02621283255086072,0.006259780907668232,0.0003912363067292645,False,False,False,False,False,False,
720575940604091308,cell_class,AN,1398,400,0.25,0.14285714285714285,0.01,0.00715307582260372,0.8776824034334764,0.017167381974248927,0.00357653791130186,0.07868383404864092,0.015021459227467811,0.000715307582260372,False,True,False,True,False,False,
720575940604091308,cell_class,AN,1398,400,0.25,0.14285714285714285,0.05,0.00715307582260372,0.8776824034334764,0.017167381974248927,0.00357653791130186,0.07868383404864092,0.015021459227467811,0.000715307582260372,False,True,False,False,False,False,
720575940604091308,cell_class,AN,1398,400,0.25,0.14285714285714285,0.1,0.00715307582260372,0.8776824034334764,0.017167381974248927,0.00357653791130186,0.07868383404864092,0.015021459227467811,0.000715307582260372,False,True,False,False,False,False,
720575940604091308,cell_class,AN,1398,400,0.25,0.04,0.01,0.00715307582260372,0.8776824034334764,0.017167381974248927,0.00357653791130186,0.07868383404864092,0.015021459227467811,0.000715307582260372,False,True,False,True,False,False,
720575940604091308,cell_class,AN,1398,400,0.25,0.04,0.05,0.00715307582260372,0.8776824034334764,0.017167381974248927,0.00357653791130186,0.07868383404864092,0.015021459227467811,0.000715307582260372,False,True,False,False,False,False,
720575940604091308,cell_class,AN,1398,400,0.25,0.04,0.1,0.00715307582260372,0.8776824034334764,0.017167381974248927,0.00357653791130186,0.07868383404864092,0.015021459227467811,0.000715307582260372,False,False,False,False,False,False,
720575940604091308,cell_class,AN,1398,400,0.25,0.02,0.01,0.00715307582260372,0.8776824034334764,0.017167381974248927,0.00357653791130186,0.07868383404864092,0.015021459227467811,0.000715307582260372,False,True,False,True,False,False,
720575940604091308,cell_class,AN,1398,400,0.25,0.02,0.05,0.00715307582260372,0.8776824034334764,0.017167381974248927,0.00357653791130186,0.07868383404864092,0.015021459227467811,0.000715307582260372,False,True,False,False,False,False,
720575940604091308,cell_class,AN,1398,400,0.25,0.02,0.1,0.00715307582260372,0.8776824034334764,0.017167381974248927,0.00357653791130186,0.07868383404864092,0.015021459227467811,0.000715307582260372,False,False,False,False,False,False,
720575940604091308,cell_class,AN,1398,400,0.25,0.01,0.01,0.00715307582260372,0.8776824034334764,0.017167381974248927,0.00357653791130186,0.07868383404864092,0.015021459227467811,0.000715307582260372,False,True,False,True,False,False,
720575940604091308,cell_class,AN,1398,400,0.25,0.01,0.05,0.00715307582260372,0.8776824034334764,0.017167381974248927,0.00357653791130186,0.07868383404864092,0.015021459227467811,0.000715307582260372,False,True,False,False,False,False,
720575940604091308,cell_class,AN,1398,400,0.25,0.01,0.1,0.00715307582260372,0.8776824034334764,0.017167381974248927,0.00357653791130186,0.07868383404864092,0.015021459227467811,0.000715307582260372,False,False,False,False,False,False,
720575940619657972,cell_class,AN,1426,400,0.25,0.14285714285714285,0.01,0.004908835904628331,0.9901823281907434,0.0007012622720897616,0.0,0.004207573632538569,0.0,0.0,False,True,,False,,,
720575940619657972,cell_class,AN,1426,400,0.25,0.14285714285714285,0.05,0.004908835904628331,0.9901823281907434,0.0007012622720897616,0.0,0.004207573632538569,0.0,0.0,False,True,,False,,,
720575940619657972,cell_class,AN,1426,400,0.25,0.14285714285714285,0.1,0.004908835904628331,0.9901823281907434,0.0007012622720897616,0.0,0.004207573632538569,0.0,0.0,False,True,,False,,,
720575940619657972,cell_class,AN,1426,400,0.25,0.04,0.01,0.004908835904628331,0.9901823281907434,0.0007012622720897616,0.0,0.004207573632538569,0.0,0.0,False,True,,False,,,
720575940619657972,cell_class,AN,1426,400,0.25,0.04,0.05,0.004908835904628331,0.9901823281907434,0.0007012622720897616,0.0,0.004207573632538569,0.0,0.0,False,True,,False,,,
720575940619657972,cell_class,AN,1426,400,0.25,0.04,0.1,0.004908835904628331,0.9901823281907434,0.0007012622720897616,0.0,0.004207573632538569,0.0,0.0,False,False,,False,,,
720575940619657972,cell_class,AN,1426,400,0.25,0.02,0.01,0.004908835904628331,0.9901823281907434,0.0007012622720897616,0.0,0.004207573632538569,0.0,0.0,False,True,,False,,,
720575940619657972,cell_class,AN,1426,400,0.25,0.02,0.05,0.004908835904628331,0.9901823281907434,0.0007012622720897616,0.0,0.004207573632538569,0.0,0.0,False,True,,False,,,
720575940619657972,cell_class,AN,1426,400,0.25,0.02,0.1,0.004908835904628331,0.9901823281907434,0.0007012622720897616,0.0,0.004207573632538569,0.0,0.0,False,False,,False,,,
720575940619657972,cell_class,AN,1426,400,0.25,0.01,0.01,0.004908835904628331,0.9901823281907434,0.0007012622720897616,0.0,0.004207573632538569,0.0,0.0,False,True,,False,,,
720575940619657972,cell_class,AN,1426,400,0.25,0.01,0.05,0.004908835904628331,0.9901823281907434,0.0007012622720897616,0.0,0.004207573632538569,0.0,0.0,False,False,,False,,,
720575940619657972,cell_class,AN,1426,400,0.25,0.01,0.1,0.004908835904628331,0.9901823281907434,0.0007012622720897616,0.0,0.004207573632538569,0.0,0.0,False,False,,False,,,
720575940622259811,cell_class,AN,3277,400,0.25,0.14285714285714285,0.01,0.02014037229173024,0.8611534940494354,0.030820872749465975,0.0003051571559353067,0.07506866036008544,0.01190112908147696,0.0006103143118706134,False,True,True,True,False,,False
720575940622259811,cell_class,AN,3277,400,0.25,0.14285714285714285,0.05,0.02014037229173024,0.8611534940494354,0.030820872749465975,0.0003051571559353067,0.07506866036008544,0.01190112908147696,0.0006103143118706134,False,True,False,False,False,,False
720575940622259811,cell_class,AN,3277,400,0.25,0.14285714285714285,0.1,0.02014037229173024,0.8611534940494354,0.030820872749465975,0.0003051571559353067,0.07506866036008544,0.01190112908147696,0.0006103143118706134,False,True,False,False,False,,False
720575940622259811,cell_class,AN,3277,400,0.25,0.04,0.01,0.02014037229173024,0.8611534940494354,0.030820872749465975,0.0003051571559353067,0.07506866036008544,0.01190112908147696,0.0006103143118706134,False,True,False,True,False,,False
720575940622259811,cell_class,AN,3277,400,0.25,0.04,0.05,0.02014037229173024,0.8611534940494354,0.030820872749465975,0.0003051571559353067,0.07506866036008544,0.01190112908147696,0.0006103143118706134,False,True,False,False,False,,False
720575940622259811,cell_class,AN,3277,400,0.25,0.04,0.1,0.02014037229173024,0.8611534940494354,0.030820872749465975,0.0003051571559353067,0.07506866036008544,0.01190112908147696,0.0006103143118706134,False,False,False,False,False,,False
720575940622259811,cell_class,AN,3277,400,0.25,0.02,0.01,0.02014037229173024,0.8611534940494354,0.030820872749465975,0.0003051571559353067,0.07506866036008544,0.01190112908147696,0.0006103143118706134,False,True,False,False,False,,False
720575940622259811,cell_class,AN,3277,400,0.25,0.02,0.05,0.02014037229173024,0.8611534940494354,0.030820872749465975,0.0003051571559353067,0.07506866036008544,0.01190112908147696,0.0006103143118706134,False,False,False,False,False,,False
720575940622259811,cell_class,AN,3277,400,0.25,0.02,0.1,0.02014037229173024,0.8611534940494354,0.030820872749465975,0.0003051571559353067,0.07506866036008544,0.01190112908147696,0.0006103143118706134,False,False,False,False,False,,False
720575940622259811,cell_class,AN,3277,400,0.25,0.01,0.01,0.02014037229173024,0.8611534940494354,0.030820872749465975,0.0003051571559353067,0.07506866036008544,0.01190112908147696,0.0006103143118706134,False,True,False,False,False,,False
720575940622259811,cell_class,AN,3277,400,0.25,0.01,0.05,0.02014037229173024,0.8611534940494354,0.030820872749465975,0.0003051571559353067,0.07506866036008544,0.01190112908147696,0.0006103143118706134,False,False,False,False,False,,False
720575940622259811,cell_class,AN,3277,400,0.25,0.01,0.1,0.02014037229173024,0.8611534940494354,0.030820872749465975,0.0003051571559353067,0.07506866036008544,0.01190112908147696,0.0006103143118706134,False,False,False,False,False,,False
720575940618608110,cell_class,AN,1579,400,0.25,0.14285714285714285,0.01,0.005699810006333122,0.9107029765674477,0.0506649778340722,0.0,0.02089930335655478,0.012032932235592146,0.0,False,True,True,False,False,,
720575940618608110,cell_class,AN,1579,400,0.25,0.14285714285714285,0.05,0.005699810006333122,0.9107029765674477,0.0506649778340722,0.0,0.02089930335655478,0.012032932235592146,0.0,False,True,False,False,False,,
720575940618608110,cell_class,AN,1579,400,0.25,0.14285714285714285,0.1,0.005699810006333122,0.9107029765674477,0.0506649778340722,0.0,0.02089930335655478,0.012032932235592146,0.0,False,True,False,False,False,,
720575940618608110,cell_class,AN,1579,400,0.25,0.04,0.01,0.005699810006333122,0.9107029765674477,0.0506649778340722,0.0,0.02089930335655478,0.012032932235592146,0.0,False,True,True,False,False,,
720575940618608110,cell_class,AN,1579,400,0.25,0.04,0.05,0.005699810006333122,0.9107029765674477,0.0506649778340722,0.0,0.02089930335655478,0.012032932235592146,0.0,False,True,False,False,False,,
720575940618608110,cell_class,AN,1579,400,0.25,0.04,0.1,0.005699810006333122,0.9107029765674477,0.0506649778340722,0.0,0.02089930335655478,0.012032932235592146,0.0,False,True,False,False,False,,
720575940618608110,cell_class,AN,1579,400,0.25,0.02,0.01,0.005699810006333122,0.9107029765674477,0.0506649778340722,0.0,0.02089930335655478,0.012032932235592146,0.0,False,True,True,False,False,,
720575940618608110,cell_class,AN,1579,400,0.25,0.02,0.05,0.005699810006333122,0.9107029765674477,0.0506649778340722,0.0,0.02089930335655478,0.012032932235592146,0.0,False,True,False,False,False,,
720575940618608110,cell_class,AN,1579,400,0.25,0.02,0.1,0.005699810006333122,0.9107029765674477,0.0506649778340722,0.0,0.02089930335655478,0.012032932235592146,0.0,False,False,False,False,False,,
720575940618608110,cell_class,AN,1579,400,0.25,0.01,0.01,0.005699810006333122,0.9107029765674477,0.0506649778340722,0.0,0.02089930335655478,0.012032932235592146,0.0,False,True,True,False,False,,
720575940618608110,cell_class,AN,1579,400,0.25,0.01,0.05,0.005699810006333122,0.9107029765674477,0.0506649778340722,0.0,0.02089930335655478,0.012032932235592146,0.0,False,False,False,False,False,,
720575940618608110,cell_class,AN,1579,400,0.25,0.01,0.1,0.005699810006333122,0.9107029765674477,0.0506649778340722,0.0,0.02089930335655478,0.012032932235592146,0.0,False,False,False,False,False,,
720575940617422941,cell_class,AN,1295,400,0.25,0.14285714285714285,0.01,0.2810810810810811,0.018532818532818532,0.6640926640926641,0.0007722007722007722,0.03166023166023166,0.003861003861003861,0.0,True,True,True,True,False,,
720575940617422941,cell_class,AN,1295,400,0.25,0.14285714285714285,0.05,0.2810810810810811,0.018532818532818532,0.6640926640926641,0.0007722007722007722,0.03166023166023166,0.003861003861003861,0.0,True,False,True,False,False,,
720575940617422941,cell_class,AN,1295,400,0.25,0.14285714285714285,0.1,0.2810810810810811,0.018532818532818532,0.6640926640926641,0.0007722007722007722,0.03166023166023166,0.003861003861003861,0.0,True,False,True,False,False,,
720575940617422941,cell_class,AN,1295,400,0.25,0.04,0.01,0.2810810810810811,0.018532818532818532,0.6640926640926641,0.0007722007722007722,0.03166023166023166,0.003861003861003861,0.0,True,True,True,False,False,,
720575940617422941,cell_class,AN,1295,400,0.25,0.04,0.05,0.2810810810810811,0.018532818532818532,0.6640926640926641,0.0007722007722007722,0.03166023166023166,0.003861003861003861,0.0,True,False,True,False,False,,
720575940617422941,cell_class,AN,1295,400,0.25,0.04,0.1,0.2810810810810811,0.018532818532818532,0.6640926640926641,0.0007722007722007722,0.03166023166023166,0.003861003861003861,0.0,False,False,False,False,False,,
720575940617422941,cell_class,AN,1295,400,0.25,0.02,0.01,0.2810810810810811,0.018532818532818532,0.6640926640926641,0.0007722007722007722,0.03166023166023166,0.003861003861003861,0.0,True,True,True,False,False,,
720575940617422941,cell_class,AN,1295,400,0.25,0.02,0.05,0.2810810810810811,0.018532818532818532,0.6640926640926641,0.0007722007722007722,0.03166023166023166,0.003861003861003861,0.0,True,False,True,False,False,,
720575940617422941,cell_class,AN,1295,400,0.25,0.02,0.1,0.2810810810810811,0.018532818532818532,0.6640926640926641,0.0007722007722007722,0.03166023166023166,0.003861003861003861,0.0,False,False,False,False,False,,
720575940617422941,cell_class,AN,1295,400,0.25,0.01,0.01,0.2810810810810811,0.018532818532818532,0.6640926640926641,0.0007722007722007722,0.03166023166023166,0.003861003861003861,0.0,True,False,True,False,False,,
720575940617422941,cell_class,AN,1295,400,0.25,0.01,0.05,0.2810810810810811,0.018532818532818532,0.6640926640926641,0.0007722007722007722,0.03166023166023166,0.003861003861003861,0.0,False,False,False,False,False,,
720575940617422941,cell_class,AN,1295,400,0.25,0.01,0.1,0.2810810810810811,0.018532818532818532,0.6640926640926641,0.0007722007722007722,0.03166023166023166,0.003861003861003861,0.0,False,False,False,False,False,,
720575940618699841,cell_class,AN,493,400,0.25,0.14285714285714285,0.01,0.012170385395537525,0.9452332657200812,0.010141987829614604,0.0,0.028397565922920892,0.004056795131845842,0.0,True,True,False,True,False,,
720575940618699841,cell_class,AN,493,400,0.25,0.14285714285714285,0.05,0.012170385395537525,0.9452332657200812,0.010141987829614604,0.0,0.028397565922920892,0.004056795131845842,0.0,False,True,False,False,False,,
720575940618699841,cell_class,AN,493,400,0.25,0.14285714285714285,0.1,0.012170385395537525,0.9452332657200812,0.010141987829614604,0.0,0.028397565922920892,0.004056795131845842,0.0,False,True,False,False,False,,
720575940618699841,cell_class,AN,493,400,0.25,0.04,0.01,0.012170385395537525,0.9452332657200812,0.010141987829614604,0.0,0.028397565922920892,0.004056795131845842,0.0,False,True,False,True,False,,
720575940618699841,cell_class,AN,493,400,0.25,0.04,0.05,0.012170385395537525,0.9452332657200812,0.010141987829614604,0.0,0.028397565922920892,0.004056795131845842,0.0,False,True,False,False,False,,
720575940618699841,cell_class,AN,493,400,0.25,0.04,0.1,0.012170385395537525,0.9452332657200812,0.010141987829614604,0.0,0.028397565922920892,0.004056795131845842,0.0,False,True,False,False,False,,
720575940618699841,cell_class,AN,493,400,0.25,0.02,0.01,0.012170385395537525,0.9452332657200812,0.010141987829614604,0.0,0.028397565922920892,0.004056795131845842,0.0,False,True,False,True,False,,
720575940618699841,cell_class,AN,493,400,0.25,0.02,0.05,0.012170385395537525,0.9452332657200812,0.010141987829614604,0.0,0.028397565922920892,0.004056795131845842,0.0,False,True,False,False,False,,
720575940618699841,cell_class,AN,493,400,0.25,0.02,0.1,0.012170385395537525,0.9452332657200812,0.010141987829614604,0.0,0.028397565922920892,0.004056795131845842,0.0,False,False,False,False,False,,
720575940618699841,cell_class,AN,493,400,0.25,0.01,0.01,0.012170385395537525,0.9452332657200812,0.010141987829614604,0.0,0.028397565922920892,0.004056795131845842,0.0,False,True,False,True,False,,
720575940618699841,cell_class,AN,493,400,0.25,0.01,0.05,0.012170385395537525,0.9452332657200812,0.010141987829614604,0.0,0.028397565922920892,0.004056795131845842,0.0,False,False,False,False,False,,
720575940618699841,cell_class,AN,493,400,0.25,0.01,0.1,0.012170385395537525,0.9452332657200812,0.010141987829614604,0.0,0.028397565922920892,0.004056795131845842,0.0,False,False,False,False,False,,
720575940618899041,cell_class,AN,644,400,0.25,0.14285714285714285,0.01,0.0,0.9347826086956522,0.006211180124223602,0.006211180124223602,0.03260869565217391,0.020186335403726708,0.0,,True,False,True,True,False,
720575940618899041,cell_class,AN,644,400,0.25,0.14285714285714285,0.05,0.0,0.9347826086956522,0.006211180124223602,0.006211180124223602,0.03260869565217391,0.020186335403726708,0.0,,True,False,False,False,False,
720575940618899041,cell_class,AN,644,400,0.25,0.14285714285714285,0.1,0.0,0.9347826086956522,0.006211180124223602,0.006211180124223602,0.03260869565217391,0.020186335403726708,0.0,,True,False,False,False,False,
720575940618899041,cell_class,AN,644,400,0.25,0.04,0.01,0.0,0.9347826086956522,0.006211180124223602,0.006211180124223602,0.03260869565217391,0.020186335403726708,0.0,,True,False,True,False,False,
720575940618899041,cell_class,AN,644,400,0.25,0.04,0.05,0.0,0.9347826086956522,0.006211180124223602,0.006211180124223602,0.03260869565217391,0.020186335403726708,0.0,,True,False,False,False,False,
720575940618899041,cell_class,AN,644,400,0.25,0.04,0.1,0.0,0.9347826086956522,0.006211180124223602,0.006211180124223602,0.03260869565217391,0.020186335403726708,0.0,,True,False,False,False,False,
720575940618899041,cell_class,AN,644,400,0.25,0.02,0.01,0.0,0.9347826086956522,0.006211180124223602,0.006211180124223602,0.03260869565217391,0.020186335403726708,0.0,,True,False,True,False,False,
720575940618899041,cell_class,AN,644,400,0.25,0.02,0.05,0.0,0.9347826086956522,0.006211180124223602,0.006211180124223602,0.03260869565217391,0.020186335403726708,0.0,,True,False,False,False,False,
720575940618899041,cell_class,AN,644,400,0.25,0.02,0.1,0.0,0.9347826086956522,0.006211180124223602,0.006211180124223602,0.03260869565217391,0.020186335403726708,0.0,,False,False,False,False,False,
720575940618899041,cell_class,AN,644,400,0.25,0.01,0.01,0.0,0.9347826086956522,0.006211180124223602,0.006211180124223602,0.03260869565217391,0.020186335403726708,0.0,,True,False,True,False,False,
720575940618899041,cell_class,AN,644,400,0.25,0.01,0.05,0.0,0.9347826086956522,0.006211180124223602,0.006211180124223602,0.03260869565217391,0.020186335403726708,0.0,,False,False,False,False,False,
720575940618899041,cell_class,AN,644,400,0.25,0.01,0.1,0.0,0.9347826086956522,0.006211180124223602,0.006211180124223602,0.03260869565217391,0.020186335403726708,0.0,,False,False,False,False,False,
720575940612373362,cell_class,AN,1025,400,0.25,0.14285714285714285,0.01,0.010731707317073172,0.9395121951219512,0.002926829268292683,0.002926829268292683,0.041951219512195125,0.001951219512195122,0.0,False,True,False,True,False,False,
720575940612373362,cell_class,AN,1025,400,0.25,0.14285714285714285,0.05,0.010731707317073172,0.9395121951219512,0.002926829268292683,0.002926829268292683,0.041951219512195125,0.001951219512195122,0.0,False,True,False,False,False,False,
720575940612373362,cell_class,AN,1025,400,0.25,0.14285714285714285,0.1,0.010731707317073172,0.9395121951219512,0.002926829268292683,0.002926829268292683,0.041951219512195125,0.001951219512195122,0.0,False,True,False,False,False,False,
720575940612373362,cell_class,AN,1025,400,0.25,0.04,0.01,0.010731707317073172,0.9395121951219512,0.002926829268292683,0.002926829268292683,0.041951219512195125,0.001951219512195122,0.0,False,True,False,False,False,False,
720575940612373362,cell_class,AN,1025,400,0.25,0.04,0.05,0.010731707317073172,0.9395121951219512,0.002926829268292683,0.002926829268292683,0.041951219512195125,0.001951219512195122,0.0,False,True,False,False,False,False,
720575940612373362,cell_class,AN,1025,400,0.25,0.04,0.1,0.010731707317073172,0.9395121951219512,0.002926829268292683,0.002926829268292683,0.041951219512195125,0.001951219512195122,0.0,False,False,False,False,False,False,
720575940612373362,cell_class,AN,1025,400,0.25,0.02,0.01,0.010731707317073172,0.9395121951219512,0.002926829268292683,0.002926829268292683,0.041951219512195125,0.001951219512195122,0.0,False,True,False,False,False,False,
720575940612373362,cell_class,AN,1025,400,0.25,0.02,0.05,0.010731707317073172,0.9395121951219512,0.002926829268292683,0.002926829268292683,0.041951219512195125,0.001951219512195122,0.0,False,True,False,False,False,False,
720575940612373362,cell_class,AN,1025,400,0.25,0.02,0.1,0.010731707317073172,0.9395121951219512,0.002926829268292683,0.002926829268292683,0.041951219512195125,0.001951219512195122,0.0,False,False,False,False,False,False,
720575940612373362,cell_class,AN,1025,400,0.25,0.01,0.01,0.010731707317073172,0.9395121951219512,0.002926829268292683,0.002926829268292683,0.041951219512195125,0.001951219512195122,0.0,False,True,False,False,False,False,
720575940612373362,cell_class,AN,1025,400,0.25,0.01,0.05,0.010731707317073172,0.9395121951219512,0.002926829268292683,0.002926829268292683,0.041951219512195125,0.001951219512195122,0.0,False,True,False,False,False,False,
720575940612373362,cell_class,AN,1025,400,0.25,0.01,0.1,0.010731707317073172,0.9395121951219512,0.002926829268292683,0.002926829268292683,0.041951219512195125,0.001951219512195122,0.0,False,False,False,False,False,False,
720575940629439043,cell_class,AN,6888,400,0.25,0.14285714285714285,0.01,0.0039198606271777,0.9655923344947736,0.017276422764227643,0.0014518002322880372,0.0040650406504065045,0.007259001161440186,0.00043554006968641115,False,True,False,False,False,False,False
720575940629439043,cell_class,AN,6888,400,0.25,0.14285714285714285,0.05,0.0039198606271777,0.9655923344947736,0.017276422764227643,0.0014518002322880372,0.0040650406504065045,0.007259001161440186,0.00043554006968641115,False,True,False,False,False,False,False
720575940629439043,cell_class,AN,6888,400,0.25,0.14285714285714285,0.1,0.0039198606271777,0.9655923344947736,0.017276422764227643,0.0014518002322880372,0.0040650406504065045,0.007259001161440186,0.00043554006968641115,False,True,False,False,False,False,False
720575940629439043,cell_class,AN,6888,400,0.25,0.04,0.01,0.0039198606271777,0.9655923344947736,0.017276422764227643,0.0014518002322880372,0.0040650406504065045,0.007259001161440186,0.00043554006968641115,False,True,False,False,False,False,False
720575940629439043,cell_class,AN,6888,400,0.25,0.04,0.05,0.0039198606271777,0.9655923344947736,0.017276422764227643,0.0014518002322880372,0.0040650406504065045,0.007259001161440186,0.00043554006968641115,False,True,False,False,False,False,False
720575940629439043,cell_class,AN,6888,400,0.25,0.04,0.1,0.0039198606271777,0.9655923344947736,0.017276422764227643,0.0014518002322880372,0.0040650406504065045,0.007259001161440186,0.00043554006968641115,False,True,False,False,False,False,False
720575940629439043,cell_class,AN,6888,400,0.25,0.02,0.01,0.0039198606271777,0.9655923344947736,0.017276422764227643,0.0014518002322880372,0.0040650406504065045,0.007259001161440186,0.00043554006968641115,False,True,False,False,False,False,False
720575940629439043,cell_class,AN,6888,400,0.25,0.02,0.05,0.0039198606271777,0.9655923344947736,0.017276422764227643,0.0014518002322880372,0.0040650406504065045,0.007259001161440186,0.00043554006968641115,False,True,False,False,False,False,False
720575940629439043,cell_class,AN,6888,400,0.25,0.02,0.1,0.0039198606271777,0.9655923344947736,0.017276422764227643,0.0014518002322880372,0.0040650406504065045,0.007259001161440186,0.00043554006968641115,False,False,False,False,False,False,False
720575940629439043,cell_class,AN,6888,400,0.25,0.01,0.01,0.0039198606271777,0.9655923344947736,0.017276422764227643,0.0014518002322880372,0.0040650406504065045,0.007259001161440186,0.00043554006968641115,False,True,False,False,False,False,False
720575940629439043,cell_class,AN,6888,400,0.25,0.01,0.05,0.0039198606271777,0.9655923344947736,0.017276422764227643,0.0014518002322880372,0.0040650406504065045,0.007259001161440186,0.00043554006968641115,False,False,False,False,False,False,False
720575940629439043,cell_class,AN,6888,400,0.25,0.01,0.1,0.0039198606271777,0.9655923344947736,0.017276422764227643,0.0014518002322880372,0.0040650406504065045,0.007259001161440186,0.00043554006968641115,False,False,False,False,False,False,False
720575940619079152,cell_class,AN,411,400,0.25,0.14285714285714285,0.01,0.0,0.683698296836983,0.0948905109489051,0.0,0.15815085158150852,0.06082725060827251,0.0024330900243309003,,True,True,True,True,,
720575940619079152,cell_class,AN,411,400,0.25,0.14285714285714285,0.05,0.0,0.683698296836983,0.0948905109489051,0.0,0.15815085158150852,0.06082725060827251,0.0024330900243309003,,True,False,True,False,,
720575940619079152,cell_class,AN,411,400,0.25,0.14285714285714285,0.1,0.0,0.683698296836983,0.0948905109489051,0.0,0.15815085158150852,0.06082725060827251,0.0024330900243309003,,True,False,False,False,,
720575940619079152,cell_class,AN,411,400,0.25,0.04,0.01,0.0,0.683698296836983,0.0948905109489051,0.0,0.15815085158150852,0.06082725060827251,0.0024330900243309003,,True,True,True,True,,
720575940619079152,cell_class,AN,411,400,0.25,0.04,0.05,0.0,0.683698296836983,0.0948905109489051,0.0,0.15815085158150852,0.06082725060827251,0.0024330900243309003,,True,False,False,False,,
720575940619079152,cell_class,AN,411,400,0.25,0.04,0.1,0.0,0.683698296836983,0.0948905109489051,0.0,0.15815085158150852,0.06082725060827251,0.0024330900243309003,,False,False,False,False,,
720575940619079152,cell_class,AN,411,400,0.25,0.02,0.01,0.0,0.683698296836983,0.0948905109489051,0.0,0.15815085158150852,0.06082725060827251,0.0024330900243309003,,True,True,True,True,,
720575940619079152,cell_class,AN,411,400,0.25,0.02,0.05,0.0,0.683698296836983,0.0948905109489051,0.0,0.15815085158150852,0.06082725060827251,0.0024330900243309003,,True,False,False,False,,
720575940619079152,cell_class,AN,411,400,0.25,0.02,0.1,0.0,0.683698296836983,0.0948905109489051,0.0,0.15815085158150852,0.06082725060827251,0.0024330900243309003,,False,False,False,False,,
720575940619079152,cell_class,AN,411,400,0.25,0.01,0.01,0.0,0.683698296836983,0.0948905109489051,0.0,0.15815085158150852,0.06082725060827251,0.0024330900243309003,,True,True,True,True,,
720575940619079152,cell_class,AN,411,400,0.25,0.01,0.05,0.0,0.683698296836983,0.0948905109489051,0.0,0.15815085158150852,0.06082725060827251,0.0024330900243309003,,True,False,False,False,,
720575940619079152,cell_class,AN,411,400,0.25,0.01,0.1,0.0,0.683698296836983,0.0948905109489051,0.0,0.15815085158150852,0.06082725060827251,0.0024330900243309003,,False,False,False,False,,
720575940630424407,cell_class,AN,3888,400,0.25,0.14285714285714285,0.01,0.026748971193415638,0.8364197530864198,0.04603909465020576,0.006172839506172839,0.08384773662551441,0.0007716049382716049,0.0,True,True,True,True,False,False,
720575940630424407,cell_class,AN,3888,400,0.25,0.14285714285714285,0.05,0.026748971193415638,0.8364197530864198,0.04603909465020576,0.006172839506172839,0.08384773662551441,0.0007716049382716049,0.0,False,True,False,False,False,False,
720575940630424407,cell_class,AN,3888,400,0.25,0.14285714285714285,0.1,0.026748971193415638,0.8364197530864198,0.04603909465020576,0.006172839506172839,0.08384773662551441,0.0007716049382716049,0.0,False,True,False,False,False,False,
720575940630424407,cell_class,AN,3888,400,0.25,0.04,0.01,0.026748971193415638,0.8364197530864198,0.04603909465020576,0.006172839506172839,0.08384773662551441,0.0007716049382716049,0.0,False,True,False,False,False,False,
720575940630424407,cell_class,AN,3888,400,0.25,0.04,0.05,0.026748971193415638,0.8364197530864198,0.04603909465020576,0.006172839506172839,0.08384773662551441,0.0007716049382716049,0.0,False,True,False,False,False,False,
720575940630424407,cell_class,AN,3888,400,0.25,0.04,0.1,0.026748971193415638,0.8364197530864198,0.04603909465020576,0.006172839506172839,0.08384773662551441,0.0007716049382716049,0.0,False,True,False,False,False,False,
720575940630424407,cell_class,AN,3888,400,0.25,0.02,0.01,0.026748971193415638,0.8364197530864198,0.04603909465020576,0.006172839506172839,0.08384773662551441,0.0007716049382716049,0.0,False,True,False,False,False,False,
720575940630424407,cell_class,AN,3888,400,0.25,0.02,0.05,0.026748971193415638,0.8364197530864198,0.04603909465020576,0.006172839506172839,0.08384773662551441,0.0007716049382716049,0.0,False,False,False,False,False,False,
720575940630424407,cell_class,AN,3888,400,0.25,0.02,0.1,0.026748971193415638,0.8364197530864198,0.04603909465020576,0.006172839506172839,0.08384773662551441,0.0007716049382716049,0.0,False,False,False,False,False,False,
720575940630424407,cell_class,AN,3888,400,0.25,0.01,0.01,0.026748971193415638,0.8364197530864198,0.04603909465020576,0.006172839506172839,0.08384773662551441,0.0007716049382716049,0.0,False,True,False,False,False,False,
720575940630424407,cell_class,AN,3888,400,0.25,0.01,0.05,0.026748971193415638,0.8364197530864198,0.04603909465020576,0.006172839506172839,0.08384773662551441,0.0007716049382716049,0.0,False,False,False,False,False,False,
720575940630424407,cell_class,AN,3888,400,0.25,0.01,0.1,0.026748971193415638,0.8364197530864198,0.04603909465020576,0.006172839506172839,0.08384773662551441,0.0007716049382716049,0.0,False,False,False,False,False,False,
720575940640177280,cell_class,AN,1445,400,0.25,0.14285714285714285,0.01,0.4069204152249135,0.24429065743944636,0.02629757785467128,0.005536332179930796,0.1750865051903114,0.1411764705882353,0.0006920415224913495,True,True,True,True,True,False,
720575940640177280,cell_class,AN,1445,400,0.25,0.14285714285714285,0.05,0.4069204152249135,0.24429065743944636,0.02629757785467128,0.005536332179930796,0.1750865051903114,0.1411764705882353,0.0006920415224913495,True,True,False,False,True,False,
720575940640177280,cell_class,AN,1445,400,0.25,0.14285714285714285,0.1,0.4069204152249135,0.24429065743944636,0.02629757785467128,0.005536332179930796,0.1750865051903114,0.1411764705882353,0.0006920415224913495,True,False,False,False,False,False,
720575940640177280,cell_class,AN,1445,400,0.25,0.04,0.01,0.4069204152249135,0.24429065743944636,0.02629757785467128,0.005536332179930796,0.1750865051903114,0.1411764705882353,0.0006920415224913495,True,True,False,True,True,False,
720575940640177280,cell_class,AN,1445,400,0.25,0.04,0.05,0.4069204152249135,0.24429065743944636,0.02629757785467128,0.005536332179930796,0.1750865051903114,0.1411764705882353,0.0006920415224913495,True,False,False,False,False,False,
720575940640177280,cell_class,AN,1445,400,0.25,0.04,0.1,0.4069204152249135,0.24429065743944636,0.02629757785467128,0.005536332179930796,0.1750865051903114,0.1411764705882353,0.0006920415224913495,False,False,False,False,False,False,
720575940640177280,cell_class,AN,1445,400,0.25,0.02,0.01,0.4069204152249135,0.24429065743944636,0.02629757785467128,0.005536332179930796,0.1750865051903114,0.1411764705882353,0.0006920415224913495,True,True,False,True,True,False,
720575940640177280,cell_class,AN,1445,400,0.25,0.02,0.05,0.4069204152249135,0.24429065743944636,0.02629757785467128,0.005536332179930796,0.1750865051903114,0.1411764705882353,0.0006920415224913495,False,False,False,False,False,False,
720575940640177280,cell_class,AN,1445,400,0.25,0.02,0.1,0.4069204152249135,0.24429065743944636,0.02629757785467128,0.005536332179930796,0.1750865051903114,0.1411764705882353,0.0006920415224913495,False,False,False,False,False,False,
720575940640177280,cell_class,AN,1445,400,0.25,0.01,0.01,0.4069204152249135,0.24429065743944636,0.02629757785467128,0.005536332179930796,0.1750865051903114,0.1411764705882353,0.0006920415224913495,True,True,False,True,True,False,
720575940640177280,cell_class,AN,1445,400,0.25,0.01,0.05,0.4069204152249135,0.24429065743944636,0.02629757785467128,0.005536332179930796,0.1750865051903114,0.1411764705882353,0.0006920415224913495,False,False,False,False,False,False,
720575940640177280,cell_class,AN,1445,400,0.25,0.01,0.1,0.4069204152249135,0.24429065743944636,0.02629757785467128,0.005536332179930796,0.1750865051903114,0.1411764705882353,0.0006920415224913495,False,False,False,False,False,False,
720575940619241456,cell_class,AN,1337,400,0.25,0.14285714285714285,0.01,0.005983545250560957,0.9783096484667165,0.0,0.0,0.014210919970082274,0.0014958863126402393,0.0,False,True,,False,False,,
720575940619241456,cell_class,AN,1337,400,0.25,0.14285714285714285,0.05,0.005983545250560957,0.9783096484667165,0.0,0.0,0.014210919970082274,0.0014958863126402393,0.0,False,True,,False,False,,
720575940619241456,cell_class,AN,1337,400,0.25,0.14285714285714285,0.1,0.005983545250560957,0.9783096484667165,0.0,0.0,0.014210919970082274,0.0014958863126402393,0.0,False,True,,False,False,,
720575940619241456,cell_class,AN,1337,400,0.25,0.04,0.01,0.005983545250560957,0.9783096484667165,0.0,0.0,0.014210919970082274,0.0014958863126402393,0.0,False,True,,False,False,,
720575940619241456,cell_class,AN,1337,400,0.25,0.04,0.05,0.005983545250560957,0.9783096484667165,0.0,0.0,0.014210919970082274,0.0014958863126402393,0.0,False,True,,False,False,,
720575940619241456,cell_class,AN,1337,400,0.25,0.04,0.1,0.005983545250560957,0.9783096484667165,0.0,0.0,0.014210919970082274,0.0014958863126402393,0.0,False,False,,False,False,,
720575940619241456,cell_class,AN,1337,400,0.25,0.02,0.01,0.005983545250560957,0.9783096484667165,0.0,0.0,0.014210919970082274,0.0014958863126402393,0.0,False,True,,False,False,,
720575940619241456,cell_class,AN,1337,400,0.25,0.02,0.05,0.005983545250560957,0.9783096484667165,0.0,0.0,0.014210919970082274,0.0014958863126402393,0.0,False,True,,False,False,,
720575940619241456,cell_class,AN,1337,400,0.25,0.02,0.1,0.005983545250560957,0.9783096484667165,0.0,0.0,0.014210919970082274,0.0014958863126402393,0.0,False,False,,False,False,,
720575940619241456,cell_class,AN,1337,400,0.25,0.01,0.01,0.005983545250560957,0.9783096484667165,0.0,0.0,0.014210919970082274,0.0014958863126402393,0.0,False,True,,False,False,,
720575940619241456,cell_class,AN,1337,400,0.25,0.01,0.05,0.005983545250560957,0.9783096484667165,0.0,0.0,0.014210919970082274,0.0014958863126402393,0.0,False,False,,False,False,,
720575940619241456,cell_class,AN,1337,400,0.25,0.01,0.1,0.005983545250560957,0.9783096484667165,0.0,0.0,0.014210919970082274,0.0014958863126402393,0.0,False,False,,False,False,,
720575940633764247,cell_class,AN,5075,400,0.25,0.14285714285714285,0.01,0.002955665024630542,0.3304433497536946,0.0035467980295566504,0.005517241379310344,0.6480788177339901,0.009261083743842364,0.00019704433497536947,False,True,False,True,False,False,
720575940633764247,cell_class,AN,5075,400,0.25,0.14285714285714285,0.05,0.002955665024630542,0.3304433497536946,0.0035467980295566504,0.005517241379310344,0.6480788177339901,0.009261083743842364,0.00019704433497536947,False,True,False,True,False,False,
720575940633764247,cell_class,AN,5075,400,0.25,0.14285714285714285,0.1,0.002955665024630542,0.3304433497536946,0.0035467980295566504,0.005517241379310344,0.6480788177339901,0.009261083743842364,0.00019704433497536947,False,True,False,True,False,False,
720575940633764247,cell_class,AN,5075,400,0.25,0.04,0.01,0.002955665024630542,0.3304433497536946,0.0035467980295566504,0.005517241379310344,0.6480788177339901,0.009261083743842364,0.00019704433497536947,False,True,False,True,False,False,
720575940633764247,cell_class,AN,5075,400,0.25,0.04,0.05,0.002955665024630542,0.3304433497536946,0.0035467980295566504,0.005517241379310344,0.6480788177339901,0.009261083743842364,0.00019704433497536947,False,False,False,True,False,False,
720575940633764247,cell_class,AN,5075,400,0.25,0.04,0.1,0.002955665024630542,0.3304433497536946,0.0035467980295566504,0.005517241379310344,0.6480788177339901,0.009261083743842364,0.00019704433497536947,False,False,False,False,False,False,
720575940633764247,cell_class,AN,5075,400,0.25,0.02,0.01,0.002955665024630542,0.3304433497536946,0.0035467980295566504,0.005517241379310344,0.6480788177339901,0.009261083743842364,0.00019704433497536947,False,True,False,True,False,False,
720575940633764247,cell_class,AN,5075,400,0.25,0.02,0.05,0.002955665024630542,0.3304433497536946,0.0035467980295566504,0.005517241379310344,0.6480788177339901,0.009261083743842364,0.00019704433497536947,False,False,False,True,False,False,
720575940633764247,cell_class,AN,5075,400,0.25,0.02,0.1,0.002955665024630542,0.3304433497536946,0.0035467980295566504,0.005517241379310344,0.6480788177339901,0.009261083743842364,0.00019704433497536947,False,False,False,False,False,False,
720575940633764247,cell_class,AN,5075,400,0.25,0.01,0.01,0.002955665024630542,0.3304433497536946,0.0035467980295566504,0.005517241379310344,0.6480788177339901,0.009261083743842364,0.00019704433497536947,False,True,False,True,False,False,
720575940633764247,cell_class,AN,5075,400,0.25,0.01,0.05,0.002955665024630542,0.3304433497536946,0.0035467980295566504,0.005517241379310344,0.6480788177339901,0.009261083743842364,0.00019704433497536947,False,False,False,True,False,False,
720575940633764247,cell_class,AN,5075,400,0.25,0.01,0.1,0.002955665024630542,0.3304433497536946,0.0035467980295566504,0.005517241379310344,0.6480788177339901,0.009261083743842364,0.00019704433497536947,False,False,False,False,False,False,
720575940633292769,cell_class,AN,676,400,0.25,0.14285714285714285,0.01,0.0029585798816568047,0.029585798816568046,0.0014792899408284023,0.7588757396449705,0.1893491124260355,0.01775147928994083,0.0,False,True,,True,True,True,
720575940633292769,cell_class,AN,676,400,0.25,0.14285714285714285,0.05,0.0029585798816568047,0.029585798816568046,0.0014792899408284023,0.7588757396449705,0.1893491124260355,0.01775147928994083,0.0,False,False,,False,False,True,
720575940633292769,cell_class,AN,676,400,0.25,0.14285714285714285,0.1,0.0029585798816568047,0.029585798816568046,0.0014792899408284023,0.7588757396449705,0.1893491124260355,0.01775147928994083,0.0,False,False,,False,False,True,
720575940633292769,cell_class,AN,676,400,0.25,0.04,0.01,0.0029585798816568047,0.029585798816568046,0.0014792899408284023,0.7588757396449705,0.1893491124260355,0.01775147928994083,0.0,False,True,,True,False,True,
720575940633292769,cell_class,AN,676,400,0.25,0.04,0.05,0.0029585798816568047,0.029585798816568046,0.0014792899408284023,0.7588757396449705,0.1893491124260355,0.01775147928994083,0.0,False,False,,False,False,True,
720575940633292769,cell_class,AN,676,400,0.25,0.04,0.1,0.0029585798816568047,0.029585798816568046,0.0014792899408284023,0.7588757396449705,0.1893491124260355,0.01775147928994083,0.0,False,False,,False,False,False,
720575940633292769,cell_class,AN,676,400,0.25,0.02,0.01,0.0029585798816568047,0.029585798816568046,0.0014792899408284023,0.7588757396449705,0.1893491124260355,0.01775147928994083,0.0,False,True,,True,False,True,
720575940633292769,cell_class,AN,676,400,0.25,0.02,0.05,0.0029585798816568047,0.029585798816568046,0.0014792899408284023,0.7588757396449705,0.1893491124260355,0.01775147928994083,0.0,False,False,,False,False,True,
720575940633292769,cell_class,AN,676,400,0.25,0.02,0.1,0.0029585798816568047,0.029585798816568046,0.0014792899408284023,0.7588757396449705,0.1893491124260355,0.01775147928994083,0.0,False,False,,False,False,False,
720575940633292769,cell_class,AN,676,400,0.25,0.01,0.01,0.0029585798816568047,0.029585798816568046,0.0014792899408284023,0.7588757396449705,0.1893491124260355,0.01775147928994083,0.0,False,True,,True,False,True,
720575940633292769,cell_class,AN,676,400,0.25,0.01,0.05,0.0029585798816568047,0.029585798816568046,0.0014792899408284023,0.7588757396449705,0.1893491124260355,0.01775147928994083,0.0,False,False,,False,False,True,
720575940633292769,cell_class,AN,676,400,0.25,0.01,0.1,0.0029585798816568047,0.029585798816568046,0.0014792899408284023,0.7588757396449705,0.1893491124260355,0.01775147928994083,0.0,False,False,,False,False,False,
720575940639606747,cell_class,AN,4610,400,0.25,0.14285714285714285,0.01,0.8199566160520607,0.14620390455531454,0.011496746203904555,0.0017353579175704988,0.012798264642082429,0.0078091106290672455,0.0,True,True,False,False,False,False,
720575940639606747,cell_class,AN,4610,400,0.25,0.14285714285714285,0.05,0.8199566160520607,0.14620390455531454,0.011496746203904555,0.0017353579175704988,0.012798264642082429,0.0078091106290672455,0.0,True,True,False,False,False,False,
720575940639606747,cell_class,AN,4610,400,0.25,0.14285714285714285,0.1,0.8199566160520607,0.14620390455531454,0.011496746203904555,0.0017353579175704988,0.012798264642082429,0.0078091106290672455,0.0,True,False,False,False,False,False,
720575940639606747,cell_class,AN,4610,400,0.25,0.04,0.01,0.8199566160520607,0.14620390455531454,0.011496746203904555,0.0017353579175704988,0.012798264642082429,0.0078091106290672455,0.0,True,True,False,False,False,False,
720575940639606747,cell_class,AN,4610,400,0.25,0.04,0.05,0.8199566160520607,0.14620390455531454,0.011496746203904555,0.0017353579175704988,0.012798264642082429,0.0078091106290672455,0.0,True,False,False,False,False,False,
720575940639606747,cell_class,AN,4610,400,0.25,0.04,0.1,0.8199566160520607,0.14620390455531454,0.011496746203904555,0.0017353579175704988,0.012798264642082429,0.0078091106290672455,0.0,True,False,False,False,False,False,
720575940639606747,cell_class,AN,4610,400,0.25,0.02,0.01,0.8199566160520607,0.14620390455531454,0.011496746203904555,0.0017353579175704988,0.012798264642082429,0.0078091106290672455,0.0,True,True,False,False,False,False,
720575940639606747,cell_class,AN,4610,400,0.25,0.02,0.05,0.8199566160520607,0.14620390455531454,0.011496746203904555,0.0017353579175704988,0.012798264642082429,0.0078091106290672455,0.0,True,False,False,False,False,False,
720575940639606747,cell_class,AN,4610,400,0.25,0.02,0.1,0.8199566160520607,0.14620390455531454,0.011496746203904555,0.0017353579175704988,0.012798264642082429,0.0078091106290672455,0.0,False,False,False,False,False,False,
720575940639606747,cell_class,AN,4610,400,0.25,0.01,0.01,0.8199566160520607,0.14620390455531454,0.011496746203904555,0.0017353579175704988,0.012798264642082429,0.0078091106290672455,0.0,True,False,False,False,False,False,
720575940639606747,cell_class,AN,4610,400,0.25,0.01,0.05,0.8199566160520607,0.14620390455531454,0.011496746203904555,0.0017353579175704988,0.012798264642082429,0.0078091106290672455,0.0,False,False,False,False,False,False,
720575940639606747,cell_class,AN,4610,400,0.25,0.01,0.1,0.8199566160520607,0.14620390455531454,0.011496746203904555,0.0017353579175704988,0.012798264642082429,0.0078091106290672455,0.0,False,False,False,False,False,False,
720575940614633122,cell_class,AN,12450,400,0.25,0.14285714285714285,0.01,0.02746987951807229,0.9233734939759036,0.030923694779116467,0.005461847389558233,0.007951807228915662,0.00465863453815261,0.0001606425702811245,True,True,True,False,False,False,False
720575940614633122,cell_class,AN,12450,400,0.25,0.14285714285714285,0.05,0.02746987951807229,0.9233734939759036,0.030923694779116467,0.005461847389558233,0.007951807228915662,0.00465863453815261,0.0001606425702811245,False,True,False,False,False,False,False
720575940614633122,cell_class,AN,12450,400,0.25,0.14285714285714285,0.1,0.02746987951807229,0.9233734939759036,0.030923694779116467,0.005461847389558233,0.007951807228915662,0.00465863453815261,0.0001606425702811245,False,True,False,False,False,False,False
720575940614633122,cell_class,AN,12450,400,0.25,0.04,0.01,0.02746987951807229,0.9233734939759036,0.030923694779116467,0.005461847389558233,0.007951807228915662,0.00465863453815261,0.0001606425702811245,False,True,True,False,False,False,False
720575940614633122,cell_class,AN,12450,400,0.25,0.04,0.05,0.02746987951807229,0.9233734939759036,0.030923694779116467,0.005461847389558233,0.007951807228915662,0.00465863453815261,0.0001606425702811245,False,True,False,False,False,False,False
720575940614633122,cell_class,AN,12450,400,0.25,0.04,0.1,0.02746987951807229,0.9233734939759036,0.030923694779116467,0.005461847389558233,0.007951807228915662,0.00465863453815261,0.0001606425702811245,False,True,False,False,False,False,False
720575940614633122,cell_class,AN,12450,400,0.25,0.02,0.01,0.02746987951807229,0.9233734939759036,0.030923694779116467,0.005461847389558233,0.007951807228915662,0.00465863453815261,0.0001606425702811245,False,True,False,False,False,False,False
720575940614633122,cell_class,AN,12450,400,0.25,0.02,0.05,0.02746987951807229,0.9233734939759036,0.030923694779116467,0.005461847389558233,0.007951807228915662,0.00465863453815261,0.0001606425702811245,False,True,False,False,False,False,False
720575940614633122,cell_class,AN,12450,400,0.25,0.02,0.1,0.02746987951807229,0.9233734939759036,0.030923694779116467,0.005461847389558233,0.007951807228915662,0.00465863453815261,0.0001606425702811245,False,False,False,False,False,False,False
720575940614633122,cell_class,AN,12450,400,0.25,0.01,0.01,0.02746987951807229,0.9233734939759036,0.030923694779116467,0.005461847389558233,0.007951807228915662,0.00465863453815261,0.0001606425702811245,False,True,False,False,False,False,False
720575940614633122,cell_class,AN,12450,400,0.25,0.01,0.05,0.02746987951807229,0.9233734939759036,0.030923694779116467,0.005461847389558233,0.007951807228915662,0.00465863453815261,0.0001606425702811245,False,False,False,False,False,False,False
720575940614633122,cell_class,AN,12450,400,0.25,0.01,0.1,0.02746987951807229,0.9233734939759036,0.030923694779116467,0.005461847389558233,0.007951807228915662,0.00465863453815261,0.0001606425702811245,False,False,False,False,False,False,False
720575940619668741,cell_class,AN,1107,400,0.25,0.14285714285714285,0.01,0.0,0.02077687443541102,0.0,0.028906955736224028,0.948509485094851,0.0018066847335140017,0.0,,True,,True,False,False,
720575940619668741,cell_class,AN,1107,400,0.25,0.14285714285714285,0.05,0.0,0.02077687443541102,0.0,0.028906955736224028,0.948509485094851,0.0018066847335140017,0.0,,False,,True,False,False,
720575940619668741,cell_class,AN,1107,400,0.25,0.14285714285714285,0.1,0.0,0.02077687443541102,0.0,0.028906955736224028,0.948509485094851,0.0018066847335140017,0.0,,False,,True,False,False,
720575940619668741,cell_class,AN,1107,400,0.25,0.04,0.01,0.0,0.02077687443541102,0.0,0.028906955736224028,0.948509485094851,0.0018066847335140017,0.0,,True,,True,False,False,
720575940619668741,cell_class,AN,1107,400,0.25,0.04,0.05,0.0,0.02077687443541102,0.0,0.028906955736224028,0.948509485094851,0.0018066847335140017,0.0,,False,,True,False,False,
720575940619668741,cell_class,AN,1107,400,0.25,0.04,0.1,0.0,0.02077687443541102,0.0,0.028906955736224028,0.948509485094851,0.0018066847335140017,0.0,,False,,True,False,False,
720575940619668741,cell_class,AN,1107,400,0.25,0.02,0.01,0.0,0.02077687443541102,0.0,0.028906955736224028,0.948509485094851,0.0018066847335140017,0.0,,True,,True,False,False,
720575940619668741,cell_class,AN,1107,400,0.25,0.02,0.05,0.0,0.02077687443541102,0.0,0.028906955736224028,0.948509485094851,0.0018066847335140017,0.0,,False,,True,False,False,
720575940619668741,cell_class,AN,1107,400,0.25,0.02,0.1,0.0,0.02077687443541102,0.0,0.028906955736224028,0.948509485094851,0.0018066847335140017,0.0,,False,,True,False,False,
720575940619668741,cell_class,AN,1107,400,0.25,0.01,0.01,0.0,0.02077687443541102,0.0,0.028906955736224028,0.948509485094851,0.0018066847335140017,0.0,,True,,True,False,False,
720575940619668741,cell_class,AN,1107,400,0.25,0.01,0.05,0.0,0.02077687443541102,0.0,0.028906955736224028,0.948509485094851,0.0018066847335140017,0.0,,False,,True,False,False,
720575940619668741,cell_class,AN,1107,400,0.25,0.01,0.1,0.0,0.02077687443541102,0.0,0.028906955736224028,0.948509485094851,0.0018066847335140017,0.0,,False,,True,False,False,
720575940639429504,cell_class,AN,5627,400,0.25,0.14285714285714285,0.01,0.005509152301403945,0.9667673716012085,0.005153723120668207,0.0030211480362537764,0.005864581482139684,0.01350630886795806,0.00017771459036786921,False,True,False,False,False,False,
720575940639429504,cell_class,AN,5627,400,0.25,0.14285714285714285,0.05,0.005509152301403945,0.9667673716012085,0.005153723120668207,0.0030211480362537764,0.005864581482139684,0.01350630886795806,0.00017771459036786921,False,True,False,False,False,False,
720575940639429504,cell_class,AN,5627,400,0.25,0.14285714285714285,0.1,0.005509152301403945,0.9667673716012085,0.005153723120668207,0.0030211480362537764,0.005864581482139684,0.01350630886795806,0.00017771459036786921,False,True,False,False,False,False,
720575940639429504,cell_class,AN,5627,400,0.25,0.04,0.01,0.005509152301403945,0.9667673716012085,0.005153723120668207,0.0030211480362537764,0.005864581482139684,0.01350630886795806,0.00017771459036786921,False,True,False,False,False,False,
720575940639429504,cell_class,AN,5627,400,0.25,0.04,0.05,0.005509152301403945,0.9667673716012085,0.005153723120668207,0.0030211480362537764,0.005864581482139684,0.01350630886795806,0.00017771459036786921,False,True,False,False,False,False,
720575940639429504,cell_class,AN,5627,400,0.25,0.04,0.1,0.005509152301403945,0.9667673716012085,0.005153723120668207,0.0030211480362537764,0.005864581482139684,0.01350630886795806,0.00017771459036786921,False,True,False,False,False,False,
720575940639429504,cell_class,AN,5627,400,0.25,0.02,0.01,0.005509152301403945,0.9667673716012085,0.005153723120668207,0.0030211480362537764,0.005864581482139684,0.01350630886795806,0.00017771459036786921,False,True,False,False,False,False,
720575940639429504,cell_class,AN,5627,400,0.25,0.02,0.05,0.005509152301403945,0.9667673716012085,0.005153723120668207,0.0030211480362537764,0.005864581482139684,0.01350630886795806,0.00017771459036786921,False,True,False,False,False,False,
720575940639429504,cell_class,AN,5627,400,0.25,0.02,0.1,0.005509152301403945,0.9667673716012085,0.005153723120668207,0.0030211480362537764,0.005864581482139684,0.01350630886795806,0.00017771459036786921,False,False,False,False,False,False,
720575940639429504,cell_class,AN,5627,400,0.25,0.01,0.01,0.005509152301403945,0.9667673716012085,0.005153723120668207,0.0030211480362537764,0.005864581482139684,0.01350630886795806,0.00017771459036786921,False,True,False,False,False,False,
720575940639429504,cell_class,AN,5627,400,0.25,0.01,0.05,0.005509152301403945,0.9667673716012085,0.005153723120668207,0.0030211480362537764,0.005864581482139684,0.01350630886795806,0.00017771459036786921,False,False,False,False,False,False,
720575940639429504,cell_class,AN,5627,400,0.25,0.01,0.1,0.005509152301403945,0.9667673716012085,0.005153723120668207,0.0030211480362537764,0.005864581482139684,0.01350630886795806,0.00017771459036786921,False,False,False,False,False,False,
720575940622025989,cell_class,AN,650,400,0.25,0.14285714285714285,0.01,0.003076923076923077,0.9815384615384616,0.0,0.0,0.013846153846153847,0.0015384615384615385,0.0,False,True,,False,,,
720575940622025989,cell_class,AN,650,400,0.25,0.14285714285714285,0.05,0.003076923076923077,0.9815384615384616,0.0,0.0,0.013846153846153847,0.0015384615384615385,0.0,False,True,,False,,,
720575940622025989,cell_class,AN,650,400,0.25,0.14285714285714285,0.1,0.003076923076923077,0.9815384615384616,0.0,0.0,0.013846153846153847,0.0015384615384615385,0.0,False,True,,False,,,
720575940622025989,cell_class,AN,650,400,0.25,0.04,0.01,0.003076923076923077,0.9815384615384616,0.0,0.0,0.013846153846153847,0.0015384615384615385,0.0,False,True,,False,,,
720575940622025989,cell_class,AN,650,400,0.25,0.04,0.05,0.003076923076923077,0.9815384615384616,0.0,0.0,0.013846153846153847,0.0015384615384615385,0.0,False,True,,False,,,
720575940622025989,cell_class,AN,650,400,0.25,0.04,0.1,0.003076923076923077,0.9815384615384616,0.0,0.0,0.013846153846153847,0.0015384615384615385,0.0,False,True,,False,,,
720575940622025989,cell_class,AN,650,400,0.25,0.02,0.01,0.003076923076923077,0.9815384615384616,0.0,0.0,0.013846153846153847,0.0015384615384615385,0.0,False,True,,False,,,
720575940622025989,cell_class,AN,650,400,0.25,0.02,0.05,0.003076923076923077,0.9815384615384616,0.0,0.0,0.013846153846153847,0.0015384615384615385,0.0,False,True,,False,,,
720575940622025989,cell_class,AN,650,400,0.25,0.02,0.1,0.003076923076923077,0.9815384615384616,0.0,0.0,0.013846153846153847,0.0015384615384615385,0.0,False,True,,False,,,
720575940622025989,cell_class,AN,650,400,0.25,0.01,0.01,0.003076923076923077,0.9815384615384616,0.0,0.0,0.013846153846153847,0.0015384615384615385,0.0,False,True,,False,,,
720575940622025989,cell_class,AN,650,400,0.25,0.01,0.05,0.003076923076923077,0.9815384615384616,0.0,0.0,0.013846153846153847,0.0015384615384615385,0.0,False,True,,False,,,
720575940622025989,cell_class,AN,650,400,0.25,0.01,0.1,0.003076923076923077,0.9815384615384616,0.0,0.0,0.013846153846153847,0.0015384615384615385,0.0,False,False,,False,,,
720575940612422654,cell_class,AN,4685,400,0.25,0.14285714285714285,0.01,0.03970117395944504,0.8422625400213447,0.08431163287086446,0.014727854855923159,0.014300960512273213,0.00448239060832444,0.00021344717182497332,True,True,True,False,False,False,
720575940612422654,cell_class,AN,4685,400,0.25,0.14285714285714285,0.05,0.03970117395944504,0.8422625400213447,0.08431163287086446,0.014727854855923159,0.014300960512273213,0.00448239060832444,0.00021344717182497332,False,True,True,False,False,False,
720575940612422654,cell_class,AN,4685,400,0.25,0.14285714285714285,0.1,0.03970117395944504,0.8422625400213447,0.08431163287086446,0.014727854855923159,0.014300960512273213,0.00448239060832444,0.00021344717182497332,False,True,False,False,False,False,
720575940612422654,cell_class,AN,4685,400,0.25,0.04,0.01,0.03970117395944504,0.8422625400213447,0.08431163287086446,0.014727854855923159,0.014300960512273213,0.00448239060832444,0.00021344717182497332,False,True,True,False,False,False,
720575940612422654,cell_class,AN,4685,400,0.25,0.04,0.05,0.03970117395944504,0.8422625400213447,0.08431163287086446,0.014727854855923159,0.014300960512273213,0.00448239060832444,0.00021344717182497332,False,True,False,False,False,False,
720575940612422654,cell_class,AN,4685,400,0.25,0.04,0.1,0.03970117395944504,0.8422625400213447,0.08431163287086446,0.014727854855923159,0.014300960512273213,0.00448239060832444,0.00021344717182497332,False,True,False,False,False,False,
720575940612422654,cell_class,AN,4685,400,0.25,0.02,0.01,0.03970117395944504,0.8422625400213447,0.08431163287086446,0.014727854855923159,0.014300960512273213,0.00448239060832444,0.00021344717182497332,False,True,True,False,False,False,
720575940612422654,cell_class,AN,4685,400,0.25,0.02,0.05,0.03970117395944504,0.8422625400213447,0.08431163287086446,0.014727854855923159,0.014300960512273213,0.00448239060832444,0.00021344717182497332,False,True,False,False,False,False,
720575940612422654,cell_class,AN,4685,400,0.25,0.02,0.1,0.03970117395944504,0.8422625400213447,0.08431163287086446,0.014727854855923159,0.014300960512273213,0.00448239060832444,0.00021344717182497332,False,False,False,False,False,False,
720575940612422654,cell_class,AN,4685,400,0.25,0.01,0.01,0.03970117395944504,0.8422625400213447,0.08431163287086446,0.014727854855923159,0.014300960512273213,0.00448239060832444,0.00021344717182497332,False,True,True,False,False,False,
720575940612422654,cell_class,AN,4685,400,0.25,0.01,0.05,0.03970117395944504,0.8422625400213447,0.08431163287086446,0.014727854855923159,0.014300960512273213,0.00448239060832444,0.00021344717182497332,False,True,False,False,False,False,
720575940612422654,cell_class,AN,4685,400,0.25,0.01,0.1,0.03970117395944504,0.8422625400213447,0.08431163287086446,0.014727854855923159,0.014300960512273213,0.00448239060832444,0.00021344717182497332,False,False,False,False,False,False,
720575940604843710,cell_class,AN,4130,400,0.25,0.14285714285714285,0.01,0.8101694915254237,0.12542372881355932,0.03631961259079903,0.0036319612590799033,0.014043583535108959,0.008958837772397095,0.0014527845036319612,True,True,False,False,False,False,False
720575940604843710,cell_class,AN,4130,400,0.25,0.14285714285714285,0.05,0.8101694915254237,0.12542372881355932,0.03631961259079903,0.0036319612590799033,0.014043583535108959,0.008958837772397095,0.0014527845036319612,True,False,False,False,False,False,False
720575940604843710,cell_class,AN,4130,400,0.25,0.14285714285714285,0.1,0.8101694915254237,0.12542372881355932,0.03631961259079903,0.0036319612590799033,0.014043583535108959,0.008958837772397095,0.0014527845036319612,True,False,False,False,False,False,False
720575940604843710,cell_class,AN,4130,400,0.25,0.04,0.01,0.8101694915254237,0.12542372881355932,0.03631961259079903,0.0036319612590799033,0.014043583535108959,0.008958837772397095,0.0014527845036319612,True,True,False,False,False,False,False
720575940604843710,cell_class,AN,4130,400,0.25,0.04,0.05,0.8101694915254237,0.12542372881355932,0.03631961259079903,0.0036319612590799033,0.014043583535108959,0.008958837772397095,0.0014527845036319612,True,False,False,False,False,False,False
720575940604843710,cell_class,AN,4130,400,0.25,0.04,0.1,0.8101694915254237,0.12542372881355932,0.03631961259079903,0.0036319612590799033,0.014043583535108959,0.008958837772397095,0.0014527845036319612,False,False,False,False,False,False,False
720575940604843710,cell_class,AN,4130,400,0.25,0.02,0.01,0.8101694915254237,0.12542372881355932,0.03631961259079903,0.0036319612590799033,0.014043583535108959,0.008958837772397095,0.0014527845036319612,True,True,False,False,False,False,False
720575940604843710,cell_class,AN,4130,400,0.25,0.02,0.05,0.8101694915254237,0.12542372881355932,0.03631961259079903,0.0036319612590799033,0.014043583535108959,0.008958837772397095,0.0014527845036319612,False,False,False,False,False,False,False
720575940604843710,cell_class,AN,4130,400,0.25,0.02,0.1,0.8101694915254237,0.12542372881355932,0.03631961259079903,0.0036319612590799033,0.014043583535108959,0.008958837772397095,0.0014527845036319612,False,False,False,False,False,False,False
720575940604843710,cell_class,AN,4130,400,0.25,0.01,0.01,0.8101694915254237,0.12542372881355932,0.03631961259079903,0.0036319612590799033,0.014043583535108959,0.008958837772397095,0.0014527845036319612,True,True,False,False,False,False,False
720575940604843710,cell_class,AN,4130,400,0.25,0.01,0.05,0.8101694915254237,0.12542372881355932,0.03631961259079903,0.0036319612590799033,0.014043583535108959,0.008958837772397095,0.0014527845036319612,False,False,False,False,False,False,False
720575940604843710,cell_class,AN,4130,400,0.25,0.01,0.1,0.8101694915254237,0.12542372881355932,0.03631961259079903,0.0036319612590799033,0.014043583535108959,0.008958837772397095,0.0014527845036319612,False,False,False,False,False,False,False
720575940617378843,cell_class,AN,991,400,0.25,0.14285714285714285,0.01,0.02320887991927346,0.8486377396569122,0.04641775983854692,0.0020181634712411706,0.07568113017154389,0.004036326942482341,0.0,True,True,True,True,False,False,
720575940617378843,cell_class,AN,991,400,0.25,0.14285714285714285,0.05,0.02320887991927346,0.8486377396569122,0.04641775983854692,0.0020181634712411706,0.07568113017154389,0.004036326942482341,0.0,False,True,False,False,False,False,
720575940617378843,cell_class,AN,991,400,0.25,0.14285714285714285,0.1,0.02320887991927346,0.8486377396569122,0.04641775983854692,0.0020181634712411706,0.07568113017154389,0.004036326942482341,0.0,False,True,False,False,False,False,
720575940617378843,cell_class,AN,991,400,0.25,0.04,0.01,0.02320887991927346,0.8486377396569122,0.04641775983854692,0.0020181634712411706,0.07568113017154389,0.004036326942482341,0.0,True,True,True,True,False,False,
720575940617378843,cell_class,AN,991,400,0.25,0.04,0.05,0.02320887991927346,0.8486377396569122,0.04641775983854692,0.0020181634712411706,0.07568113017154389,0.004036326942482341,0.0,False,True,False,False,False,False,
720575940617378843,cell_class,AN,991,400,0.25,0.04,0.1,0.02320887991927346,0.8486377396569122,0.04641775983854692,0.0020181634712411706,0.07568113017154389,0.004036326942482341,0.0,False,True,False,False,False,False,
720575940617378843,cell_class,AN,991,400,0.25,0.02,0.01,0.02320887991927346,0.8486377396569122,0.04641775983854692,0.0020181634712411706,0.07568113017154389,0.004036326942482341,0.0,True,True,True,False,False,False,
720575940617378843,cell_class,AN,991,400,0.25,0.02,0.05,0.02320887991927346,0.8486377396569122,0.04641775983854692,0.0020181634712411706,0.07568113017154389,0.004036326942482341,0.0,False,True,False,False,False,False,
720575940617378843,cell_class,AN,991,400,0.25,0.02,0.1,0.02320887991927346,0.8486377396569122,0.04641775983854692,0.0020181634712411706,0.07568113017154389,0.004036326942482341,0.0,False,True,False,False,False,False,
720575940617378843,cell_class,AN,991,400,0.25,0.01,0.01,0.02320887991927346,0.8486377396569122,0.04641775983854692,0.0020181634712411706,0.07568113017154389,0.004036326942482341,0.0,False,True,True,False,False,False,
720575940617378843,cell_class,AN,991,400,0.25,0.01,0.05,0.02320887991927346,0.8486377396569122,0.04641775983854692,0.0020181634712411706,0.07568113017154389,0.004036326942482341,0.0,False,True,False,False,False,False,
720575940617378843,cell_class,AN,991,400,0.25,0.01,0.1,0.02320887991927346,0.8486377396569122,0.04641775983854692,0.0020181634712411706,0.07568113017154389,0.004036326942482341,0.0,False,False,False,False,False,False,
720575940623747984,cell_class,AN,10262,400,0.25,0.14285714285714285,0.01,0.009062560904307152,0.9690118885207561,0.005749366595205613,0.0036055349834340283,0.009452348470083805,0.0031183005262132137,0.0,False,True,False,False,False,False,
720575940623747984,cell_class,AN,10262,400,0.25,0.14285714285714285,0.05,0.009062560904307152,0.9690118885207561,0.005749366595205613,0.0036055349834340283,0.009452348470083805,0.0031183005262132137,0.0,False,True,False,False,False,False,
720575940623747984,cell_class,AN,10262,400,0.25,0.14285714285714285,0.1,0.009062560904307152,0.9690118885207561,0.005749366595205613,0.0036055349834340283,0.009452348470083805,0.0031183005262132137,0.0,False,True,False,False,False,False,
720575940623747984,cell_class,AN,10262,400,0.25,0.04,0.01,0.009062560904307152,0.9690118885207561,0.005749366595205613,0.0036055349834340283,0.009452348470083805,0.0031183005262132137,0.0,False,True,False,False,False,False,
720575940623747984,cell_class,AN,10262,400,0.25,0.04,0.05,0.009062560904307152,0.9690118885207561,0.005749366595205613,0.0036055349834340283,0.009452348470083805,0.0031183005262132137,0.0,False,True,False,False,False,False,
720575940623747984,cell_class,AN,10262,400,0.25,0.04,0.1,0.009062560904307152,0.9690118885207561,0.005749366595205613,0.0036055349834340283,0.009452348470083805,0.0031183005262132137,0.0,False,True,False,False,False,False,
720575940623747984,cell_class,AN,10262,400,0.25,0.02,0.01,0.009062560904307152,0.9690118885207561,0.005749366595205613,0.0036055349834340283,0.009452348470083805,0.0031183005262132137,0.0,False,True,False,False,False,False,
720575940623747984,cell_class,AN,10262,400,0.25,0.02,0.05,0.009062560904307152,0.9690118885207561,0.005749366595205613,0.0036055349834340283,0.009452348470083805,0.0031183005262132137,0.0,False,True,False,False,False,False,
720575940623747984,cell_class,AN,10262,400,0.25,0.02,0.1,0.009062560904307152,0.9690118885207561,0.005749366595205613,0.0036055349834340283,0.009452348470083805,0.0031183005262132137,0.0,False,False,False,False,False,False,
720575940623747984,cell_class,AN,10262,400,0.25,0.01,0.01,0.009062560904307152,0.9690118885207561,0.005749366595205613,0.0036055349834340283,0.009452348470083805,0.0031183005262132137,0.0,False,True,False,False,False,False,
720575940623747984,cell_class,AN,10262,400,0.25,0.01,0.05,0.009062560904307152,0.9690118885207561,0.005749366595205613,0.0036055349834340283,0.009452348470083805,0.0031183005262132137,0.0,False,False,False,False,False,False,
720575940623747984,cell_class,AN,10262,400,0.25,0.01,0.1,0.009062560904307152,0.9690118885207561,0.005749366595205613,0.0036055349834340283,0.009452348470083805,0.0031183005262132137,0.0,False,False,False,False,False,False,
720575940629449027,cell_class,AN,2742,400,0.25,0.14285714285714285,0.01,0.010940919037199124,0.8905908096280087,0.03938730853391685,0.0010940919037199124,0.053610503282275714,0.00437636761487965,0.0,False,True,True,True,False,False,
720575940629449027,cell_class,AN,2742,400,0.25,0.14285714285714285,0.05,0.010940919037199124,0.8905908096280087,0.03938730853391685,0.0010940919037199124,0.053610503282275714,0.00437636761487965,0.0,False,True,False,False,False,False,
720575940629449027,cell_class,AN,2742,400,0.25,0.14285714285714285,0.1,0.010940919037199124,0.8905908096280087,0.03938730853391685,0.0010940919037199124,0.053610503282275714,0.00437636761487965,0.0,False,True,False,False,False,False,
720575940629449027,cell_class,AN,2742,400,0.25,0.04,0.01,0.010940919037199124,0.8905908096280087,0.03938730853391685,0.0010940919037199124,0.053610503282275714,0.00437636761487965,0.0,False,True,False,False,False,False,
720575940629449027,cell_class,AN,2742,400,0.25,0.04,0.05,0.010940919037199124,0.8905908096280087,0.03938730853391685,0.0010940919037199124,0.053610503282275714,0.00437636761487965,0.0,False,True,False,False,False,False,
720575940629449027,cell_class,AN,2742,400,0.25,0.04,0.1,0.010940919037199124,0.8905908096280087,0.03938730853391685,0.0010940919037199124,0.053610503282275714,0.00437636761487965,0.0,False,False,False,False,False,False,
720575940629449027,cell_class,AN,2742,400,0.25,0.02,0.01,0.010940919037199124,0.8905908096280087,0.03938730853391685,0.0010940919037199124,0.053610503282275714,0.00437636761487965,0.0,False,True,False,False,False,False,
720575940629449027,cell_class,AN,2742,400,0.25,0.02,0.05,0.010940919037199124,0.8905908096280087,0.03938730853391685,0.0010940919037199124,0.053610503282275714,0.00437636761487965,0.0,False,True,False,False,False,False,
720575940629449027,cell_class,AN,2742,400,0.25,0.02,0.1,0.010940919037199124,0.8905908096280087,0.03938730853391685,0.0010940919037199124,0.053610503282275714,0.00437636761487965,0.0,False,False,False,False,False,False,
720575940629449027,cell_class,AN,2742,400,0.25,0.01,0.01,0.010940919037199124,0.8905908096280087,0.03938730853391685,0.0010940919037199124,0.053610503282275714,0.00437636761487965,0.0,False,True,False,False,False,False,
720575940629449027,cell_class,AN,2742,400,0.25,0.01,0.05,0.010940919037199124,0.8905908096280087,0.03938730853391685,0.0010940919037199124,0.053610503282275714,0.00437636761487965,0.0,False,False,False,False,False,False,
720575940629449027,cell_class,AN,2742,400,0.25,0.01,0.1,0.010940919037199124,0.8905908096280087,0.03938730853391685,0.0010940919037199124,0.053610503282275714,0.00437636761487965,0.0,False,False,False,False,False,False,
720575940644733988,cell_class,AN,2599,400,0.25,0.14285714285714285,0.01,0.004232397075798384,0.9653712966525587,0.004232397075798384,0.0,0.015775298191612157,0.010003847633705272,0.00038476337052712584,False,True,False,False,False,,
720575940644733988,cell_class,AN,2599,400,0.25,0.14285714285714285,0.05,0.004232397075798384,0.9653712966525587,0.004232397075798384,0.0,0.015775298191612157,0.010003847633705272,0.00038476337052712584,False,True,False,False,False,,
720575940644733988,cell_class,AN,2599,400,0.25,0.14285714285714285,0.1,0.004232397075798384,0.9653712966525587,0.004232397075798384,0.0,0.015775298191612157,0.010003847633705272,0.00038476337052712584,False,True,False,False,False,,
720575940644733988,cell_class,AN,2599,400,0.25,0.04,0.01,0.004232397075798384,0.9653712966525587,0.004232397075798384,0.0,0.015775298191612157,0.010003847633705272,0.00038476337052712584,False,True,False,False,False,,
720575940644733988,cell_class,AN,2599,400,0.25,0.04,0.05,0.004232397075798384,0.9653712966525587,0.004232397075798384,0.0,0.015775298191612157,0.010003847633705272,0.00038476337052712584,False,True,False,False,False,,
720575940644733988,cell_class,AN,2599,400,0.25,0.04,0.1,0.004232397075798384,0.9653712966525587,0.004232397075798384,0.0,0.015775298191612157,0.010003847633705272,0.00038476337052712584,False,True,False,False,False,,
720575940644733988,cell_class,AN,2599,400,0.25,0.02,0.01,0.004232397075798384,0.9653712966525587,0.004232397075798384,0.0,0.015775298191612157,0.010003847633705272,0.00038476337052712584,False,True,False,False,False,,
720575940644733988,cell_class,AN,2599,400,0.25,0.02,0.05,0.004232397075798384,0.9653712966525587,0.004232397075798384,0.0,0.015775298191612157,0.010003847633705272,0.00038476337052712584,False,True,False,False,False,,
720575940644733988,cell_class,AN,2599,400,0.25,0.02,0.1,0.004232397075798384,0.9653712966525587,0.004232397075798384,0.0,0.015775298191612157,0.010003847633705272,0.00038476337052712584,False,False,False,False,False,,
720575940644733988,cell_class,AN,2599,400,0.25,0.01,0.01,0.004232397075798384,0.9653712966525587,0.004232397075798384,0.0,0.015775298191612157,0.010003847633705272,0.00038476337052712584,False,True,False,False,False,,
720575940644733988,cell_class,AN,2599,400,0.25,0.01,0.05,0.004232397075798384,0.9653712966525587,0.004232397075798384,0.0,0.015775298191612157,0.010003847633705272,0.00038476337052712584,False,True,False,False,False,,
720575940644733988,cell_class,AN,2599,400,0.25,0.01,0.1,0.004232397075798384,0.9653712966525587,0.004232397075798384,0.0,0.015775298191612157,0.010003847633705272,0.00038476337052712584,False,False,False,False,False,,
720575940620189004,cell_class,AN,2893,400,0.25,0.14285714285714285,0.01,0.005876253024541998,0.861735222951953,0.049429657794676805,0.00138264777048047,0.05807120636017975,0.023505012098167993,0.0,False,True,True,True,False,False,
720575940620189004,cell_class,AN,2893,400,0.25,0.14285714285714285,0.05,0.005876253024541998,0.861735222951953,0.049429657794676805,0.00138264777048047,0.05807120636017975,0.023505012098167993,0.0,False,True,False,False,False,False,
720575940620189004,cell_class,AN,2893,400,0.25,0.14285714285714285,0.1,0.005876253024541998,0.861735222951953,0.049429657794676805,0.00138264777048047,0.05807120636017975,0.023505012098167993,0.0,False,True,False,False,False,False,
720575940620189004,cell_class,AN,2893,400,0.25,0.04,0.01,0.005876253024541998,0.861735222951953,0.049429657794676805,0.00138264777048047,0.05807120636017975,0.023505012098167993,0.0,False,True,True,True,False,False,
720575940620189004,cell_class,AN,2893,400,0.25,0.04,0.05,0.005876253024541998,0.861735222951953,0.049429657794676805,0.00138264777048047,0.05807120636017975,0.023505012098167993,0.0,False,True,False,False,False,False,
720575940620189004,cell_class,AN,2893,400,0.25,0.04,0.1,0.005876253024541998,0.861735222951953,0.049429657794676805,0.00138264777048047,0.05807120636017975,0.023505012098167993,0.0,False,False,False,False,False,False,
720575940620189004,cell_class,AN,2893,400,0.25,0.02,0.01,0.005876253024541998,0.861735222951953,0.049429657794676805,0.00138264777048047,0.05807120636017975,0.023505012098167993,0.0,False,True,False,False,False,False,
720575940620189004,cell_class,AN,2893,400,0.25,0.02,0.05,0.005876253024541998,0.861735222951953,0.049429657794676805,0.00138264777048047,0.05807120636017975,0.023505012098167993,0.0,False,False,False,False,False,False,
720575940620189004,cell_class,AN,2893,400,0.25,0.02,0.1,0.005876253024541998,0.861735222951953,0.049429657794676805,0.00138264777048047,0.05807120636017975,0.023505012098167993,0.0,False,False,False,False,False,False,
720575940620189004,cell_class,AN,2893,400,0.25,0.01,0.01,0.005876253024541998,0.861735222951953,0.049429657794676805,0.00138264777048047,0.05807120636017975,0.023505012098167993,0.0,False,True,False,False,False,False,
720575940620189004,cell_class,AN,2893,400,0.25,0.01,0.05,0.005876253024541998,0.861735222951953,0.049429657794676805,0.00138264777048047,0.05807120636017975,0.023505012098167993,0.0,False,False,False,False,False,False,
720575940620189004,cell_class,AN,2893,400,0.25,0.01,0.1,0.005876253024541998,0.861735222951953,0.049429657794676805,0.00138264777048047,0.05807120636017975,0.023505012098167993,0.0,False,False,False,False,False,False,
720575940620228428,cell_class,AN,459,400,0.25,0.14285714285714285,0.01,0.0,0.9281045751633987,0.026143790849673203,0.0,0.008714596949891068,0.037037037037037035,0.0,,True,True,False,True,,
720575940620228428,cell_class,AN,459,400,0.25,0.14285714285714285,0.05,0.0,0.9281045751633987,0.026143790849673203,0.0,0.008714596949891068,0.037037037037037035,0.0,,True,False,False,False,,
720575940620228428,cell_class,AN,459,400,0.25,0.14285714285714285,0.1,0.0,0.9281045751633987,0.026143790849673203,0.0,0.008714596949891068,0.037037037037037035,0.0,,True,False,False,False,,
720575940620228428,cell_class,AN,459,400,0.25,0.04,0.01,0.0,0.9281045751633987,0.026143790849673203,0.0,0.008714596949891068,0.037037037037037035,0.0,,True,True,False,False,,
720575940620228428,cell_class,AN,459,400,0.25,0.04,0.05,0.0,0.9281045751633987,0.026143790849673203,0.0,0.008714596949891068,0.037037037037037035,0.0,,True,False,False,False,,
720575940620228428,cell_class,AN,459,400,0.25,0.04,0.1,0.0,0.9281045751633987,0.026143790849673203,0.0,0.008714596949891068,0.037037037037037035,0.0,,True,False,False,False,,
720575940620228428,cell_class,AN,459,400,0.25,0.02,0.01,0.0,0.9281045751633987,0.026143790849673203,0.0,0.008714596949891068,0.037037037037037035,0.0,,True,True,False,False,,
720575940620228428,cell_class,AN,459,400,0.25,0.02,0.05,0.0,0.9281045751633987,0.026143790849673203,0.0,0.008714596949891068,0.037037037037037035,0.0,,True,False,False,False,,
720575940620228428,cell_class,AN,459,400,0.25,0.02,0.1,0.0,0.9281045751633987,0.026143790849673203,0.0,0.008714596949891068,0.037037037037037035,0.0,,True,False,False,False,,
720575940620228428,cell_class,AN,459,400,0.25,0.01,0.01,0.0,0.9281045751633987,0.026143790849673203,0.0,0.008714596949891068,0.037037037037037035,0.0,,True,True,False,False,,
720575940620228428,cell_class,AN,459,400,0.25,0.01,0.05,0.0,0.9281045751633987,0.026143790849673203,0.0,0.008714596949891068,0.037037037037037035,0.0,,True,False,False,False,,
720575940620228428,cell_class,AN,459,400,0.25,0.01,0.1,0.0,0.9281045751633987,0.026143790849673203,0.0,0.008714596949891068,0.037037037037037035,0.0,,False,False,False,False,,
720575940636674190,cell_class,AN,2500,400,0.25,0.14285714285714285,0.01,0.0948,0.7108,0.0468,0.0008,0.1448,0.0016,0.0004,True,True,True,True,False,False,
720575940636674190,cell_class,AN,2500,400,0.25,0.14285714285714285,0.05,0.0948,0.7108,0.0468,0.0008,0.1448,0.0016,0.0004,False,True,False,False,False,False,
720575940636674190,cell_class,AN,2500,400,0.25,0.14285714285714285,0.1,0.0948,0.7108,0.0468,0.0008,0.1448,0.0016,0.0004,False,True,False,False,False,False,
720575940636674190,cell_class,AN,2500,400,0.25,0.04,0.01,0.0948,0.7108,0.0468,0.0008,0.1448,0.0016,0.0004,True,True,False,True,False,False,
720575940636674190,cell_class,AN,2500,400,0.25,0.04,0.05,0.0948,0.7108,0.0468,0.0008,0.1448,0.0016,0.0004,False,True,False,False,False,False,
720575940636674190,cell_class,AN,2500,400,0.25,0.04,0.1,0.0948,0.7108,0.0468,0.0008,0.1448,0.0016,0.0004,False,False,False,False,False,False,
720575940636674190,cell_class,AN,2500,400,0.25,0.02,0.01,0.0948,0.7108,0.0468,0.0008,0.1448,0.0016,0.0004,True,True,False,True,False,False,
720575940636674190,cell_class,AN,2500,400,0.25,0.02,0.05,0.0948,0.7108,0.0468,0.0008,0.1448,0.0016,0.0004,False,False,False,False,False,False,
720575940636674190,cell_class,AN,2500,400,0.25,0.02,0.1,0.0948,0.7108,0.0468,0.0008,0.1448,0.0016,0.0004,False,False,False,False,False,False,
720575940636674190,cell_class,AN,2500,400,0.25,0.01,0.01,0.0948,0.7108,0.0468,0.0008,0.1448,0.0016,0.0004,False,True,False,False,False,False,
720575940636674190,cell_class,AN,2500,400,0.25,0.01,0.05,0.0948,0.7108,0.0468,0.0008,0.1448,0.0016,0.0004,False,False,False,False,False,False,
720575940636674190,cell_class,AN,2500,400,0.25,0.01,0.1,0.0948,0.7108,0.0468,0.0008,0.1448,0.0016,0.0004,False,False,False,False,False,False,
720575940620257750,cell_class,AN,891,400,0.25,0.14285714285714285,0.01,0.008978675645342313,0.8709315375982043,0.05948372615039282,0.005611672278338945,0.02132435465768799,0.03254769921436588,0.001122334455667789,False,True,True,False,True,False,
720575940620257750,cell_class,AN,891,400,0.25,0.14285714285714285,0.05,0.008978675645342313,0.8709315375982043,0.05948372615039282,0.005611672278338945,0.02132435465768799,0.03254769921436588,0.001122334455667789,False,True,False,False,False,False,
720575940620257750,cell_class,AN,891,400,0.25,0.14285714285714285,0.1,0.008978675645342313,0.8709315375982043,0.05948372615039282,0.005611672278338945,0.02132435465768799,0.03254769921436588,0.001122334455667789,False,True,False,False,False,False,
720575940620257750,cell_class,AN,891,400,0.25,0.04,0.01,0.008978675645342313,0.8709315375982043,0.05948372615039282,0.005611672278338945,0.02132435465768799,0.03254769921436588,0.001122334455667789,False,True,True,False,False,False,
720575940620257750,cell_class,AN,891,400,0.25,0.04,0.05,0.008978675645342313,0.8709315375982043,0.05948372615039282,0.005611672278338945,0.02132435465768799,0.03254769921436588,0.001122334455667789,False,True,False,False,False,False,
720575940620257750,cell_class,AN,891,400,0.25,0.04,0.1,0.008978675645342313,0.8709315375982043,0.05948372615039282,0.005611672278338945,0.02132435465768799,0.03254769921436588,0.001122334455667789,False,True,False,False,False,False,
720575940620257750,cell_class,AN,891,400,0.25,0.02,0.01,0.008978675645342313,0.8709315375982043,0.05948372615039282,0.005611672278338945,0.02132435465768799,0.03254769921436588,0.001122334455667789,False,True,True,False,False,False,
720575940620257750,cell_class,AN,891,400,0.25,0.02,0.05,0.008978675645342313,0.8709315375982043,0.05948372615039282,0.005611672278338945,0.02132435465768799,0.03254769921436588,0.001122334455667789,False,True,False,False,False,False,
720575940620257750,cell_class,AN,891,400,0.25,0.02,0.1,0.008978675645342313,0.8709315375982043,0.05948372615039282,0.005611672278338945,0.02132435465768799,0.03254769921436588,0.001122334455667789,False,False,False,False,False,False,
720575940620257750,cell_class,AN,891,400,0.25,0.01,0.01,0.008978675645342313,0.8709315375982043,0.05948372615039282,0.005611672278338945,0.02132435465768799,0.03254769921436588,0.001122334455667789,False,True,True,False,False,False,
720575940620257750,cell_class,AN,891,400,0.25,0.01,0.05,0.008978675645342313,0.8709315375982043,0.05948372615039282,0.005611672278338945,0.02132435465768799,0.03254769921436588,0.001122334455667789,False,True,False,False,False,False,
720575940620257750,cell_class,AN,891,400,0.25,0.01,0.1,0.008978675645342313,0.8709315375982043,0.05948372615039282,0.005611672278338945,0.02132435465768799,0.03254769921436588,0.001122334455667789,False,False,False,False,False,False,
720575940630137655,cell_class,AN,3783,400,0.25,0.14285714285714285,0.01,0.0317208564631245,0.9090668781390431,0.015596087761036215,0.0023790642347343376,0.02035421623050489,0.020882897171556964,0.0,True,True,False,False,False,False,
720575940630137655,cell_class,AN,3783,400,0.25,0.14285714285714285,0.05,0.0317208564631245,0.9090668781390431,0.015596087761036215,0.0023790642347343376,0.02035421623050489,0.020882897171556964,0.0,False,True,False,False,False,False,
720575940630137655,cell_class,AN,3783,400,0.25,0.14285714285714285,0.1,0.0317208564631245,0.9090668781390431,0.015596087761036215,0.0023790642347343376,0.02035421623050489,0.020882897171556964,0.0,False,True,False,False,False,False,
720575940630137655,cell_class,AN,3783,400,0.25,0.04,0.01,0.0317208564631245,0.9090668781390431,0.015596087761036215,0.0023790642347343376,0.02035421623050489,0.020882897171556964,0.0,True,True,False,False,False,False,
720575940630137655,cell_class,AN,3783,400,0.25,0.04,0.05,0.0317208564631245,0.9090668781390431,0.015596087761036215,0.0023790642347343376,0.02035421623050489,0.020882897171556964,0.0,False,True,False,False,False,False,
720575940630137655,cell_class,AN,3783,400,0.25,0.04,0.1,0.0317208564631245,0.9090668781390431,0.015596087761036215,0.0023790642347343376,0.02035421623050489,0.020882897171556964,0.0,False,True,False,False,False,False,
720575940630137655,cell_class,AN,3783,400,0.25,0.02,0.01,0.0317208564631245,0.9090668781390431,0.015596087761036215,0.0023790642347343376,0.02035421623050489,0.020882897171556964,0.0,False,True,False,False,False,False,
720575940630137655,cell_class,AN,3783,400,0.25,0.02,0.05,0.0317208564631245,0.9090668781390431,0.015596087761036215,0.0023790642347343376,0.02035421623050489,0.020882897171556964,0.0,False,True,False,False,False,False,
720575940630137655,cell_class,AN,3783,400,0.25,0.02,0.1,0.0317208564631245,0.9090668781390431,0.015596087761036215,0.0023790642347343376,0.02035421623050489,0.020882897171556964,0.0,False,False,False,False,False,False,
720575940630137655,cell_class,AN,3783,400,0.25,0.01,0.01,0.0317208564631245,0.9090668781390431,0.015596087761036215,0.0023790642347343376,0.02035421623050489,0.020882897171556964,0.0,False,True,False,False,False,False,
720575940630137655,cell_class,AN,3783,400,0.25,0.01,0.05,0.0317208564631245,0.9090668781390431,0.015596087761036215,0.0023790642347343376,0.02035421623050489,0.020882897171556964,0.0,False,False,False,False,False,False,
720575940630137655,cell_class,AN,3783,400,0.25,0.01,0.1,0.0317208564631245,0.9090668781390431,0.015596087761036215,0.0023790642347343376,0.02035421623050489,0.020882897171556964,0.0,False,False,False,False,False,False,
720575940620303830,cell_class,AN,865,400,0.25,0.14285714285714285,0.01,0.576878612716763,0.28901734104046245,0.08323699421965318,0.0,0.03468208092485549,0.015028901734104046,0.0011560693641618498,True,True,True,True,False,,
720575940620303830,cell_class,AN,865,400,0.25,0.14285714285714285,0.05,0.576878612716763,0.28901734104046245,0.08323699421965318,0.0,0.03468208092485549,0.015028901734104046,0.0011560693641618498,True,True,False,False,False,,
720575940620303830,cell_class,AN,865,400,0.25,0.14285714285714285,0.1,0.576878612716763,0.28901734104046245,0.08323699421965318,0.0,0.03468208092485549,0.015028901734104046,0.0011560693641618498,True,True,False,False,False,,
720575940620303830,cell_class,AN,865,400,0.25,0.04,0.01,0.576878612716763,0.28901734104046245,0.08323699421965318,0.0,0.03468208092485549,0.015028901734104046,0.0011560693641618498,True,True,True,True,False,,
720575940620303830,cell_class,AN,865,400,0.25,0.04,0.05,0.576878612716763,0.28901734104046245,0.08323699421965318,0.0,0.03468208092485549,0.015028901734104046,0.0011560693641618498,True,False,False,False,False,,
720575940620303830,cell_class,AN,865,400,0.25,0.04,0.1,0.576878612716763,0.28901734104046245,0.08323699421965318,0.0,0.03468208092485549,0.015028901734104046,0.0011560693641618498,False,False,False,False,False,,
720575940620303830,cell_class,AN,865,400,0.25,0.02,0.01,0.576878612716763,0.28901734104046245,0.08323699421965318,0.0,0.03468208092485549,0.015028901734104046,0.0011560693641618498,True,True,True,True,False,,
720575940620303830,cell_class,AN,865,400,0.25,0.02,0.05,0.576878612716763,0.28901734104046245,0.08323699421965318,0.0,0.03468208092485549,0.015028901734104046,0.0011560693641618498,True,False,False,False,False,,
720575940620303830,cell_class,AN,865,400,0.25,0.02,0.1,0.576878612716763,0.28901734104046245,0.08323699421965318,0.0,0.03468208092485549,0.015028901734104046,0.0011560693641618498,False,False,False,False,False,,
720575940620303830,cell_class,AN,865,400,0.25,0.01,0.01,0.576878612716763,0.28901734104046245,0.08323699421965318,0.0,0.03468208092485549,0.015028901734104046,0.0011560693641618498,True,True,True,False,False,,
720575940620303830,cell_class,AN,865,400,0.25,0.01,0.05,0.576878612716763,0.28901734104046245,0.08323699421965318,0.0,0.03468208092485549,0.015028901734104046,0.0011560693641618498,False,False,False,False,False,,
720575940620303830,cell_class,AN,865,400,0.25,0.01,0.1,0.576878612716763,0.28901734104046245,0.08323699421965318,0.0,0.03468208092485549,0.015028901734104046,0.0011560693641618498,False,False,False,False,False,,
720575940630404311,cell_class,AN,4749,400,0.25,0.14285714285714285,0.01,0.006106548747104654,0.923352284691514,0.012634238787113077,0.0021057064645188463,0.05432722678458623,0.0014739945251631922,0.0,False,True,False,True,False,False,
720575940630404311,cell_class,AN,4749,400,0.25,0.14285714285714285,0.05,0.006106548747104654,0.923352284691514,0.012634238787113077,0.0021057064645188463,0.05432722678458623,0.0014739945251631922,0.0,False,True,False,False,False,False,
720575940630404311,cell_class,AN,4749,400,0.25,0.14285714285714285,0.1,0.006106548747104654,0.923352284691514,0.012634238787113077,0.0021057064645188463,0.05432722678458623,0.0014739945251631922,0.0,False,True,False,False,False,False,
720575940630404311,cell_class,AN,4749,400,0.25,0.04,0.01,0.006106548747104654,0.923352284691514,0.012634238787113077,0.0021057064645188463,0.05432722678458623,0.0014739945251631922,0.0,False,True,False,False,False,False,
720575940630404311,cell_class,AN,4749,400,0.25,0.04,0.05,0.006106548747104654,0.923352284691514,0.012634238787113077,0.0021057064645188463,0.05432722678458623,0.0014739945251631922,0.0,False,True,False,False,False,False,
720575940630404311,cell_class,AN,4749,400,0.25,0.04,0.1,0.006106548747104654,0.923352284691514,0.012634238787113077,0.0021057064645188463,0.05432722678458623,0.0014739945251631922,0.0,False,True,False,False,False,False,
720575940630404311,cell_class,AN,4749,400,0.25,0.02,0.01,0.006106548747104654,0.923352284691514,0.012634238787113077,0.0021057064645188463,0.05432722678458623,0.0014739945251631922,0.0,False,True,False,False,False,False,
720575940630404311,cell_class,AN,4749,400,0.25,0.02,0.05,0.006106548747104654,0.923352284691514,0.012634238787113077,0.0021057064645188463,0.05432722678458623,0.0014739945251631922,0.0,False,False,False,False,False,False,
720575940630404311,cell_class,AN,4749,400,0.25,0.02,0.1,0.006106548747104654,0.923352284691514,0.012634238787113077,0.0021057064645188463,0.05432722678458623,0.0014739945251631922,0.0,False,False,False,False,False,False,
720575940630404311,cell_class,AN,4749,400,0.25,0.01,0.01,0.006106548747104654,0.923352284691514,0.012634238787113077,0.0021057064645188463,0.05432722678458623,0.0014739945251631922,0.0,False,True,False,False,False,False,
720575940630404311,cell_class,AN,4749,400,0.25,0.01,0.05,0.006106548747104654,0.923352284691514,0.012634238787113077,0.0021057064645188463,0.05432722678458623,0.0014739945251631922,0.0,False,False,False,False,False,False,
720575940630404311,cell_class,AN,4749,400,0.25,0.01,0.1,0.006106548747104654,0.923352284691514,0.012634238787113077,0.0021057064645188463,0.05432722678458623,0.0014739945251631922,0.0,False,False,False,False,False,False,
720575940623225549,cell_class,AN,577,400,0.25,0.14285714285714285,0.01,0.3275563258232236,0.5476603119584056,0.04679376083188908,0.0,0.07452339688041594,0.0034662045060658577,0.0,True,True,True,True,False,,
720575940623225549,cell_class,AN,577,400,0.25,0.14285714285714285,0.05,0.3275563258232236,0.5476603119584056,0.04679376083188908,0.0,0.07452339688041594,0.0034662045060658577,0.0,True,True,False,False,False,,
720575940623225549,cell_class,AN,577,400,0.25,0.14285714285714285,0.1,0.3275563258232236,0.5476603119584056,0.04679376083188908,0.0,0.07452339688041594,0.0034662045060658577,0.0,False,True,False,False,False,,
720575940623225549,cell_class,AN,577,400,0.25,0.04,0.01,0.3275563258232236,0.5476603119584056,0.04679376083188908,0.0,0.07452339688041594,0.0034662045060658577,0.0,True,True,True,True,False,,
720575940623225549,cell_class,AN,577,400,0.25,0.04,0.05,0.3275563258232236,0.5476603119584056,0.04679376083188908,0.0,0.07452339688041594,0.0034662045060658577,0.0,True,True,False,False,False,,
720575940623225549,cell_class,AN,577,400,0.25,0.04,0.1,0.3275563258232236,0.5476603119584056,0.04679376083188908,0.0,0.07452339688041594,0.0034662045060658577,0.0,False,True,False,False,False,,
720575940623225549,cell_class,AN,577,400,0.25,0.02,0.01,0.3275563258232236,0.5476603119584056,0.04679376083188908,0.0,0.07452339688041594,0.0034662045060658577,0.0,True,True,True,True,False,,
720575940623225549,cell_class,AN,577,400,0.25,0.02,0.05,0.3275563258232236,0.5476603119584056,0.04679376083188908,0.0,0.07452339688041594,0.0034662045060658577,0.0,True,True,False,False,False,,
720575940623225549,cell_class,AN,577,400,0.25,0.02,0.1,0.3275563258232236,0.5476603119584056,0.04679376083188908,0.0,0.07452339688041594,0.0034662045060658577,0.0,False,False,False,False,False,,
720575940623225549,cell_class,AN,577,400,0.25,0.01,0.01,0.3275563258232236,0.5476603119584056,0.04679376083188908,0.0,0.07452339688041594,0.0034662045060658577,0.0,True,True,True,True,False,,
720575940623225549,cell_class,AN,577,400,0.25,0.01,0.05,0.3275563258232236,0.5476603119584056,0.04679376083188908,0.0,0.07452339688041594,0.0034662045060658577,0.0,False,False,False,False,False,,
720575940623225549,cell_class,AN,577,400,0.25,0.01,0.1,0.3275563258232236,0.5476603119584056,0.04679376083188908,0.0,0.07452339688041594,0.0034662045060658577,0.0,False,False,False,False,False,,
720575940620015787,cell_class,AN,5877,400,0.25,0.14285714285714285,0.01,0.08422664624808576,0.14139867279224094,0.755147183937383,0.000680619363620895,0.016505019567806704,0.0015313935681470138,0.0005104645227156713,True,True,True,False,False,False,False
720575940620015787,cell_class,AN,5877,400,0.25,0.14285714285714285,0.05,0.08422664624808576,0.14139867279224094,0.755147183937383,0.000680619363620895,0.016505019567806704,0.0015313935681470138,0.0005104645227156713,False,True,True,False,False,False,False
720575940620015787,cell_class,AN,5877,400,0.25,0.14285714285714285,0.1,0.08422664624808576,0.14139867279224094,0.755147183937383,0.000680619363620895,0.016505019567806704,0.0015313935681470138,0.0005104645227156713,False,False,True,False,False,False,False
720575940620015787,cell_class,AN,5877,400,0.25,0.04,0.01,0.08422664624808576,0.14139867279224094,0.755147183937383,0.000680619363620895,0.016505019567806704,0.0015313935681470138,0.0005104645227156713,True,True,True,False,False,False,False
720575940620015787,cell_class,AN,5877,400,0.25,0.04,0.05,0.08422664624808576,0.14139867279224094,0.755147183937383,0.000680619363620895,0.016505019567806704,0.0015313935681470138,0.0005104645227156713,False,False,True,False,False,False,False
720575940620015787,cell_class,AN,5877,400,0.25,0.04,0.1,0.08422664624808576,0.14139867279224094,0.755147183937383,0.000680619363620895,0.016505019567806704,0.0015313935681470138,0.0005104645227156713,False,False,False,False,False,False,False
720575940620015787,cell_class,AN,5877,400,0.25,0.02,0.01,0.08422664624808576,0.14139867279224094,0.755147183937383,0.000680619363620895,0.016505019567806704,0.0015313935681470138,0.0005104645227156713,False,True,True,False,False,False,False
720575940620015787,cell_class,AN,5877,400,0.25,0.02,0.05,0.08422664624808576,0.14139867279224094,0.755147183937383,0.000680619363620895,0.016505019567806704,0.0015313935681470138,0.0005104645227156713,False,False,False,False,False,False,False
720575940620015787,cell_class,AN,5877,400,0.25,0.02,0.1,0.08422664624808576,0.14139867279224094,0.755147183937383,0.000680619363620895,0.016505019567806704,0.0015313935681470138,0.0005104645227156713,False,False,False,False,False,False,False
720575940620015787,cell_class,AN,5877,400,0.25,0.01,0.01,0.08422664624808576,0.14139867279224094,0.755147183937383,0.000680619363620895,0.016505019567806704,0.0015313935681470138,0.0005104645227156713,False,True,True,False,False,False,False
720575940620015787,cell_class,AN,5877,400,0.25,0.01,0.05,0.08422664624808576,0.14139867279224094,0.755147183937383,0.000680619363620895,0.016505019567806704,0.0015313935681470138,0.0005104645227156713,False,False,False,False,False,False,False
720575940620015787,cell_class,AN,5877,400,0.25,0.01,0.1,0.08422664624808576,0.14139867279224094,0.755147183937383,0.000680619363620895,0.016505019567806704,0.0015313935681470138,0.0005104645227156713,False,False,False,False,False,False,False
720575940632466643,cell_class,AN,1134,400,0.25,0.14285714285714285,0.01,0.003527336860670194,0.8888888888888888,0.008818342151675485,0.001763668430335097,0.09171075837742504,0.005291005291005291,0.0,False,True,False,True,False,False,
720575940632466643,cell_class,AN,1134,400,0.25,0.14285714285714285,0.05,0.003527336860670194,0.8888888888888888,0.008818342151675485,0.001763668430335097,0.09171075837742504,0.005291005291005291,0.0,False,True,False,False,False,False,
720575940632466643,cell_class,AN,1134,400,0.25,0.14285714285714285,0.1,0.003527336860670194,0.8888888888888888,0.008818342151675485,0.001763668430335097,0.09171075837742504,0.005291005291005291,0.0,False,True,False,False,False,False,
720575940632466643,cell_class,AN,1134,400,0.25,0.04,0.01,0.003527336860670194,0.8888888888888888,0.008818342151675485,0.001763668430335097,0.09171075837742504,0.005291005291005291,0.0,False,True,False,True,False,False,
720575940632466643,cell_class,AN,1134,400,0.25,0.04,0.05,0.003527336860670194,0.8888888888888888,0.008818342151675485,0.001763668430335097,0.09171075837742504,0.005291005291005291,0.0,False,True,False,False,False,False,
720575940632466643,cell_class,AN,1134,400,0.25,0.04,0.1,0.003527336860670194,0.8888888888888888,0.008818342151675485,0.001763668430335097,0.09171075837742504,0.005291005291005291,0.0,False,True,False,False,False,False,
720575940632466643,cell_class,AN,1134,400,0.25,0.02,0.01,0.003527336860670194,0.8888888888888888,0.008818342151675485,0.001763668430335097,0.09171075837742504,0.005291005291005291,0.0,False,True,False,True,False,False,
720575940632466643,cell_class,AN,1134,400,0.25,0.02,0.05,0.003527336860670194,0.8888888888888888,0.008818342151675485,0.001763668430335097,0.09171075837742504,0.005291005291005291,0.0,False,True,False,False,False,False,
720575940632466643,cell_class,AN,1134,400,0.25,0.02,0.1,0.003527336860670194,0.8888888888888888,0.008818342151675485,0.001763668430335097,0.09171075837742504,0.005291005291005291,0.0,False,False,False,False,False,False,
720575940632466643,cell_class,AN,1134,400,0.25,0.01,0.01,0.003527336860670194,0.8888888888888888,0.008818342151675485,0.001763668430335097,0.09171075837742504,0.005291005291005291,0.0,False,True,False,True,False,False,
720575940632466643,cell_class,AN,1134,400,0.25,0.01,0.05,0.003527336860670194,0.8888888888888888,0.008818342151675485,0.001763668430335097,0.09171075837742504,0.005291005291005291,0.0,False,False,False,False,False,False,
720575940632466643,cell_class,AN,1134,400,0.25,0.01,0.1,0.003527336860670194,0.8888888888888888,0.008818342151675485,0.001763668430335097,0.09171075837742504,0.005291005291005291,0.0,False,False,False,False,False,False,
720575940627754496,cell_class,AN,2639,400,0.25,0.14285714285714285,0.01,0.007957559681697613,0.330428192497158,0.15384615384615385,0.0011367942402425162,0.45471769609700646,0.051534672224327394,0.00037893141341417203,False,True,True,True,True,False,
720575940627754496,cell_class,AN,2639,400,0.25,0.14285714285714285,0.05,0.007957559681697613,0.330428192497158,0.15384615384615385,0.0011367942402425162,0.45471769609700646,0.051534672224327394,0.00037893141341417203,False,True,True,True,False,False,
720575940627754496,cell_class,AN,2639,400,0.25,0.14285714285714285,0.1,0.007957559681697613,0.330428192497158,0.15384615384615385,0.0011367942402425162,0.45471769609700646,0.051534672224327394,0.00037893141341417203,False,False,True,True,False,False,
720575940627754496,cell_class,AN,2639,400,0.25,0.04,0.01,0.007957559681697613,0.330428192497158,0.15384615384615385,0.0011367942402425162,0.45471769609700646,0.051534672224327394,0.00037893141341417203,False,True,True,True,False,False,
720575940627754496,cell_class,AN,2639,400,0.25,0.04,0.05,0.007957559681697613,0.330428192497158,0.15384615384615385,0.0011367942402425162,0.45471769609700646,0.051534672224327394,0.00037893141341417203,False,False,False,False,False,False,
720575940627754496,cell_class,AN,2639,400,0.25,0.04,0.1,0.007957559681697613,0.330428192497158,0.15384615384615385,0.0011367942402425162,0.45471769609700646,0.051534672224327394,0.00037893141341417203,False,False,False,False,False,False,
720575940627754496,cell_class,AN,2639,400,0.25,0.02,0.01,0.007957559681697613,0.330428192497158,0.15384615384615385,0.0011367942402425162,0.45471769609700646,0.051534672224327394,0.00037893141341417203,False,True,True,True,False,False,
720575940627754496,cell_class,AN,2639,400,0.25,0.02,0.05,0.007957559681697613,0.330428192497158,0.15384615384615385,0.0011367942402425162,0.45471769609700646,0.051534672224327394,0.00037893141341417203,False,False,False,False,False,False,
720575940627754496,cell_class,AN,2639,400,0.25,0.02,0.1,0.007957559681697613,0.330428192497158,0.15384615384615385,0.0011367942402425162,0.45471769609700646,0.051534672224327394,0.00037893141341417203,False,False,False,False,False,False,
720575940627754496,cell_class,AN,2639,400,0.25,0.01,0.01,0.007957559681697613,0.330428192497158,0.15384615384615385,0.0011367942402425162,0.45471769609700646,0.051534672224327394,0.00037893141341417203,False,True,True,True,False,False,
720575940627754496,cell_class,AN,2639,400,0.25,0.01,0.05,0.007957559681697613,0.330428192497158,0.15384615384615385,0.0011367942402425162,0.45471769609700646,0.051534672224327394,0.00037893141341417203,False,False,False,False,False,False,
720575940627754496,cell_class,AN,2639,400,0.25,0.01,0.1,0.007957559681697613,0.330428192497158,0.15384615384615385,0.0011367942402425162,0.45471769609700646,0.051534672224327394,0.00037893141341417203,False,False,False,False,False,False,
720575940628030972,cell_class,AN,1324,400,0.25,0.14285714285714285,0.01,0.33157099697885195,0.13670694864048338,0.3413897280966767,0.0007552870090634441,0.16012084592145015,0.027945619335347432,0.0015105740181268882,True,True,True,True,True,,False
720575940628030972,cell_class,AN,1324,400,0.25,0.14285714285714285,0.05,0.33157099697885195,0.13670694864048338,0.3413897280966767,0.0007552870090634441,0.16012084592145015,0.027945619335347432,0.0015105740181268882,True,False,True,True,False,,False
720575940628030972,cell_class,AN,1324,400,0.25,0.14285714285714285,0.1,0.33157099697885195,0.13670694864048338,0.3413897280966767,0.0007552870090634441,0.16012084592145015,0.027945619335347432,0.0015105740181268882,True,False,True,False,False,,False
720575940628030972,cell_class,AN,1324,400,0.25,0.04,0.01,0.33157099697885195,0.13670694864048338,0.3413897280966767,0.0007552870090634441,0.16012084592145015,0.027945619335347432,0.0015105740181268882,True,True,True,True,True,,False
720575940628030972,cell_class,AN,1324,400,0.25,0.04,0.05,0.33157099697885195,0.13670694864048338,0.3413897280966767,0.0007552870090634441,0.16012084592145015,0.027945619335347432,0.0015105740181268882,True,False,True,False,False,,False
720575940628030972,cell_class,AN,1324,400,0.25,0.04,0.1,0.33157099697885195,0.13670694864048338,0.3413897280966767,0.0007552870090634441,0.16012084592145015,0.027945619335347432,0.0015105740181268882,False,False,False,False,False,,False
720575940628030972,cell_class,AN,1324,400,0.25,0.02,0.01,0.33157099697885195,0.13670694864048338,0.3413897280966767,0.0007552870090634441,0.16012084592145015,0.027945619335347432,0.0015105740181268882,True,True,True,True,False,,False
720575940628030972,cell_class,AN,1324,400,0.25,0.02,0.05,0.33157099697885195,0.13670694864048338,0.3413897280966767,0.0007552870090634441,0.16012084592145015,0.027945619335347432,0.0015105740181268882,True,False,True,False,False,,False
720575940628030972,cell_class,AN,1324,400,0.25,0.02,0.1,0.33157099697885195,0.13670694864048338,0.3413897280966767,0.0007552870090634441,0.16012084592145015,0.027945619335347432,0.0015105740181268882,False,False,False,False,False,,False
720575940628030972,cell_class,AN,1324,400,0.25,0.01,0.01,0.33157099697885195,0.13670694864048338,0.3413897280966767,0.0007552870090634441,0.16012084592145015,0.027945619335347432,0.0015105740181268882,True,True,True,True,False,,False
720575940628030972,cell_class,AN,1324,400,0.25,0.01,0.05,0.33157099697885195,0.13670694864048338,0.3413897280966767,0.0007552870090634441,0.16012084592145015,0.027945619335347432,0.0015105740181268882,True,False,False,False,False,,False
720575940628030972,cell_class,AN,1324,400,0.25,0.01,0.1,0.33157099697885195,0.13670694864048338,0.3413897280966767,0.0007552870090634441,0.16012084592145015,0.027945619335347432,0.0015105740181268882,False,False,False,False,False,,False
720575940619891591,cell_class,AN,9203,400,0.25,0.14285714285714285,0.01,0.5824187764859285,0.14201890687819188,0.19461045311311528,0.008475497120504183,0.034879930457459525,0.036401173530370534,0.0011952624144300772,True,True,True,True,True,False,False
720575940619891591,cell_class,AN,9203,400,0.25,0.14285714285714285,0.05,0.5824187764859285,0.14201890687819188,0.19461045311311528,0.008475497120504183,0.034879930457459525,0.036401173530370534,0.0011952624144300772,True,False,True,False,False,False,False
720575940619891591,cell_class,AN,9203,400,0.25,0.14285714285714285,0.1,0.5824187764859285,0.14201890687819188,0.19461045311311528,0.008475497120504183,0.034879930457459525,0.036401173530370534,0.0011952624144300772,True,False,False,False,False,False,False
720575940619891591,cell_class,AN,9203,400,0.25,0.04,0.01,0.5824187764859285,0.14201890687819188,0.19461045311311528,0.008475497120504183,0.034879930457459525,0.036401173530370534,0.0011952624144300772,True,True,True,False,False,False,False
720575940619891591,cell_class,AN,9203,400,0.25,0.04,0.05,0.5824187764859285,0.14201890687819188,0.19461045311311528,0.008475497120504183,0.034879930457459525,0.036401173530370534,0.0011952624144300772,True,False,False,False,False,False,False
720575940619891591,cell_class,AN,9203,400,0.25,0.04,0.1,0.5824187764859285,0.14201890687819188,0.19461045311311528,0.008475497120504183,0.034879930457459525,0.036401173530370534,0.0011952624144300772,True,False,False,False,False,False,False
720575940619891591,cell_class,AN,9203,400,0.25,0.02,0.01,0.5824187764859285,0.14201890687819188,0.19461045311311528,0.008475497120504183,0.034879930457459525,0.036401173530370534,0.0011952624144300772,True,True,True,False,False,False,False
720575940619891591,cell_class,AN,9203,400,0.25,0.02,0.05,0.5824187764859285,0.14201890687819188,0.19461045311311528,0.008475497120504183,0.034879930457459525,0.036401173530370534,0.0011952624144300772,False,False,False,False,False,False,False
720575940619891591,cell_class,AN,9203,400,0.25,0.02,0.1,0.5824187764859285,0.14201890687819188,0.19461045311311528,0.008475497120504183,0.034879930457459525,0.036401173530370534,0.0011952624144300772,False,False,False,False,False,False,False
720575940619891591,cell_class,AN,9203,400,0.25,0.01,0.01,0.5824187764859285,0.14201890687819188,0.19461045311311528,0.008475497120504183,0.034879930457459525,0.036401173530370534,0.0011952624144300772,True,False,True,False,False,False,False
720575940619891591,cell_class,AN,9203,400,0.25,0.01,0.05,0.5824187764859285,0.14201890687819188,0.19461045311311528,0.008475497120504183,0.034879930457459525,0.036401173530370534,0.0011952624144300772,False,False,False,False,False,False,False
720575940619891591,cell_class,AN,9203,400,0.25,0.01,0.1,0.5824187764859285,0.14201890687819188,0.19461045311311528,0.008475497120504183,0.034879930457459525,0.036401173530370534,0.0011952624144300772,False,False,False,False,False,False,False
720575940621082623,cell_class,AN,1196,400,0.25,0.14285714285714285,0.01,0.006688963210702341,0.48494983277591974,0.010869565217391304,0.01254180602006689,0.25668896321070234,0.22826086956521738,0.0,False,True,False,True,True,False,
720575940621082623,cell_class,AN,1196,400,0.25,0.14285714285714285,0.05,0.006688963210702341,0.48494983277591974,0.010869565217391304,0.01254180602006689,0.25668896321070234,0.22826086956521738,0.0,False,True,False,True,True,False,
720575940621082623,cell_class,AN,1196,400,0.25,0.14285714285714285,0.1,0.006688963210702341,0.48494983277591974,0.010869565217391304,0.01254180602006689,0.25668896321070234,0.22826086956521738,0.0,False,True,False,True,False,False,
720575940621082623,cell_class,AN,1196,400,0.25,0.04,0.01,0.006688963210702341,0.48494983277591974,0.010869565217391304,0.01254180602006689,0.25668896321070234,0.22826086956521738,0.0,False,True,False,True,True,False,
720575940621082623,cell_class,AN,1196,400,0.25,0.04,0.05,0.006688963210702341,0.48494983277591974,0.010869565217391304,0.01254180602006689,0.25668896321070234,0.22826086956521738,0.0,False,True,False,False,False,False,
720575940621082623,cell_class,AN,1196,400,0.25,0.04,0.1,0.006688963210702341,0.48494983277591974,0.010869565217391304,0.01254180602006689,0.25668896321070234,0.22826086956521738,0.0,False,False,False,False,False,False,
720575940621082623,cell_class,AN,1196,400,0.25,0.02,0.01,0.006688963210702341,0.48494983277591974,0.010869565217391304,0.01254180602006689,0.25668896321070234,0.22826086956521738,0.0,False,True,False,True,True,False,
720575940621082623,cell_class,AN,1196,400,0.25,0.02,0.05,0.006688963210702341,0.48494983277591974,0.010869565217391304,0.01254180602006689,0.25668896321070234,0.22826086956521738,0.0,False,True,False,False,False,False,
720575940621082623,cell_class,AN,1196,400,0.25,0.02,0.1,0.006688963210702341,0.48494983277591974,0.010869565217391304,0.01254180602006689,0.25668896321070234,0.22826086956521738,0.0,False,False,False,False,False,False,
720575940621082623,cell_class,AN,1196,400,0.25,0.01,0.01,0.006688963210702341,0.48494983277591974,0.010869565217391304,0.01254180602006689,0.25668896321070234,0.22826086956521738,0.0,False,True,False,True,True,False,
720575940621082623,cell_class,AN,1196,400,0.25,0.01,0.05,0.006688963210702341,0.48494983277591974,0.010869565217391304,0.01254180602006689,0.25668896321070234,0.22826086956521738,0.0,False,False,False,False,False,False,
720575940621082623,cell_class,AN,1196,400,0.25,0.01,0.1,0.006688963210702341,0.48494983277591974,0.010869565217391304,0.01254180602006689,0.25668896321070234,0.22826086956521738,0.0,False,False,False,False,False,False,
720575940635968319,cell_class,AN,1978,400,0.25,0.14285714285714285,0.01,0.02275025278058645,0.9064711830131446,0.013650151668351871,0.0015166835187057635,0.050050556117290194,0.005561172901921132,0.0,True,True,False,True,False,False,
720575940635968319,cell_class,AN,1978,400,0.25,0.14285714285714285,0.05,0.02275025278058645,0.9064711830131446,0.013650151668351871,0.0015166835187057635,0.050050556117290194,0.005561172901921132,0.0,False,True,False,False,False,False,
720575940635968319,cell_class,AN,1978,400,0.25,0.14285714285714285,0.1,0.02275025278058645,0.9064711830131446,0.013650151668351871,0.0015166835187057635,0.050050556117290194,0.005561172901921132,0.0,False,True,False,False,False,False,
720575940635968319,cell_class,AN,1978,400,0.25,0.04,0.01,0.02275025278058645,0.9064711830131446,0.013650151668351871,0.0015166835187057635,0.050050556117290194,0.005561172901921132,0.0,False,True,False,True,False,False,
720575940635968319,cell_class,AN,1978,400,0.25,0.04,0.05,0.02275025278058645,0.9064711830131446,0.013650151668351871,0.0015166835187057635,0.050050556117290194,0.005561172901921132,0.0,False,True,False,False,False,False,
720575940635968319,cell_class,AN,1978,400,0.25,0.04,0.1,0.02275025278058645,0.9064711830131446,0.013650151668351871,0.0015166835187057635,0.050050556117290194,0.005561172901921132,0.0,False,True,False,False,False,False,
720575940635968319,cell_class,AN,1978,400,0.25,0.02,0.01,0.02275025278058645,0.9064711830131446,0.013650151668351871,0.0015166835187057635,0.050050556117290194,0.005561172901921132,0.0,False,True,False,True,False,False,
720575940635968319,cell_class,AN,1978,400,0.25,0.02,0.05,0.02275025278058645,0.9064711830131446,0.013650151668351871,0.0015166835187057635,0.050050556117290194,0.005561172901921132,0.0,False,True,False,False,False,False,
720575940635968319,cell_class,AN,1978,400,0.25,0.02,0.1,0.02275025278058645,0.9064711830131446,0.013650151668351871,0.0015166835187057635,0.050050556117290194,0.005561172901921132,0.0,False,False,False,False,False,False,
720575940635968319,cell_class,AN,1978,400,0.25,0.01,0.01,0.02275025278058645,0.9064711830131446,0.013650151668351871,0.0015166835187057635,0.050050556117290194,0.005561172901921132,0.0,False,True,False,False,False,False,
720575940635968319,cell_class,AN,1978,400,0.25,0.01,0.05,0.02275025278058645,0.9064711830131446,0.013650151668351871,0.0015166835187057635,0.050050556117290194,0.005561172901921132,0.0,False,True,False,False,False,False,
720575940635968319,cell_class,AN,1978,400,0.25,0.01,0.1,0.02275025278058645,0.9064711830131446,0.013650151668351871,0.0015166835187057635,0.050050556117290194,0.005561172901921132,0.0,False,False,False,False,False,False,
720575940637562469,cell_class,AN,1170,400,0.25,0.14285714285714285,0.01,0.010256410256410256,0.3854700854700855,0.023076923076923078,0.005128205128205128,0.2931623931623932,0.2829059829059829,0.0,False,True,True,True,True,False,
720575940637562469,cell_class,AN,1170,400,0.25,0.14285714285714285,0.05,0.010256410256410256,0.3854700854700855,0.023076923076923078,0.005128205128205128,0.2931623931623932,0.2829059829059829,0.0,False,True,False,True,True,False,
720575940637562469,cell_class,AN,1170,400,0.25,0.14285714285714285,0.1,0.010256410256410256,0.3854700854700855,0.023076923076923078,0.005128205128205128,0.2931623931623932,0.2829059829059829,0.0,False,False,False,True,True,False,
720575940637562469,cell_class,AN,1170,400,0.25,0.04,0.01,0.010256410256410256,0.3854700854700855,0.023076923076923078,0.005128205128205128,0.2931623931623932,0.2829059829059829,0.0,False,True,True,True,True,False,
720575940637562469,cell_class,AN,1170,400,0.25,0.04,0.05,0.010256410256410256,0.3854700854700855,0.023076923076923078,0.005128205128205128,0.2931623931623932,0.2829059829059829,0.0,False,False,False,False,False,False,
720575940637562469,cell_class,AN,1170,400,0.25,0.04,0.1,0.010256410256410256,0.3854700854700855,0.023076923076923078,0.005128205128205128,0.2931623931623932,0.2829059829059829,0.0,False,False,False,False,False,False,
720575940637562469,cell_class,AN,1170,400,0.25,0.02,0.01,0.010256410256410256,0.3854700854700855,0.023076923076923078,0.005128205128205128,0.2931623931623932,0.2829059829059829,0.0,False,True,True,True,True,False,
720575940637562469,cell_class,AN,1170,400,0.25,0.02,0.05,0.010256410256410256,0.3854700854700855,0.023076923076923078,0.005128205128205128,0.2931623931623932,0.2829059829059829,0.0,False,False,False,False,False,False,
720575940637562469,cell_class,AN,1170,400,0.25,0.02,0.1,0.010256410256410256,0.3854700854700855,0.023076923076923078,0.005128205128205128,0.2931623931623932,0.2829059829059829,0.0,False,False,False,False,False,False,
720575940637562469,cell_class,AN,1170,400,0.25,0.01,0.01,0.010256410256410256,0.3854700854700855,0.023076923076923078,0.005128205128205128,0.2931623931623932,0.2829059829059829,0.0,False,True,True,True,True,False,
720575940637562469,cell_class,AN,1170,400,0.25,0.01,0.05,0.010256410256410256,0.3854700854700855,0.023076923076923078,0.005128205128205128,0.2931623931623932,0.2829059829059829,0.0,False,False,False,False,False,False,
720575940637562469,cell_class,AN,1170,400,0.25,0.01,0.1,0.010256410256410256,0.3854700854700855,0.023076923076923078,0.005128205128205128,0.2931623931623932,0.2829059829059829,0.0,False,False,False,False,False,False,
720575940631295703,cell_class,AN,1270,400,0.25,0.14285714285714285,0.01,0.42362204724409447,0.10078740157480315,0.41338582677165353,0.0,0.03937007874015748,0.02283464566929134,0.0,True,True,True,True,True,,
720575940631295703,cell_class,AN,1270,400,0.25,0.14285714285714285,0.05,0.42362204724409447,0.10078740157480315,0.41338582677165353,0.0,0.03937007874015748,0.02283464566929134,0.0,True,False,True,False,False,,
720575940631295703,cell_class,AN,1270,400,0.25,0.14285714285714285,0.1,0.42362204724409447,0.10078740157480315,0.41338582677165353,0.0,0.03937007874015748,0.02283464566929134,0.0,True,False,True,False,False,,
720575940631295703,cell_class,AN,1270,400,0.25,0.04,0.01,0.42362204724409447,0.10078740157480315,0.41338582677165353,0.0,0.03937007874015748,0.02283464566929134,0.0,True,True,True,True,False,,
720575940631295703,cell_class,AN,1270,400,0.25,0.04,0.05,0.42362204724409447,0.10078740157480315,0.41338582677165353,0.0,0.03937007874015748,0.02283464566929134,0.0,True,False,True,False,False,,
720575940631295703,cell_class,AN,1270,400,0.25,0.04,0.1,0.42362204724409447,0.10078740157480315,0.41338582677165353,0.0,0.03937007874015748,0.02283464566929134,0.0,True,False,False,False,False,,
720575940631295703,cell_class,AN,1270,400,0.25,0.02,0.01,0.42362204724409447,0.10078740157480315,0.41338582677165353,0.0,0.03937007874015748,0.02283464566929134,0.0,True,True,True,False,False,,
720575940631295703,cell_class,AN,1270,400,0.25,0.02,0.05,0.42362204724409447,0.10078740157480315,0.41338582677165353,0.0,0.03937007874015748,0.02283464566929134,0.0,True,False,True,False,False,,
720575940631295703,cell_class,AN,1270,400,0.25,0.02,0.1,0.42362204724409447,0.10078740157480315,0.41338582677165353,0.0,0.03937007874015748,0.02283464566929134,0.0,False,False,False,False,False,,
720575940631295703,cell_class,AN,1270,400,0.25,0.01,0.01,0.42362204724409447,0.10078740157480315,0.41338582677165353,0.0,0.03937007874015748,0.02283464566929134,0.0,True,True,True,False,False,,
720575940631295703,cell_class,AN,1270,400,0.25,0.01,0.05,0.42362204724409447,0.10078740157480315,0.41338582677165353,0.0,0.03937007874015748,0.02283464566929134,0.0,True,False,False,False,False,,
720575940631295703,cell_class,AN,1270,400,0.25,0.01,0.1,0.42362204724409447,0.10078740157480315,0.41338582677165353,0.0,0.03937007874015748,0.02283464566929134,0.0,False,False,False,False,False,,
720575940615689634,cell_class,AN,1470,400,0.25,0.14285714285714285,0.01,0.004081632653061225,0.4557823129251701,0.1401360544217687,0.0027210884353741495,0.31564625850340133,0.08163265306122448,0.0,False,True,True,True,True,False,
720575940615689634,cell_class,AN,1470,400,0.25,0.14285714285714285,0.05,0.004081632653061225,0.4557823129251701,0.1401360544217687,0.0027210884353741495,0.31564625850340133,0.08163265306122448,0.0,False,True,True,True,False,False,
720575940615689634,cell_class,AN,1470,400,0.25,0.14285714285714285,0.1,0.004081632653061225,0.4557823129251701,0.1401360544217687,0.0027210884353741495,0.31564625850340133,0.08163265306122448,0.0,False,True,False,True,False,False,
720575940615689634,cell_class,AN,1470,400,0.25,0.04,0.01,0.004081632653061225,0.4557823129251701,0.1401360544217687,0.0027210884353741495,0.31564625850340133,0.08163265306122448,0.0,False,True,True,True,True,False,
720575940615689634,cell_class,AN,1470,400,0.25,0.04,0.05,0.004081632653061225,0.4557823129251701,0.1401360544217687,0.0027210884353741495,0.31564625850340133,0.08163265306122448,0.0,False,True,False,True,False,False,
720575940615689634,cell_class,AN,1470,400,0.25,0.04,0.1,0.004081632653061225,0.4557823129251701,0.1401360544217687,0.0027210884353741495,0.31564625850340133,0.08163265306122448,0.0,False,False,False,False,False,False,
720575940615689634,cell_class,AN,1470,400,0.25,0.02,0.01,0.004081632653061225,0.4557823129251701,0.1401360544217687,0.0027210884353741495,0.31564625850340133,0.08163265306122448,0.0,False,True,True,True,False,False,
720575940615689634,cell_class,AN,1470,400,0.25,0.02,0.05,0.004081632653061225,0.4557823129251701,0.1401360544217687,0.0027210884353741495,0.31564625850340133,0.08163265306122448,0.0,False,False,False,False,False,False,
720575940615689634,cell_class,AN,1470,400,0.25,0.02,0.1,0.004081632653061225,0.4557823129251701,0.1401360544217687,0.0027210884353741495,0.31564625850340133,0.08163265306122448,0.0,False,False,False,False,False,False,
720575940615689634,cell_class,AN,1470,400,0.25,0.01,0.01,0.004081632653061225,0.4557823129251701,0.1401360544217687,0.0027210884353741495,0.31564625850340133,0.08163265306122448,0.0,False,True,True,True,False,False,
720575940615689634,cell_class,AN,1470,400,0.25,0.01,0.05,0.004081632653061225,0.4557823129251701,0.1401360544217687,0.0027210884353741495,0.31564625850340133,0.08163265306122448,0.0,False,False,False,False,False,False,
720575940615689634,cell_class,AN,1470,400,0.25,0.01,0.1,0.004081632653061225,0.4557823129251701,0.1401360544217687,0.0027210884353741495,0.31564625850340133,0.08163265306122448,0.0,False,False,False,False,False,False,
720575940633185676,cell_class,AN,1979,400,0.25,0.14285714285714285,0.01,0.00404244567963618,0.8165740272865083,0.01616978271854472,0.0015159171298635675,0.12481051035876706,0.036887316826680144,0.0,False,True,False,True,True,False,
720575940633185676,cell_class,AN,1979,400,0.25,0.14285714285714285,0.05,0.00404244567963618,0.8165740272865083,0.01616978271854472,0.0015159171298635675,0.12481051035876706,0.036887316826680144,0.0,False,True,False,False,False,False,
720575940633185676,cell_class,AN,1979,400,0.25,0.14285714285714285,0.1,0.00404244567963618,0.8165740272865083,0.01616978271854472,0.0015159171298635675,0.12481051035876706,0.036887316826680144,0.0,False,True,False,False,False,False,
720575940633185676,cell_class,AN,1979,400,0.25,0.04,0.01,0.00404244567963618,0.8165740272865083,0.01616978271854472,0.0015159171298635675,0.12481051035876706,0.036887316826680144,0.0,False,True,False,True,False,False,
720575940633185676,cell_class,AN,1979,400,0.25,0.04,0.05,0.00404244567963618,0.8165740272865083,0.01616978271854472,0.0015159171298635675,0.12481051035876706,0.036887316826680144,0.0,False,True,False,False,False,False,
720575940633185676,cell_class,AN,1979,400,0.25,0.04,0.1,0.00404244567963618,0.8165740272865083,0.01616978271854472,0.0015159171298635675,0.12481051035876706,0.036887316826680144,0.0,False,False,False,False,False,False,
720575940633185676,cell_class,AN,1979,400,0.25,0.02,0.01,0.00404244567963618,0.8165740272865083,0.01616978271854472,0.0015159171298635675,0.12481051035876706,0.036887316826680144,0.0,False,True,False,True,False,False,
720575940633185676,cell_class,AN,1979,400,0.25,0.02,0.05,0.00404244567963618,0.8165740272865083,0.01616978271854472,0.0015159171298635675,0.12481051035876706,0.036887316826680144,0.0,False,True,False,False,False,False,
720575940633185676,cell_class,AN,1979,400,0.25,0.02,0.1,0.00404244567963618,0.8165740272865083,0.01616978271854472,0.0015159171298635675,0.12481051035876706,0.036887316826680144,0.0,False,False,False,False,False,False,
720575940633185676,cell_class,AN,1979,400,0.25,0.01,0.01,0.00404244567963618,0.8165740272865083,0.01616978271854472,0.0015159171298635675,0.12481051035876706,0.036887316826680144,0.0,False,True,False,True,False,False,
720575940633185676,cell_class,AN,1979,400,0.25,0.01,0.05,0.00404244567963618,0.8165740272865083,0.01616978271854472,0.0015159171298635675,0.12481051035876706,0.036887316826680144,0.0,False,True,False,False,False,False,
720575940633185676,cell_class,AN,1979,400,0.25,0.01,0.1,0.00404244567963618,0.8165740272865083,0.01616978271854472,0.0015159171298635675,0.12481051035876706,0.036887316826680144,0.0,False,False,False,False,False,False,
