root_id,classification_system,cell_type,num_synapses,min_synapses,softmax_threshold,bandwidth_quantile_value,min_synapses_ratio_value,GABA_ratio,ACh_ratio,Glut_ratio,Oct_ratio,Ser_ratio,DA_ratio,Unknown_ratio,GABA_clusters,ACh_clusters,Glut_clusters,Oct_clusters,Ser_clusters,DA_clusters,Unknown_clusters
720575940626983293,cell_class,mechanosensory,459,400,0.25,0.14285714285714285,0.01,0.09586056644880174,0.5206971677559913,0.16775599128540306,0.0457516339869281,0.1437908496732026,0.026143790849673203,0.0,True,True,True,True,True,True,
720575940626983293,cell_class,mechanosensory,459,400,0.25,0.14285714285714285,0.05,0.09586056644880174,0.5206971677559913,0.16775599128540306,0.0457516339869281,0.1437908496732026,0.026143790849673203,0.0,True,True,True,False,True,False,
720575940626983293,cell_class,mechanosensory,459,400,0.25,0.14285714285714285,0.1,0.09586056644880174,0.5206971677559913,0.16775599128540306,0.0457516339869281,0.1437908496732026,0.026143790849673203,0.0,False,True,False,False,False,False,
720575940626983293,cell_class,mechanosensory,459,400,0.25,0.04,0.01,0.09586056644880174,0.5206971677559913,0.16775599128540306,0.0457516339869281,0.1437908496732026,0.026143790849673203,0.0,True,True,True,True,True,True,
720575940626983293,cell_class,mechanosensory,459,400,0.25,0.04,0.05,0.09586056644880174,0.5206971677559913,0.16775599128540306,0.0457516339869281,0.1437908496732026,0.026143790849673203,0.0,False,True,False,False,False,False,
720575940626983293,cell_class,mechanosensory,459,400,0.25,0.04,0.1,0.09586056644880174,0.5206971677559913,0.16775599128540306,0.0457516339869281,0.1437908496732026,0.026143790849673203,0.0,False,False,False,False,False,False,
720575940626983293,cell_class,mechanosensory,459,400,0.25,0.02,0.01,0.09586056644880174,0.5206971677559913,0.16775599128540306,0.0457516339869281,0.1437908496732026,0.026143790849673203,0.0,True,True,True,True,True,True,
720575940626983293,cell_class,mechanosensory,459,400,0.25,0.02,0.05,0.09586056644880174,0.5206971677559913,0.16775599128540306,0.0457516339869281,0.1437908496732026,0.026143790849673203,0.0,False,True,False,False,False,False,
720575940626983293,cell_class,mechanosensory,459,400,0.25,0.02,0.1,0.09586056644880174,0.5206971677559913,0.16775599128540306,0.0457516339869281,0.1437908496732026,0.026143790849673203,0.0,False,False,False,False,False,False,
720575940626983293,cell_class,mechanosensory,459,400,0.25,0.01,0.01,0.09586056644880174,0.5206971677559913,0.16775599128540306,0.0457516339869281,0.1437908496732026,0.026143790849673203,0.0,True,True,True,True,True,True,
720575940626983293,cell_class,mechanosensory,459,400,0.25,0.01,0.05,0.09586056644880174,0.5206971677559913,0.16775599128540306,0.0457516339869281,0.1437908496732026,0.026143790849673203,0.0,False,False,False,False,False,False,
720575940626983293,cell_class,mechanosensory,459,400,0.25,0.01,0.1,0.09586056644880174,0.5206971677559913,0.16775599128540306,0.0457516339869281,0.1437908496732026,0.026143790849673203,0.0,False,False,False,False,False,False,
720575940642309261,cell_class,mechanosensory,412,400,0.25,0.14285714285714285,0.01,0.08737864077669903,0.6116504854368932,0.1262135922330097,0.02669902912621359,0.1262135922330097,0.019417475728155338,0.0024271844660194173,True,True,True,False,True,True,
720575940642309261,cell_class,mechanosensory,412,400,0.25,0.14285714285714285,0.05,0.08737864077669903,0.6116504854368932,0.1262135922330097,0.02669902912621359,0.1262135922330097,0.019417475728155338,0.0024271844660194173,False,True,True,False,False,False,
720575940642309261,cell_class,mechanosensory,412,400,0.25,0.14285714285714285,0.1,0.08737864077669903,0.6116504854368932,0.1262135922330097,0.02669902912621359,0.1262135922330097,0.019417475728155338,0.0024271844660194173,False,True,False,False,False,False,
720575940642309261,cell_class,mechanosensory,412,400,0.25,0.04,0.01,0.08737864077669903,0.6116504854368932,0.1262135922330097,0.02669902912621359,0.1262135922330097,0.019417475728155338,0.0024271844660194173,True,True,True,False,True,True,
720575940642309261,cell_class,mechanosensory,412,400,0.25,0.04,0.05,0.08737864077669903,0.6116504854368932,0.1262135922330097,0.02669902912621359,0.1262135922330097,0.019417475728155338,0.0024271844660194173,False,True,False,False,False,False,
720575940642309261,cell_class,mechanosensory,412,400,0.25,0.04,0.1,0.08737864077669903,0.6116504854368932,0.1262135922330097,0.02669902912621359,0.1262135922330097,0.019417475728155338,0.0024271844660194173,False,True,False,False,False,False,
720575940642309261,cell_class,mechanosensory,412,400,0.25,0.02,0.01,0.08737864077669903,0.6116504854368932,0.1262135922330097,0.02669902912621359,0.1262135922330097,0.019417475728155338,0.0024271844660194173,True,True,True,False,True,True,
720575940642309261,cell_class,mechanosensory,412,400,0.25,0.02,0.05,0.08737864077669903,0.6116504854368932,0.1262135922330097,0.02669902912621359,0.1262135922330097,0.019417475728155338,0.0024271844660194173,False,True,False,False,False,False,
720575940642309261,cell_class,mechanosensory,412,400,0.25,0.02,0.1,0.08737864077669903,0.6116504854368932,0.1262135922330097,0.02669902912621359,0.1262135922330097,0.019417475728155338,0.0024271844660194173,False,True,False,False,False,False,
720575940642309261,cell_class,mechanosensory,412,400,0.25,0.01,0.01,0.08737864077669903,0.6116504854368932,0.1262135922330097,0.02669902912621359,0.1262135922330097,0.019417475728155338,0.0024271844660194173,True,True,True,False,True,True,
720575940642309261,cell_class,mechanosensory,412,400,0.25,0.01,0.05,0.08737864077669903,0.6116504854368932,0.1262135922330097,0.02669902912621359,0.1262135922330097,0.019417475728155338,0.0024271844660194173,False,True,False,False,False,False,
720575940642309261,cell_class,mechanosensory,412,400,0.25,0.01,0.1,0.08737864077669903,0.6116504854368932,0.1262135922330097,0.02669902912621359,0.1262135922330097,0.019417475728155338,0.0024271844660194173,False,False,False,False,False,False,
720575940639161909,cell_class,mechanosensory,438,400,0.25,0.14285714285714285,0.01,0.091324200913242,0.639269406392694,0.1963470319634703,0.0091324200913242,0.0547945205479452,0.0091324200913242,0.0,True,True,True,False,True,False,
720575940639161909,cell_class,mechanosensory,438,400,0.25,0.14285714285714285,0.05,0.091324200913242,0.639269406392694,0.1963470319634703,0.0091324200913242,0.0547945205479452,0.0091324200913242,0.0,True,True,True,False,False,False,
720575940639161909,cell_class,mechanosensory,438,400,0.25,0.14285714285714285,0.1,0.091324200913242,0.639269406392694,0.1963470319634703,0.0091324200913242,0.0547945205479452,0.0091324200913242,0.0,False,True,False,False,False,False,
720575940639161909,cell_class,mechanosensory,438,400,0.25,0.04,0.01,0.091324200913242,0.639269406392694,0.1963470319634703,0.0091324200913242,0.0547945205479452,0.0091324200913242,0.0,True,True,True,False,True,False,
720575940639161909,cell_class,mechanosensory,438,400,0.25,0.04,0.05,0.091324200913242,0.639269406392694,0.1963470319634703,0.0091324200913242,0.0547945205479452,0.0091324200913242,0.0,False,True,False,False,False,False,
720575940639161909,cell_class,mechanosensory,438,400,0.25,0.04,0.1,0.091324200913242,0.639269406392694,0.1963470319634703,0.0091324200913242,0.0547945205479452,0.0091324200913242,0.0,False,True,False,False,False,False,
720575940639161909,cell_class,mechanosensory,438,400,0.25,0.02,0.01,0.091324200913242,0.639269406392694,0.1963470319634703,0.0091324200913242,0.0547945205479452,0.0091324200913242,0.0,True,True,True,False,True,False,
720575940639161909,cell_class,mechanosensory,438,400,0.25,0.02,0.05,0.091324200913242,0.639269406392694,0.1963470319634703,0.0091324200913242,0.0547945205479452,0.0091324200913242,0.0,False,True,False,False,False,False,
720575940639161909,cell_class,mechanosensory,438,400,0.25,0.02,0.1,0.091324200913242,0.639269406392694,0.1963470319634703,0.0091324200913242,0.0547945205479452,0.0091324200913242,0.0,False,True,False,False,False,False,
720575940639161909,cell_class,mechanosensory,438,400,0.25,0.01,0.01,0.091324200913242,0.639269406392694,0.1963470319634703,0.0091324200913242,0.0547945205479452,0.0091324200913242,0.0,False,True,True,False,False,False,
720575940639161909,cell_class,mechanosensory,438,400,0.25,0.01,0.05,0.091324200913242,0.639269406392694,0.1963470319634703,0.0091324200913242,0.0547945205479452,0.0091324200913242,0.0,False,True,False,False,False,False,
720575940639161909,cell_class,mechanosensory,438,400,0.25,0.01,0.1,0.091324200913242,0.639269406392694,0.1963470319634703,0.0091324200913242,0.0547945205479452,0.0091324200913242,0.0,False,False,False,False,False,False,
720575940640713680,cell_class,mechanosensory,577,400,0.25,0.14285714285714285,0.01,0.05719237435008666,0.6187175043327556,0.04852686308492201,0.038128249566724434,0.22010398613518198,0.01733102253032929,0.0,True,True,True,True,True,False,
720575940640713680,cell_class,mechanosensory,577,400,0.25,0.14285714285714285,0.05,0.05719237435008666,0.6187175043327556,0.04852686308492201,0.038128249566724434,0.22010398613518198,0.01733102253032929,0.0,False,True,False,False,True,False,
720575940640713680,cell_class,mechanosensory,577,400,0.25,0.14285714285714285,0.1,0.05719237435008666,0.6187175043327556,0.04852686308492201,0.038128249566724434,0.22010398613518198,0.01733102253032929,0.0,False,True,False,False,False,False,
720575940640713680,cell_class,mechanosensory,577,400,0.25,0.04,0.01,0.05719237435008666,0.6187175043327556,0.04852686308492201,0.038128249566724434,0.22010398613518198,0.01733102253032929,0.0,True,True,True,True,True,False,
720575940640713680,cell_class,mechanosensory,577,400,0.25,0.04,0.05,0.05719237435008666,0.6187175043327556,0.04852686308492201,0.038128249566724434,0.22010398613518198,0.01733102253032929,0.0,False,True,False,False,False,False,
720575940640713680,cell_class,mechanosensory,577,400,0.25,0.04,0.1,0.05719237435008666,0.6187175043327556,0.04852686308492201,0.038128249566724434,0.22010398613518198,0.01733102253032929,0.0,False,False,False,False,False,False,
720575940640713680,cell_class,mechanosensory,577,400,0.25,0.02,0.01,0.05719237435008666,0.6187175043327556,0.04852686308492201,0.038128249566724434,0.22010398613518198,0.01733102253032929,0.0,True,True,True,True,True,False,
720575940640713680,cell_class,mechanosensory,577,400,0.25,0.02,0.05,0.05719237435008666,0.6187175043327556,0.04852686308492201,0.038128249566724434,0.22010398613518198,0.01733102253032929,0.0,False,True,False,False,False,False,
720575940640713680,cell_class,mechanosensory,577,400,0.25,0.02,0.1,0.05719237435008666,0.6187175043327556,0.04852686308492201,0.038128249566724434,0.22010398613518198,0.01733102253032929,0.0,False,False,False,False,False,False,
720575940640713680,cell_class,mechanosensory,577,400,0.25,0.01,0.01,0.05719237435008666,0.6187175043327556,0.04852686308492201,0.038128249566724434,0.22010398613518198,0.01733102253032929,0.0,True,True,False,False,True,False,
720575940640713680,cell_class,mechanosensory,577,400,0.25,0.01,0.05,0.05719237435008666,0.6187175043327556,0.04852686308492201,0.038128249566724434,0.22010398613518198,0.01733102253032929,0.0,False,False,False,False,False,False,
720575940640713680,cell_class,mechanosensory,577,400,0.25,0.01,0.1,0.05719237435008666,0.6187175043327556,0.04852686308492201,0.038128249566724434,0.22010398613518198,0.01733102253032929,0.0,False,False,False,False,False,False,
720575940623291945,cell_class,mechanosensory,474,400,0.25,0.14285714285714285,0.01,0.10126582278481013,0.5864978902953587,0.11392405063291139,0.02531645569620253,0.16877637130801687,0.004219409282700422,0.0,True,True,True,True,True,False,
720575940623291945,cell_class,mechanosensory,474,400,0.25,0.14285714285714285,0.05,0.10126582278481013,0.5864978902953587,0.11392405063291139,0.02531645569620253,0.16877637130801687,0.004219409282700422,0.0,True,True,False,False,True,False,
720575940623291945,cell_class,mechanosensory,474,400,0.25,0.14285714285714285,0.1,0.10126582278481013,0.5864978902953587,0.11392405063291139,0.02531645569620253,0.16877637130801687,0.004219409282700422,0.0,False,True,False,False,False,False,
720575940623291945,cell_class,mechanosensory,474,400,0.25,0.04,0.01,0.10126582278481013,0.5864978902953587,0.11392405063291139,0.02531645569620253,0.16877637130801687,0.004219409282700422,0.0,True,True,True,False,True,False,
720575940623291945,cell_class,mechanosensory,474,400,0.25,0.04,0.05,0.10126582278481013,0.5864978902953587,0.11392405063291139,0.02531645569620253,0.16877637130801687,0.004219409282700422,0.0,False,True,False,False,False,False,
720575940623291945,cell_class,mechanosensory,474,400,0.25,0.04,0.1,0.10126582278481013,0.5864978902953587,0.11392405063291139,0.02531645569620253,0.16877637130801687,0.004219409282700422,0.0,False,False,False,False,False,False,
720575940623291945,cell_class,mechanosensory,474,400,0.25,0.02,0.01,0.10126582278481013,0.5864978902953587,0.11392405063291139,0.02531645569620253,0.16877637130801687,0.004219409282700422,0.0,True,True,True,False,True,False,
720575940623291945,cell_class,mechanosensory,474,400,0.25,0.02,0.05,0.10126582278481013,0.5864978902953587,0.11392405063291139,0.02531645569620253,0.16877637130801687,0.004219409282700422,0.0,False,True,False,False,False,False,
720575940623291945,cell_class,mechanosensory,474,400,0.25,0.02,0.1,0.10126582278481013,0.5864978902953587,0.11392405063291139,0.02531645569620253,0.16877637130801687,0.004219409282700422,0.0,False,False,False,False,False,False,
720575940623291945,cell_class,mechanosensory,474,400,0.25,0.01,0.01,0.10126582278481013,0.5864978902953587,0.11392405063291139,0.02531645569620253,0.16877637130801687,0.004219409282700422,0.0,True,True,True,False,True,False,
720575940623291945,cell_class,mechanosensory,474,400,0.25,0.01,0.05,0.10126582278481013,0.5864978902953587,0.11392405063291139,0.02531645569620253,0.16877637130801687,0.004219409282700422,0.0,False,True,False,False,False,False,
720575940623291945,cell_class,mechanosensory,474,400,0.25,0.01,0.1,0.10126582278481013,0.5864978902953587,0.11392405063291139,0.02531645569620253,0.16877637130801687,0.004219409282700422,0.0,False,False,False,False,False,False,
720575940624334827,cell_class,mechanosensory,574,400,0.25,0.14285714285714285,0.01,0.06445993031358885,0.578397212543554,0.15156794425087108,0.029616724738675958,0.16550522648083624,0.008710801393728223,0.0017421602787456446,True,True,True,True,True,False,
720575940624334827,cell_class,mechanosensory,574,400,0.25,0.14285714285714285,0.05,0.06445993031358885,0.578397212543554,0.15156794425087108,0.029616724738675958,0.16550522648083624,0.008710801393728223,0.0017421602787456446,False,True,True,False,True,False,
720575940624334827,cell_class,mechanosensory,574,400,0.25,0.14285714285714285,0.1,0.06445993031358885,0.578397212543554,0.15156794425087108,0.029616724738675958,0.16550522648083624,0.008710801393728223,0.0017421602787456446,False,True,False,False,False,False,
720575940624334827,cell_class,mechanosensory,574,400,0.25,0.04,0.01,0.06445993031358885,0.578397212543554,0.15156794425087108,0.029616724738675958,0.16550522648083624,0.008710801393728223,0.0017421602787456446,True,True,True,True,True,False,
720575940624334827,cell_class,mechanosensory,574,400,0.25,0.04,0.05,0.06445993031358885,0.578397212543554,0.15156794425087108,0.029616724738675958,0.16550522648083624,0.008710801393728223,0.0017421602787456446,False,True,False,False,False,False,
720575940624334827,cell_class,mechanosensory,574,400,0.25,0.04,0.1,0.06445993031358885,0.578397212543554,0.15156794425087108,0.029616724738675958,0.16550522648083624,0.008710801393728223,0.0017421602787456446,False,True,False,False,False,False,
720575940624334827,cell_class,mechanosensory,574,400,0.25,0.02,0.01,0.06445993031358885,0.578397212543554,0.15156794425087108,0.029616724738675958,0.16550522648083624,0.008710801393728223,0.0017421602787456446,True,True,True,True,True,False,
720575940624334827,cell_class,mechanosensory,574,400,0.25,0.02,0.05,0.06445993031358885,0.578397212543554,0.15156794425087108,0.029616724738675958,0.16550522648083624,0.008710801393728223,0.0017421602787456446,False,True,False,False,False,False,
720575940624334827,cell_class,mechanosensory,574,400,0.25,0.02,0.1,0.06445993031358885,0.578397212543554,0.15156794425087108,0.029616724738675958,0.16550522648083624,0.008710801393728223,0.0017421602787456446,False,True,False,False,False,False,
720575940624334827,cell_class,mechanosensory,574,400,0.25,0.01,0.01,0.06445993031358885,0.578397212543554,0.15156794425087108,0.029616724738675958,0.16550522648083624,0.008710801393728223,0.0017421602787456446,False,True,True,False,True,False,
720575940624334827,cell_class,mechanosensory,574,400,0.25,0.01,0.05,0.06445993031358885,0.578397212543554,0.15156794425087108,0.029616724738675958,0.16550522648083624,0.008710801393728223,0.0017421602787456446,False,True,False,False,False,False,
720575940624334827,cell_class,mechanosensory,574,400,0.25,0.01,0.1,0.06445993031358885,0.578397212543554,0.15156794425087108,0.029616724738675958,0.16550522648083624,0.008710801393728223,0.0017421602787456446,False,False,False,False,False,False,
720575940623979959,cell_class,mechanosensory,487,400,0.25,0.14285714285714285,0.01,0.06365503080082136,0.49075975359342916,0.22176591375770022,0.043121149897330596,0.16837782340862423,0.008213552361396304,0.004106776180698152,True,True,True,True,True,False,False
720575940623979959,cell_class,mechanosensory,487,400,0.25,0.14285714285714285,0.05,0.06365503080082136,0.49075975359342916,0.22176591375770022,0.043121149897330596,0.16837782340862423,0.008213552361396304,0.004106776180698152,False,True,True,False,True,False,False
720575940623979959,cell_class,mechanosensory,487,400,0.25,0.14285714285714285,0.1,0.06365503080082136,0.49075975359342916,0.22176591375770022,0.043121149897330596,0.16837782340862423,0.008213552361396304,0.004106776180698152,False,True,False,False,False,False,False
720575940623979959,cell_class,mechanosensory,487,400,0.25,0.04,0.01,0.06365503080082136,0.49075975359342916,0.22176591375770022,0.043121149897330596,0.16837782340862423,0.008213552361396304,0.004106776180698152,True,True,True,True,True,False,False
720575940623979959,cell_class,mechanosensory,487,400,0.25,0.04,0.05,0.06365503080082136,0.49075975359342916,0.22176591375770022,0.043121149897330596,0.16837782340862423,0.008213552361396304,0.004106776180698152,False,True,True,False,False,False,False
720575940623979959,cell_class,mechanosensory,487,400,0.25,0.04,0.1,0.06365503080082136,0.49075975359342916,0.22176591375770022,0.043121149897330596,0.16837782340862423,0.008213552361396304,0.004106776180698152,False,False,False,False,False,False,False
720575940623979959,cell_class,mechanosensory,487,400,0.25,0.02,0.01,0.06365503080082136,0.49075975359342916,0.22176591375770022,0.043121149897330596,0.16837782340862423,0.008213552361396304,0.004106776180698152,True,True,True,True,True,False,False
720575940623979959,cell_class,mechanosensory,487,400,0.25,0.02,0.05,0.06365503080082136,0.49075975359342916,0.22176591375770022,0.043121149897330596,0.16837782340862423,0.008213552361396304,0.004106776180698152,False,True,False,False,False,False,False
720575940623979959,cell_class,mechanosensory,487,400,0.25,0.02,0.1,0.06365503080082136,0.49075975359342916,0.22176591375770022,0.043121149897330596,0.16837782340862423,0.008213552361396304,0.004106776180698152,False,False,False,False,False,False,False
720575940623979959,cell_class,mechanosensory,487,400,0.25,0.01,0.01,0.06365503080082136,0.49075975359342916,0.22176591375770022,0.043121149897330596,0.16837782340862423,0.008213552361396304,0.004106776180698152,False,True,True,True,True,False,False
720575940623979959,cell_class,mechanosensory,487,400,0.25,0.01,0.05,0.06365503080082136,0.49075975359342916,0.22176591375770022,0.043121149897330596,0.16837782340862423,0.008213552361396304,0.004106776180698152,False,False,False,False,False,False,False
720575940623979959,cell_class,mechanosensory,487,400,0.25,0.01,0.1,0.06365503080082136,0.49075975359342916,0.22176591375770022,0.043121149897330596,0.16837782340862423,0.008213552361396304,0.004106776180698152,False,False,False,False,False,False,False
720575940619694512,cell_class,mechanosensory,514,400,0.25,0.14285714285714285,0.01,0.029182879377431907,0.42996108949416345,0.3346303501945525,0.04474708171206226,0.14785992217898833,0.013618677042801557,0.0,True,True,True,True,True,False,
720575940619694512,cell_class,mechanosensory,514,400,0.25,0.14285714285714285,0.05,0.029182879377431907,0.42996108949416345,0.3346303501945525,0.04474708171206226,0.14785992217898833,0.013618677042801557,0.0,False,True,True,False,True,False,
720575940619694512,cell_class,mechanosensory,514,400,0.25,0.14285714285714285,0.1,0.029182879377431907,0.42996108949416345,0.3346303501945525,0.04474708171206226,0.14785992217898833,0.013618677042801557,0.0,False,True,False,False,False,False,
720575940619694512,cell_class,mechanosensory,514,400,0.25,0.04,0.01,0.029182879377431907,0.42996108949416345,0.3346303501945525,0.04474708171206226,0.14785992217898833,0.013618677042801557,0.0,False,True,True,True,True,False,
720575940619694512,cell_class,mechanosensory,514,400,0.25,0.04,0.05,0.029182879377431907,0.42996108949416345,0.3346303501945525,0.04474708171206226,0.14785992217898833,0.013618677042801557,0.0,False,True,True,False,False,False,
720575940619694512,cell_class,mechanosensory,514,400,0.25,0.04,0.1,0.029182879377431907,0.42996108949416345,0.3346303501945525,0.04474708171206226,0.14785992217898833,0.013618677042801557,0.0,False,True,False,False,False,False,
720575940619694512,cell_class,mechanosensory,514,400,0.25,0.02,0.01,0.029182879377431907,0.42996108949416345,0.3346303501945525,0.04474708171206226,0.14785992217898833,0.013618677042801557,0.0,False,True,True,True,True,False,
720575940619694512,cell_class,mechanosensory,514,400,0.25,0.02,0.05,0.029182879377431907,0.42996108949416345,0.3346303501945525,0.04474708171206226,0.14785992217898833,0.013618677042801557,0.0,False,True,False,False,False,False,
720575940619694512,cell_class,mechanosensory,514,400,0.25,0.02,0.1,0.029182879377431907,0.42996108949416345,0.3346303501945525,0.04474708171206226,0.14785992217898833,0.013618677042801557,0.0,False,False,False,False,False,False,
720575940619694512,cell_class,mechanosensory,514,400,0.25,0.01,0.01,0.029182879377431907,0.42996108949416345,0.3346303501945525,0.04474708171206226,0.14785992217898833,0.013618677042801557,0.0,False,True,True,True,True,False,
720575940619694512,cell_class,mechanosensory,514,400,0.25,0.01,0.05,0.029182879377431907,0.42996108949416345,0.3346303501945525,0.04474708171206226,0.14785992217898833,0.013618677042801557,0.0,False,False,False,False,False,False,
720575940619694512,cell_class,mechanosensory,514,400,0.25,0.01,0.1,0.029182879377431907,0.42996108949416345,0.3346303501945525,0.04474708171206226,0.14785992217898833,0.013618677042801557,0.0,False,False,False,False,False,False,
720575940611177586,cell_class,mechanosensory,404,400,0.25,0.14285714285714285,0.01,0.012376237623762377,0.31683168316831684,0.29207920792079206,0.06683168316831684,0.29455445544554454,0.017326732673267328,0.0,False,True,True,True,True,False,
720575940611177586,cell_class,mechanosensory,404,400,0.25,0.14285714285714285,0.05,0.012376237623762377,0.31683168316831684,0.29207920792079206,0.06683168316831684,0.29455445544554454,0.017326732673267328,0.0,False,True,True,False,True,False,
720575940611177586,cell_class,mechanosensory,404,400,0.25,0.14285714285714285,0.1,0.012376237623762377,0.31683168316831684,0.29207920792079206,0.06683168316831684,0.29455445544554454,0.017326732673267328,0.0,False,False,True,False,True,False,
720575940611177586,cell_class,mechanosensory,404,400,0.25,0.04,0.01,0.012376237623762377,0.31683168316831684,0.29207920792079206,0.06683168316831684,0.29455445544554454,0.017326732673267328,0.0,False,True,True,True,True,False,
720575940611177586,cell_class,mechanosensory,404,400,0.25,0.04,0.05,0.012376237623762377,0.31683168316831684,0.29207920792079206,0.06683168316831684,0.29455445544554454,0.017326732673267328,0.0,False,True,True,False,True,False,
720575940611177586,cell_class,mechanosensory,404,400,0.25,0.04,0.1,0.012376237623762377,0.31683168316831684,0.29207920792079206,0.06683168316831684,0.29455445544554454,0.017326732673267328,0.0,False,False,False,False,False,False,
720575940611177586,cell_class,mechanosensory,404,400,0.25,0.02,0.01,0.012376237623762377,0.31683168316831684,0.29207920792079206,0.06683168316831684,0.29455445544554454,0.017326732673267328,0.0,False,True,True,True,True,False,
720575940611177586,cell_class,mechanosensory,404,400,0.25,0.02,0.05,0.012376237623762377,0.31683168316831684,0.29207920792079206,0.06683168316831684,0.29455445544554454,0.017326732673267328,0.0,False,False,True,False,True,False,
720575940611177586,cell_class,mechanosensory,404,400,0.25,0.02,0.1,0.012376237623762377,0.31683168316831684,0.29207920792079206,0.06683168316831684,0.29455445544554454,0.017326732673267328,0.0,False,False,False,False,False,False,
720575940611177586,cell_class,mechanosensory,404,400,0.25,0.01,0.01,0.012376237623762377,0.31683168316831684,0.29207920792079206,0.06683168316831684,0.29455445544554454,0.017326732673267328,0.0,False,True,True,True,True,False,
720575940611177586,cell_class,mechanosensory,404,400,0.25,0.01,0.05,0.012376237623762377,0.31683168316831684,0.29207920792079206,0.06683168316831684,0.29455445544554454,0.017326732673267328,0.0,False,False,True,False,False,False,
720575940611177586,cell_class,mechanosensory,404,400,0.25,0.01,0.1,0.012376237623762377,0.31683168316831684,0.29207920792079206,0.06683168316831684,0.29455445544554454,0.017326732673267328,0.0,False,False,False,False,False,False,
720575940608457483,cell_class,mechanosensory,438,400,0.25,0.14285714285714285,0.01,0.02968036529680365,0.454337899543379,0.2511415525114155,0.10273972602739725,0.14840182648401826,0.0136986301369863,0.0,True,True,True,True,True,True,
720575940608457483,cell_class,mechanosensory,438,400,0.25,0.14285714285714285,0.05,0.02968036529680365,0.454337899543379,0.2511415525114155,0.10273972602739725,0.14840182648401826,0.0136986301369863,0.0,False,True,True,True,True,False,
720575940608457483,cell_class,mechanosensory,438,400,0.25,0.14285714285714285,0.1,0.02968036529680365,0.454337899543379,0.2511415525114155,0.10273972602739725,0.14840182648401826,0.0136986301369863,0.0,False,True,True,False,False,False,
720575940608457483,cell_class,mechanosensory,438,400,0.25,0.04,0.01,0.02968036529680365,0.454337899543379,0.2511415525114155,0.10273972602739725,0.14840182648401826,0.0136986301369863,0.0,False,True,True,True,True,False,
720575940608457483,cell_class,mechanosensory,438,400,0.25,0.04,0.05,0.02968036529680365,0.454337899543379,0.2511415525114155,0.10273972602739725,0.14840182648401826,0.0136986301369863,0.0,False,True,True,False,False,False,
720575940608457483,cell_class,mechanosensory,438,400,0.25,0.04,0.1,0.02968036529680365,0.454337899543379,0.2511415525114155,0.10273972602739725,0.14840182648401826,0.0136986301369863,0.0,False,False,False,False,False,False,
720575940608457483,cell_class,mechanosensory,438,400,0.25,0.02,0.01,0.02968036529680365,0.454337899543379,0.2511415525114155,0.10273972602739725,0.14840182648401826,0.0136986301369863,0.0,False,True,True,True,True,False,
720575940608457483,cell_class,mechanosensory,438,400,0.25,0.02,0.05,0.02968036529680365,0.454337899543379,0.2511415525114155,0.10273972602739725,0.14840182648401826,0.0136986301369863,0.0,False,False,False,False,False,False,
720575940608457483,cell_class,mechanosensory,438,400,0.25,0.02,0.1,0.02968036529680365,0.454337899543379,0.2511415525114155,0.10273972602739725,0.14840182648401826,0.0136986301369863,0.0,False,False,False,False,False,False,
720575940608457483,cell_class,mechanosensory,438,400,0.25,0.01,0.01,0.02968036529680365,0.454337899543379,0.2511415525114155,0.10273972602739725,0.14840182648401826,0.0136986301369863,0.0,False,True,True,True,True,False,
720575940608457483,cell_class,mechanosensory,438,400,0.25,0.01,0.05,0.02968036529680365,0.454337899543379,0.2511415525114155,0.10273972602739725,0.14840182648401826,0.0136986301369863,0.0,False,False,False,False,False,False,
720575940608457483,cell_class,mechanosensory,438,400,0.25,0.01,0.1,0.02968036529680365,0.454337899543379,0.2511415525114155,0.10273972602739725,0.14840182648401826,0.0136986301369863,0.0,False,False,False,False,False,False,
720575940628356358,cell_class,mechanosensory,875,400,0.25,0.14285714285714285,0.01,0.056,0.4754285714285714,0.1702857142857143,0.052571428571428575,0.22857142857142856,0.011428571428571429,0.005714285714285714,True,True,True,True,True,False,False
720575940628356358,cell_class,mechanosensory,875,400,0.25,0.14285714285714285,0.05,0.056,0.4754285714285714,0.1702857142857143,0.052571428571428575,0.22857142857142856,0.011428571428571429,0.005714285714285714,False,True,True,False,True,False,False
720575940628356358,cell_class,mechanosensory,875,400,0.25,0.14285714285714285,0.1,0.056,0.4754285714285714,0.1702857142857143,0.052571428571428575,0.22857142857142856,0.011428571428571429,0.005714285714285714,False,True,False,False,False,False,False
720575940628356358,cell_class,mechanosensory,875,400,0.25,0.04,0.01,0.056,0.4754285714285714,0.1702857142857143,0.052571428571428575,0.22857142857142856,0.011428571428571429,0.005714285714285714,True,True,True,True,True,False,False
720575940628356358,cell_class,mechanosensory,875,400,0.25,0.04,0.05,0.056,0.4754285714285714,0.1702857142857143,0.052571428571428575,0.22857142857142856,0.011428571428571429,0.005714285714285714,False,True,False,False,False,False,False
720575940628356358,cell_class,mechanosensory,875,400,0.25,0.04,0.1,0.056,0.4754285714285714,0.1702857142857143,0.052571428571428575,0.22857142857142856,0.011428571428571429,0.005714285714285714,False,False,False,False,False,False,False
720575940628356358,cell_class,mechanosensory,875,400,0.25,0.02,0.01,0.056,0.4754285714285714,0.1702857142857143,0.052571428571428575,0.22857142857142856,0.011428571428571429,0.005714285714285714,True,True,True,False,True,False,False
720575940628356358,cell_class,mechanosensory,875,400,0.25,0.02,0.05,0.056,0.4754285714285714,0.1702857142857143,0.052571428571428575,0.22857142857142856,0.011428571428571429,0.005714285714285714,False,False,False,False,False,False,False
720575940628356358,cell_class,mechanosensory,875,400,0.25,0.02,0.1,0.056,0.4754285714285714,0.1702857142857143,0.052571428571428575,0.22857142857142856,0.011428571428571429,0.005714285714285714,False,False,False,False,False,False,False
720575940628356358,cell_class,mechanosensory,875,400,0.25,0.01,0.01,0.056,0.4754285714285714,0.1702857142857143,0.052571428571428575,0.22857142857142856,0.011428571428571429,0.005714285714285714,True,True,True,False,True,False,False
720575940628356358,cell_class,mechanosensory,875,400,0.25,0.01,0.05,0.056,0.4754285714285714,0.1702857142857143,0.052571428571428575,0.22857142857142856,0.011428571428571429,0.005714285714285714,False,False,False,False,False,False,False
720575940628356358,cell_class,mechanosensory,875,400,0.25,0.01,0.1,0.056,0.4754285714285714,0.1702857142857143,0.052571428571428575,0.22857142857142856,0.011428571428571429,0.005714285714285714,False,False,False,False,False,False,False
720575940618770625,cell_class,mechanosensory,444,400,0.25,0.14285714285714285,0.01,0.05405405405405406,0.34234234234234234,0.35585585585585583,0.04954954954954955,0.17792792792792791,0.018018018018018018,0.0022522522522522522,True,True,True,True,True,True,
720575940618770625,cell_class,mechanosensory,444,400,0.25,0.14285714285714285,0.05,0.05405405405405406,0.34234234234234234,0.35585585585585583,0.04954954954954955,0.17792792792792791,0.018018018018018018,0.0022522522522522522,False,True,True,False,False,False,
720575940618770625,cell_class,mechanosensory,444,400,0.25,0.14285714285714285,0.1,0.05405405405405406,0.34234234234234234,0.35585585585585583,0.04954954954954955,0.17792792792792791,0.018018018018018018,0.0022522522522522522,False,True,True,False,False,False,
720575940618770625,cell_class,mechanosensory,444,400,0.25,0.04,0.01,0.05405405405405406,0.34234234234234234,0.35585585585585583,0.04954954954954955,0.17792792792792791,0.018018018018018018,0.0022522522522522522,True,True,True,True,True,False,
720575940618770625,cell_class,mechanosensory,444,400,0.25,0.04,0.05,0.05405405405405406,0.34234234234234234,0.35585585585585583,0.04954954954954955,0.17792792792792791,0.018018018018018018,0.0022522522522522522,False,True,False,False,False,False,
720575940618770625,cell_class,mechanosensory,444,400,0.25,0.04,0.1,0.05405405405405406,0.34234234234234234,0.35585585585585583,0.04954954954954955,0.17792792792792791,0.018018018018018018,0.0022522522522522522,False,False,False,False,False,False,
720575940618770625,cell_class,mechanosensory,444,400,0.25,0.02,0.01,0.05405405405405406,0.34234234234234234,0.35585585585585583,0.04954954954954955,0.17792792792792791,0.018018018018018018,0.0022522522522522522,True,True,True,True,True,False,
720575940618770625,cell_class,mechanosensory,444,400,0.25,0.02,0.05,0.05405405405405406,0.34234234234234234,0.35585585585585583,0.04954954954954955,0.17792792792792791,0.018018018018018018,0.0022522522522522522,False,False,False,False,False,False,
720575940618770625,cell_class,mechanosensory,444,400,0.25,0.02,0.1,0.05405405405405406,0.34234234234234234,0.35585585585585583,0.04954954954954955,0.17792792792792791,0.018018018018018018,0.0022522522522522522,False,False,False,False,False,False,
720575940618770625,cell_class,mechanosensory,444,400,0.25,0.01,0.01,0.05405405405405406,0.34234234234234234,0.35585585585585583,0.04954954954954955,0.17792792792792791,0.018018018018018018,0.0022522522522522522,True,True,True,True,True,False,
720575940618770625,cell_class,mechanosensory,444,400,0.25,0.01,0.05,0.05405405405405406,0.34234234234234234,0.35585585585585583,0.04954954954954955,0.17792792792792791,0.018018018018018018,0.0022522522522522522,False,False,False,False,False,False,
720575940618770625,cell_class,mechanosensory,444,400,0.25,0.01,0.1,0.05405405405405406,0.34234234234234234,0.35585585585585583,0.04954954954954955,0.17792792792792791,0.018018018018018018,0.0022522522522522522,False,False,False,False,False,False,
720575940605860710,cell_class,mechanosensory,472,400,0.25,0.14285714285714285,0.01,0.11016949152542373,0.6313559322033898,0.1419491525423729,0.012711864406779662,0.09110169491525423,0.012711864406779662,0.0,True,True,True,False,True,False,
720575940605860710,cell_class,mechanosensory,472,400,0.25,0.14285714285714285,0.05,0.11016949152542373,0.6313559322033898,0.1419491525423729,0.012711864406779662,0.09110169491525423,0.012711864406779662,0.0,False,True,True,False,False,False,
720575940605860710,cell_class,mechanosensory,472,400,0.25,0.14285714285714285,0.1,0.11016949152542373,0.6313559322033898,0.1419491525423729,0.012711864406779662,0.09110169491525423,0.012711864406779662,0.0,False,True,False,False,False,False,
720575940605860710,cell_class,mechanosensory,472,400,0.25,0.04,0.01,0.11016949152542373,0.6313559322033898,0.1419491525423729,0.012711864406779662,0.09110169491525423,0.012711864406779662,0.0,True,True,True,False,True,False,
720575940605860710,cell_class,mechanosensory,472,400,0.25,0.04,0.05,0.11016949152542373,0.6313559322033898,0.1419491525423729,0.012711864406779662,0.09110169491525423,0.012711864406779662,0.0,False,True,False,False,False,False,
720575940605860710,cell_class,mechanosensory,472,400,0.25,0.04,0.1,0.11016949152542373,0.6313559322033898,0.1419491525423729,0.012711864406779662,0.09110169491525423,0.012711864406779662,0.0,False,False,False,False,False,False,
720575940605860710,cell_class,mechanosensory,472,400,0.25,0.02,0.01,0.11016949152542373,0.6313559322033898,0.1419491525423729,0.012711864406779662,0.09110169491525423,0.012711864406779662,0.0,True,True,True,False,True,False,
720575940605860710,cell_class,mechanosensory,472,400,0.25,0.02,0.05,0.11016949152542373,0.6313559322033898,0.1419491525423729,0.012711864406779662,0.09110169491525423,0.012711864406779662,0.0,False,True,False,False,False,False,
720575940605860710,cell_class,mechanosensory,472,400,0.25,0.02,0.1,0.11016949152542373,0.6313559322033898,0.1419491525423729,0.012711864406779662,0.09110169491525423,0.012711864406779662,0.0,False,False,False,False,False,False,
720575940605860710,cell_class,mechanosensory,472,400,0.25,0.01,0.01,0.11016949152542373,0.6313559322033898,0.1419491525423729,0.012711864406779662,0.09110169491525423,0.012711864406779662,0.0,True,True,True,False,True,False,
720575940605860710,cell_class,mechanosensory,472,400,0.25,0.01,0.05,0.11016949152542373,0.6313559322033898,0.1419491525423729,0.012711864406779662,0.09110169491525423,0.012711864406779662,0.0,False,True,False,False,False,False,
720575940605860710,cell_class,mechanosensory,472,400,0.25,0.01,0.1,0.11016949152542373,0.6313559322033898,0.1419491525423729,0.012711864406779662,0.09110169491525423,0.012711864406779662,0.0,False,False,False,False,False,False,
720575940612279731,cell_class,mechanosensory,577,400,0.25,0.14285714285714285,0.01,0.07625649913344887,0.5944540727902946,0.17850953206239167,0.0034662045060658577,0.14211438474870017,0.005199306759098787,0.0,True,True,True,False,True,False,
720575940612279731,cell_class,mechanosensory,577,400,0.25,0.14285714285714285,0.05,0.07625649913344887,0.5944540727902946,0.17850953206239167,0.0034662045060658577,0.14211438474870017,0.005199306759098787,0.0,False,True,True,False,False,False,
720575940612279731,cell_class,mechanosensory,577,400,0.25,0.14285714285714285,0.1,0.07625649913344887,0.5944540727902946,0.17850953206239167,0.0034662045060658577,0.14211438474870017,0.005199306759098787,0.0,False,True,False,False,False,False,
720575940612279731,cell_class,mechanosensory,577,400,0.25,0.04,0.01,0.07625649913344887,0.5944540727902946,0.17850953206239167,0.0034662045060658577,0.14211438474870017,0.005199306759098787,0.0,True,True,True,False,True,False,
720575940612279731,cell_class,mechanosensory,577,400,0.25,0.04,0.05,0.07625649913344887,0.5944540727902946,0.17850953206239167,0.0034662045060658577,0.14211438474870017,0.005199306759098787,0.0,False,True,False,False,False,False,
720575940612279731,cell_class,mechanosensory,577,400,0.25,0.04,0.1,0.07625649913344887,0.5944540727902946,0.17850953206239167,0.0034662045060658577,0.14211438474870017,0.005199306759098787,0.0,False,False,False,False,False,False,
720575940612279731,cell_class,mechanosensory,577,400,0.25,0.02,0.01,0.07625649913344887,0.5944540727902946,0.17850953206239167,0.0034662045060658577,0.14211438474870017,0.005199306759098787,0.0,True,True,True,False,True,False,
720575940612279731,cell_class,mechanosensory,577,400,0.25,0.02,0.05,0.07625649913344887,0.5944540727902946,0.17850953206239167,0.0034662045060658577,0.14211438474870017,0.005199306759098787,0.0,False,True,False,False,False,False,
720575940612279731,cell_class,mechanosensory,577,400,0.25,0.02,0.1,0.07625649913344887,0.5944540727902946,0.17850953206239167,0.0034662045060658577,0.14211438474870017,0.005199306759098787,0.0,False,False,False,False,False,False,
720575940612279731,cell_class,mechanosensory,577,400,0.25,0.01,0.01,0.07625649913344887,0.5944540727902946,0.17850953206239167,0.0034662045060658577,0.14211438474870017,0.005199306759098787,0.0,True,True,True,False,True,False,
720575940612279731,cell_class,mechanosensory,577,400,0.25,0.01,0.05,0.07625649913344887,0.5944540727902946,0.17850953206239167,0.0034662045060658577,0.14211438474870017,0.005199306759098787,0.0,False,True,False,False,False,False,
720575940612279731,cell_class,mechanosensory,577,400,0.25,0.01,0.1,0.07625649913344887,0.5944540727902946,0.17850953206239167,0.0034662045060658577,0.14211438474870017,0.005199306759098787,0.0,False,False,False,False,False,False,
720575940636332663,cell_class,mechanosensory,593,400,0.25,0.14285714285714285,0.01,0.18718381112984822,0.6256323777403036,0.13659359190556492,0.00505902192242833,0.04384485666104553,0.0016863406408094434,0.0,True,True,True,False,True,,
720575940636332663,cell_class,mechanosensory,593,400,0.25,0.14285714285714285,0.05,0.18718381112984822,0.6256323777403036,0.13659359190556492,0.00505902192242833,0.04384485666104553,0.0016863406408094434,0.0,True,True,True,False,False,,
720575940636332663,cell_class,mechanosensory,593,400,0.25,0.14285714285714285,0.1,0.18718381112984822,0.6256323777403036,0.13659359190556492,0.00505902192242833,0.04384485666104553,0.0016863406408094434,0.0,False,True,False,False,False,,
720575940636332663,cell_class,mechanosensory,593,400,0.25,0.04,0.01,0.18718381112984822,0.6256323777403036,0.13659359190556492,0.00505902192242833,0.04384485666104553,0.0016863406408094434,0.0,True,True,True,False,True,,
720575940636332663,cell_class,mechanosensory,593,400,0.25,0.04,0.05,0.18718381112984822,0.6256323777403036,0.13659359190556492,0.00505902192242833,0.04384485666104553,0.0016863406408094434,0.0,False,True,False,False,False,,
720575940636332663,cell_class,mechanosensory,593,400,0.25,0.04,0.1,0.18718381112984822,0.6256323777403036,0.13659359190556492,0.00505902192242833,0.04384485666104553,0.0016863406408094434,0.0,False,True,False,False,False,,
720575940636332663,cell_class,mechanosensory,593,400,0.25,0.02,0.01,0.18718381112984822,0.6256323777403036,0.13659359190556492,0.00505902192242833,0.04384485666104553,0.0016863406408094434,0.0,True,True,True,False,True,,
720575940636332663,cell_class,mechanosensory,593,400,0.25,0.02,0.05,0.18718381112984822,0.6256323777403036,0.13659359190556492,0.00505902192242833,0.04384485666104553,0.0016863406408094434,0.0,False,True,False,False,False,,
720575940636332663,cell_class,mechanosensory,593,400,0.25,0.02,0.1,0.18718381112984822,0.6256323777403036,0.13659359190556492,0.00505902192242833,0.04384485666104553,0.0016863406408094434,0.0,False,False,False,False,False,,
720575940636332663,cell_class,mechanosensory,593,400,0.25,0.01,0.01,0.18718381112984822,0.6256323777403036,0.13659359190556492,0.00505902192242833,0.04384485666104553,0.0016863406408094434,0.0,True,True,True,False,True,,
720575940636332663,cell_class,mechanosensory,593,400,0.25,0.01,0.05,0.18718381112984822,0.6256323777403036,0.13659359190556492,0.00505902192242833,0.04384485666104553,0.0016863406408094434,0.0,False,True,False,False,False,,
720575940636332663,cell_class,mechanosensory,593,400,0.25,0.01,0.1,0.18718381112984822,0.6256323777403036,0.13659359190556492,0.00505902192242833,0.04384485666104553,0.0016863406408094434,0.0,False,False,False,False,False,,
720575940612136666,cell_class,mechanosensory,573,400,0.25,0.14285714285714285,0.01,0.09424083769633508,0.6178010471204188,0.12390924956369982,0.010471204188481676,0.14834205933682373,0.0017452006980802793,0.0034904013961605585,True,True,True,False,True,,False
720575940612136666,cell_class,mechanosensory,573,400,0.25,0.14285714285714285,0.05,0.09424083769633508,0.6178010471204188,0.12390924956369982,0.010471204188481676,0.14834205933682373,0.0017452006980802793,0.0034904013961605585,False,True,True,False,False,,False
720575940612136666,cell_class,mechanosensory,573,400,0.25,0.14285714285714285,0.1,0.09424083769633508,0.6178010471204188,0.12390924956369982,0.010471204188481676,0.14834205933682373,0.0017452006980802793,0.0034904013961605585,False,True,False,False,False,,False
720575940612136666,cell_class,mechanosensory,573,400,0.25,0.04,0.01,0.09424083769633508,0.6178010471204188,0.12390924956369982,0.010471204188481676,0.14834205933682373,0.0017452006980802793,0.0034904013961605585,True,True,True,False,True,,False
720575940612136666,cell_class,mechanosensory,573,400,0.25,0.04,0.05,0.09424083769633508,0.6178010471204188,0.12390924956369982,0.010471204188481676,0.14834205933682373,0.0017452006980802793,0.0034904013961605585,False,True,False,False,False,,False
720575940612136666,cell_class,mechanosensory,573,400,0.25,0.04,0.1,0.09424083769633508,0.6178010471204188,0.12390924956369982,0.010471204188481676,0.14834205933682373,0.0017452006980802793,0.0034904013961605585,False,False,False,False,False,,False
720575940612136666,cell_class,mechanosensory,573,400,0.25,0.02,0.01,0.09424083769633508,0.6178010471204188,0.12390924956369982,0.010471204188481676,0.14834205933682373,0.0017452006980802793,0.0034904013961605585,True,True,True,False,True,,False
720575940612136666,cell_class,mechanosensory,573,400,0.25,0.02,0.05,0.09424083769633508,0.6178010471204188,0.12390924956369982,0.010471204188481676,0.14834205933682373,0.0017452006980802793,0.0034904013961605585,False,True,False,False,False,,False
720575940612136666,cell_class,mechanosensory,573,400,0.25,0.02,0.1,0.09424083769633508,0.6178010471204188,0.12390924956369982,0.010471204188481676,0.14834205933682373,0.0017452006980802793,0.0034904013961605585,False,False,False,False,False,,False
720575940612136666,cell_class,mechanosensory,573,400,0.25,0.01,0.01,0.09424083769633508,0.6178010471204188,0.12390924956369982,0.010471204188481676,0.14834205933682373,0.0017452006980802793,0.0034904013961605585,False,True,True,False,True,,False
720575940612136666,cell_class,mechanosensory,573,400,0.25,0.01,0.05,0.09424083769633508,0.6178010471204188,0.12390924956369982,0.010471204188481676,0.14834205933682373,0.0017452006980802793,0.0034904013961605585,False,True,False,False,False,,False
720575940612136666,cell_class,mechanosensory,573,400,0.25,0.01,0.1,0.09424083769633508,0.6178010471204188,0.12390924956369982,0.010471204188481676,0.14834205933682373,0.0017452006980802793,0.0034904013961605585,False,False,False,False,False,,False
720575940612341490,cell_class,mechanosensory,515,400,0.25,0.14285714285714285,0.01,0.10097087378640776,0.6737864077669903,0.141747572815534,0.005825242718446602,0.07184466019417475,0.005825242718446602,0.0,True,True,True,False,True,False,
720575940612341490,cell_class,mechanosensory,515,400,0.25,0.14285714285714285,0.05,0.10097087378640776,0.6737864077669903,0.141747572815534,0.005825242718446602,0.07184466019417475,0.005825242718446602,0.0,False,True,False,False,False,False,
720575940612341490,cell_class,mechanosensory,515,400,0.25,0.14285714285714285,0.1,0.10097087378640776,0.6737864077669903,0.141747572815534,0.005825242718446602,0.07184466019417475,0.005825242718446602,0.0,False,True,False,False,False,False,
720575940612341490,cell_class,mechanosensory,515,400,0.25,0.04,0.01,0.10097087378640776,0.6737864077669903,0.141747572815534,0.005825242718446602,0.07184466019417475,0.005825242718446602,0.0,True,True,True,False,True,False,
720575940612341490,cell_class,mechanosensory,515,400,0.25,0.04,0.05,0.10097087378640776,0.6737864077669903,0.141747572815534,0.005825242718446602,0.07184466019417475,0.005825242718446602,0.0,False,True,False,False,False,False,
720575940612341490,cell_class,mechanosensory,515,400,0.25,0.04,0.1,0.10097087378640776,0.6737864077669903,0.141747572815534,0.005825242718446602,0.07184466019417475,0.005825242718446602,0.0,False,False,False,False,False,False,
720575940612341490,cell_class,mechanosensory,515,400,0.25,0.02,0.01,0.10097087378640776,0.6737864077669903,0.141747572815534,0.005825242718446602,0.07184466019417475,0.005825242718446602,0.0,True,True,True,False,True,False,
720575940612341490,cell_class,mechanosensory,515,400,0.25,0.02,0.05,0.10097087378640776,0.6737864077669903,0.141747572815534,0.005825242718446602,0.07184466019417475,0.005825242718446602,0.0,False,True,False,False,False,False,
720575940612341490,cell_class,mechanosensory,515,400,0.25,0.02,0.1,0.10097087378640776,0.6737864077669903,0.141747572815534,0.005825242718446602,0.07184466019417475,0.005825242718446602,0.0,False,False,False,False,False,False,
720575940612341490,cell_class,mechanosensory,515,400,0.25,0.01,0.01,0.10097087378640776,0.6737864077669903,0.141747572815534,0.005825242718446602,0.07184466019417475,0.005825242718446602,0.0,False,True,True,False,False,False,
720575940612341490,cell_class,mechanosensory,515,400,0.25,0.01,0.05,0.10097087378640776,0.6737864077669903,0.141747572815534,0.005825242718446602,0.07184466019417475,0.005825242718446602,0.0,False,True,False,False,False,False,
720575940612341490,cell_class,mechanosensory,515,400,0.25,0.01,0.1,0.10097087378640776,0.6737864077669903,0.141747572815534,0.005825242718446602,0.07184466019417475,0.005825242718446602,0.0,False,False,False,False,False,False,
720575940621870576,cell_class,mechanosensory,746,400,0.25,0.14285714285714285,0.01,0.028150134048257374,0.5187667560321716,0.1032171581769437,0.040214477211796246,0.27479892761394104,0.032171581769437,0.002680965147453083,True,True,True,True,True,True,False
720575940621870576,cell_class,mechanosensory,746,400,0.25,0.14285714285714285,0.05,0.028150134048257374,0.5187667560321716,0.1032171581769437,0.040214477211796246,0.27479892761394104,0.032171581769437,0.002680965147453083,False,True,False,False,True,False,False
720575940621870576,cell_class,mechanosensory,746,400,0.25,0.14285714285714285,0.1,0.028150134048257374,0.5187667560321716,0.1032171581769437,0.040214477211796246,0.27479892761394104,0.032171581769437,0.002680965147453083,False,True,False,False,True,False,False
720575940621870576,cell_class,mechanosensory,746,400,0.25,0.04,0.01,0.028150134048257374,0.5187667560321716,0.1032171581769437,0.040214477211796246,0.27479892761394104,0.032171581769437,0.002680965147453083,False,True,True,True,True,True,False
720575940621870576,cell_class,mechanosensory,746,400,0.25,0.04,0.05,0.028150134048257374,0.5187667560321716,0.1032171581769437,0.040214477211796246,0.27479892761394104,0.032171581769437,0.002680965147453083,False,True,False,False,True,False,False
720575940621870576,cell_class,mechanosensory,746,400,0.25,0.04,0.1,0.028150134048257374,0.5187667560321716,0.1032171581769437,0.040214477211796246,0.27479892761394104,0.032171581769437,0.002680965147453083,False,True,False,False,False,False,False
720575940621870576,cell_class,mechanosensory,746,400,0.25,0.02,0.01,0.028150134048257374,0.5187667560321716,0.1032171581769437,0.040214477211796246,0.27479892761394104,0.032171581769437,0.002680965147453083,False,True,True,True,True,True,False
720575940621870576,cell_class,mechanosensory,746,400,0.25,0.02,0.05,0.028150134048257374,0.5187667560321716,0.1032171581769437,0.040214477211796246,0.27479892761394104,0.032171581769437,0.002680965147453083,False,True,False,False,False,False,False
720575940621870576,cell_class,mechanosensory,746,400,0.25,0.02,0.1,0.028150134048257374,0.5187667560321716,0.1032171581769437,0.040214477211796246,0.27479892761394104,0.032171581769437,0.002680965147453083,False,False,False,False,False,False,False
720575940621870576,cell_class,mechanosensory,746,400,0.25,0.01,0.01,0.028150134048257374,0.5187667560321716,0.1032171581769437,0.040214477211796246,0.27479892761394104,0.032171581769437,0.002680965147453083,False,True,False,True,True,False,False
720575940621870576,cell_class,mechanosensory,746,400,0.25,0.01,0.05,0.028150134048257374,0.5187667560321716,0.1032171581769437,0.040214477211796246,0.27479892761394104,0.032171581769437,0.002680965147453083,False,False,False,False,False,False,False
720575940621870576,cell_class,mechanosensory,746,400,0.25,0.01,0.1,0.028150134048257374,0.5187667560321716,0.1032171581769437,0.040214477211796246,0.27479892761394104,0.032171581769437,0.002680965147453083,False,False,False,False,False,False,False
720575940612567449,cell_class,mechanosensory,507,400,0.25,0.14285714285714285,0.01,0.08678500986193294,0.571992110453649,0.1814595660749507,0.03155818540433925,0.11439842209072978,0.007889546351084813,0.005917159763313609,True,True,True,True,True,False,False
720575940612567449,cell_class,mechanosensory,507,400,0.25,0.14285714285714285,0.05,0.08678500986193294,0.571992110453649,0.1814595660749507,0.03155818540433925,0.11439842209072978,0.007889546351084813,0.005917159763313609,False,True,True,False,True,False,False
720575940612567449,cell_class,mechanosensory,507,400,0.25,0.14285714285714285,0.1,0.08678500986193294,0.571992110453649,0.1814595660749507,0.03155818540433925,0.11439842209072978,0.007889546351084813,0.005917159763313609,False,True,True,False,False,False,False
720575940612567449,cell_class,mechanosensory,507,400,0.25,0.04,0.01,0.08678500986193294,0.571992110453649,0.1814595660749507,0.03155818540433925,0.11439842209072978,0.007889546351084813,0.005917159763313609,True,True,True,False,True,False,False
720575940612567449,cell_class,mechanosensory,507,400,0.25,0.04,0.05,0.08678500986193294,0.571992110453649,0.1814595660749507,0.03155818540433925,0.11439842209072978,0.007889546351084813,0.005917159763313609,False,True,False,False,False,False,False
720575940612567449,cell_class,mechanosensory,507,400,0.25,0.04,0.1,0.08678500986193294,0.571992110453649,0.1814595660749507,0.03155818540433925,0.11439842209072978,0.007889546351084813,0.005917159763313609,False,False,False,False,False,False,False
720575940612567449,cell_class,mechanosensory,507,400,0.25,0.02,0.01,0.08678500986193294,0.571992110453649,0.1814595660749507,0.03155818540433925,0.11439842209072978,0.007889546351084813,0.005917159763313609,True,True,True,False,True,False,False
720575940612567449,cell_class,mechanosensory,507,400,0.25,0.02,0.05,0.08678500986193294,0.571992110453649,0.1814595660749507,0.03155818540433925,0.11439842209072978,0.007889546351084813,0.005917159763313609,False,True,False,False,False,False,False
720575940612567449,cell_class,mechanosensory,507,400,0.25,0.02,0.1,0.08678500986193294,0.571992110453649,0.1814595660749507,0.03155818540433925,0.11439842209072978,0.007889546351084813,0.005917159763313609,False,False,False,False,False,False,False
720575940612567449,cell_class,mechanosensory,507,400,0.25,0.01,0.01,0.08678500986193294,0.571992110453649,0.1814595660749507,0.03155818540433925,0.11439842209072978,0.007889546351084813,0.005917159763313609,False,True,True,False,True,False,False
720575940612567449,cell_class,mechanosensory,507,400,0.25,0.01,0.05,0.08678500986193294,0.571992110453649,0.1814595660749507,0.03155818540433925,0.11439842209072978,0.007889546351084813,0.005917159763313609,False,True,False,False,False,False,False
720575940612567449,cell_class,mechanosensory,507,400,0.25,0.01,0.1,0.08678500986193294,0.571992110453649,0.1814595660749507,0.03155818540433925,0.11439842209072978,0.007889546351084813,0.005917159763313609,False,False,False,False,False,False,False
720575940617945684,cell_class,mechanosensory,431,400,0.25,0.14285714285714285,0.01,0.03480278422273782,0.6821345707656613,0.07424593967517401,0.016241299303944315,0.16937354988399073,0.02088167053364269,0.002320185614849188,True,True,True,False,True,False,
720575940617945684,cell_class,mechanosensory,431,400,0.25,0.14285714285714285,0.05,0.03480278422273782,0.6821345707656613,0.07424593967517401,0.016241299303944315,0.16937354988399073,0.02088167053364269,0.002320185614849188,False,True,True,False,True,False,
720575940617945684,cell_class,mechanosensory,431,400,0.25,0.14285714285714285,0.1,0.03480278422273782,0.6821345707656613,0.07424593967517401,0.016241299303944315,0.16937354988399073,0.02088167053364269,0.002320185614849188,False,True,False,False,False,False,
720575940617945684,cell_class,mechanosensory,431,400,0.25,0.04,0.01,0.03480278422273782,0.6821345707656613,0.07424593967517401,0.016241299303944315,0.16937354988399073,0.02088167053364269,0.002320185614849188,True,True,True,False,True,False,
720575940617945684,cell_class,mechanosensory,431,400,0.25,0.04,0.05,0.03480278422273782,0.6821345707656613,0.07424593967517401,0.016241299303944315,0.16937354988399073,0.02088167053364269,0.002320185614849188,False,True,False,False,False,False,
720575940617945684,cell_class,mechanosensory,431,400,0.25,0.04,0.1,0.03480278422273782,0.6821345707656613,0.07424593967517401,0.016241299303944315,0.16937354988399073,0.02088167053364269,0.002320185614849188,False,False,False,False,False,False,
720575940617945684,cell_class,mechanosensory,431,400,0.25,0.02,0.01,0.03480278422273782,0.6821345707656613,0.07424593967517401,0.016241299303944315,0.16937354988399073,0.02088167053364269,0.002320185614849188,True,True,True,False,True,False,
720575940617945684,cell_class,mechanosensory,431,400,0.25,0.02,0.05,0.03480278422273782,0.6821345707656613,0.07424593967517401,0.016241299303944315,0.16937354988399073,0.02088167053364269,0.002320185614849188,False,True,False,False,False,False,
720575940617945684,cell_class,mechanosensory,431,400,0.25,0.02,0.1,0.03480278422273782,0.6821345707656613,0.07424593967517401,0.016241299303944315,0.16937354988399073,0.02088167053364269,0.002320185614849188,False,False,False,False,False,False,
720575940617945684,cell_class,mechanosensory,431,400,0.25,0.01,0.01,0.03480278422273782,0.6821345707656613,0.07424593967517401,0.016241299303944315,0.16937354988399073,0.02088167053364269,0.002320185614849188,True,True,False,False,True,False,
720575940617945684,cell_class,mechanosensory,431,400,0.25,0.01,0.05,0.03480278422273782,0.6821345707656613,0.07424593967517401,0.016241299303944315,0.16937354988399073,0.02088167053364269,0.002320185614849188,False,False,False,False,False,False,
720575940617945684,cell_class,mechanosensory,431,400,0.25,0.01,0.1,0.03480278422273782,0.6821345707656613,0.07424593967517401,0.016241299303944315,0.16937354988399073,0.02088167053364269,0.002320185614849188,False,False,False,False,False,False,
720575940636768613,cell_class,mechanosensory,780,400,0.25,0.14285714285714285,0.01,0.1064102564102564,0.5820512820512821,0.21666666666666667,0.014102564102564103,0.07948717948717948,0.001282051282051282,0.0,True,True,True,False,True,,
720575940636768613,cell_class,mechanosensory,780,400,0.25,0.14285714285714285,0.05,0.1064102564102564,0.5820512820512821,0.21666666666666667,0.014102564102564103,0.07948717948717948,0.001282051282051282,0.0,False,True,True,False,False,,
720575940636768613,cell_class,mechanosensory,780,400,0.25,0.14285714285714285,0.1,0.1064102564102564,0.5820512820512821,0.21666666666666667,0.014102564102564103,0.07948717948717948,0.001282051282051282,0.0,False,True,False,False,False,,
720575940636768613,cell_class,mechanosensory,780,400,0.25,0.04,0.01,0.1064102564102564,0.5820512820512821,0.21666666666666667,0.014102564102564103,0.07948717948717948,0.001282051282051282,0.0,True,True,True,False,True,,
720575940636768613,cell_class,mechanosensory,780,400,0.25,0.04,0.05,0.1064102564102564,0.5820512820512821,0.21666666666666667,0.014102564102564103,0.07948717948717948,0.001282051282051282,0.0,False,True,True,False,False,,
720575940636768613,cell_class,mechanosensory,780,400,0.25,0.04,0.1,0.1064102564102564,0.5820512820512821,0.21666666666666667,0.014102564102564103,0.07948717948717948,0.001282051282051282,0.0,False,False,False,False,False,,
720575940636768613,cell_class,mechanosensory,780,400,0.25,0.02,0.01,0.1064102564102564,0.5820512820512821,0.21666666666666667,0.014102564102564103,0.07948717948717948,0.001282051282051282,0.0,True,True,True,False,True,,
720575940636768613,cell_class,mechanosensory,780,400,0.25,0.02,0.05,0.1064102564102564,0.5820512820512821,0.21666666666666667,0.014102564102564103,0.07948717948717948,0.001282051282051282,0.0,False,True,False,False,False,,
720575940636768613,cell_class,mechanosensory,780,400,0.25,0.02,0.1,0.1064102564102564,0.5820512820512821,0.21666666666666667,0.014102564102564103,0.07948717948717948,0.001282051282051282,0.0,False,False,False,False,False,,
720575940636768613,cell_class,mechanosensory,780,400,0.25,0.01,0.01,0.1064102564102564,0.5820512820512821,0.21666666666666667,0.014102564102564103,0.07948717948717948,0.001282051282051282,0.0,False,True,True,False,True,,
720575940636768613,cell_class,mechanosensory,780,400,0.25,0.01,0.05,0.1064102564102564,0.5820512820512821,0.21666666666666667,0.014102564102564103,0.07948717948717948,0.001282051282051282,0.0,False,False,False,False,False,,
720575940636768613,cell_class,mechanosensory,780,400,0.25,0.01,0.1,0.1064102564102564,0.5820512820512821,0.21666666666666667,0.014102564102564103,0.07948717948717948,0.001282051282051282,0.0,False,False,False,False,False,,
720575940622163020,cell_class,mechanosensory,634,400,0.25,0.14285714285714285,0.01,0.11514195583596215,0.5977917981072555,0.20189274447949526,0.011041009463722398,0.06782334384858044,0.00473186119873817,0.0015772870662460567,True,True,True,True,True,False,
720575940622163020,cell_class,mechanosensory,634,400,0.25,0.14285714285714285,0.05,0.11514195583596215,0.5977917981072555,0.20189274447949526,0.011041009463722398,0.06782334384858044,0.00473186119873817,0.0015772870662460567,True,True,True,False,False,False,
720575940622163020,cell_class,mechanosensory,634,400,0.25,0.14285714285714285,0.1,0.11514195583596215,0.5977917981072555,0.20189274447949526,0.011041009463722398,0.06782334384858044,0.00473186119873817,0.0015772870662460567,False,True,False,False,False,False,
720575940622163020,cell_class,mechanosensory,634,400,0.25,0.04,0.01,0.11514195583596215,0.5977917981072555,0.20189274447949526,0.011041009463722398,0.06782334384858044,0.00473186119873817,0.0015772870662460567,True,True,True,False,True,False,
720575940622163020,cell_class,mechanosensory,634,400,0.25,0.04,0.05,0.11514195583596215,0.5977917981072555,0.20189274447949526,0.011041009463722398,0.06782334384858044,0.00473186119873817,0.0015772870662460567,False,True,False,False,False,False,
720575940622163020,cell_class,mechanosensory,634,400,0.25,0.04,0.1,0.11514195583596215,0.5977917981072555,0.20189274447949526,0.011041009463722398,0.06782334384858044,0.00473186119873817,0.0015772870662460567,False,True,False,False,False,False,
720575940622163020,cell_class,mechanosensory,634,400,0.25,0.02,0.01,0.11514195583596215,0.5977917981072555,0.20189274447949526,0.011041009463722398,0.06782334384858044,0.00473186119873817,0.0015772870662460567,True,True,True,False,True,False,
720575940622163020,cell_class,mechanosensory,634,400,0.25,0.02,0.05,0.11514195583596215,0.5977917981072555,0.20189274447949526,0.011041009463722398,0.06782334384858044,0.00473186119873817,0.0015772870662460567,False,True,False,False,False,False,
720575940622163020,cell_class,mechanosensory,634,400,0.25,0.02,0.1,0.11514195583596215,0.5977917981072555,0.20189274447949526,0.011041009463722398,0.06782334384858044,0.00473186119873817,0.0015772870662460567,False,False,False,False,False,False,
720575940622163020,cell_class,mechanosensory,634,400,0.25,0.01,0.01,0.11514195583596215,0.5977917981072555,0.20189274447949526,0.011041009463722398,0.06782334384858044,0.00473186119873817,0.0015772870662460567,False,True,True,False,False,False,
720575940622163020,cell_class,mechanosensory,634,400,0.25,0.01,0.05,0.11514195583596215,0.5977917981072555,0.20189274447949526,0.011041009463722398,0.06782334384858044,0.00473186119873817,0.0015772870662460567,False,False,False,False,False,False,
720575940622163020,cell_class,mechanosensory,634,400,0.25,0.01,0.1,0.11514195583596215,0.5977917981072555,0.20189274447949526,0.011041009463722398,0.06782334384858044,0.00473186119873817,0.0015772870662460567,False,False,False,False,False,False,
720575940621172545,cell_class,mechanosensory,686,400,0.25,0.14285714285714285,0.01,0.13848396501457727,0.7871720116618076,0.05539358600583091,0.004373177842565598,0.014577259475218658,0.0,0.0,True,True,True,False,False,,
720575940621172545,cell_class,mechanosensory,686,400,0.25,0.14285714285714285,0.05,0.13848396501457727,0.7871720116618076,0.05539358600583091,0.004373177842565598,0.014577259475218658,0.0,0.0,False,True,False,False,False,,
720575940621172545,cell_class,mechanosensory,686,400,0.25,0.14285714285714285,0.1,0.13848396501457727,0.7871720116618076,0.05539358600583091,0.004373177842565598,0.014577259475218658,0.0,0.0,False,True,False,False,False,,
720575940621172545,cell_class,mechanosensory,686,400,0.25,0.04,0.01,0.13848396501457727,0.7871720116618076,0.05539358600583091,0.004373177842565598,0.014577259475218658,0.0,0.0,True,True,True,False,False,,
720575940621172545,cell_class,mechanosensory,686,400,0.25,0.04,0.05,0.13848396501457727,0.7871720116618076,0.05539358600583091,0.004373177842565598,0.014577259475218658,0.0,0.0,False,True,False,False,False,,
720575940621172545,cell_class,mechanosensory,686,400,0.25,0.04,0.1,0.13848396501457727,0.7871720116618076,0.05539358600583091,0.004373177842565598,0.014577259475218658,0.0,0.0,False,True,False,False,False,,
720575940621172545,cell_class,mechanosensory,686,400,0.25,0.02,0.01,0.13848396501457727,0.7871720116618076,0.05539358600583091,0.004373177842565598,0.014577259475218658,0.0,0.0,True,True,False,False,False,,
720575940621172545,cell_class,mechanosensory,686,400,0.25,0.02,0.05,0.13848396501457727,0.7871720116618076,0.05539358600583091,0.004373177842565598,0.014577259475218658,0.0,0.0,False,True,False,False,False,,
720575940621172545,cell_class,mechanosensory,686,400,0.25,0.02,0.1,0.13848396501457727,0.7871720116618076,0.05539358600583091,0.004373177842565598,0.014577259475218658,0.0,0.0,False,False,False,False,False,,
720575940621172545,cell_class,mechanosensory,686,400,0.25,0.01,0.01,0.13848396501457727,0.7871720116618076,0.05539358600583091,0.004373177842565598,0.014577259475218658,0.0,0.0,True,True,False,False,False,,
720575940621172545,cell_class,mechanosensory,686,400,0.25,0.01,0.05,0.13848396501457727,0.7871720116618076,0.05539358600583091,0.004373177842565598,0.014577259475218658,0.0,0.0,False,False,False,False,False,,
720575940621172545,cell_class,mechanosensory,686,400,0.25,0.01,0.1,0.13848396501457727,0.7871720116618076,0.05539358600583091,0.004373177842565598,0.014577259475218658,0.0,0.0,False,False,False,False,False,,
720575940617668537,cell_class,mechanosensory,483,400,0.25,0.14285714285714285,0.01,0.014492753623188406,0.34782608695652173,0.10351966873706005,0.010351966873706004,0.5093167701863354,0.014492753623188406,0.0,True,True,True,False,True,False,
720575940617668537,cell_class,mechanosensory,483,400,0.25,0.14285714285714285,0.05,0.014492753623188406,0.34782608695652173,0.10351966873706005,0.010351966873706004,0.5093167701863354,0.014492753623188406,0.0,False,True,False,False,True,False,
720575940617668537,cell_class,mechanosensory,483,400,0.25,0.14285714285714285,0.1,0.014492753623188406,0.34782608695652173,0.10351966873706005,0.010351966873706004,0.5093167701863354,0.014492753623188406,0.0,False,False,False,False,True,False,
720575940617668537,cell_class,mechanosensory,483,400,0.25,0.04,0.01,0.014492753623188406,0.34782608695652173,0.10351966873706005,0.010351966873706004,0.5093167701863354,0.014492753623188406,0.0,False,True,True,False,True,False,
720575940617668537,cell_class,mechanosensory,483,400,0.25,0.04,0.05,0.014492753623188406,0.34782608695652173,0.10351966873706005,0.010351966873706004,0.5093167701863354,0.014492753623188406,0.0,False,True,False,False,True,False,
720575940617668537,cell_class,mechanosensory,483,400,0.25,0.04,0.1,0.014492753623188406,0.34782608695652173,0.10351966873706005,0.010351966873706004,0.5093167701863354,0.014492753623188406,0.0,False,False,False,False,True,False,
720575940617668537,cell_class,mechanosensory,483,400,0.25,0.02,0.01,0.014492753623188406,0.34782608695652173,0.10351966873706005,0.010351966873706004,0.5093167701863354,0.014492753623188406,0.0,False,True,True,False,True,False,
720575940617668537,cell_class,mechanosensory,483,400,0.25,0.02,0.05,0.014492753623188406,0.34782608695652173,0.10351966873706005,0.010351966873706004,0.5093167701863354,0.014492753623188406,0.0,False,True,False,False,True,False,
720575940617668537,cell_class,mechanosensory,483,400,0.25,0.02,0.1,0.014492753623188406,0.34782608695652173,0.10351966873706005,0.010351966873706004,0.5093167701863354,0.014492753623188406,0.0,False,False,False,False,False,False,
720575940617668537,cell_class,mechanosensory,483,400,0.25,0.01,0.01,0.014492753623188406,0.34782608695652173,0.10351966873706005,0.010351966873706004,0.5093167701863354,0.014492753623188406,0.0,False,True,True,False,True,False,
720575940617668537,cell_class,mechanosensory,483,400,0.25,0.01,0.05,0.014492753623188406,0.34782608695652173,0.10351966873706005,0.010351966873706004,0.5093167701863354,0.014492753623188406,0.0,False,False,False,False,False,False,
720575940617668537,cell_class,mechanosensory,483,400,0.25,0.01,0.1,0.014492753623188406,0.34782608695652173,0.10351966873706005,0.010351966873706004,0.5093167701863354,0.014492753623188406,0.0,False,False,False,False,False,False,
720575940623412360,cell_class,mechanosensory,441,400,0.25,0.14285714285714285,0.01,0.07936507936507936,0.6780045351473923,0.1836734693877551,0.0022675736961451248,0.049886621315192746,0.0045351473922902496,0.0022675736961451248,True,True,True,,True,False,
720575940623412360,cell_class,mechanosensory,441,400,0.25,0.14285714285714285,0.05,0.07936507936507936,0.6780045351473923,0.1836734693877551,0.0022675736961451248,0.049886621315192746,0.0045351473922902496,0.0022675736961451248,False,True,True,,False,False,
720575940623412360,cell_class,mechanosensory,441,400,0.25,0.14285714285714285,0.1,0.07936507936507936,0.6780045351473923,0.1836734693877551,0.0022675736961451248,0.049886621315192746,0.0045351473922902496,0.0022675736961451248,False,True,False,,False,False,
720575940623412360,cell_class,mechanosensory,441,400,0.25,0.04,0.01,0.07936507936507936,0.6780045351473923,0.1836734693877551,0.0022675736961451248,0.049886621315192746,0.0045351473922902496,0.0022675736961451248,True,True,True,,False,False,
720575940623412360,cell_class,mechanosensory,441,400,0.25,0.04,0.05,0.07936507936507936,0.6780045351473923,0.1836734693877551,0.0022675736961451248,0.049886621315192746,0.0045351473922902496,0.0022675736961451248,False,True,False,,False,False,
720575940623412360,cell_class,mechanosensory,441,400,0.25,0.04,0.1,0.07936507936507936,0.6780045351473923,0.1836734693877551,0.0022675736961451248,0.049886621315192746,0.0045351473922902496,0.0022675736961451248,False,False,False,,False,False,
720575940623412360,cell_class,mechanosensory,441,400,0.25,0.02,0.01,0.07936507936507936,0.6780045351473923,0.1836734693877551,0.0022675736961451248,0.049886621315192746,0.0045351473922902496,0.0022675736961451248,True,True,True,,False,False,
720575940623412360,cell_class,mechanosensory,441,400,0.25,0.02,0.05,0.07936507936507936,0.6780045351473923,0.1836734693877551,0.0022675736961451248,0.049886621315192746,0.0045351473922902496,0.0022675736961451248,False,True,False,,False,False,
720575940623412360,cell_class,mechanosensory,441,400,0.25,0.02,0.1,0.07936507936507936,0.6780045351473923,0.1836734693877551,0.0022675736961451248,0.049886621315192746,0.0045351473922902496,0.0022675736961451248,False,False,False,,False,False,
720575940623412360,cell_class,mechanosensory,441,400,0.25,0.01,0.01,0.07936507936507936,0.6780045351473923,0.1836734693877551,0.0022675736961451248,0.049886621315192746,0.0045351473922902496,0.0022675736961451248,True,True,True,,False,False,
720575940623412360,cell_class,mechanosensory,441,400,0.25,0.01,0.05,0.07936507936507936,0.6780045351473923,0.1836734693877551,0.0022675736961451248,0.049886621315192746,0.0045351473922902496,0.0022675736961451248,False,False,False,,False,False,
720575940623412360,cell_class,mechanosensory,441,400,0.25,0.01,0.1,0.07936507936507936,0.6780045351473923,0.1836734693877551,0.0022675736961451248,0.049886621315192746,0.0045351473922902496,0.0022675736961451248,False,False,False,,False,False,
720575940640651325,cell_class,mechanosensory,539,400,0.25,0.14285714285714285,0.01,0.055658627087198514,0.30612244897959184,0.5695732838589982,0.016697588126159554,0.04823747680890538,0.0037105751391465678,0.0,True,True,True,False,True,False,
720575940640651325,cell_class,mechanosensory,539,400,0.25,0.14285714285714285,0.05,0.055658627087198514,0.30612244897959184,0.5695732838589982,0.016697588126159554,0.04823747680890538,0.0037105751391465678,0.0,False,True,True,False,False,False,
720575940640651325,cell_class,mechanosensory,539,400,0.25,0.14285714285714285,0.1,0.055658627087198514,0.30612244897959184,0.5695732838589982,0.016697588126159554,0.04823747680890538,0.0037105751391465678,0.0,False,True,True,False,False,False,
720575940640651325,cell_class,mechanosensory,539,400,0.25,0.04,0.01,0.055658627087198514,0.30612244897959184,0.5695732838589982,0.016697588126159554,0.04823747680890538,0.0037105751391465678,0.0,False,True,True,False,True,False,
720575940640651325,cell_class,mechanosensory,539,400,0.25,0.04,0.05,0.055658627087198514,0.30612244897959184,0.5695732838589982,0.016697588126159554,0.04823747680890538,0.0037105751391465678,0.0,False,True,True,False,False,False,
720575940640651325,cell_class,mechanosensory,539,400,0.25,0.04,0.1,0.055658627087198514,0.30612244897959184,0.5695732838589982,0.016697588126159554,0.04823747680890538,0.0037105751391465678,0.0,False,False,True,False,False,False,
720575940640651325,cell_class,mechanosensory,539,400,0.25,0.02,0.01,0.055658627087198514,0.30612244897959184,0.5695732838589982,0.016697588126159554,0.04823747680890538,0.0037105751391465678,0.0,False,True,True,False,True,False,
720575940640651325,cell_class,mechanosensory,539,400,0.25,0.02,0.05,0.055658627087198514,0.30612244897959184,0.5695732838589982,0.016697588126159554,0.04823747680890538,0.0037105751391465678,0.0,False,True,True,False,False,False,
720575940640651325,cell_class,mechanosensory,539,400,0.25,0.02,0.1,0.055658627087198514,0.30612244897959184,0.5695732838589982,0.016697588126159554,0.04823747680890538,0.0037105751391465678,0.0,False,False,True,False,False,False,
720575940640651325,cell_class,mechanosensory,539,400,0.25,0.01,0.01,0.055658627087198514,0.30612244897959184,0.5695732838589982,0.016697588126159554,0.04823747680890538,0.0037105751391465678,0.0,False,True,True,False,False,False,
720575940640651325,cell_class,mechanosensory,539,400,0.25,0.01,0.05,0.055658627087198514,0.30612244897959184,0.5695732838589982,0.016697588126159554,0.04823747680890538,0.0037105751391465678,0.0,False,False,False,False,False,False,
720575940640651325,cell_class,mechanosensory,539,400,0.25,0.01,0.1,0.055658627087198514,0.30612244897959184,0.5695732838589982,0.016697588126159554,0.04823747680890538,0.0037105751391465678,0.0,False,False,False,False,False,False,
720575940630721910,cell_class,mechanosensory,902,400,0.25,0.14285714285714285,0.01,0.03325942350332594,0.6130820399113082,0.07095343680709534,0.02993348115299335,0.24390243902439024,0.008869179600886918,0.0,True,True,True,True,True,False,
720575940630721910,cell_class,mechanosensory,902,400,0.25,0.14285714285714285,0.05,0.03325942350332594,0.6130820399113082,0.07095343680709534,0.02993348115299335,0.24390243902439024,0.008869179600886918,0.0,False,True,False,False,True,False,
720575940630721910,cell_class,mechanosensory,902,400,0.25,0.14285714285714285,0.1,0.03325942350332594,0.6130820399113082,0.07095343680709534,0.02993348115299335,0.24390243902439024,0.008869179600886918,0.0,False,True,False,False,False,False,
720575940630721910,cell_class,mechanosensory,902,400,0.25,0.04,0.01,0.03325942350332594,0.6130820399113082,0.07095343680709534,0.02993348115299335,0.24390243902439024,0.008869179600886918,0.0,True,True,False,True,True,False,
720575940630721910,cell_class,mechanosensory,902,400,0.25,0.04,0.05,0.03325942350332594,0.6130820399113082,0.07095343680709534,0.02993348115299335,0.24390243902439024,0.008869179600886918,0.0,False,True,False,False,True,False,
720575940630721910,cell_class,mechanosensory,902,400,0.25,0.04,0.1,0.03325942350332594,0.6130820399113082,0.07095343680709534,0.02993348115299335,0.24390243902439024,0.008869179600886918,0.0,False,False,False,False,False,False,
720575940630721910,cell_class,mechanosensory,902,400,0.25,0.02,0.01,0.03325942350332594,0.6130820399113082,0.07095343680709534,0.02993348115299335,0.24390243902439024,0.008869179600886918,0.0,False,True,False,False,True,False,
720575940630721910,cell_class,mechanosensory,902,400,0.25,0.02,0.05,0.03325942350332594,0.6130820399113082,0.07095343680709534,0.02993348115299335,0.24390243902439024,0.008869179600886918,0.0,False,True,False,False,True,False,
720575940630721910,cell_class,mechanosensory,902,400,0.25,0.02,0.1,0.03325942350332594,0.6130820399113082,0.07095343680709534,0.02993348115299335,0.24390243902439024,0.008869179600886918,0.0,False,False,False,False,False,False,
720575940630721910,cell_class,mechanosensory,902,400,0.25,0.01,0.01,0.03325942350332594,0.6130820399113082,0.07095343680709534,0.02993348115299335,0.24390243902439024,0.008869179600886918,0.0,False,True,False,False,True,False,
720575940630721910,cell_class,mechanosensory,902,400,0.25,0.01,0.05,0.03325942350332594,0.6130820399113082,0.07095343680709534,0.02993348115299335,0.24390243902439024,0.008869179600886918,0.0,False,False,False,False,False,False,
720575940630721910,cell_class,mechanosensory,902,400,0.25,0.01,0.1,0.03325942350332594,0.6130820399113082,0.07095343680709534,0.02993348115299335,0.24390243902439024,0.008869179600886918,0.0,False,False,False,False,False,False,
720575940622295585,cell_class,mechanosensory,427,400,0.25,0.14285714285714285,0.01,0.07962529274004684,0.44028103044496486,0.1873536299765808,0.08665105386416862,0.20140515222482436,0.00468384074941452,0.0,True,True,True,True,True,False,
720575940622295585,cell_class,mechanosensory,427,400,0.25,0.14285714285714285,0.05,0.07962529274004684,0.44028103044496486,0.1873536299765808,0.08665105386416862,0.20140515222482436,0.00468384074941452,0.0,False,True,True,False,True,False,
720575940622295585,cell_class,mechanosensory,427,400,0.25,0.14285714285714285,0.1,0.07962529274004684,0.44028103044496486,0.1873536299765808,0.08665105386416862,0.20140515222482436,0.00468384074941452,0.0,False,True,False,False,True,False,
720575940622295585,cell_class,mechanosensory,427,400,0.25,0.04,0.01,0.07962529274004684,0.44028103044496486,0.1873536299765808,0.08665105386416862,0.20140515222482436,0.00468384074941452,0.0,True,True,True,True,True,False,
720575940622295585,cell_class,mechanosensory,427,400,0.25,0.04,0.05,0.07962529274004684,0.44028103044496486,0.1873536299765808,0.08665105386416862,0.20140515222482436,0.00468384074941452,0.0,False,True,True,False,False,False,
720575940622295585,cell_class,mechanosensory,427,400,0.25,0.04,0.1,0.07962529274004684,0.44028103044496486,0.1873536299765808,0.08665105386416862,0.20140515222482436,0.00468384074941452,0.0,False,False,False,False,False,False,
720575940622295585,cell_class,mechanosensory,427,400,0.25,0.02,0.01,0.07962529274004684,0.44028103044496486,0.1873536299765808,0.08665105386416862,0.20140515222482436,0.00468384074941452,0.0,True,True,True,True,True,False,
720575940622295585,cell_class,mechanosensory,427,400,0.25,0.02,0.05,0.07962529274004684,0.44028103044496486,0.1873536299765808,0.08665105386416862,0.20140515222482436,0.00468384074941452,0.0,False,True,False,False,False,False,
720575940622295585,cell_class,mechanosensory,427,400,0.25,0.02,0.1,0.07962529274004684,0.44028103044496486,0.1873536299765808,0.08665105386416862,0.20140515222482436,0.00468384074941452,0.0,False,False,False,False,False,False,
720575940622295585,cell_class,mechanosensory,427,400,0.25,0.01,0.01,0.07962529274004684,0.44028103044496486,0.1873536299765808,0.08665105386416862,0.20140515222482436,0.00468384074941452,0.0,False,True,True,True,True,False,
720575940622295585,cell_class,mechanosensory,427,400,0.25,0.01,0.05,0.07962529274004684,0.44028103044496486,0.1873536299765808,0.08665105386416862,0.20140515222482436,0.00468384074941452,0.0,False,True,False,False,False,False,
720575940622295585,cell_class,mechanosensory,427,400,0.25,0.01,0.1,0.07962529274004684,0.44028103044496486,0.1873536299765808,0.08665105386416862,0.20140515222482436,0.00468384074941452,0.0,False,False,False,False,False,False,
720575940615750318,cell_class,mechanosensory,526,400,0.25,0.14285714285714285,0.01,0.0019011406844106464,0.3365019011406844,0.024714828897338403,0.0,0.5950570342205324,0.04182509505703422,0.0,,True,False,,True,True,
720575940615750318,cell_class,mechanosensory,526,400,0.25,0.14285714285714285,0.05,0.0019011406844106464,0.3365019011406844,0.024714828897338403,0.0,0.5950570342205324,0.04182509505703422,0.0,,True,False,,True,False,
720575940615750318,cell_class,mechanosensory,526,400,0.25,0.14285714285714285,0.1,0.0019011406844106464,0.3365019011406844,0.024714828897338403,0.0,0.5950570342205324,0.04182509505703422,0.0,,True,False,,True,False,
720575940615750318,cell_class,mechanosensory,526,400,0.25,0.04,0.01,0.0019011406844106464,0.3365019011406844,0.024714828897338403,0.0,0.5950570342205324,0.04182509505703422,0.0,,True,False,,True,True,
720575940615750318,cell_class,mechanosensory,526,400,0.25,0.04,0.05,0.0019011406844106464,0.3365019011406844,0.024714828897338403,0.0,0.5950570342205324,0.04182509505703422,0.0,,False,False,,True,False,
720575940615750318,cell_class,mechanosensory,526,400,0.25,0.04,0.1,0.0019011406844106464,0.3365019011406844,0.024714828897338403,0.0,0.5950570342205324,0.04182509505703422,0.0,,False,False,,False,False,
720575940615750318,cell_class,mechanosensory,526,400,0.25,0.02,0.01,0.0019011406844106464,0.3365019011406844,0.024714828897338403,0.0,0.5950570342205324,0.04182509505703422,0.0,,True,False,,True,False,
720575940615750318,cell_class,mechanosensory,526,400,0.25,0.02,0.05,0.0019011406844106464,0.3365019011406844,0.024714828897338403,0.0,0.5950570342205324,0.04182509505703422,0.0,,False,False,,True,False,
720575940615750318,cell_class,mechanosensory,526,400,0.25,0.02,0.1,0.0019011406844106464,0.3365019011406844,0.024714828897338403,0.0,0.5950570342205324,0.04182509505703422,0.0,,False,False,,False,False,
720575940615750318,cell_class,mechanosensory,526,400,0.25,0.01,0.01,0.0019011406844106464,0.3365019011406844,0.024714828897338403,0.0,0.5950570342205324,0.04182509505703422,0.0,,True,False,,True,False,
720575940615750318,cell_class,mechanosensory,526,400,0.25,0.01,0.05,0.0019011406844106464,0.3365019011406844,0.024714828897338403,0.0,0.5950570342205324,0.04182509505703422,0.0,,False,False,,False,False,
720575940615750318,cell_class,mechanosensory,526,400,0.25,0.01,0.1,0.0019011406844106464,0.3365019011406844,0.024714828897338403,0.0,0.5950570342205324,0.04182509505703422,0.0,,False,False,,False,False,
720575940639298237,cell_class,mechanosensory,520,400,0.25,0.14285714285714285,0.01,0.11923076923076924,0.5846153846153846,0.18269230769230768,0.0019230769230769232,0.09615384615384616,0.013461538461538462,0.0019230769230769232,True,True,True,,True,False,
720575940639298237,cell_class,mechanosensory,520,400,0.25,0.14285714285714285,0.05,0.11923076923076924,0.5846153846153846,0.18269230769230768,0.0019230769230769232,0.09615384615384616,0.013461538461538462,0.0019230769230769232,True,True,True,,False,False,
720575940639298237,cell_class,mechanosensory,520,400,0.25,0.14285714285714285,0.1,0.11923076923076924,0.5846153846153846,0.18269230769230768,0.0019230769230769232,0.09615384615384616,0.013461538461538462,0.0019230769230769232,False,True,True,,False,False,
720575940639298237,cell_class,mechanosensory,520,400,0.25,0.04,0.01,0.11923076923076924,0.5846153846153846,0.18269230769230768,0.0019230769230769232,0.09615384615384616,0.013461538461538462,0.0019230769230769232,True,True,True,,True,False,
720575940639298237,cell_class,mechanosensory,520,400,0.25,0.04,0.05,0.11923076923076924,0.5846153846153846,0.18269230769230768,0.0019230769230769232,0.09615384615384616,0.013461538461538462,0.0019230769230769232,False,True,False,,False,False,
720575940639298237,cell_class,mechanosensory,520,400,0.25,0.04,0.1,0.11923076923076924,0.5846153846153846,0.18269230769230768,0.0019230769230769232,0.09615384615384616,0.013461538461538462,0.0019230769230769232,False,False,False,,False,False,
720575940639298237,cell_class,mechanosensory,520,400,0.25,0.02,0.01,0.11923076923076924,0.5846153846153846,0.18269230769230768,0.0019230769230769232,0.09615384615384616,0.013461538461538462,0.0019230769230769232,True,True,True,,True,False,
720575940639298237,cell_class,mechanosensory,520,400,0.25,0.02,0.05,0.11923076923076924,0.5846153846153846,0.18269230769230768,0.0019230769230769232,0.09615384615384616,0.013461538461538462,0.0019230769230769232,False,True,False,,False,False,
720575940639298237,cell_class,mechanosensory,520,400,0.25,0.02,0.1,0.11923076923076924,0.5846153846153846,0.18269230769230768,0.0019230769230769232,0.09615384615384616,0.013461538461538462,0.0019230769230769232,False,False,False,,False,False,
720575940639298237,cell_class,mechanosensory,520,400,0.25,0.01,0.01,0.11923076923076924,0.5846153846153846,0.18269230769230768,0.0019230769230769232,0.09615384615384616,0.013461538461538462,0.0019230769230769232,False,True,True,,True,False,
720575940639298237,cell_class,mechanosensory,520,400,0.25,0.01,0.05,0.11923076923076924,0.5846153846153846,0.18269230769230768,0.0019230769230769232,0.09615384615384616,0.013461538461538462,0.0019230769230769232,False,False,False,,False,False,
720575940639298237,cell_class,mechanosensory,520,400,0.25,0.01,0.1,0.11923076923076924,0.5846153846153846,0.18269230769230768,0.0019230769230769232,0.09615384615384616,0.013461538461538462,0.0019230769230769232,False,False,False,,False,False,
720575940624167093,cell_class,mechanosensory,554,400,0.25,0.14285714285714285,0.01,0.03429602888086643,0.5776173285198556,0.11010830324909747,0.019855595667870037,0.24368231046931407,0.01263537906137184,0.0018050541516245488,True,True,True,False,True,False,
720575940624167093,cell_class,mechanosensory,554,400,0.25,0.14285714285714285,0.05,0.03429602888086643,0.5776173285198556,0.11010830324909747,0.019855595667870037,0.24368231046931407,0.01263537906137184,0.0018050541516245488,False,True,False,False,True,False,
720575940624167093,cell_class,mechanosensory,554,400,0.25,0.14285714285714285,0.1,0.03429602888086643,0.5776173285198556,0.11010830324909747,0.019855595667870037,0.24368231046931407,0.01263537906137184,0.0018050541516245488,False,True,False,False,False,False,
720575940624167093,cell_class,mechanosensory,554,400,0.25,0.04,0.01,0.03429602888086643,0.5776173285198556,0.11010830324909747,0.019855595667870037,0.24368231046931407,0.01263537906137184,0.0018050541516245488,True,True,True,False,True,False,
720575940624167093,cell_class,mechanosensory,554,400,0.25,0.04,0.05,0.03429602888086643,0.5776173285198556,0.11010830324909747,0.019855595667870037,0.24368231046931407,0.01263537906137184,0.0018050541516245488,False,True,False,False,False,False,
720575940624167093,cell_class,mechanosensory,554,400,0.25,0.04,0.1,0.03429602888086643,0.5776173285198556,0.11010830324909747,0.019855595667870037,0.24368231046931407,0.01263537906137184,0.0018050541516245488,False,False,False,False,False,False,
720575940624167093,cell_class,mechanosensory,554,400,0.25,0.02,0.01,0.03429602888086643,0.5776173285198556,0.11010830324909747,0.019855595667870037,0.24368231046931407,0.01263537906137184,0.0018050541516245488,True,True,True,False,True,False,
720575940624167093,cell_class,mechanosensory,554,400,0.25,0.02,0.05,0.03429602888086643,0.5776173285198556,0.11010830324909747,0.019855595667870037,0.24368231046931407,0.01263537906137184,0.0018050541516245488,False,True,False,False,False,False,
720575940624167093,cell_class,mechanosensory,554,400,0.25,0.02,0.1,0.03429602888086643,0.5776173285198556,0.11010830324909747,0.019855595667870037,0.24368231046931407,0.01263537906137184,0.0018050541516245488,False,False,False,False,False,False,
720575940624167093,cell_class,mechanosensory,554,400,0.25,0.01,0.01,0.03429602888086643,0.5776173285198556,0.11010830324909747,0.019855595667870037,0.24368231046931407,0.01263537906137184,0.0018050541516245488,False,True,True,False,True,False,
720575940624167093,cell_class,mechanosensory,554,400,0.25,0.01,0.05,0.03429602888086643,0.5776173285198556,0.11010830324909747,0.019855595667870037,0.24368231046931407,0.01263537906137184,0.0018050541516245488,False,False,False,False,False,False,
720575940624167093,cell_class,mechanosensory,554,400,0.25,0.01,0.1,0.03429602888086643,0.5776173285198556,0.11010830324909747,0.019855595667870037,0.24368231046931407,0.01263537906137184,0.0018050541516245488,False,False,False,False,False,False,
720575940632022888,cell_class,mechanosensory,753,400,0.25,0.14285714285714285,0.01,0.021248339973439574,0.7144754316069057,0.03718459495351926,0.01195219123505976,0.18193891102257637,0.03187250996015936,0.0013280212483399733,True,True,True,False,True,True,
720575940632022888,cell_class,mechanosensory,753,400,0.25,0.14285714285714285,0.05,0.021248339973439574,0.7144754316069057,0.03718459495351926,0.01195219123505976,0.18193891102257637,0.03187250996015936,0.0013280212483399733,False,True,False,False,True,False,
720575940632022888,cell_class,mechanosensory,753,400,0.25,0.14285714285714285,0.1,0.021248339973439574,0.7144754316069057,0.03718459495351926,0.01195219123505976,0.18193891102257637,0.03187250996015936,0.0013280212483399733,False,True,False,False,False,False,
720575940632022888,cell_class,mechanosensory,753,400,0.25,0.04,0.01,0.021248339973439574,0.7144754316069057,0.03718459495351926,0.01195219123505976,0.18193891102257637,0.03187250996015936,0.0013280212483399733,True,True,True,False,True,True,
720575940632022888,cell_class,mechanosensory,753,400,0.25,0.04,0.05,0.021248339973439574,0.7144754316069057,0.03718459495351926,0.01195219123505976,0.18193891102257637,0.03187250996015936,0.0013280212483399733,False,True,False,False,False,False,
720575940632022888,cell_class,mechanosensory,753,400,0.25,0.04,0.1,0.021248339973439574,0.7144754316069057,0.03718459495351926,0.01195219123505976,0.18193891102257637,0.03187250996015936,0.0013280212483399733,False,True,False,False,False,False,
720575940632022888,cell_class,mechanosensory,753,400,0.25,0.02,0.01,0.021248339973439574,0.7144754316069057,0.03718459495351926,0.01195219123505976,0.18193891102257637,0.03187250996015936,0.0013280212483399733,False,True,True,False,True,True,
720575940632022888,cell_class,mechanosensory,753,400,0.25,0.02,0.05,0.021248339973439574,0.7144754316069057,0.03718459495351926,0.01195219123505976,0.18193891102257637,0.03187250996015936,0.0013280212483399733,False,True,False,False,False,False,
720575940632022888,cell_class,mechanosensory,753,400,0.25,0.02,0.1,0.021248339973439574,0.7144754316069057,0.03718459495351926,0.01195219123505976,0.18193891102257637,0.03187250996015936,0.0013280212483399733,False,False,False,False,False,False,
720575940632022888,cell_class,mechanosensory,753,400,0.25,0.01,0.01,0.021248339973439574,0.7144754316069057,0.03718459495351926,0.01195219123505976,0.18193891102257637,0.03187250996015936,0.0013280212483399733,False,True,True,False,True,True,
720575940632022888,cell_class,mechanosensory,753,400,0.25,0.01,0.05,0.021248339973439574,0.7144754316069057,0.03718459495351926,0.01195219123505976,0.18193891102257637,0.03187250996015936,0.0013280212483399733,False,False,False,False,False,False,
720575940632022888,cell_class,mechanosensory,753,400,0.25,0.01,0.1,0.021248339973439574,0.7144754316069057,0.03718459495351926,0.01195219123505976,0.18193891102257637,0.03187250996015936,0.0013280212483399733,False,False,False,False,False,False,
720575940632252661,cell_class,mechanosensory,462,400,0.25,0.14285714285714285,0.01,0.02813852813852814,0.7597402597402597,0.16233766233766234,0.0021645021645021645,0.017316017316017316,0.02813852813852814,0.0021645021645021645,True,True,True,,False,True,
720575940632252661,cell_class,mechanosensory,462,400,0.25,0.14285714285714285,0.05,0.02813852813852814,0.7597402597402597,0.16233766233766234,0.0021645021645021645,0.017316017316017316,0.02813852813852814,0.0021645021645021645,False,True,True,,False,False,
720575940632252661,cell_class,mechanosensory,462,400,0.25,0.14285714285714285,0.1,0.02813852813852814,0.7597402597402597,0.16233766233766234,0.0021645021645021645,0.017316017316017316,0.02813852813852814,0.0021645021645021645,False,True,False,,False,False,
720575940632252661,cell_class,mechanosensory,462,400,0.25,0.04,0.01,0.02813852813852814,0.7597402597402597,0.16233766233766234,0.0021645021645021645,0.017316017316017316,0.02813852813852814,0.0021645021645021645,True,True,True,,False,False,
720575940632252661,cell_class,mechanosensory,462,400,0.25,0.04,0.05,0.02813852813852814,0.7597402597402597,0.16233766233766234,0.0021645021645021645,0.017316017316017316,0.02813852813852814,0.0021645021645021645,False,True,True,,False,False,
720575940632252661,cell_class,mechanosensory,462,400,0.25,0.04,0.1,0.02813852813852814,0.7597402597402597,0.16233766233766234,0.0021645021645021645,0.017316017316017316,0.02813852813852814,0.0021645021645021645,False,True,False,,False,False,
720575940632252661,cell_class,mechanosensory,462,400,0.25,0.02,0.01,0.02813852813852814,0.7597402597402597,0.16233766233766234,0.0021645021645021645,0.017316017316017316,0.02813852813852814,0.0021645021645021645,False,True,True,,False,False,
720575940632252661,cell_class,mechanosensory,462,400,0.25,0.02,0.05,0.02813852813852814,0.7597402597402597,0.16233766233766234,0.0021645021645021645,0.017316017316017316,0.02813852813852814,0.0021645021645021645,False,True,False,,False,False,
720575940632252661,cell_class,mechanosensory,462,400,0.25,0.02,0.1,0.02813852813852814,0.7597402597402597,0.16233766233766234,0.0021645021645021645,0.017316017316017316,0.02813852813852814,0.0021645021645021645,False,False,False,,False,False,
720575940632252661,cell_class,mechanosensory,462,400,0.25,0.01,0.01,0.02813852813852814,0.7597402597402597,0.16233766233766234,0.0021645021645021645,0.017316017316017316,0.02813852813852814,0.0021645021645021645,False,True,True,,False,False,
720575940632252661,cell_class,mechanosensory,462,400,0.25,0.01,0.05,0.02813852813852814,0.7597402597402597,0.16233766233766234,0.0021645021645021645,0.017316017316017316,0.02813852813852814,0.0021645021645021645,False,False,False,,False,False,
720575940632252661,cell_class,mechanosensory,462,400,0.25,0.01,0.1,0.02813852813852814,0.7597402597402597,0.16233766233766234,0.0021645021645021645,0.017316017316017316,0.02813852813852814,0.0021645021645021645,False,False,False,,False,False,
720575940628218976,cell_class,mechanosensory,401,400,0.25,0.14285714285714285,0.01,0.02493765586034913,0.6433915211970075,0.2793017456359102,0.032418952618453865,0.0024937655860349127,0.017456359102244388,0.0,False,True,True,True,,True,
720575940628218976,cell_class,mechanosensory,401,400,0.25,0.14285714285714285,0.05,0.02493765586034913,0.6433915211970075,0.2793017456359102,0.032418952618453865,0.0024937655860349127,0.017456359102244388,0.0,False,True,True,False,,False,
720575940628218976,cell_class,mechanosensory,401,400,0.25,0.14285714285714285,0.1,0.02493765586034913,0.6433915211970075,0.2793017456359102,0.032418952618453865,0.0024937655860349127,0.017456359102244388,0.0,False,True,True,False,,False,
720575940628218976,cell_class,mechanosensory,401,400,0.25,0.04,0.01,0.02493765586034913,0.6433915211970075,0.2793017456359102,0.032418952618453865,0.0024937655860349127,0.017456359102244388,0.0,False,True,True,True,,False,
720575940628218976,cell_class,mechanosensory,401,400,0.25,0.04,0.05,0.02493765586034913,0.6433915211970075,0.2793017456359102,0.032418952618453865,0.0024937655860349127,0.017456359102244388,0.0,False,True,True,False,,False,
720575940628218976,cell_class,mechanosensory,401,400,0.25,0.04,0.1,0.02493765586034913,0.6433915211970075,0.2793017456359102,0.032418952618453865,0.0024937655860349127,0.017456359102244388,0.0,False,False,False,False,,False,
720575940628218976,cell_class,mechanosensory,401,400,0.25,0.02,0.01,0.02493765586034913,0.6433915211970075,0.2793017456359102,0.032418952618453865,0.0024937655860349127,0.017456359102244388,0.0,False,True,True,True,,False,
720575940628218976,cell_class,mechanosensory,401,400,0.25,0.02,0.05,0.02493765586034913,0.6433915211970075,0.2793017456359102,0.032418952618453865,0.0024937655860349127,0.017456359102244388,0.0,False,True,False,False,,False,
720575940628218976,cell_class,mechanosensory,401,400,0.25,0.02,0.1,0.02493765586034913,0.6433915211970075,0.2793017456359102,0.032418952618453865,0.0024937655860349127,0.017456359102244388,0.0,False,False,False,False,,False,
720575940628218976,cell_class,mechanosensory,401,400,0.25,0.01,0.01,0.02493765586034913,0.6433915211970075,0.2793017456359102,0.032418952618453865,0.0024937655860349127,0.017456359102244388,0.0,False,True,True,False,,False,
720575940628218976,cell_class,mechanosensory,401,400,0.25,0.01,0.05,0.02493765586034913,0.6433915211970075,0.2793017456359102,0.032418952618453865,0.0024937655860349127,0.017456359102244388,0.0,False,True,False,False,,False,
720575940628218976,cell_class,mechanosensory,401,400,0.25,0.01,0.1,0.02493765586034913,0.6433915211970075,0.2793017456359102,0.032418952618453865,0.0024937655860349127,0.017456359102244388,0.0,False,False,False,False,,False,
720575940628162300,cell_class,mechanosensory,775,400,0.25,0.14285714285714285,0.01,0.26838709677419353,0.6193548387096774,0.04387096774193548,0.01032258064516129,0.04903225806451613,0.0064516129032258064,0.0025806451612903226,True,True,True,False,True,False,False
720575940628162300,cell_class,mechanosensory,775,400,0.25,0.14285714285714285,0.05,0.26838709677419353,0.6193548387096774,0.04387096774193548,0.01032258064516129,0.04903225806451613,0.0064516129032258064,0.0025806451612903226,True,True,False,False,False,False,False
720575940628162300,cell_class,mechanosensory,775,400,0.25,0.14285714285714285,0.1,0.26838709677419353,0.6193548387096774,0.04387096774193548,0.01032258064516129,0.04903225806451613,0.0064516129032258064,0.0025806451612903226,False,True,False,False,False,False,False
720575940628162300,cell_class,mechanosensory,775,400,0.25,0.04,0.01,0.26838709677419353,0.6193548387096774,0.04387096774193548,0.01032258064516129,0.04903225806451613,0.0064516129032258064,0.0025806451612903226,True,True,False,False,False,False,False
720575940628162300,cell_class,mechanosensory,775,400,0.25,0.04,0.05,0.26838709677419353,0.6193548387096774,0.04387096774193548,0.01032258064516129,0.04903225806451613,0.0064516129032258064,0.0025806451612903226,True,True,False,False,False,False,False
720575940628162300,cell_class,mechanosensory,775,400,0.25,0.04,0.1,0.26838709677419353,0.6193548387096774,0.04387096774193548,0.01032258064516129,0.04903225806451613,0.0064516129032258064,0.0025806451612903226,False,True,False,False,False,False,False
720575940628162300,cell_class,mechanosensory,775,400,0.25,0.02,0.01,0.26838709677419353,0.6193548387096774,0.04387096774193548,0.01032258064516129,0.04903225806451613,0.0064516129032258064,0.0025806451612903226,True,True,False,False,False,False,False
720575940628162300,cell_class,mechanosensory,775,400,0.25,0.02,0.05,0.26838709677419353,0.6193548387096774,0.04387096774193548,0.01032258064516129,0.04903225806451613,0.0064516129032258064,0.0025806451612903226,True,True,False,False,False,False,False
720575940628162300,cell_class,mechanosensory,775,400,0.25,0.02,0.1,0.26838709677419353,0.6193548387096774,0.04387096774193548,0.01032258064516129,0.04903225806451613,0.0064516129032258064,0.0025806451612903226,False,False,False,False,False,False,False
720575940628162300,cell_class,mechanosensory,775,400,0.25,0.01,0.01,0.26838709677419353,0.6193548387096774,0.04387096774193548,0.01032258064516129,0.04903225806451613,0.0064516129032258064,0.0025806451612903226,True,True,False,False,False,False,False
720575940628162300,cell_class,mechanosensory,775,400,0.25,0.01,0.05,0.26838709677419353,0.6193548387096774,0.04387096774193548,0.01032258064516129,0.04903225806451613,0.0064516129032258064,0.0025806451612903226,False,False,False,False,False,False,False
720575940628162300,cell_class,mechanosensory,775,400,0.25,0.01,0.1,0.26838709677419353,0.6193548387096774,0.04387096774193548,0.01032258064516129,0.04903225806451613,0.0064516129032258064,0.0025806451612903226,False,False,False,False,False,False,False
720575940638708058,cell_class,mechanosensory,1838,400,0.25,0.14285714285714285,0.01,0.011969532100108813,0.7393906420021763,0.03917301414581066,0.010337323177366704,0.16539717083786726,0.03264417845484222,0.001088139281828074,False,True,True,False,True,True,False
720575940638708058,cell_class,mechanosensory,1838,400,0.25,0.14285714285714285,0.05,0.011969532100108813,0.7393906420021763,0.03917301414581066,0.010337323177366704,0.16539717083786726,0.03264417845484222,0.001088139281828074,False,True,False,False,False,False,False
720575940638708058,cell_class,mechanosensory,1838,400,0.25,0.14285714285714285,0.1,0.011969532100108813,0.7393906420021763,0.03917301414581066,0.010337323177366704,0.16539717083786726,0.03264417845484222,0.001088139281828074,False,True,False,False,False,False,False
720575940638708058,cell_class,mechanosensory,1838,400,0.25,0.04,0.01,0.011969532100108813,0.7393906420021763,0.03917301414581066,0.010337323177366704,0.16539717083786726,0.03264417845484222,0.001088139281828074,False,True,False,False,True,False,False
720575940638708058,cell_class,mechanosensory,1838,400,0.25,0.04,0.05,0.011969532100108813,0.7393906420021763,0.03917301414581066,0.010337323177366704,0.16539717083786726,0.03264417845484222,0.001088139281828074,False,True,False,False,False,False,False
720575940638708058,cell_class,mechanosensory,1838,400,0.25,0.04,0.1,0.011969532100108813,0.7393906420021763,0.03917301414581066,0.010337323177366704,0.16539717083786726,0.03264417845484222,0.001088139281828074,False,True,False,False,False,False,False
720575940638708058,cell_class,mechanosensory,1838,400,0.25,0.02,0.01,0.011969532100108813,0.7393906420021763,0.03917301414581066,0.010337323177366704,0.16539717083786726,0.03264417845484222,0.001088139281828074,False,True,False,False,True,False,False
720575940638708058,cell_class,mechanosensory,1838,400,0.25,0.02,0.05,0.011969532100108813,0.7393906420021763,0.03917301414581066,0.010337323177366704,0.16539717083786726,0.03264417845484222,0.001088139281828074,False,False,False,False,False,False,False
720575940638708058,cell_class,mechanosensory,1838,400,0.25,0.02,0.1,0.011969532100108813,0.7393906420021763,0.03917301414581066,0.010337323177366704,0.16539717083786726,0.03264417845484222,0.001088139281828074,False,False,False,False,False,False,False
720575940638708058,cell_class,mechanosensory,1838,400,0.25,0.01,0.01,0.011969532100108813,0.7393906420021763,0.03917301414581066,0.010337323177366704,0.16539717083786726,0.03264417845484222,0.001088139281828074,False,True,False,False,True,False,False
720575940638708058,cell_class,mechanosensory,1838,400,0.25,0.01,0.05,0.011969532100108813,0.7393906420021763,0.03917301414581066,0.010337323177366704,0.16539717083786726,0.03264417845484222,0.001088139281828074,False,False,False,False,False,False,False
720575940638708058,cell_class,mechanosensory,1838,400,0.25,0.01,0.1,0.011969532100108813,0.7393906420021763,0.03917301414581066,0.010337323177366704,0.16539717083786726,0.03264417845484222,0.001088139281828074,False,False,False,False,False,False,False
720575940605699104,cell_class,mechanosensory,3117,400,0.25,0.14285714285714285,0.01,0.0009624639076034649,0.06223933269169073,0.03785691369906962,0.0465190888675008,0.657683670195701,0.1944177093358999,0.0003208213025344883,False,True,True,True,True,True,
720575940605699104,cell_class,mechanosensory,3117,400,0.25,0.14285714285714285,0.05,0.0009624639076034649,0.06223933269169073,0.03785691369906962,0.0465190888675008,0.657683670195701,0.1944177093358999,0.0003208213025344883,False,False,False,False,True,True,
720575940605699104,cell_class,mechanosensory,3117,400,0.25,0.14285714285714285,0.1,0.0009624639076034649,0.06223933269169073,0.03785691369906962,0.0465190888675008,0.657683670195701,0.1944177093358999,0.0003208213025344883,False,False,False,False,True,False,
720575940605699104,cell_class,mechanosensory,3117,400,0.25,0.04,0.01,0.0009624639076034649,0.06223933269169073,0.03785691369906962,0.0465190888675008,0.657683670195701,0.1944177093358999,0.0003208213025344883,False,True,True,True,True,True,
720575940605699104,cell_class,mechanosensory,3117,400,0.25,0.04,0.05,0.0009624639076034649,0.06223933269169073,0.03785691369906962,0.0465190888675008,0.657683670195701,0.1944177093358999,0.0003208213025344883,False,False,False,False,True,False,
720575940605699104,cell_class,mechanosensory,3117,400,0.25,0.04,0.1,0.0009624639076034649,0.06223933269169073,0.03785691369906962,0.0465190888675008,0.657683670195701,0.1944177093358999,0.0003208213025344883,False,False,False,False,False,False,
720575940605699104,cell_class,mechanosensory,3117,400,0.25,0.02,0.01,0.0009624639076034649,0.06223933269169073,0.03785691369906962,0.0465190888675008,0.657683670195701,0.1944177093358999,0.0003208213025344883,False,False,True,True,True,True,
720575940605699104,cell_class,mechanosensory,3117,400,0.25,0.02,0.05,0.0009624639076034649,0.06223933269169073,0.03785691369906962,0.0465190888675008,0.657683670195701,0.1944177093358999,0.0003208213025344883,False,False,False,False,True,False,
720575940605699104,cell_class,mechanosensory,3117,400,0.25,0.02,0.1,0.0009624639076034649,0.06223933269169073,0.03785691369906962,0.0465190888675008,0.657683670195701,0.1944177093358999,0.0003208213025344883,False,False,False,False,False,False,
720575940605699104,cell_class,mechanosensory,3117,400,0.25,0.01,0.01,0.0009624639076034649,0.06223933269169073,0.03785691369906962,0.0465190888675008,0.657683670195701,0.1944177093358999,0.0003208213025344883,False,False,True,False,True,True,
720575940605699104,cell_class,mechanosensory,3117,400,0.25,0.01,0.05,0.0009624639076034649,0.06223933269169073,0.03785691369906962,0.0465190888675008,0.657683670195701,0.1944177093358999,0.0003208213025344883,False,False,False,False,False,False,
720575940605699104,cell_class,mechanosensory,3117,400,0.25,0.01,0.1,0.0009624639076034649,0.06223933269169073,0.03785691369906962,0.0465190888675008,0.657683670195701,0.1944177093358999,0.0003208213025344883,False,False,False,False,False,False,
