root_id,classification_system,cell_type,num_synapses,min_synapses,softmax_threshold,bandwidth_quantile_value,min_synapses_ratio_value,GABA_ratio,ACh_ratio,Glut_ratio,Oct_ratio,Ser_ratio,DA_ratio,Unknown_ratio,GABA_clusters,ACh_clusters,Glut_clusters,Ser_clusters,DA_clusters,Oct_clusters,Unknown_clusters
720575940627821896,cell_class,gustatory,1099,400,0.25,0.14285714285714285,0.01,0.05004549590536852,0.3111919927206551,0.4640582347588717,0.0,0.06824385805277525,0.10646041856232939,0.0,True,True,True,True,True,,
720575940627821896,cell_class,gustatory,1099,400,0.25,0.14285714285714285,0.05,0.05004549590536852,0.3111919927206551,0.4640582347588717,0.0,0.06824385805277525,0.10646041856232939,0.0,False,True,True,False,True,,
720575940627821896,cell_class,gustatory,1099,400,0.25,0.14285714285714285,0.1,0.05004549590536852,0.3111919927206551,0.4640582347588717,0.0,0.06824385805277525,0.10646041856232939,0.0,False,True,True,False,False,,
720575940627821896,cell_class,gustatory,1099,400,0.25,0.04,0.01,0.05004549590536852,0.3111919927206551,0.4640582347588717,0.0,0.06824385805277525,0.10646041856232939,0.0,True,True,True,True,True,,
720575940627821896,cell_class,gustatory,1099,400,0.25,0.04,0.05,0.05004549590536852,0.3111919927206551,0.4640582347588717,0.0,0.06824385805277525,0.10646041856232939,0.0,False,False,True,False,False,,
720575940627821896,cell_class,gustatory,1099,400,0.25,0.04,0.1,0.05004549590536852,0.3111919927206551,0.4640582347588717,0.0,0.06824385805277525,0.10646041856232939,0.0,False,False,False,False,False,,
720575940627821896,cell_class,gustatory,1099,400,0.25,0.02,0.01,0.05004549590536852,0.3111919927206551,0.4640582347588717,0.0,0.06824385805277525,0.10646041856232939,0.0,True,True,True,True,True,,
720575940627821896,cell_class,gustatory,1099,400,0.25,0.02,0.05,0.05004549590536852,0.3111919927206551,0.4640582347588717,0.0,0.06824385805277525,0.10646041856232939,0.0,False,False,False,False,False,,
720575940627821896,cell_class,gustatory,1099,400,0.25,0.02,0.1,0.05004549590536852,0.3111919927206551,0.4640582347588717,0.0,0.06824385805277525,0.10646041856232939,0.0,False,False,False,False,False,,
720575940627821896,cell_class,gustatory,1099,400,0.25,0.01,0.01,0.05004549590536852,0.3111919927206551,0.4640582347588717,0.0,0.06824385805277525,0.10646041856232939,0.0,True,True,True,True,True,,
720575940627821896,cell_class,gustatory,1099,400,0.25,0.01,0.05,0.05004549590536852,0.3111919927206551,0.4640582347588717,0.0,0.06824385805277525,0.10646041856232939,0.0,False,False,False,False,False,,
720575940627821896,cell_class,gustatory,1099,400,0.25,0.01,0.1,0.05004549590536852,0.3111919927206551,0.4640582347588717,0.0,0.06824385805277525,0.10646041856232939,0.0,False,False,False,False,False,,
720575940658442625,cell_class,gustatory,4842,400,0.25,0.14285714285714285,0.01,0.020239570425444033,0.8543990086741016,0.027674514663362248,0.0018587360594795538,0.055762081784386616,0.03985956216439488,0.00020652622883106156,True,True,True,True,True,False,
720575940658442625,cell_class,gustatory,4842,400,0.25,0.14285714285714285,0.05,0.020239570425444033,0.8543990086741016,0.027674514663362248,0.0018587360594795538,0.055762081784386616,0.03985956216439488,0.00020652622883106156,False,True,False,False,False,False,
720575940658442625,cell_class,gustatory,4842,400,0.25,0.14285714285714285,0.1,0.020239570425444033,0.8543990086741016,0.027674514663362248,0.0018587360594795538,0.055762081784386616,0.03985956216439488,0.00020652622883106156,False,True,False,False,False,False,
720575940658442625,cell_class,gustatory,4842,400,0.25,0.04,0.01,0.020239570425444033,0.8543990086741016,0.027674514663362248,0.0018587360594795538,0.055762081784386616,0.03985956216439488,0.00020652622883106156,False,True,False,False,True,False,
720575940658442625,cell_class,gustatory,4842,400,0.25,0.04,0.05,0.020239570425444033,0.8543990086741016,0.027674514663362248,0.0018587360594795538,0.055762081784386616,0.03985956216439488,0.00020652622883106156,False,True,False,False,False,False,
720575940658442625,cell_class,gustatory,4842,400,0.25,0.04,0.1,0.020239570425444033,0.8543990086741016,0.027674514663362248,0.0018587360594795538,0.055762081784386616,0.03985956216439488,0.00020652622883106156,False,True,False,False,False,False,
720575940658442625,cell_class,gustatory,4842,400,0.25,0.02,0.01,0.020239570425444033,0.8543990086741016,0.027674514663362248,0.0018587360594795538,0.055762081784386616,0.03985956216439488,0.00020652622883106156,False,True,False,False,False,False,
720575940658442625,cell_class,gustatory,4842,400,0.25,0.02,0.05,0.020239570425444033,0.8543990086741016,0.027674514663362248,0.0018587360594795538,0.055762081784386616,0.03985956216439488,0.00020652622883106156,False,True,False,False,False,False,
720575940658442625,cell_class,gustatory,4842,400,0.25,0.02,0.1,0.020239570425444033,0.8543990086741016,0.027674514663362248,0.0018587360594795538,0.055762081784386616,0.03985956216439488,0.00020652622883106156,False,True,False,False,False,False,
720575940658442625,cell_class,gustatory,4842,400,0.25,0.01,0.01,0.020239570425444033,0.8543990086741016,0.027674514663362248,0.0018587360594795538,0.055762081784386616,0.03985956216439488,0.00020652622883106156,False,True,False,False,False,False,
720575940658442625,cell_class,gustatory,4842,400,0.25,0.01,0.05,0.020239570425444033,0.8543990086741016,0.027674514663362248,0.0018587360594795538,0.055762081784386616,0.03985956216439488,0.00020652622883106156,False,False,False,False,False,False,
720575940658442625,cell_class,gustatory,4842,400,0.25,0.01,0.1,0.020239570425444033,0.8543990086741016,0.027674514663362248,0.0018587360594795538,0.055762081784386616,0.03985956216439488,0.00020652622883106156,False,False,False,False,False,False,
720575940637580102,cell_class,gustatory,1166,400,0.25,0.14285714285714285,0.01,0.014579759862778732,0.6792452830188679,0.048027444253859346,0.0137221269296741,0.10548885077186965,0.13893653516295026,0.0,True,True,True,True,True,False,
720575940637580102,cell_class,gustatory,1166,400,0.25,0.14285714285714285,0.05,0.014579759862778732,0.6792452830188679,0.048027444253859346,0.0137221269296741,0.10548885077186965,0.13893653516295026,0.0,False,True,False,True,True,False,
720575940637580102,cell_class,gustatory,1166,400,0.25,0.14285714285714285,0.1,0.014579759862778732,0.6792452830188679,0.048027444253859346,0.0137221269296741,0.10548885077186965,0.13893653516295026,0.0,False,True,False,False,False,False,
720575940637580102,cell_class,gustatory,1166,400,0.25,0.04,0.01,0.014579759862778732,0.6792452830188679,0.048027444253859346,0.0137221269296741,0.10548885077186965,0.13893653516295026,0.0,True,True,True,True,True,False,
720575940637580102,cell_class,gustatory,1166,400,0.25,0.04,0.05,0.014579759862778732,0.6792452830188679,0.048027444253859346,0.0137221269296741,0.10548885077186965,0.13893653516295026,0.0,False,True,False,False,False,False,
720575940637580102,cell_class,gustatory,1166,400,0.25,0.04,0.1,0.014579759862778732,0.6792452830188679,0.048027444253859346,0.0137221269296741,0.10548885077186965,0.13893653516295026,0.0,False,False,False,False,False,False,
720575940637580102,cell_class,gustatory,1166,400,0.25,0.02,0.01,0.014579759862778732,0.6792452830188679,0.048027444253859346,0.0137221269296741,0.10548885077186965,0.13893653516295026,0.0,True,True,True,True,True,False,
720575940637580102,cell_class,gustatory,1166,400,0.25,0.02,0.05,0.014579759862778732,0.6792452830188679,0.048027444253859346,0.0137221269296741,0.10548885077186965,0.13893653516295026,0.0,False,False,False,False,False,False,
720575940637580102,cell_class,gustatory,1166,400,0.25,0.02,0.1,0.014579759862778732,0.6792452830188679,0.048027444253859346,0.0137221269296741,0.10548885077186965,0.13893653516295026,0.0,False,False,False,False,False,False,
720575940637580102,cell_class,gustatory,1166,400,0.25,0.01,0.01,0.014579759862778732,0.6792452830188679,0.048027444253859346,0.0137221269296741,0.10548885077186965,0.13893653516295026,0.0,True,True,True,False,True,False,
720575940637580102,cell_class,gustatory,1166,400,0.25,0.01,0.05,0.014579759862778732,0.6792452830188679,0.048027444253859346,0.0137221269296741,0.10548885077186965,0.13893653516295026,0.0,False,False,False,False,False,False,
720575940637580102,cell_class,gustatory,1166,400,0.25,0.01,0.1,0.014579759862778732,0.6792452830188679,0.048027444253859346,0.0137221269296741,0.10548885077186965,0.13893653516295026,0.0,False,False,False,False,False,False,
720575940612920386,cell_class,gustatory,1659,400,0.25,0.14285714285714285,0.01,0.03496081977094635,0.621458710066305,0.045207956600361664,0.0018083182640144665,0.037371910789632305,0.2591922845087402,0.0,True,True,True,True,True,False,
720575940612920386,cell_class,gustatory,1659,400,0.25,0.14285714285714285,0.05,0.03496081977094635,0.621458710066305,0.045207956600361664,0.0018083182640144665,0.037371910789632305,0.2591922845087402,0.0,False,True,False,False,True,False,
720575940612920386,cell_class,gustatory,1659,400,0.25,0.14285714285714285,0.1,0.03496081977094635,0.621458710066305,0.045207956600361664,0.0018083182640144665,0.037371910789632305,0.2591922845087402,0.0,False,True,False,False,True,False,
720575940612920386,cell_class,gustatory,1659,400,0.25,0.04,0.01,0.03496081977094635,0.621458710066305,0.045207956600361664,0.0018083182640144665,0.037371910789632305,0.2591922845087402,0.0,False,True,False,True,True,False,
720575940612920386,cell_class,gustatory,1659,400,0.25,0.04,0.05,0.03496081977094635,0.621458710066305,0.045207956600361664,0.0018083182640144665,0.037371910789632305,0.2591922845087402,0.0,False,True,False,False,True,False,
720575940612920386,cell_class,gustatory,1659,400,0.25,0.04,0.1,0.03496081977094635,0.621458710066305,0.045207956600361664,0.0018083182640144665,0.037371910789632305,0.2591922845087402,0.0,False,False,False,False,False,False,
720575940612920386,cell_class,gustatory,1659,400,0.25,0.02,0.01,0.03496081977094635,0.621458710066305,0.045207956600361664,0.0018083182640144665,0.037371910789632305,0.2591922845087402,0.0,False,True,False,True,True,False,
720575940612920386,cell_class,gustatory,1659,400,0.25,0.02,0.05,0.03496081977094635,0.621458710066305,0.045207956600361664,0.0018083182640144665,0.037371910789632305,0.2591922845087402,0.0,False,False,False,False,False,False,
720575940612920386,cell_class,gustatory,1659,400,0.25,0.02,0.1,0.03496081977094635,0.621458710066305,0.045207956600361664,0.0018083182640144665,0.037371910789632305,0.2591922845087402,0.0,False,False,False,False,False,False,
720575940612920386,cell_class,gustatory,1659,400,0.25,0.01,0.01,0.03496081977094635,0.621458710066305,0.045207956600361664,0.0018083182640144665,0.037371910789632305,0.2591922845087402,0.0,False,True,False,False,True,False,
720575940612920386,cell_class,gustatory,1659,400,0.25,0.01,0.05,0.03496081977094635,0.621458710066305,0.045207956600361664,0.0018083182640144665,0.037371910789632305,0.2591922845087402,0.0,False,False,False,False,False,False,
720575940612920386,cell_class,gustatory,1659,400,0.25,0.01,0.1,0.03496081977094635,0.621458710066305,0.045207956600361664,0.0018083182640144665,0.037371910789632305,0.2591922845087402,0.0,False,False,False,False,False,False,
720575940610483162,cell_class,gustatory,2386,400,0.25,0.14285714285714285,0.01,0.003352891869237217,0.3239731768650461,0.1399832355406538,0.0016764459346186086,0.3512154233025985,0.17979882648784576,0.0,False,True,True,True,True,False,
720575940610483162,cell_class,gustatory,2386,400,0.25,0.14285714285714285,0.05,0.003352891869237217,0.3239731768650461,0.1399832355406538,0.0016764459346186086,0.3512154233025985,0.17979882648784576,0.0,False,True,True,True,True,False,
720575940610483162,cell_class,gustatory,2386,400,0.25,0.14285714285714285,0.1,0.003352891869237217,0.3239731768650461,0.1399832355406538,0.0016764459346186086,0.3512154233025985,0.17979882648784576,0.0,False,True,False,True,False,False,
720575940610483162,cell_class,gustatory,2386,400,0.25,0.04,0.01,0.003352891869237217,0.3239731768650461,0.1399832355406538,0.0016764459346186086,0.3512154233025985,0.17979882648784576,0.0,False,True,True,True,True,False,
720575940610483162,cell_class,gustatory,2386,400,0.25,0.04,0.05,0.003352891869237217,0.3239731768650461,0.1399832355406538,0.0016764459346186086,0.3512154233025985,0.17979882648784576,0.0,False,False,False,False,False,False,
720575940610483162,cell_class,gustatory,2386,400,0.25,0.04,0.1,0.003352891869237217,0.3239731768650461,0.1399832355406538,0.0016764459346186086,0.3512154233025985,0.17979882648784576,0.0,False,False,False,False,False,False,
720575940610483162,cell_class,gustatory,2386,400,0.25,0.02,0.01,0.003352891869237217,0.3239731768650461,0.1399832355406538,0.0016764459346186086,0.3512154233025985,0.17979882648784576,0.0,False,True,True,True,True,False,
720575940610483162,cell_class,gustatory,2386,400,0.25,0.02,0.05,0.003352891869237217,0.3239731768650461,0.1399832355406538,0.0016764459346186086,0.3512154233025985,0.17979882648784576,0.0,False,False,False,False,False,False,
720575940610483162,cell_class,gustatory,2386,400,0.25,0.02,0.1,0.003352891869237217,0.3239731768650461,0.1399832355406538,0.0016764459346186086,0.3512154233025985,0.17979882648784576,0.0,False,False,False,False,False,False,
720575940610483162,cell_class,gustatory,2386,400,0.25,0.01,0.01,0.003352891869237217,0.3239731768650461,0.1399832355406538,0.0016764459346186086,0.3512154233025985,0.17979882648784576,0.0,False,True,True,True,True,False,
720575940610483162,cell_class,gustatory,2386,400,0.25,0.01,0.05,0.003352891869237217,0.3239731768650461,0.1399832355406538,0.0016764459346186086,0.3512154233025985,0.17979882648784576,0.0,False,False,False,False,False,False,
720575940610483162,cell_class,gustatory,2386,400,0.25,0.01,0.1,0.003352891869237217,0.3239731768650461,0.1399832355406538,0.0016764459346186086,0.3512154233025985,0.17979882648784576,0.0,False,False,False,False,False,False,
720575940626241636,cell_class,gustatory,1801,400,0.25,0.14285714285714285,0.01,0.00277623542476402,0.7207107162687396,0.003886729594669628,0.00277623542476402,0.20932815102720712,0.059966685174902834,0.000555247084952804,False,True,False,True,True,False,
720575940626241636,cell_class,gustatory,1801,400,0.25,0.14285714285714285,0.05,0.00277623542476402,0.7207107162687396,0.003886729594669628,0.00277623542476402,0.20932815102720712,0.059966685174902834,0.000555247084952804,False,True,False,True,False,False,
720575940626241636,cell_class,gustatory,1801,400,0.25,0.14285714285714285,0.1,0.00277623542476402,0.7207107162687396,0.003886729594669628,0.00277623542476402,0.20932815102720712,0.059966685174902834,0.000555247084952804,False,True,False,True,False,False,
720575940626241636,cell_class,gustatory,1801,400,0.25,0.04,0.01,0.00277623542476402,0.7207107162687396,0.003886729594669628,0.00277623542476402,0.20932815102720712,0.059966685174902834,0.000555247084952804,False,True,False,True,True,False,
720575940626241636,cell_class,gustatory,1801,400,0.25,0.04,0.05,0.00277623542476402,0.7207107162687396,0.003886729594669628,0.00277623542476402,0.20932815102720712,0.059966685174902834,0.000555247084952804,False,True,False,False,False,False,
720575940626241636,cell_class,gustatory,1801,400,0.25,0.04,0.1,0.00277623542476402,0.7207107162687396,0.003886729594669628,0.00277623542476402,0.20932815102720712,0.059966685174902834,0.000555247084952804,False,False,False,False,False,False,
720575940626241636,cell_class,gustatory,1801,400,0.25,0.02,0.01,0.00277623542476402,0.7207107162687396,0.003886729594669628,0.00277623542476402,0.20932815102720712,0.059966685174902834,0.000555247084952804,False,True,False,True,False,False,
720575940626241636,cell_class,gustatory,1801,400,0.25,0.02,0.05,0.00277623542476402,0.7207107162687396,0.003886729594669628,0.00277623542476402,0.20932815102720712,0.059966685174902834,0.000555247084952804,False,True,False,False,False,False,
720575940626241636,cell_class,gustatory,1801,400,0.25,0.02,0.1,0.00277623542476402,0.7207107162687396,0.003886729594669628,0.00277623542476402,0.20932815102720712,0.059966685174902834,0.000555247084952804,False,False,False,False,False,False,
720575940626241636,cell_class,gustatory,1801,400,0.25,0.01,0.01,0.00277623542476402,0.7207107162687396,0.003886729594669628,0.00277623542476402,0.20932815102720712,0.059966685174902834,0.000555247084952804,False,True,False,True,False,False,
720575940626241636,cell_class,gustatory,1801,400,0.25,0.01,0.05,0.00277623542476402,0.7207107162687396,0.003886729594669628,0.00277623542476402,0.20932815102720712,0.059966685174902834,0.000555247084952804,False,False,False,False,False,False,
720575940626241636,cell_class,gustatory,1801,400,0.25,0.01,0.1,0.00277623542476402,0.7207107162687396,0.003886729594669628,0.00277623542476402,0.20932815102720712,0.059966685174902834,0.000555247084952804,False,False,False,False,False,False,
720575940628832256,cell_class,gustatory,1904,400,0.25,0.14285714285714285,0.01,0.10609243697478991,0.17804621848739496,0.667016806722689,0.0005252100840336134,0.025210084033613446,0.022584033613445378,0.0005252100840336134,True,True,True,True,True,,
720575940628832256,cell_class,gustatory,1904,400,0.25,0.14285714285714285,0.05,0.10609243697478991,0.17804621848739496,0.667016806722689,0.0005252100840336134,0.025210084033613446,0.022584033613445378,0.0005252100840336134,True,True,True,False,False,,
720575940628832256,cell_class,gustatory,1904,400,0.25,0.14285714285714285,0.1,0.10609243697478991,0.17804621848739496,0.667016806722689,0.0005252100840336134,0.025210084033613446,0.022584033613445378,0.0005252100840336134,False,True,True,False,False,,
720575940628832256,cell_class,gustatory,1904,400,0.25,0.04,0.01,0.10609243697478991,0.17804621848739496,0.667016806722689,0.0005252100840336134,0.025210084033613446,0.022584033613445378,0.0005252100840336134,True,True,True,False,False,,
720575940628832256,cell_class,gustatory,1904,400,0.25,0.04,0.05,0.10609243697478991,0.17804621848739496,0.667016806722689,0.0005252100840336134,0.025210084033613446,0.022584033613445378,0.0005252100840336134,False,False,True,False,False,,
720575940628832256,cell_class,gustatory,1904,400,0.25,0.04,0.1,0.10609243697478991,0.17804621848739496,0.667016806722689,0.0005252100840336134,0.025210084033613446,0.022584033613445378,0.0005252100840336134,False,False,False,False,False,,
720575940628832256,cell_class,gustatory,1904,400,0.25,0.02,0.01,0.10609243697478991,0.17804621848739496,0.667016806722689,0.0005252100840336134,0.025210084033613446,0.022584033613445378,0.0005252100840336134,True,True,True,False,False,,
720575940628832256,cell_class,gustatory,1904,400,0.25,0.02,0.05,0.10609243697478991,0.17804621848739496,0.667016806722689,0.0005252100840336134,0.025210084033613446,0.022584033613445378,0.0005252100840336134,False,False,False,False,False,,
720575940628832256,cell_class,gustatory,1904,400,0.25,0.02,0.1,0.10609243697478991,0.17804621848739496,0.667016806722689,0.0005252100840336134,0.025210084033613446,0.022584033613445378,0.0005252100840336134,False,False,False,False,False,,
720575940628832256,cell_class,gustatory,1904,400,0.25,0.01,0.01,0.10609243697478991,0.17804621848739496,0.667016806722689,0.0005252100840336134,0.025210084033613446,0.022584033613445378,0.0005252100840336134,True,True,True,False,False,,
720575940628832256,cell_class,gustatory,1904,400,0.25,0.01,0.05,0.10609243697478991,0.17804621848739496,0.667016806722689,0.0005252100840336134,0.025210084033613446,0.022584033613445378,0.0005252100840336134,False,False,False,False,False,,
720575940628832256,cell_class,gustatory,1904,400,0.25,0.01,0.1,0.10609243697478991,0.17804621848739496,0.667016806722689,0.0005252100840336134,0.025210084033613446,0.022584033613445378,0.0005252100840336134,False,False,False,False,False,,
720575940625750105,cell_class,gustatory,2174,400,0.25,0.14285714285714285,0.01,0.003219871205151794,0.2608095676172953,0.1343146274149034,0.00045998160073597056,0.4733210671573137,0.12787488500459981,0.0,False,True,True,True,True,,
720575940625750105,cell_class,gustatory,2174,400,0.25,0.14285714285714285,0.05,0.003219871205151794,0.2608095676172953,0.1343146274149034,0.00045998160073597056,0.4733210671573137,0.12787488500459981,0.0,False,True,False,True,False,,
720575940625750105,cell_class,gustatory,2174,400,0.25,0.14285714285714285,0.1,0.003219871205151794,0.2608095676172953,0.1343146274149034,0.00045998160073597056,0.4733210671573137,0.12787488500459981,0.0,False,False,False,True,False,,
720575940625750105,cell_class,gustatory,2174,400,0.25,0.04,0.01,0.003219871205151794,0.2608095676172953,0.1343146274149034,0.00045998160073597056,0.4733210671573137,0.12787488500459981,0.0,False,True,True,True,True,,
720575940625750105,cell_class,gustatory,2174,400,0.25,0.04,0.05,0.003219871205151794,0.2608095676172953,0.1343146274149034,0.00045998160073597056,0.4733210671573137,0.12787488500459981,0.0,False,False,False,False,False,,
720575940625750105,cell_class,gustatory,2174,400,0.25,0.04,0.1,0.003219871205151794,0.2608095676172953,0.1343146274149034,0.00045998160073597056,0.4733210671573137,0.12787488500459981,0.0,False,False,False,False,False,,
720575940625750105,cell_class,gustatory,2174,400,0.25,0.02,0.01,0.003219871205151794,0.2608095676172953,0.1343146274149034,0.00045998160073597056,0.4733210671573137,0.12787488500459981,0.0,False,True,True,True,True,,
720575940625750105,cell_class,gustatory,2174,400,0.25,0.02,0.05,0.003219871205151794,0.2608095676172953,0.1343146274149034,0.00045998160073597056,0.4733210671573137,0.12787488500459981,0.0,False,False,False,False,False,,
720575940625750105,cell_class,gustatory,2174,400,0.25,0.02,0.1,0.003219871205151794,0.2608095676172953,0.1343146274149034,0.00045998160073597056,0.4733210671573137,0.12787488500459981,0.0,False,False,False,False,False,,
720575940625750105,cell_class,gustatory,2174,400,0.25,0.01,0.01,0.003219871205151794,0.2608095676172953,0.1343146274149034,0.00045998160073597056,0.4733210671573137,0.12787488500459981,0.0,False,True,True,True,True,,
720575940625750105,cell_class,gustatory,2174,400,0.25,0.01,0.05,0.003219871205151794,0.2608095676172953,0.1343146274149034,0.00045998160073597056,0.4733210671573137,0.12787488500459981,0.0,False,False,False,False,False,,
720575940625750105,cell_class,gustatory,2174,400,0.25,0.01,0.1,0.003219871205151794,0.2608095676172953,0.1343146274149034,0.00045998160073597056,0.4733210671573137,0.12787488500459981,0.0,False,False,False,False,False,,
720575940628853239,cell_class,gustatory,1902,400,0.25,0.14285714285714285,0.01,0.025236593059936908,0.7860147213459516,0.03943217665615142,0.005257623554153523,0.0473186119873817,0.09674027339642481,0.0,False,True,True,True,True,False,
720575940628853239,cell_class,gustatory,1902,400,0.25,0.14285714285714285,0.05,0.025236593059936908,0.7860147213459516,0.03943217665615142,0.005257623554153523,0.0473186119873817,0.09674027339642481,0.0,False,True,False,False,True,False,
720575940628853239,cell_class,gustatory,1902,400,0.25,0.14285714285714285,0.1,0.025236593059936908,0.7860147213459516,0.03943217665615142,0.005257623554153523,0.0473186119873817,0.09674027339642481,0.0,False,True,False,False,False,False,
720575940628853239,cell_class,gustatory,1902,400,0.25,0.04,0.01,0.025236593059936908,0.7860147213459516,0.03943217665615142,0.005257623554153523,0.0473186119873817,0.09674027339642481,0.0,False,True,False,False,True,False,
720575940628853239,cell_class,gustatory,1902,400,0.25,0.04,0.05,0.025236593059936908,0.7860147213459516,0.03943217665615142,0.005257623554153523,0.0473186119873817,0.09674027339642481,0.0,False,True,False,False,False,False,
720575940628853239,cell_class,gustatory,1902,400,0.25,0.04,0.1,0.025236593059936908,0.7860147213459516,0.03943217665615142,0.005257623554153523,0.0473186119873817,0.09674027339642481,0.0,False,True,False,False,False,False,
720575940628853239,cell_class,gustatory,1902,400,0.25,0.02,0.01,0.025236593059936908,0.7860147213459516,0.03943217665615142,0.005257623554153523,0.0473186119873817,0.09674027339642481,0.0,False,True,False,False,True,False,
720575940628853239,cell_class,gustatory,1902,400,0.25,0.02,0.05,0.025236593059936908,0.7860147213459516,0.03943217665615142,0.005257623554153523,0.0473186119873817,0.09674027339642481,0.0,False,True,False,False,False,False,
720575940628853239,cell_class,gustatory,1902,400,0.25,0.02,0.1,0.025236593059936908,0.7860147213459516,0.03943217665615142,0.005257623554153523,0.0473186119873817,0.09674027339642481,0.0,False,True,False,False,False,False,
720575940628853239,cell_class,gustatory,1902,400,0.25,0.01,0.01,0.025236593059936908,0.7860147213459516,0.03943217665615142,0.005257623554153523,0.0473186119873817,0.09674027339642481,0.0,False,True,False,False,False,False,
720575940628853239,cell_class,gustatory,1902,400,0.25,0.01,0.05,0.025236593059936908,0.7860147213459516,0.03943217665615142,0.005257623554153523,0.0473186119873817,0.09674027339642481,0.0,False,True,False,False,False,False,
720575940628853239,cell_class,gustatory,1902,400,0.25,0.01,0.1,0.025236593059936908,0.7860147213459516,0.03943217665615142,0.005257623554153523,0.0473186119873817,0.09674027339642481,0.0,False,False,False,False,False,False,
720575940603266592,cell_class,gustatory,2172,400,0.25,0.14285714285714285,0.01,0.005985267034990792,0.2716390423572744,0.1850828729281768,0.001841620626151013,0.4083793738489871,0.1270718232044199,0.0,False,True,True,True,True,False,
720575940603266592,cell_class,gustatory,2172,400,0.25,0.14285714285714285,0.05,0.005985267034990792,0.2716390423572744,0.1850828729281768,0.001841620626151013,0.4083793738489871,0.1270718232044199,0.0,False,True,False,True,True,False,
720575940603266592,cell_class,gustatory,2172,400,0.25,0.14285714285714285,0.1,0.005985267034990792,0.2716390423572744,0.1850828729281768,0.001841620626151013,0.4083793738489871,0.1270718232044199,0.0,False,True,False,True,False,False,
720575940603266592,cell_class,gustatory,2172,400,0.25,0.04,0.01,0.005985267034990792,0.2716390423572744,0.1850828729281768,0.001841620626151013,0.4083793738489871,0.1270718232044199,0.0,False,True,True,True,True,False,
720575940603266592,cell_class,gustatory,2172,400,0.25,0.04,0.05,0.005985267034990792,0.2716390423572744,0.1850828729281768,0.001841620626151013,0.4083793738489871,0.1270718232044199,0.0,False,False,False,False,False,False,
720575940603266592,cell_class,gustatory,2172,400,0.25,0.04,0.1,0.005985267034990792,0.2716390423572744,0.1850828729281768,0.001841620626151013,0.4083793738489871,0.1270718232044199,0.0,False,False,False,False,False,False,
720575940603266592,cell_class,gustatory,2172,400,0.25,0.02,0.01,0.005985267034990792,0.2716390423572744,0.1850828729281768,0.001841620626151013,0.4083793738489871,0.1270718232044199,0.0,False,True,True,True,True,False,
720575940603266592,cell_class,gustatory,2172,400,0.25,0.02,0.05,0.005985267034990792,0.2716390423572744,0.1850828729281768,0.001841620626151013,0.4083793738489871,0.1270718232044199,0.0,False,False,False,False,False,False,
720575940603266592,cell_class,gustatory,2172,400,0.25,0.02,0.1,0.005985267034990792,0.2716390423572744,0.1850828729281768,0.001841620626151013,0.4083793738489871,0.1270718232044199,0.0,False,False,False,False,False,False,
720575940603266592,cell_class,gustatory,2172,400,0.25,0.01,0.01,0.005985267034990792,0.2716390423572744,0.1850828729281768,0.001841620626151013,0.4083793738489871,0.1270718232044199,0.0,False,True,True,True,True,False,
720575940603266592,cell_class,gustatory,2172,400,0.25,0.01,0.05,0.005985267034990792,0.2716390423572744,0.1850828729281768,0.001841620626151013,0.4083793738489871,0.1270718232044199,0.0,False,False,False,False,False,False,
720575940603266592,cell_class,gustatory,2172,400,0.25,0.01,0.1,0.005985267034990792,0.2716390423572744,0.1850828729281768,0.001841620626151013,0.4083793738489871,0.1270718232044199,0.0,False,False,False,False,False,False,
720575940617398502,cell_class,gustatory,1753,400,0.25,0.14285714285714285,0.01,0.04278379920136908,0.6543069024529378,0.08841985168282944,0.002852253280091272,0.10439247005134056,0.10724472333143183,0.0,True,True,True,True,True,False,
720575940617398502,cell_class,gustatory,1753,400,0.25,0.14285714285714285,0.05,0.04278379920136908,0.6543069024529378,0.08841985168282944,0.002852253280091272,0.10439247005134056,0.10724472333143183,0.0,False,True,True,False,True,False,
720575940617398502,cell_class,gustatory,1753,400,0.25,0.14285714285714285,0.1,0.04278379920136908,0.6543069024529378,0.08841985168282944,0.002852253280091272,0.10439247005134056,0.10724472333143183,0.0,False,True,False,False,False,False,
720575940617398502,cell_class,gustatory,1753,400,0.25,0.04,0.01,0.04278379920136908,0.6543069024529378,0.08841985168282944,0.002852253280091272,0.10439247005134056,0.10724472333143183,0.0,True,True,True,True,True,False,
720575940617398502,cell_class,gustatory,1753,400,0.25,0.04,0.05,0.04278379920136908,0.6543069024529378,0.08841985168282944,0.002852253280091272,0.10439247005134056,0.10724472333143183,0.0,False,True,False,False,False,False,
720575940617398502,cell_class,gustatory,1753,400,0.25,0.04,0.1,0.04278379920136908,0.6543069024529378,0.08841985168282944,0.002852253280091272,0.10439247005134056,0.10724472333143183,0.0,False,False,False,False,False,False,
720575940617398502,cell_class,gustatory,1753,400,0.25,0.02,0.01,0.04278379920136908,0.6543069024529378,0.08841985168282944,0.002852253280091272,0.10439247005134056,0.10724472333143183,0.0,False,True,True,True,False,False,
720575940617398502,cell_class,gustatory,1753,400,0.25,0.02,0.05,0.04278379920136908,0.6543069024529378,0.08841985168282944,0.002852253280091272,0.10439247005134056,0.10724472333143183,0.0,False,False,False,False,False,False,
720575940617398502,cell_class,gustatory,1753,400,0.25,0.02,0.1,0.04278379920136908,0.6543069024529378,0.08841985168282944,0.002852253280091272,0.10439247005134056,0.10724472333143183,0.0,False,False,False,False,False,False,
720575940617398502,cell_class,gustatory,1753,400,0.25,0.01,0.01,0.04278379920136908,0.6543069024529378,0.08841985168282944,0.002852253280091272,0.10439247005134056,0.10724472333143183,0.0,False,True,False,False,False,False,
720575940617398502,cell_class,gustatory,1753,400,0.25,0.01,0.05,0.04278379920136908,0.6543069024529378,0.08841985168282944,0.002852253280091272,0.10439247005134056,0.10724472333143183,0.0,False,False,False,False,False,False,
720575940617398502,cell_class,gustatory,1753,400,0.25,0.01,0.1,0.04278379920136908,0.6543069024529378,0.08841985168282944,0.002852253280091272,0.10439247005134056,0.10724472333143183,0.0,False,False,False,False,False,False,
720575940624604560,cell_class,gustatory,1519,400,0.25,0.14285714285714285,0.01,0.019749835418038184,0.6695194206714944,0.013824884792626729,0.0032916392363396972,0.17709019091507572,0.11652402896642527,0.0,True,True,False,True,True,False,
720575940624604560,cell_class,gustatory,1519,400,0.25,0.14285714285714285,0.05,0.019749835418038184,0.6695194206714944,0.013824884792626729,0.0032916392363396972,0.17709019091507572,0.11652402896642527,0.0,False,True,False,True,True,False,
720575940624604560,cell_class,gustatory,1519,400,0.25,0.14285714285714285,0.1,0.019749835418038184,0.6695194206714944,0.013824884792626729,0.0032916392363396972,0.17709019091507572,0.11652402896642527,0.0,False,True,False,False,False,False,
720575940624604560,cell_class,gustatory,1519,400,0.25,0.04,0.01,0.019749835418038184,0.6695194206714944,0.013824884792626729,0.0032916392363396972,0.17709019091507572,0.11652402896642527,0.0,False,True,False,True,True,False,
720575940624604560,cell_class,gustatory,1519,400,0.25,0.04,0.05,0.019749835418038184,0.6695194206714944,0.013824884792626729,0.0032916392363396972,0.17709019091507572,0.11652402896642527,0.0,False,True,False,False,False,False,
720575940624604560,cell_class,gustatory,1519,400,0.25,0.04,0.1,0.019749835418038184,0.6695194206714944,0.013824884792626729,0.0032916392363396972,0.17709019091507572,0.11652402896642527,0.0,False,True,False,False,False,False,
720575940624604560,cell_class,gustatory,1519,400,0.25,0.02,0.01,0.019749835418038184,0.6695194206714944,0.013824884792626729,0.0032916392363396972,0.17709019091507572,0.11652402896642527,0.0,False,True,False,True,True,False,
720575940624604560,cell_class,gustatory,1519,400,0.25,0.02,0.05,0.019749835418038184,0.6695194206714944,0.013824884792626729,0.0032916392363396972,0.17709019091507572,0.11652402896642527,0.0,False,True,False,False,False,False,
720575940624604560,cell_class,gustatory,1519,400,0.25,0.02,0.1,0.019749835418038184,0.6695194206714944,0.013824884792626729,0.0032916392363396972,0.17709019091507572,0.11652402896642527,0.0,False,False,False,False,False,False,
720575940624604560,cell_class,gustatory,1519,400,0.25,0.01,0.01,0.019749835418038184,0.6695194206714944,0.013824884792626729,0.0032916392363396972,0.17709019091507572,0.11652402896642527,0.0,False,True,False,True,True,False,
720575940624604560,cell_class,gustatory,1519,400,0.25,0.01,0.05,0.019749835418038184,0.6695194206714944,0.013824884792626729,0.0032916392363396972,0.17709019091507572,0.11652402896642527,0.0,False,False,False,False,False,False,
720575940624604560,cell_class,gustatory,1519,400,0.25,0.01,0.1,0.019749835418038184,0.6695194206714944,0.013824884792626729,0.0032916392363396972,0.17709019091507572,0.11652402896642527,0.0,False,False,False,False,False,False,
720575940631331855,cell_class,gustatory,1801,400,0.25,0.14285714285714285,0.01,0.03331482509716824,0.19100499722376457,0.7012770682953915,0.002220988339811216,0.03775680177679067,0.03387007218212104,0.000555247084952804,True,True,True,True,True,False,
720575940631331855,cell_class,gustatory,1801,400,0.25,0.14285714285714285,0.05,0.03331482509716824,0.19100499722376457,0.7012770682953915,0.002220988339811216,0.03775680177679067,0.03387007218212104,0.000555247084952804,False,True,True,False,False,False,
720575940631331855,cell_class,gustatory,1801,400,0.25,0.14285714285714285,0.1,0.03331482509716824,0.19100499722376457,0.7012770682953915,0.002220988339811216,0.03775680177679067,0.03387007218212104,0.000555247084952804,False,True,True,False,False,False,
720575940631331855,cell_class,gustatory,1801,400,0.25,0.04,0.01,0.03331482509716824,0.19100499722376457,0.7012770682953915,0.002220988339811216,0.03775680177679067,0.03387007218212104,0.000555247084952804,False,True,True,False,False,False,
720575940631331855,cell_class,gustatory,1801,400,0.25,0.04,0.05,0.03331482509716824,0.19100499722376457,0.7012770682953915,0.002220988339811216,0.03775680177679067,0.03387007218212104,0.000555247084952804,False,False,True,False,False,False,
720575940631331855,cell_class,gustatory,1801,400,0.25,0.04,0.1,0.03331482509716824,0.19100499722376457,0.7012770682953915,0.002220988339811216,0.03775680177679067,0.03387007218212104,0.000555247084952804,False,False,False,False,False,False,
720575940631331855,cell_class,gustatory,1801,400,0.25,0.02,0.01,0.03331482509716824,0.19100499722376457,0.7012770682953915,0.002220988339811216,0.03775680177679067,0.03387007218212104,0.000555247084952804,False,True,True,False,False,False,
720575940631331855,cell_class,gustatory,1801,400,0.25,0.02,0.05,0.03331482509716824,0.19100499722376457,0.7012770682953915,0.002220988339811216,0.03775680177679067,0.03387007218212104,0.000555247084952804,False,False,False,False,False,False,
720575940631331855,cell_class,gustatory,1801,400,0.25,0.02,0.1,0.03331482509716824,0.19100499722376457,0.7012770682953915,0.002220988339811216,0.03775680177679067,0.03387007218212104,0.000555247084952804,False,False,False,False,False,False,
720575940631331855,cell_class,gustatory,1801,400,0.25,0.01,0.01,0.03331482509716824,0.19100499722376457,0.7012770682953915,0.002220988339811216,0.03775680177679067,0.03387007218212104,0.000555247084952804,False,True,True,False,False,False,
720575940631331855,cell_class,gustatory,1801,400,0.25,0.01,0.05,0.03331482509716824,0.19100499722376457,0.7012770682953915,0.002220988339811216,0.03775680177679067,0.03387007218212104,0.000555247084952804,False,False,False,False,False,False,
720575940631331855,cell_class,gustatory,1801,400,0.25,0.01,0.1,0.03331482509716824,0.19100499722376457,0.7012770682953915,0.002220988339811216,0.03775680177679067,0.03387007218212104,0.000555247084952804,False,False,False,False,False,False,
720575940616167218,cell_class,gustatory,989,400,0.25,0.14285714285714285,0.01,0.03943377148634985,0.27401415571284127,0.12841253791708795,0.022244691607684528,0.4661274014155713,0.06673407482305359,0.003033367037411527,True,True,True,True,True,True,False
720575940616167218,cell_class,gustatory,989,400,0.25,0.14285714285714285,0.05,0.03943377148634985,0.27401415571284127,0.12841253791708795,0.022244691607684528,0.4661274014155713,0.06673407482305359,0.003033367037411527,False,True,True,True,True,False,False
720575940616167218,cell_class,gustatory,989,400,0.25,0.14285714285714285,0.1,0.03943377148634985,0.27401415571284127,0.12841253791708795,0.022244691607684528,0.4661274014155713,0.06673407482305359,0.003033367037411527,False,True,False,True,False,False,False
720575940616167218,cell_class,gustatory,989,400,0.25,0.04,0.01,0.03943377148634985,0.27401415571284127,0.12841253791708795,0.022244691607684528,0.4661274014155713,0.06673407482305359,0.003033367037411527,True,True,True,True,True,False,False
720575940616167218,cell_class,gustatory,989,400,0.25,0.04,0.05,0.03943377148634985,0.27401415571284127,0.12841253791708795,0.022244691607684528,0.4661274014155713,0.06673407482305359,0.003033367037411527,False,False,False,True,False,False,False
720575940616167218,cell_class,gustatory,989,400,0.25,0.04,0.1,0.03943377148634985,0.27401415571284127,0.12841253791708795,0.022244691607684528,0.4661274014155713,0.06673407482305359,0.003033367037411527,False,False,False,False,False,False,False
720575940616167218,cell_class,gustatory,989,400,0.25,0.02,0.01,0.03943377148634985,0.27401415571284127,0.12841253791708795,0.022244691607684528,0.4661274014155713,0.06673407482305359,0.003033367037411527,True,True,True,True,True,False,False
720575940616167218,cell_class,gustatory,989,400,0.25,0.02,0.05,0.03943377148634985,0.27401415571284127,0.12841253791708795,0.022244691607684528,0.4661274014155713,0.06673407482305359,0.003033367037411527,False,False,False,False,False,False,False
720575940616167218,cell_class,gustatory,989,400,0.25,0.02,0.1,0.03943377148634985,0.27401415571284127,0.12841253791708795,0.022244691607684528,0.4661274014155713,0.06673407482305359,0.003033367037411527,False,False,False,False,False,False,False
720575940616167218,cell_class,gustatory,989,400,0.25,0.01,0.01,0.03943377148634985,0.27401415571284127,0.12841253791708795,0.022244691607684528,0.4661274014155713,0.06673407482305359,0.003033367037411527,True,True,True,True,True,False,False
720575940616167218,cell_class,gustatory,989,400,0.25,0.01,0.05,0.03943377148634985,0.27401415571284127,0.12841253791708795,0.022244691607684528,0.4661274014155713,0.06673407482305359,0.003033367037411527,False,False,False,False,False,False,False
720575940616167218,cell_class,gustatory,989,400,0.25,0.01,0.1,0.03943377148634985,0.27401415571284127,0.12841253791708795,0.022244691607684528,0.4661274014155713,0.06673407482305359,0.003033367037411527,False,False,False,False,False,False,False
720575940610259370,cell_class,gustatory,795,400,0.25,0.14285714285714285,0.01,0.01509433962264151,0.6289308176100629,0.005031446540880503,0.0025157232704402514,0.13333333333333333,0.21509433962264152,0.0,False,True,False,True,True,False,
720575940610259370,cell_class,gustatory,795,400,0.25,0.14285714285714285,0.05,0.01509433962264151,0.6289308176100629,0.005031446540880503,0.0025157232704402514,0.13333333333333333,0.21509433962264152,0.0,False,True,False,False,True,False,
720575940610259370,cell_class,gustatory,795,400,0.25,0.14285714285714285,0.1,0.01509433962264151,0.6289308176100629,0.005031446540880503,0.0025157232704402514,0.13333333333333333,0.21509433962264152,0.0,False,True,False,False,False,False,
720575940610259370,cell_class,gustatory,795,400,0.25,0.04,0.01,0.01509433962264151,0.6289308176100629,0.005031446540880503,0.0025157232704402514,0.13333333333333333,0.21509433962264152,0.0,False,True,False,True,True,False,
720575940610259370,cell_class,gustatory,795,400,0.25,0.04,0.05,0.01509433962264151,0.6289308176100629,0.005031446540880503,0.0025157232704402514,0.13333333333333333,0.21509433962264152,0.0,False,True,False,False,False,False,
720575940610259370,cell_class,gustatory,795,400,0.25,0.04,0.1,0.01509433962264151,0.6289308176100629,0.005031446540880503,0.0025157232704402514,0.13333333333333333,0.21509433962264152,0.0,False,False,False,False,False,False,
720575940610259370,cell_class,gustatory,795,400,0.25,0.02,0.01,0.01509433962264151,0.6289308176100629,0.005031446540880503,0.0025157232704402514,0.13333333333333333,0.21509433962264152,0.0,False,True,False,True,True,False,
720575940610259370,cell_class,gustatory,795,400,0.25,0.02,0.05,0.01509433962264151,0.6289308176100629,0.005031446540880503,0.0025157232704402514,0.13333333333333333,0.21509433962264152,0.0,False,True,False,False,False,False,
720575940610259370,cell_class,gustatory,795,400,0.25,0.02,0.1,0.01509433962264151,0.6289308176100629,0.005031446540880503,0.0025157232704402514,0.13333333333333333,0.21509433962264152,0.0,False,False,False,False,False,False,
720575940610259370,cell_class,gustatory,795,400,0.25,0.01,0.01,0.01509433962264151,0.6289308176100629,0.005031446540880503,0.0025157232704402514,0.13333333333333333,0.21509433962264152,0.0,False,True,False,True,True,False,
720575940610259370,cell_class,gustatory,795,400,0.25,0.01,0.05,0.01509433962264151,0.6289308176100629,0.005031446540880503,0.0025157232704402514,0.13333333333333333,0.21509433962264152,0.0,False,False,False,False,False,False,
720575940610259370,cell_class,gustatory,795,400,0.25,0.01,0.1,0.01509433962264151,0.6289308176100629,0.005031446540880503,0.0025157232704402514,0.13333333333333333,0.21509433962264152,0.0,False,False,False,False,False,False,
720575940638202345,cell_class,gustatory,1658,400,0.25,0.14285714285714285,0.01,0.039806996381182146,0.6031363088057901,0.06272617611580217,0.0066344993968636915,0.07418576598311219,0.2135102533172497,0.0,True,True,True,True,True,False,
720575940638202345,cell_class,gustatory,1658,400,0.25,0.14285714285714285,0.05,0.039806996381182146,0.6031363088057901,0.06272617611580217,0.0066344993968636915,0.07418576598311219,0.2135102533172497,0.0,False,True,False,True,True,False,
720575940638202345,cell_class,gustatory,1658,400,0.25,0.14285714285714285,0.1,0.039806996381182146,0.6031363088057901,0.06272617611580217,0.0066344993968636915,0.07418576598311219,0.2135102533172497,0.0,False,True,False,False,True,False,
720575940638202345,cell_class,gustatory,1658,400,0.25,0.04,0.01,0.039806996381182146,0.6031363088057901,0.06272617611580217,0.0066344993968636915,0.07418576598311219,0.2135102533172497,0.0,False,True,True,True,True,False,
720575940638202345,cell_class,gustatory,1658,400,0.25,0.04,0.05,0.039806996381182146,0.6031363088057901,0.06272617611580217,0.0066344993968636915,0.07418576598311219,0.2135102533172497,0.0,False,True,False,False,False,False,
720575940638202345,cell_class,gustatory,1658,400,0.25,0.04,0.1,0.039806996381182146,0.6031363088057901,0.06272617611580217,0.0066344993968636915,0.07418576598311219,0.2135102533172497,0.0,False,False,False,False,False,False,
720575940638202345,cell_class,gustatory,1658,400,0.25,0.02,0.01,0.039806996381182146,0.6031363088057901,0.06272617611580217,0.0066344993968636915,0.07418576598311219,0.2135102533172497,0.0,False,True,True,False,True,False,
720575940638202345,cell_class,gustatory,1658,400,0.25,0.02,0.05,0.039806996381182146,0.6031363088057901,0.06272617611580217,0.0066344993968636915,0.07418576598311219,0.2135102533172497,0.0,False,True,False,False,False,False,
720575940638202345,cell_class,gustatory,1658,400,0.25,0.02,0.1,0.039806996381182146,0.6031363088057901,0.06272617611580217,0.0066344993968636915,0.07418576598311219,0.2135102533172497,0.0,False,False,False,False,False,False,
720575940638202345,cell_class,gustatory,1658,400,0.25,0.01,0.01,0.039806996381182146,0.6031363088057901,0.06272617611580217,0.0066344993968636915,0.07418576598311219,0.2135102533172497,0.0,False,True,True,False,True,False,
720575940638202345,cell_class,gustatory,1658,400,0.25,0.01,0.05,0.039806996381182146,0.6031363088057901,0.06272617611580217,0.0066344993968636915,0.07418576598311219,0.2135102533172497,0.0,False,False,False,False,False,False,
720575940638202345,cell_class,gustatory,1658,400,0.25,0.01,0.1,0.039806996381182146,0.6031363088057901,0.06272617611580217,0.0066344993968636915,0.07418576598311219,0.2135102533172497,0.0,False,False,False,False,False,False,
720575940635391845,cell_class,gustatory,2052,400,0.25,0.14285714285714285,0.01,0.018031189083820662,0.8552631578947368,0.001949317738791423,0.0004873294346978557,0.07748538011695906,0.046296296296296294,0.0004873294346978557,False,True,False,True,True,,
720575940635391845,cell_class,gustatory,2052,400,0.25,0.14285714285714285,0.05,0.018031189083820662,0.8552631578947368,0.001949317738791423,0.0004873294346978557,0.07748538011695906,0.046296296296296294,0.0004873294346978557,False,True,False,False,False,,
720575940635391845,cell_class,gustatory,2052,400,0.25,0.14285714285714285,0.1,0.018031189083820662,0.8552631578947368,0.001949317738791423,0.0004873294346978557,0.07748538011695906,0.046296296296296294,0.0004873294346978557,False,True,False,False,False,,
720575940635391845,cell_class,gustatory,2052,400,0.25,0.04,0.01,0.018031189083820662,0.8552631578947368,0.001949317738791423,0.0004873294346978557,0.07748538011695906,0.046296296296296294,0.0004873294346978557,False,True,False,True,False,,
720575940635391845,cell_class,gustatory,2052,400,0.25,0.04,0.05,0.018031189083820662,0.8552631578947368,0.001949317738791423,0.0004873294346978557,0.07748538011695906,0.046296296296296294,0.0004873294346978557,False,True,False,False,False,,
720575940635391845,cell_class,gustatory,2052,400,0.25,0.04,0.1,0.018031189083820662,0.8552631578947368,0.001949317738791423,0.0004873294346978557,0.07748538011695906,0.046296296296296294,0.0004873294346978557,False,False,False,False,False,,
720575940635391845,cell_class,gustatory,2052,400,0.25,0.02,0.01,0.018031189083820662,0.8552631578947368,0.001949317738791423,0.0004873294346978557,0.07748538011695906,0.046296296296296294,0.0004873294346978557,False,True,False,True,False,,
720575940635391845,cell_class,gustatory,2052,400,0.25,0.02,0.05,0.018031189083820662,0.8552631578947368,0.001949317738791423,0.0004873294346978557,0.07748538011695906,0.046296296296296294,0.0004873294346978557,False,False,False,False,False,,
720575940635391845,cell_class,gustatory,2052,400,0.25,0.02,0.1,0.018031189083820662,0.8552631578947368,0.001949317738791423,0.0004873294346978557,0.07748538011695906,0.046296296296296294,0.0004873294346978557,False,False,False,False,False,,
720575940635391845,cell_class,gustatory,2052,400,0.25,0.01,0.01,0.018031189083820662,0.8552631578947368,0.001949317738791423,0.0004873294346978557,0.07748538011695906,0.046296296296296294,0.0004873294346978557,False,True,False,False,False,,
720575940635391845,cell_class,gustatory,2052,400,0.25,0.01,0.05,0.018031189083820662,0.8552631578947368,0.001949317738791423,0.0004873294346978557,0.07748538011695906,0.046296296296296294,0.0004873294346978557,False,False,False,False,False,,
720575940635391845,cell_class,gustatory,2052,400,0.25,0.01,0.1,0.018031189083820662,0.8552631578947368,0.001949317738791423,0.0004873294346978557,0.07748538011695906,0.046296296296296294,0.0004873294346978557,False,False,False,False,False,,
720575940629146711,cell_class,gustatory,1501,400,0.25,0.14285714285714285,0.01,0.0033311125916055963,0.35842771485676217,0.13524317121918722,0.0006662225183211193,0.29513657561625584,0.20719520319786808,0.0,False,True,True,True,True,,
720575940629146711,cell_class,gustatory,1501,400,0.25,0.14285714285714285,0.05,0.0033311125916055963,0.35842771485676217,0.13524317121918722,0.0006662225183211193,0.29513657561625584,0.20719520319786808,0.0,False,True,False,True,True,,
720575940629146711,cell_class,gustatory,1501,400,0.25,0.14285714285714285,0.1,0.0033311125916055963,0.35842771485676217,0.13524317121918722,0.0006662225183211193,0.29513657561625584,0.20719520319786808,0.0,False,False,False,False,False,,
720575940629146711,cell_class,gustatory,1501,400,0.25,0.04,0.01,0.0033311125916055963,0.35842771485676217,0.13524317121918722,0.0006662225183211193,0.29513657561625584,0.20719520319786808,0.0,False,True,True,True,True,,
720575940629146711,cell_class,gustatory,1501,400,0.25,0.04,0.05,0.0033311125916055963,0.35842771485676217,0.13524317121918722,0.0006662225183211193,0.29513657561625584,0.20719520319786808,0.0,False,True,False,False,False,,
720575940629146711,cell_class,gustatory,1501,400,0.25,0.04,0.1,0.0033311125916055963,0.35842771485676217,0.13524317121918722,0.0006662225183211193,0.29513657561625584,0.20719520319786808,0.0,False,False,False,False,False,,
720575940629146711,cell_class,gustatory,1501,400,0.25,0.02,0.01,0.0033311125916055963,0.35842771485676217,0.13524317121918722,0.0006662225183211193,0.29513657561625584,0.20719520319786808,0.0,False,True,True,True,True,,
720575940629146711,cell_class,gustatory,1501,400,0.25,0.02,0.05,0.0033311125916055963,0.35842771485676217,0.13524317121918722,0.0006662225183211193,0.29513657561625584,0.20719520319786808,0.0,False,False,False,False,False,,
720575940629146711,cell_class,gustatory,1501,400,0.25,0.02,0.1,0.0033311125916055963,0.35842771485676217,0.13524317121918722,0.0006662225183211193,0.29513657561625584,0.20719520319786808,0.0,False,False,False,False,False,,
720575940629146711,cell_class,gustatory,1501,400,0.25,0.01,0.01,0.0033311125916055963,0.35842771485676217,0.13524317121918722,0.0006662225183211193,0.29513657561625584,0.20719520319786808,0.0,False,True,True,True,True,,
720575940629146711,cell_class,gustatory,1501,400,0.25,0.01,0.05,0.0033311125916055963,0.35842771485676217,0.13524317121918722,0.0006662225183211193,0.29513657561625584,0.20719520319786808,0.0,False,False,False,False,False,,
720575940629146711,cell_class,gustatory,1501,400,0.25,0.01,0.1,0.0033311125916055963,0.35842771485676217,0.13524317121918722,0.0006662225183211193,0.29513657561625584,0.20719520319786808,0.0,False,False,False,False,False,,
720575940639259967,cell_class,gustatory,2125,400,0.25,0.14285714285714285,0.01,0.016941176470588234,0.756235294117647,0.07529411764705882,0.006588235294117647,0.0691764705882353,0.07529411764705882,0.00047058823529411766,True,True,True,True,True,False,
720575940639259967,cell_class,gustatory,2125,400,0.25,0.14285714285714285,0.05,0.016941176470588234,0.756235294117647,0.07529411764705882,0.006588235294117647,0.0691764705882353,0.07529411764705882,0.00047058823529411766,False,True,False,False,False,False,
720575940639259967,cell_class,gustatory,2125,400,0.25,0.14285714285714285,0.1,0.016941176470588234,0.756235294117647,0.07529411764705882,0.006588235294117647,0.0691764705882353,0.07529411764705882,0.00047058823529411766,False,True,False,False,False,False,
720575940639259967,cell_class,gustatory,2125,400,0.25,0.04,0.01,0.016941176470588234,0.756235294117647,0.07529411764705882,0.006588235294117647,0.0691764705882353,0.07529411764705882,0.00047058823529411766,False,True,True,True,False,False,
720575940639259967,cell_class,gustatory,2125,400,0.25,0.04,0.05,0.016941176470588234,0.756235294117647,0.07529411764705882,0.006588235294117647,0.0691764705882353,0.07529411764705882,0.00047058823529411766,False,True,False,False,False,False,
720575940639259967,cell_class,gustatory,2125,400,0.25,0.04,0.1,0.016941176470588234,0.756235294117647,0.07529411764705882,0.006588235294117647,0.0691764705882353,0.07529411764705882,0.00047058823529411766,False,False,False,False,False,False,
720575940639259967,cell_class,gustatory,2125,400,0.25,0.02,0.01,0.016941176470588234,0.756235294117647,0.07529411764705882,0.006588235294117647,0.0691764705882353,0.07529411764705882,0.00047058823529411766,False,True,True,False,False,False,
720575940639259967,cell_class,gustatory,2125,400,0.25,0.02,0.05,0.016941176470588234,0.756235294117647,0.07529411764705882,0.006588235294117647,0.0691764705882353,0.07529411764705882,0.00047058823529411766,False,True,False,False,False,False,
720575940639259967,cell_class,gustatory,2125,400,0.25,0.02,0.1,0.016941176470588234,0.756235294117647,0.07529411764705882,0.006588235294117647,0.0691764705882353,0.07529411764705882,0.00047058823529411766,False,False,False,False,False,False,
720575940639259967,cell_class,gustatory,2125,400,0.25,0.01,0.01,0.016941176470588234,0.756235294117647,0.07529411764705882,0.006588235294117647,0.0691764705882353,0.07529411764705882,0.00047058823529411766,False,True,True,False,False,False,
720575940639259967,cell_class,gustatory,2125,400,0.25,0.01,0.05,0.016941176470588234,0.756235294117647,0.07529411764705882,0.006588235294117647,0.0691764705882353,0.07529411764705882,0.00047058823529411766,False,False,False,False,False,False,
720575940639259967,cell_class,gustatory,2125,400,0.25,0.01,0.1,0.016941176470588234,0.756235294117647,0.07529411764705882,0.006588235294117647,0.0691764705882353,0.07529411764705882,0.00047058823529411766,False,False,False,False,False,False,
720575940628962407,cell_class,gustatory,587,400,0.25,0.14285714285714285,0.01,0.013628620102214651,0.2657580919931857,0.008517887563884156,0.005110732538330494,0.5894378194207837,0.11754684838160136,0.0,True,True,False,True,True,False,
720575940628962407,cell_class,gustatory,587,400,0.25,0.14285714285714285,0.05,0.013628620102214651,0.2657580919931857,0.008517887563884156,0.005110732538330494,0.5894378194207837,0.11754684838160136,0.0,False,True,False,True,True,False,
720575940628962407,cell_class,gustatory,587,400,0.25,0.14285714285714285,0.1,0.013628620102214651,0.2657580919931857,0.008517887563884156,0.005110732538330494,0.5894378194207837,0.11754684838160136,0.0,False,False,False,True,False,False,
720575940628962407,cell_class,gustatory,587,400,0.25,0.04,0.01,0.013628620102214651,0.2657580919931857,0.008517887563884156,0.005110732538330494,0.5894378194207837,0.11754684838160136,0.0,False,True,False,True,True,False,
720575940628962407,cell_class,gustatory,587,400,0.25,0.04,0.05,0.013628620102214651,0.2657580919931857,0.008517887563884156,0.005110732538330494,0.5894378194207837,0.11754684838160136,0.0,False,False,False,True,False,False,
720575940628962407,cell_class,gustatory,587,400,0.25,0.04,0.1,0.013628620102214651,0.2657580919931857,0.008517887563884156,0.005110732538330494,0.5894378194207837,0.11754684838160136,0.0,False,False,False,False,False,False,
720575940628962407,cell_class,gustatory,587,400,0.25,0.02,0.01,0.013628620102214651,0.2657580919931857,0.008517887563884156,0.005110732538330494,0.5894378194207837,0.11754684838160136,0.0,False,True,False,True,True,False,
720575940628962407,cell_class,gustatory,587,400,0.25,0.02,0.05,0.013628620102214651,0.2657580919931857,0.008517887563884156,0.005110732538330494,0.5894378194207837,0.11754684838160136,0.0,False,False,False,True,False,False,
720575940628962407,cell_class,gustatory,587,400,0.25,0.02,0.1,0.013628620102214651,0.2657580919931857,0.008517887563884156,0.005110732538330494,0.5894378194207837,0.11754684838160136,0.0,False,False,False,False,False,False,
720575940628962407,cell_class,gustatory,587,400,0.25,0.01,0.01,0.013628620102214651,0.2657580919931857,0.008517887563884156,0.005110732538330494,0.5894378194207837,0.11754684838160136,0.0,False,True,False,True,True,False,
720575940628962407,cell_class,gustatory,587,400,0.25,0.01,0.05,0.013628620102214651,0.2657580919931857,0.008517887563884156,0.005110732538330494,0.5894378194207837,0.11754684838160136,0.0,False,False,False,False,False,False,
720575940628962407,cell_class,gustatory,587,400,0.25,0.01,0.1,0.013628620102214651,0.2657580919931857,0.008517887563884156,0.005110732538330494,0.5894378194207837,0.11754684838160136,0.0,False,False,False,False,False,False,
720575940610788069,cell_class,gustatory,1302,400,0.25,0.14285714285714285,0.01,0.0576036866359447,0.4523809523809524,0.28955453149001537,0.0015360983102918587,0.11904761904761904,0.07987711213517665,0.0,True,True,True,True,True,False,
720575940610788069,cell_class,gustatory,1302,400,0.25,0.14285714285714285,0.05,0.0576036866359447,0.4523809523809524,0.28955453149001537,0.0015360983102918587,0.11904761904761904,0.07987711213517665,0.0,False,True,True,False,False,False,
720575940610788069,cell_class,gustatory,1302,400,0.25,0.14285714285714285,0.1,0.0576036866359447,0.4523809523809524,0.28955453149001537,0.0015360983102918587,0.11904761904761904,0.07987711213517665,0.0,False,True,False,False,False,False,
720575940610788069,cell_class,gustatory,1302,400,0.25,0.04,0.01,0.0576036866359447,0.4523809523809524,0.28955453149001537,0.0015360983102918587,0.11904761904761904,0.07987711213517665,0.0,True,True,True,True,True,False,
720575940610788069,cell_class,gustatory,1302,400,0.25,0.04,0.05,0.0576036866359447,0.4523809523809524,0.28955453149001537,0.0015360983102918587,0.11904761904761904,0.07987711213517665,0.0,False,True,False,False,False,False,
720575940610788069,cell_class,gustatory,1302,400,0.25,0.04,0.1,0.0576036866359447,0.4523809523809524,0.28955453149001537,0.0015360983102918587,0.11904761904761904,0.07987711213517665,0.0,False,False,False,False,False,False,
720575940610788069,cell_class,gustatory,1302,400,0.25,0.02,0.01,0.0576036866359447,0.4523809523809524,0.28955453149001537,0.0015360983102918587,0.11904761904761904,0.07987711213517665,0.0,True,True,True,True,False,False,
720575940610788069,cell_class,gustatory,1302,400,0.25,0.02,0.05,0.0576036866359447,0.4523809523809524,0.28955453149001537,0.0015360983102918587,0.11904761904761904,0.07987711213517665,0.0,False,False,False,False,False,False,
720575940610788069,cell_class,gustatory,1302,400,0.25,0.02,0.1,0.0576036866359447,0.4523809523809524,0.28955453149001537,0.0015360983102918587,0.11904761904761904,0.07987711213517665,0.0,False,False,False,False,False,False,
720575940610788069,cell_class,gustatory,1302,400,0.25,0.01,0.01,0.0576036866359447,0.4523809523809524,0.28955453149001537,0.0015360983102918587,0.11904761904761904,0.07987711213517665,0.0,True,True,True,True,False,False,
720575940610788069,cell_class,gustatory,1302,400,0.25,0.01,0.05,0.0576036866359447,0.4523809523809524,0.28955453149001537,0.0015360983102918587,0.11904761904761904,0.07987711213517665,0.0,False,False,False,False,False,False,
720575940610788069,cell_class,gustatory,1302,400,0.25,0.01,0.1,0.0576036866359447,0.4523809523809524,0.28955453149001537,0.0015360983102918587,0.11904761904761904,0.07987711213517665,0.0,False,False,False,False,False,False,
720575940608305161,cell_class,gustatory,1282,400,0.25,0.14285714285714285,0.01,0.02262090483619345,0.4914196567862715,0.0374414976599064,0.035101404056162244,0.37285491419656785,0.039781591263650544,0.00078003120124805,False,True,True,True,True,True,
720575940608305161,cell_class,gustatory,1282,400,0.25,0.14285714285714285,0.05,0.02262090483619345,0.4914196567862715,0.0374414976599064,0.035101404056162244,0.37285491419656785,0.039781591263650544,0.00078003120124805,False,True,False,True,False,False,
720575940608305161,cell_class,gustatory,1282,400,0.25,0.14285714285714285,0.1,0.02262090483619345,0.4914196567862715,0.0374414976599064,0.035101404056162244,0.37285491419656785,0.039781591263650544,0.00078003120124805,False,True,False,False,False,False,
720575940608305161,cell_class,gustatory,1282,400,0.25,0.04,0.01,0.02262090483619345,0.4914196567862715,0.0374414976599064,0.035101404056162244,0.37285491419656785,0.039781591263650544,0.00078003120124805,False,True,False,True,False,False,
720575940608305161,cell_class,gustatory,1282,400,0.25,0.04,0.05,0.02262090483619345,0.4914196567862715,0.0374414976599064,0.035101404056162244,0.37285491419656785,0.039781591263650544,0.00078003120124805,False,True,False,True,False,False,
720575940608305161,cell_class,gustatory,1282,400,0.25,0.04,0.1,0.02262090483619345,0.4914196567862715,0.0374414976599064,0.035101404056162244,0.37285491419656785,0.039781591263650544,0.00078003120124805,False,False,False,False,False,False,
720575940608305161,cell_class,gustatory,1282,400,0.25,0.02,0.01,0.02262090483619345,0.4914196567862715,0.0374414976599064,0.035101404056162244,0.37285491419656785,0.039781591263650544,0.00078003120124805,False,True,False,True,False,False,
720575940608305161,cell_class,gustatory,1282,400,0.25,0.02,0.05,0.02262090483619345,0.4914196567862715,0.0374414976599064,0.035101404056162244,0.37285491419656785,0.039781591263650544,0.00078003120124805,False,False,False,False,False,False,
720575940608305161,cell_class,gustatory,1282,400,0.25,0.02,0.1,0.02262090483619345,0.4914196567862715,0.0374414976599064,0.035101404056162244,0.37285491419656785,0.039781591263650544,0.00078003120124805,False,False,False,False,False,False,
720575940608305161,cell_class,gustatory,1282,400,0.25,0.01,0.01,0.02262090483619345,0.4914196567862715,0.0374414976599064,0.035101404056162244,0.37285491419656785,0.039781591263650544,0.00078003120124805,False,True,False,True,False,False,
720575940608305161,cell_class,gustatory,1282,400,0.25,0.01,0.05,0.02262090483619345,0.4914196567862715,0.0374414976599064,0.035101404056162244,0.37285491419656785,0.039781591263650544,0.00078003120124805,False,False,False,False,False,False,
720575940608305161,cell_class,gustatory,1282,400,0.25,0.01,0.1,0.02262090483619345,0.4914196567862715,0.0374414976599064,0.035101404056162244,0.37285491419656785,0.039781591263650544,0.00078003120124805,False,False,False,False,False,False,
720575940617000768,cell_class,gustatory,1172,400,0.25,0.14285714285714285,0.01,0.028156996587030716,0.47440273037542663,0.11860068259385666,0.0008532423208191126,0.16552901023890784,0.21245733788395904,0.0,True,True,True,True,True,,
720575940617000768,cell_class,gustatory,1172,400,0.25,0.14285714285714285,0.05,0.028156996587030716,0.47440273037542663,0.11860068259385666,0.0008532423208191126,0.16552901023890784,0.21245733788395904,0.0,False,True,True,True,True,,
720575940617000768,cell_class,gustatory,1172,400,0.25,0.14285714285714285,0.1,0.028156996587030716,0.47440273037542663,0.11860068259385666,0.0008532423208191126,0.16552901023890784,0.21245733788395904,0.0,False,True,False,False,False,,
720575940617000768,cell_class,gustatory,1172,400,0.25,0.04,0.01,0.028156996587030716,0.47440273037542663,0.11860068259385666,0.0008532423208191126,0.16552901023890784,0.21245733788395904,0.0,False,True,True,True,True,,
720575940617000768,cell_class,gustatory,1172,400,0.25,0.04,0.05,0.028156996587030716,0.47440273037542663,0.11860068259385666,0.0008532423208191126,0.16552901023890784,0.21245733788395904,0.0,False,True,False,False,False,,
720575940617000768,cell_class,gustatory,1172,400,0.25,0.04,0.1,0.028156996587030716,0.47440273037542663,0.11860068259385666,0.0008532423208191126,0.16552901023890784,0.21245733788395904,0.0,False,False,False,False,False,,
720575940617000768,cell_class,gustatory,1172,400,0.25,0.02,0.01,0.028156996587030716,0.47440273037542663,0.11860068259385666,0.0008532423208191126,0.16552901023890784,0.21245733788395904,0.0,False,True,True,True,True,,
720575940617000768,cell_class,gustatory,1172,400,0.25,0.02,0.05,0.028156996587030716,0.47440273037542663,0.11860068259385666,0.0008532423208191126,0.16552901023890784,0.21245733788395904,0.0,False,False,False,False,False,,
720575940617000768,cell_class,gustatory,1172,400,0.25,0.02,0.1,0.028156996587030716,0.47440273037542663,0.11860068259385666,0.0008532423208191126,0.16552901023890784,0.21245733788395904,0.0,False,False,False,False,False,,
720575940617000768,cell_class,gustatory,1172,400,0.25,0.01,0.01,0.028156996587030716,0.47440273037542663,0.11860068259385666,0.0008532423208191126,0.16552901023890784,0.21245733788395904,0.0,False,True,True,True,True,,
720575940617000768,cell_class,gustatory,1172,400,0.25,0.01,0.05,0.028156996587030716,0.47440273037542663,0.11860068259385666,0.0008532423208191126,0.16552901023890784,0.21245733788395904,0.0,False,False,False,False,False,,
720575940617000768,cell_class,gustatory,1172,400,0.25,0.01,0.1,0.028156996587030716,0.47440273037542663,0.11860068259385666,0.0008532423208191126,0.16552901023890784,0.21245733788395904,0.0,False,False,False,False,False,,
720575940610296622,cell_class,gustatory,673,400,0.25,0.14285714285714285,0.01,0.020802377414561663,0.34026745913818723,0.04011887072808321,0.0029717682020802376,0.5438335809806835,0.05052005943536404,0.0014858841010401188,True,True,True,True,True,False,
720575940610296622,cell_class,gustatory,673,400,0.25,0.14285714285714285,0.05,0.020802377414561663,0.34026745913818723,0.04011887072808321,0.0029717682020802376,0.5438335809806835,0.05052005943536404,0.0014858841010401188,False,True,False,True,False,False,
720575940610296622,cell_class,gustatory,673,400,0.25,0.14285714285714285,0.1,0.020802377414561663,0.34026745913818723,0.04011887072808321,0.0029717682020802376,0.5438335809806835,0.05052005943536404,0.0014858841010401188,False,False,False,True,False,False,
720575940610296622,cell_class,gustatory,673,400,0.25,0.04,0.01,0.020802377414561663,0.34026745913818723,0.04011887072808321,0.0029717682020802376,0.5438335809806835,0.05052005943536404,0.0014858841010401188,True,True,False,True,False,False,
720575940610296622,cell_class,gustatory,673,400,0.25,0.04,0.05,0.020802377414561663,0.34026745913818723,0.04011887072808321,0.0029717682020802376,0.5438335809806835,0.05052005943536404,0.0014858841010401188,False,False,False,True,False,False,
720575940610296622,cell_class,gustatory,673,400,0.25,0.04,0.1,0.020802377414561663,0.34026745913818723,0.04011887072808321,0.0029717682020802376,0.5438335809806835,0.05052005943536404,0.0014858841010401188,False,False,False,False,False,False,
720575940610296622,cell_class,gustatory,673,400,0.25,0.02,0.01,0.020802377414561663,0.34026745913818723,0.04011887072808321,0.0029717682020802376,0.5438335809806835,0.05052005943536404,0.0014858841010401188,True,True,False,True,False,False,
720575940610296622,cell_class,gustatory,673,400,0.25,0.02,0.05,0.020802377414561663,0.34026745913818723,0.04011887072808321,0.0029717682020802376,0.5438335809806835,0.05052005943536404,0.0014858841010401188,False,False,False,True,False,False,
720575940610296622,cell_class,gustatory,673,400,0.25,0.02,0.1,0.020802377414561663,0.34026745913818723,0.04011887072808321,0.0029717682020802376,0.5438335809806835,0.05052005943536404,0.0014858841010401188,False,False,False,False,False,False,
720575940610296622,cell_class,gustatory,673,400,0.25,0.01,0.01,0.020802377414561663,0.34026745913818723,0.04011887072808321,0.0029717682020802376,0.5438335809806835,0.05052005943536404,0.0014858841010401188,False,True,False,True,False,False,
720575940610296622,cell_class,gustatory,673,400,0.25,0.01,0.05,0.020802377414561663,0.34026745913818723,0.04011887072808321,0.0029717682020802376,0.5438335809806835,0.05052005943536404,0.0014858841010401188,False,False,False,False,False,False,
720575940610296622,cell_class,gustatory,673,400,0.25,0.01,0.1,0.020802377414561663,0.34026745913818723,0.04011887072808321,0.0029717682020802376,0.5438335809806835,0.05052005943536404,0.0014858841010401188,False,False,False,False,False,False,
720575940637568838,cell_class,gustatory,1010,400,0.25,0.14285714285714285,0.01,0.053465346534653464,0.5653465346534653,0.047524752475247525,0.0019801980198019802,0.0702970297029703,0.2613861386138614,0.0,True,True,True,True,True,False,
720575940637568838,cell_class,gustatory,1010,400,0.25,0.14285714285714285,0.05,0.053465346534653464,0.5653465346534653,0.047524752475247525,0.0019801980198019802,0.0702970297029703,0.2613861386138614,0.0,False,True,False,False,True,False,
720575940637568838,cell_class,gustatory,1010,400,0.25,0.14285714285714285,0.1,0.053465346534653464,0.5653465346534653,0.047524752475247525,0.0019801980198019802,0.0702970297029703,0.2613861386138614,0.0,False,True,False,False,True,False,
720575940637568838,cell_class,gustatory,1010,400,0.25,0.04,0.01,0.053465346534653464,0.5653465346534653,0.047524752475247525,0.0019801980198019802,0.0702970297029703,0.2613861386138614,0.0,True,True,True,True,True,False,
720575940637568838,cell_class,gustatory,1010,400,0.25,0.04,0.05,0.053465346534653464,0.5653465346534653,0.047524752475247525,0.0019801980198019802,0.0702970297029703,0.2613861386138614,0.0,False,True,False,False,False,False,
720575940637568838,cell_class,gustatory,1010,400,0.25,0.04,0.1,0.053465346534653464,0.5653465346534653,0.047524752475247525,0.0019801980198019802,0.0702970297029703,0.2613861386138614,0.0,False,False,False,False,False,False,
720575940637568838,cell_class,gustatory,1010,400,0.25,0.02,0.01,0.053465346534653464,0.5653465346534653,0.047524752475247525,0.0019801980198019802,0.0702970297029703,0.2613861386138614,0.0,True,True,True,False,True,False,
720575940637568838,cell_class,gustatory,1010,400,0.25,0.02,0.05,0.053465346534653464,0.5653465346534653,0.047524752475247525,0.0019801980198019802,0.0702970297029703,0.2613861386138614,0.0,False,False,False,False,False,False,
720575940637568838,cell_class,gustatory,1010,400,0.25,0.02,0.1,0.053465346534653464,0.5653465346534653,0.047524752475247525,0.0019801980198019802,0.0702970297029703,0.2613861386138614,0.0,False,False,False,False,False,False,
720575940637568838,cell_class,gustatory,1010,400,0.25,0.01,0.01,0.053465346534653464,0.5653465346534653,0.047524752475247525,0.0019801980198019802,0.0702970297029703,0.2613861386138614,0.0,False,True,True,False,True,False,
720575940637568838,cell_class,gustatory,1010,400,0.25,0.01,0.05,0.053465346534653464,0.5653465346534653,0.047524752475247525,0.0019801980198019802,0.0702970297029703,0.2613861386138614,0.0,False,False,False,False,False,False,
720575940637568838,cell_class,gustatory,1010,400,0.25,0.01,0.1,0.053465346534653464,0.5653465346534653,0.047524752475247525,0.0019801980198019802,0.0702970297029703,0.2613861386138614,0.0,False,False,False,False,False,False,
720575940630597839,cell_class,gustatory,1557,400,0.25,0.14285714285714285,0.01,0.026332691072575465,0.5684007707129094,0.03018625561978163,0.0019267822736030828,0.271034039820167,0.10211946050096339,0.0,True,True,True,True,True,False,
720575940630597839,cell_class,gustatory,1557,400,0.25,0.14285714285714285,0.05,0.026332691072575465,0.5684007707129094,0.03018625561978163,0.0019267822736030828,0.271034039820167,0.10211946050096339,0.0,False,True,False,True,False,False,
720575940630597839,cell_class,gustatory,1557,400,0.25,0.14285714285714285,0.1,0.026332691072575465,0.5684007707129094,0.03018625561978163,0.0019267822736030828,0.271034039820167,0.10211946050096339,0.0,False,True,False,False,False,False,
720575940630597839,cell_class,gustatory,1557,400,0.25,0.04,0.01,0.026332691072575465,0.5684007707129094,0.03018625561978163,0.0019267822736030828,0.271034039820167,0.10211946050096339,0.0,False,True,False,True,True,False,
720575940630597839,cell_class,gustatory,1557,400,0.25,0.04,0.05,0.026332691072575465,0.5684007707129094,0.03018625561978163,0.0019267822736030828,0.271034039820167,0.10211946050096339,0.0,False,True,False,False,False,False,
720575940630597839,cell_class,gustatory,1557,400,0.25,0.04,0.1,0.026332691072575465,0.5684007707129094,0.03018625561978163,0.0019267822736030828,0.271034039820167,0.10211946050096339,0.0,False,False,False,False,False,False,
720575940630597839,cell_class,gustatory,1557,400,0.25,0.02,0.01,0.026332691072575465,0.5684007707129094,0.03018625561978163,0.0019267822736030828,0.271034039820167,0.10211946050096339,0.0,False,True,False,True,True,False,
720575940630597839,cell_class,gustatory,1557,400,0.25,0.02,0.05,0.026332691072575465,0.5684007707129094,0.03018625561978163,0.0019267822736030828,0.271034039820167,0.10211946050096339,0.0,False,False,False,False,False,False,
720575940630597839,cell_class,gustatory,1557,400,0.25,0.02,0.1,0.026332691072575465,0.5684007707129094,0.03018625561978163,0.0019267822736030828,0.271034039820167,0.10211946050096339,0.0,False,False,False,False,False,False,
720575940630597839,cell_class,gustatory,1557,400,0.25,0.01,0.01,0.026332691072575465,0.5684007707129094,0.03018625561978163,0.0019267822736030828,0.271034039820167,0.10211946050096339,0.0,False,True,False,True,False,False,
720575940630597839,cell_class,gustatory,1557,400,0.25,0.01,0.05,0.026332691072575465,0.5684007707129094,0.03018625561978163,0.0019267822736030828,0.271034039820167,0.10211946050096339,0.0,False,False,False,False,False,False,
720575940630597839,cell_class,gustatory,1557,400,0.25,0.01,0.1,0.026332691072575465,0.5684007707129094,0.03018625561978163,0.0019267822736030828,0.271034039820167,0.10211946050096339,0.0,False,False,False,False,False,False,
720575940622853011,cell_class,gustatory,1503,400,0.25,0.14285714285714285,0.01,0.029940119760479042,0.4637391882900865,0.056553559547571526,0.0026613439787092482,0.32801064537591484,0.11909514304723885,0.0,True,True,True,True,True,False,
720575940622853011,cell_class,gustatory,1503,400,0.25,0.14285714285714285,0.05,0.029940119760479042,0.4637391882900865,0.056553559547571526,0.0026613439787092482,0.32801064537591484,0.11909514304723885,0.0,False,True,False,True,True,False,
720575940622853011,cell_class,gustatory,1503,400,0.25,0.14285714285714285,0.1,0.029940119760479042,0.4637391882900865,0.056553559547571526,0.0026613439787092482,0.32801064537591484,0.11909514304723885,0.0,False,True,False,True,False,False,
720575940622853011,cell_class,gustatory,1503,400,0.25,0.04,0.01,0.029940119760479042,0.4637391882900865,0.056553559547571526,0.0026613439787092482,0.32801064537591484,0.11909514304723885,0.0,False,True,False,True,True,False,
720575940622853011,cell_class,gustatory,1503,400,0.25,0.04,0.05,0.029940119760479042,0.4637391882900865,0.056553559547571526,0.0026613439787092482,0.32801064537591484,0.11909514304723885,0.0,False,True,False,True,False,False,
720575940622853011,cell_class,gustatory,1503,400,0.25,0.04,0.1,0.029940119760479042,0.4637391882900865,0.056553559547571526,0.0026613439787092482,0.32801064537591484,0.11909514304723885,0.0,False,False,False,False,False,False,
720575940622853011,cell_class,gustatory,1503,400,0.25,0.02,0.01,0.029940119760479042,0.4637391882900865,0.056553559547571526,0.0026613439787092482,0.32801064537591484,0.11909514304723885,0.0,False,True,False,True,True,False,
720575940622853011,cell_class,gustatory,1503,400,0.25,0.02,0.05,0.029940119760479042,0.4637391882900865,0.056553559547571526,0.0026613439787092482,0.32801064537591484,0.11909514304723885,0.0,False,False,False,False,False,False,
720575940622853011,cell_class,gustatory,1503,400,0.25,0.02,0.1,0.029940119760479042,0.4637391882900865,0.056553559547571526,0.0026613439787092482,0.32801064537591484,0.11909514304723885,0.0,False,False,False,False,False,False,
720575940622853011,cell_class,gustatory,1503,400,0.25,0.01,0.01,0.029940119760479042,0.4637391882900865,0.056553559547571526,0.0026613439787092482,0.32801064537591484,0.11909514304723885,0.0,False,True,False,True,False,False,
720575940622853011,cell_class,gustatory,1503,400,0.25,0.01,0.05,0.029940119760479042,0.4637391882900865,0.056553559547571526,0.0026613439787092482,0.32801064537591484,0.11909514304723885,0.0,False,False,False,False,False,False,
720575940622853011,cell_class,gustatory,1503,400,0.25,0.01,0.1,0.029940119760479042,0.4637391882900865,0.056553559547571526,0.0026613439787092482,0.32801064537591484,0.11909514304723885,0.0,False,False,False,False,False,False,
720575940606205897,cell_class,gustatory,1081,400,0.25,0.14285714285714285,0.01,0.0425531914893617,0.4357076780758557,0.3700277520814061,0.0037002775208140612,0.10453283996299723,0.0425531914893617,0.0009250693802035153,True,True,True,True,False,False,
720575940606205897,cell_class,gustatory,1081,400,0.25,0.14285714285714285,0.05,0.0425531914893617,0.4357076780758557,0.3700277520814061,0.0037002775208140612,0.10453283996299723,0.0425531914893617,0.0009250693802035153,False,True,True,False,False,False,
720575940606205897,cell_class,gustatory,1081,400,0.25,0.14285714285714285,0.1,0.0425531914893617,0.4357076780758557,0.3700277520814061,0.0037002775208140612,0.10453283996299723,0.0425531914893617,0.0009250693802035153,False,True,True,False,False,False,
720575940606205897,cell_class,gustatory,1081,400,0.25,0.04,0.01,0.0425531914893617,0.4357076780758557,0.3700277520814061,0.0037002775208140612,0.10453283996299723,0.0425531914893617,0.0009250693802035153,False,True,True,True,False,False,
720575940606205897,cell_class,gustatory,1081,400,0.25,0.04,0.05,0.0425531914893617,0.4357076780758557,0.3700277520814061,0.0037002775208140612,0.10453283996299723,0.0425531914893617,0.0009250693802035153,False,True,False,False,False,False,
720575940606205897,cell_class,gustatory,1081,400,0.25,0.04,0.1,0.0425531914893617,0.4357076780758557,0.3700277520814061,0.0037002775208140612,0.10453283996299723,0.0425531914893617,0.0009250693802035153,False,False,False,False,False,False,
720575940606205897,cell_class,gustatory,1081,400,0.25,0.02,0.01,0.0425531914893617,0.4357076780758557,0.3700277520814061,0.0037002775208140612,0.10453283996299723,0.0425531914893617,0.0009250693802035153,False,True,True,True,False,False,
720575940606205897,cell_class,gustatory,1081,400,0.25,0.02,0.05,0.0425531914893617,0.4357076780758557,0.3700277520814061,0.0037002775208140612,0.10453283996299723,0.0425531914893617,0.0009250693802035153,False,False,False,False,False,False,
720575940606205897,cell_class,gustatory,1081,400,0.25,0.02,0.1,0.0425531914893617,0.4357076780758557,0.3700277520814061,0.0037002775208140612,0.10453283996299723,0.0425531914893617,0.0009250693802035153,False,False,False,False,False,False,
720575940606205897,cell_class,gustatory,1081,400,0.25,0.01,0.01,0.0425531914893617,0.4357076780758557,0.3700277520814061,0.0037002775208140612,0.10453283996299723,0.0425531914893617,0.0009250693802035153,False,True,True,False,False,False,
720575940606205897,cell_class,gustatory,1081,400,0.25,0.01,0.05,0.0425531914893617,0.4357076780758557,0.3700277520814061,0.0037002775208140612,0.10453283996299723,0.0425531914893617,0.0009250693802035153,False,False,False,False,False,False,
720575940606205897,cell_class,gustatory,1081,400,0.25,0.01,0.1,0.0425531914893617,0.4357076780758557,0.3700277520814061,0.0037002775208140612,0.10453283996299723,0.0425531914893617,0.0009250693802035153,False,False,False,False,False,False,
720575940614211295,cell_class,gustatory,1656,400,0.25,0.14285714285714285,0.01,0.017512077294685992,0.7421497584541062,0.050724637681159424,0.0012077294685990338,0.03321256038647343,0.15519323671497584,0.0,False,True,True,True,True,False,
720575940614211295,cell_class,gustatory,1656,400,0.25,0.14285714285714285,0.05,0.017512077294685992,0.7421497584541062,0.050724637681159424,0.0012077294685990338,0.03321256038647343,0.15519323671497584,0.0,False,True,False,False,True,False,
720575940614211295,cell_class,gustatory,1656,400,0.25,0.14285714285714285,0.1,0.017512077294685992,0.7421497584541062,0.050724637681159424,0.0012077294685990338,0.03321256038647343,0.15519323671497584,0.0,False,True,False,False,False,False,
720575940614211295,cell_class,gustatory,1656,400,0.25,0.04,0.01,0.017512077294685992,0.7421497584541062,0.050724637681159424,0.0012077294685990338,0.03321256038647343,0.15519323671497584,0.0,False,True,True,False,True,False,
720575940614211295,cell_class,gustatory,1656,400,0.25,0.04,0.05,0.017512077294685992,0.7421497584541062,0.050724637681159424,0.0012077294685990338,0.03321256038647343,0.15519323671497584,0.0,False,True,False,False,False,False,
720575940614211295,cell_class,gustatory,1656,400,0.25,0.04,0.1,0.017512077294685992,0.7421497584541062,0.050724637681159424,0.0012077294685990338,0.03321256038647343,0.15519323671497584,0.0,False,False,False,False,False,False,
720575940614211295,cell_class,gustatory,1656,400,0.25,0.02,0.01,0.017512077294685992,0.7421497584541062,0.050724637681159424,0.0012077294685990338,0.03321256038647343,0.15519323671497584,0.0,False,True,True,False,True,False,
720575940614211295,cell_class,gustatory,1656,400,0.25,0.02,0.05,0.017512077294685992,0.7421497584541062,0.050724637681159424,0.0012077294685990338,0.03321256038647343,0.15519323671497584,0.0,False,False,False,False,False,False,
720575940614211295,cell_class,gustatory,1656,400,0.25,0.02,0.1,0.017512077294685992,0.7421497584541062,0.050724637681159424,0.0012077294685990338,0.03321256038647343,0.15519323671497584,0.0,False,False,False,False,False,False,
720575940614211295,cell_class,gustatory,1656,400,0.25,0.01,0.01,0.017512077294685992,0.7421497584541062,0.050724637681159424,0.0012077294685990338,0.03321256038647343,0.15519323671497584,0.0,False,True,False,False,False,False,
720575940614211295,cell_class,gustatory,1656,400,0.25,0.01,0.05,0.017512077294685992,0.7421497584541062,0.050724637681159424,0.0012077294685990338,0.03321256038647343,0.15519323671497584,0.0,False,False,False,False,False,False,
720575940614211295,cell_class,gustatory,1656,400,0.25,0.01,0.1,0.017512077294685992,0.7421497584541062,0.050724637681159424,0.0012077294685990338,0.03321256038647343,0.15519323671497584,0.0,False,False,False,False,False,False,
720575940623172843,cell_class,gustatory,924,400,0.25,0.14285714285714285,0.01,0.07683982683982683,0.3041125541125541,0.5205627705627706,0.0,0.020562770562770564,0.07792207792207792,0.0,True,True,True,False,True,,
720575940623172843,cell_class,gustatory,924,400,0.25,0.14285714285714285,0.05,0.07683982683982683,0.3041125541125541,0.5205627705627706,0.0,0.020562770562770564,0.07792207792207792,0.0,True,True,True,False,False,,
720575940623172843,cell_class,gustatory,924,400,0.25,0.14285714285714285,0.1,0.07683982683982683,0.3041125541125541,0.5205627705627706,0.0,0.020562770562770564,0.07792207792207792,0.0,False,True,True,False,False,,
720575940623172843,cell_class,gustatory,924,400,0.25,0.04,0.01,0.07683982683982683,0.3041125541125541,0.5205627705627706,0.0,0.020562770562770564,0.07792207792207792,0.0,True,True,True,False,True,,
720575940623172843,cell_class,gustatory,924,400,0.25,0.04,0.05,0.07683982683982683,0.3041125541125541,0.5205627705627706,0.0,0.020562770562770564,0.07792207792207792,0.0,False,True,True,False,False,,
720575940623172843,cell_class,gustatory,924,400,0.25,0.04,0.1,0.07683982683982683,0.3041125541125541,0.5205627705627706,0.0,0.020562770562770564,0.07792207792207792,0.0,False,False,True,False,False,,
720575940623172843,cell_class,gustatory,924,400,0.25,0.02,0.01,0.07683982683982683,0.3041125541125541,0.5205627705627706,0.0,0.020562770562770564,0.07792207792207792,0.0,True,True,True,False,False,,
720575940623172843,cell_class,gustatory,924,400,0.25,0.02,0.05,0.07683982683982683,0.3041125541125541,0.5205627705627706,0.0,0.020562770562770564,0.07792207792207792,0.0,False,False,True,False,False,,
720575940623172843,cell_class,gustatory,924,400,0.25,0.02,0.1,0.07683982683982683,0.3041125541125541,0.5205627705627706,0.0,0.020562770562770564,0.07792207792207792,0.0,False,False,False,False,False,,
720575940623172843,cell_class,gustatory,924,400,0.25,0.01,0.01,0.07683982683982683,0.3041125541125541,0.5205627705627706,0.0,0.020562770562770564,0.07792207792207792,0.0,True,True,True,False,False,,
720575940623172843,cell_class,gustatory,924,400,0.25,0.01,0.05,0.07683982683982683,0.3041125541125541,0.5205627705627706,0.0,0.020562770562770564,0.07792207792207792,0.0,False,False,False,False,False,,
720575940623172843,cell_class,gustatory,924,400,0.25,0.01,0.1,0.07683982683982683,0.3041125541125541,0.5205627705627706,0.0,0.020562770562770564,0.07792207792207792,0.0,False,False,False,False,False,,
720575940611849178,cell_class,gustatory,1582,400,0.25,0.14285714285714285,0.01,0.08533501896333755,0.7155499367888748,0.04677623261694058,0.0025284450063211127,0.038558786346396964,0.11061946902654868,0.0006321112515802782,True,True,True,True,True,False,
720575940611849178,cell_class,gustatory,1582,400,0.25,0.14285714285714285,0.05,0.08533501896333755,0.7155499367888748,0.04677623261694058,0.0025284450063211127,0.038558786346396964,0.11061946902654868,0.0006321112515802782,False,True,False,False,False,False,
720575940611849178,cell_class,gustatory,1582,400,0.25,0.14285714285714285,0.1,0.08533501896333755,0.7155499367888748,0.04677623261694058,0.0025284450063211127,0.038558786346396964,0.11061946902654868,0.0006321112515802782,False,True,False,False,False,False,
720575940611849178,cell_class,gustatory,1582,400,0.25,0.04,0.01,0.08533501896333755,0.7155499367888748,0.04677623261694058,0.0025284450063211127,0.038558786346396964,0.11061946902654868,0.0006321112515802782,True,True,False,False,True,False,
720575940611849178,cell_class,gustatory,1582,400,0.25,0.04,0.05,0.08533501896333755,0.7155499367888748,0.04677623261694058,0.0025284450063211127,0.038558786346396964,0.11061946902654868,0.0006321112515802782,False,True,False,False,False,False,
720575940611849178,cell_class,gustatory,1582,400,0.25,0.04,0.1,0.08533501896333755,0.7155499367888748,0.04677623261694058,0.0025284450063211127,0.038558786346396964,0.11061946902654868,0.0006321112515802782,False,True,False,False,False,False,
720575940611849178,cell_class,gustatory,1582,400,0.25,0.02,0.01,0.08533501896333755,0.7155499367888748,0.04677623261694058,0.0025284450063211127,0.038558786346396964,0.11061946902654868,0.0006321112515802782,True,True,False,False,True,False,
720575940611849178,cell_class,gustatory,1582,400,0.25,0.02,0.05,0.08533501896333755,0.7155499367888748,0.04677623261694058,0.0025284450063211127,0.038558786346396964,0.11061946902654868,0.0006321112515802782,False,True,False,False,False,False,
720575940611849178,cell_class,gustatory,1582,400,0.25,0.02,0.1,0.08533501896333755,0.7155499367888748,0.04677623261694058,0.0025284450063211127,0.038558786346396964,0.11061946902654868,0.0006321112515802782,False,False,False,False,False,False,
720575940611849178,cell_class,gustatory,1582,400,0.25,0.01,0.01,0.08533501896333755,0.7155499367888748,0.04677623261694058,0.0025284450063211127,0.038558786346396964,0.11061946902654868,0.0006321112515802782,True,True,False,False,True,False,
720575940611849178,cell_class,gustatory,1582,400,0.25,0.01,0.05,0.08533501896333755,0.7155499367888748,0.04677623261694058,0.0025284450063211127,0.038558786346396964,0.11061946902654868,0.0006321112515802782,False,False,False,False,False,False,
720575940611849178,cell_class,gustatory,1582,400,0.25,0.01,0.1,0.08533501896333755,0.7155499367888748,0.04677623261694058,0.0025284450063211127,0.038558786346396964,0.11061946902654868,0.0006321112515802782,False,False,False,False,False,False,
720575940638813016,cell_class,gustatory,1667,400,0.25,0.14285714285714285,0.01,0.01199760047990402,0.8446310737852429,0.033593281343731254,0.0,0.04259148170365927,0.06718656268746251,0.0,False,True,True,True,True,,
720575940638813016,cell_class,gustatory,1667,400,0.25,0.14285714285714285,0.05,0.01199760047990402,0.8446310737852429,0.033593281343731254,0.0,0.04259148170365927,0.06718656268746251,0.0,False,True,False,False,False,,
720575940638813016,cell_class,gustatory,1667,400,0.25,0.14285714285714285,0.1,0.01199760047990402,0.8446310737852429,0.033593281343731254,0.0,0.04259148170365927,0.06718656268746251,0.0,False,True,False,False,False,,
720575940638813016,cell_class,gustatory,1667,400,0.25,0.04,0.01,0.01199760047990402,0.8446310737852429,0.033593281343731254,0.0,0.04259148170365927,0.06718656268746251,0.0,False,True,False,True,True,,
720575940638813016,cell_class,gustatory,1667,400,0.25,0.04,0.05,0.01199760047990402,0.8446310737852429,0.033593281343731254,0.0,0.04259148170365927,0.06718656268746251,0.0,False,True,False,False,False,,
720575940638813016,cell_class,gustatory,1667,400,0.25,0.04,0.1,0.01199760047990402,0.8446310737852429,0.033593281343731254,0.0,0.04259148170365927,0.06718656268746251,0.0,False,False,False,False,False,,
720575940638813016,cell_class,gustatory,1667,400,0.25,0.02,0.01,0.01199760047990402,0.8446310737852429,0.033593281343731254,0.0,0.04259148170365927,0.06718656268746251,0.0,False,True,False,False,True,,
720575940638813016,cell_class,gustatory,1667,400,0.25,0.02,0.05,0.01199760047990402,0.8446310737852429,0.033593281343731254,0.0,0.04259148170365927,0.06718656268746251,0.0,False,False,False,False,False,,
720575940638813016,cell_class,gustatory,1667,400,0.25,0.02,0.1,0.01199760047990402,0.8446310737852429,0.033593281343731254,0.0,0.04259148170365927,0.06718656268746251,0.0,False,False,False,False,False,,
720575940638813016,cell_class,gustatory,1667,400,0.25,0.01,0.01,0.01199760047990402,0.8446310737852429,0.033593281343731254,0.0,0.04259148170365927,0.06718656268746251,0.0,False,True,False,False,True,,
720575940638813016,cell_class,gustatory,1667,400,0.25,0.01,0.05,0.01199760047990402,0.8446310737852429,0.033593281343731254,0.0,0.04259148170365927,0.06718656268746251,0.0,False,False,False,False,False,,
720575940638813016,cell_class,gustatory,1667,400,0.25,0.01,0.1,0.01199760047990402,0.8446310737852429,0.033593281343731254,0.0,0.04259148170365927,0.06718656268746251,0.0,False,False,False,False,False,,
720575940624266061,cell_class,gustatory,5480,400,0.25,0.14285714285714285,0.01,0.04470802919708029,0.8461678832116788,0.03594890510948905,0.0025547445255474453,0.022627737226277374,0.04799270072992701,0.0,True,True,True,False,True,False,
720575940624266061,cell_class,gustatory,5480,400,0.25,0.14285714285714285,0.05,0.04470802919708029,0.8461678832116788,0.03594890510948905,0.0025547445255474453,0.022627737226277374,0.04799270072992701,0.0,False,True,False,False,False,False,
720575940624266061,cell_class,gustatory,5480,400,0.25,0.14285714285714285,0.1,0.04470802919708029,0.8461678832116788,0.03594890510948905,0.0025547445255474453,0.022627737226277374,0.04799270072992701,0.0,False,True,False,False,False,False,
720575940624266061,cell_class,gustatory,5480,400,0.25,0.04,0.01,0.04470802919708029,0.8461678832116788,0.03594890510948905,0.0025547445255474453,0.022627737226277374,0.04799270072992701,0.0,False,True,False,False,True,False,
720575940624266061,cell_class,gustatory,5480,400,0.25,0.04,0.05,0.04470802919708029,0.8461678832116788,0.03594890510948905,0.0025547445255474453,0.022627737226277374,0.04799270072992701,0.0,False,True,False,False,False,False,
720575940624266061,cell_class,gustatory,5480,400,0.25,0.04,0.1,0.04470802919708029,0.8461678832116788,0.03594890510948905,0.0025547445255474453,0.022627737226277374,0.04799270072992701,0.0,False,False,False,False,False,False,
720575940624266061,cell_class,gustatory,5480,400,0.25,0.02,0.01,0.04470802919708029,0.8461678832116788,0.03594890510948905,0.0025547445255474453,0.022627737226277374,0.04799270072992701,0.0,False,True,False,False,False,False,
720575940624266061,cell_class,gustatory,5480,400,0.25,0.02,0.05,0.04470802919708029,0.8461678832116788,0.03594890510948905,0.0025547445255474453,0.022627737226277374,0.04799270072992701,0.0,False,False,False,False,False,False,
720575940624266061,cell_class,gustatory,5480,400,0.25,0.02,0.1,0.04470802919708029,0.8461678832116788,0.03594890510948905,0.0025547445255474453,0.022627737226277374,0.04799270072992701,0.0,False,False,False,False,False,False,
720575940624266061,cell_class,gustatory,5480,400,0.25,0.01,0.01,0.04470802919708029,0.8461678832116788,0.03594890510948905,0.0025547445255474453,0.022627737226277374,0.04799270072992701,0.0,False,True,False,False,False,False,
720575940624266061,cell_class,gustatory,5480,400,0.25,0.01,0.05,0.04470802919708029,0.8461678832116788,0.03594890510948905,0.0025547445255474453,0.022627737226277374,0.04799270072992701,0.0,False,False,False,False,False,False,
720575940624266061,cell_class,gustatory,5480,400,0.25,0.01,0.1,0.04470802919708029,0.8461678832116788,0.03594890510948905,0.0025547445255474453,0.022627737226277374,0.04799270072992701,0.0,False,False,False,False,False,False,
720575940630552151,cell_class,gustatory,458,400,0.25,0.14285714285714285,0.01,0.008733624454148471,0.25327510917030566,0.4148471615720524,0.021834061135371178,0.2445414847161572,0.05240174672489083,0.004366812227074236,False,True,True,True,True,True,False
720575940630552151,cell_class,gustatory,458,400,0.25,0.14285714285714285,0.05,0.008733624454148471,0.25327510917030566,0.4148471615720524,0.021834061135371178,0.2445414847161572,0.05240174672489083,0.004366812227074236,False,True,True,True,False,False,False
720575940630552151,cell_class,gustatory,458,400,0.25,0.14285714285714285,0.1,0.008733624454148471,0.25327510917030566,0.4148471615720524,0.021834061135371178,0.2445414847161572,0.05240174672489083,0.004366812227074236,False,False,True,False,False,False,False
720575940630552151,cell_class,gustatory,458,400,0.25,0.04,0.01,0.008733624454148471,0.25327510917030566,0.4148471615720524,0.021834061135371178,0.2445414847161572,0.05240174672489083,0.004366812227074236,False,True,True,True,True,True,False
720575940630552151,cell_class,gustatory,458,400,0.25,0.04,0.05,0.008733624454148471,0.25327510917030566,0.4148471615720524,0.021834061135371178,0.2445414847161572,0.05240174672489083,0.004366812227074236,False,True,True,True,False,False,False
720575940630552151,cell_class,gustatory,458,400,0.25,0.04,0.1,0.008733624454148471,0.25327510917030566,0.4148471615720524,0.021834061135371178,0.2445414847161572,0.05240174672489083,0.004366812227074236,False,False,False,False,False,False,False
720575940630552151,cell_class,gustatory,458,400,0.25,0.02,0.01,0.008733624454148471,0.25327510917030566,0.4148471615720524,0.021834061135371178,0.2445414847161572,0.05240174672489083,0.004366812227074236,False,True,True,True,True,True,False
720575940630552151,cell_class,gustatory,458,400,0.25,0.02,0.05,0.008733624454148471,0.25327510917030566,0.4148471615720524,0.021834061135371178,0.2445414847161572,0.05240174672489083,0.004366812227074236,False,True,True,False,False,False,False
720575940630552151,cell_class,gustatory,458,400,0.25,0.02,0.1,0.008733624454148471,0.25327510917030566,0.4148471615720524,0.021834061135371178,0.2445414847161572,0.05240174672489083,0.004366812227074236,False,False,False,False,False,False,False
720575940630552151,cell_class,gustatory,458,400,0.25,0.01,0.01,0.008733624454148471,0.25327510917030566,0.4148471615720524,0.021834061135371178,0.2445414847161572,0.05240174672489083,0.004366812227074236,False,True,True,True,True,False,False
720575940630552151,cell_class,gustatory,458,400,0.25,0.01,0.05,0.008733624454148471,0.25327510917030566,0.4148471615720524,0.021834061135371178,0.2445414847161572,0.05240174672489083,0.004366812227074236,False,True,False,False,False,False,False
720575940630552151,cell_class,gustatory,458,400,0.25,0.01,0.1,0.008733624454148471,0.25327510917030566,0.4148471615720524,0.021834061135371178,0.2445414847161572,0.05240174672489083,0.004366812227074236,False,False,False,False,False,False,False
720575940609306563,cell_class,gustatory,460,400,0.25,0.14285714285714285,0.01,0.09347826086956522,0.5565217391304348,0.02608695652173913,0.002173913043478261,0.31521739130434784,0.004347826086956522,0.002173913043478261,True,True,True,True,False,,
720575940609306563,cell_class,gustatory,460,400,0.25,0.14285714285714285,0.05,0.09347826086956522,0.5565217391304348,0.02608695652173913,0.002173913043478261,0.31521739130434784,0.004347826086956522,0.002173913043478261,True,True,False,True,False,,
720575940609306563,cell_class,gustatory,460,400,0.25,0.14285714285714285,0.1,0.09347826086956522,0.5565217391304348,0.02608695652173913,0.002173913043478261,0.31521739130434784,0.004347826086956522,0.002173913043478261,False,True,False,True,False,,
720575940609306563,cell_class,gustatory,460,400,0.25,0.04,0.01,0.09347826086956522,0.5565217391304348,0.02608695652173913,0.002173913043478261,0.31521739130434784,0.004347826086956522,0.002173913043478261,True,True,False,True,False,,
720575940609306563,cell_class,gustatory,460,400,0.25,0.04,0.05,0.09347826086956522,0.5565217391304348,0.02608695652173913,0.002173913043478261,0.31521739130434784,0.004347826086956522,0.002173913043478261,False,True,False,False,False,,
720575940609306563,cell_class,gustatory,460,400,0.25,0.04,0.1,0.09347826086956522,0.5565217391304348,0.02608695652173913,0.002173913043478261,0.31521739130434784,0.004347826086956522,0.002173913043478261,False,False,False,False,False,,
720575940609306563,cell_class,gustatory,460,400,0.25,0.02,0.01,0.09347826086956522,0.5565217391304348,0.02608695652173913,0.002173913043478261,0.31521739130434784,0.004347826086956522,0.002173913043478261,True,True,False,True,False,,
720575940609306563,cell_class,gustatory,460,400,0.25,0.02,0.05,0.09347826086956522,0.5565217391304348,0.02608695652173913,0.002173913043478261,0.31521739130434784,0.004347826086956522,0.002173913043478261,False,True,False,False,False,,
720575940609306563,cell_class,gustatory,460,400,0.25,0.02,0.1,0.09347826086956522,0.5565217391304348,0.02608695652173913,0.002173913043478261,0.31521739130434784,0.004347826086956522,0.002173913043478261,False,False,False,False,False,,
720575940609306563,cell_class,gustatory,460,400,0.25,0.01,0.01,0.09347826086956522,0.5565217391304348,0.02608695652173913,0.002173913043478261,0.31521739130434784,0.004347826086956522,0.002173913043478261,True,True,False,True,False,,
720575940609306563,cell_class,gustatory,460,400,0.25,0.01,0.05,0.09347826086956522,0.5565217391304348,0.02608695652173913,0.002173913043478261,0.31521739130434784,0.004347826086956522,0.002173913043478261,False,False,False,False,False,,
720575940609306563,cell_class,gustatory,460,400,0.25,0.01,0.1,0.09347826086956522,0.5565217391304348,0.02608695652173913,0.002173913043478261,0.31521739130434784,0.004347826086956522,0.002173913043478261,False,False,False,False,False,,
720575940629416318,cell_class,gustatory,515,400,0.25,0.14285714285714285,0.01,0.011650485436893204,0.39611650485436894,0.017475728155339806,0.019417475728155338,0.4601941747572815,0.09514563106796116,0.0,True,True,False,True,True,False,
720575940629416318,cell_class,gustatory,515,400,0.25,0.14285714285714285,0.05,0.011650485436893204,0.39611650485436894,0.017475728155339806,0.019417475728155338,0.4601941747572815,0.09514563106796116,0.0,False,True,False,True,False,False,
720575940629416318,cell_class,gustatory,515,400,0.25,0.14285714285714285,0.1,0.011650485436893204,0.39611650485436894,0.017475728155339806,0.019417475728155338,0.4601941747572815,0.09514563106796116,0.0,False,True,False,True,False,False,
720575940629416318,cell_class,gustatory,515,400,0.25,0.04,0.01,0.011650485436893204,0.39611650485436894,0.017475728155339806,0.019417475728155338,0.4601941747572815,0.09514563106796116,0.0,False,True,False,True,True,False,
720575940629416318,cell_class,gustatory,515,400,0.25,0.04,0.05,0.011650485436893204,0.39611650485436894,0.017475728155339806,0.019417475728155338,0.4601941747572815,0.09514563106796116,0.0,False,True,False,True,False,False,
720575940629416318,cell_class,gustatory,515,400,0.25,0.04,0.1,0.011650485436893204,0.39611650485436894,0.017475728155339806,0.019417475728155338,0.4601941747572815,0.09514563106796116,0.0,False,False,False,True,False,False,
720575940629416318,cell_class,gustatory,515,400,0.25,0.02,0.01,0.011650485436893204,0.39611650485436894,0.017475728155339806,0.019417475728155338,0.4601941747572815,0.09514563106796116,0.0,False,True,False,True,True,False,
720575940629416318,cell_class,gustatory,515,400,0.25,0.02,0.05,0.011650485436893204,0.39611650485436894,0.017475728155339806,0.019417475728155338,0.4601941747572815,0.09514563106796116,0.0,False,False,False,True,False,False,
720575940629416318,cell_class,gustatory,515,400,0.25,0.02,0.1,0.011650485436893204,0.39611650485436894,0.017475728155339806,0.019417475728155338,0.4601941747572815,0.09514563106796116,0.0,False,False,False,False,False,False,
720575940629416318,cell_class,gustatory,515,400,0.25,0.01,0.01,0.011650485436893204,0.39611650485436894,0.017475728155339806,0.019417475728155338,0.4601941747572815,0.09514563106796116,0.0,False,True,False,True,True,False,
720575940629416318,cell_class,gustatory,515,400,0.25,0.01,0.05,0.011650485436893204,0.39611650485436894,0.017475728155339806,0.019417475728155338,0.4601941747572815,0.09514563106796116,0.0,False,False,False,False,False,False,
720575940629416318,cell_class,gustatory,515,400,0.25,0.01,0.1,0.011650485436893204,0.39611650485436894,0.017475728155339806,0.019417475728155338,0.4601941747572815,0.09514563106796116,0.0,False,False,False,False,False,False,
720575940614163367,cell_class,gustatory,1139,400,0.25,0.14285714285714285,0.01,0.01141352063213345,0.17647058823529413,0.5715539947322212,0.006145741878841089,0.18788410886742757,0.0456540825285338,0.000877963125548727,False,True,True,True,True,False,
720575940614163367,cell_class,gustatory,1139,400,0.25,0.14285714285714285,0.05,0.01141352063213345,0.17647058823529413,0.5715539947322212,0.006145741878841089,0.18788410886742757,0.0456540825285338,0.000877963125548727,False,True,True,True,False,False,
720575940614163367,cell_class,gustatory,1139,400,0.25,0.14285714285714285,0.1,0.01141352063213345,0.17647058823529413,0.5715539947322212,0.006145741878841089,0.18788410886742757,0.0456540825285338,0.000877963125548727,False,True,True,True,False,False,
720575940614163367,cell_class,gustatory,1139,400,0.25,0.04,0.01,0.01141352063213345,0.17647058823529413,0.5715539947322212,0.006145741878841089,0.18788410886742757,0.0456540825285338,0.000877963125548727,False,True,True,True,True,False,
720575940614163367,cell_class,gustatory,1139,400,0.25,0.04,0.05,0.01141352063213345,0.17647058823529413,0.5715539947322212,0.006145741878841089,0.18788410886742757,0.0456540825285338,0.000877963125548727,False,False,True,False,False,False,
720575940614163367,cell_class,gustatory,1139,400,0.25,0.04,0.1,0.01141352063213345,0.17647058823529413,0.5715539947322212,0.006145741878841089,0.18788410886742757,0.0456540825285338,0.000877963125548727,False,False,False,False,False,False,
720575940614163367,cell_class,gustatory,1139,400,0.25,0.02,0.01,0.01141352063213345,0.17647058823529413,0.5715539947322212,0.006145741878841089,0.18788410886742757,0.0456540825285338,0.000877963125548727,False,True,True,True,True,False,
720575940614163367,cell_class,gustatory,1139,400,0.25,0.02,0.05,0.01141352063213345,0.17647058823529413,0.5715539947322212,0.006145741878841089,0.18788410886742757,0.0456540825285338,0.000877963125548727,False,False,True,False,False,False,
720575940614163367,cell_class,gustatory,1139,400,0.25,0.02,0.1,0.01141352063213345,0.17647058823529413,0.5715539947322212,0.006145741878841089,0.18788410886742757,0.0456540825285338,0.000877963125548727,False,False,False,False,False,False,
720575940614163367,cell_class,gustatory,1139,400,0.25,0.01,0.01,0.01141352063213345,0.17647058823529413,0.5715539947322212,0.006145741878841089,0.18788410886742757,0.0456540825285338,0.000877963125548727,False,True,True,True,True,False,
720575940614163367,cell_class,gustatory,1139,400,0.25,0.01,0.05,0.01141352063213345,0.17647058823529413,0.5715539947322212,0.006145741878841089,0.18788410886742757,0.0456540825285338,0.000877963125548727,False,False,False,False,False,False,
720575940614163367,cell_class,gustatory,1139,400,0.25,0.01,0.1,0.01141352063213345,0.17647058823529413,0.5715539947322212,0.006145741878841089,0.18788410886742757,0.0456540825285338,0.000877963125548727,False,False,False,False,False,False,
720575940609645124,cell_class,gustatory,850,400,0.25,0.14285714285714285,0.01,0.01411764705882353,0.14588235294117646,0.6082352941176471,0.01764705882352941,0.14705882352941177,0.06588235294117648,0.001176470588235294,False,True,True,True,True,False,
720575940609645124,cell_class,gustatory,850,400,0.25,0.14285714285714285,0.05,0.01411764705882353,0.14588235294117646,0.6082352941176471,0.01764705882352941,0.14705882352941177,0.06588235294117648,0.001176470588235294,False,True,True,False,False,False,
720575940609645124,cell_class,gustatory,850,400,0.25,0.14285714285714285,0.1,0.01411764705882353,0.14588235294117646,0.6082352941176471,0.01764705882352941,0.14705882352941177,0.06588235294117648,0.001176470588235294,False,False,True,False,False,False,
720575940609645124,cell_class,gustatory,850,400,0.25,0.04,0.01,0.01411764705882353,0.14588235294117646,0.6082352941176471,0.01764705882352941,0.14705882352941177,0.06588235294117648,0.001176470588235294,False,True,True,True,True,False,
720575940609645124,cell_class,gustatory,850,400,0.25,0.04,0.05,0.01411764705882353,0.14588235294117646,0.6082352941176471,0.01764705882352941,0.14705882352941177,0.06588235294117648,0.001176470588235294,False,False,True,False,False,False,
720575940609645124,cell_class,gustatory,850,400,0.25,0.04,0.1,0.01411764705882353,0.14588235294117646,0.6082352941176471,0.01764705882352941,0.14705882352941177,0.06588235294117648,0.001176470588235294,False,False,False,False,False,False,
720575940609645124,cell_class,gustatory,850,400,0.25,0.02,0.01,0.01411764705882353,0.14588235294117646,0.6082352941176471,0.01764705882352941,0.14705882352941177,0.06588235294117648,0.001176470588235294,False,True,True,True,True,False,
720575940609645124,cell_class,gustatory,850,400,0.25,0.02,0.05,0.01411764705882353,0.14588235294117646,0.6082352941176471,0.01764705882352941,0.14705882352941177,0.06588235294117648,0.001176470588235294,False,False,True,False,False,False,
720575940609645124,cell_class,gustatory,850,400,0.25,0.02,0.1,0.01411764705882353,0.14588235294117646,0.6082352941176471,0.01764705882352941,0.14705882352941177,0.06588235294117648,0.001176470588235294,False,False,False,False,False,False,
720575940609645124,cell_class,gustatory,850,400,0.25,0.01,0.01,0.01411764705882353,0.14588235294117646,0.6082352941176471,0.01764705882352941,0.14705882352941177,0.06588235294117648,0.001176470588235294,False,True,True,True,False,False,
720575940609645124,cell_class,gustatory,850,400,0.25,0.01,0.05,0.01411764705882353,0.14588235294117646,0.6082352941176471,0.01764705882352941,0.14705882352941177,0.06588235294117648,0.001176470588235294,False,False,False,False,False,False,
720575940609645124,cell_class,gustatory,850,400,0.25,0.01,0.1,0.01411764705882353,0.14588235294117646,0.6082352941176471,0.01764705882352941,0.14705882352941177,0.06588235294117648,0.001176470588235294,False,False,False,False,False,False,
720575940616163701,cell_class,gustatory,440,400,0.25,0.14285714285714285,0.01,0.1409090909090909,0.4113636363636364,0.09772727272727273,0.0,0.32272727272727275,0.025,0.0022727272727272726,True,True,True,True,True,,
720575940616163701,cell_class,gustatory,440,400,0.25,0.14285714285714285,0.05,0.1409090909090909,0.4113636363636364,0.09772727272727273,0.0,0.32272727272727275,0.025,0.0022727272727272726,True,True,False,True,False,,
720575940616163701,cell_class,gustatory,440,400,0.25,0.14285714285714285,0.1,0.1409090909090909,0.4113636363636364,0.09772727272727273,0.0,0.32272727272727275,0.025,0.0022727272727272726,False,True,False,True,False,,
720575940616163701,cell_class,gustatory,440,400,0.25,0.04,0.01,0.1409090909090909,0.4113636363636364,0.09772727272727273,0.0,0.32272727272727275,0.025,0.0022727272727272726,True,True,True,True,False,,
720575940616163701,cell_class,gustatory,440,400,0.25,0.04,0.05,0.1409090909090909,0.4113636363636364,0.09772727272727273,0.0,0.32272727272727275,0.025,0.0022727272727272726,False,True,False,True,False,,
720575940616163701,cell_class,gustatory,440,400,0.25,0.04,0.1,0.1409090909090909,0.4113636363636364,0.09772727272727273,0.0,0.32272727272727275,0.025,0.0022727272727272726,False,False,False,False,False,,
720575940616163701,cell_class,gustatory,440,400,0.25,0.02,0.01,0.1409090909090909,0.4113636363636364,0.09772727272727273,0.0,0.32272727272727275,0.025,0.0022727272727272726,True,True,True,True,False,,
720575940616163701,cell_class,gustatory,440,400,0.25,0.02,0.05,0.1409090909090909,0.4113636363636364,0.09772727272727273,0.0,0.32272727272727275,0.025,0.0022727272727272726,False,True,False,True,False,,
720575940616163701,cell_class,gustatory,440,400,0.25,0.02,0.1,0.1409090909090909,0.4113636363636364,0.09772727272727273,0.0,0.32272727272727275,0.025,0.0022727272727272726,False,False,False,False,False,,
720575940616163701,cell_class,gustatory,440,400,0.25,0.01,0.01,0.1409090909090909,0.4113636363636364,0.09772727272727273,0.0,0.32272727272727275,0.025,0.0022727272727272726,True,True,True,True,False,,
720575940616163701,cell_class,gustatory,440,400,0.25,0.01,0.05,0.1409090909090909,0.4113636363636364,0.09772727272727273,0.0,0.32272727272727275,0.025,0.0022727272727272726,False,False,False,False,False,,
720575940616163701,cell_class,gustatory,440,400,0.25,0.01,0.1,0.1409090909090909,0.4113636363636364,0.09772727272727273,0.0,0.32272727272727275,0.025,0.0022727272727272726,False,False,False,False,False,,
720575940619793940,cell_class,gustatory,453,400,0.25,0.14285714285714285,0.01,0.09713024282560706,0.5805739514348786,0.046357615894039736,0.0,0.26269315673289184,0.013245033112582781,0.0,True,True,True,True,True,,
720575940619793940,cell_class,gustatory,453,400,0.25,0.14285714285714285,0.05,0.09713024282560706,0.5805739514348786,0.046357615894039736,0.0,0.26269315673289184,0.013245033112582781,0.0,False,True,False,True,False,,
720575940619793940,cell_class,gustatory,453,400,0.25,0.14285714285714285,0.1,0.09713024282560706,0.5805739514348786,0.046357615894039736,0.0,0.26269315673289184,0.013245033112582781,0.0,False,True,False,False,False,,
720575940619793940,cell_class,gustatory,453,400,0.25,0.04,0.01,0.09713024282560706,0.5805739514348786,0.046357615894039736,0.0,0.26269315673289184,0.013245033112582781,0.0,True,True,True,True,True,,
720575940619793940,cell_class,gustatory,453,400,0.25,0.04,0.05,0.09713024282560706,0.5805739514348786,0.046357615894039736,0.0,0.26269315673289184,0.013245033112582781,0.0,False,True,False,False,False,,
720575940619793940,cell_class,gustatory,453,400,0.25,0.04,0.1,0.09713024282560706,0.5805739514348786,0.046357615894039736,0.0,0.26269315673289184,0.013245033112582781,0.0,False,False,False,False,False,,
720575940619793940,cell_class,gustatory,453,400,0.25,0.02,0.01,0.09713024282560706,0.5805739514348786,0.046357615894039736,0.0,0.26269315673289184,0.013245033112582781,0.0,True,True,True,True,True,,
720575940619793940,cell_class,gustatory,453,400,0.25,0.02,0.05,0.09713024282560706,0.5805739514348786,0.046357615894039736,0.0,0.26269315673289184,0.013245033112582781,0.0,False,True,False,False,False,,
720575940619793940,cell_class,gustatory,453,400,0.25,0.02,0.1,0.09713024282560706,0.5805739514348786,0.046357615894039736,0.0,0.26269315673289184,0.013245033112582781,0.0,False,False,False,False,False,,
720575940619793940,cell_class,gustatory,453,400,0.25,0.01,0.01,0.09713024282560706,0.5805739514348786,0.046357615894039736,0.0,0.26269315673289184,0.013245033112582781,0.0,True,True,True,True,True,,
720575940619793940,cell_class,gustatory,453,400,0.25,0.01,0.05,0.09713024282560706,0.5805739514348786,0.046357615894039736,0.0,0.26269315673289184,0.013245033112582781,0.0,False,False,False,False,False,,
720575940619793940,cell_class,gustatory,453,400,0.25,0.01,0.1,0.09713024282560706,0.5805739514348786,0.046357615894039736,0.0,0.26269315673289184,0.013245033112582781,0.0,False,False,False,False,False,,
720575940608295689,cell_class,gustatory,435,400,0.25,0.14285714285714285,0.01,0.05747126436781609,0.5333333333333333,0.059770114942528735,0.006896551724137931,0.3333333333333333,0.006896551724137931,0.0022988505747126436,True,True,True,True,False,False,
720575940608295689,cell_class,gustatory,435,400,0.25,0.14285714285714285,0.05,0.05747126436781609,0.5333333333333333,0.059770114942528735,0.006896551724137931,0.3333333333333333,0.006896551724137931,0.0022988505747126436,False,True,False,True,False,False,
720575940608295689,cell_class,gustatory,435,400,0.25,0.14285714285714285,0.1,0.05747126436781609,0.5333333333333333,0.059770114942528735,0.006896551724137931,0.3333333333333333,0.006896551724137931,0.0022988505747126436,False,True,False,True,False,False,
720575940608295689,cell_class,gustatory,435,400,0.25,0.04,0.01,0.05747126436781609,0.5333333333333333,0.059770114942528735,0.006896551724137931,0.3333333333333333,0.006896551724137931,0.0022988505747126436,True,True,True,True,False,False,
720575940608295689,cell_class,gustatory,435,400,0.25,0.04,0.05,0.05747126436781609,0.5333333333333333,0.059770114942528735,0.006896551724137931,0.3333333333333333,0.006896551724137931,0.0022988505747126436,False,True,False,True,False,False,
720575940608295689,cell_class,gustatory,435,400,0.25,0.04,0.1,0.05747126436781609,0.5333333333333333,0.059770114942528735,0.006896551724137931,0.3333333333333333,0.006896551724137931,0.0022988505747126436,False,False,False,False,False,False,
720575940608295689,cell_class,gustatory,435,400,0.25,0.02,0.01,0.05747126436781609,0.5333333333333333,0.059770114942528735,0.006896551724137931,0.3333333333333333,0.006896551724137931,0.0022988505747126436,True,True,True,True,False,False,
720575940608295689,cell_class,gustatory,435,400,0.25,0.02,0.05,0.05747126436781609,0.5333333333333333,0.059770114942528735,0.006896551724137931,0.3333333333333333,0.006896551724137931,0.0022988505747126436,False,True,False,False,False,False,
720575940608295689,cell_class,gustatory,435,400,0.25,0.02,0.1,0.05747126436781609,0.5333333333333333,0.059770114942528735,0.006896551724137931,0.3333333333333333,0.006896551724137931,0.0022988505747126436,False,False,False,False,False,False,
720575940608295689,cell_class,gustatory,435,400,0.25,0.01,0.01,0.05747126436781609,0.5333333333333333,0.059770114942528735,0.006896551724137931,0.3333333333333333,0.006896551724137931,0.0022988505747126436,True,True,True,True,False,False,
720575940608295689,cell_class,gustatory,435,400,0.25,0.01,0.05,0.05747126436781609,0.5333333333333333,0.059770114942528735,0.006896551724137931,0.3333333333333333,0.006896551724137931,0.0022988505747126436,False,True,False,False,False,False,
720575940608295689,cell_class,gustatory,435,400,0.25,0.01,0.1,0.05747126436781609,0.5333333333333333,0.059770114942528735,0.006896551724137931,0.3333333333333333,0.006896551724137931,0.0022988505747126436,False,False,False,False,False,False,
720575940622236671,cell_class,gustatory,1895,400,0.25,0.14285714285714285,0.01,0.0015831134564643799,0.8116094986807388,0.04643799472295514,0.0021108179419525065,0.062269129287598944,0.07598944591029023,0.0,False,True,True,True,True,False,
720575940622236671,cell_class,gustatory,1895,400,0.25,0.14285714285714285,0.05,0.0015831134564643799,0.8116094986807388,0.04643799472295514,0.0021108179419525065,0.062269129287598944,0.07598944591029023,0.0,False,True,False,False,False,False,
720575940622236671,cell_class,gustatory,1895,400,0.25,0.14285714285714285,0.1,0.0015831134564643799,0.8116094986807388,0.04643799472295514,0.0021108179419525065,0.062269129287598944,0.07598944591029023,0.0,False,True,False,False,False,False,
720575940622236671,cell_class,gustatory,1895,400,0.25,0.04,0.01,0.0015831134564643799,0.8116094986807388,0.04643799472295514,0.0021108179419525065,0.062269129287598944,0.07598944591029023,0.0,False,True,True,True,True,False,
720575940622236671,cell_class,gustatory,1895,400,0.25,0.04,0.05,0.0015831134564643799,0.8116094986807388,0.04643799472295514,0.0021108179419525065,0.062269129287598944,0.07598944591029023,0.0,False,True,False,False,False,False,
720575940622236671,cell_class,gustatory,1895,400,0.25,0.04,0.1,0.0015831134564643799,0.8116094986807388,0.04643799472295514,0.0021108179419525065,0.062269129287598944,0.07598944591029023,0.0,False,True,False,False,False,False,
720575940622236671,cell_class,gustatory,1895,400,0.25,0.02,0.01,0.0015831134564643799,0.8116094986807388,0.04643799472295514,0.0021108179419525065,0.062269129287598944,0.07598944591029023,0.0,False,True,False,True,False,False,
720575940622236671,cell_class,gustatory,1895,400,0.25,0.02,0.05,0.0015831134564643799,0.8116094986807388,0.04643799472295514,0.0021108179419525065,0.062269129287598944,0.07598944591029023,0.0,False,True,False,False,False,False,
720575940622236671,cell_class,gustatory,1895,400,0.25,0.02,0.1,0.0015831134564643799,0.8116094986807388,0.04643799472295514,0.0021108179419525065,0.062269129287598944,0.07598944591029023,0.0,False,False,False,False,False,False,
720575940622236671,cell_class,gustatory,1895,400,0.25,0.01,0.01,0.0015831134564643799,0.8116094986807388,0.04643799472295514,0.0021108179419525065,0.062269129287598944,0.07598944591029023,0.0,False,True,False,True,False,False,
720575940622236671,cell_class,gustatory,1895,400,0.25,0.01,0.05,0.0015831134564643799,0.8116094986807388,0.04643799472295514,0.0021108179419525065,0.062269129287598944,0.07598944591029023,0.0,False,False,False,False,False,False,
720575940622236671,cell_class,gustatory,1895,400,0.25,0.01,0.1,0.0015831134564643799,0.8116094986807388,0.04643799472295514,0.0021108179419525065,0.062269129287598944,0.07598944591029023,0.0,False,False,False,False,False,False,
720575940616971035,cell_class,gustatory,1725,400,0.25,0.14285714285714285,0.01,0.0011594202898550724,0.841159420289855,0.028405797101449276,0.002898550724637681,0.04753623188405797,0.0782608695652174,0.0005797101449275362,False,True,True,True,True,False,
720575940616971035,cell_class,gustatory,1725,400,0.25,0.14285714285714285,0.05,0.0011594202898550724,0.841159420289855,0.028405797101449276,0.002898550724637681,0.04753623188405797,0.0782608695652174,0.0005797101449275362,False,True,False,False,False,False,
720575940616971035,cell_class,gustatory,1725,400,0.25,0.14285714285714285,0.1,0.0011594202898550724,0.841159420289855,0.028405797101449276,0.002898550724637681,0.04753623188405797,0.0782608695652174,0.0005797101449275362,False,True,False,False,False,False,
720575940616971035,cell_class,gustatory,1725,400,0.25,0.04,0.01,0.0011594202898550724,0.841159420289855,0.028405797101449276,0.002898550724637681,0.04753623188405797,0.0782608695652174,0.0005797101449275362,False,True,False,True,True,False,
720575940616971035,cell_class,gustatory,1725,400,0.25,0.04,0.05,0.0011594202898550724,0.841159420289855,0.028405797101449276,0.002898550724637681,0.04753623188405797,0.0782608695652174,0.0005797101449275362,False,True,False,False,False,False,
720575940616971035,cell_class,gustatory,1725,400,0.25,0.04,0.1,0.0011594202898550724,0.841159420289855,0.028405797101449276,0.002898550724637681,0.04753623188405797,0.0782608695652174,0.0005797101449275362,False,False,False,False,False,False,
720575940616971035,cell_class,gustatory,1725,400,0.25,0.02,0.01,0.0011594202898550724,0.841159420289855,0.028405797101449276,0.002898550724637681,0.04753623188405797,0.0782608695652174,0.0005797101449275362,False,True,False,True,True,False,
720575940616971035,cell_class,gustatory,1725,400,0.25,0.02,0.05,0.0011594202898550724,0.841159420289855,0.028405797101449276,0.002898550724637681,0.04753623188405797,0.0782608695652174,0.0005797101449275362,False,True,False,False,False,False,
720575940616971035,cell_class,gustatory,1725,400,0.25,0.02,0.1,0.0011594202898550724,0.841159420289855,0.028405797101449276,0.002898550724637681,0.04753623188405797,0.0782608695652174,0.0005797101449275362,False,False,False,False,False,False,
720575940616971035,cell_class,gustatory,1725,400,0.25,0.01,0.01,0.0011594202898550724,0.841159420289855,0.028405797101449276,0.002898550724637681,0.04753623188405797,0.0782608695652174,0.0005797101449275362,False,True,False,False,False,False,
720575940616971035,cell_class,gustatory,1725,400,0.25,0.01,0.05,0.0011594202898550724,0.841159420289855,0.028405797101449276,0.002898550724637681,0.04753623188405797,0.0782608695652174,0.0005797101449275362,False,True,False,False,False,False,
720575940616971035,cell_class,gustatory,1725,400,0.25,0.01,0.1,0.0011594202898550724,0.841159420289855,0.028405797101449276,0.002898550724637681,0.04753623188405797,0.0782608695652174,0.0005797101449275362,False,False,False,False,False,False,
720575940660292225,cell_class,gustatory,628,400,0.25,0.14285714285714285,0.01,0.007961783439490446,0.714968152866242,0.006369426751592357,0.0015923566878980893,0.2213375796178344,0.04777070063694268,0.0,False,True,False,True,True,,
720575940660292225,cell_class,gustatory,628,400,0.25,0.14285714285714285,0.05,0.007961783439490446,0.714968152866242,0.006369426751592357,0.0015923566878980893,0.2213375796178344,0.04777070063694268,0.0,False,True,False,False,False,,
720575940660292225,cell_class,gustatory,628,400,0.25,0.14285714285714285,0.1,0.007961783439490446,0.714968152866242,0.006369426751592357,0.0015923566878980893,0.2213375796178344,0.04777070063694268,0.0,False,True,False,False,False,,
720575940660292225,cell_class,gustatory,628,400,0.25,0.04,0.01,0.007961783439490446,0.714968152866242,0.006369426751592357,0.0015923566878980893,0.2213375796178344,0.04777070063694268,0.0,False,True,False,True,False,,
720575940660292225,cell_class,gustatory,628,400,0.25,0.04,0.05,0.007961783439490446,0.714968152866242,0.006369426751592357,0.0015923566878980893,0.2213375796178344,0.04777070063694268,0.0,False,True,False,False,False,,
720575940660292225,cell_class,gustatory,628,400,0.25,0.04,0.1,0.007961783439490446,0.714968152866242,0.006369426751592357,0.0015923566878980893,0.2213375796178344,0.04777070063694268,0.0,False,False,False,False,False,,
720575940660292225,cell_class,gustatory,628,400,0.25,0.02,0.01,0.007961783439490446,0.714968152866242,0.006369426751592357,0.0015923566878980893,0.2213375796178344,0.04777070063694268,0.0,False,True,False,True,False,,
720575940660292225,cell_class,gustatory,628,400,0.25,0.02,0.05,0.007961783439490446,0.714968152866242,0.006369426751592357,0.0015923566878980893,0.2213375796178344,0.04777070063694268,0.0,False,True,False,False,False,,
720575940660292225,cell_class,gustatory,628,400,0.25,0.02,0.1,0.007961783439490446,0.714968152866242,0.006369426751592357,0.0015923566878980893,0.2213375796178344,0.04777070063694268,0.0,False,False,False,False,False,,
720575940660292225,cell_class,gustatory,628,400,0.25,0.01,0.01,0.007961783439490446,0.714968152866242,0.006369426751592357,0.0015923566878980893,0.2213375796178344,0.04777070063694268,0.0,False,True,False,True,False,,
720575940660292225,cell_class,gustatory,628,400,0.25,0.01,0.05,0.007961783439490446,0.714968152866242,0.006369426751592357,0.0015923566878980893,0.2213375796178344,0.04777070063694268,0.0,False,False,False,False,False,,
720575940660292225,cell_class,gustatory,628,400,0.25,0.01,0.1,0.007961783439490446,0.714968152866242,0.006369426751592357,0.0015923566878980893,0.2213375796178344,0.04777070063694268,0.0,False,False,False,False,False,,
720575940612422579,cell_class,gustatory,524,400,0.25,0.14285714285714285,0.01,0.009541984732824428,0.24427480916030533,0.06297709923664122,0.03625954198473282,0.6087786259541985,0.03816793893129771,0.0,False,True,True,True,True,True,
720575940612422579,cell_class,gustatory,524,400,0.25,0.14285714285714285,0.05,0.009541984732824428,0.24427480916030533,0.06297709923664122,0.03625954198473282,0.6087786259541985,0.03816793893129771,0.0,False,True,False,True,False,False,
720575940612422579,cell_class,gustatory,524,400,0.25,0.14285714285714285,0.1,0.009541984732824428,0.24427480916030533,0.06297709923664122,0.03625954198473282,0.6087786259541985,0.03816793893129771,0.0,False,True,False,True,False,False,
720575940612422579,cell_class,gustatory,524,400,0.25,0.04,0.01,0.009541984732824428,0.24427480916030533,0.06297709923664122,0.03625954198473282,0.6087786259541985,0.03816793893129771,0.0,False,True,True,True,True,True,
720575940612422579,cell_class,gustatory,524,400,0.25,0.04,0.05,0.009541984732824428,0.24427480916030533,0.06297709923664122,0.03625954198473282,0.6087786259541985,0.03816793893129771,0.0,False,True,False,True,False,False,
720575940612422579,cell_class,gustatory,524,400,0.25,0.04,0.1,0.009541984732824428,0.24427480916030533,0.06297709923664122,0.03625954198473282,0.6087786259541985,0.03816793893129771,0.0,False,False,False,False,False,False,
720575940612422579,cell_class,gustatory,524,400,0.25,0.02,0.01,0.009541984732824428,0.24427480916030533,0.06297709923664122,0.03625954198473282,0.6087786259541985,0.03816793893129771,0.0,False,True,True,True,True,True,
720575940612422579,cell_class,gustatory,524,400,0.25,0.02,0.05,0.009541984732824428,0.24427480916030533,0.06297709923664122,0.03625954198473282,0.6087786259541985,0.03816793893129771,0.0,False,True,False,False,False,False,
720575940612422579,cell_class,gustatory,524,400,0.25,0.02,0.1,0.009541984732824428,0.24427480916030533,0.06297709923664122,0.03625954198473282,0.6087786259541985,0.03816793893129771,0.0,False,False,False,False,False,False,
720575940612422579,cell_class,gustatory,524,400,0.25,0.01,0.01,0.009541984732824428,0.24427480916030533,0.06297709923664122,0.03625954198473282,0.6087786259541985,0.03816793893129771,0.0,False,True,True,True,False,True,
720575940612422579,cell_class,gustatory,524,400,0.25,0.01,0.05,0.009541984732824428,0.24427480916030533,0.06297709923664122,0.03625954198473282,0.6087786259541985,0.03816793893129771,0.0,False,True,False,False,False,False,
720575940612422579,cell_class,gustatory,524,400,0.25,0.01,0.1,0.009541984732824428,0.24427480916030533,0.06297709923664122,0.03625954198473282,0.6087786259541985,0.03816793893129771,0.0,False,False,False,False,False,False,
720575940620289701,cell_class,gustatory,582,400,0.25,0.14285714285714285,0.01,0.015463917525773196,0.39862542955326463,0.01718213058419244,0.02577319587628866,0.4518900343642612,0.08934707903780069,0.001718213058419244,True,True,True,True,True,True,
720575940620289701,cell_class,gustatory,582,400,0.25,0.14285714285714285,0.05,0.015463917525773196,0.39862542955326463,0.01718213058419244,0.02577319587628866,0.4518900343642612,0.08934707903780069,0.001718213058419244,False,True,False,True,False,False,
720575940620289701,cell_class,gustatory,582,400,0.25,0.14285714285714285,0.1,0.015463917525773196,0.39862542955326463,0.01718213058419244,0.02577319587628866,0.4518900343642612,0.08934707903780069,0.001718213058419244,False,True,False,True,False,False,
720575940620289701,cell_class,gustatory,582,400,0.25,0.04,0.01,0.015463917525773196,0.39862542955326463,0.01718213058419244,0.02577319587628866,0.4518900343642612,0.08934707903780069,0.001718213058419244,False,True,False,True,True,True,
720575940620289701,cell_class,gustatory,582,400,0.25,0.04,0.05,0.015463917525773196,0.39862542955326463,0.01718213058419244,0.02577319587628866,0.4518900343642612,0.08934707903780069,0.001718213058419244,False,False,False,True,False,False,
720575940620289701,cell_class,gustatory,582,400,0.25,0.04,0.1,0.015463917525773196,0.39862542955326463,0.01718213058419244,0.02577319587628866,0.4518900343642612,0.08934707903780069,0.001718213058419244,False,False,False,False,False,False,
720575940620289701,cell_class,gustatory,582,400,0.25,0.02,0.01,0.015463917525773196,0.39862542955326463,0.01718213058419244,0.02577319587628866,0.4518900343642612,0.08934707903780069,0.001718213058419244,False,True,False,True,True,True,
720575940620289701,cell_class,gustatory,582,400,0.25,0.02,0.05,0.015463917525773196,0.39862542955326463,0.01718213058419244,0.02577319587628866,0.4518900343642612,0.08934707903780069,0.001718213058419244,False,False,False,False,False,False,
720575940620289701,cell_class,gustatory,582,400,0.25,0.02,0.1,0.015463917525773196,0.39862542955326463,0.01718213058419244,0.02577319587628866,0.4518900343642612,0.08934707903780069,0.001718213058419244,False,False,False,False,False,False,
720575940620289701,cell_class,gustatory,582,400,0.25,0.01,0.01,0.015463917525773196,0.39862542955326463,0.01718213058419244,0.02577319587628866,0.4518900343642612,0.08934707903780069,0.001718213058419244,False,True,False,True,True,True,
720575940620289701,cell_class,gustatory,582,400,0.25,0.01,0.05,0.015463917525773196,0.39862542955326463,0.01718213058419244,0.02577319587628866,0.4518900343642612,0.08934707903780069,0.001718213058419244,False,False,False,False,False,False,
720575940620289701,cell_class,gustatory,582,400,0.25,0.01,0.1,0.015463917525773196,0.39862542955326463,0.01718213058419244,0.02577319587628866,0.4518900343642612,0.08934707903780069,0.001718213058419244,False,False,False,False,False,False,
720575940627394376,cell_class,gustatory,570,400,0.25,0.14285714285714285,0.01,0.014035087719298246,0.07368421052631578,0.6877192982456141,0.0,0.19298245614035087,0.031578947368421054,0.0,True,True,True,True,True,,
720575940627394376,cell_class,gustatory,570,400,0.25,0.14285714285714285,0.05,0.014035087719298246,0.07368421052631578,0.6877192982456141,0.0,0.19298245614035087,0.031578947368421054,0.0,False,False,True,True,False,,
720575940627394376,cell_class,gustatory,570,400,0.25,0.14285714285714285,0.1,0.014035087719298246,0.07368421052631578,0.6877192982456141,0.0,0.19298245614035087,0.031578947368421054,0.0,False,False,True,False,False,,
720575940627394376,cell_class,gustatory,570,400,0.25,0.04,0.01,0.014035087719298246,0.07368421052631578,0.6877192982456141,0.0,0.19298245614035087,0.031578947368421054,0.0,False,True,True,True,False,,
720575940627394376,cell_class,gustatory,570,400,0.25,0.04,0.05,0.014035087719298246,0.07368421052631578,0.6877192982456141,0.0,0.19298245614035087,0.031578947368421054,0.0,False,False,True,False,False,,
720575940627394376,cell_class,gustatory,570,400,0.25,0.04,0.1,0.014035087719298246,0.07368421052631578,0.6877192982456141,0.0,0.19298245614035087,0.031578947368421054,0.0,False,False,False,False,False,,
720575940627394376,cell_class,gustatory,570,400,0.25,0.02,0.01,0.014035087719298246,0.07368421052631578,0.6877192982456141,0.0,0.19298245614035087,0.031578947368421054,0.0,False,True,True,True,False,,
720575940627394376,cell_class,gustatory,570,400,0.25,0.02,0.05,0.014035087719298246,0.07368421052631578,0.6877192982456141,0.0,0.19298245614035087,0.031578947368421054,0.0,False,False,False,False,False,,
720575940627394376,cell_class,gustatory,570,400,0.25,0.02,0.1,0.014035087719298246,0.07368421052631578,0.6877192982456141,0.0,0.19298245614035087,0.031578947368421054,0.0,False,False,False,False,False,,
720575940627394376,cell_class,gustatory,570,400,0.25,0.01,0.01,0.014035087719298246,0.07368421052631578,0.6877192982456141,0.0,0.19298245614035087,0.031578947368421054,0.0,False,True,True,True,False,,
720575940627394376,cell_class,gustatory,570,400,0.25,0.01,0.05,0.014035087719298246,0.07368421052631578,0.6877192982456141,0.0,0.19298245614035087,0.031578947368421054,0.0,False,False,False,False,False,,
720575940627394376,cell_class,gustatory,570,400,0.25,0.01,0.1,0.014035087719298246,0.07368421052631578,0.6877192982456141,0.0,0.19298245614035087,0.031578947368421054,0.0,False,False,False,False,False,,
720575940628198503,cell_class,gustatory,1455,400,0.25,0.14285714285714285,0.01,0.020618556701030927,0.7230240549828179,0.021305841924398626,0.003436426116838488,0.056357388316151204,0.17457044673539518,0.0006872852233676976,False,True,False,True,True,False,
720575940628198503,cell_class,gustatory,1455,400,0.25,0.14285714285714285,0.05,0.020618556701030927,0.7230240549828179,0.021305841924398626,0.003436426116838488,0.056357388316151204,0.17457044673539518,0.0006872852233676976,False,True,False,False,True,False,
720575940628198503,cell_class,gustatory,1455,400,0.25,0.14285714285714285,0.1,0.020618556701030927,0.7230240549828179,0.021305841924398626,0.003436426116838488,0.056357388316151204,0.17457044673539518,0.0006872852233676976,False,True,False,False,False,False,
720575940628198503,cell_class,gustatory,1455,400,0.25,0.04,0.01,0.020618556701030927,0.7230240549828179,0.021305841924398626,0.003436426116838488,0.056357388316151204,0.17457044673539518,0.0006872852233676976,False,True,False,True,True,False,
720575940628198503,cell_class,gustatory,1455,400,0.25,0.04,0.05,0.020618556701030927,0.7230240549828179,0.021305841924398626,0.003436426116838488,0.056357388316151204,0.17457044673539518,0.0006872852233676976,False,True,False,False,False,False,
720575940628198503,cell_class,gustatory,1455,400,0.25,0.04,0.1,0.020618556701030927,0.7230240549828179,0.021305841924398626,0.003436426116838488,0.056357388316151204,0.17457044673539518,0.0006872852233676976,False,True,False,False,False,False,
720575940628198503,cell_class,gustatory,1455,400,0.25,0.02,0.01,0.020618556701030927,0.7230240549828179,0.021305841924398626,0.003436426116838488,0.056357388316151204,0.17457044673539518,0.0006872852233676976,False,True,False,False,True,False,
720575940628198503,cell_class,gustatory,1455,400,0.25,0.02,0.05,0.020618556701030927,0.7230240549828179,0.021305841924398626,0.003436426116838488,0.056357388316151204,0.17457044673539518,0.0006872852233676976,False,True,False,False,False,False,
720575940628198503,cell_class,gustatory,1455,400,0.25,0.02,0.1,0.020618556701030927,0.7230240549828179,0.021305841924398626,0.003436426116838488,0.056357388316151204,0.17457044673539518,0.0006872852233676976,False,False,False,False,False,False,
720575940628198503,cell_class,gustatory,1455,400,0.25,0.01,0.01,0.020618556701030927,0.7230240549828179,0.021305841924398626,0.003436426116838488,0.056357388316151204,0.17457044673539518,0.0006872852233676976,False,True,False,False,True,False,
720575940628198503,cell_class,gustatory,1455,400,0.25,0.01,0.05,0.020618556701030927,0.7230240549828179,0.021305841924398626,0.003436426116838488,0.056357388316151204,0.17457044673539518,0.0006872852233676976,False,False,False,False,False,False,
720575940628198503,cell_class,gustatory,1455,400,0.25,0.01,0.1,0.020618556701030927,0.7230240549828179,0.021305841924398626,0.003436426116838488,0.056357388316151204,0.17457044673539518,0.0006872852233676976,False,False,False,False,False,False,
720575940615089369,cell_class,gustatory,1528,400,0.25,0.14285714285714285,0.01,0.014397905759162303,0.8226439790575916,0.016361256544502618,0.002617801047120419,0.018979057591623036,0.125,0.0,False,True,True,False,True,False,
720575940615089369,cell_class,gustatory,1528,400,0.25,0.14285714285714285,0.05,0.014397905759162303,0.8226439790575916,0.016361256544502618,0.002617801047120419,0.018979057591623036,0.125,0.0,False,True,False,False,True,False,
720575940615089369,cell_class,gustatory,1528,400,0.25,0.14285714285714285,0.1,0.014397905759162303,0.8226439790575916,0.016361256544502618,0.002617801047120419,0.018979057591623036,0.125,0.0,False,True,False,False,False,False,
720575940615089369,cell_class,gustatory,1528,400,0.25,0.04,0.01,0.014397905759162303,0.8226439790575916,0.016361256544502618,0.002617801047120419,0.018979057591623036,0.125,0.0,False,True,False,False,True,False,
720575940615089369,cell_class,gustatory,1528,400,0.25,0.04,0.05,0.014397905759162303,0.8226439790575916,0.016361256544502618,0.002617801047120419,0.018979057591623036,0.125,0.0,False,True,False,False,False,False,
720575940615089369,cell_class,gustatory,1528,400,0.25,0.04,0.1,0.014397905759162303,0.8226439790575916,0.016361256544502618,0.002617801047120419,0.018979057591623036,0.125,0.0,False,False,False,False,False,False,
720575940615089369,cell_class,gustatory,1528,400,0.25,0.02,0.01,0.014397905759162303,0.8226439790575916,0.016361256544502618,0.002617801047120419,0.018979057591623036,0.125,0.0,False,True,False,False,True,False,
720575940615089369,cell_class,gustatory,1528,400,0.25,0.02,0.05,0.014397905759162303,0.8226439790575916,0.016361256544502618,0.002617801047120419,0.018979057591623036,0.125,0.0,False,True,False,False,False,False,
720575940615089369,cell_class,gustatory,1528,400,0.25,0.02,0.1,0.014397905759162303,0.8226439790575916,0.016361256544502618,0.002617801047120419,0.018979057591623036,0.125,0.0,False,False,False,False,False,False,
720575940615089369,cell_class,gustatory,1528,400,0.25,0.01,0.01,0.014397905759162303,0.8226439790575916,0.016361256544502618,0.002617801047120419,0.018979057591623036,0.125,0.0,False,True,False,False,True,False,
720575940615089369,cell_class,gustatory,1528,400,0.25,0.01,0.05,0.014397905759162303,0.8226439790575916,0.016361256544502618,0.002617801047120419,0.018979057591623036,0.125,0.0,False,True,False,False,False,False,
720575940615089369,cell_class,gustatory,1528,400,0.25,0.01,0.1,0.014397905759162303,0.8226439790575916,0.016361256544502618,0.002617801047120419,0.018979057591623036,0.125,0.0,False,False,False,False,False,False,
720575940627402568,cell_class,gustatory,1510,400,0.25,0.14285714285714285,0.01,0.05827814569536424,0.7013245033112583,0.06556291390728476,0.0,0.05894039735099338,0.1152317880794702,0.0006622516556291391,True,True,True,True,True,,
720575940627402568,cell_class,gustatory,1510,400,0.25,0.14285714285714285,0.05,0.05827814569536424,0.7013245033112583,0.06556291390728476,0.0,0.05894039735099338,0.1152317880794702,0.0006622516556291391,False,True,False,False,True,,
720575940627402568,cell_class,gustatory,1510,400,0.25,0.14285714285714285,0.1,0.05827814569536424,0.7013245033112583,0.06556291390728476,0.0,0.05894039735099338,0.1152317880794702,0.0006622516556291391,False,True,False,False,False,,
720575940627402568,cell_class,gustatory,1510,400,0.25,0.04,0.01,0.05827814569536424,0.7013245033112583,0.06556291390728476,0.0,0.05894039735099338,0.1152317880794702,0.0006622516556291391,True,True,True,True,True,,
720575940627402568,cell_class,gustatory,1510,400,0.25,0.04,0.05,0.05827814569536424,0.7013245033112583,0.06556291390728476,0.0,0.05894039735099338,0.1152317880794702,0.0006622516556291391,False,True,False,False,False,,
720575940627402568,cell_class,gustatory,1510,400,0.25,0.04,0.1,0.05827814569536424,0.7013245033112583,0.06556291390728476,0.0,0.05894039735099338,0.1152317880794702,0.0006622516556291391,False,False,False,False,False,,
720575940627402568,cell_class,gustatory,1510,400,0.25,0.02,0.01,0.05827814569536424,0.7013245033112583,0.06556291390728476,0.0,0.05894039735099338,0.1152317880794702,0.0006622516556291391,True,True,True,True,True,,
720575940627402568,cell_class,gustatory,1510,400,0.25,0.02,0.05,0.05827814569536424,0.7013245033112583,0.06556291390728476,0.0,0.05894039735099338,0.1152317880794702,0.0006622516556291391,False,True,False,False,False,,
720575940627402568,cell_class,gustatory,1510,400,0.25,0.02,0.1,0.05827814569536424,0.7013245033112583,0.06556291390728476,0.0,0.05894039735099338,0.1152317880794702,0.0006622516556291391,False,False,False,False,False,,
720575940627402568,cell_class,gustatory,1510,400,0.25,0.01,0.01,0.05827814569536424,0.7013245033112583,0.06556291390728476,0.0,0.05894039735099338,0.1152317880794702,0.0006622516556291391,False,True,False,True,False,,
720575940627402568,cell_class,gustatory,1510,400,0.25,0.01,0.05,0.05827814569536424,0.7013245033112583,0.06556291390728476,0.0,0.05894039735099338,0.1152317880794702,0.0006622516556291391,False,False,False,False,False,,
720575940627402568,cell_class,gustatory,1510,400,0.25,0.01,0.1,0.05827814569536424,0.7013245033112583,0.06556291390728476,0.0,0.05894039735099338,0.1152317880794702,0.0006622516556291391,False,False,False,False,False,,
720575940620589838,cell_class,gustatory,1460,400,0.25,0.14285714285714285,0.01,0.02671232876712329,0.5383561643835616,0.09794520547945205,0.0006849315068493151,0.1863013698630137,0.14931506849315068,0.0006849315068493151,True,True,True,True,True,,
720575940620589838,cell_class,gustatory,1460,400,0.25,0.14285714285714285,0.05,0.02671232876712329,0.5383561643835616,0.09794520547945205,0.0006849315068493151,0.1863013698630137,0.14931506849315068,0.0006849315068493151,False,True,True,True,True,,
720575940620589838,cell_class,gustatory,1460,400,0.25,0.14285714285714285,0.1,0.02671232876712329,0.5383561643835616,0.09794520547945205,0.0006849315068493151,0.1863013698630137,0.14931506849315068,0.0006849315068493151,False,True,False,False,False,,
720575940620589838,cell_class,gustatory,1460,400,0.25,0.04,0.01,0.02671232876712329,0.5383561643835616,0.09794520547945205,0.0006849315068493151,0.1863013698630137,0.14931506849315068,0.0006849315068493151,False,True,True,True,True,,
720575940620589838,cell_class,gustatory,1460,400,0.25,0.04,0.05,0.02671232876712329,0.5383561643835616,0.09794520547945205,0.0006849315068493151,0.1863013698630137,0.14931506849315068,0.0006849315068493151,False,True,False,False,False,,
720575940620589838,cell_class,gustatory,1460,400,0.25,0.04,0.1,0.02671232876712329,0.5383561643835616,0.09794520547945205,0.0006849315068493151,0.1863013698630137,0.14931506849315068,0.0006849315068493151,False,True,False,False,False,,
720575940620589838,cell_class,gustatory,1460,400,0.25,0.02,0.01,0.02671232876712329,0.5383561643835616,0.09794520547945205,0.0006849315068493151,0.1863013698630137,0.14931506849315068,0.0006849315068493151,False,True,True,True,True,,
720575940620589838,cell_class,gustatory,1460,400,0.25,0.02,0.05,0.02671232876712329,0.5383561643835616,0.09794520547945205,0.0006849315068493151,0.1863013698630137,0.14931506849315068,0.0006849315068493151,False,True,False,False,False,,
720575940620589838,cell_class,gustatory,1460,400,0.25,0.02,0.1,0.02671232876712329,0.5383561643835616,0.09794520547945205,0.0006849315068493151,0.1863013698630137,0.14931506849315068,0.0006849315068493151,False,False,False,False,False,,
720575940620589838,cell_class,gustatory,1460,400,0.25,0.01,0.01,0.02671232876712329,0.5383561643835616,0.09794520547945205,0.0006849315068493151,0.1863013698630137,0.14931506849315068,0.0006849315068493151,False,True,True,True,True,,
720575940620589838,cell_class,gustatory,1460,400,0.25,0.01,0.05,0.02671232876712329,0.5383561643835616,0.09794520547945205,0.0006849315068493151,0.1863013698630137,0.14931506849315068,0.0006849315068493151,False,False,False,False,False,,
720575940620589838,cell_class,gustatory,1460,400,0.25,0.01,0.1,0.02671232876712329,0.5383561643835616,0.09794520547945205,0.0006849315068493151,0.1863013698630137,0.14931506849315068,0.0006849315068493151,False,False,False,False,False,,
720575940609476562,cell_class,gustatory,1385,400,0.25,0.14285714285714285,0.01,0.05703971119133574,0.451985559566787,0.41732851985559566,0.006498194945848376,0.01516245487364621,0.05198555956678701,0.0,True,True,True,False,True,False,
720575940609476562,cell_class,gustatory,1385,400,0.25,0.14285714285714285,0.05,0.05703971119133574,0.451985559566787,0.41732851985559566,0.006498194945848376,0.01516245487364621,0.05198555956678701,0.0,False,True,True,False,True,False,
720575940609476562,cell_class,gustatory,1385,400,0.25,0.14285714285714285,0.1,0.05703971119133574,0.451985559566787,0.41732851985559566,0.006498194945848376,0.01516245487364621,0.05198555956678701,0.0,False,True,True,False,False,False,
720575940609476562,cell_class,gustatory,1385,400,0.25,0.04,0.01,0.05703971119133574,0.451985559566787,0.41732851985559566,0.006498194945848376,0.01516245487364621,0.05198555956678701,0.0,False,True,True,False,False,False,
720575940609476562,cell_class,gustatory,1385,400,0.25,0.04,0.05,0.05703971119133574,0.451985559566787,0.41732851985559566,0.006498194945848376,0.01516245487364621,0.05198555956678701,0.0,False,True,False,False,False,False,
720575940609476562,cell_class,gustatory,1385,400,0.25,0.04,0.1,0.05703971119133574,0.451985559566787,0.41732851985559566,0.006498194945848376,0.01516245487364621,0.05198555956678701,0.0,False,False,False,False,False,False,
720575940609476562,cell_class,gustatory,1385,400,0.25,0.02,0.01,0.05703971119133574,0.451985559566787,0.41732851985559566,0.006498194945848376,0.01516245487364621,0.05198555956678701,0.0,False,True,True,False,False,False,
720575940609476562,cell_class,gustatory,1385,400,0.25,0.02,0.05,0.05703971119133574,0.451985559566787,0.41732851985559566,0.006498194945848376,0.01516245487364621,0.05198555956678701,0.0,False,False,False,False,False,False,
720575940609476562,cell_class,gustatory,1385,400,0.25,0.02,0.1,0.05703971119133574,0.451985559566787,0.41732851985559566,0.006498194945848376,0.01516245487364621,0.05198555956678701,0.0,False,False,False,False,False,False,
720575940609476562,cell_class,gustatory,1385,400,0.25,0.01,0.01,0.05703971119133574,0.451985559566787,0.41732851985559566,0.006498194945848376,0.01516245487364621,0.05198555956678701,0.0,False,True,True,False,False,False,
720575940609476562,cell_class,gustatory,1385,400,0.25,0.01,0.05,0.05703971119133574,0.451985559566787,0.41732851985559566,0.006498194945848376,0.01516245487364621,0.05198555956678701,0.0,False,False,False,False,False,False,
720575940609476562,cell_class,gustatory,1385,400,0.25,0.01,0.1,0.05703971119133574,0.451985559566787,0.41732851985559566,0.006498194945848376,0.01516245487364621,0.05198555956678701,0.0,False,False,False,False,False,False,
720575940620185515,cell_class,gustatory,1405,400,0.25,0.14285714285714285,0.01,0.08327402135231317,0.4619217081850534,0.35373665480427047,0.0007117437722419929,0.05195729537366548,0.04768683274021352,0.0007117437722419929,True,True,True,True,True,,
720575940620185515,cell_class,gustatory,1405,400,0.25,0.14285714285714285,0.05,0.08327402135231317,0.4619217081850534,0.35373665480427047,0.0007117437722419929,0.05195729537366548,0.04768683274021352,0.0007117437722419929,False,True,True,False,False,,
720575940620185515,cell_class,gustatory,1405,400,0.25,0.14285714285714285,0.1,0.08327402135231317,0.4619217081850534,0.35373665480427047,0.0007117437722419929,0.05195729537366548,0.04768683274021352,0.0007117437722419929,False,True,True,False,False,,
720575940620185515,cell_class,gustatory,1405,400,0.25,0.04,0.01,0.08327402135231317,0.4619217081850534,0.35373665480427047,0.0007117437722419929,0.05195729537366548,0.04768683274021352,0.0007117437722419929,True,True,True,False,False,,
720575940620185515,cell_class,gustatory,1405,400,0.25,0.04,0.05,0.08327402135231317,0.4619217081850534,0.35373665480427047,0.0007117437722419929,0.05195729537366548,0.04768683274021352,0.0007117437722419929,False,False,False,False,False,,
720575940620185515,cell_class,gustatory,1405,400,0.25,0.04,0.1,0.08327402135231317,0.4619217081850534,0.35373665480427047,0.0007117437722419929,0.05195729537366548,0.04768683274021352,0.0007117437722419929,False,False,False,False,False,,
720575940620185515,cell_class,gustatory,1405,400,0.25,0.02,0.01,0.08327402135231317,0.4619217081850534,0.35373665480427047,0.0007117437722419929,0.05195729537366548,0.04768683274021352,0.0007117437722419929,True,True,True,False,False,,
720575940620185515,cell_class,gustatory,1405,400,0.25,0.02,0.05,0.08327402135231317,0.4619217081850534,0.35373665480427047,0.0007117437722419929,0.05195729537366548,0.04768683274021352,0.0007117437722419929,False,False,False,False,False,,
720575940620185515,cell_class,gustatory,1405,400,0.25,0.02,0.1,0.08327402135231317,0.4619217081850534,0.35373665480427047,0.0007117437722419929,0.05195729537366548,0.04768683274021352,0.0007117437722419929,False,False,False,False,False,,
720575940620185515,cell_class,gustatory,1405,400,0.25,0.01,0.01,0.08327402135231317,0.4619217081850534,0.35373665480427047,0.0007117437722419929,0.05195729537366548,0.04768683274021352,0.0007117437722419929,True,True,True,False,False,,
720575940620185515,cell_class,gustatory,1405,400,0.25,0.01,0.05,0.08327402135231317,0.4619217081850534,0.35373665480427047,0.0007117437722419929,0.05195729537366548,0.04768683274021352,0.0007117437722419929,False,False,False,False,False,,
720575940620185515,cell_class,gustatory,1405,400,0.25,0.01,0.1,0.08327402135231317,0.4619217081850534,0.35373665480427047,0.0007117437722419929,0.05195729537366548,0.04768683274021352,0.0007117437722419929,False,False,False,False,False,,
720575940606801282,cell_class,gustatory,1281,400,0.25,0.14285714285714285,0.01,0.03278688524590164,0.5027322404371585,0.12802498048399688,0.00468384074941452,0.16939890710382513,0.16159250585480095,0.00078064012490242,True,True,True,True,True,False,
720575940606801282,cell_class,gustatory,1281,400,0.25,0.14285714285714285,0.05,0.03278688524590164,0.5027322404371585,0.12802498048399688,0.00468384074941452,0.16939890710382513,0.16159250585480095,0.00078064012490242,False,True,True,True,True,False,
720575940606801282,cell_class,gustatory,1281,400,0.25,0.14285714285714285,0.1,0.03278688524590164,0.5027322404371585,0.12802498048399688,0.00468384074941452,0.16939890710382513,0.16159250585480095,0.00078064012490242,False,True,False,False,True,False,
720575940606801282,cell_class,gustatory,1281,400,0.25,0.04,0.01,0.03278688524590164,0.5027322404371585,0.12802498048399688,0.00468384074941452,0.16939890710382513,0.16159250585480095,0.00078064012490242,True,True,True,True,True,False,
720575940606801282,cell_class,gustatory,1281,400,0.25,0.04,0.05,0.03278688524590164,0.5027322404371585,0.12802498048399688,0.00468384074941452,0.16939890710382513,0.16159250585480095,0.00078064012490242,False,True,False,False,False,False,
720575940606801282,cell_class,gustatory,1281,400,0.25,0.04,0.1,0.03278688524590164,0.5027322404371585,0.12802498048399688,0.00468384074941452,0.16939890710382513,0.16159250585480095,0.00078064012490242,False,False,False,False,False,False,
720575940606801282,cell_class,gustatory,1281,400,0.25,0.02,0.01,0.03278688524590164,0.5027322404371585,0.12802498048399688,0.00468384074941452,0.16939890710382513,0.16159250585480095,0.00078064012490242,True,True,True,True,True,False,
720575940606801282,cell_class,gustatory,1281,400,0.25,0.02,0.05,0.03278688524590164,0.5027322404371585,0.12802498048399688,0.00468384074941452,0.16939890710382513,0.16159250585480095,0.00078064012490242,False,False,False,False,False,False,
720575940606801282,cell_class,gustatory,1281,400,0.25,0.02,0.1,0.03278688524590164,0.5027322404371585,0.12802498048399688,0.00468384074941452,0.16939890710382513,0.16159250585480095,0.00078064012490242,False,False,False,False,False,False,
720575940606801282,cell_class,gustatory,1281,400,0.25,0.01,0.01,0.03278688524590164,0.5027322404371585,0.12802498048399688,0.00468384074941452,0.16939890710382513,0.16159250585480095,0.00078064012490242,False,True,True,True,True,False,
720575940606801282,cell_class,gustatory,1281,400,0.25,0.01,0.05,0.03278688524590164,0.5027322404371585,0.12802498048399688,0.00468384074941452,0.16939890710382513,0.16159250585480095,0.00078064012490242,False,False,False,False,False,False,
720575940606801282,cell_class,gustatory,1281,400,0.25,0.01,0.1,0.03278688524590164,0.5027322404371585,0.12802498048399688,0.00468384074941452,0.16939890710382513,0.16159250585480095,0.00078064012490242,False,False,False,False,False,False,
720575940622486922,cell_class,gustatory,1300,400,0.25,0.14285714285714285,0.01,0.07692307692307693,0.43153846153846154,0.32769230769230767,0.002307692307692308,0.07076923076923076,0.09,0.0007692307692307692,True,True,True,True,True,False,
720575940622486922,cell_class,gustatory,1300,400,0.25,0.14285714285714285,0.05,0.07692307692307693,0.43153846153846154,0.32769230769230767,0.002307692307692308,0.07076923076923076,0.09,0.0007692307692307692,True,True,True,True,True,False,
720575940622486922,cell_class,gustatory,1300,400,0.25,0.14285714285714285,0.1,0.07692307692307693,0.43153846153846154,0.32769230769230767,0.002307692307692308,0.07076923076923076,0.09,0.0007692307692307692,False,True,True,False,False,False,
720575940622486922,cell_class,gustatory,1300,400,0.25,0.04,0.01,0.07692307692307693,0.43153846153846154,0.32769230769230767,0.002307692307692308,0.07076923076923076,0.09,0.0007692307692307692,True,True,True,True,True,False,
720575940622486922,cell_class,gustatory,1300,400,0.25,0.04,0.05,0.07692307692307693,0.43153846153846154,0.32769230769230767,0.002307692307692308,0.07076923076923076,0.09,0.0007692307692307692,False,True,True,False,False,False,
720575940622486922,cell_class,gustatory,1300,400,0.25,0.04,0.1,0.07692307692307693,0.43153846153846154,0.32769230769230767,0.002307692307692308,0.07076923076923076,0.09,0.0007692307692307692,False,False,False,False,False,False,
720575940622486922,cell_class,gustatory,1300,400,0.25,0.02,0.01,0.07692307692307693,0.43153846153846154,0.32769230769230767,0.002307692307692308,0.07076923076923076,0.09,0.0007692307692307692,False,True,True,False,False,False,
720575940622486922,cell_class,gustatory,1300,400,0.25,0.02,0.05,0.07692307692307693,0.43153846153846154,0.32769230769230767,0.002307692307692308,0.07076923076923076,0.09,0.0007692307692307692,False,False,False,False,False,False,
720575940622486922,cell_class,gustatory,1300,400,0.25,0.02,0.1,0.07692307692307693,0.43153846153846154,0.32769230769230767,0.002307692307692308,0.07076923076923076,0.09,0.0007692307692307692,False,False,False,False,False,False,
720575940622486922,cell_class,gustatory,1300,400,0.25,0.01,0.01,0.07692307692307693,0.43153846153846154,0.32769230769230767,0.002307692307692308,0.07076923076923076,0.09,0.0007692307692307692,False,True,True,False,False,False,
720575940622486922,cell_class,gustatory,1300,400,0.25,0.01,0.05,0.07692307692307693,0.43153846153846154,0.32769230769230767,0.002307692307692308,0.07076923076923076,0.09,0.0007692307692307692,False,False,False,False,False,False,
720575940622486922,cell_class,gustatory,1300,400,0.25,0.01,0.1,0.07692307692307693,0.43153846153846154,0.32769230769230767,0.002307692307692308,0.07076923076923076,0.09,0.0007692307692307692,False,False,False,False,False,False,
720575940623183083,cell_class,gustatory,1829,400,0.25,0.14285714285714285,0.01,0.009294696555494806,0.11864406779661017,0.034991798797156914,0.007107709130672498,0.7780207763805358,0.05139420448332422,0.0005467468562055768,False,True,True,True,True,False,
720575940623183083,cell_class,gustatory,1829,400,0.25,0.14285714285714285,0.05,0.009294696555494806,0.11864406779661017,0.034991798797156914,0.007107709130672498,0.7780207763805358,0.05139420448332422,0.0005467468562055768,False,False,False,True,False,False,
720575940623183083,cell_class,gustatory,1829,400,0.25,0.14285714285714285,0.1,0.009294696555494806,0.11864406779661017,0.034991798797156914,0.007107709130672498,0.7780207763805358,0.05139420448332422,0.0005467468562055768,False,False,False,True,False,False,
720575940623183083,cell_class,gustatory,1829,400,0.25,0.04,0.01,0.009294696555494806,0.11864406779661017,0.034991798797156914,0.007107709130672498,0.7780207763805358,0.05139420448332422,0.0005467468562055768,False,True,False,True,False,False,
720575940623183083,cell_class,gustatory,1829,400,0.25,0.04,0.05,0.009294696555494806,0.11864406779661017,0.034991798797156914,0.007107709130672498,0.7780207763805358,0.05139420448332422,0.0005467468562055768,False,False,False,True,False,False,
720575940623183083,cell_class,gustatory,1829,400,0.25,0.04,0.1,0.009294696555494806,0.11864406779661017,0.034991798797156914,0.007107709130672498,0.7780207763805358,0.05139420448332422,0.0005467468562055768,False,False,False,False,False,False,
720575940623183083,cell_class,gustatory,1829,400,0.25,0.02,0.01,0.009294696555494806,0.11864406779661017,0.034991798797156914,0.007107709130672498,0.7780207763805358,0.05139420448332422,0.0005467468562055768,False,True,False,True,False,False,
720575940623183083,cell_class,gustatory,1829,400,0.25,0.02,0.05,0.009294696555494806,0.11864406779661017,0.034991798797156914,0.007107709130672498,0.7780207763805358,0.05139420448332422,0.0005467468562055768,False,False,False,True,False,False,
720575940623183083,cell_class,gustatory,1829,400,0.25,0.02,0.1,0.009294696555494806,0.11864406779661017,0.034991798797156914,0.007107709130672498,0.7780207763805358,0.05139420448332422,0.0005467468562055768,False,False,False,False,False,False,
720575940623183083,cell_class,gustatory,1829,400,0.25,0.01,0.01,0.009294696555494806,0.11864406779661017,0.034991798797156914,0.007107709130672498,0.7780207763805358,0.05139420448332422,0.0005467468562055768,False,True,False,True,False,False,
720575940623183083,cell_class,gustatory,1829,400,0.25,0.01,0.05,0.009294696555494806,0.11864406779661017,0.034991798797156914,0.007107709130672498,0.7780207763805358,0.05139420448332422,0.0005467468562055768,False,False,False,False,False,False,
720575940623183083,cell_class,gustatory,1829,400,0.25,0.01,0.1,0.009294696555494806,0.11864406779661017,0.034991798797156914,0.007107709130672498,0.7780207763805358,0.05139420448332422,0.0005467468562055768,False,False,False,False,False,False,
720575940631082124,cell_class,gustatory,1147,400,0.25,0.14285714285714285,0.01,0.010462074978204011,0.4934612031386225,0.004359197907585004,0.0052310374891020054,0.24498692240627726,0.24062772449869224,0.0008718395815170009,False,True,False,True,True,False,
720575940631082124,cell_class,gustatory,1147,400,0.25,0.14285714285714285,0.05,0.010462074978204011,0.4934612031386225,0.004359197907585004,0.0052310374891020054,0.24498692240627726,0.24062772449869224,0.0008718395815170009,False,True,False,True,True,False,
720575940631082124,cell_class,gustatory,1147,400,0.25,0.14285714285714285,0.1,0.010462074978204011,0.4934612031386225,0.004359197907585004,0.0052310374891020054,0.24498692240627726,0.24062772449869224,0.0008718395815170009,False,True,False,False,True,False,
720575940631082124,cell_class,gustatory,1147,400,0.25,0.04,0.01,0.010462074978204011,0.4934612031386225,0.004359197907585004,0.0052310374891020054,0.24498692240627726,0.24062772449869224,0.0008718395815170009,False,True,False,True,True,False,
720575940631082124,cell_class,gustatory,1147,400,0.25,0.04,0.05,0.010462074978204011,0.4934612031386225,0.004359197907585004,0.0052310374891020054,0.24498692240627726,0.24062772449869224,0.0008718395815170009,False,True,False,False,False,False,
720575940631082124,cell_class,gustatory,1147,400,0.25,0.04,0.1,0.010462074978204011,0.4934612031386225,0.004359197907585004,0.0052310374891020054,0.24498692240627726,0.24062772449869224,0.0008718395815170009,False,False,False,False,False,False,
720575940631082124,cell_class,gustatory,1147,400,0.25,0.02,0.01,0.010462074978204011,0.4934612031386225,0.004359197907585004,0.0052310374891020054,0.24498692240627726,0.24062772449869224,0.0008718395815170009,False,True,False,True,True,False,
720575940631082124,cell_class,gustatory,1147,400,0.25,0.02,0.05,0.010462074978204011,0.4934612031386225,0.004359197907585004,0.0052310374891020054,0.24498692240627726,0.24062772449869224,0.0008718395815170009,False,False,False,False,False,False,
720575940631082124,cell_class,gustatory,1147,400,0.25,0.02,0.1,0.010462074978204011,0.4934612031386225,0.004359197907585004,0.0052310374891020054,0.24498692240627726,0.24062772449869224,0.0008718395815170009,False,False,False,False,False,False,
720575940631082124,cell_class,gustatory,1147,400,0.25,0.01,0.01,0.010462074978204011,0.4934612031386225,0.004359197907585004,0.0052310374891020054,0.24498692240627726,0.24062772449869224,0.0008718395815170009,False,True,False,True,True,False,
720575940631082124,cell_class,gustatory,1147,400,0.25,0.01,0.05,0.010462074978204011,0.4934612031386225,0.004359197907585004,0.0052310374891020054,0.24498692240627726,0.24062772449869224,0.0008718395815170009,False,False,False,False,False,False,
720575940631082124,cell_class,gustatory,1147,400,0.25,0.01,0.1,0.010462074978204011,0.4934612031386225,0.004359197907585004,0.0052310374891020054,0.24498692240627726,0.24062772449869224,0.0008718395815170009,False,False,False,False,False,False,
720575940625450498,cell_class,gustatory,1091,400,0.25,0.14285714285714285,0.01,0.015582034830430797,0.5508707607699358,0.013748854262144821,0.0018331805682859762,0.24381301558203483,0.17323556370302476,0.0009165902841429881,False,True,False,True,True,False,
720575940625450498,cell_class,gustatory,1091,400,0.25,0.14285714285714285,0.05,0.015582034830430797,0.5508707607699358,0.013748854262144821,0.0018331805682859762,0.24381301558203483,0.17323556370302476,0.0009165902841429881,False,True,False,True,True,False,
720575940625450498,cell_class,gustatory,1091,400,0.25,0.14285714285714285,0.1,0.015582034830430797,0.5508707607699358,0.013748854262144821,0.0018331805682859762,0.24381301558203483,0.17323556370302476,0.0009165902841429881,False,True,False,False,False,False,
720575940625450498,cell_class,gustatory,1091,400,0.25,0.04,0.01,0.015582034830430797,0.5508707607699358,0.013748854262144821,0.0018331805682859762,0.24381301558203483,0.17323556370302476,0.0009165902841429881,False,True,False,True,True,False,
720575940625450498,cell_class,gustatory,1091,400,0.25,0.04,0.05,0.015582034830430797,0.5508707607699358,0.013748854262144821,0.0018331805682859762,0.24381301558203483,0.17323556370302476,0.0009165902841429881,False,True,False,False,False,False,
720575940625450498,cell_class,gustatory,1091,400,0.25,0.04,0.1,0.015582034830430797,0.5508707607699358,0.013748854262144821,0.0018331805682859762,0.24381301558203483,0.17323556370302476,0.0009165902841429881,False,False,False,False,False,False,
720575940625450498,cell_class,gustatory,1091,400,0.25,0.02,0.01,0.015582034830430797,0.5508707607699358,0.013748854262144821,0.0018331805682859762,0.24381301558203483,0.17323556370302476,0.0009165902841429881,False,True,False,True,True,False,
720575940625450498,cell_class,gustatory,1091,400,0.25,0.02,0.05,0.015582034830430797,0.5508707607699358,0.013748854262144821,0.0018331805682859762,0.24381301558203483,0.17323556370302476,0.0009165902841429881,False,True,False,False,False,False,
720575940625450498,cell_class,gustatory,1091,400,0.25,0.02,0.1,0.015582034830430797,0.5508707607699358,0.013748854262144821,0.0018331805682859762,0.24381301558203483,0.17323556370302476,0.0009165902841429881,False,False,False,False,False,False,
720575940625450498,cell_class,gustatory,1091,400,0.25,0.01,0.01,0.015582034830430797,0.5508707607699358,0.013748854262144821,0.0018331805682859762,0.24381301558203483,0.17323556370302476,0.0009165902841429881,False,True,False,True,True,False,
720575940625450498,cell_class,gustatory,1091,400,0.25,0.01,0.05,0.015582034830430797,0.5508707607699358,0.013748854262144821,0.0018331805682859762,0.24381301558203483,0.17323556370302476,0.0009165902841429881,False,False,False,False,False,False,
720575940625450498,cell_class,gustatory,1091,400,0.25,0.01,0.1,0.015582034830430797,0.5508707607699358,0.013748854262144821,0.0018331805682859762,0.24381301558203483,0.17323556370302476,0.0009165902841429881,False,False,False,False,False,False,
720575940616308921,cell_class,gustatory,1245,400,0.25,0.14285714285714285,0.01,0.07951807228915662,0.8353413654618473,0.02650602409638554,0.005622489959839358,0.036947791164658635,0.01606425702811245,0.0,True,True,True,True,False,False,
720575940616308921,cell_class,gustatory,1245,400,0.25,0.14285714285714285,0.05,0.07951807228915662,0.8353413654618473,0.02650602409638554,0.005622489959839358,0.036947791164658635,0.01606425702811245,0.0,False,True,False,False,False,False,
720575940616308921,cell_class,gustatory,1245,400,0.25,0.14285714285714285,0.1,0.07951807228915662,0.8353413654618473,0.02650602409638554,0.005622489959839358,0.036947791164658635,0.01606425702811245,0.0,False,True,False,False,False,False,
720575940616308921,cell_class,gustatory,1245,400,0.25,0.04,0.01,0.07951807228915662,0.8353413654618473,0.02650602409638554,0.005622489959839358,0.036947791164658635,0.01606425702811245,0.0,True,True,False,False,False,False,
720575940616308921,cell_class,gustatory,1245,400,0.25,0.04,0.05,0.07951807228915662,0.8353413654618473,0.02650602409638554,0.005622489959839358,0.036947791164658635,0.01606425702811245,0.0,False,True,False,False,False,False,
720575940616308921,cell_class,gustatory,1245,400,0.25,0.04,0.1,0.07951807228915662,0.8353413654618473,0.02650602409638554,0.005622489959839358,0.036947791164658635,0.01606425702811245,0.0,False,True,False,False,False,False,
720575940616308921,cell_class,gustatory,1245,400,0.25,0.02,0.01,0.07951807228915662,0.8353413654618473,0.02650602409638554,0.005622489959839358,0.036947791164658635,0.01606425702811245,0.0,True,True,False,False,False,False,
720575940616308921,cell_class,gustatory,1245,400,0.25,0.02,0.05,0.07951807228915662,0.8353413654618473,0.02650602409638554,0.005622489959839358,0.036947791164658635,0.01606425702811245,0.0,False,True,False,False,False,False,
720575940616308921,cell_class,gustatory,1245,400,0.25,0.02,0.1,0.07951807228915662,0.8353413654618473,0.02650602409638554,0.005622489959839358,0.036947791164658635,0.01606425702811245,0.0,False,False,False,False,False,False,
720575940616308921,cell_class,gustatory,1245,400,0.25,0.01,0.01,0.07951807228915662,0.8353413654618473,0.02650602409638554,0.005622489959839358,0.036947791164658635,0.01606425702811245,0.0,True,True,False,False,False,False,
720575940616308921,cell_class,gustatory,1245,400,0.25,0.01,0.05,0.07951807228915662,0.8353413654618473,0.02650602409638554,0.005622489959839358,0.036947791164658635,0.01606425702811245,0.0,False,True,False,False,False,False,
720575940616308921,cell_class,gustatory,1245,400,0.25,0.01,0.1,0.07951807228915662,0.8353413654618473,0.02650602409638554,0.005622489959839358,0.036947791164658635,0.01606425702811245,0.0,False,False,False,False,False,False,
720575940635172191,cell_class,gustatory,1169,400,0.25,0.14285714285714285,0.01,0.05731394354148845,0.5098374679213002,0.2609067579127459,0.0,0.06672369546621043,0.10521813515825491,0.0,True,True,True,True,True,,
720575940635172191,cell_class,gustatory,1169,400,0.25,0.14285714285714285,0.05,0.05731394354148845,0.5098374679213002,0.2609067579127459,0.0,0.06672369546621043,0.10521813515825491,0.0,False,True,True,False,True,,
720575940635172191,cell_class,gustatory,1169,400,0.25,0.14285714285714285,0.1,0.05731394354148845,0.5098374679213002,0.2609067579127459,0.0,0.06672369546621043,0.10521813515825491,0.0,False,True,False,False,False,,
720575940635172191,cell_class,gustatory,1169,400,0.25,0.04,0.01,0.05731394354148845,0.5098374679213002,0.2609067579127459,0.0,0.06672369546621043,0.10521813515825491,0.0,True,True,True,True,True,,
720575940635172191,cell_class,gustatory,1169,400,0.25,0.04,0.05,0.05731394354148845,0.5098374679213002,0.2609067579127459,0.0,0.06672369546621043,0.10521813515825491,0.0,False,False,True,False,False,,
720575940635172191,cell_class,gustatory,1169,400,0.25,0.04,0.1,0.05731394354148845,0.5098374679213002,0.2609067579127459,0.0,0.06672369546621043,0.10521813515825491,0.0,False,False,False,False,False,,
720575940635172191,cell_class,gustatory,1169,400,0.25,0.02,0.01,0.05731394354148845,0.5098374679213002,0.2609067579127459,0.0,0.06672369546621043,0.10521813515825491,0.0,True,True,True,True,True,,
720575940635172191,cell_class,gustatory,1169,400,0.25,0.02,0.05,0.05731394354148845,0.5098374679213002,0.2609067579127459,0.0,0.06672369546621043,0.10521813515825491,0.0,False,False,True,False,False,,
720575940635172191,cell_class,gustatory,1169,400,0.25,0.02,0.1,0.05731394354148845,0.5098374679213002,0.2609067579127459,0.0,0.06672369546621043,0.10521813515825491,0.0,False,False,False,False,False,,
720575940635172191,cell_class,gustatory,1169,400,0.25,0.01,0.01,0.05731394354148845,0.5098374679213002,0.2609067579127459,0.0,0.06672369546621043,0.10521813515825491,0.0,True,True,True,False,True,,
720575940635172191,cell_class,gustatory,1169,400,0.25,0.01,0.05,0.05731394354148845,0.5098374679213002,0.2609067579127459,0.0,0.06672369546621043,0.10521813515825491,0.0,False,False,False,False,False,,
720575940635172191,cell_class,gustatory,1169,400,0.25,0.01,0.1,0.05731394354148845,0.5098374679213002,0.2609067579127459,0.0,0.06672369546621043,0.10521813515825491,0.0,False,False,False,False,False,,
720575940619287278,cell_class,gustatory,1119,400,0.25,0.14285714285714285,0.01,0.045576407506702415,0.49955317247542447,0.2752457551385165,0.002680965147453083,0.0902591599642538,0.08489722966934764,0.0017873100983020554,True,True,True,True,True,False,False
720575940619287278,cell_class,gustatory,1119,400,0.25,0.14285714285714285,0.05,0.045576407506702415,0.49955317247542447,0.2752457551385165,0.002680965147453083,0.0902591599642538,0.08489722966934764,0.0017873100983020554,False,True,True,False,True,False,False
720575940619287278,cell_class,gustatory,1119,400,0.25,0.14285714285714285,0.1,0.045576407506702415,0.49955317247542447,0.2752457551385165,0.002680965147453083,0.0902591599642538,0.08489722966934764,0.0017873100983020554,False,True,True,False,False,False,False
720575940619287278,cell_class,gustatory,1119,400,0.25,0.04,0.01,0.045576407506702415,0.49955317247542447,0.2752457551385165,0.002680965147453083,0.0902591599642538,0.08489722966934764,0.0017873100983020554,False,True,True,True,True,False,False
720575940619287278,cell_class,gustatory,1119,400,0.25,0.04,0.05,0.045576407506702415,0.49955317247542447,0.2752457551385165,0.002680965147453083,0.0902591599642538,0.08489722966934764,0.0017873100983020554,False,True,False,False,False,False,False
720575940619287278,cell_class,gustatory,1119,400,0.25,0.04,0.1,0.045576407506702415,0.49955317247542447,0.2752457551385165,0.002680965147453083,0.0902591599642538,0.08489722966934764,0.0017873100983020554,False,True,False,False,False,False,False
720575940619287278,cell_class,gustatory,1119,400,0.25,0.02,0.01,0.045576407506702415,0.49955317247542447,0.2752457551385165,0.002680965147453083,0.0902591599642538,0.08489722966934764,0.0017873100983020554,False,True,True,True,True,False,False
720575940619287278,cell_class,gustatory,1119,400,0.25,0.02,0.05,0.045576407506702415,0.49955317247542447,0.2752457551385165,0.002680965147453083,0.0902591599642538,0.08489722966934764,0.0017873100983020554,False,False,False,False,False,False,False
720575940619287278,cell_class,gustatory,1119,400,0.25,0.02,0.1,0.045576407506702415,0.49955317247542447,0.2752457551385165,0.002680965147453083,0.0902591599642538,0.08489722966934764,0.0017873100983020554,False,False,False,False,False,False,False
720575940619287278,cell_class,gustatory,1119,400,0.25,0.01,0.01,0.045576407506702415,0.49955317247542447,0.2752457551385165,0.002680965147453083,0.0902591599642538,0.08489722966934764,0.0017873100983020554,False,True,True,False,True,False,False
720575940619287278,cell_class,gustatory,1119,400,0.25,0.01,0.05,0.045576407506702415,0.49955317247542447,0.2752457551385165,0.002680965147453083,0.0902591599642538,0.08489722966934764,0.0017873100983020554,False,False,False,False,False,False,False
720575940619287278,cell_class,gustatory,1119,400,0.25,0.01,0.1,0.045576407506702415,0.49955317247542447,0.2752457551385165,0.002680965147453083,0.0902591599642538,0.08489722966934764,0.0017873100983020554,False,False,False,False,False,False,False
720575940631069255,cell_class,gustatory,1221,400,0.25,0.14285714285714285,0.01,0.12366912366912367,0.7002457002457002,0.07043407043407043,0.003276003276003276,0.09254709254709255,0.009828009828009828,0.0,True,True,True,True,False,False,
720575940631069255,cell_class,gustatory,1221,400,0.25,0.14285714285714285,0.05,0.12366912366912367,0.7002457002457002,0.07043407043407043,0.003276003276003276,0.09254709254709255,0.009828009828009828,0.0,False,True,False,False,False,False,
720575940631069255,cell_class,gustatory,1221,400,0.25,0.14285714285714285,0.1,0.12366912366912367,0.7002457002457002,0.07043407043407043,0.003276003276003276,0.09254709254709255,0.009828009828009828,0.0,False,True,False,False,False,False,
720575940631069255,cell_class,gustatory,1221,400,0.25,0.04,0.01,0.12366912366912367,0.7002457002457002,0.07043407043407043,0.003276003276003276,0.09254709254709255,0.009828009828009828,0.0,True,True,True,True,False,False,
720575940631069255,cell_class,gustatory,1221,400,0.25,0.04,0.05,0.12366912366912367,0.7002457002457002,0.07043407043407043,0.003276003276003276,0.09254709254709255,0.009828009828009828,0.0,False,True,False,False,False,False,
720575940631069255,cell_class,gustatory,1221,400,0.25,0.04,0.1,0.12366912366912367,0.7002457002457002,0.07043407043407043,0.003276003276003276,0.09254709254709255,0.009828009828009828,0.0,False,False,False,False,False,False,
720575940631069255,cell_class,gustatory,1221,400,0.25,0.02,0.01,0.12366912366912367,0.7002457002457002,0.07043407043407043,0.003276003276003276,0.09254709254709255,0.009828009828009828,0.0,True,True,True,True,False,False,
720575940631069255,cell_class,gustatory,1221,400,0.25,0.02,0.05,0.12366912366912367,0.7002457002457002,0.07043407043407043,0.003276003276003276,0.09254709254709255,0.009828009828009828,0.0,False,True,False,False,False,False,
720575940631069255,cell_class,gustatory,1221,400,0.25,0.02,0.1,0.12366912366912367,0.7002457002457002,0.07043407043407043,0.003276003276003276,0.09254709254709255,0.009828009828009828,0.0,False,False,False,False,False,False,
720575940631069255,cell_class,gustatory,1221,400,0.25,0.01,0.01,0.12366912366912367,0.7002457002457002,0.07043407043407043,0.003276003276003276,0.09254709254709255,0.009828009828009828,0.0,True,True,True,True,False,False,
720575940631069255,cell_class,gustatory,1221,400,0.25,0.01,0.05,0.12366912366912367,0.7002457002457002,0.07043407043407043,0.003276003276003276,0.09254709254709255,0.009828009828009828,0.0,False,False,False,False,False,False,
720575940631069255,cell_class,gustatory,1221,400,0.25,0.01,0.1,0.12366912366912367,0.7002457002457002,0.07043407043407043,0.003276003276003276,0.09254709254709255,0.009828009828009828,0.0,False,False,False,False,False,False,
720575940632889389,cell_class,gustatory,969,400,0.25,0.14285714285714285,0.01,0.008255933952528379,0.5459236326109391,0.047471620227038186,0.0020639834881320948,0.17647058823529413,0.21981424148606812,0.0,False,True,True,True,True,False,
720575940632889389,cell_class,gustatory,969,400,0.25,0.14285714285714285,0.05,0.008255933952528379,0.5459236326109391,0.047471620227038186,0.0020639834881320948,0.17647058823529413,0.21981424148606812,0.0,False,True,False,True,True,False,
720575940632889389,cell_class,gustatory,969,400,0.25,0.14285714285714285,0.1,0.008255933952528379,0.5459236326109391,0.047471620227038186,0.0020639834881320948,0.17647058823529413,0.21981424148606812,0.0,False,True,False,False,False,False,
720575940632889389,cell_class,gustatory,969,400,0.25,0.04,0.01,0.008255933952528379,0.5459236326109391,0.047471620227038186,0.0020639834881320948,0.17647058823529413,0.21981424148606812,0.0,False,True,True,True,True,False,
720575940632889389,cell_class,gustatory,969,400,0.25,0.04,0.05,0.008255933952528379,0.5459236326109391,0.047471620227038186,0.0020639834881320948,0.17647058823529413,0.21981424148606812,0.0,False,True,False,False,True,False,
720575940632889389,cell_class,gustatory,969,400,0.25,0.04,0.1,0.008255933952528379,0.5459236326109391,0.047471620227038186,0.0020639834881320948,0.17647058823529413,0.21981424148606812,0.0,False,False,False,False,False,False,
720575940632889389,cell_class,gustatory,969,400,0.25,0.02,0.01,0.008255933952528379,0.5459236326109391,0.047471620227038186,0.0020639834881320948,0.17647058823529413,0.21981424148606812,0.0,False,True,True,True,True,False,
720575940632889389,cell_class,gustatory,969,400,0.25,0.02,0.05,0.008255933952528379,0.5459236326109391,0.047471620227038186,0.0020639834881320948,0.17647058823529413,0.21981424148606812,0.0,False,False,False,False,False,False,
720575940632889389,cell_class,gustatory,969,400,0.25,0.02,0.1,0.008255933952528379,0.5459236326109391,0.047471620227038186,0.0020639834881320948,0.17647058823529413,0.21981424148606812,0.0,False,False,False,False,False,False,
720575940632889389,cell_class,gustatory,969,400,0.25,0.01,0.01,0.008255933952528379,0.5459236326109391,0.047471620227038186,0.0020639834881320948,0.17647058823529413,0.21981424148606812,0.0,False,True,False,True,True,False,
720575940632889389,cell_class,gustatory,969,400,0.25,0.01,0.05,0.008255933952528379,0.5459236326109391,0.047471620227038186,0.0020639834881320948,0.17647058823529413,0.21981424148606812,0.0,False,False,False,False,False,False,
720575940632889389,cell_class,gustatory,969,400,0.25,0.01,0.1,0.008255933952528379,0.5459236326109391,0.047471620227038186,0.0020639834881320948,0.17647058823529413,0.21981424148606812,0.0,False,False,False,False,False,False,
720575940615261073,cell_class,gustatory,961,400,0.25,0.14285714285714285,0.01,0.03225806451612903,0.43704474505723206,0.3048907388137357,0.005202913631633715,0.12903225806451613,0.09157127991675339,0.0,True,True,True,True,True,False,
720575940615261073,cell_class,gustatory,961,400,0.25,0.14285714285714285,0.05,0.03225806451612903,0.43704474505723206,0.3048907388137357,0.005202913631633715,0.12903225806451613,0.09157127991675339,0.0,False,True,True,True,True,False,
720575940615261073,cell_class,gustatory,961,400,0.25,0.14285714285714285,0.1,0.03225806451612903,0.43704474505723206,0.3048907388137357,0.005202913631633715,0.12903225806451613,0.09157127991675339,0.0,False,True,True,False,False,False,
720575940615261073,cell_class,gustatory,961,400,0.25,0.04,0.01,0.03225806451612903,0.43704474505723206,0.3048907388137357,0.005202913631633715,0.12903225806451613,0.09157127991675339,0.0,True,True,True,True,True,False,
720575940615261073,cell_class,gustatory,961,400,0.25,0.04,0.05,0.03225806451612903,0.43704474505723206,0.3048907388137357,0.005202913631633715,0.12903225806451613,0.09157127991675339,0.0,False,True,False,False,False,False,
720575940615261073,cell_class,gustatory,961,400,0.25,0.04,0.1,0.03225806451612903,0.43704474505723206,0.3048907388137357,0.005202913631633715,0.12903225806451613,0.09157127991675339,0.0,False,False,False,False,False,False,
720575940615261073,cell_class,gustatory,961,400,0.25,0.02,0.01,0.03225806451612903,0.43704474505723206,0.3048907388137357,0.005202913631633715,0.12903225806451613,0.09157127991675339,0.0,True,True,True,True,True,False,
720575940615261073,cell_class,gustatory,961,400,0.25,0.02,0.05,0.03225806451612903,0.43704474505723206,0.3048907388137357,0.005202913631633715,0.12903225806451613,0.09157127991675339,0.0,False,False,False,False,False,False,
720575940615261073,cell_class,gustatory,961,400,0.25,0.02,0.1,0.03225806451612903,0.43704474505723206,0.3048907388137357,0.005202913631633715,0.12903225806451613,0.09157127991675339,0.0,False,False,False,False,False,False,
720575940615261073,cell_class,gustatory,961,400,0.25,0.01,0.01,0.03225806451612903,0.43704474505723206,0.3048907388137357,0.005202913631633715,0.12903225806451613,0.09157127991675339,0.0,True,True,True,True,False,False,
720575940615261073,cell_class,gustatory,961,400,0.25,0.01,0.05,0.03225806451612903,0.43704474505723206,0.3048907388137357,0.005202913631633715,0.12903225806451613,0.09157127991675339,0.0,False,False,False,False,False,False,
720575940615261073,cell_class,gustatory,961,400,0.25,0.01,0.1,0.03225806451612903,0.43704474505723206,0.3048907388137357,0.005202913631633715,0.12903225806451613,0.09157127991675339,0.0,False,False,False,False,False,False,
720575940618887217,cell_class,gustatory,1035,400,0.25,0.14285714285714285,0.01,0.007729468599033816,0.2289855072463768,0.0463768115942029,0.002898550724637681,0.6154589371980677,0.09855072463768116,0.0,False,True,True,True,True,False,
720575940618887217,cell_class,gustatory,1035,400,0.25,0.14285714285714285,0.05,0.007729468599033816,0.2289855072463768,0.0463768115942029,0.002898550724637681,0.6154589371980677,0.09855072463768116,0.0,False,True,False,True,False,False,
720575940618887217,cell_class,gustatory,1035,400,0.25,0.14285714285714285,0.1,0.007729468599033816,0.2289855072463768,0.0463768115942029,0.002898550724637681,0.6154589371980677,0.09855072463768116,0.0,False,False,False,True,False,False,
720575940618887217,cell_class,gustatory,1035,400,0.25,0.04,0.01,0.007729468599033816,0.2289855072463768,0.0463768115942029,0.002898550724637681,0.6154589371980677,0.09855072463768116,0.0,False,True,True,True,True,False,
720575940618887217,cell_class,gustatory,1035,400,0.25,0.04,0.05,0.007729468599033816,0.2289855072463768,0.0463768115942029,0.002898550724637681,0.6154589371980677,0.09855072463768116,0.0,False,False,False,True,False,False,
720575940618887217,cell_class,gustatory,1035,400,0.25,0.04,0.1,0.007729468599033816,0.2289855072463768,0.0463768115942029,0.002898550724637681,0.6154589371980677,0.09855072463768116,0.0,False,False,False,False,False,False,
720575940618887217,cell_class,gustatory,1035,400,0.25,0.02,0.01,0.007729468599033816,0.2289855072463768,0.0463768115942029,0.002898550724637681,0.6154589371980677,0.09855072463768116,0.0,False,True,True,True,True,False,
720575940618887217,cell_class,gustatory,1035,400,0.25,0.02,0.05,0.007729468599033816,0.2289855072463768,0.0463768115942029,0.002898550724637681,0.6154589371980677,0.09855072463768116,0.0,False,False,False,True,False,False,
720575940618887217,cell_class,gustatory,1035,400,0.25,0.02,0.1,0.007729468599033816,0.2289855072463768,0.0463768115942029,0.002898550724637681,0.6154589371980677,0.09855072463768116,0.0,False,False,False,False,False,False,
720575940618887217,cell_class,gustatory,1035,400,0.25,0.01,0.01,0.007729468599033816,0.2289855072463768,0.0463768115942029,0.002898550724637681,0.6154589371980677,0.09855072463768116,0.0,False,True,True,True,True,False,
720575940618887217,cell_class,gustatory,1035,400,0.25,0.01,0.05,0.007729468599033816,0.2289855072463768,0.0463768115942029,0.002898550724637681,0.6154589371980677,0.09855072463768116,0.0,False,False,False,True,False,False,
720575940618887217,cell_class,gustatory,1035,400,0.25,0.01,0.1,0.007729468599033816,0.2289855072463768,0.0463768115942029,0.002898550724637681,0.6154589371980677,0.09855072463768116,0.0,False,False,False,False,False,False,
720575940644965399,cell_class,gustatory,1076,400,0.25,0.14285714285714285,0.01,0.010223048327137546,0.5687732342007435,0.00929368029739777,0.010223048327137546,0.23977695167286245,0.16171003717472118,0.0,False,True,False,True,True,True,
720575940644965399,cell_class,gustatory,1076,400,0.25,0.14285714285714285,0.05,0.010223048327137546,0.5687732342007435,0.00929368029739777,0.010223048327137546,0.23977695167286245,0.16171003717472118,0.0,False,True,False,True,True,False,
720575940644965399,cell_class,gustatory,1076,400,0.25,0.14285714285714285,0.1,0.010223048327137546,0.5687732342007435,0.00929368029739777,0.010223048327137546,0.23977695167286245,0.16171003717472118,0.0,False,True,False,True,False,False,
720575940644965399,cell_class,gustatory,1076,400,0.25,0.04,0.01,0.010223048327137546,0.5687732342007435,0.00929368029739777,0.010223048327137546,0.23977695167286245,0.16171003717472118,0.0,False,True,False,True,True,False,
720575940644965399,cell_class,gustatory,1076,400,0.25,0.04,0.05,0.010223048327137546,0.5687732342007435,0.00929368029739777,0.010223048327137546,0.23977695167286245,0.16171003717472118,0.0,False,True,False,False,False,False,
720575940644965399,cell_class,gustatory,1076,400,0.25,0.04,0.1,0.010223048327137546,0.5687732342007435,0.00929368029739777,0.010223048327137546,0.23977695167286245,0.16171003717472118,0.0,False,False,False,False,False,False,
720575940644965399,cell_class,gustatory,1076,400,0.25,0.02,0.01,0.010223048327137546,0.5687732342007435,0.00929368029739777,0.010223048327137546,0.23977695167286245,0.16171003717472118,0.0,False,True,False,True,True,False,
720575940644965399,cell_class,gustatory,1076,400,0.25,0.02,0.05,0.010223048327137546,0.5687732342007435,0.00929368029739777,0.010223048327137546,0.23977695167286245,0.16171003717472118,0.0,False,True,False,False,False,False,
720575940644965399,cell_class,gustatory,1076,400,0.25,0.02,0.1,0.010223048327137546,0.5687732342007435,0.00929368029739777,0.010223048327137546,0.23977695167286245,0.16171003717472118,0.0,False,False,False,False,False,False,
720575940644965399,cell_class,gustatory,1076,400,0.25,0.01,0.01,0.010223048327137546,0.5687732342007435,0.00929368029739777,0.010223048327137546,0.23977695167286245,0.16171003717472118,0.0,False,True,False,True,True,False,
720575940644965399,cell_class,gustatory,1076,400,0.25,0.01,0.05,0.010223048327137546,0.5687732342007435,0.00929368029739777,0.010223048327137546,0.23977695167286245,0.16171003717472118,0.0,False,False,False,False,False,False,
720575940644965399,cell_class,gustatory,1076,400,0.25,0.01,0.1,0.010223048327137546,0.5687732342007435,0.00929368029739777,0.010223048327137546,0.23977695167286245,0.16171003717472118,0.0,False,False,False,False,False,False,
720575940625031610,cell_class,gustatory,4221,400,0.25,0.14285714285714285,0.01,0.009476427386875147,0.9673063255152807,0.0021321961620469083,0.00047382136934375743,0.011845534233593935,0.008765695332859511,0.0,False,True,False,False,False,False,
720575940625031610,cell_class,gustatory,4221,400,0.25,0.14285714285714285,0.05,0.009476427386875147,0.9673063255152807,0.0021321961620469083,0.00047382136934375743,0.011845534233593935,0.008765695332859511,0.0,False,True,False,False,False,False,
720575940625031610,cell_class,gustatory,4221,400,0.25,0.14285714285714285,0.1,0.009476427386875147,0.9673063255152807,0.0021321961620469083,0.00047382136934375743,0.011845534233593935,0.008765695332859511,0.0,False,True,False,False,False,False,
720575940625031610,cell_class,gustatory,4221,400,0.25,0.04,0.01,0.009476427386875147,0.9673063255152807,0.0021321961620469083,0.00047382136934375743,0.011845534233593935,0.008765695332859511,0.0,False,True,False,False,False,False,
720575940625031610,cell_class,gustatory,4221,400,0.25,0.04,0.05,0.009476427386875147,0.9673063255152807,0.0021321961620469083,0.00047382136934375743,0.011845534233593935,0.008765695332859511,0.0,False,True,False,False,False,False,
720575940625031610,cell_class,gustatory,4221,400,0.25,0.04,0.1,0.009476427386875147,0.9673063255152807,0.0021321961620469083,0.00047382136934375743,0.011845534233593935,0.008765695332859511,0.0,False,False,False,False,False,False,
720575940625031610,cell_class,gustatory,4221,400,0.25,0.02,0.01,0.009476427386875147,0.9673063255152807,0.0021321961620469083,0.00047382136934375743,0.011845534233593935,0.008765695332859511,0.0,False,True,False,False,False,False,
720575940625031610,cell_class,gustatory,4221,400,0.25,0.02,0.05,0.009476427386875147,0.9673063255152807,0.0021321961620469083,0.00047382136934375743,0.011845534233593935,0.008765695332859511,0.0,False,True,False,False,False,False,
720575940625031610,cell_class,gustatory,4221,400,0.25,0.02,0.1,0.009476427386875147,0.9673063255152807,0.0021321961620469083,0.00047382136934375743,0.011845534233593935,0.008765695332859511,0.0,False,False,False,False,False,False,
720575940625031610,cell_class,gustatory,4221,400,0.25,0.01,0.01,0.009476427386875147,0.9673063255152807,0.0021321961620469083,0.00047382136934375743,0.011845534233593935,0.008765695332859511,0.0,False,True,False,False,False,False,
720575940625031610,cell_class,gustatory,4221,400,0.25,0.01,0.05,0.009476427386875147,0.9673063255152807,0.0021321961620469083,0.00047382136934375743,0.011845534233593935,0.008765695332859511,0.0,False,False,False,False,False,False,
720575940625031610,cell_class,gustatory,4221,400,0.25,0.01,0.1,0.009476427386875147,0.9673063255152807,0.0021321961620469083,0.00047382136934375743,0.011845534233593935,0.008765695332859511,0.0,False,False,False,False,False,False,
720575940611168921,cell_class,gustatory,882,400,0.25,0.14285714285714285,0.01,0.10997732426303855,0.6383219954648526,0.16439909297052155,0.0011337868480725624,0.047619047619047616,0.03854875283446712,0.0,True,True,True,True,True,,
720575940611168921,cell_class,gustatory,882,400,0.25,0.14285714285714285,0.05,0.10997732426303855,0.6383219954648526,0.16439909297052155,0.0011337868480725624,0.047619047619047616,0.03854875283446712,0.0,False,True,True,False,False,,
720575940611168921,cell_class,gustatory,882,400,0.25,0.14285714285714285,0.1,0.10997732426303855,0.6383219954648526,0.16439909297052155,0.0011337868480725624,0.047619047619047616,0.03854875283446712,0.0,False,True,False,False,False,,
720575940611168921,cell_class,gustatory,882,400,0.25,0.04,0.01,0.10997732426303855,0.6383219954648526,0.16439909297052155,0.0011337868480725624,0.047619047619047616,0.03854875283446712,0.0,True,True,True,False,False,,
720575940611168921,cell_class,gustatory,882,400,0.25,0.04,0.05,0.10997732426303855,0.6383219954648526,0.16439909297052155,0.0011337868480725624,0.047619047619047616,0.03854875283446712,0.0,False,True,True,False,False,,
720575940611168921,cell_class,gustatory,882,400,0.25,0.04,0.1,0.10997732426303855,0.6383219954648526,0.16439909297052155,0.0011337868480725624,0.047619047619047616,0.03854875283446712,0.0,False,False,False,False,False,,
720575940611168921,cell_class,gustatory,882,400,0.25,0.02,0.01,0.10997732426303855,0.6383219954648526,0.16439909297052155,0.0011337868480725624,0.047619047619047616,0.03854875283446712,0.0,True,True,True,False,False,,
720575940611168921,cell_class,gustatory,882,400,0.25,0.02,0.05,0.10997732426303855,0.6383219954648526,0.16439909297052155,0.0011337868480725624,0.047619047619047616,0.03854875283446712,0.0,False,True,True,False,False,,
720575940611168921,cell_class,gustatory,882,400,0.25,0.02,0.1,0.10997732426303855,0.6383219954648526,0.16439909297052155,0.0011337868480725624,0.047619047619047616,0.03854875283446712,0.0,False,False,False,False,False,,
720575940611168921,cell_class,gustatory,882,400,0.25,0.01,0.01,0.10997732426303855,0.6383219954648526,0.16439909297052155,0.0011337868480725624,0.047619047619047616,0.03854875283446712,0.0,True,True,True,False,False,,
720575940611168921,cell_class,gustatory,882,400,0.25,0.01,0.05,0.10997732426303855,0.6383219954648526,0.16439909297052155,0.0011337868480725624,0.047619047619047616,0.03854875283446712,0.0,False,True,False,False,False,,
720575940611168921,cell_class,gustatory,882,400,0.25,0.01,0.1,0.10997732426303855,0.6383219954648526,0.16439909297052155,0.0011337868480725624,0.047619047619047616,0.03854875283446712,0.0,False,False,False,False,False,,
720575940636487598,cell_class,gustatory,909,400,0.25,0.14285714285714285,0.01,0.0165016501650165,0.5115511551155115,0.028602860286028604,0.0,0.26952695269526955,0.17381738173817382,0.0,True,True,True,True,True,,
720575940636487598,cell_class,gustatory,909,400,0.25,0.14285714285714285,0.05,0.0165016501650165,0.5115511551155115,0.028602860286028604,0.0,0.26952695269526955,0.17381738173817382,0.0,False,True,False,True,True,,
720575940636487598,cell_class,gustatory,909,400,0.25,0.14285714285714285,0.1,0.0165016501650165,0.5115511551155115,0.028602860286028604,0.0,0.26952695269526955,0.17381738173817382,0.0,False,True,False,True,False,,
720575940636487598,cell_class,gustatory,909,400,0.25,0.04,0.01,0.0165016501650165,0.5115511551155115,0.028602860286028604,0.0,0.26952695269526955,0.17381738173817382,0.0,False,True,True,True,True,,
720575940636487598,cell_class,gustatory,909,400,0.25,0.04,0.05,0.0165016501650165,0.5115511551155115,0.028602860286028604,0.0,0.26952695269526955,0.17381738173817382,0.0,False,True,False,False,False,,
720575940636487598,cell_class,gustatory,909,400,0.25,0.04,0.1,0.0165016501650165,0.5115511551155115,0.028602860286028604,0.0,0.26952695269526955,0.17381738173817382,0.0,False,False,False,False,False,,
720575940636487598,cell_class,gustatory,909,400,0.25,0.02,0.01,0.0165016501650165,0.5115511551155115,0.028602860286028604,0.0,0.26952695269526955,0.17381738173817382,0.0,False,True,True,True,True,,
720575940636487598,cell_class,gustatory,909,400,0.25,0.02,0.05,0.0165016501650165,0.5115511551155115,0.028602860286028604,0.0,0.26952695269526955,0.17381738173817382,0.0,False,False,False,False,False,,
720575940636487598,cell_class,gustatory,909,400,0.25,0.02,0.1,0.0165016501650165,0.5115511551155115,0.028602860286028604,0.0,0.26952695269526955,0.17381738173817382,0.0,False,False,False,False,False,,
720575940636487598,cell_class,gustatory,909,400,0.25,0.01,0.01,0.0165016501650165,0.5115511551155115,0.028602860286028604,0.0,0.26952695269526955,0.17381738173817382,0.0,False,True,True,True,False,,
720575940636487598,cell_class,gustatory,909,400,0.25,0.01,0.05,0.0165016501650165,0.5115511551155115,0.028602860286028604,0.0,0.26952695269526955,0.17381738173817382,0.0,False,False,False,False,False,,
720575940636487598,cell_class,gustatory,909,400,0.25,0.01,0.1,0.0165016501650165,0.5115511551155115,0.028602860286028604,0.0,0.26952695269526955,0.17381738173817382,0.0,False,False,False,False,False,,
720575940632880173,cell_class,gustatory,544,400,0.25,0.14285714285714285,0.01,0.04411764705882353,0.4522058823529412,0.05698529411764706,0.014705882352941176,0.41911764705882354,0.012867647058823529,0.0,True,True,True,True,False,False,
720575940632880173,cell_class,gustatory,544,400,0.25,0.14285714285714285,0.05,0.04411764705882353,0.4522058823529412,0.05698529411764706,0.014705882352941176,0.41911764705882354,0.012867647058823529,0.0,False,True,False,True,False,False,
720575940632880173,cell_class,gustatory,544,400,0.25,0.14285714285714285,0.1,0.04411764705882353,0.4522058823529412,0.05698529411764706,0.014705882352941176,0.41911764705882354,0.012867647058823529,0.0,False,True,False,True,False,False,
720575940632880173,cell_class,gustatory,544,400,0.25,0.04,0.01,0.04411764705882353,0.4522058823529412,0.05698529411764706,0.014705882352941176,0.41911764705882354,0.012867647058823529,0.0,False,True,True,True,False,False,
720575940632880173,cell_class,gustatory,544,400,0.25,0.04,0.05,0.04411764705882353,0.4522058823529412,0.05698529411764706,0.014705882352941176,0.41911764705882354,0.012867647058823529,0.0,False,True,False,True,False,False,
720575940632880173,cell_class,gustatory,544,400,0.25,0.04,0.1,0.04411764705882353,0.4522058823529412,0.05698529411764706,0.014705882352941176,0.41911764705882354,0.012867647058823529,0.0,False,False,False,False,False,False,
720575940632880173,cell_class,gustatory,544,400,0.25,0.02,0.01,0.04411764705882353,0.4522058823529412,0.05698529411764706,0.014705882352941176,0.41911764705882354,0.012867647058823529,0.0,False,True,True,True,False,False,
720575940632880173,cell_class,gustatory,544,400,0.25,0.02,0.05,0.04411764705882353,0.4522058823529412,0.05698529411764706,0.014705882352941176,0.41911764705882354,0.012867647058823529,0.0,False,True,False,False,False,False,
720575940632880173,cell_class,gustatory,544,400,0.25,0.02,0.1,0.04411764705882353,0.4522058823529412,0.05698529411764706,0.014705882352941176,0.41911764705882354,0.012867647058823529,0.0,False,False,False,False,False,False,
720575940632880173,cell_class,gustatory,544,400,0.25,0.01,0.01,0.04411764705882353,0.4522058823529412,0.05698529411764706,0.014705882352941176,0.41911764705882354,0.012867647058823529,0.0,False,True,True,True,False,False,
720575940632880173,cell_class,gustatory,544,400,0.25,0.01,0.05,0.04411764705882353,0.4522058823529412,0.05698529411764706,0.014705882352941176,0.41911764705882354,0.012867647058823529,0.0,False,False,False,False,False,False,
720575940632880173,cell_class,gustatory,544,400,0.25,0.01,0.1,0.04411764705882353,0.4522058823529412,0.05698529411764706,0.014705882352941176,0.41911764705882354,0.012867647058823529,0.0,False,False,False,False,False,False,
720575940622358057,cell_class,gustatory,1650,400,0.25,0.14285714285714285,0.01,0.005454545454545455,0.8096969696969697,0.062424242424242424,0.0,0.06666666666666667,0.055757575757575756,0.0,False,True,True,True,True,,
720575940622358057,cell_class,gustatory,1650,400,0.25,0.14285714285714285,0.05,0.005454545454545455,0.8096969696969697,0.062424242424242424,0.0,0.06666666666666667,0.055757575757575756,0.0,False,True,False,False,False,,
720575940622358057,cell_class,gustatory,1650,400,0.25,0.14285714285714285,0.1,0.005454545454545455,0.8096969696969697,0.062424242424242424,0.0,0.06666666666666667,0.055757575757575756,0.0,False,True,False,False,False,,
720575940622358057,cell_class,gustatory,1650,400,0.25,0.04,0.01,0.005454545454545455,0.8096969696969697,0.062424242424242424,0.0,0.06666666666666667,0.055757575757575756,0.0,False,True,True,True,True,,
720575940622358057,cell_class,gustatory,1650,400,0.25,0.04,0.05,0.005454545454545455,0.8096969696969697,0.062424242424242424,0.0,0.06666666666666667,0.055757575757575756,0.0,False,True,False,False,False,,
720575940622358057,cell_class,gustatory,1650,400,0.25,0.04,0.1,0.005454545454545455,0.8096969696969697,0.062424242424242424,0.0,0.06666666666666667,0.055757575757575756,0.0,False,False,False,False,False,,
720575940622358057,cell_class,gustatory,1650,400,0.25,0.02,0.01,0.005454545454545455,0.8096969696969697,0.062424242424242424,0.0,0.06666666666666667,0.055757575757575756,0.0,False,True,False,False,False,,
720575940622358057,cell_class,gustatory,1650,400,0.25,0.02,0.05,0.005454545454545455,0.8096969696969697,0.062424242424242424,0.0,0.06666666666666667,0.055757575757575756,0.0,False,True,False,False,False,,
720575940622358057,cell_class,gustatory,1650,400,0.25,0.02,0.1,0.005454545454545455,0.8096969696969697,0.062424242424242424,0.0,0.06666666666666667,0.055757575757575756,0.0,False,False,False,False,False,,
720575940622358057,cell_class,gustatory,1650,400,0.25,0.01,0.01,0.005454545454545455,0.8096969696969697,0.062424242424242424,0.0,0.06666666666666667,0.055757575757575756,0.0,False,True,False,False,False,,
720575940622358057,cell_class,gustatory,1650,400,0.25,0.01,0.05,0.005454545454545455,0.8096969696969697,0.062424242424242424,0.0,0.06666666666666667,0.055757575757575756,0.0,False,False,False,False,False,,
720575940622358057,cell_class,gustatory,1650,400,0.25,0.01,0.1,0.005454545454545455,0.8096969696969697,0.062424242424242424,0.0,0.06666666666666667,0.055757575757575756,0.0,False,False,False,False,False,,
720575940631423263,cell_class,gustatory,707,400,0.25,0.14285714285714285,0.01,0.026874115983026876,0.7949080622347949,0.0297029702970297,0.0014144271570014145,0.056577086280056574,0.09052333804809053,0.0,True,True,True,True,True,,
720575940631423263,cell_class,gustatory,707,400,0.25,0.14285714285714285,0.05,0.026874115983026876,0.7949080622347949,0.0297029702970297,0.0014144271570014145,0.056577086280056574,0.09052333804809053,0.0,False,True,False,False,False,,
720575940631423263,cell_class,gustatory,707,400,0.25,0.14285714285714285,0.1,0.026874115983026876,0.7949080622347949,0.0297029702970297,0.0014144271570014145,0.056577086280056574,0.09052333804809053,0.0,False,True,False,False,False,,
720575940631423263,cell_class,gustatory,707,400,0.25,0.04,0.01,0.026874115983026876,0.7949080622347949,0.0297029702970297,0.0014144271570014145,0.056577086280056574,0.09052333804809053,0.0,True,True,True,True,True,,
720575940631423263,cell_class,gustatory,707,400,0.25,0.04,0.05,0.026874115983026876,0.7949080622347949,0.0297029702970297,0.0014144271570014145,0.056577086280056574,0.09052333804809053,0.0,False,True,False,False,False,,
720575940631423263,cell_class,gustatory,707,400,0.25,0.04,0.1,0.026874115983026876,0.7949080622347949,0.0297029702970297,0.0014144271570014145,0.056577086280056574,0.09052333804809053,0.0,False,False,False,False,False,,
720575940631423263,cell_class,gustatory,707,400,0.25,0.02,0.01,0.026874115983026876,0.7949080622347949,0.0297029702970297,0.0014144271570014145,0.056577086280056574,0.09052333804809053,0.0,True,True,False,True,True,,
720575940631423263,cell_class,gustatory,707,400,0.25,0.02,0.05,0.026874115983026876,0.7949080622347949,0.0297029702970297,0.0014144271570014145,0.056577086280056574,0.09052333804809053,0.0,False,True,False,False,False,,
720575940631423263,cell_class,gustatory,707,400,0.25,0.02,0.1,0.026874115983026876,0.7949080622347949,0.0297029702970297,0.0014144271570014145,0.056577086280056574,0.09052333804809053,0.0,False,False,False,False,False,,
720575940631423263,cell_class,gustatory,707,400,0.25,0.01,0.01,0.026874115983026876,0.7949080622347949,0.0297029702970297,0.0014144271570014145,0.056577086280056574,0.09052333804809053,0.0,True,True,False,True,False,,
720575940631423263,cell_class,gustatory,707,400,0.25,0.01,0.05,0.026874115983026876,0.7949080622347949,0.0297029702970297,0.0014144271570014145,0.056577086280056574,0.09052333804809053,0.0,False,False,False,False,False,,
720575940631423263,cell_class,gustatory,707,400,0.25,0.01,0.1,0.026874115983026876,0.7949080622347949,0.0297029702970297,0.0014144271570014145,0.056577086280056574,0.09052333804809053,0.0,False,False,False,False,False,,
720575940617857694,cell_class,gustatory,913,400,0.25,0.14285714285714285,0.01,0.007667031763417305,0.6736035049288062,0.013143483023001095,0.0065717415115005475,0.14676889375684557,0.15224534501642936,0.0,False,True,True,True,True,False,
720575940617857694,cell_class,gustatory,913,400,0.25,0.14285714285714285,0.05,0.007667031763417305,0.6736035049288062,0.013143483023001095,0.0065717415115005475,0.14676889375684557,0.15224534501642936,0.0,False,True,False,True,True,False,
720575940617857694,cell_class,gustatory,913,400,0.25,0.14285714285714285,0.1,0.007667031763417305,0.6736035049288062,0.013143483023001095,0.0065717415115005475,0.14676889375684557,0.15224534501642936,0.0,False,True,False,False,False,False,
720575940617857694,cell_class,gustatory,913,400,0.25,0.04,0.01,0.007667031763417305,0.6736035049288062,0.013143483023001095,0.0065717415115005475,0.14676889375684557,0.15224534501642936,0.0,False,True,False,True,True,False,
720575940617857694,cell_class,gustatory,913,400,0.25,0.04,0.05,0.007667031763417305,0.6736035049288062,0.013143483023001095,0.0065717415115005475,0.14676889375684557,0.15224534501642936,0.0,False,True,False,False,False,False,
720575940617857694,cell_class,gustatory,913,400,0.25,0.04,0.1,0.007667031763417305,0.6736035049288062,0.013143483023001095,0.0065717415115005475,0.14676889375684557,0.15224534501642936,0.0,False,False,False,False,False,False,
720575940617857694,cell_class,gustatory,913,400,0.25,0.02,0.01,0.007667031763417305,0.6736035049288062,0.013143483023001095,0.0065717415115005475,0.14676889375684557,0.15224534501642936,0.0,False,True,False,True,True,False,
720575940617857694,cell_class,gustatory,913,400,0.25,0.02,0.05,0.007667031763417305,0.6736035049288062,0.013143483023001095,0.0065717415115005475,0.14676889375684557,0.15224534501642936,0.0,False,False,False,False,False,False,
720575940617857694,cell_class,gustatory,913,400,0.25,0.02,0.1,0.007667031763417305,0.6736035049288062,0.013143483023001095,0.0065717415115005475,0.14676889375684557,0.15224534501642936,0.0,False,False,False,False,False,False,
720575940617857694,cell_class,gustatory,913,400,0.25,0.01,0.01,0.007667031763417305,0.6736035049288062,0.013143483023001095,0.0065717415115005475,0.14676889375684557,0.15224534501642936,0.0,False,True,False,True,True,False,
720575940617857694,cell_class,gustatory,913,400,0.25,0.01,0.05,0.007667031763417305,0.6736035049288062,0.013143483023001095,0.0065717415115005475,0.14676889375684557,0.15224534501642936,0.0,False,False,False,False,False,False,
720575940617857694,cell_class,gustatory,913,400,0.25,0.01,0.1,0.007667031763417305,0.6736035049288062,0.013143483023001095,0.0065717415115005475,0.14676889375684557,0.15224534501642936,0.0,False,False,False,False,False,False,
720575940639332736,cell_class,gustatory,937,400,0.25,0.14285714285714285,0.01,0.0192102454642476,0.3607257203842049,0.17502668089647813,0.0021344717182497333,0.25933831376734257,0.18356456776947705,0.0,True,True,True,True,True,False,
720575940639332736,cell_class,gustatory,937,400,0.25,0.14285714285714285,0.05,0.0192102454642476,0.3607257203842049,0.17502668089647813,0.0021344717182497333,0.25933831376734257,0.18356456776947705,0.0,False,True,True,True,True,False,
720575940639332736,cell_class,gustatory,937,400,0.25,0.14285714285714285,0.1,0.0192102454642476,0.3607257203842049,0.17502668089647813,0.0021344717182497333,0.25933831376734257,0.18356456776947705,0.0,False,True,False,False,False,False,
720575940639332736,cell_class,gustatory,937,400,0.25,0.04,0.01,0.0192102454642476,0.3607257203842049,0.17502668089647813,0.0021344717182497333,0.25933831376734257,0.18356456776947705,0.0,False,True,True,True,True,False,
720575940639332736,cell_class,gustatory,937,400,0.25,0.04,0.05,0.0192102454642476,0.3607257203842049,0.17502668089647813,0.0021344717182497333,0.25933831376734257,0.18356456776947705,0.0,False,False,False,False,False,False,
720575940639332736,cell_class,gustatory,937,400,0.25,0.04,0.1,0.0192102454642476,0.3607257203842049,0.17502668089647813,0.0021344717182497333,0.25933831376734257,0.18356456776947705,0.0,False,False,False,False,False,False,
720575940639332736,cell_class,gustatory,937,400,0.25,0.02,0.01,0.0192102454642476,0.3607257203842049,0.17502668089647813,0.0021344717182497333,0.25933831376734257,0.18356456776947705,0.0,False,True,True,True,True,False,
720575940639332736,cell_class,gustatory,937,400,0.25,0.02,0.05,0.0192102454642476,0.3607257203842049,0.17502668089647813,0.0021344717182497333,0.25933831376734257,0.18356456776947705,0.0,False,False,False,False,False,False,
720575940639332736,cell_class,gustatory,937,400,0.25,0.02,0.1,0.0192102454642476,0.3607257203842049,0.17502668089647813,0.0021344717182497333,0.25933831376734257,0.18356456776947705,0.0,False,False,False,False,False,False,
720575940639332736,cell_class,gustatory,937,400,0.25,0.01,0.01,0.0192102454642476,0.3607257203842049,0.17502668089647813,0.0021344717182497333,0.25933831376734257,0.18356456776947705,0.0,False,True,True,True,True,False,
720575940639332736,cell_class,gustatory,937,400,0.25,0.01,0.05,0.0192102454642476,0.3607257203842049,0.17502668089647813,0.0021344717182497333,0.25933831376734257,0.18356456776947705,0.0,False,False,False,False,False,False,
720575940639332736,cell_class,gustatory,937,400,0.25,0.01,0.1,0.0192102454642476,0.3607257203842049,0.17502668089647813,0.0021344717182497333,0.25933831376734257,0.18356456776947705,0.0,False,False,False,False,False,False,
720575940623629292,cell_class,gustatory,1016,400,0.25,0.14285714285714285,0.01,0.038385826771653545,0.296259842519685,0.4645669291338583,0.010826771653543307,0.1062992125984252,0.08169291338582677,0.001968503937007874,True,True,True,True,True,False,False
720575940623629292,cell_class,gustatory,1016,400,0.25,0.14285714285714285,0.05,0.038385826771653545,0.296259842519685,0.4645669291338583,0.010826771653543307,0.1062992125984252,0.08169291338582677,0.001968503937007874,False,True,True,True,False,False,False
720575940623629292,cell_class,gustatory,1016,400,0.25,0.14285714285714285,0.1,0.038385826771653545,0.296259842519685,0.4645669291338583,0.010826771653543307,0.1062992125984252,0.08169291338582677,0.001968503937007874,False,True,True,False,False,False,False
720575940623629292,cell_class,gustatory,1016,400,0.25,0.04,0.01,0.038385826771653545,0.296259842519685,0.4645669291338583,0.010826771653543307,0.1062992125984252,0.08169291338582677,0.001968503937007874,True,True,True,True,True,False,False
720575940623629292,cell_class,gustatory,1016,400,0.25,0.04,0.05,0.038385826771653545,0.296259842519685,0.4645669291338583,0.010826771653543307,0.1062992125984252,0.08169291338582677,0.001968503937007874,False,False,True,False,False,False,False
720575940623629292,cell_class,gustatory,1016,400,0.25,0.04,0.1,0.038385826771653545,0.296259842519685,0.4645669291338583,0.010826771653543307,0.1062992125984252,0.08169291338582677,0.001968503937007874,False,False,False,False,False,False,False
720575940623629292,cell_class,gustatory,1016,400,0.25,0.02,0.01,0.038385826771653545,0.296259842519685,0.4645669291338583,0.010826771653543307,0.1062992125984252,0.08169291338582677,0.001968503937007874,True,True,True,True,True,False,False
720575940623629292,cell_class,gustatory,1016,400,0.25,0.02,0.05,0.038385826771653545,0.296259842519685,0.4645669291338583,0.010826771653543307,0.1062992125984252,0.08169291338582677,0.001968503937007874,False,False,False,False,False,False,False
720575940623629292,cell_class,gustatory,1016,400,0.25,0.02,0.1,0.038385826771653545,0.296259842519685,0.4645669291338583,0.010826771653543307,0.1062992125984252,0.08169291338582677,0.001968503937007874,False,False,False,False,False,False,False
720575940623629292,cell_class,gustatory,1016,400,0.25,0.01,0.01,0.038385826771653545,0.296259842519685,0.4645669291338583,0.010826771653543307,0.1062992125984252,0.08169291338582677,0.001968503937007874,True,True,True,False,False,False,False
720575940623629292,cell_class,gustatory,1016,400,0.25,0.01,0.05,0.038385826771653545,0.296259842519685,0.4645669291338583,0.010826771653543307,0.1062992125984252,0.08169291338582677,0.001968503937007874,False,False,False,False,False,False,False
720575940623629292,cell_class,gustatory,1016,400,0.25,0.01,0.1,0.038385826771653545,0.296259842519685,0.4645669291338583,0.010826771653543307,0.1062992125984252,0.08169291338582677,0.001968503937007874,False,False,False,False,False,False,False
720575940625861168,cell_class,gustatory,852,400,0.25,0.14285714285714285,0.01,0.011737089201877934,0.5809859154929577,0.002347417840375587,0.005868544600938967,0.22183098591549297,0.1772300469483568,0.0,False,True,False,True,True,False,
720575940625861168,cell_class,gustatory,852,400,0.25,0.14285714285714285,0.05,0.011737089201877934,0.5809859154929577,0.002347417840375587,0.005868544600938967,0.22183098591549297,0.1772300469483568,0.0,False,True,False,True,True,False,
720575940625861168,cell_class,gustatory,852,400,0.25,0.14285714285714285,0.1,0.011737089201877934,0.5809859154929577,0.002347417840375587,0.005868544600938967,0.22183098591549297,0.1772300469483568,0.0,False,True,False,True,False,False,
720575940625861168,cell_class,gustatory,852,400,0.25,0.04,0.01,0.011737089201877934,0.5809859154929577,0.002347417840375587,0.005868544600938967,0.22183098591549297,0.1772300469483568,0.0,False,True,False,True,True,False,
720575940625861168,cell_class,gustatory,852,400,0.25,0.04,0.05,0.011737089201877934,0.5809859154929577,0.002347417840375587,0.005868544600938967,0.22183098591549297,0.1772300469483568,0.0,False,True,False,False,False,False,
720575940625861168,cell_class,gustatory,852,400,0.25,0.04,0.1,0.011737089201877934,0.5809859154929577,0.002347417840375587,0.005868544600938967,0.22183098591549297,0.1772300469483568,0.0,False,False,False,False,False,False,
720575940625861168,cell_class,gustatory,852,400,0.25,0.02,0.01,0.011737089201877934,0.5809859154929577,0.002347417840375587,0.005868544600938967,0.22183098591549297,0.1772300469483568,0.0,False,True,False,True,True,False,
720575940625861168,cell_class,gustatory,852,400,0.25,0.02,0.05,0.011737089201877934,0.5809859154929577,0.002347417840375587,0.005868544600938967,0.22183098591549297,0.1772300469483568,0.0,False,False,False,False,False,False,
720575940625861168,cell_class,gustatory,852,400,0.25,0.02,0.1,0.011737089201877934,0.5809859154929577,0.002347417840375587,0.005868544600938967,0.22183098591549297,0.1772300469483568,0.0,False,False,False,False,False,False,
720575940625861168,cell_class,gustatory,852,400,0.25,0.01,0.01,0.011737089201877934,0.5809859154929577,0.002347417840375587,0.005868544600938967,0.22183098591549297,0.1772300469483568,0.0,False,True,False,True,True,False,
720575940625861168,cell_class,gustatory,852,400,0.25,0.01,0.05,0.011737089201877934,0.5809859154929577,0.002347417840375587,0.005868544600938967,0.22183098591549297,0.1772300469483568,0.0,False,False,False,False,False,False,
720575940625861168,cell_class,gustatory,852,400,0.25,0.01,0.1,0.011737089201877934,0.5809859154929577,0.002347417840375587,0.005868544600938967,0.22183098591549297,0.1772300469483568,0.0,False,False,False,False,False,False,
720575940629510338,cell_class,gustatory,754,400,0.25,0.14285714285714285,0.01,0.027851458885941646,0.4151193633952255,0.07957559681697612,0.001326259946949602,0.2546419098143236,0.22148541114058357,0.0,True,True,True,True,True,,
720575940629510338,cell_class,gustatory,754,400,0.25,0.14285714285714285,0.05,0.027851458885941646,0.4151193633952255,0.07957559681697612,0.001326259946949602,0.2546419098143236,0.22148541114058357,0.0,False,True,False,True,True,,
720575940629510338,cell_class,gustatory,754,400,0.25,0.14285714285714285,0.1,0.027851458885941646,0.4151193633952255,0.07957559681697612,0.001326259946949602,0.2546419098143236,0.22148541114058357,0.0,False,True,False,False,False,,
720575940629510338,cell_class,gustatory,754,400,0.25,0.04,0.01,0.027851458885941646,0.4151193633952255,0.07957559681697612,0.001326259946949602,0.2546419098143236,0.22148541114058357,0.0,True,True,True,True,True,,
720575940629510338,cell_class,gustatory,754,400,0.25,0.04,0.05,0.027851458885941646,0.4151193633952255,0.07957559681697612,0.001326259946949602,0.2546419098143236,0.22148541114058357,0.0,False,False,False,False,True,,
720575940629510338,cell_class,gustatory,754,400,0.25,0.04,0.1,0.027851458885941646,0.4151193633952255,0.07957559681697612,0.001326259946949602,0.2546419098143236,0.22148541114058357,0.0,False,False,False,False,False,,
720575940629510338,cell_class,gustatory,754,400,0.25,0.02,0.01,0.027851458885941646,0.4151193633952255,0.07957559681697612,0.001326259946949602,0.2546419098143236,0.22148541114058357,0.0,True,True,True,True,True,,
720575940629510338,cell_class,gustatory,754,400,0.25,0.02,0.05,0.027851458885941646,0.4151193633952255,0.07957559681697612,0.001326259946949602,0.2546419098143236,0.22148541114058357,0.0,False,False,False,False,False,,
720575940629510338,cell_class,gustatory,754,400,0.25,0.02,0.1,0.027851458885941646,0.4151193633952255,0.07957559681697612,0.001326259946949602,0.2546419098143236,0.22148541114058357,0.0,False,False,False,False,False,,
720575940629510338,cell_class,gustatory,754,400,0.25,0.01,0.01,0.027851458885941646,0.4151193633952255,0.07957559681697612,0.001326259946949602,0.2546419098143236,0.22148541114058357,0.0,True,True,True,True,True,,
720575940629510338,cell_class,gustatory,754,400,0.25,0.01,0.05,0.027851458885941646,0.4151193633952255,0.07957559681697612,0.001326259946949602,0.2546419098143236,0.22148541114058357,0.0,False,False,False,False,False,,
720575940629510338,cell_class,gustatory,754,400,0.25,0.01,0.1,0.027851458885941646,0.4151193633952255,0.07957559681697612,0.001326259946949602,0.2546419098143236,0.22148541114058357,0.0,False,False,False,False,False,,
720575940613996959,cell_class,gustatory,813,400,0.25,0.14285714285714285,0.01,0.015990159901599015,0.4575645756457565,0.00984009840098401,0.0024600246002460025,0.3075030750307503,0.2066420664206642,0.0,True,True,False,True,True,False,
720575940613996959,cell_class,gustatory,813,400,0.25,0.14285714285714285,0.05,0.015990159901599015,0.4575645756457565,0.00984009840098401,0.0024600246002460025,0.3075030750307503,0.2066420664206642,0.0,False,True,False,True,True,False,
720575940613996959,cell_class,gustatory,813,400,0.25,0.14285714285714285,0.1,0.015990159901599015,0.4575645756457565,0.00984009840098401,0.0024600246002460025,0.3075030750307503,0.2066420664206642,0.0,False,True,False,True,True,False,
720575940613996959,cell_class,gustatory,813,400,0.25,0.04,0.01,0.015990159901599015,0.4575645756457565,0.00984009840098401,0.0024600246002460025,0.3075030750307503,0.2066420664206642,0.0,False,True,False,True,True,False,
720575940613996959,cell_class,gustatory,813,400,0.25,0.04,0.05,0.015990159901599015,0.4575645756457565,0.00984009840098401,0.0024600246002460025,0.3075030750307503,0.2066420664206642,0.0,False,False,False,False,False,False,
720575940613996959,cell_class,gustatory,813,400,0.25,0.04,0.1,0.015990159901599015,0.4575645756457565,0.00984009840098401,0.0024600246002460025,0.3075030750307503,0.2066420664206642,0.0,False,False,False,False,False,False,
720575940613996959,cell_class,gustatory,813,400,0.25,0.02,0.01,0.015990159901599015,0.4575645756457565,0.00984009840098401,0.0024600246002460025,0.3075030750307503,0.2066420664206642,0.0,False,True,False,True,True,False,
720575940613996959,cell_class,gustatory,813,400,0.25,0.02,0.05,0.015990159901599015,0.4575645756457565,0.00984009840098401,0.0024600246002460025,0.3075030750307503,0.2066420664206642,0.0,False,False,False,False,False,False,
720575940613996959,cell_class,gustatory,813,400,0.25,0.02,0.1,0.015990159901599015,0.4575645756457565,0.00984009840098401,0.0024600246002460025,0.3075030750307503,0.2066420664206642,0.0,False,False,False,False,False,False,
720575940613996959,cell_class,gustatory,813,400,0.25,0.01,0.01,0.015990159901599015,0.4575645756457565,0.00984009840098401,0.0024600246002460025,0.3075030750307503,0.2066420664206642,0.0,False,True,False,True,True,False,
720575940613996959,cell_class,gustatory,813,400,0.25,0.01,0.05,0.015990159901599015,0.4575645756457565,0.00984009840098401,0.0024600246002460025,0.3075030750307503,0.2066420664206642,0.0,False,False,False,False,False,False,
720575940613996959,cell_class,gustatory,813,400,0.25,0.01,0.1,0.015990159901599015,0.4575645756457565,0.00984009840098401,0.0024600246002460025,0.3075030750307503,0.2066420664206642,0.0,False,False,False,False,False,False,
720575940612010137,cell_class,gustatory,961,400,0.25,0.14285714285714285,0.01,0.03954214360041623,0.2976066597294485,0.41935483870967744,0.006243496357960458,0.14568158168574402,0.08949011446409989,0.002081165452653486,True,True,True,True,True,False,False
720575940612010137,cell_class,gustatory,961,400,0.25,0.14285714285714285,0.05,0.03954214360041623,0.2976066597294485,0.41935483870967744,0.006243496357960458,0.14568158168574402,0.08949011446409989,0.002081165452653486,False,True,True,True,True,False,False
720575940612010137,cell_class,gustatory,961,400,0.25,0.14285714285714285,0.1,0.03954214360041623,0.2976066597294485,0.41935483870967744,0.006243496357960458,0.14568158168574402,0.08949011446409989,0.002081165452653486,False,True,True,True,False,False,False
720575940612010137,cell_class,gustatory,961,400,0.25,0.04,0.01,0.03954214360041623,0.2976066597294485,0.41935483870967744,0.006243496357960458,0.14568158168574402,0.08949011446409989,0.002081165452653486,True,True,True,True,True,False,False
720575940612010137,cell_class,gustatory,961,400,0.25,0.04,0.05,0.03954214360041623,0.2976066597294485,0.41935483870967744,0.006243496357960458,0.14568158168574402,0.08949011446409989,0.002081165452653486,False,True,True,False,False,False,False
720575940612010137,cell_class,gustatory,961,400,0.25,0.04,0.1,0.03954214360041623,0.2976066597294485,0.41935483870967744,0.006243496357960458,0.14568158168574402,0.08949011446409989,0.002081165452653486,False,False,False,False,False,False,False
720575940612010137,cell_class,gustatory,961,400,0.25,0.02,0.01,0.03954214360041623,0.2976066597294485,0.41935483870967744,0.006243496357960458,0.14568158168574402,0.08949011446409989,0.002081165452653486,True,True,True,True,True,False,False
720575940612010137,cell_class,gustatory,961,400,0.25,0.02,0.05,0.03954214360041623,0.2976066597294485,0.41935483870967744,0.006243496357960458,0.14568158168574402,0.08949011446409989,0.002081165452653486,False,False,False,False,False,False,False
720575940612010137,cell_class,gustatory,961,400,0.25,0.02,0.1,0.03954214360041623,0.2976066597294485,0.41935483870967744,0.006243496357960458,0.14568158168574402,0.08949011446409989,0.002081165452653486,False,False,False,False,False,False,False
720575940612010137,cell_class,gustatory,961,400,0.25,0.01,0.01,0.03954214360041623,0.2976066597294485,0.41935483870967744,0.006243496357960458,0.14568158168574402,0.08949011446409989,0.002081165452653486,False,True,True,True,True,False,False
720575940612010137,cell_class,gustatory,961,400,0.25,0.01,0.05,0.03954214360041623,0.2976066597294485,0.41935483870967744,0.006243496357960458,0.14568158168574402,0.08949011446409989,0.002081165452653486,False,False,False,False,False,False,False
720575940612010137,cell_class,gustatory,961,400,0.25,0.01,0.1,0.03954214360041623,0.2976066597294485,0.41935483870967744,0.006243496357960458,0.14568158168574402,0.08949011446409989,0.002081165452653486,False,False,False,False,False,False,False
720575940622902535,cell_class,gustatory,853,400,0.25,0.14285714285714285,0.01,0.009378663540445486,0.5427901524032825,0.0035169988276670576,0.005861664712778429,0.2708089097303634,0.16764361078546308,0.0,False,True,False,True,True,False,
720575940622902535,cell_class,gustatory,853,400,0.25,0.14285714285714285,0.05,0.009378663540445486,0.5427901524032825,0.0035169988276670576,0.005861664712778429,0.2708089097303634,0.16764361078546308,0.0,False,True,False,True,True,False,
720575940622902535,cell_class,gustatory,853,400,0.25,0.14285714285714285,0.1,0.009378663540445486,0.5427901524032825,0.0035169988276670576,0.005861664712778429,0.2708089097303634,0.16764361078546308,0.0,False,True,False,False,False,False,
720575940622902535,cell_class,gustatory,853,400,0.25,0.04,0.01,0.009378663540445486,0.5427901524032825,0.0035169988276670576,0.005861664712778429,0.2708089097303634,0.16764361078546308,0.0,False,True,False,True,True,False,
720575940622902535,cell_class,gustatory,853,400,0.25,0.04,0.05,0.009378663540445486,0.5427901524032825,0.0035169988276670576,0.005861664712778429,0.2708089097303634,0.16764361078546308,0.0,False,True,False,True,False,False,
720575940622902535,cell_class,gustatory,853,400,0.25,0.04,0.1,0.009378663540445486,0.5427901524032825,0.0035169988276670576,0.005861664712778429,0.2708089097303634,0.16764361078546308,0.0,False,False,False,False,False,False,
720575940622902535,cell_class,gustatory,853,400,0.25,0.02,0.01,0.009378663540445486,0.5427901524032825,0.0035169988276670576,0.005861664712778429,0.2708089097303634,0.16764361078546308,0.0,False,True,False,True,True,False,
720575940622902535,cell_class,gustatory,853,400,0.25,0.02,0.05,0.009378663540445486,0.5427901524032825,0.0035169988276670576,0.005861664712778429,0.2708089097303634,0.16764361078546308,0.0,False,False,False,False,False,False,
720575940622902535,cell_class,gustatory,853,400,0.25,0.02,0.1,0.009378663540445486,0.5427901524032825,0.0035169988276670576,0.005861664712778429,0.2708089097303634,0.16764361078546308,0.0,False,False,False,False,False,False,
720575940622902535,cell_class,gustatory,853,400,0.25,0.01,0.01,0.009378663540445486,0.5427901524032825,0.0035169988276670576,0.005861664712778429,0.2708089097303634,0.16764361078546308,0.0,False,True,False,True,True,False,
720575940622902535,cell_class,gustatory,853,400,0.25,0.01,0.05,0.009378663540445486,0.5427901524032825,0.0035169988276670576,0.005861664712778429,0.2708089097303634,0.16764361078546308,0.0,False,False,False,False,False,False,
720575940622902535,cell_class,gustatory,853,400,0.25,0.01,0.1,0.009378663540445486,0.5427901524032825,0.0035169988276670576,0.005861664712778429,0.2708089097303634,0.16764361078546308,0.0,False,False,False,False,False,False,
720575940640649691,cell_class,gustatory,800,400,0.25,0.14285714285714285,0.01,0.01625,0.51875,0.07,0.0025,0.18625,0.20625,0.0,False,True,True,True,True,False,
720575940640649691,cell_class,gustatory,800,400,0.25,0.14285714285714285,0.05,0.01625,0.51875,0.07,0.0025,0.18625,0.20625,0.0,False,True,False,True,True,False,
720575940640649691,cell_class,gustatory,800,400,0.25,0.14285714285714285,0.1,0.01625,0.51875,0.07,0.0025,0.18625,0.20625,0.0,False,True,False,False,True,False,
720575940640649691,cell_class,gustatory,800,400,0.25,0.04,0.01,0.01625,0.51875,0.07,0.0025,0.18625,0.20625,0.0,False,True,True,True,True,False,
720575940640649691,cell_class,gustatory,800,400,0.25,0.04,0.05,0.01625,0.51875,0.07,0.0025,0.18625,0.20625,0.0,False,True,False,False,False,False,
720575940640649691,cell_class,gustatory,800,400,0.25,0.04,0.1,0.01625,0.51875,0.07,0.0025,0.18625,0.20625,0.0,False,False,False,False,False,False,
720575940640649691,cell_class,gustatory,800,400,0.25,0.02,0.01,0.01625,0.51875,0.07,0.0025,0.18625,0.20625,0.0,False,True,True,True,True,False,
720575940640649691,cell_class,gustatory,800,400,0.25,0.02,0.05,0.01625,0.51875,0.07,0.0025,0.18625,0.20625,0.0,False,True,False,False,False,False,
720575940640649691,cell_class,gustatory,800,400,0.25,0.02,0.1,0.01625,0.51875,0.07,0.0025,0.18625,0.20625,0.0,False,False,False,False,False,False,
720575940640649691,cell_class,gustatory,800,400,0.25,0.01,0.01,0.01625,0.51875,0.07,0.0025,0.18625,0.20625,0.0,False,True,True,True,True,False,
720575940640649691,cell_class,gustatory,800,400,0.25,0.01,0.05,0.01625,0.51875,0.07,0.0025,0.18625,0.20625,0.0,False,True,False,False,False,False,
720575940640649691,cell_class,gustatory,800,400,0.25,0.01,0.1,0.01625,0.51875,0.07,0.0025,0.18625,0.20625,0.0,False,False,False,False,False,False,
720575940632634911,cell_class,gustatory,1393,400,0.25,0.14285714285714285,0.01,0.06173725771715721,0.4996410624551328,0.31442928930366115,0.0007178750897343862,0.05527638190954774,0.0681981335247667,0.0,True,True,True,True,True,,
720575940632634911,cell_class,gustatory,1393,400,0.25,0.14285714285714285,0.05,0.06173725771715721,0.4996410624551328,0.31442928930366115,0.0007178750897343862,0.05527638190954774,0.0681981335247667,0.0,False,True,True,False,False,,
720575940632634911,cell_class,gustatory,1393,400,0.25,0.14285714285714285,0.1,0.06173725771715721,0.4996410624551328,0.31442928930366115,0.0007178750897343862,0.05527638190954774,0.0681981335247667,0.0,False,True,True,False,False,,
720575940632634911,cell_class,gustatory,1393,400,0.25,0.04,0.01,0.06173725771715721,0.4996410624551328,0.31442928930366115,0.0007178750897343862,0.05527638190954774,0.0681981335247667,0.0,True,True,True,True,True,,
720575940632634911,cell_class,gustatory,1393,400,0.25,0.04,0.05,0.06173725771715721,0.4996410624551328,0.31442928930366115,0.0007178750897343862,0.05527638190954774,0.0681981335247667,0.0,False,True,False,False,False,,
720575940632634911,cell_class,gustatory,1393,400,0.25,0.04,0.1,0.06173725771715721,0.4996410624551328,0.31442928930366115,0.0007178750897343862,0.05527638190954774,0.0681981335247667,0.0,False,False,False,False,False,,
720575940632634911,cell_class,gustatory,1393,400,0.25,0.02,0.01,0.06173725771715721,0.4996410624551328,0.31442928930366115,0.0007178750897343862,0.05527638190954774,0.0681981335247667,0.0,False,True,True,True,True,,
720575940632634911,cell_class,gustatory,1393,400,0.25,0.02,0.05,0.06173725771715721,0.4996410624551328,0.31442928930366115,0.0007178750897343862,0.05527638190954774,0.0681981335247667,0.0,False,False,False,False,False,,
720575940632634911,cell_class,gustatory,1393,400,0.25,0.02,0.1,0.06173725771715721,0.4996410624551328,0.31442928930366115,0.0007178750897343862,0.05527638190954774,0.0681981335247667,0.0,False,False,False,False,False,,
720575940632634911,cell_class,gustatory,1393,400,0.25,0.01,0.01,0.06173725771715721,0.4996410624551328,0.31442928930366115,0.0007178750897343862,0.05527638190954774,0.0681981335247667,0.0,False,True,True,True,True,,
720575940632634911,cell_class,gustatory,1393,400,0.25,0.01,0.05,0.06173725771715721,0.4996410624551328,0.31442928930366115,0.0007178750897343862,0.05527638190954774,0.0681981335247667,0.0,False,False,False,False,False,,
720575940632634911,cell_class,gustatory,1393,400,0.25,0.01,0.1,0.06173725771715721,0.4996410624551328,0.31442928930366115,0.0007178750897343862,0.05527638190954774,0.0681981335247667,0.0,False,False,False,False,False,,
720575940633634199,cell_class,gustatory,848,400,0.25,0.14285714285714285,0.01,0.01650943396226415,0.875,0.018867924528301886,0.0,0.014150943396226415,0.07547169811320754,0.0,False,True,False,False,True,,
720575940633634199,cell_class,gustatory,848,400,0.25,0.14285714285714285,0.05,0.01650943396226415,0.875,0.018867924528301886,0.0,0.014150943396226415,0.07547169811320754,0.0,False,True,False,False,False,,
720575940633634199,cell_class,gustatory,848,400,0.25,0.14285714285714285,0.1,0.01650943396226415,0.875,0.018867924528301886,0.0,0.014150943396226415,0.07547169811320754,0.0,False,True,False,False,False,,
720575940633634199,cell_class,gustatory,848,400,0.25,0.04,0.01,0.01650943396226415,0.875,0.018867924528301886,0.0,0.014150943396226415,0.07547169811320754,0.0,False,True,False,False,True,,
720575940633634199,cell_class,gustatory,848,400,0.25,0.04,0.05,0.01650943396226415,0.875,0.018867924528301886,0.0,0.014150943396226415,0.07547169811320754,0.0,False,True,False,False,False,,
720575940633634199,cell_class,gustatory,848,400,0.25,0.04,0.1,0.01650943396226415,0.875,0.018867924528301886,0.0,0.014150943396226415,0.07547169811320754,0.0,False,False,False,False,False,,
720575940633634199,cell_class,gustatory,848,400,0.25,0.02,0.01,0.01650943396226415,0.875,0.018867924528301886,0.0,0.014150943396226415,0.07547169811320754,0.0,False,True,False,False,True,,
720575940633634199,cell_class,gustatory,848,400,0.25,0.02,0.05,0.01650943396226415,0.875,0.018867924528301886,0.0,0.014150943396226415,0.07547169811320754,0.0,False,True,False,False,False,,
720575940633634199,cell_class,gustatory,848,400,0.25,0.02,0.1,0.01650943396226415,0.875,0.018867924528301886,0.0,0.014150943396226415,0.07547169811320754,0.0,False,False,False,False,False,,
720575940633634199,cell_class,gustatory,848,400,0.25,0.01,0.01,0.01650943396226415,0.875,0.018867924528301886,0.0,0.014150943396226415,0.07547169811320754,0.0,False,True,False,False,True,,
720575940633634199,cell_class,gustatory,848,400,0.25,0.01,0.05,0.01650943396226415,0.875,0.018867924528301886,0.0,0.014150943396226415,0.07547169811320754,0.0,False,False,False,False,False,,
720575940633634199,cell_class,gustatory,848,400,0.25,0.01,0.1,0.01650943396226415,0.875,0.018867924528301886,0.0,0.014150943396226415,0.07547169811320754,0.0,False,False,False,False,False,,
720575940611184819,cell_class,gustatory,766,400,0.25,0.14285714285714285,0.01,0.013054830287206266,0.8590078328981723,0.031331592689295036,0.0013054830287206266,0.04569190600522193,0.04960835509138381,0.0,False,True,True,True,True,,
720575940611184819,cell_class,gustatory,766,400,0.25,0.14285714285714285,0.05,0.013054830287206266,0.8590078328981723,0.031331592689295036,0.0013054830287206266,0.04569190600522193,0.04960835509138381,0.0,False,True,False,False,False,,
720575940611184819,cell_class,gustatory,766,400,0.25,0.14285714285714285,0.1,0.013054830287206266,0.8590078328981723,0.031331592689295036,0.0013054830287206266,0.04569190600522193,0.04960835509138381,0.0,False,True,False,False,False,,
720575940611184819,cell_class,gustatory,766,400,0.25,0.04,0.01,0.013054830287206266,0.8590078328981723,0.031331592689295036,0.0013054830287206266,0.04569190600522193,0.04960835509138381,0.0,False,True,True,True,True,,
720575940611184819,cell_class,gustatory,766,400,0.25,0.04,0.05,0.013054830287206266,0.8590078328981723,0.031331592689295036,0.0013054830287206266,0.04569190600522193,0.04960835509138381,0.0,False,True,False,False,False,,
720575940611184819,cell_class,gustatory,766,400,0.25,0.04,0.1,0.013054830287206266,0.8590078328981723,0.031331592689295036,0.0013054830287206266,0.04569190600522193,0.04960835509138381,0.0,False,False,False,False,False,,
720575940611184819,cell_class,gustatory,766,400,0.25,0.02,0.01,0.013054830287206266,0.8590078328981723,0.031331592689295036,0.0013054830287206266,0.04569190600522193,0.04960835509138381,0.0,False,True,True,True,False,,
720575940611184819,cell_class,gustatory,766,400,0.25,0.02,0.05,0.013054830287206266,0.8590078328981723,0.031331592689295036,0.0013054830287206266,0.04569190600522193,0.04960835509138381,0.0,False,True,False,False,False,,
720575940611184819,cell_class,gustatory,766,400,0.25,0.02,0.1,0.013054830287206266,0.8590078328981723,0.031331592689295036,0.0013054830287206266,0.04569190600522193,0.04960835509138381,0.0,False,False,False,False,False,,
720575940611184819,cell_class,gustatory,766,400,0.25,0.01,0.01,0.013054830287206266,0.8590078328981723,0.031331592689295036,0.0013054830287206266,0.04569190600522193,0.04960835509138381,0.0,False,True,True,True,False,,
720575940611184819,cell_class,gustatory,766,400,0.25,0.01,0.05,0.013054830287206266,0.8590078328981723,0.031331592689295036,0.0013054830287206266,0.04569190600522193,0.04960835509138381,0.0,False,True,False,False,False,,
720575940611184819,cell_class,gustatory,766,400,0.25,0.01,0.1,0.013054830287206266,0.8590078328981723,0.031331592689295036,0.0013054830287206266,0.04569190600522193,0.04960835509138381,0.0,False,False,False,False,False,,
720575940623138485,cell_class,gustatory,832,400,0.25,0.14285714285714285,0.01,0.004807692307692308,0.3112980769230769,0.46274038461538464,0.003605769230769231,0.15745192307692307,0.06009615384615385,0.0,False,True,True,True,True,False,
720575940623138485,cell_class,gustatory,832,400,0.25,0.14285714285714285,0.05,0.004807692307692308,0.3112980769230769,0.46274038461538464,0.003605769230769231,0.15745192307692307,0.06009615384615385,0.0,False,True,True,True,False,False,
720575940623138485,cell_class,gustatory,832,400,0.25,0.14285714285714285,0.1,0.004807692307692308,0.3112980769230769,0.46274038461538464,0.003605769230769231,0.15745192307692307,0.06009615384615385,0.0,False,True,True,False,False,False,
720575940623138485,cell_class,gustatory,832,400,0.25,0.04,0.01,0.004807692307692308,0.3112980769230769,0.46274038461538464,0.003605769230769231,0.15745192307692307,0.06009615384615385,0.0,False,True,True,True,True,False,
720575940623138485,cell_class,gustatory,832,400,0.25,0.04,0.05,0.004807692307692308,0.3112980769230769,0.46274038461538464,0.003605769230769231,0.15745192307692307,0.06009615384615385,0.0,False,False,True,False,False,False,
720575940623138485,cell_class,gustatory,832,400,0.25,0.04,0.1,0.004807692307692308,0.3112980769230769,0.46274038461538464,0.003605769230769231,0.15745192307692307,0.06009615384615385,0.0,False,False,False,False,False,False,
720575940623138485,cell_class,gustatory,832,400,0.25,0.02,0.01,0.004807692307692308,0.3112980769230769,0.46274038461538464,0.003605769230769231,0.15745192307692307,0.06009615384615385,0.0,False,True,True,True,True,False,
720575940623138485,cell_class,gustatory,832,400,0.25,0.02,0.05,0.004807692307692308,0.3112980769230769,0.46274038461538464,0.003605769230769231,0.15745192307692307,0.06009615384615385,0.0,False,False,True,False,False,False,
720575940623138485,cell_class,gustatory,832,400,0.25,0.02,0.1,0.004807692307692308,0.3112980769230769,0.46274038461538464,0.003605769230769231,0.15745192307692307,0.06009615384615385,0.0,False,False,False,False,False,False,
720575940623138485,cell_class,gustatory,832,400,0.25,0.01,0.01,0.004807692307692308,0.3112980769230769,0.46274038461538464,0.003605769230769231,0.15745192307692307,0.06009615384615385,0.0,False,True,True,True,True,False,
720575940623138485,cell_class,gustatory,832,400,0.25,0.01,0.05,0.004807692307692308,0.3112980769230769,0.46274038461538464,0.003605769230769231,0.15745192307692307,0.06009615384615385,0.0,False,False,False,False,False,False,
720575940623138485,cell_class,gustatory,832,400,0.25,0.01,0.1,0.004807692307692308,0.3112980769230769,0.46274038461538464,0.003605769230769231,0.15745192307692307,0.06009615384615385,0.0,False,False,False,False,False,False,
720575940610103906,cell_class,gustatory,918,400,0.25,0.14285714285714285,0.01,0.1775599128540305,0.6361655773420479,0.05010893246187364,0.002178649237472767,0.1318082788671024,0.0010893246187363835,0.0010893246187363835,True,True,True,True,,False,
720575940610103906,cell_class,gustatory,918,400,0.25,0.14285714285714285,0.05,0.1775599128540305,0.6361655773420479,0.05010893246187364,0.002178649237472767,0.1318082788671024,0.0010893246187363835,0.0010893246187363835,True,True,False,True,,False,
720575940610103906,cell_class,gustatory,918,400,0.25,0.14285714285714285,0.1,0.1775599128540305,0.6361655773420479,0.05010893246187364,0.002178649237472767,0.1318082788671024,0.0010893246187363835,0.0010893246187363835,False,True,False,False,,False,
720575940610103906,cell_class,gustatory,918,400,0.25,0.04,0.01,0.1775599128540305,0.6361655773420479,0.05010893246187364,0.002178649237472767,0.1318082788671024,0.0010893246187363835,0.0010893246187363835,True,True,True,True,,False,
720575940610103906,cell_class,gustatory,918,400,0.25,0.04,0.05,0.1775599128540305,0.6361655773420479,0.05010893246187364,0.002178649237472767,0.1318082788671024,0.0010893246187363835,0.0010893246187363835,False,True,False,False,,False,
720575940610103906,cell_class,gustatory,918,400,0.25,0.04,0.1,0.1775599128540305,0.6361655773420479,0.05010893246187364,0.002178649237472767,0.1318082788671024,0.0010893246187363835,0.0010893246187363835,False,False,False,False,,False,
720575940610103906,cell_class,gustatory,918,400,0.25,0.02,0.01,0.1775599128540305,0.6361655773420479,0.05010893246187364,0.002178649237472767,0.1318082788671024,0.0010893246187363835,0.0010893246187363835,True,True,False,True,,False,
720575940610103906,cell_class,gustatory,918,400,0.25,0.02,0.05,0.1775599128540305,0.6361655773420479,0.05010893246187364,0.002178649237472767,0.1318082788671024,0.0010893246187363835,0.0010893246187363835,False,True,False,False,,False,
720575940610103906,cell_class,gustatory,918,400,0.25,0.02,0.1,0.1775599128540305,0.6361655773420479,0.05010893246187364,0.002178649237472767,0.1318082788671024,0.0010893246187363835,0.0010893246187363835,False,False,False,False,,False,
720575940610103906,cell_class,gustatory,918,400,0.25,0.01,0.01,0.1775599128540305,0.6361655773420479,0.05010893246187364,0.002178649237472767,0.1318082788671024,0.0010893246187363835,0.0010893246187363835,True,True,False,False,,False,
720575940610103906,cell_class,gustatory,918,400,0.25,0.01,0.05,0.1775599128540305,0.6361655773420479,0.05010893246187364,0.002178649237472767,0.1318082788671024,0.0010893246187363835,0.0010893246187363835,False,False,False,False,,False,
720575940610103906,cell_class,gustatory,918,400,0.25,0.01,0.1,0.1775599128540305,0.6361655773420479,0.05010893246187364,0.002178649237472767,0.1318082788671024,0.0010893246187363835,0.0010893246187363835,False,False,False,False,,False,
720575940635990896,cell_class,gustatory,805,400,0.25,0.14285714285714285,0.01,0.02236024844720497,0.8211180124223603,0.02236024844720497,0.0,0.049689440993788817,0.08322981366459627,0.0012422360248447205,True,True,True,True,True,,
720575940635990896,cell_class,gustatory,805,400,0.25,0.14285714285714285,0.05,0.02236024844720497,0.8211180124223603,0.02236024844720497,0.0,0.049689440993788817,0.08322981366459627,0.0012422360248447205,False,True,False,False,False,,
720575940635990896,cell_class,gustatory,805,400,0.25,0.14285714285714285,0.1,0.02236024844720497,0.8211180124223603,0.02236024844720497,0.0,0.049689440993788817,0.08322981366459627,0.0012422360248447205,False,True,False,False,False,,
720575940635990896,cell_class,gustatory,805,400,0.25,0.04,0.01,0.02236024844720497,0.8211180124223603,0.02236024844720497,0.0,0.049689440993788817,0.08322981366459627,0.0012422360248447205,False,True,False,False,True,,
720575940635990896,cell_class,gustatory,805,400,0.25,0.04,0.05,0.02236024844720497,0.8211180124223603,0.02236024844720497,0.0,0.049689440993788817,0.08322981366459627,0.0012422360248447205,False,True,False,False,False,,
720575940635990896,cell_class,gustatory,805,400,0.25,0.04,0.1,0.02236024844720497,0.8211180124223603,0.02236024844720497,0.0,0.049689440993788817,0.08322981366459627,0.0012422360248447205,False,False,False,False,False,,
720575940635990896,cell_class,gustatory,805,400,0.25,0.02,0.01,0.02236024844720497,0.8211180124223603,0.02236024844720497,0.0,0.049689440993788817,0.08322981366459627,0.0012422360248447205,False,True,False,False,False,,
720575940635990896,cell_class,gustatory,805,400,0.25,0.02,0.05,0.02236024844720497,0.8211180124223603,0.02236024844720497,0.0,0.049689440993788817,0.08322981366459627,0.0012422360248447205,False,True,False,False,False,,
720575940635990896,cell_class,gustatory,805,400,0.25,0.02,0.1,0.02236024844720497,0.8211180124223603,0.02236024844720497,0.0,0.049689440993788817,0.08322981366459627,0.0012422360248447205,False,False,False,False,False,,
720575940635990896,cell_class,gustatory,805,400,0.25,0.01,0.01,0.02236024844720497,0.8211180124223603,0.02236024844720497,0.0,0.049689440993788817,0.08322981366459627,0.0012422360248447205,False,True,False,False,False,,
720575940635990896,cell_class,gustatory,805,400,0.25,0.01,0.05,0.02236024844720497,0.8211180124223603,0.02236024844720497,0.0,0.049689440993788817,0.08322981366459627,0.0012422360248447205,False,False,False,False,False,,
720575940635990896,cell_class,gustatory,805,400,0.25,0.01,0.1,0.02236024844720497,0.8211180124223603,0.02236024844720497,0.0,0.049689440993788817,0.08322981366459627,0.0012422360248447205,False,False,False,False,False,,
720575940635176366,cell_class,gustatory,763,400,0.25,0.14285714285714285,0.01,0.01310615989515072,0.783748361730013,0.022280471821756225,0.002621231979030144,0.05504587155963303,0.12057667103538663,0.002621231979030144,False,True,True,True,True,False,False
720575940635176366,cell_class,gustatory,763,400,0.25,0.14285714285714285,0.05,0.01310615989515072,0.783748361730013,0.022280471821756225,0.002621231979030144,0.05504587155963303,0.12057667103538663,0.002621231979030144,False,True,False,False,True,False,False
720575940635176366,cell_class,gustatory,763,400,0.25,0.14285714285714285,0.1,0.01310615989515072,0.783748361730013,0.022280471821756225,0.002621231979030144,0.05504587155963303,0.12057667103538663,0.002621231979030144,False,True,False,False,False,False,False
720575940635176366,cell_class,gustatory,763,400,0.25,0.04,0.01,0.01310615989515072,0.783748361730013,0.022280471821756225,0.002621231979030144,0.05504587155963303,0.12057667103538663,0.002621231979030144,False,True,False,True,True,False,False
720575940635176366,cell_class,gustatory,763,400,0.25,0.04,0.05,0.01310615989515072,0.783748361730013,0.022280471821756225,0.002621231979030144,0.05504587155963303,0.12057667103538663,0.002621231979030144,False,True,False,False,False,False,False
720575940635176366,cell_class,gustatory,763,400,0.25,0.04,0.1,0.01310615989515072,0.783748361730013,0.022280471821756225,0.002621231979030144,0.05504587155963303,0.12057667103538663,0.002621231979030144,False,False,False,False,False,False,False
720575940635176366,cell_class,gustatory,763,400,0.25,0.02,0.01,0.01310615989515072,0.783748361730013,0.022280471821756225,0.002621231979030144,0.05504587155963303,0.12057667103538663,0.002621231979030144,False,True,False,True,True,False,False
720575940635176366,cell_class,gustatory,763,400,0.25,0.02,0.05,0.01310615989515072,0.783748361730013,0.022280471821756225,0.002621231979030144,0.05504587155963303,0.12057667103538663,0.002621231979030144,False,True,False,False,False,False,False
720575940635176366,cell_class,gustatory,763,400,0.25,0.02,0.1,0.01310615989515072,0.783748361730013,0.022280471821756225,0.002621231979030144,0.05504587155963303,0.12057667103538663,0.002621231979030144,False,False,False,False,False,False,False
720575940635176366,cell_class,gustatory,763,400,0.25,0.01,0.01,0.01310615989515072,0.783748361730013,0.022280471821756225,0.002621231979030144,0.05504587155963303,0.12057667103538663,0.002621231979030144,False,True,False,True,True,False,False
720575940635176366,cell_class,gustatory,763,400,0.25,0.01,0.05,0.01310615989515072,0.783748361730013,0.022280471821756225,0.002621231979030144,0.05504587155963303,0.12057667103538663,0.002621231979030144,False,False,False,False,False,False,False
720575940635176366,cell_class,gustatory,763,400,0.25,0.01,0.1,0.01310615989515072,0.783748361730013,0.022280471821756225,0.002621231979030144,0.05504587155963303,0.12057667103538663,0.002621231979030144,False,False,False,False,False,False,False
720575940613080751,cell_class,gustatory,805,400,0.25,0.14285714285714285,0.01,0.009937888198757764,0.8360248447204969,0.04720496894409938,0.0,0.02857142857142857,0.0782608695652174,0.0,False,True,True,True,True,,
720575940613080751,cell_class,gustatory,805,400,0.25,0.14285714285714285,0.05,0.009937888198757764,0.8360248447204969,0.04720496894409938,0.0,0.02857142857142857,0.0782608695652174,0.0,False,True,False,False,False,,
720575940613080751,cell_class,gustatory,805,400,0.25,0.14285714285714285,0.1,0.009937888198757764,0.8360248447204969,0.04720496894409938,0.0,0.02857142857142857,0.0782608695652174,0.0,False,True,False,False,False,,
720575940613080751,cell_class,gustatory,805,400,0.25,0.04,0.01,0.009937888198757764,0.8360248447204969,0.04720496894409938,0.0,0.02857142857142857,0.0782608695652174,0.0,False,True,True,False,True,,
720575940613080751,cell_class,gustatory,805,400,0.25,0.04,0.05,0.009937888198757764,0.8360248447204969,0.04720496894409938,0.0,0.02857142857142857,0.0782608695652174,0.0,False,True,False,False,False,,
720575940613080751,cell_class,gustatory,805,400,0.25,0.04,0.1,0.009937888198757764,0.8360248447204969,0.04720496894409938,0.0,0.02857142857142857,0.0782608695652174,0.0,False,True,False,False,False,,
720575940613080751,cell_class,gustatory,805,400,0.25,0.02,0.01,0.009937888198757764,0.8360248447204969,0.04720496894409938,0.0,0.02857142857142857,0.0782608695652174,0.0,False,True,True,False,True,,
720575940613080751,cell_class,gustatory,805,400,0.25,0.02,0.05,0.009937888198757764,0.8360248447204969,0.04720496894409938,0.0,0.02857142857142857,0.0782608695652174,0.0,False,True,False,False,False,,
720575940613080751,cell_class,gustatory,805,400,0.25,0.02,0.1,0.009937888198757764,0.8360248447204969,0.04720496894409938,0.0,0.02857142857142857,0.0782608695652174,0.0,False,False,False,False,False,,
720575940613080751,cell_class,gustatory,805,400,0.25,0.01,0.01,0.009937888198757764,0.8360248447204969,0.04720496894409938,0.0,0.02857142857142857,0.0782608695652174,0.0,False,True,True,False,False,,
720575940613080751,cell_class,gustatory,805,400,0.25,0.01,0.05,0.009937888198757764,0.8360248447204969,0.04720496894409938,0.0,0.02857142857142857,0.0782608695652174,0.0,False,True,False,False,False,,
720575940613080751,cell_class,gustatory,805,400,0.25,0.01,0.1,0.009937888198757764,0.8360248447204969,0.04720496894409938,0.0,0.02857142857142857,0.0782608695652174,0.0,False,False,False,False,False,,
720575940622604109,cell_class,gustatory,880,400,0.25,0.14285714285714285,0.01,0.019318181818181818,0.8386363636363636,0.023863636363636365,0.0,0.04090909090909091,0.07727272727272727,0.0,False,True,True,True,True,,
720575940622604109,cell_class,gustatory,880,400,0.25,0.14285714285714285,0.05,0.019318181818181818,0.8386363636363636,0.023863636363636365,0.0,0.04090909090909091,0.07727272727272727,0.0,False,True,False,False,False,,
720575940622604109,cell_class,gustatory,880,400,0.25,0.14285714285714285,0.1,0.019318181818181818,0.8386363636363636,0.023863636363636365,0.0,0.04090909090909091,0.07727272727272727,0.0,False,True,False,False,False,,
720575940622604109,cell_class,gustatory,880,400,0.25,0.04,0.01,0.019318181818181818,0.8386363636363636,0.023863636363636365,0.0,0.04090909090909091,0.07727272727272727,0.0,False,True,True,True,True,,
720575940622604109,cell_class,gustatory,880,400,0.25,0.04,0.05,0.019318181818181818,0.8386363636363636,0.023863636363636365,0.0,0.04090909090909091,0.07727272727272727,0.0,False,True,False,False,False,,
720575940622604109,cell_class,gustatory,880,400,0.25,0.04,0.1,0.019318181818181818,0.8386363636363636,0.023863636363636365,0.0,0.04090909090909091,0.07727272727272727,0.0,False,False,False,False,False,,
720575940622604109,cell_class,gustatory,880,400,0.25,0.02,0.01,0.019318181818181818,0.8386363636363636,0.023863636363636365,0.0,0.04090909090909091,0.07727272727272727,0.0,False,True,True,True,True,,
720575940622604109,cell_class,gustatory,880,400,0.25,0.02,0.05,0.019318181818181818,0.8386363636363636,0.023863636363636365,0.0,0.04090909090909091,0.07727272727272727,0.0,False,True,False,False,False,,
720575940622604109,cell_class,gustatory,880,400,0.25,0.02,0.1,0.019318181818181818,0.8386363636363636,0.023863636363636365,0.0,0.04090909090909091,0.07727272727272727,0.0,False,False,False,False,False,,
720575940622604109,cell_class,gustatory,880,400,0.25,0.01,0.01,0.019318181818181818,0.8386363636363636,0.023863636363636365,0.0,0.04090909090909091,0.07727272727272727,0.0,False,True,True,False,True,,
720575940622604109,cell_class,gustatory,880,400,0.25,0.01,0.05,0.019318181818181818,0.8386363636363636,0.023863636363636365,0.0,0.04090909090909091,0.07727272727272727,0.0,False,False,False,False,False,,
720575940622604109,cell_class,gustatory,880,400,0.25,0.01,0.1,0.019318181818181818,0.8386363636363636,0.023863636363636365,0.0,0.04090909090909091,0.07727272727272727,0.0,False,False,False,False,False,,
720575940632510479,cell_class,gustatory,867,400,0.25,0.14285714285714285,0.01,0.00922722029988466,0.5617070357554786,0.0011534025374855825,0.00461361014994233,0.23183391003460208,0.1914648212226067,0.0,False,True,,True,True,False,
720575940632510479,cell_class,gustatory,867,400,0.25,0.14285714285714285,0.05,0.00922722029988466,0.5617070357554786,0.0011534025374855825,0.00461361014994233,0.23183391003460208,0.1914648212226067,0.0,False,True,,True,True,False,
720575940632510479,cell_class,gustatory,867,400,0.25,0.14285714285714285,0.1,0.00922722029988466,0.5617070357554786,0.0011534025374855825,0.00461361014994233,0.23183391003460208,0.1914648212226067,0.0,False,True,,True,True,False,
720575940632510479,cell_class,gustatory,867,400,0.25,0.04,0.01,0.00922722029988466,0.5617070357554786,0.0011534025374855825,0.00461361014994233,0.23183391003460208,0.1914648212226067,0.0,False,True,,True,True,False,
720575940632510479,cell_class,gustatory,867,400,0.25,0.04,0.05,0.00922722029988466,0.5617070357554786,0.0011534025374855825,0.00461361014994233,0.23183391003460208,0.1914648212226067,0.0,False,True,,False,False,False,
720575940632510479,cell_class,gustatory,867,400,0.25,0.04,0.1,0.00922722029988466,0.5617070357554786,0.0011534025374855825,0.00461361014994233,0.23183391003460208,0.1914648212226067,0.0,False,False,,False,False,False,
720575940632510479,cell_class,gustatory,867,400,0.25,0.02,0.01,0.00922722029988466,0.5617070357554786,0.0011534025374855825,0.00461361014994233,0.23183391003460208,0.1914648212226067,0.0,False,True,,True,True,False,
720575940632510479,cell_class,gustatory,867,400,0.25,0.02,0.05,0.00922722029988466,0.5617070357554786,0.0011534025374855825,0.00461361014994233,0.23183391003460208,0.1914648212226067,0.0,False,True,,False,False,False,
720575940632510479,cell_class,gustatory,867,400,0.25,0.02,0.1,0.00922722029988466,0.5617070357554786,0.0011534025374855825,0.00461361014994233,0.23183391003460208,0.1914648212226067,0.0,False,False,,False,False,False,
720575940632510479,cell_class,gustatory,867,400,0.25,0.01,0.01,0.00922722029988466,0.5617070357554786,0.0011534025374855825,0.00461361014994233,0.23183391003460208,0.1914648212226067,0.0,False,True,,True,True,False,
720575940632510479,cell_class,gustatory,867,400,0.25,0.01,0.05,0.00922722029988466,0.5617070357554786,0.0011534025374855825,0.00461361014994233,0.23183391003460208,0.1914648212226067,0.0,False,False,,False,False,False,
720575940632510479,cell_class,gustatory,867,400,0.25,0.01,0.1,0.00922722029988466,0.5617070357554786,0.0011534025374855825,0.00461361014994233,0.23183391003460208,0.1914648212226067,0.0,False,False,,False,False,False,
720575940621754367,cell_class,gustatory,702,400,0.25,0.14285714285714285,0.01,0.017094017094017096,0.34045584045584043,0.10398860398860399,0.0014245014245014246,0.21652421652421652,0.32051282051282054,0.0,False,True,True,True,True,,
720575940621754367,cell_class,gustatory,702,400,0.25,0.14285714285714285,0.05,0.017094017094017096,0.34045584045584043,0.10398860398860399,0.0014245014245014246,0.21652421652421652,0.32051282051282054,0.0,False,True,True,True,True,,
720575940621754367,cell_class,gustatory,702,400,0.25,0.14285714285714285,0.1,0.017094017094017096,0.34045584045584043,0.10398860398860399,0.0014245014245014246,0.21652421652421652,0.32051282051282054,0.0,False,True,False,True,True,,
720575940621754367,cell_class,gustatory,702,400,0.25,0.04,0.01,0.017094017094017096,0.34045584045584043,0.10398860398860399,0.0014245014245014246,0.21652421652421652,0.32051282051282054,0.0,False,True,True,True,True,,
720575940621754367,cell_class,gustatory,702,400,0.25,0.04,0.05,0.017094017094017096,0.34045584045584043,0.10398860398860399,0.0014245014245014246,0.21652421652421652,0.32051282051282054,0.0,False,False,False,False,False,,
720575940621754367,cell_class,gustatory,702,400,0.25,0.04,0.1,0.017094017094017096,0.34045584045584043,0.10398860398860399,0.0014245014245014246,0.21652421652421652,0.32051282051282054,0.0,False,False,False,False,False,,
720575940621754367,cell_class,gustatory,702,400,0.25,0.02,0.01,0.017094017094017096,0.34045584045584043,0.10398860398860399,0.0014245014245014246,0.21652421652421652,0.32051282051282054,0.0,False,True,True,True,True,,
720575940621754367,cell_class,gustatory,702,400,0.25,0.02,0.05,0.017094017094017096,0.34045584045584043,0.10398860398860399,0.0014245014245014246,0.21652421652421652,0.32051282051282054,0.0,False,False,False,False,False,,
720575940621754367,cell_class,gustatory,702,400,0.25,0.02,0.1,0.017094017094017096,0.34045584045584043,0.10398860398860399,0.0014245014245014246,0.21652421652421652,0.32051282051282054,0.0,False,False,False,False,False,,
720575940621754367,cell_class,gustatory,702,400,0.25,0.01,0.01,0.017094017094017096,0.34045584045584043,0.10398860398860399,0.0014245014245014246,0.21652421652421652,0.32051282051282054,0.0,False,True,True,True,True,,
720575940621754367,cell_class,gustatory,702,400,0.25,0.01,0.05,0.017094017094017096,0.34045584045584043,0.10398860398860399,0.0014245014245014246,0.21652421652421652,0.32051282051282054,0.0,False,False,False,False,False,,
720575940621754367,cell_class,gustatory,702,400,0.25,0.01,0.1,0.017094017094017096,0.34045584045584043,0.10398860398860399,0.0014245014245014246,0.21652421652421652,0.32051282051282054,0.0,False,False,False,False,False,,
720575940607500297,cell_class,gustatory,791,400,0.25,0.14285714285714285,0.01,0.015170670037926675,0.865992414664981,0.045512010113780026,0.0012642225031605564,0.01390644753476612,0.05815423514538559,0.0,True,True,True,False,True,,
720575940607500297,cell_class,gustatory,791,400,0.25,0.14285714285714285,0.05,0.015170670037926675,0.865992414664981,0.045512010113780026,0.0012642225031605564,0.01390644753476612,0.05815423514538559,0.0,False,True,False,False,False,,
720575940607500297,cell_class,gustatory,791,400,0.25,0.14285714285714285,0.1,0.015170670037926675,0.865992414664981,0.045512010113780026,0.0012642225031605564,0.01390644753476612,0.05815423514538559,0.0,False,True,False,False,False,,
720575940607500297,cell_class,gustatory,791,400,0.25,0.04,0.01,0.015170670037926675,0.865992414664981,0.045512010113780026,0.0012642225031605564,0.01390644753476612,0.05815423514538559,0.0,False,True,True,False,True,,
720575940607500297,cell_class,gustatory,791,400,0.25,0.04,0.05,0.015170670037926675,0.865992414664981,0.045512010113780026,0.0012642225031605564,0.01390644753476612,0.05815423514538559,0.0,False,True,False,False,False,,
720575940607500297,cell_class,gustatory,791,400,0.25,0.04,0.1,0.015170670037926675,0.865992414664981,0.045512010113780026,0.0012642225031605564,0.01390644753476612,0.05815423514538559,0.0,False,True,False,False,False,,
720575940607500297,cell_class,gustatory,791,400,0.25,0.02,0.01,0.015170670037926675,0.865992414664981,0.045512010113780026,0.0012642225031605564,0.01390644753476612,0.05815423514538559,0.0,False,True,True,False,True,,
720575940607500297,cell_class,gustatory,791,400,0.25,0.02,0.05,0.015170670037926675,0.865992414664981,0.045512010113780026,0.0012642225031605564,0.01390644753476612,0.05815423514538559,0.0,False,True,False,False,False,,
720575940607500297,cell_class,gustatory,791,400,0.25,0.02,0.1,0.015170670037926675,0.865992414664981,0.045512010113780026,0.0012642225031605564,0.01390644753476612,0.05815423514538559,0.0,False,True,False,False,False,,
720575940607500297,cell_class,gustatory,791,400,0.25,0.01,0.01,0.015170670037926675,0.865992414664981,0.045512010113780026,0.0012642225031605564,0.01390644753476612,0.05815423514538559,0.0,False,True,True,False,True,,
720575940607500297,cell_class,gustatory,791,400,0.25,0.01,0.05,0.015170670037926675,0.865992414664981,0.045512010113780026,0.0012642225031605564,0.01390644753476612,0.05815423514538559,0.0,False,False,False,False,False,,
720575940607500297,cell_class,gustatory,791,400,0.25,0.01,0.1,0.015170670037926675,0.865992414664981,0.045512010113780026,0.0012642225031605564,0.01390644753476612,0.05815423514538559,0.0,False,False,False,False,False,,
720575940622413508,cell_class,gustatory,614,400,0.25,0.14285714285714285,0.01,0.008143322475570033,0.495114006514658,0.050488599348534204,0.011400651465798045,0.19055374592833876,0.24429967426710097,0.0,False,True,True,True,True,False,
720575940622413508,cell_class,gustatory,614,400,0.25,0.14285714285714285,0.05,0.008143322475570033,0.495114006514658,0.050488599348534204,0.011400651465798045,0.19055374592833876,0.24429967426710097,0.0,False,True,False,True,True,False,
720575940622413508,cell_class,gustatory,614,400,0.25,0.14285714285714285,0.1,0.008143322475570033,0.495114006514658,0.050488599348534204,0.011400651465798045,0.19055374592833876,0.24429967426710097,0.0,False,True,False,False,True,False,
720575940622413508,cell_class,gustatory,614,400,0.25,0.04,0.01,0.008143322475570033,0.495114006514658,0.050488599348534204,0.011400651465798045,0.19055374592833876,0.24429967426710097,0.0,False,True,True,True,True,False,
720575940622413508,cell_class,gustatory,614,400,0.25,0.04,0.05,0.008143322475570033,0.495114006514658,0.050488599348534204,0.011400651465798045,0.19055374592833876,0.24429967426710097,0.0,False,True,False,False,False,False,
720575940622413508,cell_class,gustatory,614,400,0.25,0.04,0.1,0.008143322475570033,0.495114006514658,0.050488599348534204,0.011400651465798045,0.19055374592833876,0.24429967426710097,0.0,False,False,False,False,False,False,
720575940622413508,cell_class,gustatory,614,400,0.25,0.02,0.01,0.008143322475570033,0.495114006514658,0.050488599348534204,0.011400651465798045,0.19055374592833876,0.24429967426710097,0.0,False,True,True,True,True,False,
720575940622413508,cell_class,gustatory,614,400,0.25,0.02,0.05,0.008143322475570033,0.495114006514658,0.050488599348534204,0.011400651465798045,0.19055374592833876,0.24429967426710097,0.0,False,False,False,False,False,False,
720575940622413508,cell_class,gustatory,614,400,0.25,0.02,0.1,0.008143322475570033,0.495114006514658,0.050488599348534204,0.011400651465798045,0.19055374592833876,0.24429967426710097,0.0,False,False,False,False,False,False,
720575940622413508,cell_class,gustatory,614,400,0.25,0.01,0.01,0.008143322475570033,0.495114006514658,0.050488599348534204,0.011400651465798045,0.19055374592833876,0.24429967426710097,0.0,False,True,True,True,True,False,
720575940622413508,cell_class,gustatory,614,400,0.25,0.01,0.05,0.008143322475570033,0.495114006514658,0.050488599348534204,0.011400651465798045,0.19055374592833876,0.24429967426710097,0.0,False,False,False,False,False,False,
720575940622413508,cell_class,gustatory,614,400,0.25,0.01,0.1,0.008143322475570033,0.495114006514658,0.050488599348534204,0.011400651465798045,0.19055374592833876,0.24429967426710097,0.0,False,False,False,False,False,False,
720575940616177458,cell_class,gustatory,971,400,0.25,0.14285714285714285,0.01,0.007209062821833162,0.4654994850669413,0.005149330587023687,0.010298661174047374,0.3367662203913491,0.17404737384140062,0.0010298661174047373,False,True,False,True,True,False,
720575940616177458,cell_class,gustatory,971,400,0.25,0.14285714285714285,0.05,0.007209062821833162,0.4654994850669413,0.005149330587023687,0.010298661174047374,0.3367662203913491,0.17404737384140062,0.0010298661174047373,False,True,False,True,True,False,
720575940616177458,cell_class,gustatory,971,400,0.25,0.14285714285714285,0.1,0.007209062821833162,0.4654994850669413,0.005149330587023687,0.010298661174047374,0.3367662203913491,0.17404737384140062,0.0010298661174047373,False,True,False,True,False,False,
720575940616177458,cell_class,gustatory,971,400,0.25,0.04,0.01,0.007209062821833162,0.4654994850669413,0.005149330587023687,0.010298661174047374,0.3367662203913491,0.17404737384140062,0.0010298661174047373,False,True,False,True,True,False,
720575940616177458,cell_class,gustatory,971,400,0.25,0.04,0.05,0.007209062821833162,0.4654994850669413,0.005149330587023687,0.010298661174047374,0.3367662203913491,0.17404737384140062,0.0010298661174047373,False,True,False,False,False,False,
720575940616177458,cell_class,gustatory,971,400,0.25,0.04,0.1,0.007209062821833162,0.4654994850669413,0.005149330587023687,0.010298661174047374,0.3367662203913491,0.17404737384140062,0.0010298661174047373,False,False,False,False,False,False,
720575940616177458,cell_class,gustatory,971,400,0.25,0.02,0.01,0.007209062821833162,0.4654994850669413,0.005149330587023687,0.010298661174047374,0.3367662203913491,0.17404737384140062,0.0010298661174047373,False,True,False,True,True,False,
720575940616177458,cell_class,gustatory,971,400,0.25,0.02,0.05,0.007209062821833162,0.4654994850669413,0.005149330587023687,0.010298661174047374,0.3367662203913491,0.17404737384140062,0.0010298661174047373,False,False,False,False,False,False,
720575940616177458,cell_class,gustatory,971,400,0.25,0.02,0.1,0.007209062821833162,0.4654994850669413,0.005149330587023687,0.010298661174047374,0.3367662203913491,0.17404737384140062,0.0010298661174047373,False,False,False,False,False,False,
720575940616177458,cell_class,gustatory,971,400,0.25,0.01,0.01,0.007209062821833162,0.4654994850669413,0.005149330587023687,0.010298661174047374,0.3367662203913491,0.17404737384140062,0.0010298661174047373,False,True,False,True,True,False,
720575940616177458,cell_class,gustatory,971,400,0.25,0.01,0.05,0.007209062821833162,0.4654994850669413,0.005149330587023687,0.010298661174047374,0.3367662203913491,0.17404737384140062,0.0010298661174047373,False,False,False,False,False,False,
720575940616177458,cell_class,gustatory,971,400,0.25,0.01,0.1,0.007209062821833162,0.4654994850669413,0.005149330587023687,0.010298661174047374,0.3367662203913491,0.17404737384140062,0.0010298661174047373,False,False,False,False,False,False,
720575940616742657,cell_class,gustatory,945,400,0.25,0.14285714285714285,0.01,0.006349206349206349,0.5481481481481482,0.04021164021164021,0.005291005291005291,0.23809523809523808,0.16084656084656085,0.0010582010582010583,False,True,True,True,True,False,
720575940616742657,cell_class,gustatory,945,400,0.25,0.14285714285714285,0.05,0.006349206349206349,0.5481481481481482,0.04021164021164021,0.005291005291005291,0.23809523809523808,0.16084656084656085,0.0010582010582010583,False,True,False,True,True,False,
720575940616742657,cell_class,gustatory,945,400,0.25,0.14285714285714285,0.1,0.006349206349206349,0.5481481481481482,0.04021164021164021,0.005291005291005291,0.23809523809523808,0.16084656084656085,0.0010582010582010583,False,True,False,False,False,False,
720575940616742657,cell_class,gustatory,945,400,0.25,0.04,0.01,0.006349206349206349,0.5481481481481482,0.04021164021164021,0.005291005291005291,0.23809523809523808,0.16084656084656085,0.0010582010582010583,False,True,True,True,True,False,
720575940616742657,cell_class,gustatory,945,400,0.25,0.04,0.05,0.006349206349206349,0.5481481481481482,0.04021164021164021,0.005291005291005291,0.23809523809523808,0.16084656084656085,0.0010582010582010583,False,False,False,False,False,False,
720575940616742657,cell_class,gustatory,945,400,0.25,0.04,0.1,0.006349206349206349,0.5481481481481482,0.04021164021164021,0.005291005291005291,0.23809523809523808,0.16084656084656085,0.0010582010582010583,False,False,False,False,False,False,
720575940616742657,cell_class,gustatory,945,400,0.25,0.02,0.01,0.006349206349206349,0.5481481481481482,0.04021164021164021,0.005291005291005291,0.23809523809523808,0.16084656084656085,0.0010582010582010583,False,True,True,True,True,False,
720575940616742657,cell_class,gustatory,945,400,0.25,0.02,0.05,0.006349206349206349,0.5481481481481482,0.04021164021164021,0.005291005291005291,0.23809523809523808,0.16084656084656085,0.0010582010582010583,False,False,False,False,False,False,
720575940616742657,cell_class,gustatory,945,400,0.25,0.02,0.1,0.006349206349206349,0.5481481481481482,0.04021164021164021,0.005291005291005291,0.23809523809523808,0.16084656084656085,0.0010582010582010583,False,False,False,False,False,False,
720575940616742657,cell_class,gustatory,945,400,0.25,0.01,0.01,0.006349206349206349,0.5481481481481482,0.04021164021164021,0.005291005291005291,0.23809523809523808,0.16084656084656085,0.0010582010582010583,False,True,True,True,True,False,
720575940616742657,cell_class,gustatory,945,400,0.25,0.01,0.05,0.006349206349206349,0.5481481481481482,0.04021164021164021,0.005291005291005291,0.23809523809523808,0.16084656084656085,0.0010582010582010583,False,False,False,False,False,False,
720575940616742657,cell_class,gustatory,945,400,0.25,0.01,0.1,0.006349206349206349,0.5481481481481482,0.04021164021164021,0.005291005291005291,0.23809523809523808,0.16084656084656085,0.0010582010582010583,False,False,False,False,False,False,
720575940627036746,cell_class,gustatory,663,400,0.25,0.14285714285714285,0.01,0.01809954751131222,0.7586726998491704,0.027149321266968326,0.006033182503770739,0.07390648567119155,0.11613876319758673,0.0,True,True,True,True,True,False,
720575940627036746,cell_class,gustatory,663,400,0.25,0.14285714285714285,0.05,0.01809954751131222,0.7586726998491704,0.027149321266968326,0.006033182503770739,0.07390648567119155,0.11613876319758673,0.0,False,True,False,False,True,False,
720575940627036746,cell_class,gustatory,663,400,0.25,0.14285714285714285,0.1,0.01809954751131222,0.7586726998491704,0.027149321266968326,0.006033182503770739,0.07390648567119155,0.11613876319758673,0.0,False,True,False,False,False,False,
720575940627036746,cell_class,gustatory,663,400,0.25,0.04,0.01,0.01809954751131222,0.7586726998491704,0.027149321266968326,0.006033182503770739,0.07390648567119155,0.11613876319758673,0.0,False,True,True,True,True,False,
720575940627036746,cell_class,gustatory,663,400,0.25,0.04,0.05,0.01809954751131222,0.7586726998491704,0.027149321266968326,0.006033182503770739,0.07390648567119155,0.11613876319758673,0.0,False,True,False,False,False,False,
720575940627036746,cell_class,gustatory,663,400,0.25,0.04,0.1,0.01809954751131222,0.7586726998491704,0.027149321266968326,0.006033182503770739,0.07390648567119155,0.11613876319758673,0.0,False,True,False,False,False,False,
720575940627036746,cell_class,gustatory,663,400,0.25,0.02,0.01,0.01809954751131222,0.7586726998491704,0.027149321266968326,0.006033182503770739,0.07390648567119155,0.11613876319758673,0.0,False,True,True,False,True,False,
720575940627036746,cell_class,gustatory,663,400,0.25,0.02,0.05,0.01809954751131222,0.7586726998491704,0.027149321266968326,0.006033182503770739,0.07390648567119155,0.11613876319758673,0.0,False,True,False,False,False,False,
720575940627036746,cell_class,gustatory,663,400,0.25,0.02,0.1,0.01809954751131222,0.7586726998491704,0.027149321266968326,0.006033182503770739,0.07390648567119155,0.11613876319758673,0.0,False,False,False,False,False,False,
720575940627036746,cell_class,gustatory,663,400,0.25,0.01,0.01,0.01809954751131222,0.7586726998491704,0.027149321266968326,0.006033182503770739,0.07390648567119155,0.11613876319758673,0.0,False,True,True,False,True,False,
720575940627036746,cell_class,gustatory,663,400,0.25,0.01,0.05,0.01809954751131222,0.7586726998491704,0.027149321266968326,0.006033182503770739,0.07390648567119155,0.11613876319758673,0.0,False,True,False,False,False,False,
720575940627036746,cell_class,gustatory,663,400,0.25,0.01,0.1,0.01809954751131222,0.7586726998491704,0.027149321266968326,0.006033182503770739,0.07390648567119155,0.11613876319758673,0.0,False,False,False,False,False,False,
720575940638682787,cell_class,gustatory,722,400,0.25,0.14285714285714285,0.01,0.019390581717451522,0.7936288088642659,0.024930747922437674,0.0,0.037396121883656507,0.12465373961218837,0.0,False,True,False,True,True,,
720575940638682787,cell_class,gustatory,722,400,0.25,0.14285714285714285,0.05,0.019390581717451522,0.7936288088642659,0.024930747922437674,0.0,0.037396121883656507,0.12465373961218837,0.0,False,True,False,False,True,,
720575940638682787,cell_class,gustatory,722,400,0.25,0.14285714285714285,0.1,0.019390581717451522,0.7936288088642659,0.024930747922437674,0.0,0.037396121883656507,0.12465373961218837,0.0,False,True,False,False,False,,
720575940638682787,cell_class,gustatory,722,400,0.25,0.04,0.01,0.019390581717451522,0.7936288088642659,0.024930747922437674,0.0,0.037396121883656507,0.12465373961218837,0.0,False,True,False,True,True,,
720575940638682787,cell_class,gustatory,722,400,0.25,0.04,0.05,0.019390581717451522,0.7936288088642659,0.024930747922437674,0.0,0.037396121883656507,0.12465373961218837,0.0,False,True,False,False,False,,
720575940638682787,cell_class,gustatory,722,400,0.25,0.04,0.1,0.019390581717451522,0.7936288088642659,0.024930747922437674,0.0,0.037396121883656507,0.12465373961218837,0.0,False,False,False,False,False,,
720575940638682787,cell_class,gustatory,722,400,0.25,0.02,0.01,0.019390581717451522,0.7936288088642659,0.024930747922437674,0.0,0.037396121883656507,0.12465373961218837,0.0,False,True,False,True,True,,
720575940638682787,cell_class,gustatory,722,400,0.25,0.02,0.05,0.019390581717451522,0.7936288088642659,0.024930747922437674,0.0,0.037396121883656507,0.12465373961218837,0.0,False,True,False,False,False,,
720575940638682787,cell_class,gustatory,722,400,0.25,0.02,0.1,0.019390581717451522,0.7936288088642659,0.024930747922437674,0.0,0.037396121883656507,0.12465373961218837,0.0,False,False,False,False,False,,
720575940638682787,cell_class,gustatory,722,400,0.25,0.01,0.01,0.019390581717451522,0.7936288088642659,0.024930747922437674,0.0,0.037396121883656507,0.12465373961218837,0.0,False,True,False,False,True,,
720575940638682787,cell_class,gustatory,722,400,0.25,0.01,0.05,0.019390581717451522,0.7936288088642659,0.024930747922437674,0.0,0.037396121883656507,0.12465373961218837,0.0,False,False,False,False,False,,
720575940638682787,cell_class,gustatory,722,400,0.25,0.01,0.1,0.019390581717451522,0.7936288088642659,0.024930747922437674,0.0,0.037396121883656507,0.12465373961218837,0.0,False,False,False,False,False,,
720575940629884119,cell_class,gustatory,607,400,0.25,0.14285714285714285,0.01,0.014827018121911038,0.4794069192751236,0.06754530477759473,0.0032948929159802307,0.2471169686985173,0.18780889621087316,0.0,False,True,True,True,True,False,
720575940629884119,cell_class,gustatory,607,400,0.25,0.14285714285714285,0.05,0.014827018121911038,0.4794069192751236,0.06754530477759473,0.0032948929159802307,0.2471169686985173,0.18780889621087316,0.0,False,True,False,True,True,False,
720575940629884119,cell_class,gustatory,607,400,0.25,0.14285714285714285,0.1,0.014827018121911038,0.4794069192751236,0.06754530477759473,0.0032948929159802307,0.2471169686985173,0.18780889621087316,0.0,False,True,False,True,True,False,
720575940629884119,cell_class,gustatory,607,400,0.25,0.04,0.01,0.014827018121911038,0.4794069192751236,0.06754530477759473,0.0032948929159802307,0.2471169686985173,0.18780889621087316,0.0,False,True,True,True,True,False,
720575940629884119,cell_class,gustatory,607,400,0.25,0.04,0.05,0.014827018121911038,0.4794069192751236,0.06754530477759473,0.0032948929159802307,0.2471169686985173,0.18780889621087316,0.0,False,True,False,False,False,False,
720575940629884119,cell_class,gustatory,607,400,0.25,0.04,0.1,0.014827018121911038,0.4794069192751236,0.06754530477759473,0.0032948929159802307,0.2471169686985173,0.18780889621087316,0.0,False,False,False,False,False,False,
720575940629884119,cell_class,gustatory,607,400,0.25,0.02,0.01,0.014827018121911038,0.4794069192751236,0.06754530477759473,0.0032948929159802307,0.2471169686985173,0.18780889621087316,0.0,False,True,True,True,True,False,
720575940629884119,cell_class,gustatory,607,400,0.25,0.02,0.05,0.014827018121911038,0.4794069192751236,0.06754530477759473,0.0032948929159802307,0.2471169686985173,0.18780889621087316,0.0,False,True,False,False,False,False,
720575940629884119,cell_class,gustatory,607,400,0.25,0.02,0.1,0.014827018121911038,0.4794069192751236,0.06754530477759473,0.0032948929159802307,0.2471169686985173,0.18780889621087316,0.0,False,False,False,False,False,False,
720575940629884119,cell_class,gustatory,607,400,0.25,0.01,0.01,0.014827018121911038,0.4794069192751236,0.06754530477759473,0.0032948929159802307,0.2471169686985173,0.18780889621087316,0.0,False,True,True,True,True,False,
720575940629884119,cell_class,gustatory,607,400,0.25,0.01,0.05,0.014827018121911038,0.4794069192751236,0.06754530477759473,0.0032948929159802307,0.2471169686985173,0.18780889621087316,0.0,False,False,False,False,False,False,
720575940629884119,cell_class,gustatory,607,400,0.25,0.01,0.1,0.014827018121911038,0.4794069192751236,0.06754530477759473,0.0032948929159802307,0.2471169686985173,0.18780889621087316,0.0,False,False,False,False,False,False,
720575940615641798,cell_class,gustatory,676,400,0.25,0.14285714285714285,0.01,0.005917159763313609,0.2559171597633136,0.02514792899408284,0.0,0.5399408284023669,0.17307692307692307,0.0,False,True,True,True,True,,
720575940615641798,cell_class,gustatory,676,400,0.25,0.14285714285714285,0.05,0.005917159763313609,0.2559171597633136,0.02514792899408284,0.0,0.5399408284023669,0.17307692307692307,0.0,False,True,False,True,True,,
720575940615641798,cell_class,gustatory,676,400,0.25,0.14285714285714285,0.1,0.005917159763313609,0.2559171597633136,0.02514792899408284,0.0,0.5399408284023669,0.17307692307692307,0.0,False,False,False,True,False,,
720575940615641798,cell_class,gustatory,676,400,0.25,0.04,0.01,0.005917159763313609,0.2559171597633136,0.02514792899408284,0.0,0.5399408284023669,0.17307692307692307,0.0,False,True,True,True,True,,
720575940615641798,cell_class,gustatory,676,400,0.25,0.04,0.05,0.005917159763313609,0.2559171597633136,0.02514792899408284,0.0,0.5399408284023669,0.17307692307692307,0.0,False,False,False,True,False,,
720575940615641798,cell_class,gustatory,676,400,0.25,0.04,0.1,0.005917159763313609,0.2559171597633136,0.02514792899408284,0.0,0.5399408284023669,0.17307692307692307,0.0,False,False,False,False,False,,
720575940615641798,cell_class,gustatory,676,400,0.25,0.02,0.01,0.005917159763313609,0.2559171597633136,0.02514792899408284,0.0,0.5399408284023669,0.17307692307692307,0.0,False,True,True,True,True,,
720575940615641798,cell_class,gustatory,676,400,0.25,0.02,0.05,0.005917159763313609,0.2559171597633136,0.02514792899408284,0.0,0.5399408284023669,0.17307692307692307,0.0,False,False,False,False,False,,
720575940615641798,cell_class,gustatory,676,400,0.25,0.02,0.1,0.005917159763313609,0.2559171597633136,0.02514792899408284,0.0,0.5399408284023669,0.17307692307692307,0.0,False,False,False,False,False,,
720575940615641798,cell_class,gustatory,676,400,0.25,0.01,0.01,0.005917159763313609,0.2559171597633136,0.02514792899408284,0.0,0.5399408284023669,0.17307692307692307,0.0,False,True,True,True,True,,
720575940615641798,cell_class,gustatory,676,400,0.25,0.01,0.05,0.005917159763313609,0.2559171597633136,0.02514792899408284,0.0,0.5399408284023669,0.17307692307692307,0.0,False,False,False,False,False,,
720575940615641798,cell_class,gustatory,676,400,0.25,0.01,0.1,0.005917159763313609,0.2559171597633136,0.02514792899408284,0.0,0.5399408284023669,0.17307692307692307,0.0,False,False,False,False,False,,
