root_id,classification_system,cell_type,num_synapses,min_synapses,softmax_threshold,bandwidth_quantile_value,min_synapses_ratio_value,GABA_ratio,ACh_ratio,Glut_ratio,Oct_ratio,Ser_ratio,DA_ratio,Unknown_ratio,GABA_clusters,ACh_clusters,Glut_clusters,Ser_clusters,Oct_clusters,DA_clusters,Unknown_clusters
720575940627604471,cell_class,AN,481,400,0.25,0.14285714285714285,0.01,0.05405405405405406,0.8503118503118503,0.06860706860706861,0.002079002079002079,0.02494802494802495,0.0,0.0,True,True,True,True,,,
720575940627604471,cell_class,AN,481,400,0.25,0.14285714285714285,0.05,0.05405405405405406,0.8503118503118503,0.06860706860706861,0.002079002079002079,0.02494802494802495,0.0,0.0,False,True,False,False,,,
720575940627604471,cell_class,AN,481,400,0.25,0.14285714285714285,0.1,0.05405405405405406,0.8503118503118503,0.06860706860706861,0.002079002079002079,0.02494802494802495,0.0,0.0,False,True,False,False,,,
720575940627604471,cell_class,AN,481,400,0.25,0.04,0.01,0.05405405405405406,0.8503118503118503,0.06860706860706861,0.002079002079002079,0.02494802494802495,0.0,0.0,True,True,True,False,,,
720575940627604471,cell_class,AN,481,400,0.25,0.04,0.05,0.05405405405405406,0.8503118503118503,0.06860706860706861,0.002079002079002079,0.02494802494802495,0.0,0.0,False,True,False,False,,,
720575940627604471,cell_class,AN,481,400,0.25,0.04,0.1,0.05405405405405406,0.8503118503118503,0.06860706860706861,0.002079002079002079,0.02494802494802495,0.0,0.0,False,True,False,False,,,
720575940627604471,cell_class,AN,481,400,0.25,0.02,0.01,0.05405405405405406,0.8503118503118503,0.06860706860706861,0.002079002079002079,0.02494802494802495,0.0,0.0,True,True,True,False,,,
720575940627604471,cell_class,AN,481,400,0.25,0.02,0.05,0.05405405405405406,0.8503118503118503,0.06860706860706861,0.002079002079002079,0.02494802494802495,0.0,0.0,False,True,False,False,,,
720575940627604471,cell_class,AN,481,400,0.25,0.02,0.1,0.05405405405405406,0.8503118503118503,0.06860706860706861,0.002079002079002079,0.02494802494802495,0.0,0.0,False,False,False,False,,,
720575940627604471,cell_class,AN,481,400,0.25,0.01,0.01,0.05405405405405406,0.8503118503118503,0.06860706860706861,0.002079002079002079,0.02494802494802495,0.0,0.0,False,True,True,False,,,
720575940627604471,cell_class,AN,481,400,0.25,0.01,0.05,0.05405405405405406,0.8503118503118503,0.06860706860706861,0.002079002079002079,0.02494802494802495,0.0,0.0,False,False,False,False,,,
720575940627604471,cell_class,AN,481,400,0.25,0.01,0.1,0.05405405405405406,0.8503118503118503,0.06860706860706861,0.002079002079002079,0.02494802494802495,0.0,0.0,False,False,False,False,,,
720575940629752190,cell_class,AN,5766,400,0.25,0.14285714285714285,0.01,0.03173777315296566,0.9334027055150884,0.011272979535206382,0.005896635449184877,0.010926118626430802,0.006243496357960458,0.0005202913631633715,True,True,False,False,False,False,False
720575940629752190,cell_class,AN,5766,400,0.25,0.14285714285714285,0.05,0.03173777315296566,0.9334027055150884,0.011272979535206382,0.005896635449184877,0.010926118626430802,0.006243496357960458,0.0005202913631633715,False,True,False,False,False,False,False
720575940629752190,cell_class,AN,5766,400,0.25,0.14285714285714285,0.1,0.03173777315296566,0.9334027055150884,0.011272979535206382,0.005896635449184877,0.010926118626430802,0.006243496357960458,0.0005202913631633715,False,True,False,False,False,False,False
720575940629752190,cell_class,AN,5766,400,0.25,0.04,0.01,0.03173777315296566,0.9334027055150884,0.011272979535206382,0.005896635449184877,0.010926118626430802,0.006243496357960458,0.0005202913631633715,False,True,False,False,False,False,False
720575940629752190,cell_class,AN,5766,400,0.25,0.04,0.05,0.03173777315296566,0.9334027055150884,0.011272979535206382,0.005896635449184877,0.010926118626430802,0.006243496357960458,0.0005202913631633715,False,True,False,False,False,False,False
720575940629752190,cell_class,AN,5766,400,0.25,0.04,0.1,0.03173777315296566,0.9334027055150884,0.011272979535206382,0.005896635449184877,0.010926118626430802,0.006243496357960458,0.0005202913631633715,False,True,False,False,False,False,False
720575940629752190,cell_class,AN,5766,400,0.25,0.02,0.01,0.03173777315296566,0.9334027055150884,0.011272979535206382,0.005896635449184877,0.010926118626430802,0.006243496357960458,0.0005202913631633715,False,True,False,False,False,False,False
720575940629752190,cell_class,AN,5766,400,0.25,0.02,0.05,0.03173777315296566,0.9334027055150884,0.011272979535206382,0.005896635449184877,0.010926118626430802,0.006243496357960458,0.0005202913631633715,False,True,False,False,False,False,False
720575940629752190,cell_class,AN,5766,400,0.25,0.02,0.1,0.03173777315296566,0.9334027055150884,0.011272979535206382,0.005896635449184877,0.010926118626430802,0.006243496357960458,0.0005202913631633715,False,False,False,False,False,False,False
720575940629752190,cell_class,AN,5766,400,0.25,0.01,0.01,0.03173777315296566,0.9334027055150884,0.011272979535206382,0.005896635449184877,0.010926118626430802,0.006243496357960458,0.0005202913631633715,False,True,False,False,False,False,False
720575940629752190,cell_class,AN,5766,400,0.25,0.01,0.05,0.03173777315296566,0.9334027055150884,0.011272979535206382,0.005896635449184877,0.010926118626430802,0.006243496357960458,0.0005202913631633715,False,False,False,False,False,False,False
720575940629752190,cell_class,AN,5766,400,0.25,0.01,0.1,0.03173777315296566,0.9334027055150884,0.011272979535206382,0.005896635449184877,0.010926118626430802,0.006243496357960458,0.0005202913631633715,False,False,False,False,False,False,False
720575940628212695,cell_class,AN,2563,400,0.25,0.14285714285714285,0.01,0.010534529847834569,0.8497854077253219,0.0074131876706984,0.0039016777214202106,0.12017167381974249,0.008193523214982443,0.0,False,True,False,True,False,False,
720575940628212695,cell_class,AN,2563,400,0.25,0.14285714285714285,0.05,0.010534529847834569,0.8497854077253219,0.0074131876706984,0.0039016777214202106,0.12017167381974249,0.008193523214982443,0.0,False,True,False,False,False,False,
720575940628212695,cell_class,AN,2563,400,0.25,0.14285714285714285,0.1,0.010534529847834569,0.8497854077253219,0.0074131876706984,0.0039016777214202106,0.12017167381974249,0.008193523214982443,0.0,False,True,False,False,False,False,
720575940628212695,cell_class,AN,2563,400,0.25,0.04,0.01,0.010534529847834569,0.8497854077253219,0.0074131876706984,0.0039016777214202106,0.12017167381974249,0.008193523214982443,0.0,False,True,False,True,False,False,
720575940628212695,cell_class,AN,2563,400,0.25,0.04,0.05,0.010534529847834569,0.8497854077253219,0.0074131876706984,0.0039016777214202106,0.12017167381974249,0.008193523214982443,0.0,False,True,False,False,False,False,
720575940628212695,cell_class,AN,2563,400,0.25,0.04,0.1,0.010534529847834569,0.8497854077253219,0.0074131876706984,0.0039016777214202106,0.12017167381974249,0.008193523214982443,0.0,False,True,False,False,False,False,
720575940628212695,cell_class,AN,2563,400,0.25,0.02,0.01,0.010534529847834569,0.8497854077253219,0.0074131876706984,0.0039016777214202106,0.12017167381974249,0.008193523214982443,0.0,False,True,False,True,False,False,
720575940628212695,cell_class,AN,2563,400,0.25,0.02,0.05,0.010534529847834569,0.8497854077253219,0.0074131876706984,0.0039016777214202106,0.12017167381974249,0.008193523214982443,0.0,False,True,False,False,False,False,
720575940628212695,cell_class,AN,2563,400,0.25,0.02,0.1,0.010534529847834569,0.8497854077253219,0.0074131876706984,0.0039016777214202106,0.12017167381974249,0.008193523214982443,0.0,False,False,False,False,False,False,
720575940628212695,cell_class,AN,2563,400,0.25,0.01,0.01,0.010534529847834569,0.8497854077253219,0.0074131876706984,0.0039016777214202106,0.12017167381974249,0.008193523214982443,0.0,False,True,False,True,False,False,
720575940628212695,cell_class,AN,2563,400,0.25,0.01,0.05,0.010534529847834569,0.8497854077253219,0.0074131876706984,0.0039016777214202106,0.12017167381974249,0.008193523214982443,0.0,False,False,False,False,False,False,
720575940628212695,cell_class,AN,2563,400,0.25,0.01,0.1,0.010534529847834569,0.8497854077253219,0.0074131876706984,0.0039016777214202106,0.12017167381974249,0.008193523214982443,0.0,False,False,False,False,False,False,
720575940628249938,cell_class,AN,3030,400,0.25,0.14285714285714285,0.01,0.008580858085808581,0.5386138613861386,0.03993399339933994,0.005610561056105611,0.299009900990099,0.10792079207920792,0.00033003300330033004,False,True,True,True,False,True,
720575940628249938,cell_class,AN,3030,400,0.25,0.14285714285714285,0.05,0.008580858085808581,0.5386138613861386,0.03993399339933994,0.005610561056105611,0.299009900990099,0.10792079207920792,0.00033003300330033004,False,True,False,True,False,True,
720575940628249938,cell_class,AN,3030,400,0.25,0.14285714285714285,0.1,0.008580858085808581,0.5386138613861386,0.03993399339933994,0.005610561056105611,0.299009900990099,0.10792079207920792,0.00033003300330033004,False,True,False,True,False,True,
720575940628249938,cell_class,AN,3030,400,0.25,0.04,0.01,0.008580858085808581,0.5386138613861386,0.03993399339933994,0.005610561056105611,0.299009900990099,0.10792079207920792,0.00033003300330033004,False,True,True,True,False,True,
720575940628249938,cell_class,AN,3030,400,0.25,0.04,0.05,0.008580858085808581,0.5386138613861386,0.03993399339933994,0.005610561056105611,0.299009900990099,0.10792079207920792,0.00033003300330033004,False,True,False,False,False,False,
720575940628249938,cell_class,AN,3030,400,0.25,0.04,0.1,0.008580858085808581,0.5386138613861386,0.03993399339933994,0.005610561056105611,0.299009900990099,0.10792079207920792,0.00033003300330033004,False,True,False,False,False,False,
720575940628249938,cell_class,AN,3030,400,0.25,0.02,0.01,0.008580858085808581,0.5386138613861386,0.03993399339933994,0.005610561056105611,0.299009900990099,0.10792079207920792,0.00033003300330033004,False,True,False,True,False,True,
720575940628249938,cell_class,AN,3030,400,0.25,0.02,0.05,0.008580858085808581,0.5386138613861386,0.03993399339933994,0.005610561056105611,0.299009900990099,0.10792079207920792,0.00033003300330033004,False,True,False,False,False,False,
720575940628249938,cell_class,AN,3030,400,0.25,0.02,0.1,0.008580858085808581,0.5386138613861386,0.03993399339933994,0.005610561056105611,0.299009900990099,0.10792079207920792,0.00033003300330033004,False,False,False,False,False,False,
720575940628249938,cell_class,AN,3030,400,0.25,0.01,0.01,0.008580858085808581,0.5386138613861386,0.03993399339933994,0.005610561056105611,0.299009900990099,0.10792079207920792,0.00033003300330033004,False,True,False,True,False,True,
720575940628249938,cell_class,AN,3030,400,0.25,0.01,0.05,0.008580858085808581,0.5386138613861386,0.03993399339933994,0.005610561056105611,0.299009900990099,0.10792079207920792,0.00033003300330033004,False,False,False,False,False,False,
720575940628249938,cell_class,AN,3030,400,0.25,0.01,0.1,0.008580858085808581,0.5386138613861386,0.03993399339933994,0.005610561056105611,0.299009900990099,0.10792079207920792,0.00033003300330033004,False,False,False,False,False,False,
720575940622830836,cell_class,AN,2891,400,0.25,0.14285714285714285,0.01,0.003113109650639917,0.6240055344171567,0.1449325492909028,0.0006918021445866483,0.20754064337599445,0.01937046004842615,0.0003459010722933241,False,True,True,True,False,True,
720575940622830836,cell_class,AN,2891,400,0.25,0.14285714285714285,0.05,0.003113109650639917,0.6240055344171567,0.1449325492909028,0.0006918021445866483,0.20754064337599445,0.01937046004842615,0.0003459010722933241,False,True,True,True,False,False,
720575940622830836,cell_class,AN,2891,400,0.25,0.14285714285714285,0.1,0.003113109650639917,0.6240055344171567,0.1449325492909028,0.0006918021445866483,0.20754064337599445,0.01937046004842615,0.0003459010722933241,False,True,True,False,False,False,
720575940622830836,cell_class,AN,2891,400,0.25,0.04,0.01,0.003113109650639917,0.6240055344171567,0.1449325492909028,0.0006918021445866483,0.20754064337599445,0.01937046004842615,0.0003459010722933241,False,True,True,True,False,False,
720575940622830836,cell_class,AN,2891,400,0.25,0.04,0.05,0.003113109650639917,0.6240055344171567,0.1449325492909028,0.0006918021445866483,0.20754064337599445,0.01937046004842615,0.0003459010722933241,False,True,False,False,False,False,
720575940622830836,cell_class,AN,2891,400,0.25,0.04,0.1,0.003113109650639917,0.6240055344171567,0.1449325492909028,0.0006918021445866483,0.20754064337599445,0.01937046004842615,0.0003459010722933241,False,False,False,False,False,False,
720575940622830836,cell_class,AN,2891,400,0.25,0.02,0.01,0.003113109650639917,0.6240055344171567,0.1449325492909028,0.0006918021445866483,0.20754064337599445,0.01937046004842615,0.0003459010722933241,False,True,False,True,False,False,
720575940622830836,cell_class,AN,2891,400,0.25,0.02,0.05,0.003113109650639917,0.6240055344171567,0.1449325492909028,0.0006918021445866483,0.20754064337599445,0.01937046004842615,0.0003459010722933241,False,False,False,False,False,False,
720575940622830836,cell_class,AN,2891,400,0.25,0.02,0.1,0.003113109650639917,0.6240055344171567,0.1449325492909028,0.0006918021445866483,0.20754064337599445,0.01937046004842615,0.0003459010722933241,False,False,False,False,False,False,
720575940622830836,cell_class,AN,2891,400,0.25,0.01,0.01,0.003113109650639917,0.6240055344171567,0.1449325492909028,0.0006918021445866483,0.20754064337599445,0.01937046004842615,0.0003459010722933241,False,True,False,True,False,False,
720575940622830836,cell_class,AN,2891,400,0.25,0.01,0.05,0.003113109650639917,0.6240055344171567,0.1449325492909028,0.0006918021445866483,0.20754064337599445,0.01937046004842615,0.0003459010722933241,False,False,False,False,False,False,
720575940622830836,cell_class,AN,2891,400,0.25,0.01,0.1,0.003113109650639917,0.6240055344171567,0.1449325492909028,0.0006918021445866483,0.20754064337599445,0.01937046004842615,0.0003459010722933241,False,False,False,False,False,False,
720575940625033653,cell_class,AN,946,400,0.25,0.14285714285714285,0.01,0.014799154334038054,0.8868921775898521,0.03805496828752643,0.0,0.042283298097251586,0.017970401691331923,0.0,False,True,True,True,,False,
720575940625033653,cell_class,AN,946,400,0.25,0.14285714285714285,0.05,0.014799154334038054,0.8868921775898521,0.03805496828752643,0.0,0.042283298097251586,0.017970401691331923,0.0,False,True,False,False,,False,
720575940625033653,cell_class,AN,946,400,0.25,0.14285714285714285,0.1,0.014799154334038054,0.8868921775898521,0.03805496828752643,0.0,0.042283298097251586,0.017970401691331923,0.0,False,True,False,False,,False,
720575940625033653,cell_class,AN,946,400,0.25,0.04,0.01,0.014799154334038054,0.8868921775898521,0.03805496828752643,0.0,0.042283298097251586,0.017970401691331923,0.0,False,True,True,True,,False,
720575940625033653,cell_class,AN,946,400,0.25,0.04,0.05,0.014799154334038054,0.8868921775898521,0.03805496828752643,0.0,0.042283298097251586,0.017970401691331923,0.0,False,True,False,False,,False,
720575940625033653,cell_class,AN,946,400,0.25,0.04,0.1,0.014799154334038054,0.8868921775898521,0.03805496828752643,0.0,0.042283298097251586,0.017970401691331923,0.0,False,True,False,False,,False,
720575940625033653,cell_class,AN,946,400,0.25,0.02,0.01,0.014799154334038054,0.8868921775898521,0.03805496828752643,0.0,0.042283298097251586,0.017970401691331923,0.0,False,True,True,False,,False,
720575940625033653,cell_class,AN,946,400,0.25,0.02,0.05,0.014799154334038054,0.8868921775898521,0.03805496828752643,0.0,0.042283298097251586,0.017970401691331923,0.0,False,True,False,False,,False,
720575940625033653,cell_class,AN,946,400,0.25,0.02,0.1,0.014799154334038054,0.8868921775898521,0.03805496828752643,0.0,0.042283298097251586,0.017970401691331923,0.0,False,False,False,False,,False,
720575940625033653,cell_class,AN,946,400,0.25,0.01,0.01,0.014799154334038054,0.8868921775898521,0.03805496828752643,0.0,0.042283298097251586,0.017970401691331923,0.0,False,True,False,False,,False,
720575940625033653,cell_class,AN,946,400,0.25,0.01,0.05,0.014799154334038054,0.8868921775898521,0.03805496828752643,0.0,0.042283298097251586,0.017970401691331923,0.0,False,True,False,False,,False,
720575940625033653,cell_class,AN,946,400,0.25,0.01,0.1,0.014799154334038054,0.8868921775898521,0.03805496828752643,0.0,0.042283298097251586,0.017970401691331923,0.0,False,False,False,False,,False,
720575940625202505,cell_class,AN,1302,400,0.25,0.14285714285714285,0.01,0.0030721966205837174,0.5714285714285714,0.09062980030721966,0.0,0.2434715821812596,0.0913978494623656,0.0,False,True,True,True,,True,
720575940625202505,cell_class,AN,1302,400,0.25,0.14285714285714285,0.05,0.0030721966205837174,0.5714285714285714,0.09062980030721966,0.0,0.2434715821812596,0.0913978494623656,0.0,False,True,True,True,,False,
720575940625202505,cell_class,AN,1302,400,0.25,0.14285714285714285,0.1,0.0030721966205837174,0.5714285714285714,0.09062980030721966,0.0,0.2434715821812596,0.0913978494623656,0.0,False,True,False,True,,False,
720575940625202505,cell_class,AN,1302,400,0.25,0.04,0.01,0.0030721966205837174,0.5714285714285714,0.09062980030721966,0.0,0.2434715821812596,0.0913978494623656,0.0,False,True,True,True,,True,
720575940625202505,cell_class,AN,1302,400,0.25,0.04,0.05,0.0030721966205837174,0.5714285714285714,0.09062980030721966,0.0,0.2434715821812596,0.0913978494623656,0.0,False,True,False,False,,False,
720575940625202505,cell_class,AN,1302,400,0.25,0.04,0.1,0.0030721966205837174,0.5714285714285714,0.09062980030721966,0.0,0.2434715821812596,0.0913978494623656,0.0,False,False,False,False,,False,
720575940625202505,cell_class,AN,1302,400,0.25,0.02,0.01,0.0030721966205837174,0.5714285714285714,0.09062980030721966,0.0,0.2434715821812596,0.0913978494623656,0.0,False,True,True,True,,False,
720575940625202505,cell_class,AN,1302,400,0.25,0.02,0.05,0.0030721966205837174,0.5714285714285714,0.09062980030721966,0.0,0.2434715821812596,0.0913978494623656,0.0,False,False,False,False,,False,
720575940625202505,cell_class,AN,1302,400,0.25,0.02,0.1,0.0030721966205837174,0.5714285714285714,0.09062980030721966,0.0,0.2434715821812596,0.0913978494623656,0.0,False,False,False,False,,False,
720575940625202505,cell_class,AN,1302,400,0.25,0.01,0.01,0.0030721966205837174,0.5714285714285714,0.09062980030721966,0.0,0.2434715821812596,0.0913978494623656,0.0,False,True,True,True,,False,
720575940625202505,cell_class,AN,1302,400,0.25,0.01,0.05,0.0030721966205837174,0.5714285714285714,0.09062980030721966,0.0,0.2434715821812596,0.0913978494623656,0.0,False,False,False,False,,False,
720575940625202505,cell_class,AN,1302,400,0.25,0.01,0.1,0.0030721966205837174,0.5714285714285714,0.09062980030721966,0.0,0.2434715821812596,0.0913978494623656,0.0,False,False,False,False,,False,
720575940640713843,cell_class,AN,3179,400,0.25,0.14285714285714285,0.01,0.005662157911292859,0.6303869141239383,0.00031456432840515884,0.004089336269267065,0.3391003460207612,0.020446681346335326,0.0,False,True,,True,False,False,
720575940640713843,cell_class,AN,3179,400,0.25,0.14285714285714285,0.05,0.005662157911292859,0.6303869141239383,0.00031456432840515884,0.004089336269267065,0.3391003460207612,0.020446681346335326,0.0,False,True,,True,False,False,
720575940640713843,cell_class,AN,3179,400,0.25,0.14285714285714285,0.1,0.005662157911292859,0.6303869141239383,0.00031456432840515884,0.004089336269267065,0.3391003460207612,0.020446681346335326,0.0,False,True,,True,False,False,
720575940640713843,cell_class,AN,3179,400,0.25,0.04,0.01,0.005662157911292859,0.6303869141239383,0.00031456432840515884,0.004089336269267065,0.3391003460207612,0.020446681346335326,0.0,False,True,,True,False,False,
720575940640713843,cell_class,AN,3179,400,0.25,0.04,0.05,0.005662157911292859,0.6303869141239383,0.00031456432840515884,0.004089336269267065,0.3391003460207612,0.020446681346335326,0.0,False,True,,True,False,False,
720575940640713843,cell_class,AN,3179,400,0.25,0.04,0.1,0.005662157911292859,0.6303869141239383,0.00031456432840515884,0.004089336269267065,0.3391003460207612,0.020446681346335326,0.0,False,False,,False,False,False,
720575940640713843,cell_class,AN,3179,400,0.25,0.02,0.01,0.005662157911292859,0.6303869141239383,0.00031456432840515884,0.004089336269267065,0.3391003460207612,0.020446681346335326,0.0,False,True,,True,False,False,
720575940640713843,cell_class,AN,3179,400,0.25,0.02,0.05,0.005662157911292859,0.6303869141239383,0.00031456432840515884,0.004089336269267065,0.3391003460207612,0.020446681346335326,0.0,False,False,,False,False,False,
720575940640713843,cell_class,AN,3179,400,0.25,0.02,0.1,0.005662157911292859,0.6303869141239383,0.00031456432840515884,0.004089336269267065,0.3391003460207612,0.020446681346335326,0.0,False,False,,False,False,False,
720575940640713843,cell_class,AN,3179,400,0.25,0.01,0.01,0.005662157911292859,0.6303869141239383,0.00031456432840515884,0.004089336269267065,0.3391003460207612,0.020446681346335326,0.0,False,True,,True,False,False,
720575940640713843,cell_class,AN,3179,400,0.25,0.01,0.05,0.005662157911292859,0.6303869141239383,0.00031456432840515884,0.004089336269267065,0.3391003460207612,0.020446681346335326,0.0,False,False,,False,False,False,
720575940640713843,cell_class,AN,3179,400,0.25,0.01,0.1,0.005662157911292859,0.6303869141239383,0.00031456432840515884,0.004089336269267065,0.3391003460207612,0.020446681346335326,0.0,False,False,,False,False,False,
720575940635329180,cell_class,AN,5164,400,0.25,0.14285714285714285,0.01,0.01994577846630519,0.8987219209914795,0.02188226181254841,0.006971340046475601,0.04918667699457785,0.003098373353989156,0.00019364833462432224,False,True,True,True,False,False,
720575940635329180,cell_class,AN,5164,400,0.25,0.14285714285714285,0.05,0.01994577846630519,0.8987219209914795,0.02188226181254841,0.006971340046475601,0.04918667699457785,0.003098373353989156,0.00019364833462432224,False,True,False,False,False,False,
720575940635329180,cell_class,AN,5164,400,0.25,0.14285714285714285,0.1,0.01994577846630519,0.8987219209914795,0.02188226181254841,0.006971340046475601,0.04918667699457785,0.003098373353989156,0.00019364833462432224,False,True,False,False,False,False,
720575940635329180,cell_class,AN,5164,400,0.25,0.04,0.01,0.01994577846630519,0.8987219209914795,0.02188226181254841,0.006971340046475601,0.04918667699457785,0.003098373353989156,0.00019364833462432224,False,True,False,False,False,False,
720575940635329180,cell_class,AN,5164,400,0.25,0.04,0.05,0.01994577846630519,0.8987219209914795,0.02188226181254841,0.006971340046475601,0.04918667699457785,0.003098373353989156,0.00019364833462432224,False,True,False,False,False,False,
720575940635329180,cell_class,AN,5164,400,0.25,0.04,0.1,0.01994577846630519,0.8987219209914795,0.02188226181254841,0.006971340046475601,0.04918667699457785,0.003098373353989156,0.00019364833462432224,False,True,False,False,False,False,
720575940635329180,cell_class,AN,5164,400,0.25,0.02,0.01,0.01994577846630519,0.8987219209914795,0.02188226181254841,0.006971340046475601,0.04918667699457785,0.003098373353989156,0.00019364833462432224,False,True,False,False,False,False,
720575940635329180,cell_class,AN,5164,400,0.25,0.02,0.05,0.01994577846630519,0.8987219209914795,0.02188226181254841,0.006971340046475601,0.04918667699457785,0.003098373353989156,0.00019364833462432224,False,True,False,False,False,False,
720575940635329180,cell_class,AN,5164,400,0.25,0.02,0.1,0.01994577846630519,0.8987219209914795,0.02188226181254841,0.006971340046475601,0.04918667699457785,0.003098373353989156,0.00019364833462432224,False,False,False,False,False,False,
720575940635329180,cell_class,AN,5164,400,0.25,0.01,0.01,0.01994577846630519,0.8987219209914795,0.02188226181254841,0.006971340046475601,0.04918667699457785,0.003098373353989156,0.00019364833462432224,False,True,False,False,False,False,
720575940635329180,cell_class,AN,5164,400,0.25,0.01,0.05,0.01994577846630519,0.8987219209914795,0.02188226181254841,0.006971340046475601,0.04918667699457785,0.003098373353989156,0.00019364833462432224,False,False,False,False,False,False,
720575940635329180,cell_class,AN,5164,400,0.25,0.01,0.1,0.01994577846630519,0.8987219209914795,0.02188226181254841,0.006971340046475601,0.04918667699457785,0.003098373353989156,0.00019364833462432224,False,False,False,False,False,False,
720575940626981157,cell_class,AN,2484,400,0.25,0.14285714285714285,0.01,0.1388888888888889,0.3663446054750403,0.33816425120772947,0.008051529790660225,0.11674718196457327,0.030595813204508857,0.0012077294685990338,True,True,True,True,False,True,False
720575940626981157,cell_class,AN,2484,400,0.25,0.14285714285714285,0.05,0.1388888888888889,0.3663446054750403,0.33816425120772947,0.008051529790660225,0.11674718196457327,0.030595813204508857,0.0012077294685990338,True,True,True,True,False,False,False
720575940626981157,cell_class,AN,2484,400,0.25,0.14285714285714285,0.1,0.1388888888888889,0.3663446054750403,0.33816425120772947,0.008051529790660225,0.11674718196457327,0.030595813204508857,0.0012077294685990338,False,False,True,False,False,False,False
720575940626981157,cell_class,AN,2484,400,0.25,0.04,0.01,0.1388888888888889,0.3663446054750403,0.33816425120772947,0.008051529790660225,0.11674718196457327,0.030595813204508857,0.0012077294685990338,True,True,True,True,False,False,False
720575940626981157,cell_class,AN,2484,400,0.25,0.04,0.05,0.1388888888888889,0.3663446054750403,0.33816425120772947,0.008051529790660225,0.11674718196457327,0.030595813204508857,0.0012077294685990338,False,False,True,False,False,False,False
720575940626981157,cell_class,AN,2484,400,0.25,0.04,0.1,0.1388888888888889,0.3663446054750403,0.33816425120772947,0.008051529790660225,0.11674718196457327,0.030595813204508857,0.0012077294685990338,False,False,False,False,False,False,False
720575940626981157,cell_class,AN,2484,400,0.25,0.02,0.01,0.1388888888888889,0.3663446054750403,0.33816425120772947,0.008051529790660225,0.11674718196457327,0.030595813204508857,0.0012077294685990338,True,True,True,True,False,False,False
720575940626981157,cell_class,AN,2484,400,0.25,0.02,0.05,0.1388888888888889,0.3663446054750403,0.33816425120772947,0.008051529790660225,0.11674718196457327,0.030595813204508857,0.0012077294685990338,False,False,False,False,False,False,False
720575940626981157,cell_class,AN,2484,400,0.25,0.02,0.1,0.1388888888888889,0.3663446054750403,0.33816425120772947,0.008051529790660225,0.11674718196457327,0.030595813204508857,0.0012077294685990338,False,False,False,False,False,False,False
720575940626981157,cell_class,AN,2484,400,0.25,0.01,0.01,0.1388888888888889,0.3663446054750403,0.33816425120772947,0.008051529790660225,0.11674718196457327,0.030595813204508857,0.0012077294685990338,True,True,True,False,False,False,False
720575940626981157,cell_class,AN,2484,400,0.25,0.01,0.05,0.1388888888888889,0.3663446054750403,0.33816425120772947,0.008051529790660225,0.11674718196457327,0.030595813204508857,0.0012077294685990338,False,False,False,False,False,False,False
720575940626981157,cell_class,AN,2484,400,0.25,0.01,0.1,0.1388888888888889,0.3663446054750403,0.33816425120772947,0.008051529790660225,0.11674718196457327,0.030595813204508857,0.0012077294685990338,False,False,False,False,False,False,False
720575940617918091,cell_class,AN,3403,400,0.25,0.14285714285714285,0.01,0.021157801939465176,0.9000881575080811,0.00881575080811049,0.002057008521892448,0.031736702909197764,0.03585071995298266,0.0002938583602703497,True,True,False,True,False,True,
720575940617918091,cell_class,AN,3403,400,0.25,0.14285714285714285,0.05,0.021157801939465176,0.9000881575080811,0.00881575080811049,0.002057008521892448,0.031736702909197764,0.03585071995298266,0.0002938583602703497,False,True,False,False,False,False,
720575940617918091,cell_class,AN,3403,400,0.25,0.14285714285714285,0.1,0.021157801939465176,0.9000881575080811,0.00881575080811049,0.002057008521892448,0.031736702909197764,0.03585071995298266,0.0002938583602703497,False,True,False,False,False,False,
720575940617918091,cell_class,AN,3403,400,0.25,0.04,0.01,0.021157801939465176,0.9000881575080811,0.00881575080811049,0.002057008521892448,0.031736702909197764,0.03585071995298266,0.0002938583602703497,False,True,False,False,False,False,
720575940617918091,cell_class,AN,3403,400,0.25,0.04,0.05,0.021157801939465176,0.9000881575080811,0.00881575080811049,0.002057008521892448,0.031736702909197764,0.03585071995298266,0.0002938583602703497,False,True,False,False,False,False,
720575940617918091,cell_class,AN,3403,400,0.25,0.04,0.1,0.021157801939465176,0.9000881575080811,0.00881575080811049,0.002057008521892448,0.031736702909197764,0.03585071995298266,0.0002938583602703497,False,True,False,False,False,False,
720575940617918091,cell_class,AN,3403,400,0.25,0.02,0.01,0.021157801939465176,0.9000881575080811,0.00881575080811049,0.002057008521892448,0.031736702909197764,0.03585071995298266,0.0002938583602703497,False,True,False,False,False,False,
720575940617918091,cell_class,AN,3403,400,0.25,0.02,0.05,0.021157801939465176,0.9000881575080811,0.00881575080811049,0.002057008521892448,0.031736702909197764,0.03585071995298266,0.0002938583602703497,False,True,False,False,False,False,
720575940617918091,cell_class,AN,3403,400,0.25,0.02,0.1,0.021157801939465176,0.9000881575080811,0.00881575080811049,0.002057008521892448,0.031736702909197764,0.03585071995298266,0.0002938583602703497,False,False,False,False,False,False,
720575940617918091,cell_class,AN,3403,400,0.25,0.01,0.01,0.021157801939465176,0.9000881575080811,0.00881575080811049,0.002057008521892448,0.031736702909197764,0.03585071995298266,0.0002938583602703497,False,True,False,False,False,False,
720575940617918091,cell_class,AN,3403,400,0.25,0.01,0.05,0.021157801939465176,0.9000881575080811,0.00881575080811049,0.002057008521892448,0.031736702909197764,0.03585071995298266,0.0002938583602703497,False,False,False,False,False,False,
720575940617918091,cell_class,AN,3403,400,0.25,0.01,0.1,0.021157801939465176,0.9000881575080811,0.00881575080811049,0.002057008521892448,0.031736702909197764,0.03585071995298266,0.0002938583602703497,False,False,False,False,False,False,
720575940619661888,cell_class,AN,5583,400,0.25,0.14285714285714285,0.01,0.057316854737596276,0.38724699982088484,0.06591438294823572,0.025434354289808347,0.4230700340318825,0.04048002865842737,0.0005373455131649651,True,True,True,True,True,True,False
720575940619661888,cell_class,AN,5583,400,0.25,0.14285714285714285,0.05,0.057316854737596276,0.38724699982088484,0.06591438294823572,0.025434354289808347,0.4230700340318825,0.04048002865842737,0.0005373455131649651,False,True,False,True,False,False,False
720575940619661888,cell_class,AN,5583,400,0.25,0.14285714285714285,0.1,0.057316854737596276,0.38724699982088484,0.06591438294823572,0.025434354289808347,0.4230700340318825,0.04048002865842737,0.0005373455131649651,False,True,False,True,False,False,False
720575940619661888,cell_class,AN,5583,400,0.25,0.04,0.01,0.057316854737596276,0.38724699982088484,0.06591438294823572,0.025434354289808347,0.4230700340318825,0.04048002865842737,0.0005373455131649651,True,True,True,True,False,True,False
720575940619661888,cell_class,AN,5583,400,0.25,0.04,0.05,0.057316854737596276,0.38724699982088484,0.06591438294823572,0.025434354289808347,0.4230700340318825,0.04048002865842737,0.0005373455131649651,False,True,False,True,False,False,False
720575940619661888,cell_class,AN,5583,400,0.25,0.04,0.1,0.057316854737596276,0.38724699982088484,0.06591438294823572,0.025434354289808347,0.4230700340318825,0.04048002865842737,0.0005373455131649651,False,True,False,False,False,False,False
720575940619661888,cell_class,AN,5583,400,0.25,0.02,0.01,0.057316854737596276,0.38724699982088484,0.06591438294823572,0.025434354289808347,0.4230700340318825,0.04048002865842737,0.0005373455131649651,True,True,True,True,False,False,False
720575940619661888,cell_class,AN,5583,400,0.25,0.02,0.05,0.057316854737596276,0.38724699982088484,0.06591438294823572,0.025434354289808347,0.4230700340318825,0.04048002865842737,0.0005373455131649651,False,True,False,True,False,False,False
720575940619661888,cell_class,AN,5583,400,0.25,0.02,0.1,0.057316854737596276,0.38724699982088484,0.06591438294823572,0.025434354289808347,0.4230700340318825,0.04048002865842737,0.0005373455131649651,False,False,False,False,False,False,False
720575940619661888,cell_class,AN,5583,400,0.25,0.01,0.01,0.057316854737596276,0.38724699982088484,0.06591438294823572,0.025434354289808347,0.4230700340318825,0.04048002865842737,0.0005373455131649651,False,True,False,True,False,False,False
720575940619661888,cell_class,AN,5583,400,0.25,0.01,0.05,0.057316854737596276,0.38724699982088484,0.06591438294823572,0.025434354289808347,0.4230700340318825,0.04048002865842737,0.0005373455131649651,False,False,False,False,False,False,False
720575940619661888,cell_class,AN,5583,400,0.25,0.01,0.1,0.057316854737596276,0.38724699982088484,0.06591438294823572,0.025434354289808347,0.4230700340318825,0.04048002865842737,0.0005373455131649651,False,False,False,False,False,False,False
720575940641259392,cell_class,AN,3640,400,0.25,0.14285714285714285,0.01,0.5118131868131868,0.4175824175824176,0.05274725274725275,0.001098901098901099,0.01510989010989011,0.0016483516483516484,0.0,True,True,True,False,False,False,
720575940641259392,cell_class,AN,3640,400,0.25,0.14285714285714285,0.05,0.5118131868131868,0.4175824175824176,0.05274725274725275,0.001098901098901099,0.01510989010989011,0.0016483516483516484,0.0,True,True,False,False,False,False,
720575940641259392,cell_class,AN,3640,400,0.25,0.14285714285714285,0.1,0.5118131868131868,0.4175824175824176,0.05274725274725275,0.001098901098901099,0.01510989010989011,0.0016483516483516484,0.0,True,True,False,False,False,False,
720575940641259392,cell_class,AN,3640,400,0.25,0.04,0.01,0.5118131868131868,0.4175824175824176,0.05274725274725275,0.001098901098901099,0.01510989010989011,0.0016483516483516484,0.0,True,True,True,False,False,False,
720575940641259392,cell_class,AN,3640,400,0.25,0.04,0.05,0.5118131868131868,0.4175824175824176,0.05274725274725275,0.001098901098901099,0.01510989010989011,0.0016483516483516484,0.0,True,True,False,False,False,False,
720575940641259392,cell_class,AN,3640,400,0.25,0.04,0.1,0.5118131868131868,0.4175824175824176,0.05274725274725275,0.001098901098901099,0.01510989010989011,0.0016483516483516484,0.0,False,False,False,False,False,False,
720575940641259392,cell_class,AN,3640,400,0.25,0.02,0.01,0.5118131868131868,0.4175824175824176,0.05274725274725275,0.001098901098901099,0.01510989010989011,0.0016483516483516484,0.0,True,True,False,False,False,False,
720575940641259392,cell_class,AN,3640,400,0.25,0.02,0.05,0.5118131868131868,0.4175824175824176,0.05274725274725275,0.001098901098901099,0.01510989010989011,0.0016483516483516484,0.0,False,False,False,False,False,False,
720575940641259392,cell_class,AN,3640,400,0.25,0.02,0.1,0.5118131868131868,0.4175824175824176,0.05274725274725275,0.001098901098901099,0.01510989010989011,0.0016483516483516484,0.0,False,False,False,False,False,False,
720575940641259392,cell_class,AN,3640,400,0.25,0.01,0.01,0.5118131868131868,0.4175824175824176,0.05274725274725275,0.001098901098901099,0.01510989010989011,0.0016483516483516484,0.0,True,True,False,False,False,False,
720575940641259392,cell_class,AN,3640,400,0.25,0.01,0.05,0.5118131868131868,0.4175824175824176,0.05274725274725275,0.001098901098901099,0.01510989010989011,0.0016483516483516484,0.0,False,False,False,False,False,False,
720575940641259392,cell_class,AN,3640,400,0.25,0.01,0.1,0.5118131868131868,0.4175824175824176,0.05274725274725275,0.001098901098901099,0.01510989010989011,0.0016483516483516484,0.0,False,False,False,False,False,False,
720575940622620455,cell_class,AN,1184,400,0.25,0.14285714285714285,0.01,0.002533783783783784,0.7956081081081081,0.13851351351351351,0.002533783783783784,0.02027027027027027,0.04054054054054054,0.0,False,True,True,True,False,True,
720575940622620455,cell_class,AN,1184,400,0.25,0.14285714285714285,0.05,0.002533783783783784,0.7956081081081081,0.13851351351351351,0.002533783783783784,0.02027027027027027,0.04054054054054054,0.0,False,True,True,False,False,False,
720575940622620455,cell_class,AN,1184,400,0.25,0.14285714285714285,0.1,0.002533783783783784,0.7956081081081081,0.13851351351351351,0.002533783783783784,0.02027027027027027,0.04054054054054054,0.0,False,True,False,False,False,False,
720575940622620455,cell_class,AN,1184,400,0.25,0.04,0.01,0.002533783783783784,0.7956081081081081,0.13851351351351351,0.002533783783783784,0.02027027027027027,0.04054054054054054,0.0,False,True,True,False,False,True,
720575940622620455,cell_class,AN,1184,400,0.25,0.04,0.05,0.002533783783783784,0.7956081081081081,0.13851351351351351,0.002533783783783784,0.02027027027027027,0.04054054054054054,0.0,False,True,False,False,False,False,
720575940622620455,cell_class,AN,1184,400,0.25,0.04,0.1,0.002533783783783784,0.7956081081081081,0.13851351351351351,0.002533783783783784,0.02027027027027027,0.04054054054054054,0.0,False,False,False,False,False,False,
720575940622620455,cell_class,AN,1184,400,0.25,0.02,0.01,0.002533783783783784,0.7956081081081081,0.13851351351351351,0.002533783783783784,0.02027027027027027,0.04054054054054054,0.0,False,True,True,False,False,False,
720575940622620455,cell_class,AN,1184,400,0.25,0.02,0.05,0.002533783783783784,0.7956081081081081,0.13851351351351351,0.002533783783783784,0.02027027027027027,0.04054054054054054,0.0,False,True,False,False,False,False,
720575940622620455,cell_class,AN,1184,400,0.25,0.02,0.1,0.002533783783783784,0.7956081081081081,0.13851351351351351,0.002533783783783784,0.02027027027027027,0.04054054054054054,0.0,False,False,False,False,False,False,
720575940622620455,cell_class,AN,1184,400,0.25,0.01,0.01,0.002533783783783784,0.7956081081081081,0.13851351351351351,0.002533783783783784,0.02027027027027027,0.04054054054054054,0.0,False,True,True,False,False,False,
720575940622620455,cell_class,AN,1184,400,0.25,0.01,0.05,0.002533783783783784,0.7956081081081081,0.13851351351351351,0.002533783783783784,0.02027027027027027,0.04054054054054054,0.0,False,False,False,False,False,False,
720575940622620455,cell_class,AN,1184,400,0.25,0.01,0.1,0.002533783783783784,0.7956081081081081,0.13851351351351351,0.002533783783783784,0.02027027027027027,0.04054054054054054,0.0,False,False,False,False,False,False,
720575940622642663,cell_class,AN,1811,400,0.25,0.14285714285714285,0.01,0.027056874654886803,0.2495858641634456,0.48868028713418,0.0016565433462175593,0.2098288238542242,0.02319160684704583,0.0,True,True,True,True,False,True,
720575940622642663,cell_class,AN,1811,400,0.25,0.14285714285714285,0.05,0.027056874654886803,0.2495858641634456,0.48868028713418,0.0016565433462175593,0.2098288238542242,0.02319160684704583,0.0,False,True,True,True,False,False,
720575940622642663,cell_class,AN,1811,400,0.25,0.14285714285714285,0.1,0.027056874654886803,0.2495858641634456,0.48868028713418,0.0016565433462175593,0.2098288238542242,0.02319160684704583,0.0,False,False,True,False,False,False,
720575940622642663,cell_class,AN,1811,400,0.25,0.04,0.01,0.027056874654886803,0.2495858641634456,0.48868028713418,0.0016565433462175593,0.2098288238542242,0.02319160684704583,0.0,True,True,True,True,False,False,
720575940622642663,cell_class,AN,1811,400,0.25,0.04,0.05,0.027056874654886803,0.2495858641634456,0.48868028713418,0.0016565433462175593,0.2098288238542242,0.02319160684704583,0.0,False,True,True,False,False,False,
720575940622642663,cell_class,AN,1811,400,0.25,0.04,0.1,0.027056874654886803,0.2495858641634456,0.48868028713418,0.0016565433462175593,0.2098288238542242,0.02319160684704583,0.0,False,False,True,False,False,False,
720575940622642663,cell_class,AN,1811,400,0.25,0.02,0.01,0.027056874654886803,0.2495858641634456,0.48868028713418,0.0016565433462175593,0.2098288238542242,0.02319160684704583,0.0,False,True,True,True,False,False,
720575940622642663,cell_class,AN,1811,400,0.25,0.02,0.05,0.027056874654886803,0.2495858641634456,0.48868028713418,0.0016565433462175593,0.2098288238542242,0.02319160684704583,0.0,False,False,False,False,False,False,
720575940622642663,cell_class,AN,1811,400,0.25,0.02,0.1,0.027056874654886803,0.2495858641634456,0.48868028713418,0.0016565433462175593,0.2098288238542242,0.02319160684704583,0.0,False,False,False,False,False,False,
720575940622642663,cell_class,AN,1811,400,0.25,0.01,0.01,0.027056874654886803,0.2495858641634456,0.48868028713418,0.0016565433462175593,0.2098288238542242,0.02319160684704583,0.0,False,True,True,True,False,False,
720575940622642663,cell_class,AN,1811,400,0.25,0.01,0.05,0.027056874654886803,0.2495858641634456,0.48868028713418,0.0016565433462175593,0.2098288238542242,0.02319160684704583,0.0,False,False,False,False,False,False,
720575940622642663,cell_class,AN,1811,400,0.25,0.01,0.1,0.027056874654886803,0.2495858641634456,0.48868028713418,0.0016565433462175593,0.2098288238542242,0.02319160684704583,0.0,False,False,False,False,False,False,
720575940609348676,cell_class,AN,414,400,0.25,0.14285714285714285,0.01,0.06038647342995169,0.8285024154589372,0.012077294685990338,0.0,0.09903381642512077,0.0,0.0,True,True,False,True,,,
720575940609348676,cell_class,AN,414,400,0.25,0.14285714285714285,0.05,0.06038647342995169,0.8285024154589372,0.012077294685990338,0.0,0.09903381642512077,0.0,0.0,False,True,False,False,,,
720575940609348676,cell_class,AN,414,400,0.25,0.14285714285714285,0.1,0.06038647342995169,0.8285024154589372,0.012077294685990338,0.0,0.09903381642512077,0.0,0.0,False,True,False,False,,,
720575940609348676,cell_class,AN,414,400,0.25,0.04,0.01,0.06038647342995169,0.8285024154589372,0.012077294685990338,0.0,0.09903381642512077,0.0,0.0,True,True,False,True,,,
720575940609348676,cell_class,AN,414,400,0.25,0.04,0.05,0.06038647342995169,0.8285024154589372,0.012077294685990338,0.0,0.09903381642512077,0.0,0.0,False,True,False,False,,,
720575940609348676,cell_class,AN,414,400,0.25,0.04,0.1,0.06038647342995169,0.8285024154589372,0.012077294685990338,0.0,0.09903381642512077,0.0,0.0,False,True,False,False,,,
720575940609348676,cell_class,AN,414,400,0.25,0.02,0.01,0.06038647342995169,0.8285024154589372,0.012077294685990338,0.0,0.09903381642512077,0.0,0.0,True,True,False,True,,,
720575940609348676,cell_class,AN,414,400,0.25,0.02,0.05,0.06038647342995169,0.8285024154589372,0.012077294685990338,0.0,0.09903381642512077,0.0,0.0,False,True,False,False,,,
720575940609348676,cell_class,AN,414,400,0.25,0.02,0.1,0.06038647342995169,0.8285024154589372,0.012077294685990338,0.0,0.09903381642512077,0.0,0.0,False,False,False,False,,,
720575940609348676,cell_class,AN,414,400,0.25,0.01,0.01,0.06038647342995169,0.8285024154589372,0.012077294685990338,0.0,0.09903381642512077,0.0,0.0,True,True,False,True,,,
720575940609348676,cell_class,AN,414,400,0.25,0.01,0.05,0.06038647342995169,0.8285024154589372,0.012077294685990338,0.0,0.09903381642512077,0.0,0.0,False,False,False,False,,,
720575940609348676,cell_class,AN,414,400,0.25,0.01,0.1,0.06038647342995169,0.8285024154589372,0.012077294685990338,0.0,0.09903381642512077,0.0,0.0,False,False,False,False,,,
720575940623637482,cell_class,AN,531,400,0.25,0.14285714285714285,0.01,0.0,0.7137476459510358,0.04519774011299435,0.003766478342749529,0.11864406779661017,0.1167608286252354,0.0018832391713747645,,True,True,True,False,True,
720575940623637482,cell_class,AN,531,400,0.25,0.14285714285714285,0.05,0.0,0.7137476459510358,0.04519774011299435,0.003766478342749529,0.11864406779661017,0.1167608286252354,0.0018832391713747645,,True,False,True,False,True,
720575940623637482,cell_class,AN,531,400,0.25,0.14285714285714285,0.1,0.0,0.7137476459510358,0.04519774011299435,0.003766478342749529,0.11864406779661017,0.1167608286252354,0.0018832391713747645,,True,False,False,False,False,
720575940623637482,cell_class,AN,531,400,0.25,0.04,0.01,0.0,0.7137476459510358,0.04519774011299435,0.003766478342749529,0.11864406779661017,0.1167608286252354,0.0018832391713747645,,True,True,True,False,True,
720575940623637482,cell_class,AN,531,400,0.25,0.04,0.05,0.0,0.7137476459510358,0.04519774011299435,0.003766478342749529,0.11864406779661017,0.1167608286252354,0.0018832391713747645,,True,False,False,False,False,
720575940623637482,cell_class,AN,531,400,0.25,0.04,0.1,0.0,0.7137476459510358,0.04519774011299435,0.003766478342749529,0.11864406779661017,0.1167608286252354,0.0018832391713747645,,False,False,False,False,False,
720575940623637482,cell_class,AN,531,400,0.25,0.02,0.01,0.0,0.7137476459510358,0.04519774011299435,0.003766478342749529,0.11864406779661017,0.1167608286252354,0.0018832391713747645,,True,False,True,False,True,
720575940623637482,cell_class,AN,531,400,0.25,0.02,0.05,0.0,0.7137476459510358,0.04519774011299435,0.003766478342749529,0.11864406779661017,0.1167608286252354,0.0018832391713747645,,True,False,False,False,False,
720575940623637482,cell_class,AN,531,400,0.25,0.02,0.1,0.0,0.7137476459510358,0.04519774011299435,0.003766478342749529,0.11864406779661017,0.1167608286252354,0.0018832391713747645,,False,False,False,False,False,
720575940623637482,cell_class,AN,531,400,0.25,0.01,0.01,0.0,0.7137476459510358,0.04519774011299435,0.003766478342749529,0.11864406779661017,0.1167608286252354,0.0018832391713747645,,True,False,True,False,True,
720575940623637482,cell_class,AN,531,400,0.25,0.01,0.05,0.0,0.7137476459510358,0.04519774011299435,0.003766478342749529,0.11864406779661017,0.1167608286252354,0.0018832391713747645,,True,False,False,False,False,
720575940623637482,cell_class,AN,531,400,0.25,0.01,0.1,0.0,0.7137476459510358,0.04519774011299435,0.003766478342749529,0.11864406779661017,0.1167608286252354,0.0018832391713747645,,False,False,False,False,False,
720575940611872149,cell_class,AN,8427,400,0.25,0.14285714285714285,0.01,0.0798623472172778,0.7525809896760413,0.031209208496499347,0.011866619200189867,0.10917289664174677,0.01507060638424113,0.00023733238400379733,True,True,True,True,False,False,False
720575940611872149,cell_class,AN,8427,400,0.25,0.14285714285714285,0.05,0.0798623472172778,0.7525809896760413,0.031209208496499347,0.011866619200189867,0.10917289664174677,0.01507060638424113,0.00023733238400379733,False,True,False,False,False,False,False
720575940611872149,cell_class,AN,8427,400,0.25,0.14285714285714285,0.1,0.0798623472172778,0.7525809896760413,0.031209208496499347,0.011866619200189867,0.10917289664174677,0.01507060638424113,0.00023733238400379733,False,True,False,False,False,False,False
720575940611872149,cell_class,AN,8427,400,0.25,0.04,0.01,0.0798623472172778,0.7525809896760413,0.031209208496499347,0.011866619200189867,0.10917289664174677,0.01507060638424113,0.00023733238400379733,True,True,True,True,False,False,False
720575940611872149,cell_class,AN,8427,400,0.25,0.04,0.05,0.0798623472172778,0.7525809896760413,0.031209208496499347,0.011866619200189867,0.10917289664174677,0.01507060638424113,0.00023733238400379733,False,True,False,False,False,False,False
720575940611872149,cell_class,AN,8427,400,0.25,0.04,0.1,0.0798623472172778,0.7525809896760413,0.031209208496499347,0.011866619200189867,0.10917289664174677,0.01507060638424113,0.00023733238400379733,False,False,False,False,False,False,False
720575940611872149,cell_class,AN,8427,400,0.25,0.02,0.01,0.0798623472172778,0.7525809896760413,0.031209208496499347,0.011866619200189867,0.10917289664174677,0.01507060638424113,0.00023733238400379733,True,True,False,True,False,False,False
720575940611872149,cell_class,AN,8427,400,0.25,0.02,0.05,0.0798623472172778,0.7525809896760413,0.031209208496499347,0.011866619200189867,0.10917289664174677,0.01507060638424113,0.00023733238400379733,False,True,False,False,False,False,False
720575940611872149,cell_class,AN,8427,400,0.25,0.02,0.1,0.0798623472172778,0.7525809896760413,0.031209208496499347,0.011866619200189867,0.10917289664174677,0.01507060638424113,0.00023733238400379733,False,False,False,False,False,False,False
720575940611872149,cell_class,AN,8427,400,0.25,0.01,0.01,0.0798623472172778,0.7525809896760413,0.031209208496499347,0.011866619200189867,0.10917289664174677,0.01507060638424113,0.00023733238400379733,True,True,False,False,False,False,False
720575940611872149,cell_class,AN,8427,400,0.25,0.01,0.05,0.0798623472172778,0.7525809896760413,0.031209208496499347,0.011866619200189867,0.10917289664174677,0.01507060638424113,0.00023733238400379733,False,False,False,False,False,False,False
720575940611872149,cell_class,AN,8427,400,0.25,0.01,0.1,0.0798623472172778,0.7525809896760413,0.031209208496499347,0.011866619200189867,0.10917289664174677,0.01507060638424113,0.00023733238400379733,False,False,False,False,False,False,False
720575940636556718,cell_class,AN,894,400,0.25,0.14285714285714285,0.01,0.015659955257270694,0.0592841163310962,0.03803131991051454,0.025727069351230425,0.20469798657718122,0.656599552572707,0.0,False,True,True,True,False,True,
720575940636556718,cell_class,AN,894,400,0.25,0.14285714285714285,0.05,0.015659955257270694,0.0592841163310962,0.03803131991051454,0.025727069351230425,0.20469798657718122,0.656599552572707,0.0,False,False,False,True,False,True,
720575940636556718,cell_class,AN,894,400,0.25,0.14285714285714285,0.1,0.015659955257270694,0.0592841163310962,0.03803131991051454,0.025727069351230425,0.20469798657718122,0.656599552572707,0.0,False,False,False,False,False,True,
720575940636556718,cell_class,AN,894,400,0.25,0.04,0.01,0.015659955257270694,0.0592841163310962,0.03803131991051454,0.025727069351230425,0.20469798657718122,0.656599552572707,0.0,False,True,True,True,False,True,
720575940636556718,cell_class,AN,894,400,0.25,0.04,0.05,0.015659955257270694,0.0592841163310962,0.03803131991051454,0.025727069351230425,0.20469798657718122,0.656599552572707,0.0,False,False,False,False,False,True,
720575940636556718,cell_class,AN,894,400,0.25,0.04,0.1,0.015659955257270694,0.0592841163310962,0.03803131991051454,0.025727069351230425,0.20469798657718122,0.656599552572707,0.0,False,False,False,False,False,True,
720575940636556718,cell_class,AN,894,400,0.25,0.02,0.01,0.015659955257270694,0.0592841163310962,0.03803131991051454,0.025727069351230425,0.20469798657718122,0.656599552572707,0.0,False,False,True,True,False,True,
720575940636556718,cell_class,AN,894,400,0.25,0.02,0.05,0.015659955257270694,0.0592841163310962,0.03803131991051454,0.025727069351230425,0.20469798657718122,0.656599552572707,0.0,False,False,False,False,False,True,
720575940636556718,cell_class,AN,894,400,0.25,0.02,0.1,0.015659955257270694,0.0592841163310962,0.03803131991051454,0.025727069351230425,0.20469798657718122,0.656599552572707,0.0,False,False,False,False,False,False,
720575940636556718,cell_class,AN,894,400,0.25,0.01,0.01,0.015659955257270694,0.0592841163310962,0.03803131991051454,0.025727069351230425,0.20469798657718122,0.656599552572707,0.0,False,False,True,True,False,True,
720575940636556718,cell_class,AN,894,400,0.25,0.01,0.05,0.015659955257270694,0.0592841163310962,0.03803131991051454,0.025727069351230425,0.20469798657718122,0.656599552572707,0.0,False,False,False,False,False,False,
720575940636556718,cell_class,AN,894,400,0.25,0.01,0.1,0.015659955257270694,0.0592841163310962,0.03803131991051454,0.025727069351230425,0.20469798657718122,0.656599552572707,0.0,False,False,False,False,False,False,
720575940612786995,cell_class,AN,2183,400,0.25,0.14285714285714285,0.01,0.42601923957856164,0.09390746678882272,0.3302794319743472,0.015574896930829134,0.1049015116811727,0.028401282638570773,0.0009161704076958314,True,True,True,True,True,True,False
720575940612786995,cell_class,AN,2183,400,0.25,0.14285714285714285,0.05,0.42601923957856164,0.09390746678882272,0.3302794319743472,0.015574896930829134,0.1049015116811727,0.028401282638570773,0.0009161704076958314,True,False,True,False,False,False,False
720575940612786995,cell_class,AN,2183,400,0.25,0.14285714285714285,0.1,0.42601923957856164,0.09390746678882272,0.3302794319743472,0.015574896930829134,0.1049015116811727,0.028401282638570773,0.0009161704076958314,True,False,True,False,False,False,False
720575940612786995,cell_class,AN,2183,400,0.25,0.04,0.01,0.42601923957856164,0.09390746678882272,0.3302794319743472,0.015574896930829134,0.1049015116811727,0.028401282638570773,0.0009161704076958314,True,True,True,True,False,False,False
720575940612786995,cell_class,AN,2183,400,0.25,0.04,0.05,0.42601923957856164,0.09390746678882272,0.3302794319743472,0.015574896930829134,0.1049015116811727,0.028401282638570773,0.0009161704076958314,True,False,False,False,False,False,False
720575940612786995,cell_class,AN,2183,400,0.25,0.04,0.1,0.42601923957856164,0.09390746678882272,0.3302794319743472,0.015574896930829134,0.1049015116811727,0.028401282638570773,0.0009161704076958314,False,False,False,False,False,False,False
720575940612786995,cell_class,AN,2183,400,0.25,0.02,0.01,0.42601923957856164,0.09390746678882272,0.3302794319743472,0.015574896930829134,0.1049015116811727,0.028401282638570773,0.0009161704076958314,True,True,True,False,False,False,False
720575940612786995,cell_class,AN,2183,400,0.25,0.02,0.05,0.42601923957856164,0.09390746678882272,0.3302794319743472,0.015574896930829134,0.1049015116811727,0.028401282638570773,0.0009161704076958314,False,False,False,False,False,False,False
720575940612786995,cell_class,AN,2183,400,0.25,0.02,0.1,0.42601923957856164,0.09390746678882272,0.3302794319743472,0.015574896930829134,0.1049015116811727,0.028401282638570773,0.0009161704076958314,False,False,False,False,False,False,False
720575940612786995,cell_class,AN,2183,400,0.25,0.01,0.01,0.42601923957856164,0.09390746678882272,0.3302794319743472,0.015574896930829134,0.1049015116811727,0.028401282638570773,0.0009161704076958314,True,False,True,False,False,False,False
720575940612786995,cell_class,AN,2183,400,0.25,0.01,0.05,0.42601923957856164,0.09390746678882272,0.3302794319743472,0.015574896930829134,0.1049015116811727,0.028401282638570773,0.0009161704076958314,False,False,False,False,False,False,False
720575940612786995,cell_class,AN,2183,400,0.25,0.01,0.1,0.42601923957856164,0.09390746678882272,0.3302794319743472,0.015574896930829134,0.1049015116811727,0.028401282638570773,0.0009161704076958314,False,False,False,False,False,False,False
720575940622013257,cell_class,AN,502,400,0.25,0.14285714285714285,0.01,0.31274900398406374,0.33266932270916333,0.16533864541832669,0.00796812749003984,0.17928286852589642,0.0,0.00199203187250996,True,True,True,True,False,,
720575940622013257,cell_class,AN,502,400,0.25,0.14285714285714285,0.05,0.31274900398406374,0.33266932270916333,0.16533864541832669,0.00796812749003984,0.17928286852589642,0.0,0.00199203187250996,True,True,True,True,False,,
720575940622013257,cell_class,AN,502,400,0.25,0.14285714285714285,0.1,0.31274900398406374,0.33266932270916333,0.16533864541832669,0.00796812749003984,0.17928286852589642,0.0,0.00199203187250996,True,True,False,False,False,,
720575940622013257,cell_class,AN,502,400,0.25,0.04,0.01,0.31274900398406374,0.33266932270916333,0.16533864541832669,0.00796812749003984,0.17928286852589642,0.0,0.00199203187250996,True,True,True,True,False,,
720575940622013257,cell_class,AN,502,400,0.25,0.04,0.05,0.31274900398406374,0.33266932270916333,0.16533864541832669,0.00796812749003984,0.17928286852589642,0.0,0.00199203187250996,True,True,False,False,False,,
720575940622013257,cell_class,AN,502,400,0.25,0.04,0.1,0.31274900398406374,0.33266932270916333,0.16533864541832669,0.00796812749003984,0.17928286852589642,0.0,0.00199203187250996,False,False,False,False,False,,
720575940622013257,cell_class,AN,502,400,0.25,0.02,0.01,0.31274900398406374,0.33266932270916333,0.16533864541832669,0.00796812749003984,0.17928286852589642,0.0,0.00199203187250996,True,True,True,True,False,,
720575940622013257,cell_class,AN,502,400,0.25,0.02,0.05,0.31274900398406374,0.33266932270916333,0.16533864541832669,0.00796812749003984,0.17928286852589642,0.0,0.00199203187250996,True,True,False,False,False,,
720575940622013257,cell_class,AN,502,400,0.25,0.02,0.1,0.31274900398406374,0.33266932270916333,0.16533864541832669,0.00796812749003984,0.17928286852589642,0.0,0.00199203187250996,False,False,False,False,False,,
720575940622013257,cell_class,AN,502,400,0.25,0.01,0.01,0.31274900398406374,0.33266932270916333,0.16533864541832669,0.00796812749003984,0.17928286852589642,0.0,0.00199203187250996,True,True,True,True,False,,
720575940622013257,cell_class,AN,502,400,0.25,0.01,0.05,0.31274900398406374,0.33266932270916333,0.16533864541832669,0.00796812749003984,0.17928286852589642,0.0,0.00199203187250996,False,True,False,False,False,,
720575940622013257,cell_class,AN,502,400,0.25,0.01,0.1,0.31274900398406374,0.33266932270916333,0.16533864541832669,0.00796812749003984,0.17928286852589642,0.0,0.00199203187250996,False,False,False,False,False,,
720575940628952619,cell_class,AN,924,400,0.25,0.14285714285714285,0.01,0.604978354978355,0.27813852813852813,0.04329004329004329,0.0,0.0735930735930736,0.0,0.0,True,True,True,True,,,
720575940628952619,cell_class,AN,924,400,0.25,0.14285714285714285,0.05,0.604978354978355,0.27813852813852813,0.04329004329004329,0.0,0.0735930735930736,0.0,0.0,True,True,False,False,,,
720575940628952619,cell_class,AN,924,400,0.25,0.14285714285714285,0.1,0.604978354978355,0.27813852813852813,0.04329004329004329,0.0,0.0735930735930736,0.0,0.0,True,False,False,False,,,
720575940628952619,cell_class,AN,924,400,0.25,0.04,0.01,0.604978354978355,0.27813852813852813,0.04329004329004329,0.0,0.0735930735930736,0.0,0.0,True,True,True,True,,,
720575940628952619,cell_class,AN,924,400,0.25,0.04,0.05,0.604978354978355,0.27813852813852813,0.04329004329004329,0.0,0.0735930735930736,0.0,0.0,True,False,False,False,,,
720575940628952619,cell_class,AN,924,400,0.25,0.04,0.1,0.604978354978355,0.27813852813852813,0.04329004329004329,0.0,0.0735930735930736,0.0,0.0,False,False,False,False,,,
720575940628952619,cell_class,AN,924,400,0.25,0.02,0.01,0.604978354978355,0.27813852813852813,0.04329004329004329,0.0,0.0735930735930736,0.0,0.0,True,True,True,False,,,
720575940628952619,cell_class,AN,924,400,0.25,0.02,0.05,0.604978354978355,0.27813852813852813,0.04329004329004329,0.0,0.0735930735930736,0.0,0.0,True,False,False,False,,,
720575940628952619,cell_class,AN,924,400,0.25,0.02,0.1,0.604978354978355,0.27813852813852813,0.04329004329004329,0.0,0.0735930735930736,0.0,0.0,False,False,False,False,,,
720575940628952619,cell_class,AN,924,400,0.25,0.01,0.01,0.604978354978355,0.27813852813852813,0.04329004329004329,0.0,0.0735930735930736,0.0,0.0,True,True,True,False,,,
720575940628952619,cell_class,AN,924,400,0.25,0.01,0.05,0.604978354978355,0.27813852813852813,0.04329004329004329,0.0,0.0735930735930736,0.0,0.0,False,False,False,False,,,
720575940628952619,cell_class,AN,924,400,0.25,0.01,0.1,0.604978354978355,0.27813852813852813,0.04329004329004329,0.0,0.0735930735930736,0.0,0.0,False,False,False,False,,,
720575940614697275,cell_class,AN,775,400,0.25,0.14285714285714285,0.01,0.03225806451612903,0.7729032258064517,0.03741935483870968,0.0025806451612903226,0.14967741935483872,0.003870967741935484,0.0012903225806451613,True,True,True,True,False,False,
720575940614697275,cell_class,AN,775,400,0.25,0.14285714285714285,0.05,0.03225806451612903,0.7729032258064517,0.03741935483870968,0.0025806451612903226,0.14967741935483872,0.003870967741935484,0.0012903225806451613,False,True,False,True,False,False,
720575940614697275,cell_class,AN,775,400,0.25,0.14285714285714285,0.1,0.03225806451612903,0.7729032258064517,0.03741935483870968,0.0025806451612903226,0.14967741935483872,0.003870967741935484,0.0012903225806451613,False,True,False,False,False,False,
720575940614697275,cell_class,AN,775,400,0.25,0.04,0.01,0.03225806451612903,0.7729032258064517,0.03741935483870968,0.0025806451612903226,0.14967741935483872,0.003870967741935484,0.0012903225806451613,True,True,False,True,False,False,
720575940614697275,cell_class,AN,775,400,0.25,0.04,0.05,0.03225806451612903,0.7729032258064517,0.03741935483870968,0.0025806451612903226,0.14967741935483872,0.003870967741935484,0.0012903225806451613,False,True,False,False,False,False,
720575940614697275,cell_class,AN,775,400,0.25,0.04,0.1,0.03225806451612903,0.7729032258064517,0.03741935483870968,0.0025806451612903226,0.14967741935483872,0.003870967741935484,0.0012903225806451613,False,False,False,False,False,False,
720575940614697275,cell_class,AN,775,400,0.25,0.02,0.01,0.03225806451612903,0.7729032258064517,0.03741935483870968,0.0025806451612903226,0.14967741935483872,0.003870967741935484,0.0012903225806451613,True,True,False,True,False,False,
720575940614697275,cell_class,AN,775,400,0.25,0.02,0.05,0.03225806451612903,0.7729032258064517,0.03741935483870968,0.0025806451612903226,0.14967741935483872,0.003870967741935484,0.0012903225806451613,False,True,False,False,False,False,
720575940614697275,cell_class,AN,775,400,0.25,0.02,0.1,0.03225806451612903,0.7729032258064517,0.03741935483870968,0.0025806451612903226,0.14967741935483872,0.003870967741935484,0.0012903225806451613,False,False,False,False,False,False,
720575940614697275,cell_class,AN,775,400,0.25,0.01,0.01,0.03225806451612903,0.7729032258064517,0.03741935483870968,0.0025806451612903226,0.14967741935483872,0.003870967741935484,0.0012903225806451613,True,True,False,True,False,False,
720575940614697275,cell_class,AN,775,400,0.25,0.01,0.05,0.03225806451612903,0.7729032258064517,0.03741935483870968,0.0025806451612903226,0.14967741935483872,0.003870967741935484,0.0012903225806451613,False,True,False,False,False,False,
720575940614697275,cell_class,AN,775,400,0.25,0.01,0.1,0.03225806451612903,0.7729032258064517,0.03741935483870968,0.0025806451612903226,0.14967741935483872,0.003870967741935484,0.0012903225806451613,False,False,False,False,False,False,
720575940612522646,cell_class,AN,3887,400,0.25,0.14285714285714285,0.01,0.007460766658091073,0.9187033702083869,0.05351170568561873,0.0015436068947774634,0.002829945973758683,0.01569333676357088,0.0002572678157962439,False,True,True,False,False,False,
720575940612522646,cell_class,AN,3887,400,0.25,0.14285714285714285,0.05,0.007460766658091073,0.9187033702083869,0.05351170568561873,0.0015436068947774634,0.002829945973758683,0.01569333676357088,0.0002572678157962439,False,True,False,False,False,False,
720575940612522646,cell_class,AN,3887,400,0.25,0.14285714285714285,0.1,0.007460766658091073,0.9187033702083869,0.05351170568561873,0.0015436068947774634,0.002829945973758683,0.01569333676357088,0.0002572678157962439,False,True,False,False,False,False,
720575940612522646,cell_class,AN,3887,400,0.25,0.04,0.01,0.007460766658091073,0.9187033702083869,0.05351170568561873,0.0015436068947774634,0.002829945973758683,0.01569333676357088,0.0002572678157962439,False,True,True,False,False,False,
720575940612522646,cell_class,AN,3887,400,0.25,0.04,0.05,0.007460766658091073,0.9187033702083869,0.05351170568561873,0.0015436068947774634,0.002829945973758683,0.01569333676357088,0.0002572678157962439,False,True,False,False,False,False,
720575940612522646,cell_class,AN,3887,400,0.25,0.04,0.1,0.007460766658091073,0.9187033702083869,0.05351170568561873,0.0015436068947774634,0.002829945973758683,0.01569333676357088,0.0002572678157962439,False,True,False,False,False,False,
720575940612522646,cell_class,AN,3887,400,0.25,0.02,0.01,0.007460766658091073,0.9187033702083869,0.05351170568561873,0.0015436068947774634,0.002829945973758683,0.01569333676357088,0.0002572678157962439,False,True,False,False,False,False,
720575940612522646,cell_class,AN,3887,400,0.25,0.02,0.05,0.007460766658091073,0.9187033702083869,0.05351170568561873,0.0015436068947774634,0.002829945973758683,0.01569333676357088,0.0002572678157962439,False,True,False,False,False,False,
720575940612522646,cell_class,AN,3887,400,0.25,0.02,0.1,0.007460766658091073,0.9187033702083869,0.05351170568561873,0.0015436068947774634,0.002829945973758683,0.01569333676357088,0.0002572678157962439,False,False,False,False,False,False,
720575940612522646,cell_class,AN,3887,400,0.25,0.01,0.01,0.007460766658091073,0.9187033702083869,0.05351170568561873,0.0015436068947774634,0.002829945973758683,0.01569333676357088,0.0002572678157962439,False,True,False,False,False,False,
720575940612522646,cell_class,AN,3887,400,0.25,0.01,0.05,0.007460766658091073,0.9187033702083869,0.05351170568561873,0.0015436068947774634,0.002829945973758683,0.01569333676357088,0.0002572678157962439,False,True,False,False,False,False,
720575940612522646,cell_class,AN,3887,400,0.25,0.01,0.1,0.007460766658091073,0.9187033702083869,0.05351170568561873,0.0015436068947774634,0.002829945973758683,0.01569333676357088,0.0002572678157962439,False,False,False,False,False,False,
720575940628994063,cell_class,AN,497,400,0.25,0.14285714285714285,0.01,0.006036217303822937,0.5774647887323944,0.01006036217303823,0.0,0.3963782696177062,0.01006036217303823,0.0,False,True,False,True,,False,
720575940628994063,cell_class,AN,497,400,0.25,0.14285714285714285,0.05,0.006036217303822937,0.5774647887323944,0.01006036217303823,0.0,0.3963782696177062,0.01006036217303823,0.0,False,True,False,True,,False,
720575940628994063,cell_class,AN,497,400,0.25,0.14285714285714285,0.1,0.006036217303822937,0.5774647887323944,0.01006036217303823,0.0,0.3963782696177062,0.01006036217303823,0.0,False,True,False,True,,False,
720575940628994063,cell_class,AN,497,400,0.25,0.04,0.01,0.006036217303822937,0.5774647887323944,0.01006036217303823,0.0,0.3963782696177062,0.01006036217303823,0.0,False,True,False,True,,False,
720575940628994063,cell_class,AN,497,400,0.25,0.04,0.05,0.006036217303822937,0.5774647887323944,0.01006036217303823,0.0,0.3963782696177062,0.01006036217303823,0.0,False,True,False,True,,False,
720575940628994063,cell_class,AN,497,400,0.25,0.04,0.1,0.006036217303822937,0.5774647887323944,0.01006036217303823,0.0,0.3963782696177062,0.01006036217303823,0.0,False,False,False,False,,False,
720575940628994063,cell_class,AN,497,400,0.25,0.02,0.01,0.006036217303822937,0.5774647887323944,0.01006036217303823,0.0,0.3963782696177062,0.01006036217303823,0.0,False,True,False,True,,False,
720575940628994063,cell_class,AN,497,400,0.25,0.02,0.05,0.006036217303822937,0.5774647887323944,0.01006036217303823,0.0,0.3963782696177062,0.01006036217303823,0.0,False,False,False,False,,False,
720575940628994063,cell_class,AN,497,400,0.25,0.02,0.1,0.006036217303822937,0.5774647887323944,0.01006036217303823,0.0,0.3963782696177062,0.01006036217303823,0.0,False,False,False,False,,False,
720575940628994063,cell_class,AN,497,400,0.25,0.01,0.01,0.006036217303822937,0.5774647887323944,0.01006036217303823,0.0,0.3963782696177062,0.01006036217303823,0.0,False,True,False,True,,False,
720575940628994063,cell_class,AN,497,400,0.25,0.01,0.05,0.006036217303822937,0.5774647887323944,0.01006036217303823,0.0,0.3963782696177062,0.01006036217303823,0.0,False,False,False,False,,False,
720575940628994063,cell_class,AN,497,400,0.25,0.01,0.1,0.006036217303822937,0.5774647887323944,0.01006036217303823,0.0,0.3963782696177062,0.01006036217303823,0.0,False,False,False,False,,False,
720575940612220071,cell_class,AN,755,400,0.25,0.14285714285714285,0.01,0.011920529801324504,0.38675496688741723,0.011920529801324504,0.0013245033112582781,0.5721854304635762,0.015894039735099338,0.0,False,True,False,True,,True,
720575940612220071,cell_class,AN,755,400,0.25,0.14285714285714285,0.05,0.011920529801324504,0.38675496688741723,0.011920529801324504,0.0013245033112582781,0.5721854304635762,0.015894039735099338,0.0,False,True,False,True,,False,
720575940612220071,cell_class,AN,755,400,0.25,0.14285714285714285,0.1,0.011920529801324504,0.38675496688741723,0.011920529801324504,0.0013245033112582781,0.5721854304635762,0.015894039735099338,0.0,False,True,False,True,,False,
720575940612220071,cell_class,AN,755,400,0.25,0.04,0.01,0.011920529801324504,0.38675496688741723,0.011920529801324504,0.0013245033112582781,0.5721854304635762,0.015894039735099338,0.0,False,True,False,True,,True,
720575940612220071,cell_class,AN,755,400,0.25,0.04,0.05,0.011920529801324504,0.38675496688741723,0.011920529801324504,0.0013245033112582781,0.5721854304635762,0.015894039735099338,0.0,False,True,False,True,,False,
720575940612220071,cell_class,AN,755,400,0.25,0.04,0.1,0.011920529801324504,0.38675496688741723,0.011920529801324504,0.0013245033112582781,0.5721854304635762,0.015894039735099338,0.0,False,False,False,True,,False,
720575940612220071,cell_class,AN,755,400,0.25,0.02,0.01,0.011920529801324504,0.38675496688741723,0.011920529801324504,0.0013245033112582781,0.5721854304635762,0.015894039735099338,0.0,False,True,False,True,,False,
720575940612220071,cell_class,AN,755,400,0.25,0.02,0.05,0.011920529801324504,0.38675496688741723,0.011920529801324504,0.0013245033112582781,0.5721854304635762,0.015894039735099338,0.0,False,False,False,True,,False,
720575940612220071,cell_class,AN,755,400,0.25,0.02,0.1,0.011920529801324504,0.38675496688741723,0.011920529801324504,0.0013245033112582781,0.5721854304635762,0.015894039735099338,0.0,False,False,False,False,,False,
720575940612220071,cell_class,AN,755,400,0.25,0.01,0.01,0.011920529801324504,0.38675496688741723,0.011920529801324504,0.0013245033112582781,0.5721854304635762,0.015894039735099338,0.0,False,True,False,True,,False,
720575940612220071,cell_class,AN,755,400,0.25,0.01,0.05,0.011920529801324504,0.38675496688741723,0.011920529801324504,0.0013245033112582781,0.5721854304635762,0.015894039735099338,0.0,False,False,False,False,,False,
720575940612220071,cell_class,AN,755,400,0.25,0.01,0.1,0.011920529801324504,0.38675496688741723,0.011920529801324504,0.0013245033112582781,0.5721854304635762,0.015894039735099338,0.0,False,False,False,False,,False,
720575940629015040,cell_class,AN,7805,400,0.25,0.14285714285714285,0.01,0.008456117873158232,0.9354260089686098,0.007687379884689302,0.005124919923126201,0.02267777065983344,0.020243433696348494,0.0003843689942344651,False,True,False,False,False,False,False
720575940629015040,cell_class,AN,7805,400,0.25,0.14285714285714285,0.05,0.008456117873158232,0.9354260089686098,0.007687379884689302,0.005124919923126201,0.02267777065983344,0.020243433696348494,0.0003843689942344651,False,True,False,False,False,False,False
720575940629015040,cell_class,AN,7805,400,0.25,0.14285714285714285,0.1,0.008456117873158232,0.9354260089686098,0.007687379884689302,0.005124919923126201,0.02267777065983344,0.020243433696348494,0.0003843689942344651,False,True,False,False,False,False,False
720575940629015040,cell_class,AN,7805,400,0.25,0.04,0.01,0.008456117873158232,0.9354260089686098,0.007687379884689302,0.005124919923126201,0.02267777065983344,0.020243433696348494,0.0003843689942344651,False,True,False,False,False,False,False
720575940629015040,cell_class,AN,7805,400,0.25,0.04,0.05,0.008456117873158232,0.9354260089686098,0.007687379884689302,0.005124919923126201,0.02267777065983344,0.020243433696348494,0.0003843689942344651,False,True,False,False,False,False,False
720575940629015040,cell_class,AN,7805,400,0.25,0.04,0.1,0.008456117873158232,0.9354260089686098,0.007687379884689302,0.005124919923126201,0.02267777065983344,0.020243433696348494,0.0003843689942344651,False,True,False,False,False,False,False
720575940629015040,cell_class,AN,7805,400,0.25,0.02,0.01,0.008456117873158232,0.9354260089686098,0.007687379884689302,0.005124919923126201,0.02267777065983344,0.020243433696348494,0.0003843689942344651,False,True,False,False,False,False,False
720575940629015040,cell_class,AN,7805,400,0.25,0.02,0.05,0.008456117873158232,0.9354260089686098,0.007687379884689302,0.005124919923126201,0.02267777065983344,0.020243433696348494,0.0003843689942344651,False,True,False,False,False,False,False
720575940629015040,cell_class,AN,7805,400,0.25,0.02,0.1,0.008456117873158232,0.9354260089686098,0.007687379884689302,0.005124919923126201,0.02267777065983344,0.020243433696348494,0.0003843689942344651,False,False,False,False,False,False,False
720575940629015040,cell_class,AN,7805,400,0.25,0.01,0.01,0.008456117873158232,0.9354260089686098,0.007687379884689302,0.005124919923126201,0.02267777065983344,0.020243433696348494,0.0003843689942344651,False,True,False,False,False,False,False
720575940629015040,cell_class,AN,7805,400,0.25,0.01,0.05,0.008456117873158232,0.9354260089686098,0.007687379884689302,0.005124919923126201,0.02267777065983344,0.020243433696348494,0.0003843689942344651,False,False,False,False,False,False,False
720575940629015040,cell_class,AN,7805,400,0.25,0.01,0.1,0.008456117873158232,0.9354260089686098,0.007687379884689302,0.005124919923126201,0.02267777065983344,0.020243433696348494,0.0003843689942344651,False,False,False,False,False,False,False
720575940632674003,cell_class,AN,9845,400,0.25,0.14285714285714285,0.01,0.814931437277806,0.10980192991366176,0.062163534789233116,0.0016251904520060945,0.004773996952767903,0.006399187404773997,0.0003047232097511427,True,True,True,False,False,False,False
720575940632674003,cell_class,AN,9845,400,0.25,0.14285714285714285,0.05,0.814931437277806,0.10980192991366176,0.062163534789233116,0.0016251904520060945,0.004773996952767903,0.006399187404773997,0.0003047232097511427,True,True,False,False,False,False,False
720575940632674003,cell_class,AN,9845,400,0.25,0.14285714285714285,0.1,0.814931437277806,0.10980192991366176,0.062163534789233116,0.0016251904520060945,0.004773996952767903,0.006399187404773997,0.0003047232097511427,True,False,False,False,False,False,False
720575940632674003,cell_class,AN,9845,400,0.25,0.04,0.01,0.814931437277806,0.10980192991366176,0.062163534789233116,0.0016251904520060945,0.004773996952767903,0.006399187404773997,0.0003047232097511427,True,True,False,False,False,False,False
720575940632674003,cell_class,AN,9845,400,0.25,0.04,0.05,0.814931437277806,0.10980192991366176,0.062163534789233116,0.0016251904520060945,0.004773996952767903,0.006399187404773997,0.0003047232097511427,True,False,False,False,False,False,False
720575940632674003,cell_class,AN,9845,400,0.25,0.04,0.1,0.814931437277806,0.10980192991366176,0.062163534789233116,0.0016251904520060945,0.004773996952767903,0.006399187404773997,0.0003047232097511427,True,False,False,False,False,False,False
720575940632674003,cell_class,AN,9845,400,0.25,0.02,0.01,0.814931437277806,0.10980192991366176,0.062163534789233116,0.0016251904520060945,0.004773996952767903,0.006399187404773997,0.0003047232097511427,True,True,False,False,False,False,False
720575940632674003,cell_class,AN,9845,400,0.25,0.02,0.05,0.814931437277806,0.10980192991366176,0.062163534789233116,0.0016251904520060945,0.004773996952767903,0.006399187404773997,0.0003047232097511427,True,False,False,False,False,False,False
720575940632674003,cell_class,AN,9845,400,0.25,0.02,0.1,0.814931437277806,0.10980192991366176,0.062163534789233116,0.0016251904520060945,0.004773996952767903,0.006399187404773997,0.0003047232097511427,False,False,False,False,False,False,False
720575940632674003,cell_class,AN,9845,400,0.25,0.01,0.01,0.814931437277806,0.10980192991366176,0.062163534789233116,0.0016251904520060945,0.004773996952767903,0.006399187404773997,0.0003047232097511427,True,False,False,False,False,False,False
720575940632674003,cell_class,AN,9845,400,0.25,0.01,0.05,0.814931437277806,0.10980192991366176,0.062163534789233116,0.0016251904520060945,0.004773996952767903,0.006399187404773997,0.0003047232097511427,False,False,False,False,False,False,False
720575940632674003,cell_class,AN,9845,400,0.25,0.01,0.1,0.814931437277806,0.10980192991366176,0.062163534789233116,0.0016251904520060945,0.004773996952767903,0.006399187404773997,0.0003047232097511427,False,False,False,False,False,False,False
720575940620252630,cell_class,AN,587,400,0.25,0.14285714285714285,0.01,0.034071550255536626,0.8960817717206133,0.028960817717206135,0.0,0.02385008517887564,0.017035775127768313,0.0,True,True,True,False,,True,
720575940620252630,cell_class,AN,587,400,0.25,0.14285714285714285,0.05,0.034071550255536626,0.8960817717206133,0.028960817717206135,0.0,0.02385008517887564,0.017035775127768313,0.0,False,True,False,False,,False,
720575940620252630,cell_class,AN,587,400,0.25,0.14285714285714285,0.1,0.034071550255536626,0.8960817717206133,0.028960817717206135,0.0,0.02385008517887564,0.017035775127768313,0.0,False,True,False,False,,False,
720575940620252630,cell_class,AN,587,400,0.25,0.04,0.01,0.034071550255536626,0.8960817717206133,0.028960817717206135,0.0,0.02385008517887564,0.017035775127768313,0.0,True,True,True,False,,True,
720575940620252630,cell_class,AN,587,400,0.25,0.04,0.05,0.034071550255536626,0.8960817717206133,0.028960817717206135,0.0,0.02385008517887564,0.017035775127768313,0.0,False,True,False,False,,False,
720575940620252630,cell_class,AN,587,400,0.25,0.04,0.1,0.034071550255536626,0.8960817717206133,0.028960817717206135,0.0,0.02385008517887564,0.017035775127768313,0.0,False,True,False,False,,False,
720575940620252630,cell_class,AN,587,400,0.25,0.02,0.01,0.034071550255536626,0.8960817717206133,0.028960817717206135,0.0,0.02385008517887564,0.017035775127768313,0.0,False,True,True,False,,False,
720575940620252630,cell_class,AN,587,400,0.25,0.02,0.05,0.034071550255536626,0.8960817717206133,0.028960817717206135,0.0,0.02385008517887564,0.017035775127768313,0.0,False,True,False,False,,False,
720575940620252630,cell_class,AN,587,400,0.25,0.02,0.1,0.034071550255536626,0.8960817717206133,0.028960817717206135,0.0,0.02385008517887564,0.017035775127768313,0.0,False,True,False,False,,False,
720575940620252630,cell_class,AN,587,400,0.25,0.01,0.01,0.034071550255536626,0.8960817717206133,0.028960817717206135,0.0,0.02385008517887564,0.017035775127768313,0.0,False,True,True,False,,False,
720575940620252630,cell_class,AN,587,400,0.25,0.01,0.05,0.034071550255536626,0.8960817717206133,0.028960817717206135,0.0,0.02385008517887564,0.017035775127768313,0.0,False,False,False,False,,False,
720575940620252630,cell_class,AN,587,400,0.25,0.01,0.1,0.034071550255536626,0.8960817717206133,0.028960817717206135,0.0,0.02385008517887564,0.017035775127768313,0.0,False,False,False,False,,False,
720575940632648868,cell_class,AN,5933,400,0.25,0.14285714285714285,0.01,0.008595988538681949,0.9485926175627845,0.004382268666779033,0.003708073487274566,0.02056295297488623,0.01398954997471768,0.00016854879487611664,False,True,False,True,False,False,
720575940632648868,cell_class,AN,5933,400,0.25,0.14285714285714285,0.05,0.008595988538681949,0.9485926175627845,0.004382268666779033,0.003708073487274566,0.02056295297488623,0.01398954997471768,0.00016854879487611664,False,True,False,False,False,False,
720575940632648868,cell_class,AN,5933,400,0.25,0.14285714285714285,0.1,0.008595988538681949,0.9485926175627845,0.004382268666779033,0.003708073487274566,0.02056295297488623,0.01398954997471768,0.00016854879487611664,False,True,False,False,False,False,
720575940632648868,cell_class,AN,5933,400,0.25,0.04,0.01,0.008595988538681949,0.9485926175627845,0.004382268666779033,0.003708073487274566,0.02056295297488623,0.01398954997471768,0.00016854879487611664,False,True,False,False,False,False,
720575940632648868,cell_class,AN,5933,400,0.25,0.04,0.05,0.008595988538681949,0.9485926175627845,0.004382268666779033,0.003708073487274566,0.02056295297488623,0.01398954997471768,0.00016854879487611664,False,True,False,False,False,False,
720575940632648868,cell_class,AN,5933,400,0.25,0.04,0.1,0.008595988538681949,0.9485926175627845,0.004382268666779033,0.003708073487274566,0.02056295297488623,0.01398954997471768,0.00016854879487611664,False,True,False,False,False,False,
720575940632648868,cell_class,AN,5933,400,0.25,0.02,0.01,0.008595988538681949,0.9485926175627845,0.004382268666779033,0.003708073487274566,0.02056295297488623,0.01398954997471768,0.00016854879487611664,False,True,False,False,False,False,
720575940632648868,cell_class,AN,5933,400,0.25,0.02,0.05,0.008595988538681949,0.9485926175627845,0.004382268666779033,0.003708073487274566,0.02056295297488623,0.01398954997471768,0.00016854879487611664,False,True,False,False,False,False,
720575940632648868,cell_class,AN,5933,400,0.25,0.02,0.1,0.008595988538681949,0.9485926175627845,0.004382268666779033,0.003708073487274566,0.02056295297488623,0.01398954997471768,0.00016854879487611664,False,False,False,False,False,False,
720575940632648868,cell_class,AN,5933,400,0.25,0.01,0.01,0.008595988538681949,0.9485926175627845,0.004382268666779033,0.003708073487274566,0.02056295297488623,0.01398954997471768,0.00016854879487611664,False,True,False,False,False,False,
720575940632648868,cell_class,AN,5933,400,0.25,0.01,0.05,0.008595988538681949,0.9485926175627845,0.004382268666779033,0.003708073487274566,0.02056295297488623,0.01398954997471768,0.00016854879487611664,False,False,False,False,False,False,
720575940632648868,cell_class,AN,5933,400,0.25,0.01,0.1,0.008595988538681949,0.9485926175627845,0.004382268666779033,0.003708073487274566,0.02056295297488623,0.01398954997471768,0.00016854879487611664,False,False,False,False,False,False,
720575940628614487,cell_class,AN,3650,400,0.25,0.14285714285714285,0.01,0.018356164383561645,0.8589041095890411,0.03561643835616438,0.003561643835616438,0.07616438356164383,0.0073972602739726025,0.0,False,True,True,True,False,False,
720575940628614487,cell_class,AN,3650,400,0.25,0.14285714285714285,0.05,0.018356164383561645,0.8589041095890411,0.03561643835616438,0.003561643835616438,0.07616438356164383,0.0073972602739726025,0.0,False,True,False,False,False,False,
720575940628614487,cell_class,AN,3650,400,0.25,0.14285714285714285,0.1,0.018356164383561645,0.8589041095890411,0.03561643835616438,0.003561643835616438,0.07616438356164383,0.0073972602739726025,0.0,False,True,False,False,False,False,
720575940628614487,cell_class,AN,3650,400,0.25,0.04,0.01,0.018356164383561645,0.8589041095890411,0.03561643835616438,0.003561643835616438,0.07616438356164383,0.0073972602739726025,0.0,False,True,False,True,False,False,
720575940628614487,cell_class,AN,3650,400,0.25,0.04,0.05,0.018356164383561645,0.8589041095890411,0.03561643835616438,0.003561643835616438,0.07616438356164383,0.0073972602739726025,0.0,False,True,False,False,False,False,
720575940628614487,cell_class,AN,3650,400,0.25,0.04,0.1,0.018356164383561645,0.8589041095890411,0.03561643835616438,0.003561643835616438,0.07616438356164383,0.0073972602739726025,0.0,False,False,False,False,False,False,
720575940628614487,cell_class,AN,3650,400,0.25,0.02,0.01,0.018356164383561645,0.8589041095890411,0.03561643835616438,0.003561643835616438,0.07616438356164383,0.0073972602739726025,0.0,False,True,False,False,False,False,
720575940628614487,cell_class,AN,3650,400,0.25,0.02,0.05,0.018356164383561645,0.8589041095890411,0.03561643835616438,0.003561643835616438,0.07616438356164383,0.0073972602739726025,0.0,False,True,False,False,False,False,
720575940628614487,cell_class,AN,3650,400,0.25,0.02,0.1,0.018356164383561645,0.8589041095890411,0.03561643835616438,0.003561643835616438,0.07616438356164383,0.0073972602739726025,0.0,False,False,False,False,False,False,
720575940628614487,cell_class,AN,3650,400,0.25,0.01,0.01,0.018356164383561645,0.8589041095890411,0.03561643835616438,0.003561643835616438,0.07616438356164383,0.0073972602739726025,0.0,False,True,False,False,False,False,
720575940628614487,cell_class,AN,3650,400,0.25,0.01,0.05,0.018356164383561645,0.8589041095890411,0.03561643835616438,0.003561643835616438,0.07616438356164383,0.0073972602739726025,0.0,False,True,False,False,False,False,
720575940628614487,cell_class,AN,3650,400,0.25,0.01,0.1,0.018356164383561645,0.8589041095890411,0.03561643835616438,0.003561643835616438,0.07616438356164383,0.0073972602739726025,0.0,False,False,False,False,False,False,
720575940635659748,cell_class,AN,2363,400,0.25,0.14285714285714285,0.01,0.006347862886161659,0.7676682183664832,0.047820567075751164,0.006347862886161659,0.14600084638171815,0.025391451544646636,0.00042319085907744394,False,True,True,True,False,False,
720575940635659748,cell_class,AN,2363,400,0.25,0.14285714285714285,0.05,0.006347862886161659,0.7676682183664832,0.047820567075751164,0.006347862886161659,0.14600084638171815,0.025391451544646636,0.00042319085907744394,False,True,False,False,False,False,
720575940635659748,cell_class,AN,2363,400,0.25,0.14285714285714285,0.1,0.006347862886161659,0.7676682183664832,0.047820567075751164,0.006347862886161659,0.14600084638171815,0.025391451544646636,0.00042319085907744394,False,True,False,False,False,False,
720575940635659748,cell_class,AN,2363,400,0.25,0.04,0.01,0.006347862886161659,0.7676682183664832,0.047820567075751164,0.006347862886161659,0.14600084638171815,0.025391451544646636,0.00042319085907744394,False,True,True,True,False,False,
720575940635659748,cell_class,AN,2363,400,0.25,0.04,0.05,0.006347862886161659,0.7676682183664832,0.047820567075751164,0.006347862886161659,0.14600084638171815,0.025391451544646636,0.00042319085907744394,False,True,False,False,False,False,
720575940635659748,cell_class,AN,2363,400,0.25,0.04,0.1,0.006347862886161659,0.7676682183664832,0.047820567075751164,0.006347862886161659,0.14600084638171815,0.025391451544646636,0.00042319085907744394,False,False,False,False,False,False,
720575940635659748,cell_class,AN,2363,400,0.25,0.02,0.01,0.006347862886161659,0.7676682183664832,0.047820567075751164,0.006347862886161659,0.14600084638171815,0.025391451544646636,0.00042319085907744394,False,True,False,True,False,False,
720575940635659748,cell_class,AN,2363,400,0.25,0.02,0.05,0.006347862886161659,0.7676682183664832,0.047820567075751164,0.006347862886161659,0.14600084638171815,0.025391451544646636,0.00042319085907744394,False,False,False,False,False,False,
720575940635659748,cell_class,AN,2363,400,0.25,0.02,0.1,0.006347862886161659,0.7676682183664832,0.047820567075751164,0.006347862886161659,0.14600084638171815,0.025391451544646636,0.00042319085907744394,False,False,False,False,False,False,
720575940635659748,cell_class,AN,2363,400,0.25,0.01,0.01,0.006347862886161659,0.7676682183664832,0.047820567075751164,0.006347862886161659,0.14600084638171815,0.025391451544646636,0.00042319085907744394,False,True,False,True,False,False,
720575940635659748,cell_class,AN,2363,400,0.25,0.01,0.05,0.006347862886161659,0.7676682183664832,0.047820567075751164,0.006347862886161659,0.14600084638171815,0.025391451544646636,0.00042319085907744394,False,False,False,False,False,False,
720575940635659748,cell_class,AN,2363,400,0.25,0.01,0.1,0.006347862886161659,0.7676682183664832,0.047820567075751164,0.006347862886161659,0.14600084638171815,0.025391451544646636,0.00042319085907744394,False,False,False,False,False,False,
720575940657604225,cell_class,AN,831,400,0.25,0.14285714285714285,0.01,0.6919374247894103,0.2647412755716005,0.03369434416365824,0.0012033694344163659,0.00842358604091456,0.0,0.0,True,True,True,False,,,
720575940657604225,cell_class,AN,831,400,0.25,0.14285714285714285,0.05,0.6919374247894103,0.2647412755716005,0.03369434416365824,0.0012033694344163659,0.00842358604091456,0.0,0.0,True,True,False,False,,,
720575940657604225,cell_class,AN,831,400,0.25,0.14285714285714285,0.1,0.6919374247894103,0.2647412755716005,0.03369434416365824,0.0012033694344163659,0.00842358604091456,0.0,0.0,True,False,False,False,,,
720575940657604225,cell_class,AN,831,400,0.25,0.04,0.01,0.6919374247894103,0.2647412755716005,0.03369434416365824,0.0012033694344163659,0.00842358604091456,0.0,0.0,True,True,True,False,,,
720575940657604225,cell_class,AN,831,400,0.25,0.04,0.05,0.6919374247894103,0.2647412755716005,0.03369434416365824,0.0012033694344163659,0.00842358604091456,0.0,0.0,True,False,False,False,,,
720575940657604225,cell_class,AN,831,400,0.25,0.04,0.1,0.6919374247894103,0.2647412755716005,0.03369434416365824,0.0012033694344163659,0.00842358604091456,0.0,0.0,False,False,False,False,,,
720575940657604225,cell_class,AN,831,400,0.25,0.02,0.01,0.6919374247894103,0.2647412755716005,0.03369434416365824,0.0012033694344163659,0.00842358604091456,0.0,0.0,True,True,True,False,,,
720575940657604225,cell_class,AN,831,400,0.25,0.02,0.05,0.6919374247894103,0.2647412755716005,0.03369434416365824,0.0012033694344163659,0.00842358604091456,0.0,0.0,True,False,False,False,,,
720575940657604225,cell_class,AN,831,400,0.25,0.02,0.1,0.6919374247894103,0.2647412755716005,0.03369434416365824,0.0012033694344163659,0.00842358604091456,0.0,0.0,False,False,False,False,,,
720575940657604225,cell_class,AN,831,400,0.25,0.01,0.01,0.6919374247894103,0.2647412755716005,0.03369434416365824,0.0012033694344163659,0.00842358604091456,0.0,0.0,True,True,True,False,,,
720575940657604225,cell_class,AN,831,400,0.25,0.01,0.05,0.6919374247894103,0.2647412755716005,0.03369434416365824,0.0012033694344163659,0.00842358604091456,0.0,0.0,False,False,False,False,,,
720575940657604225,cell_class,AN,831,400,0.25,0.01,0.1,0.6919374247894103,0.2647412755716005,0.03369434416365824,0.0012033694344163659,0.00842358604091456,0.0,0.0,False,False,False,False,,,
720575940615254782,cell_class,AN,5250,400,0.25,0.14285714285714285,0.01,0.012,0.967047619047619,0.0020952380952380953,0.0064761904761904765,0.008952380952380953,0.0034285714285714284,0.0,False,True,False,False,False,False,
720575940615254782,cell_class,AN,5250,400,0.25,0.14285714285714285,0.05,0.012,0.967047619047619,0.0020952380952380953,0.0064761904761904765,0.008952380952380953,0.0034285714285714284,0.0,False,True,False,False,False,False,
720575940615254782,cell_class,AN,5250,400,0.25,0.14285714285714285,0.1,0.012,0.967047619047619,0.0020952380952380953,0.0064761904761904765,0.008952380952380953,0.0034285714285714284,0.0,False,True,False,False,False,False,
720575940615254782,cell_class,AN,5250,400,0.25,0.04,0.01,0.012,0.967047619047619,0.0020952380952380953,0.0064761904761904765,0.008952380952380953,0.0034285714285714284,0.0,False,True,False,False,False,False,
720575940615254782,cell_class,AN,5250,400,0.25,0.04,0.05,0.012,0.967047619047619,0.0020952380952380953,0.0064761904761904765,0.008952380952380953,0.0034285714285714284,0.0,False,True,False,False,False,False,
720575940615254782,cell_class,AN,5250,400,0.25,0.04,0.1,0.012,0.967047619047619,0.0020952380952380953,0.0064761904761904765,0.008952380952380953,0.0034285714285714284,0.0,False,True,False,False,False,False,
720575940615254782,cell_class,AN,5250,400,0.25,0.02,0.01,0.012,0.967047619047619,0.0020952380952380953,0.0064761904761904765,0.008952380952380953,0.0034285714285714284,0.0,False,True,False,False,False,False,
720575940615254782,cell_class,AN,5250,400,0.25,0.02,0.05,0.012,0.967047619047619,0.0020952380952380953,0.0064761904761904765,0.008952380952380953,0.0034285714285714284,0.0,False,True,False,False,False,False,
720575940615254782,cell_class,AN,5250,400,0.25,0.02,0.1,0.012,0.967047619047619,0.0020952380952380953,0.0064761904761904765,0.008952380952380953,0.0034285714285714284,0.0,False,False,False,False,False,False,
720575940615254782,cell_class,AN,5250,400,0.25,0.01,0.01,0.012,0.967047619047619,0.0020952380952380953,0.0064761904761904765,0.008952380952380953,0.0034285714285714284,0.0,False,True,False,False,False,False,
720575940615254782,cell_class,AN,5250,400,0.25,0.01,0.05,0.012,0.967047619047619,0.0020952380952380953,0.0064761904761904765,0.008952380952380953,0.0034285714285714284,0.0,False,False,False,False,False,False,
720575940615254782,cell_class,AN,5250,400,0.25,0.01,0.1,0.012,0.967047619047619,0.0020952380952380953,0.0064761904761904765,0.008952380952380953,0.0034285714285714284,0.0,False,False,False,False,False,False,
720575940618447238,cell_class,AN,558,400,0.25,0.14285714285714285,0.01,0.0,0.008960573476702509,0.03942652329749104,0.06810035842293907,0.8655913978494624,0.017921146953405017,0.0,,False,True,True,True,True,
720575940618447238,cell_class,AN,558,400,0.25,0.14285714285714285,0.05,0.0,0.008960573476702509,0.03942652329749104,0.06810035842293907,0.8655913978494624,0.017921146953405017,0.0,,False,False,True,False,False,
720575940618447238,cell_class,AN,558,400,0.25,0.14285714285714285,0.1,0.0,0.008960573476702509,0.03942652329749104,0.06810035842293907,0.8655913978494624,0.017921146953405017,0.0,,False,False,True,False,False,
720575940618447238,cell_class,AN,558,400,0.25,0.04,0.01,0.0,0.008960573476702509,0.03942652329749104,0.06810035842293907,0.8655913978494624,0.017921146953405017,0.0,,False,True,True,True,False,
720575940618447238,cell_class,AN,558,400,0.25,0.04,0.05,0.0,0.008960573476702509,0.03942652329749104,0.06810035842293907,0.8655913978494624,0.017921146953405017,0.0,,False,False,True,False,False,
720575940618447238,cell_class,AN,558,400,0.25,0.04,0.1,0.0,0.008960573476702509,0.03942652329749104,0.06810035842293907,0.8655913978494624,0.017921146953405017,0.0,,False,False,True,False,False,
720575940618447238,cell_class,AN,558,400,0.25,0.02,0.01,0.0,0.008960573476702509,0.03942652329749104,0.06810035842293907,0.8655913978494624,0.017921146953405017,0.0,,False,True,True,True,False,
720575940618447238,cell_class,AN,558,400,0.25,0.02,0.05,0.0,0.008960573476702509,0.03942652329749104,0.06810035842293907,0.8655913978494624,0.017921146953405017,0.0,,False,False,True,False,False,
720575940618447238,cell_class,AN,558,400,0.25,0.02,0.1,0.0,0.008960573476702509,0.03942652329749104,0.06810035842293907,0.8655913978494624,0.017921146953405017,0.0,,False,False,True,False,False,
720575940618447238,cell_class,AN,558,400,0.25,0.01,0.01,0.0,0.008960573476702509,0.03942652329749104,0.06810035842293907,0.8655913978494624,0.017921146953405017,0.0,,False,True,True,True,False,
720575940618447238,cell_class,AN,558,400,0.25,0.01,0.05,0.0,0.008960573476702509,0.03942652329749104,0.06810035842293907,0.8655913978494624,0.017921146953405017,0.0,,False,False,True,False,False,
720575940618447238,cell_class,AN,558,400,0.25,0.01,0.1,0.0,0.008960573476702509,0.03942652329749104,0.06810035842293907,0.8655913978494624,0.017921146953405017,0.0,,False,False,False,False,False,
720575940619932363,cell_class,AN,983,400,0.25,0.14285714285714285,0.01,0.5564598168870803,0.3275686673448627,0.04781281790437437,0.004069175991861648,0.038657171922685654,0.024415055951169887,0.001017293997965412,True,True,True,True,False,False,
720575940619932363,cell_class,AN,983,400,0.25,0.14285714285714285,0.05,0.5564598168870803,0.3275686673448627,0.04781281790437437,0.004069175991861648,0.038657171922685654,0.024415055951169887,0.001017293997965412,True,True,False,False,False,False,
720575940619932363,cell_class,AN,983,400,0.25,0.14285714285714285,0.1,0.5564598168870803,0.3275686673448627,0.04781281790437437,0.004069175991861648,0.038657171922685654,0.024415055951169887,0.001017293997965412,True,False,False,False,False,False,
720575940619932363,cell_class,AN,983,400,0.25,0.04,0.01,0.5564598168870803,0.3275686673448627,0.04781281790437437,0.004069175991861648,0.038657171922685654,0.024415055951169887,0.001017293997965412,True,True,True,False,False,False,
720575940619932363,cell_class,AN,983,400,0.25,0.04,0.05,0.5564598168870803,0.3275686673448627,0.04781281790437437,0.004069175991861648,0.038657171922685654,0.024415055951169887,0.001017293997965412,True,False,False,False,False,False,
720575940619932363,cell_class,AN,983,400,0.25,0.04,0.1,0.5564598168870803,0.3275686673448627,0.04781281790437437,0.004069175991861648,0.038657171922685654,0.024415055951169887,0.001017293997965412,False,False,False,False,False,False,
720575940619932363,cell_class,AN,983,400,0.25,0.02,0.01,0.5564598168870803,0.3275686673448627,0.04781281790437437,0.004069175991861648,0.038657171922685654,0.024415055951169887,0.001017293997965412,True,True,False,False,False,False,
720575940619932363,cell_class,AN,983,400,0.25,0.02,0.05,0.5564598168870803,0.3275686673448627,0.04781281790437437,0.004069175991861648,0.038657171922685654,0.024415055951169887,0.001017293997965412,True,False,False,False,False,False,
720575940619932363,cell_class,AN,983,400,0.25,0.02,0.1,0.5564598168870803,0.3275686673448627,0.04781281790437437,0.004069175991861648,0.038657171922685654,0.024415055951169887,0.001017293997965412,False,False,False,False,False,False,
720575940619932363,cell_class,AN,983,400,0.25,0.01,0.01,0.5564598168870803,0.3275686673448627,0.04781281790437437,0.004069175991861648,0.038657171922685654,0.024415055951169887,0.001017293997965412,True,True,False,False,False,False,
720575940619932363,cell_class,AN,983,400,0.25,0.01,0.05,0.5564598168870803,0.3275686673448627,0.04781281790437437,0.004069175991861648,0.038657171922685654,0.024415055951169887,0.001017293997965412,False,False,False,False,False,False,
720575940619932363,cell_class,AN,983,400,0.25,0.01,0.1,0.5564598168870803,0.3275686673448627,0.04781281790437437,0.004069175991861648,0.038657171922685654,0.024415055951169887,0.001017293997965412,False,False,False,False,False,False,
720575940611905433,cell_class,AN,5326,400,0.25,0.14285714285714285,0.01,0.00732256853173113,0.9419827262485918,0.01877581674802854,0.0060082613593691325,0.013894104393541119,0.01145324821629741,0.0005632745024408562,False,True,True,False,False,False,False
720575940611905433,cell_class,AN,5326,400,0.25,0.14285714285714285,0.05,0.00732256853173113,0.9419827262485918,0.01877581674802854,0.0060082613593691325,0.013894104393541119,0.01145324821629741,0.0005632745024408562,False,True,False,False,False,False,False
720575940611905433,cell_class,AN,5326,400,0.25,0.14285714285714285,0.1,0.00732256853173113,0.9419827262485918,0.01877581674802854,0.0060082613593691325,0.013894104393541119,0.01145324821629741,0.0005632745024408562,False,True,False,False,False,False,False
720575940611905433,cell_class,AN,5326,400,0.25,0.04,0.01,0.00732256853173113,0.9419827262485918,0.01877581674802854,0.0060082613593691325,0.013894104393541119,0.01145324821629741,0.0005632745024408562,False,True,False,False,False,False,False
720575940611905433,cell_class,AN,5326,400,0.25,0.04,0.05,0.00732256853173113,0.9419827262485918,0.01877581674802854,0.0060082613593691325,0.013894104393541119,0.01145324821629741,0.0005632745024408562,False,True,False,False,False,False,False
720575940611905433,cell_class,AN,5326,400,0.25,0.04,0.1,0.00732256853173113,0.9419827262485918,0.01877581674802854,0.0060082613593691325,0.013894104393541119,0.01145324821629741,0.0005632745024408562,False,True,False,False,False,False,False
720575940611905433,cell_class,AN,5326,400,0.25,0.02,0.01,0.00732256853173113,0.9419827262485918,0.01877581674802854,0.0060082613593691325,0.013894104393541119,0.01145324821629741,0.0005632745024408562,False,True,False,False,False,False,False
720575940611905433,cell_class,AN,5326,400,0.25,0.02,0.05,0.00732256853173113,0.9419827262485918,0.01877581674802854,0.0060082613593691325,0.013894104393541119,0.01145324821629741,0.0005632745024408562,False,True,False,False,False,False,False
720575940611905433,cell_class,AN,5326,400,0.25,0.02,0.1,0.00732256853173113,0.9419827262485918,0.01877581674802854,0.0060082613593691325,0.013894104393541119,0.01145324821629741,0.0005632745024408562,False,False,False,False,False,False,False
720575940611905433,cell_class,AN,5326,400,0.25,0.01,0.01,0.00732256853173113,0.9419827262485918,0.01877581674802854,0.0060082613593691325,0.013894104393541119,0.01145324821629741,0.0005632745024408562,False,True,False,False,False,False,False
720575940611905433,cell_class,AN,5326,400,0.25,0.01,0.05,0.00732256853173113,0.9419827262485918,0.01877581674802854,0.0060082613593691325,0.013894104393541119,0.01145324821629741,0.0005632745024408562,False,True,False,False,False,False,False
720575940611905433,cell_class,AN,5326,400,0.25,0.01,0.1,0.00732256853173113,0.9419827262485918,0.01877581674802854,0.0060082613593691325,0.013894104393541119,0.01145324821629741,0.0005632745024408562,False,False,False,False,False,False,False
720575940615624961,cell_class,AN,6715,400,0.25,0.14285714285714285,0.01,0.006254653760238272,0.9623231571109456,0.004765450483991065,0.004914370811615785,0.010424422933730455,0.01131794489947878,0.0,False,True,False,False,False,False,
720575940615624961,cell_class,AN,6715,400,0.25,0.14285714285714285,0.05,0.006254653760238272,0.9623231571109456,0.004765450483991065,0.004914370811615785,0.010424422933730455,0.01131794489947878,0.0,False,True,False,False,False,False,
720575940615624961,cell_class,AN,6715,400,0.25,0.14285714285714285,0.1,0.006254653760238272,0.9623231571109456,0.004765450483991065,0.004914370811615785,0.010424422933730455,0.01131794489947878,0.0,False,True,False,False,False,False,
720575940615624961,cell_class,AN,6715,400,0.25,0.04,0.01,0.006254653760238272,0.9623231571109456,0.004765450483991065,0.004914370811615785,0.010424422933730455,0.01131794489947878,0.0,False,True,False,False,False,False,
720575940615624961,cell_class,AN,6715,400,0.25,0.04,0.05,0.006254653760238272,0.9623231571109456,0.004765450483991065,0.004914370811615785,0.010424422933730455,0.01131794489947878,0.0,False,True,False,False,False,False,
720575940615624961,cell_class,AN,6715,400,0.25,0.04,0.1,0.006254653760238272,0.9623231571109456,0.004765450483991065,0.004914370811615785,0.010424422933730455,0.01131794489947878,0.0,False,True,False,False,False,False,
720575940615624961,cell_class,AN,6715,400,0.25,0.02,0.01,0.006254653760238272,0.9623231571109456,0.004765450483991065,0.004914370811615785,0.010424422933730455,0.01131794489947878,0.0,False,True,False,False,False,False,
720575940615624961,cell_class,AN,6715,400,0.25,0.02,0.05,0.006254653760238272,0.9623231571109456,0.004765450483991065,0.004914370811615785,0.010424422933730455,0.01131794489947878,0.0,False,True,False,False,False,False,
720575940615624961,cell_class,AN,6715,400,0.25,0.02,0.1,0.006254653760238272,0.9623231571109456,0.004765450483991065,0.004914370811615785,0.010424422933730455,0.01131794489947878,0.0,False,False,False,False,False,False,
720575940615624961,cell_class,AN,6715,400,0.25,0.01,0.01,0.006254653760238272,0.9623231571109456,0.004765450483991065,0.004914370811615785,0.010424422933730455,0.01131794489947878,0.0,False,True,False,False,False,False,
720575940615624961,cell_class,AN,6715,400,0.25,0.01,0.05,0.006254653760238272,0.9623231571109456,0.004765450483991065,0.004914370811615785,0.010424422933730455,0.01131794489947878,0.0,False,False,False,False,False,False,
720575940615624961,cell_class,AN,6715,400,0.25,0.01,0.1,0.006254653760238272,0.9623231571109456,0.004765450483991065,0.004914370811615785,0.010424422933730455,0.01131794489947878,0.0,False,False,False,False,False,False,
720575940614668347,cell_class,AN,10817,400,0.25,0.14285714285714285,0.01,0.014514190625866692,0.9570121105667005,0.014791531848017011,0.0024036239253027642,0.003882777110104465,0.0073957659240085055,0.0,False,True,False,False,False,False,
720575940614668347,cell_class,AN,10817,400,0.25,0.14285714285714285,0.05,0.014514190625866692,0.9570121105667005,0.014791531848017011,0.0024036239253027642,0.003882777110104465,0.0073957659240085055,0.0,False,True,False,False,False,False,
720575940614668347,cell_class,AN,10817,400,0.25,0.14285714285714285,0.1,0.014514190625866692,0.9570121105667005,0.014791531848017011,0.0024036239253027642,0.003882777110104465,0.0073957659240085055,0.0,False,True,False,False,False,False,
720575940614668347,cell_class,AN,10817,400,0.25,0.04,0.01,0.014514190625866692,0.9570121105667005,0.014791531848017011,0.0024036239253027642,0.003882777110104465,0.0073957659240085055,0.0,False,True,False,False,False,False,
720575940614668347,cell_class,AN,10817,400,0.25,0.04,0.05,0.014514190625866692,0.9570121105667005,0.014791531848017011,0.0024036239253027642,0.003882777110104465,0.0073957659240085055,0.0,False,True,False,False,False,False,
720575940614668347,cell_class,AN,10817,400,0.25,0.04,0.1,0.014514190625866692,0.9570121105667005,0.014791531848017011,0.0024036239253027642,0.003882777110104465,0.0073957659240085055,0.0,False,False,False,False,False,False,
720575940614668347,cell_class,AN,10817,400,0.25,0.02,0.01,0.014514190625866692,0.9570121105667005,0.014791531848017011,0.0024036239253027642,0.003882777110104465,0.0073957659240085055,0.0,False,True,False,False,False,False,
720575940614668347,cell_class,AN,10817,400,0.25,0.02,0.05,0.014514190625866692,0.9570121105667005,0.014791531848017011,0.0024036239253027642,0.003882777110104465,0.0073957659240085055,0.0,False,True,False,False,False,False,
720575940614668347,cell_class,AN,10817,400,0.25,0.02,0.1,0.014514190625866692,0.9570121105667005,0.014791531848017011,0.0024036239253027642,0.003882777110104465,0.0073957659240085055,0.0,False,False,False,False,False,False,
720575940614668347,cell_class,AN,10817,400,0.25,0.01,0.01,0.014514190625866692,0.9570121105667005,0.014791531848017011,0.0024036239253027642,0.003882777110104465,0.0073957659240085055,0.0,False,True,False,False,False,False,
720575940614668347,cell_class,AN,10817,400,0.25,0.01,0.05,0.014514190625866692,0.9570121105667005,0.014791531848017011,0.0024036239253027642,0.003882777110104465,0.0073957659240085055,0.0,False,False,False,False,False,False,
720575940614668347,cell_class,AN,10817,400,0.25,0.01,0.1,0.014514190625866692,0.9570121105667005,0.014791531848017011,0.0024036239253027642,0.003882777110104465,0.0073957659240085055,0.0,False,False,False,False,False,False,
720575940628319335,cell_class,AN,3323,400,0.25,0.14285714285714285,0.01,0.004814926271441469,0.9557628648811315,0.012639181462533854,0.0018055973517905506,0.016250376166114956,0.00842612097502257,0.0003009328919650918,False,True,False,False,False,False,
720575940628319335,cell_class,AN,3323,400,0.25,0.14285714285714285,0.05,0.004814926271441469,0.9557628648811315,0.012639181462533854,0.0018055973517905506,0.016250376166114956,0.00842612097502257,0.0003009328919650918,False,True,False,False,False,False,
720575940628319335,cell_class,AN,3323,400,0.25,0.14285714285714285,0.1,0.004814926271441469,0.9557628648811315,0.012639181462533854,0.0018055973517905506,0.016250376166114956,0.00842612097502257,0.0003009328919650918,False,True,False,False,False,False,
720575940628319335,cell_class,AN,3323,400,0.25,0.04,0.01,0.004814926271441469,0.9557628648811315,0.012639181462533854,0.0018055973517905506,0.016250376166114956,0.00842612097502257,0.0003009328919650918,False,True,False,False,False,False,
720575940628319335,cell_class,AN,3323,400,0.25,0.04,0.05,0.004814926271441469,0.9557628648811315,0.012639181462533854,0.0018055973517905506,0.016250376166114956,0.00842612097502257,0.0003009328919650918,False,True,False,False,False,False,
720575940628319335,cell_class,AN,3323,400,0.25,0.04,0.1,0.004814926271441469,0.9557628648811315,0.012639181462533854,0.0018055973517905506,0.016250376166114956,0.00842612097502257,0.0003009328919650918,False,True,False,False,False,False,
720575940628319335,cell_class,AN,3323,400,0.25,0.02,0.01,0.004814926271441469,0.9557628648811315,0.012639181462533854,0.0018055973517905506,0.016250376166114956,0.00842612097502257,0.0003009328919650918,False,True,False,False,False,False,
720575940628319335,cell_class,AN,3323,400,0.25,0.02,0.05,0.004814926271441469,0.9557628648811315,0.012639181462533854,0.0018055973517905506,0.016250376166114956,0.00842612097502257,0.0003009328919650918,False,True,False,False,False,False,
720575940628319335,cell_class,AN,3323,400,0.25,0.02,0.1,0.004814926271441469,0.9557628648811315,0.012639181462533854,0.0018055973517905506,0.016250376166114956,0.00842612097502257,0.0003009328919650918,False,False,False,False,False,False,
720575940628319335,cell_class,AN,3323,400,0.25,0.01,0.01,0.004814926271441469,0.9557628648811315,0.012639181462533854,0.0018055973517905506,0.016250376166114956,0.00842612097502257,0.0003009328919650918,False,True,False,False,False,False,
720575940628319335,cell_class,AN,3323,400,0.25,0.01,0.05,0.004814926271441469,0.9557628648811315,0.012639181462533854,0.0018055973517905506,0.016250376166114956,0.00842612097502257,0.0003009328919650918,False,False,False,False,False,False,
720575940628319335,cell_class,AN,3323,400,0.25,0.01,0.1,0.004814926271441469,0.9557628648811315,0.012639181462533854,0.0018055973517905506,0.016250376166114956,0.00842612097502257,0.0003009328919650918,False,False,False,False,False,False,
720575940622166664,cell_class,AN,6225,400,0.25,0.14285714285714285,0.01,0.005943775100401606,0.971726907630522,0.00321285140562249,0.0019277108433734939,0.005461847389558233,0.011405622489959839,0.000321285140562249,False,True,False,False,False,False,False
720575940622166664,cell_class,AN,6225,400,0.25,0.14285714285714285,0.05,0.005943775100401606,0.971726907630522,0.00321285140562249,0.0019277108433734939,0.005461847389558233,0.011405622489959839,0.000321285140562249,False,True,False,False,False,False,False
720575940622166664,cell_class,AN,6225,400,0.25,0.14285714285714285,0.1,0.005943775100401606,0.971726907630522,0.00321285140562249,0.0019277108433734939,0.005461847389558233,0.011405622489959839,0.000321285140562249,False,True,False,False,False,False,False
720575940622166664,cell_class,AN,6225,400,0.25,0.04,0.01,0.005943775100401606,0.971726907630522,0.00321285140562249,0.0019277108433734939,0.005461847389558233,0.011405622489959839,0.000321285140562249,False,True,False,False,False,False,False
720575940622166664,cell_class,AN,6225,400,0.25,0.04,0.05,0.005943775100401606,0.971726907630522,0.00321285140562249,0.0019277108433734939,0.005461847389558233,0.011405622489959839,0.000321285140562249,False,True,False,False,False,False,False
720575940622166664,cell_class,AN,6225,400,0.25,0.04,0.1,0.005943775100401606,0.971726907630522,0.00321285140562249,0.0019277108433734939,0.005461847389558233,0.011405622489959839,0.000321285140562249,False,True,False,False,False,False,False
720575940622166664,cell_class,AN,6225,400,0.25,0.02,0.01,0.005943775100401606,0.971726907630522,0.00321285140562249,0.0019277108433734939,0.005461847389558233,0.011405622489959839,0.000321285140562249,False,True,False,False,False,False,False
720575940622166664,cell_class,AN,6225,400,0.25,0.02,0.05,0.005943775100401606,0.971726907630522,0.00321285140562249,0.0019277108433734939,0.005461847389558233,0.011405622489959839,0.000321285140562249,False,True,False,False,False,False,False
720575940622166664,cell_class,AN,6225,400,0.25,0.02,0.1,0.005943775100401606,0.971726907630522,0.00321285140562249,0.0019277108433734939,0.005461847389558233,0.011405622489959839,0.000321285140562249,False,False,False,False,False,False,False
720575940622166664,cell_class,AN,6225,400,0.25,0.01,0.01,0.005943775100401606,0.971726907630522,0.00321285140562249,0.0019277108433734939,0.005461847389558233,0.011405622489959839,0.000321285140562249,False,True,False,False,False,False,False
720575940622166664,cell_class,AN,6225,400,0.25,0.01,0.05,0.005943775100401606,0.971726907630522,0.00321285140562249,0.0019277108433734939,0.005461847389558233,0.011405622489959839,0.000321285140562249,False,False,False,False,False,False,False
720575940622166664,cell_class,AN,6225,400,0.25,0.01,0.1,0.005943775100401606,0.971726907630522,0.00321285140562249,0.0019277108433734939,0.005461847389558233,0.011405622489959839,0.000321285140562249,False,False,False,False,False,False,False
720575940631594015,cell_class,AN,5934,400,0.25,0.14285714285714285,0.01,0.008594539939332659,0.9440512301988541,0.023592854735422986,0.0018537243006403776,0.010616784630940344,0.011122345803842264,0.00016852039096730705,False,True,True,False,False,False,
720575940631594015,cell_class,AN,5934,400,0.25,0.14285714285714285,0.05,0.008594539939332659,0.9440512301988541,0.023592854735422986,0.0018537243006403776,0.010616784630940344,0.011122345803842264,0.00016852039096730705,False,True,False,False,False,False,
720575940631594015,cell_class,AN,5934,400,0.25,0.14285714285714285,0.1,0.008594539939332659,0.9440512301988541,0.023592854735422986,0.0018537243006403776,0.010616784630940344,0.011122345803842264,0.00016852039096730705,False,True,False,False,False,False,
720575940631594015,cell_class,AN,5934,400,0.25,0.04,0.01,0.008594539939332659,0.9440512301988541,0.023592854735422986,0.0018537243006403776,0.010616784630940344,0.011122345803842264,0.00016852039096730705,False,True,False,False,False,False,
720575940631594015,cell_class,AN,5934,400,0.25,0.04,0.05,0.008594539939332659,0.9440512301988541,0.023592854735422986,0.0018537243006403776,0.010616784630940344,0.011122345803842264,0.00016852039096730705,False,True,False,False,False,False,
720575940631594015,cell_class,AN,5934,400,0.25,0.04,0.1,0.008594539939332659,0.9440512301988541,0.023592854735422986,0.0018537243006403776,0.010616784630940344,0.011122345803842264,0.00016852039096730705,False,True,False,False,False,False,
720575940631594015,cell_class,AN,5934,400,0.25,0.02,0.01,0.008594539939332659,0.9440512301988541,0.023592854735422986,0.0018537243006403776,0.010616784630940344,0.011122345803842264,0.00016852039096730705,False,True,False,False,False,False,
720575940631594015,cell_class,AN,5934,400,0.25,0.02,0.05,0.008594539939332659,0.9440512301988541,0.023592854735422986,0.0018537243006403776,0.010616784630940344,0.011122345803842264,0.00016852039096730705,False,True,False,False,False,False,
720575940631594015,cell_class,AN,5934,400,0.25,0.02,0.1,0.008594539939332659,0.9440512301988541,0.023592854735422986,0.0018537243006403776,0.010616784630940344,0.011122345803842264,0.00016852039096730705,False,False,False,False,False,False,
720575940631594015,cell_class,AN,5934,400,0.25,0.01,0.01,0.008594539939332659,0.9440512301988541,0.023592854735422986,0.0018537243006403776,0.010616784630940344,0.011122345803842264,0.00016852039096730705,False,True,False,False,False,False,
720575940631594015,cell_class,AN,5934,400,0.25,0.01,0.05,0.008594539939332659,0.9440512301988541,0.023592854735422986,0.0018537243006403776,0.010616784630940344,0.011122345803842264,0.00016852039096730705,False,False,False,False,False,False,
720575940631594015,cell_class,AN,5934,400,0.25,0.01,0.1,0.008594539939332659,0.9440512301988541,0.023592854735422986,0.0018537243006403776,0.010616784630940344,0.011122345803842264,0.00016852039096730705,False,False,False,False,False,False,
720575940638842933,cell_class,AN,923,400,0.25,0.14285714285714285,0.01,0.004333694474539545,0.04008667388949079,0.010834236186348862,0.7746478873239436,0.15926327193932827,0.010834236186348862,0.0,False,True,False,True,True,False,
720575940638842933,cell_class,AN,923,400,0.25,0.14285714285714285,0.05,0.004333694474539545,0.04008667388949079,0.010834236186348862,0.7746478873239436,0.15926327193932827,0.010834236186348862,0.0,False,False,False,False,True,False,
720575940638842933,cell_class,AN,923,400,0.25,0.14285714285714285,0.1,0.004333694474539545,0.04008667388949079,0.010834236186348862,0.7746478873239436,0.15926327193932827,0.010834236186348862,0.0,False,False,False,False,True,False,
720575940638842933,cell_class,AN,923,400,0.25,0.04,0.01,0.004333694474539545,0.04008667388949079,0.010834236186348862,0.7746478873239436,0.15926327193932827,0.010834236186348862,0.0,False,True,False,True,True,False,
720575940638842933,cell_class,AN,923,400,0.25,0.04,0.05,0.004333694474539545,0.04008667388949079,0.010834236186348862,0.7746478873239436,0.15926327193932827,0.010834236186348862,0.0,False,False,False,False,True,False,
720575940638842933,cell_class,AN,923,400,0.25,0.04,0.1,0.004333694474539545,0.04008667388949079,0.010834236186348862,0.7746478873239436,0.15926327193932827,0.010834236186348862,0.0,False,False,False,False,True,False,
720575940638842933,cell_class,AN,923,400,0.25,0.02,0.01,0.004333694474539545,0.04008667388949079,0.010834236186348862,0.7746478873239436,0.15926327193932827,0.010834236186348862,0.0,False,True,False,True,True,False,
720575940638842933,cell_class,AN,923,400,0.25,0.02,0.05,0.004333694474539545,0.04008667388949079,0.010834236186348862,0.7746478873239436,0.15926327193932827,0.010834236186348862,0.0,False,False,False,False,True,False,
720575940638842933,cell_class,AN,923,400,0.25,0.02,0.1,0.004333694474539545,0.04008667388949079,0.010834236186348862,0.7746478873239436,0.15926327193932827,0.010834236186348862,0.0,False,False,False,False,False,False,
720575940638842933,cell_class,AN,923,400,0.25,0.01,0.01,0.004333694474539545,0.04008667388949079,0.010834236186348862,0.7746478873239436,0.15926327193932827,0.010834236186348862,0.0,False,True,False,True,True,False,
720575940638842933,cell_class,AN,923,400,0.25,0.01,0.05,0.004333694474539545,0.04008667388949079,0.010834236186348862,0.7746478873239436,0.15926327193932827,0.010834236186348862,0.0,False,False,False,False,False,False,
720575940638842933,cell_class,AN,923,400,0.25,0.01,0.1,0.004333694474539545,0.04008667388949079,0.010834236186348862,0.7746478873239436,0.15926327193932827,0.010834236186348862,0.0,False,False,False,False,False,False,
720575940627758135,cell_class,AN,1717,400,0.25,0.14285714285714285,0.01,0.027955736750145604,0.081537565521258,0.8398369248689574,0.0,0.026208503203261502,0.023878858474082703,0.0005824111822947001,False,True,True,False,,False,
720575940627758135,cell_class,AN,1717,400,0.25,0.14285714285714285,0.05,0.027955736750145604,0.081537565521258,0.8398369248689574,0.0,0.026208503203261502,0.023878858474082703,0.0005824111822947001,False,False,True,False,,False,
720575940627758135,cell_class,AN,1717,400,0.25,0.14285714285714285,0.1,0.027955736750145604,0.081537565521258,0.8398369248689574,0.0,0.026208503203261502,0.023878858474082703,0.0005824111822947001,False,False,True,False,,False,
720575940627758135,cell_class,AN,1717,400,0.25,0.04,0.01,0.027955736750145604,0.081537565521258,0.8398369248689574,0.0,0.026208503203261502,0.023878858474082703,0.0005824111822947001,False,True,True,False,,False,
720575940627758135,cell_class,AN,1717,400,0.25,0.04,0.05,0.027955736750145604,0.081537565521258,0.8398369248689574,0.0,0.026208503203261502,0.023878858474082703,0.0005824111822947001,False,False,True,False,,False,
720575940627758135,cell_class,AN,1717,400,0.25,0.04,0.1,0.027955736750145604,0.081537565521258,0.8398369248689574,0.0,0.026208503203261502,0.023878858474082703,0.0005824111822947001,False,False,False,False,,False,
720575940627758135,cell_class,AN,1717,400,0.25,0.02,0.01,0.027955736750145604,0.081537565521258,0.8398369248689574,0.0,0.026208503203261502,0.023878858474082703,0.0005824111822947001,False,True,True,False,,False,
720575940627758135,cell_class,AN,1717,400,0.25,0.02,0.05,0.027955736750145604,0.081537565521258,0.8398369248689574,0.0,0.026208503203261502,0.023878858474082703,0.0005824111822947001,False,False,True,False,,False,
720575940627758135,cell_class,AN,1717,400,0.25,0.02,0.1,0.027955736750145604,0.081537565521258,0.8398369248689574,0.0,0.026208503203261502,0.023878858474082703,0.0005824111822947001,False,False,False,False,,False,
720575940627758135,cell_class,AN,1717,400,0.25,0.01,0.01,0.027955736750145604,0.081537565521258,0.8398369248689574,0.0,0.026208503203261502,0.023878858474082703,0.0005824111822947001,False,True,True,False,,False,
720575940627758135,cell_class,AN,1717,400,0.25,0.01,0.05,0.027955736750145604,0.081537565521258,0.8398369248689574,0.0,0.026208503203261502,0.023878858474082703,0.0005824111822947001,False,False,False,False,,False,
720575940627758135,cell_class,AN,1717,400,0.25,0.01,0.1,0.027955736750145604,0.081537565521258,0.8398369248689574,0.0,0.026208503203261502,0.023878858474082703,0.0005824111822947001,False,False,False,False,,False,
720575940621902085,cell_class,AN,2201,400,0.25,0.14285714285714285,0.01,0.704679691049523,0.07587460245343026,0.13221263062244434,0.0031803725579282144,0.034075420263516586,0.049977283053157656,0.0,True,True,True,True,False,True,
720575940621902085,cell_class,AN,2201,400,0.25,0.14285714285714285,0.05,0.704679691049523,0.07587460245343026,0.13221263062244434,0.0031803725579282144,0.034075420263516586,0.049977283053157656,0.0,True,True,True,False,False,False,
720575940621902085,cell_class,AN,2201,400,0.25,0.14285714285714285,0.1,0.704679691049523,0.07587460245343026,0.13221263062244434,0.0031803725579282144,0.034075420263516586,0.049977283053157656,0.0,True,False,True,False,False,False,
720575940621902085,cell_class,AN,2201,400,0.25,0.04,0.01,0.704679691049523,0.07587460245343026,0.13221263062244434,0.0031803725579282144,0.034075420263516586,0.049977283053157656,0.0,True,True,True,False,False,True,
720575940621902085,cell_class,AN,2201,400,0.25,0.04,0.05,0.704679691049523,0.07587460245343026,0.13221263062244434,0.0031803725579282144,0.034075420263516586,0.049977283053157656,0.0,True,False,False,False,False,False,
720575940621902085,cell_class,AN,2201,400,0.25,0.04,0.1,0.704679691049523,0.07587460245343026,0.13221263062244434,0.0031803725579282144,0.034075420263516586,0.049977283053157656,0.0,False,False,False,False,False,False,
720575940621902085,cell_class,AN,2201,400,0.25,0.02,0.01,0.704679691049523,0.07587460245343026,0.13221263062244434,0.0031803725579282144,0.034075420263516586,0.049977283053157656,0.0,True,True,True,False,False,False,
720575940621902085,cell_class,AN,2201,400,0.25,0.02,0.05,0.704679691049523,0.07587460245343026,0.13221263062244434,0.0031803725579282144,0.034075420263516586,0.049977283053157656,0.0,False,False,False,False,False,False,
720575940621902085,cell_class,AN,2201,400,0.25,0.02,0.1,0.704679691049523,0.07587460245343026,0.13221263062244434,0.0031803725579282144,0.034075420263516586,0.049977283053157656,0.0,False,False,False,False,False,False,
720575940621902085,cell_class,AN,2201,400,0.25,0.01,0.01,0.704679691049523,0.07587460245343026,0.13221263062244434,0.0031803725579282144,0.034075420263516586,0.049977283053157656,0.0,True,False,True,False,False,False,
720575940621902085,cell_class,AN,2201,400,0.25,0.01,0.05,0.704679691049523,0.07587460245343026,0.13221263062244434,0.0031803725579282144,0.034075420263516586,0.049977283053157656,0.0,False,False,False,False,False,False,
720575940621902085,cell_class,AN,2201,400,0.25,0.01,0.1,0.704679691049523,0.07587460245343026,0.13221263062244434,0.0031803725579282144,0.034075420263516586,0.049977283053157656,0.0,False,False,False,False,False,False,
720575940625481749,cell_class,AN,781,400,0.25,0.14285714285714285,0.01,0.008962868117797696,0.8309859154929577,0.002560819462227913,0.006402048655569782,0.13188220230473752,0.019206145966709345,0.0,False,True,False,True,False,True,
720575940625481749,cell_class,AN,781,400,0.25,0.14285714285714285,0.05,0.008962868117797696,0.8309859154929577,0.002560819462227913,0.006402048655569782,0.13188220230473752,0.019206145966709345,0.0,False,True,False,False,False,False,
720575940625481749,cell_class,AN,781,400,0.25,0.14285714285714285,0.1,0.008962868117797696,0.8309859154929577,0.002560819462227913,0.006402048655569782,0.13188220230473752,0.019206145966709345,0.0,False,True,False,False,False,False,
720575940625481749,cell_class,AN,781,400,0.25,0.04,0.01,0.008962868117797696,0.8309859154929577,0.002560819462227913,0.006402048655569782,0.13188220230473752,0.019206145966709345,0.0,False,True,False,True,False,False,
720575940625481749,cell_class,AN,781,400,0.25,0.04,0.05,0.008962868117797696,0.8309859154929577,0.002560819462227913,0.006402048655569782,0.13188220230473752,0.019206145966709345,0.0,False,True,False,False,False,False,
720575940625481749,cell_class,AN,781,400,0.25,0.04,0.1,0.008962868117797696,0.8309859154929577,0.002560819462227913,0.006402048655569782,0.13188220230473752,0.019206145966709345,0.0,False,True,False,False,False,False,
720575940625481749,cell_class,AN,781,400,0.25,0.02,0.01,0.008962868117797696,0.8309859154929577,0.002560819462227913,0.006402048655569782,0.13188220230473752,0.019206145966709345,0.0,False,True,False,True,False,False,
720575940625481749,cell_class,AN,781,400,0.25,0.02,0.05,0.008962868117797696,0.8309859154929577,0.002560819462227913,0.006402048655569782,0.13188220230473752,0.019206145966709345,0.0,False,True,False,False,False,False,
720575940625481749,cell_class,AN,781,400,0.25,0.02,0.1,0.008962868117797696,0.8309859154929577,0.002560819462227913,0.006402048655569782,0.13188220230473752,0.019206145966709345,0.0,False,True,False,False,False,False,
720575940625481749,cell_class,AN,781,400,0.25,0.01,0.01,0.008962868117797696,0.8309859154929577,0.002560819462227913,0.006402048655569782,0.13188220230473752,0.019206145966709345,0.0,False,True,False,True,False,False,
720575940625481749,cell_class,AN,781,400,0.25,0.01,0.05,0.008962868117797696,0.8309859154929577,0.002560819462227913,0.006402048655569782,0.13188220230473752,0.019206145966709345,0.0,False,True,False,False,False,False,
720575940625481749,cell_class,AN,781,400,0.25,0.01,0.1,0.008962868117797696,0.8309859154929577,0.002560819462227913,0.006402048655569782,0.13188220230473752,0.019206145966709345,0.0,False,True,False,False,False,False,
720575940628641879,cell_class,AN,771,400,0.25,0.14285714285714285,0.01,0.6238651102464332,0.3424124513618677,0.019455252918287938,0.0,0.014267185473411154,0.0,0.0,True,True,True,False,,,
720575940628641879,cell_class,AN,771,400,0.25,0.14285714285714285,0.05,0.6238651102464332,0.3424124513618677,0.019455252918287938,0.0,0.014267185473411154,0.0,0.0,True,True,False,False,,,
720575940628641879,cell_class,AN,771,400,0.25,0.14285714285714285,0.1,0.6238651102464332,0.3424124513618677,0.019455252918287938,0.0,0.014267185473411154,0.0,0.0,True,True,False,False,,,
720575940628641879,cell_class,AN,771,400,0.25,0.04,0.01,0.6238651102464332,0.3424124513618677,0.019455252918287938,0.0,0.014267185473411154,0.0,0.0,True,True,True,False,,,
720575940628641879,cell_class,AN,771,400,0.25,0.04,0.05,0.6238651102464332,0.3424124513618677,0.019455252918287938,0.0,0.014267185473411154,0.0,0.0,True,True,False,False,,,
720575940628641879,cell_class,AN,771,400,0.25,0.04,0.1,0.6238651102464332,0.3424124513618677,0.019455252918287938,0.0,0.014267185473411154,0.0,0.0,True,False,False,False,,,
720575940628641879,cell_class,AN,771,400,0.25,0.02,0.01,0.6238651102464332,0.3424124513618677,0.019455252918287938,0.0,0.014267185473411154,0.0,0.0,True,True,False,False,,,
720575940628641879,cell_class,AN,771,400,0.25,0.02,0.05,0.6238651102464332,0.3424124513618677,0.019455252918287938,0.0,0.014267185473411154,0.0,0.0,True,False,False,False,,,
720575940628641879,cell_class,AN,771,400,0.25,0.02,0.1,0.6238651102464332,0.3424124513618677,0.019455252918287938,0.0,0.014267185473411154,0.0,0.0,False,False,False,False,,,
720575940628641879,cell_class,AN,771,400,0.25,0.01,0.01,0.6238651102464332,0.3424124513618677,0.019455252918287938,0.0,0.014267185473411154,0.0,0.0,True,True,False,False,,,
720575940628641879,cell_class,AN,771,400,0.25,0.01,0.05,0.6238651102464332,0.3424124513618677,0.019455252918287938,0.0,0.014267185473411154,0.0,0.0,True,False,False,False,,,
720575940628641879,cell_class,AN,771,400,0.25,0.01,0.1,0.6238651102464332,0.3424124513618677,0.019455252918287938,0.0,0.014267185473411154,0.0,0.0,False,False,False,False,,,
720575940639971536,cell_class,AN,861,400,0.25,0.14285714285714285,0.01,0.6411149825783972,0.2067363530778165,0.10220673635307782,0.0,0.03368176538908246,0.016260162601626018,0.0,True,True,True,True,,False,
720575940639971536,cell_class,AN,861,400,0.25,0.14285714285714285,0.05,0.6411149825783972,0.2067363530778165,0.10220673635307782,0.0,0.03368176538908246,0.016260162601626018,0.0,True,True,False,False,,False,
720575940639971536,cell_class,AN,861,400,0.25,0.14285714285714285,0.1,0.6411149825783972,0.2067363530778165,0.10220673635307782,0.0,0.03368176538908246,0.016260162601626018,0.0,True,False,False,False,,False,
720575940639971536,cell_class,AN,861,400,0.25,0.04,0.01,0.6411149825783972,0.2067363530778165,0.10220673635307782,0.0,0.03368176538908246,0.016260162601626018,0.0,True,True,True,True,,False,
720575940639971536,cell_class,AN,861,400,0.25,0.04,0.05,0.6411149825783972,0.2067363530778165,0.10220673635307782,0.0,0.03368176538908246,0.016260162601626018,0.0,True,False,False,False,,False,
720575940639971536,cell_class,AN,861,400,0.25,0.04,0.1,0.6411149825783972,0.2067363530778165,0.10220673635307782,0.0,0.03368176538908246,0.016260162601626018,0.0,False,False,False,False,,False,
720575940639971536,cell_class,AN,861,400,0.25,0.02,0.01,0.6411149825783972,0.2067363530778165,0.10220673635307782,0.0,0.03368176538908246,0.016260162601626018,0.0,True,True,True,False,,False,
720575940639971536,cell_class,AN,861,400,0.25,0.02,0.05,0.6411149825783972,0.2067363530778165,0.10220673635307782,0.0,0.03368176538908246,0.016260162601626018,0.0,True,False,False,False,,False,
720575940639971536,cell_class,AN,861,400,0.25,0.02,0.1,0.6411149825783972,0.2067363530778165,0.10220673635307782,0.0,0.03368176538908246,0.016260162601626018,0.0,False,False,False,False,,False,
720575940639971536,cell_class,AN,861,400,0.25,0.01,0.01,0.6411149825783972,0.2067363530778165,0.10220673635307782,0.0,0.03368176538908246,0.016260162601626018,0.0,True,True,True,False,,False,
720575940639971536,cell_class,AN,861,400,0.25,0.01,0.05,0.6411149825783972,0.2067363530778165,0.10220673635307782,0.0,0.03368176538908246,0.016260162601626018,0.0,False,False,False,False,,False,
720575940639971536,cell_class,AN,861,400,0.25,0.01,0.1,0.6411149825783972,0.2067363530778165,0.10220673635307782,0.0,0.03368176538908246,0.016260162601626018,0.0,False,False,False,False,,False,
720575940629971852,cell_class,AN,791,400,0.25,0.14285714285714285,0.01,0.5790139064475348,0.40075853350189633,0.012642225031605562,0.0012642225031605564,0.0050568900126422255,0.0012642225031605564,0.0,True,True,False,False,,,
720575940629971852,cell_class,AN,791,400,0.25,0.14285714285714285,0.05,0.5790139064475348,0.40075853350189633,0.012642225031605562,0.0012642225031605564,0.0050568900126422255,0.0012642225031605564,0.0,True,True,False,False,,,
720575940629971852,cell_class,AN,791,400,0.25,0.14285714285714285,0.1,0.5790139064475348,0.40075853350189633,0.012642225031605562,0.0012642225031605564,0.0050568900126422255,0.0012642225031605564,0.0,True,True,False,False,,,
720575940629971852,cell_class,AN,791,400,0.25,0.04,0.01,0.5790139064475348,0.40075853350189633,0.012642225031605562,0.0012642225031605564,0.0050568900126422255,0.0012642225031605564,0.0,True,True,False,False,,,
720575940629971852,cell_class,AN,791,400,0.25,0.04,0.05,0.5790139064475348,0.40075853350189633,0.012642225031605562,0.0012642225031605564,0.0050568900126422255,0.0012642225031605564,0.0,True,True,False,False,,,
720575940629971852,cell_class,AN,791,400,0.25,0.04,0.1,0.5790139064475348,0.40075853350189633,0.012642225031605562,0.0012642225031605564,0.0050568900126422255,0.0012642225031605564,0.0,True,False,False,False,,,
720575940629971852,cell_class,AN,791,400,0.25,0.02,0.01,0.5790139064475348,0.40075853350189633,0.012642225031605562,0.0012642225031605564,0.0050568900126422255,0.0012642225031605564,0.0,True,True,False,False,,,
720575940629971852,cell_class,AN,791,400,0.25,0.02,0.05,0.5790139064475348,0.40075853350189633,0.012642225031605562,0.0012642225031605564,0.0050568900126422255,0.0012642225031605564,0.0,True,True,False,False,,,
720575940629971852,cell_class,AN,791,400,0.25,0.02,0.1,0.5790139064475348,0.40075853350189633,0.012642225031605562,0.0012642225031605564,0.0050568900126422255,0.0012642225031605564,0.0,False,False,False,False,,,
720575940629971852,cell_class,AN,791,400,0.25,0.01,0.01,0.5790139064475348,0.40075853350189633,0.012642225031605562,0.0012642225031605564,0.0050568900126422255,0.0012642225031605564,0.0,True,True,False,False,,,
720575940629971852,cell_class,AN,791,400,0.25,0.01,0.05,0.5790139064475348,0.40075853350189633,0.012642225031605562,0.0012642225031605564,0.0050568900126422255,0.0012642225031605564,0.0,False,False,False,False,,,
720575940629971852,cell_class,AN,791,400,0.25,0.01,0.1,0.5790139064475348,0.40075853350189633,0.012642225031605562,0.0012642225031605564,0.0050568900126422255,0.0012642225031605564,0.0,False,False,False,False,,,
720575940613148625,cell_class,AN,2638,400,0.25,0.14285714285714285,0.01,0.7308567096285065,0.23426838514025777,0.02577710386656558,0.0003790750568612585,0.00530705079605762,0.003411675511751327,0.0,True,True,True,False,,False,
720575940613148625,cell_class,AN,2638,400,0.25,0.14285714285714285,0.05,0.7308567096285065,0.23426838514025777,0.02577710386656558,0.0003790750568612585,0.00530705079605762,0.003411675511751327,0.0,True,True,False,False,,False,
720575940613148625,cell_class,AN,2638,400,0.25,0.14285714285714285,0.1,0.7308567096285065,0.23426838514025777,0.02577710386656558,0.0003790750568612585,0.00530705079605762,0.003411675511751327,0.0,True,True,False,False,,False,
720575940613148625,cell_class,AN,2638,400,0.25,0.04,0.01,0.7308567096285065,0.23426838514025777,0.02577710386656558,0.0003790750568612585,0.00530705079605762,0.003411675511751327,0.0,True,True,True,False,,False,
720575940613148625,cell_class,AN,2638,400,0.25,0.04,0.05,0.7308567096285065,0.23426838514025777,0.02577710386656558,0.0003790750568612585,0.00530705079605762,0.003411675511751327,0.0,True,False,False,False,,False,
720575940613148625,cell_class,AN,2638,400,0.25,0.04,0.1,0.7308567096285065,0.23426838514025777,0.02577710386656558,0.0003790750568612585,0.00530705079605762,0.003411675511751327,0.0,False,False,False,False,,False,
720575940613148625,cell_class,AN,2638,400,0.25,0.02,0.01,0.7308567096285065,0.23426838514025777,0.02577710386656558,0.0003790750568612585,0.00530705079605762,0.003411675511751327,0.0,True,True,True,False,,False,
720575940613148625,cell_class,AN,2638,400,0.25,0.02,0.05,0.7308567096285065,0.23426838514025777,0.02577710386656558,0.0003790750568612585,0.00530705079605762,0.003411675511751327,0.0,False,False,False,False,,False,
720575940613148625,cell_class,AN,2638,400,0.25,0.02,0.1,0.7308567096285065,0.23426838514025777,0.02577710386656558,0.0003790750568612585,0.00530705079605762,0.003411675511751327,0.0,False,False,False,False,,False,
720575940613148625,cell_class,AN,2638,400,0.25,0.01,0.01,0.7308567096285065,0.23426838514025777,0.02577710386656558,0.0003790750568612585,0.00530705079605762,0.003411675511751327,0.0,True,True,True,False,,False,
720575940613148625,cell_class,AN,2638,400,0.25,0.01,0.05,0.7308567096285065,0.23426838514025777,0.02577710386656558,0.0003790750568612585,0.00530705079605762,0.003411675511751327,0.0,False,False,False,False,,False,
720575940613148625,cell_class,AN,2638,400,0.25,0.01,0.1,0.7308567096285065,0.23426838514025777,0.02577710386656558,0.0003790750568612585,0.00530705079605762,0.003411675511751327,0.0,False,False,False,False,,False,
720575940629412156,cell_class,AN,1231,400,0.25,0.14285714285714285,0.01,0.007311129163281885,0.9561332250203087,0.006498781478472786,0.0008123476848090983,0.017059301380991064,0.011372867587327376,0.0008123476848090983,False,True,False,True,,False,
720575940629412156,cell_class,AN,1231,400,0.25,0.14285714285714285,0.05,0.007311129163281885,0.9561332250203087,0.006498781478472786,0.0008123476848090983,0.017059301380991064,0.011372867587327376,0.0008123476848090983,False,True,False,False,,False,
720575940629412156,cell_class,AN,1231,400,0.25,0.14285714285714285,0.1,0.007311129163281885,0.9561332250203087,0.006498781478472786,0.0008123476848090983,0.017059301380991064,0.011372867587327376,0.0008123476848090983,False,True,False,False,,False,
720575940629412156,cell_class,AN,1231,400,0.25,0.04,0.01,0.007311129163281885,0.9561332250203087,0.006498781478472786,0.0008123476848090983,0.017059301380991064,0.011372867587327376,0.0008123476848090983,False,True,False,False,,False,
720575940629412156,cell_class,AN,1231,400,0.25,0.04,0.05,0.007311129163281885,0.9561332250203087,0.006498781478472786,0.0008123476848090983,0.017059301380991064,0.011372867587327376,0.0008123476848090983,False,True,False,False,,False,
720575940629412156,cell_class,AN,1231,400,0.25,0.04,0.1,0.007311129163281885,0.9561332250203087,0.006498781478472786,0.0008123476848090983,0.017059301380991064,0.011372867587327376,0.0008123476848090983,False,True,False,False,,False,
720575940629412156,cell_class,AN,1231,400,0.25,0.02,0.01,0.007311129163281885,0.9561332250203087,0.006498781478472786,0.0008123476848090983,0.017059301380991064,0.011372867587327376,0.0008123476848090983,False,True,False,False,,False,
720575940629412156,cell_class,AN,1231,400,0.25,0.02,0.05,0.007311129163281885,0.9561332250203087,0.006498781478472786,0.0008123476848090983,0.017059301380991064,0.011372867587327376,0.0008123476848090983,False,True,False,False,,False,
720575940629412156,cell_class,AN,1231,400,0.25,0.02,0.1,0.007311129163281885,0.9561332250203087,0.006498781478472786,0.0008123476848090983,0.017059301380991064,0.011372867587327376,0.0008123476848090983,False,True,False,False,,False,
720575940629412156,cell_class,AN,1231,400,0.25,0.01,0.01,0.007311129163281885,0.9561332250203087,0.006498781478472786,0.0008123476848090983,0.017059301380991064,0.011372867587327376,0.0008123476848090983,False,True,False,False,,False,
720575940629412156,cell_class,AN,1231,400,0.25,0.01,0.05,0.007311129163281885,0.9561332250203087,0.006498781478472786,0.0008123476848090983,0.017059301380991064,0.011372867587327376,0.0008123476848090983,False,True,False,False,,False,
720575940629412156,cell_class,AN,1231,400,0.25,0.01,0.1,0.007311129163281885,0.9561332250203087,0.006498781478472786,0.0008123476848090983,0.017059301380991064,0.011372867587327376,0.0008123476848090983,False,False,False,False,,False,
720575940629856505,cell_class,AN,817,400,0.25,0.14285714285714285,0.01,0.0,0.95593635250918,0.0012239902080783353,0.0012239902080783353,0.01835985312117503,0.023255813953488372,0.0,,True,,False,,True,
720575940629856505,cell_class,AN,817,400,0.25,0.14285714285714285,0.05,0.0,0.95593635250918,0.0012239902080783353,0.0012239902080783353,0.01835985312117503,0.023255813953488372,0.0,,True,,False,,False,
720575940629856505,cell_class,AN,817,400,0.25,0.14285714285714285,0.1,0.0,0.95593635250918,0.0012239902080783353,0.0012239902080783353,0.01835985312117503,0.023255813953488372,0.0,,True,,False,,False,
720575940629856505,cell_class,AN,817,400,0.25,0.04,0.01,0.0,0.95593635250918,0.0012239902080783353,0.0012239902080783353,0.01835985312117503,0.023255813953488372,0.0,,True,,False,,False,
720575940629856505,cell_class,AN,817,400,0.25,0.04,0.05,0.0,0.95593635250918,0.0012239902080783353,0.0012239902080783353,0.01835985312117503,0.023255813953488372,0.0,,True,,False,,False,
720575940629856505,cell_class,AN,817,400,0.25,0.04,0.1,0.0,0.95593635250918,0.0012239902080783353,0.0012239902080783353,0.01835985312117503,0.023255813953488372,0.0,,True,,False,,False,
720575940629856505,cell_class,AN,817,400,0.25,0.02,0.01,0.0,0.95593635250918,0.0012239902080783353,0.0012239902080783353,0.01835985312117503,0.023255813953488372,0.0,,True,,False,,False,
720575940629856505,cell_class,AN,817,400,0.25,0.02,0.05,0.0,0.95593635250918,0.0012239902080783353,0.0012239902080783353,0.01835985312117503,0.023255813953488372,0.0,,True,,False,,False,
720575940629856505,cell_class,AN,817,400,0.25,0.02,0.1,0.0,0.95593635250918,0.0012239902080783353,0.0012239902080783353,0.01835985312117503,0.023255813953488372,0.0,,False,,False,,False,
720575940629856505,cell_class,AN,817,400,0.25,0.01,0.01,0.0,0.95593635250918,0.0012239902080783353,0.0012239902080783353,0.01835985312117503,0.023255813953488372,0.0,,True,,False,,False,
720575940629856505,cell_class,AN,817,400,0.25,0.01,0.05,0.0,0.95593635250918,0.0012239902080783353,0.0012239902080783353,0.01835985312117503,0.023255813953488372,0.0,,True,,False,,False,
720575940629856505,cell_class,AN,817,400,0.25,0.01,0.1,0.0,0.95593635250918,0.0012239902080783353,0.0012239902080783353,0.01835985312117503,0.023255813953488372,0.0,,False,,False,,False,
720575940629598521,cell_class,AN,1300,400,0.25,0.14285714285714285,0.01,0.0015384615384615385,0.9661538461538461,0.0015384615384615385,0.002307692307692308,0.015384615384615385,0.013076923076923076,0.0,False,True,False,False,False,True,
720575940629598521,cell_class,AN,1300,400,0.25,0.14285714285714285,0.05,0.0015384615384615385,0.9661538461538461,0.0015384615384615385,0.002307692307692308,0.015384615384615385,0.013076923076923076,0.0,False,True,False,False,False,False,
720575940629598521,cell_class,AN,1300,400,0.25,0.14285714285714285,0.1,0.0015384615384615385,0.9661538461538461,0.0015384615384615385,0.002307692307692308,0.015384615384615385,0.013076923076923076,0.0,False,True,False,False,False,False,
720575940629598521,cell_class,AN,1300,400,0.25,0.04,0.01,0.0015384615384615385,0.9661538461538461,0.0015384615384615385,0.002307692307692308,0.015384615384615385,0.013076923076923076,0.0,False,True,False,False,False,False,
720575940629598521,cell_class,AN,1300,400,0.25,0.04,0.05,0.0015384615384615385,0.9661538461538461,0.0015384615384615385,0.002307692307692308,0.015384615384615385,0.013076923076923076,0.0,False,True,False,False,False,False,
720575940629598521,cell_class,AN,1300,400,0.25,0.04,0.1,0.0015384615384615385,0.9661538461538461,0.0015384615384615385,0.002307692307692308,0.015384615384615385,0.013076923076923076,0.0,False,True,False,False,False,False,
720575940629598521,cell_class,AN,1300,400,0.25,0.02,0.01,0.0015384615384615385,0.9661538461538461,0.0015384615384615385,0.002307692307692308,0.015384615384615385,0.013076923076923076,0.0,False,True,False,False,False,False,
720575940629598521,cell_class,AN,1300,400,0.25,0.02,0.05,0.0015384615384615385,0.9661538461538461,0.0015384615384615385,0.002307692307692308,0.015384615384615385,0.013076923076923076,0.0,False,True,False,False,False,False,
720575940629598521,cell_class,AN,1300,400,0.25,0.02,0.1,0.0015384615384615385,0.9661538461538461,0.0015384615384615385,0.002307692307692308,0.015384615384615385,0.013076923076923076,0.0,False,False,False,False,False,False,
720575940629598521,cell_class,AN,1300,400,0.25,0.01,0.01,0.0015384615384615385,0.9661538461538461,0.0015384615384615385,0.002307692307692308,0.015384615384615385,0.013076923076923076,0.0,False,True,False,False,False,False,
720575940629598521,cell_class,AN,1300,400,0.25,0.01,0.05,0.0015384615384615385,0.9661538461538461,0.0015384615384615385,0.002307692307692308,0.015384615384615385,0.013076923076923076,0.0,False,False,False,False,False,False,
720575940629598521,cell_class,AN,1300,400,0.25,0.01,0.1,0.0015384615384615385,0.9661538461538461,0.0015384615384615385,0.002307692307692308,0.015384615384615385,0.013076923076923076,0.0,False,False,False,False,False,False,
720575940631821891,cell_class,AN,1241,400,0.25,0.14285714285714285,0.01,0.028203062046736505,0.863013698630137,0.0257856567284448,0.0040290088638195,0.07332796132151491,0.0032232070910556,0.0024174053182917004,True,True,False,True,False,False,False
720575940631821891,cell_class,AN,1241,400,0.25,0.14285714285714285,0.05,0.028203062046736505,0.863013698630137,0.0257856567284448,0.0040290088638195,0.07332796132151491,0.0032232070910556,0.0024174053182917004,False,True,False,False,False,False,False
720575940631821891,cell_class,AN,1241,400,0.25,0.14285714285714285,0.1,0.028203062046736505,0.863013698630137,0.0257856567284448,0.0040290088638195,0.07332796132151491,0.0032232070910556,0.0024174053182917004,False,True,False,False,False,False,False
720575940631821891,cell_class,AN,1241,400,0.25,0.04,0.01,0.028203062046736505,0.863013698630137,0.0257856567284448,0.0040290088638195,0.07332796132151491,0.0032232070910556,0.0024174053182917004,False,True,False,False,False,False,False
720575940631821891,cell_class,AN,1241,400,0.25,0.04,0.05,0.028203062046736505,0.863013698630137,0.0257856567284448,0.0040290088638195,0.07332796132151491,0.0032232070910556,0.0024174053182917004,False,True,False,False,False,False,False
720575940631821891,cell_class,AN,1241,400,0.25,0.04,0.1,0.028203062046736505,0.863013698630137,0.0257856567284448,0.0040290088638195,0.07332796132151491,0.0032232070910556,0.0024174053182917004,False,False,False,False,False,False,False
720575940631821891,cell_class,AN,1241,400,0.25,0.02,0.01,0.028203062046736505,0.863013698630137,0.0257856567284448,0.0040290088638195,0.07332796132151491,0.0032232070910556,0.0024174053182917004,False,True,False,False,False,False,False
720575940631821891,cell_class,AN,1241,400,0.25,0.02,0.05,0.028203062046736505,0.863013698630137,0.0257856567284448,0.0040290088638195,0.07332796132151491,0.0032232070910556,0.0024174053182917004,False,True,False,False,False,False,False
720575940631821891,cell_class,AN,1241,400,0.25,0.02,0.1,0.028203062046736505,0.863013698630137,0.0257856567284448,0.0040290088638195,0.07332796132151491,0.0032232070910556,0.0024174053182917004,False,False,False,False,False,False,False
720575940631821891,cell_class,AN,1241,400,0.25,0.01,0.01,0.028203062046736505,0.863013698630137,0.0257856567284448,0.0040290088638195,0.07332796132151491,0.0032232070910556,0.0024174053182917004,False,True,False,False,False,False,False
720575940631821891,cell_class,AN,1241,400,0.25,0.01,0.05,0.028203062046736505,0.863013698630137,0.0257856567284448,0.0040290088638195,0.07332796132151491,0.0032232070910556,0.0024174053182917004,False,False,False,False,False,False,False
720575940631821891,cell_class,AN,1241,400,0.25,0.01,0.1,0.028203062046736505,0.863013698630137,0.0257856567284448,0.0040290088638195,0.07332796132151491,0.0032232070910556,0.0024174053182917004,False,False,False,False,False,False,False
720575940615537041,cell_class,AN,5013,400,0.25,0.14285714285714285,0.01,0.022142429682824656,0.824655894673848,0.05385996409335727,0.007779772591262717,0.04348693397167365,0.0466786355475763,0.0013963694394574107,False,True,True,True,False,True,False
720575940615537041,cell_class,AN,5013,400,0.25,0.14285714285714285,0.05,0.022142429682824656,0.824655894673848,0.05385996409335727,0.007779772591262717,0.04348693397167365,0.0466786355475763,0.0013963694394574107,False,True,False,False,False,False,False
720575940615537041,cell_class,AN,5013,400,0.25,0.14285714285714285,0.1,0.022142429682824656,0.824655894673848,0.05385996409335727,0.007779772591262717,0.04348693397167365,0.0466786355475763,0.0013963694394574107,False,True,False,False,False,False,False
720575940615537041,cell_class,AN,5013,400,0.25,0.04,0.01,0.022142429682824656,0.824655894673848,0.05385996409335727,0.007779772591262717,0.04348693397167365,0.0466786355475763,0.0013963694394574107,False,True,False,False,False,True,False
720575940615537041,cell_class,AN,5013,400,0.25,0.04,0.05,0.022142429682824656,0.824655894673848,0.05385996409335727,0.007779772591262717,0.04348693397167365,0.0466786355475763,0.0013963694394574107,False,True,False,False,False,False,False
720575940615537041,cell_class,AN,5013,400,0.25,0.04,0.1,0.022142429682824656,0.824655894673848,0.05385996409335727,0.007779772591262717,0.04348693397167365,0.0466786355475763,0.0013963694394574107,False,True,False,False,False,False,False
720575940615537041,cell_class,AN,5013,400,0.25,0.02,0.01,0.022142429682824656,0.824655894673848,0.05385996409335727,0.007779772591262717,0.04348693397167365,0.0466786355475763,0.0013963694394574107,False,True,False,False,False,False,False
720575940615537041,cell_class,AN,5013,400,0.25,0.02,0.05,0.022142429682824656,0.824655894673848,0.05385996409335727,0.007779772591262717,0.04348693397167365,0.0466786355475763,0.0013963694394574107,False,True,False,False,False,False,False
720575940615537041,cell_class,AN,5013,400,0.25,0.02,0.1,0.022142429682824656,0.824655894673848,0.05385996409335727,0.007779772591262717,0.04348693397167365,0.0466786355475763,0.0013963694394574107,False,False,False,False,False,False,False
720575940615537041,cell_class,AN,5013,400,0.25,0.01,0.01,0.022142429682824656,0.824655894673848,0.05385996409335727,0.007779772591262717,0.04348693397167365,0.0466786355475763,0.0013963694394574107,False,True,False,False,False,False,False
720575940615537041,cell_class,AN,5013,400,0.25,0.01,0.05,0.022142429682824656,0.824655894673848,0.05385996409335727,0.007779772591262717,0.04348693397167365,0.0466786355475763,0.0013963694394574107,False,True,False,False,False,False,False
720575940615537041,cell_class,AN,5013,400,0.25,0.01,0.1,0.022142429682824656,0.824655894673848,0.05385996409335727,0.007779772591262717,0.04348693397167365,0.0466786355475763,0.0013963694394574107,False,False,False,False,False,False,False
720575940628321531,cell_class,AN,5641,400,0.25,0.14285714285714285,0.01,0.02322283283105832,0.687821308278674,0.24499202269101222,0.003900017727353306,0.009572770785321752,0.029604680021272825,0.0008863676653075696,True,True,True,False,False,True,False
720575940628321531,cell_class,AN,5641,400,0.25,0.14285714285714285,0.05,0.02322283283105832,0.687821308278674,0.24499202269101222,0.003900017727353306,0.009572770785321752,0.029604680021272825,0.0008863676653075696,False,True,True,False,False,False,False
720575940628321531,cell_class,AN,5641,400,0.25,0.14285714285714285,0.1,0.02322283283105832,0.687821308278674,0.24499202269101222,0.003900017727353306,0.009572770785321752,0.029604680021272825,0.0008863676653075696,False,True,True,False,False,False,False
720575940628321531,cell_class,AN,5641,400,0.25,0.04,0.01,0.02322283283105832,0.687821308278674,0.24499202269101222,0.003900017727353306,0.009572770785321752,0.029604680021272825,0.0008863676653075696,False,True,True,False,False,False,False
720575940628321531,cell_class,AN,5641,400,0.25,0.04,0.05,0.02322283283105832,0.687821308278674,0.24499202269101222,0.003900017727353306,0.009572770785321752,0.029604680021272825,0.0008863676653075696,False,True,True,False,False,False,False
720575940628321531,cell_class,AN,5641,400,0.25,0.04,0.1,0.02322283283105832,0.687821308278674,0.24499202269101222,0.003900017727353306,0.009572770785321752,0.029604680021272825,0.0008863676653075696,False,False,False,False,False,False,False
720575940628321531,cell_class,AN,5641,400,0.25,0.02,0.01,0.02322283283105832,0.687821308278674,0.24499202269101222,0.003900017727353306,0.009572770785321752,0.029604680021272825,0.0008863676653075696,False,True,True,False,False,False,False
720575940628321531,cell_class,AN,5641,400,0.25,0.02,0.05,0.02322283283105832,0.687821308278674,0.24499202269101222,0.003900017727353306,0.009572770785321752,0.029604680021272825,0.0008863676653075696,False,True,False,False,False,False,False
720575940628321531,cell_class,AN,5641,400,0.25,0.02,0.1,0.02322283283105832,0.687821308278674,0.24499202269101222,0.003900017727353306,0.009572770785321752,0.029604680021272825,0.0008863676653075696,False,False,False,False,False,False,False
720575940628321531,cell_class,AN,5641,400,0.25,0.01,0.01,0.02322283283105832,0.687821308278674,0.24499202269101222,0.003900017727353306,0.009572770785321752,0.029604680021272825,0.0008863676653075696,False,True,True,False,False,False,False
720575940628321531,cell_class,AN,5641,400,0.25,0.01,0.05,0.02322283283105832,0.687821308278674,0.24499202269101222,0.003900017727353306,0.009572770785321752,0.029604680021272825,0.0008863676653075696,False,True,False,False,False,False,False
720575940628321531,cell_class,AN,5641,400,0.25,0.01,0.1,0.02322283283105832,0.687821308278674,0.24499202269101222,0.003900017727353306,0.009572770785321752,0.029604680021272825,0.0008863676653075696,False,False,False,False,False,False,False
720575940606586325,cell_class,AN,2309,400,0.25,0.14285714285714285,0.01,0.009527934170636639,0.7449112169770463,0.07968817669987008,0.00043308791684711995,0.07059333044608056,0.09484625378951927,0.0,False,True,True,True,,True,
720575940606586325,cell_class,AN,2309,400,0.25,0.14285714285714285,0.05,0.009527934170636639,0.7449112169770463,0.07968817669987008,0.00043308791684711995,0.07059333044608056,0.09484625378951927,0.0,False,True,True,False,,True,
720575940606586325,cell_class,AN,2309,400,0.25,0.14285714285714285,0.1,0.009527934170636639,0.7449112169770463,0.07968817669987008,0.00043308791684711995,0.07059333044608056,0.09484625378951927,0.0,False,True,False,False,,False,
720575940606586325,cell_class,AN,2309,400,0.25,0.04,0.01,0.009527934170636639,0.7449112169770463,0.07968817669987008,0.00043308791684711995,0.07059333044608056,0.09484625378951927,0.0,False,True,True,True,,True,
720575940606586325,cell_class,AN,2309,400,0.25,0.04,0.05,0.009527934170636639,0.7449112169770463,0.07968817669987008,0.00043308791684711995,0.07059333044608056,0.09484625378951927,0.0,False,True,False,False,,False,
720575940606586325,cell_class,AN,2309,400,0.25,0.04,0.1,0.009527934170636639,0.7449112169770463,0.07968817669987008,0.00043308791684711995,0.07059333044608056,0.09484625378951927,0.0,False,False,False,False,,False,
720575940606586325,cell_class,AN,2309,400,0.25,0.02,0.01,0.009527934170636639,0.7449112169770463,0.07968817669987008,0.00043308791684711995,0.07059333044608056,0.09484625378951927,0.0,False,True,True,True,,False,
720575940606586325,cell_class,AN,2309,400,0.25,0.02,0.05,0.009527934170636639,0.7449112169770463,0.07968817669987008,0.00043308791684711995,0.07059333044608056,0.09484625378951927,0.0,False,True,False,False,,False,
720575940606586325,cell_class,AN,2309,400,0.25,0.02,0.1,0.009527934170636639,0.7449112169770463,0.07968817669987008,0.00043308791684711995,0.07059333044608056,0.09484625378951927,0.0,False,False,False,False,,False,
720575940606586325,cell_class,AN,2309,400,0.25,0.01,0.01,0.009527934170636639,0.7449112169770463,0.07968817669987008,0.00043308791684711995,0.07059333044608056,0.09484625378951927,0.0,False,True,True,False,,False,
720575940606586325,cell_class,AN,2309,400,0.25,0.01,0.05,0.009527934170636639,0.7449112169770463,0.07968817669987008,0.00043308791684711995,0.07059333044608056,0.09484625378951927,0.0,False,True,False,False,,False,
720575940606586325,cell_class,AN,2309,400,0.25,0.01,0.1,0.009527934170636639,0.7449112169770463,0.07968817669987008,0.00043308791684711995,0.07059333044608056,0.09484625378951927,0.0,False,False,False,False,,False,
720575940637957446,cell_class,AN,6445,400,0.25,0.14285714285714285,0.01,0.0032583397982932504,0.2456167571761055,0.008844065166795966,0.023273855702094646,0.7072148952676494,0.011636927851047323,0.0001551590380139643,False,True,False,True,True,False,
720575940637957446,cell_class,AN,6445,400,0.25,0.14285714285714285,0.05,0.0032583397982932504,0.2456167571761055,0.008844065166795966,0.023273855702094646,0.7072148952676494,0.011636927851047323,0.0001551590380139643,False,True,False,True,False,False,
720575940637957446,cell_class,AN,6445,400,0.25,0.14285714285714285,0.1,0.0032583397982932504,0.2456167571761055,0.008844065166795966,0.023273855702094646,0.7072148952676494,0.011636927851047323,0.0001551590380139643,False,False,False,True,False,False,
720575940637957446,cell_class,AN,6445,400,0.25,0.04,0.01,0.0032583397982932504,0.2456167571761055,0.008844065166795966,0.023273855702094646,0.7072148952676494,0.011636927851047323,0.0001551590380139643,False,True,False,True,False,False,
720575940637957446,cell_class,AN,6445,400,0.25,0.04,0.05,0.0032583397982932504,0.2456167571761055,0.008844065166795966,0.023273855702094646,0.7072148952676494,0.011636927851047323,0.0001551590380139643,False,False,False,True,False,False,
720575940637957446,cell_class,AN,6445,400,0.25,0.04,0.1,0.0032583397982932504,0.2456167571761055,0.008844065166795966,0.023273855702094646,0.7072148952676494,0.011636927851047323,0.0001551590380139643,False,False,False,True,False,False,
720575940637957446,cell_class,AN,6445,400,0.25,0.02,0.01,0.0032583397982932504,0.2456167571761055,0.008844065166795966,0.023273855702094646,0.7072148952676494,0.011636927851047323,0.0001551590380139643,False,True,False,True,False,False,
720575940637957446,cell_class,AN,6445,400,0.25,0.02,0.05,0.0032583397982932504,0.2456167571761055,0.008844065166795966,0.023273855702094646,0.7072148952676494,0.011636927851047323,0.0001551590380139643,False,False,False,True,False,False,
720575940637957446,cell_class,AN,6445,400,0.25,0.02,0.1,0.0032583397982932504,0.2456167571761055,0.008844065166795966,0.023273855702094646,0.7072148952676494,0.011636927851047323,0.0001551590380139643,False,False,False,False,False,False,
720575940637957446,cell_class,AN,6445,400,0.25,0.01,0.01,0.0032583397982932504,0.2456167571761055,0.008844065166795966,0.023273855702094646,0.7072148952676494,0.011636927851047323,0.0001551590380139643,False,True,False,True,False,False,
720575940637957446,cell_class,AN,6445,400,0.25,0.01,0.05,0.0032583397982932504,0.2456167571761055,0.008844065166795966,0.023273855702094646,0.7072148952676494,0.011636927851047323,0.0001551590380139643,False,False,False,False,False,False,
720575940637957446,cell_class,AN,6445,400,0.25,0.01,0.1,0.0032583397982932504,0.2456167571761055,0.008844065166795966,0.023273855702094646,0.7072148952676494,0.011636927851047323,0.0001551590380139643,False,False,False,False,False,False,
720575940634360462,cell_class,AN,908,400,0.25,0.14285714285714285,0.01,0.263215859030837,0.031938325991189426,0.6497797356828194,0.0011013215859030838,0.040748898678414094,0.013215859030837005,0.0,True,True,True,True,,False,
720575940634360462,cell_class,AN,908,400,0.25,0.14285714285714285,0.05,0.263215859030837,0.031938325991189426,0.6497797356828194,0.0011013215859030838,0.040748898678414094,0.013215859030837005,0.0,True,False,True,False,,False,
720575940634360462,cell_class,AN,908,400,0.25,0.14285714285714285,0.1,0.263215859030837,0.031938325991189426,0.6497797356828194,0.0011013215859030838,0.040748898678414094,0.013215859030837005,0.0,True,False,True,False,,False,
720575940634360462,cell_class,AN,908,400,0.25,0.04,0.01,0.263215859030837,0.031938325991189426,0.6497797356828194,0.0011013215859030838,0.040748898678414094,0.013215859030837005,0.0,True,True,True,True,,False,
720575940634360462,cell_class,AN,908,400,0.25,0.04,0.05,0.263215859030837,0.031938325991189426,0.6497797356828194,0.0011013215859030838,0.040748898678414094,0.013215859030837005,0.0,True,False,True,False,,False,
720575940634360462,cell_class,AN,908,400,0.25,0.04,0.1,0.263215859030837,0.031938325991189426,0.6497797356828194,0.0011013215859030838,0.040748898678414094,0.013215859030837005,0.0,False,False,False,False,,False,
720575940634360462,cell_class,AN,908,400,0.25,0.02,0.01,0.263215859030837,0.031938325991189426,0.6497797356828194,0.0011013215859030838,0.040748898678414094,0.013215859030837005,0.0,True,False,True,False,,False,
720575940634360462,cell_class,AN,908,400,0.25,0.02,0.05,0.263215859030837,0.031938325991189426,0.6497797356828194,0.0011013215859030838,0.040748898678414094,0.013215859030837005,0.0,True,False,True,False,,False,
720575940634360462,cell_class,AN,908,400,0.25,0.02,0.1,0.263215859030837,0.031938325991189426,0.6497797356828194,0.0011013215859030838,0.040748898678414094,0.013215859030837005,0.0,False,False,False,False,,False,
720575940634360462,cell_class,AN,908,400,0.25,0.01,0.01,0.263215859030837,0.031938325991189426,0.6497797356828194,0.0011013215859030838,0.040748898678414094,0.013215859030837005,0.0,True,False,True,False,,False,
720575940634360462,cell_class,AN,908,400,0.25,0.01,0.05,0.263215859030837,0.031938325991189426,0.6497797356828194,0.0011013215859030838,0.040748898678414094,0.013215859030837005,0.0,False,False,False,False,,False,
720575940634360462,cell_class,AN,908,400,0.25,0.01,0.1,0.263215859030837,0.031938325991189426,0.6497797356828194,0.0011013215859030838,0.040748898678414094,0.013215859030837005,0.0,False,False,False,False,,False,
720575940624208201,cell_class,AN,1208,400,0.25,0.14285714285714285,0.01,0.4768211920529801,0.06705298013245033,0.4139072847682119,0.0,0.03642384105960265,0.005794701986754967,0.0,True,True,True,True,,False,
720575940624208201,cell_class,AN,1208,400,0.25,0.14285714285714285,0.05,0.4768211920529801,0.06705298013245033,0.4139072847682119,0.0,0.03642384105960265,0.005794701986754967,0.0,True,False,True,False,,False,
720575940624208201,cell_class,AN,1208,400,0.25,0.14285714285714285,0.1,0.4768211920529801,0.06705298013245033,0.4139072847682119,0.0,0.03642384105960265,0.005794701986754967,0.0,True,False,True,False,,False,
720575940624208201,cell_class,AN,1208,400,0.25,0.04,0.01,0.4768211920529801,0.06705298013245033,0.4139072847682119,0.0,0.03642384105960265,0.005794701986754967,0.0,True,True,True,False,,False,
720575940624208201,cell_class,AN,1208,400,0.25,0.04,0.05,0.4768211920529801,0.06705298013245033,0.4139072847682119,0.0,0.03642384105960265,0.005794701986754967,0.0,True,False,True,False,,False,
720575940624208201,cell_class,AN,1208,400,0.25,0.04,0.1,0.4768211920529801,0.06705298013245033,0.4139072847682119,0.0,0.03642384105960265,0.005794701986754967,0.0,True,False,False,False,,False,
720575940624208201,cell_class,AN,1208,400,0.25,0.02,0.01,0.4768211920529801,0.06705298013245033,0.4139072847682119,0.0,0.03642384105960265,0.005794701986754967,0.0,True,True,True,False,,False,
720575940624208201,cell_class,AN,1208,400,0.25,0.02,0.05,0.4768211920529801,0.06705298013245033,0.4139072847682119,0.0,0.03642384105960265,0.005794701986754967,0.0,True,False,True,False,,False,
720575940624208201,cell_class,AN,1208,400,0.25,0.02,0.1,0.4768211920529801,0.06705298013245033,0.4139072847682119,0.0,0.03642384105960265,0.005794701986754967,0.0,False,False,False,False,,False,
720575940624208201,cell_class,AN,1208,400,0.25,0.01,0.01,0.4768211920529801,0.06705298013245033,0.4139072847682119,0.0,0.03642384105960265,0.005794701986754967,0.0,True,False,True,False,,False,
720575940624208201,cell_class,AN,1208,400,0.25,0.01,0.05,0.4768211920529801,0.06705298013245033,0.4139072847682119,0.0,0.03642384105960265,0.005794701986754967,0.0,False,False,False,False,,False,
720575940624208201,cell_class,AN,1208,400,0.25,0.01,0.1,0.4768211920529801,0.06705298013245033,0.4139072847682119,0.0,0.03642384105960265,0.005794701986754967,0.0,False,False,False,False,,False,
720575940627538370,cell_class,AN,2238,400,0.25,0.14285714285714285,0.01,0.386952636282395,0.045576407506702415,0.5437890974084003,0.0008936550491510277,0.010277033065236819,0.012511170688114389,0.0,True,True,True,False,False,False,
720575940627538370,cell_class,AN,2238,400,0.25,0.14285714285714285,0.05,0.386952636282395,0.045576407506702415,0.5437890974084003,0.0008936550491510277,0.010277033065236819,0.012511170688114389,0.0,True,False,True,False,False,False,
720575940627538370,cell_class,AN,2238,400,0.25,0.14285714285714285,0.1,0.386952636282395,0.045576407506702415,0.5437890974084003,0.0008936550491510277,0.010277033065236819,0.012511170688114389,0.0,True,False,True,False,False,False,
720575940627538370,cell_class,AN,2238,400,0.25,0.04,0.01,0.386952636282395,0.045576407506702415,0.5437890974084003,0.0008936550491510277,0.010277033065236819,0.012511170688114389,0.0,True,False,True,False,False,False,
720575940627538370,cell_class,AN,2238,400,0.25,0.04,0.05,0.386952636282395,0.045576407506702415,0.5437890974084003,0.0008936550491510277,0.010277033065236819,0.012511170688114389,0.0,True,False,True,False,False,False,
720575940627538370,cell_class,AN,2238,400,0.25,0.04,0.1,0.386952636282395,0.045576407506702415,0.5437890974084003,0.0008936550491510277,0.010277033065236819,0.012511170688114389,0.0,False,False,False,False,False,False,
720575940627538370,cell_class,AN,2238,400,0.25,0.02,0.01,0.386952636282395,0.045576407506702415,0.5437890974084003,0.0008936550491510277,0.010277033065236819,0.012511170688114389,0.0,True,False,True,False,False,False,
720575940627538370,cell_class,AN,2238,400,0.25,0.02,0.05,0.386952636282395,0.045576407506702415,0.5437890974084003,0.0008936550491510277,0.010277033065236819,0.012511170688114389,0.0,False,False,True,False,False,False,
720575940627538370,cell_class,AN,2238,400,0.25,0.02,0.1,0.386952636282395,0.045576407506702415,0.5437890974084003,0.0008936550491510277,0.010277033065236819,0.012511170688114389,0.0,False,False,False,False,False,False,
720575940627538370,cell_class,AN,2238,400,0.25,0.01,0.01,0.386952636282395,0.045576407506702415,0.5437890974084003,0.0008936550491510277,0.010277033065236819,0.012511170688114389,0.0,True,False,True,False,False,False,
720575940627538370,cell_class,AN,2238,400,0.25,0.01,0.05,0.386952636282395,0.045576407506702415,0.5437890974084003,0.0008936550491510277,0.010277033065236819,0.012511170688114389,0.0,False,False,False,False,False,False,
720575940627538370,cell_class,AN,2238,400,0.25,0.01,0.1,0.386952636282395,0.045576407506702415,0.5437890974084003,0.0008936550491510277,0.010277033065236819,0.012511170688114389,0.0,False,False,False,False,False,False,
720575940633038443,cell_class,AN,1089,400,0.25,0.14285714285714285,0.01,0.46189164370982555,0.04591368227731864,0.4398530762167126,0.0,0.031221303948576674,0.021120293847566574,0.0,True,True,True,True,,True,
720575940633038443,cell_class,AN,1089,400,0.25,0.14285714285714285,0.05,0.46189164370982555,0.04591368227731864,0.4398530762167126,0.0,0.031221303948576674,0.021120293847566574,0.0,True,False,True,False,,False,
720575940633038443,cell_class,AN,1089,400,0.25,0.14285714285714285,0.1,0.46189164370982555,0.04591368227731864,0.4398530762167126,0.0,0.031221303948576674,0.021120293847566574,0.0,True,False,True,False,,False,
720575940633038443,cell_class,AN,1089,400,0.25,0.04,0.01,0.46189164370982555,0.04591368227731864,0.4398530762167126,0.0,0.031221303948576674,0.021120293847566574,0.0,True,False,True,False,,False,
720575940633038443,cell_class,AN,1089,400,0.25,0.04,0.05,0.46189164370982555,0.04591368227731864,0.4398530762167126,0.0,0.031221303948576674,0.021120293847566574,0.0,True,False,False,False,,False,
720575940633038443,cell_class,AN,1089,400,0.25,0.04,0.1,0.46189164370982555,0.04591368227731864,0.4398530762167126,0.0,0.031221303948576674,0.021120293847566574,0.0,False,False,False,False,,False,
720575940633038443,cell_class,AN,1089,400,0.25,0.02,0.01,0.46189164370982555,0.04591368227731864,0.4398530762167126,0.0,0.031221303948576674,0.021120293847566574,0.0,True,False,True,False,,False,
720575940633038443,cell_class,AN,1089,400,0.25,0.02,0.05,0.46189164370982555,0.04591368227731864,0.4398530762167126,0.0,0.031221303948576674,0.021120293847566574,0.0,False,False,False,False,,False,
720575940633038443,cell_class,AN,1089,400,0.25,0.02,0.1,0.46189164370982555,0.04591368227731864,0.4398530762167126,0.0,0.031221303948576674,0.021120293847566574,0.0,False,False,False,False,,False,
720575940633038443,cell_class,AN,1089,400,0.25,0.01,0.01,0.46189164370982555,0.04591368227731864,0.4398530762167126,0.0,0.031221303948576674,0.021120293847566574,0.0,True,False,True,False,,False,
720575940633038443,cell_class,AN,1089,400,0.25,0.01,0.05,0.46189164370982555,0.04591368227731864,0.4398530762167126,0.0,0.031221303948576674,0.021120293847566574,0.0,False,False,False,False,,False,
720575940633038443,cell_class,AN,1089,400,0.25,0.01,0.1,0.46189164370982555,0.04591368227731864,0.4398530762167126,0.0,0.031221303948576674,0.021120293847566574,0.0,False,False,False,False,,False,
720575940608276181,cell_class,AN,1360,400,0.25,0.14285714285714285,0.01,0.3625,0.030147058823529412,0.47352941176470587,0.0014705882352941176,0.05588235294117647,0.07647058823529412,0.0,True,True,True,True,False,True,
720575940608276181,cell_class,AN,1360,400,0.25,0.14285714285714285,0.05,0.3625,0.030147058823529412,0.47352941176470587,0.0014705882352941176,0.05588235294117647,0.07647058823529412,0.0,True,False,True,False,False,False,
720575940608276181,cell_class,AN,1360,400,0.25,0.14285714285714285,0.1,0.3625,0.030147058823529412,0.47352941176470587,0.0014705882352941176,0.05588235294117647,0.07647058823529412,0.0,True,False,True,False,False,False,
720575940608276181,cell_class,AN,1360,400,0.25,0.04,0.01,0.3625,0.030147058823529412,0.47352941176470587,0.0014705882352941176,0.05588235294117647,0.07647058823529412,0.0,True,False,True,False,False,True,
720575940608276181,cell_class,AN,1360,400,0.25,0.04,0.05,0.3625,0.030147058823529412,0.47352941176470587,0.0014705882352941176,0.05588235294117647,0.07647058823529412,0.0,False,False,False,False,False,False,
720575940608276181,cell_class,AN,1360,400,0.25,0.04,0.1,0.3625,0.030147058823529412,0.47352941176470587,0.0014705882352941176,0.05588235294117647,0.07647058823529412,0.0,False,False,False,False,False,False,
720575940608276181,cell_class,AN,1360,400,0.25,0.02,0.01,0.3625,0.030147058823529412,0.47352941176470587,0.0014705882352941176,0.05588235294117647,0.07647058823529412,0.0,True,False,True,False,False,False,
720575940608276181,cell_class,AN,1360,400,0.25,0.02,0.05,0.3625,0.030147058823529412,0.47352941176470587,0.0014705882352941176,0.05588235294117647,0.07647058823529412,0.0,False,False,False,False,False,False,
720575940608276181,cell_class,AN,1360,400,0.25,0.02,0.1,0.3625,0.030147058823529412,0.47352941176470587,0.0014705882352941176,0.05588235294117647,0.07647058823529412,0.0,False,False,False,False,False,False,
720575940608276181,cell_class,AN,1360,400,0.25,0.01,0.01,0.3625,0.030147058823529412,0.47352941176470587,0.0014705882352941176,0.05588235294117647,0.07647058823529412,0.0,True,False,True,False,False,False,
720575940608276181,cell_class,AN,1360,400,0.25,0.01,0.05,0.3625,0.030147058823529412,0.47352941176470587,0.0014705882352941176,0.05588235294117647,0.07647058823529412,0.0,False,False,False,False,False,False,
720575940608276181,cell_class,AN,1360,400,0.25,0.01,0.1,0.3625,0.030147058823529412,0.47352941176470587,0.0014705882352941176,0.05588235294117647,0.07647058823529412,0.0,False,False,False,False,False,False,
720575940629670723,cell_class,AN,520,400,0.25,0.14285714285714285,0.01,0.3269230769230769,0.046153846153846156,0.2519230769230769,0.007692307692307693,0.08846153846153847,0.27884615384615385,0.0,True,True,True,True,False,True,
720575940629670723,cell_class,AN,520,400,0.25,0.14285714285714285,0.05,0.3269230769230769,0.046153846153846156,0.2519230769230769,0.007692307692307693,0.08846153846153847,0.27884615384615385,0.0,True,False,True,False,False,True,
720575940629670723,cell_class,AN,520,400,0.25,0.14285714285714285,0.1,0.3269230769230769,0.046153846153846156,0.2519230769230769,0.007692307692307693,0.08846153846153847,0.27884615384615385,0.0,True,False,False,False,False,True,
720575940629670723,cell_class,AN,520,400,0.25,0.04,0.01,0.3269230769230769,0.046153846153846156,0.2519230769230769,0.007692307692307693,0.08846153846153847,0.27884615384615385,0.0,True,False,True,True,False,True,
720575940629670723,cell_class,AN,520,400,0.25,0.04,0.05,0.3269230769230769,0.046153846153846156,0.2519230769230769,0.007692307692307693,0.08846153846153847,0.27884615384615385,0.0,True,False,False,False,False,False,
720575940629670723,cell_class,AN,520,400,0.25,0.04,0.1,0.3269230769230769,0.046153846153846156,0.2519230769230769,0.007692307692307693,0.08846153846153847,0.27884615384615385,0.0,False,False,False,False,False,False,
720575940629670723,cell_class,AN,520,400,0.25,0.02,0.01,0.3269230769230769,0.046153846153846156,0.2519230769230769,0.007692307692307693,0.08846153846153847,0.27884615384615385,0.0,True,False,True,True,False,True,
720575940629670723,cell_class,AN,520,400,0.25,0.02,0.05,0.3269230769230769,0.046153846153846156,0.2519230769230769,0.007692307692307693,0.08846153846153847,0.27884615384615385,0.0,False,False,False,False,False,False,
720575940629670723,cell_class,AN,520,400,0.25,0.02,0.1,0.3269230769230769,0.046153846153846156,0.2519230769230769,0.007692307692307693,0.08846153846153847,0.27884615384615385,0.0,False,False,False,False,False,False,
720575940629670723,cell_class,AN,520,400,0.25,0.01,0.01,0.3269230769230769,0.046153846153846156,0.2519230769230769,0.007692307692307693,0.08846153846153847,0.27884615384615385,0.0,True,False,True,True,False,True,
720575940629670723,cell_class,AN,520,400,0.25,0.01,0.05,0.3269230769230769,0.046153846153846156,0.2519230769230769,0.007692307692307693,0.08846153846153847,0.27884615384615385,0.0,False,False,False,False,False,False,
720575940629670723,cell_class,AN,520,400,0.25,0.01,0.1,0.3269230769230769,0.046153846153846156,0.2519230769230769,0.007692307692307693,0.08846153846153847,0.27884615384615385,0.0,False,False,False,False,False,False,
720575940607380914,cell_class,AN,636,400,0.25,0.14285714285714285,0.01,0.60062893081761,0.09433962264150944,0.2562893081761006,0.0,0.01729559748427673,0.031446540880503145,0.0,True,True,True,True,,True,
720575940607380914,cell_class,AN,636,400,0.25,0.14285714285714285,0.05,0.60062893081761,0.09433962264150944,0.2562893081761006,0.0,0.01729559748427673,0.031446540880503145,0.0,True,False,True,False,,False,
720575940607380914,cell_class,AN,636,400,0.25,0.14285714285714285,0.1,0.60062893081761,0.09433962264150944,0.2562893081761006,0.0,0.01729559748427673,0.031446540880503145,0.0,True,False,False,False,,False,
720575940607380914,cell_class,AN,636,400,0.25,0.04,0.01,0.60062893081761,0.09433962264150944,0.2562893081761006,0.0,0.01729559748427673,0.031446540880503145,0.0,True,True,True,False,,False,
720575940607380914,cell_class,AN,636,400,0.25,0.04,0.05,0.60062893081761,0.09433962264150944,0.2562893081761006,0.0,0.01729559748427673,0.031446540880503145,0.0,True,False,True,False,,False,
720575940607380914,cell_class,AN,636,400,0.25,0.04,0.1,0.60062893081761,0.09433962264150944,0.2562893081761006,0.0,0.01729559748427673,0.031446540880503145,0.0,False,False,False,False,,False,
720575940607380914,cell_class,AN,636,400,0.25,0.02,0.01,0.60062893081761,0.09433962264150944,0.2562893081761006,0.0,0.01729559748427673,0.031446540880503145,0.0,True,True,True,False,,False,
720575940607380914,cell_class,AN,636,400,0.25,0.02,0.05,0.60062893081761,0.09433962264150944,0.2562893081761006,0.0,0.01729559748427673,0.031446540880503145,0.0,True,False,True,False,,False,
720575940607380914,cell_class,AN,636,400,0.25,0.02,0.1,0.60062893081761,0.09433962264150944,0.2562893081761006,0.0,0.01729559748427673,0.031446540880503145,0.0,False,False,False,False,,False,
720575940607380914,cell_class,AN,636,400,0.25,0.01,0.01,0.60062893081761,0.09433962264150944,0.2562893081761006,0.0,0.01729559748427673,0.031446540880503145,0.0,True,True,True,False,,False,
720575940607380914,cell_class,AN,636,400,0.25,0.01,0.05,0.60062893081761,0.09433962264150944,0.2562893081761006,0.0,0.01729559748427673,0.031446540880503145,0.0,False,False,False,False,,False,
720575940607380914,cell_class,AN,636,400,0.25,0.01,0.1,0.60062893081761,0.09433962264150944,0.2562893081761006,0.0,0.01729559748427673,0.031446540880503145,0.0,False,False,False,False,,False,
720575940624901107,cell_class,AN,2566,400,0.25,0.14285714285714285,0.01,0.019095869056897894,0.4271239282930631,0.1363990646921278,0.008963367108339828,0.3526890101325019,0.05494933749025721,0.000779423226812159,True,True,True,True,False,True,False
720575940624901107,cell_class,AN,2566,400,0.25,0.14285714285714285,0.05,0.019095869056897894,0.4271239282930631,0.1363990646921278,0.008963367108339828,0.3526890101325019,0.05494933749025721,0.000779423226812159,False,True,True,True,False,False,False
720575940624901107,cell_class,AN,2566,400,0.25,0.14285714285714285,0.1,0.019095869056897894,0.4271239282930631,0.1363990646921278,0.008963367108339828,0.3526890101325019,0.05494933749025721,0.000779423226812159,False,True,False,True,False,False,False
720575940624901107,cell_class,AN,2566,400,0.25,0.04,0.01,0.019095869056897894,0.4271239282930631,0.1363990646921278,0.008963367108339828,0.3526890101325019,0.05494933749025721,0.000779423226812159,True,True,True,True,False,True,False
720575940624901107,cell_class,AN,2566,400,0.25,0.04,0.05,0.019095869056897894,0.4271239282930631,0.1363990646921278,0.008963367108339828,0.3526890101325019,0.05494933749025721,0.000779423226812159,False,True,False,True,False,False,False
720575940624901107,cell_class,AN,2566,400,0.25,0.04,0.1,0.019095869056897894,0.4271239282930631,0.1363990646921278,0.008963367108339828,0.3526890101325019,0.05494933749025721,0.000779423226812159,False,False,False,False,False,False,False
720575940624901107,cell_class,AN,2566,400,0.25,0.02,0.01,0.019095869056897894,0.4271239282930631,0.1363990646921278,0.008963367108339828,0.3526890101325019,0.05494933749025721,0.000779423226812159,False,True,True,True,False,False,False
720575940624901107,cell_class,AN,2566,400,0.25,0.02,0.05,0.019095869056897894,0.4271239282930631,0.1363990646921278,0.008963367108339828,0.3526890101325019,0.05494933749025721,0.000779423226812159,False,False,False,False,False,False,False
720575940624901107,cell_class,AN,2566,400,0.25,0.02,0.1,0.019095869056897894,0.4271239282930631,0.1363990646921278,0.008963367108339828,0.3526890101325019,0.05494933749025721,0.000779423226812159,False,False,False,False,False,False,False
720575940624901107,cell_class,AN,2566,400,0.25,0.01,0.01,0.019095869056897894,0.4271239282930631,0.1363990646921278,0.008963367108339828,0.3526890101325019,0.05494933749025721,0.000779423226812159,False,True,False,True,False,False,False
720575940624901107,cell_class,AN,2566,400,0.25,0.01,0.05,0.019095869056897894,0.4271239282930631,0.1363990646921278,0.008963367108339828,0.3526890101325019,0.05494933749025721,0.000779423226812159,False,False,False,False,False,False,False
720575940624901107,cell_class,AN,2566,400,0.25,0.01,0.1,0.019095869056897894,0.4271239282930631,0.1363990646921278,0.008963367108339828,0.3526890101325019,0.05494933749025721,0.000779423226812159,False,False,False,False,False,False,False
720575940625638916,cell_class,AN,3075,400,0.25,0.14285714285714285,0.01,0.83869918699187,0.08195121951219513,0.07252032520325204,0.0,0.004227642276422764,0.0026016260162601626,0.0,True,True,True,False,,False,
720575940625638916,cell_class,AN,3075,400,0.25,0.14285714285714285,0.05,0.83869918699187,0.08195121951219513,0.07252032520325204,0.0,0.004227642276422764,0.0026016260162601626,0.0,True,False,False,False,,False,
720575940625638916,cell_class,AN,3075,400,0.25,0.14285714285714285,0.1,0.83869918699187,0.08195121951219513,0.07252032520325204,0.0,0.004227642276422764,0.0026016260162601626,0.0,True,False,False,False,,False,
720575940625638916,cell_class,AN,3075,400,0.25,0.04,0.01,0.83869918699187,0.08195121951219513,0.07252032520325204,0.0,0.004227642276422764,0.0026016260162601626,0.0,True,True,False,False,,False,
720575940625638916,cell_class,AN,3075,400,0.25,0.04,0.05,0.83869918699187,0.08195121951219513,0.07252032520325204,0.0,0.004227642276422764,0.0026016260162601626,0.0,True,False,False,False,,False,
720575940625638916,cell_class,AN,3075,400,0.25,0.04,0.1,0.83869918699187,0.08195121951219513,0.07252032520325204,0.0,0.004227642276422764,0.0026016260162601626,0.0,True,False,False,False,,False,
720575940625638916,cell_class,AN,3075,400,0.25,0.02,0.01,0.83869918699187,0.08195121951219513,0.07252032520325204,0.0,0.004227642276422764,0.0026016260162601626,0.0,True,True,False,False,,False,
720575940625638916,cell_class,AN,3075,400,0.25,0.02,0.05,0.83869918699187,0.08195121951219513,0.07252032520325204,0.0,0.004227642276422764,0.0026016260162601626,0.0,True,False,False,False,,False,
720575940625638916,cell_class,AN,3075,400,0.25,0.02,0.1,0.83869918699187,0.08195121951219513,0.07252032520325204,0.0,0.004227642276422764,0.0026016260162601626,0.0,False,False,False,False,,False,
720575940625638916,cell_class,AN,3075,400,0.25,0.01,0.01,0.83869918699187,0.08195121951219513,0.07252032520325204,0.0,0.004227642276422764,0.0026016260162601626,0.0,True,False,False,False,,False,
720575940625638916,cell_class,AN,3075,400,0.25,0.01,0.05,0.83869918699187,0.08195121951219513,0.07252032520325204,0.0,0.004227642276422764,0.0026016260162601626,0.0,False,False,False,False,,False,
720575940625638916,cell_class,AN,3075,400,0.25,0.01,0.1,0.83869918699187,0.08195121951219513,0.07252032520325204,0.0,0.004227642276422764,0.0026016260162601626,0.0,False,False,False,False,,False,
720575940622941005,cell_class,AN,712,400,0.25,0.14285714285714285,0.01,0.5014044943820225,0.4789325842696629,0.011235955056179775,0.0,0.008426966292134831,0.0,0.0,True,True,False,False,,,
720575940622941005,cell_class,AN,712,400,0.25,0.14285714285714285,0.05,0.5014044943820225,0.4789325842696629,0.011235955056179775,0.0,0.008426966292134831,0.0,0.0,True,True,False,False,,,
720575940622941005,cell_class,AN,712,400,0.25,0.14285714285714285,0.1,0.5014044943820225,0.4789325842696629,0.011235955056179775,0.0,0.008426966292134831,0.0,0.0,True,True,False,False,,,
720575940622941005,cell_class,AN,712,400,0.25,0.04,0.01,0.5014044943820225,0.4789325842696629,0.011235955056179775,0.0,0.008426966292134831,0.0,0.0,True,True,False,False,,,
720575940622941005,cell_class,AN,712,400,0.25,0.04,0.05,0.5014044943820225,0.4789325842696629,0.011235955056179775,0.0,0.008426966292134831,0.0,0.0,True,True,False,False,,,
720575940622941005,cell_class,AN,712,400,0.25,0.04,0.1,0.5014044943820225,0.4789325842696629,0.011235955056179775,0.0,0.008426966292134831,0.0,0.0,False,False,False,False,,,
720575940622941005,cell_class,AN,712,400,0.25,0.02,0.01,0.5014044943820225,0.4789325842696629,0.011235955056179775,0.0,0.008426966292134831,0.0,0.0,True,True,False,False,,,
720575940622941005,cell_class,AN,712,400,0.25,0.02,0.05,0.5014044943820225,0.4789325842696629,0.011235955056179775,0.0,0.008426966292134831,0.0,0.0,True,False,False,False,,,
720575940622941005,cell_class,AN,712,400,0.25,0.02,0.1,0.5014044943820225,0.4789325842696629,0.011235955056179775,0.0,0.008426966292134831,0.0,0.0,False,False,False,False,,,
720575940622941005,cell_class,AN,712,400,0.25,0.01,0.01,0.5014044943820225,0.4789325842696629,0.011235955056179775,0.0,0.008426966292134831,0.0,0.0,True,True,False,False,,,
720575940622941005,cell_class,AN,712,400,0.25,0.01,0.05,0.5014044943820225,0.4789325842696629,0.011235955056179775,0.0,0.008426966292134831,0.0,0.0,False,False,False,False,,,
720575940622941005,cell_class,AN,712,400,0.25,0.01,0.1,0.5014044943820225,0.4789325842696629,0.011235955056179775,0.0,0.008426966292134831,0.0,0.0,False,False,False,False,,,
720575940605154988,cell_class,AN,3231,400,0.25,0.14285714285714285,0.01,0.01021355617455896,0.6304549675023212,0.034354688950789226,0.008047044258743422,0.22934076137418755,0.08604147322810275,0.0015475085112968121,False,True,True,True,False,True,False
720575940605154988,cell_class,AN,3231,400,0.25,0.14285714285714285,0.05,0.01021355617455896,0.6304549675023212,0.034354688950789226,0.008047044258743422,0.22934076137418755,0.08604147322810275,0.0015475085112968121,False,True,False,True,False,True,False
720575940605154988,cell_class,AN,3231,400,0.25,0.14285714285714285,0.1,0.01021355617455896,0.6304549675023212,0.034354688950789226,0.008047044258743422,0.22934076137418755,0.08604147322810275,0.0015475085112968121,False,True,False,True,False,False,False
720575940605154988,cell_class,AN,3231,400,0.25,0.04,0.01,0.01021355617455896,0.6304549675023212,0.034354688950789226,0.008047044258743422,0.22934076137418755,0.08604147322810275,0.0015475085112968121,False,True,True,True,False,True,False
720575940605154988,cell_class,AN,3231,400,0.25,0.04,0.05,0.01021355617455896,0.6304549675023212,0.034354688950789226,0.008047044258743422,0.22934076137418755,0.08604147322810275,0.0015475085112968121,False,True,False,False,False,False,False
720575940605154988,cell_class,AN,3231,400,0.25,0.04,0.1,0.01021355617455896,0.6304549675023212,0.034354688950789226,0.008047044258743422,0.22934076137418755,0.08604147322810275,0.0015475085112968121,False,False,False,False,False,False,False
720575940605154988,cell_class,AN,3231,400,0.25,0.02,0.01,0.01021355617455896,0.6304549675023212,0.034354688950789226,0.008047044258743422,0.22934076137418755,0.08604147322810275,0.0015475085112968121,False,True,True,True,False,False,False
720575940605154988,cell_class,AN,3231,400,0.25,0.02,0.05,0.01021355617455896,0.6304549675023212,0.034354688950789226,0.008047044258743422,0.22934076137418755,0.08604147322810275,0.0015475085112968121,False,False,False,False,False,False,False
720575940605154988,cell_class,AN,3231,400,0.25,0.02,0.1,0.01021355617455896,0.6304549675023212,0.034354688950789226,0.008047044258743422,0.22934076137418755,0.08604147322810275,0.0015475085112968121,False,False,False,False,False,False,False
720575940605154988,cell_class,AN,3231,400,0.25,0.01,0.01,0.01021355617455896,0.6304549675023212,0.034354688950789226,0.008047044258743422,0.22934076137418755,0.08604147322810275,0.0015475085112968121,False,True,True,True,False,False,False
720575940605154988,cell_class,AN,3231,400,0.25,0.01,0.05,0.01021355617455896,0.6304549675023212,0.034354688950789226,0.008047044258743422,0.22934076137418755,0.08604147322810275,0.0015475085112968121,False,False,False,False,False,False,False
720575940605154988,cell_class,AN,3231,400,0.25,0.01,0.1,0.01021355617455896,0.6304549675023212,0.034354688950789226,0.008047044258743422,0.22934076137418755,0.08604147322810275,0.0015475085112968121,False,False,False,False,False,False,False
720575940622976845,cell_class,AN,1157,400,0.25,0.14285714285714285,0.01,0.7951598962834918,0.12532411408815902,0.059636992221261884,0.0025929127052722557,0.006050129645635264,0.00950734658599827,0.001728608470181504,True,True,True,False,False,False,False
720575940622976845,cell_class,AN,1157,400,0.25,0.14285714285714285,0.05,0.7951598962834918,0.12532411408815902,0.059636992221261884,0.0025929127052722557,0.006050129645635264,0.00950734658599827,0.001728608470181504,True,False,False,False,False,False,False
720575940622976845,cell_class,AN,1157,400,0.25,0.14285714285714285,0.1,0.7951598962834918,0.12532411408815902,0.059636992221261884,0.0025929127052722557,0.006050129645635264,0.00950734658599827,0.001728608470181504,True,False,False,False,False,False,False
720575940622976845,cell_class,AN,1157,400,0.25,0.04,0.01,0.7951598962834918,0.12532411408815902,0.059636992221261884,0.0025929127052722557,0.006050129645635264,0.00950734658599827,0.001728608470181504,True,True,True,False,False,False,False
720575940622976845,cell_class,AN,1157,400,0.25,0.04,0.05,0.7951598962834918,0.12532411408815902,0.059636992221261884,0.0025929127052722557,0.006050129645635264,0.00950734658599827,0.001728608470181504,True,False,False,False,False,False,False
720575940622976845,cell_class,AN,1157,400,0.25,0.04,0.1,0.7951598962834918,0.12532411408815902,0.059636992221261884,0.0025929127052722557,0.006050129645635264,0.00950734658599827,0.001728608470181504,False,False,False,False,False,False,False
720575940622976845,cell_class,AN,1157,400,0.25,0.02,0.01,0.7951598962834918,0.12532411408815902,0.059636992221261884,0.0025929127052722557,0.006050129645635264,0.00950734658599827,0.001728608470181504,True,True,True,False,False,False,False
720575940622976845,cell_class,AN,1157,400,0.25,0.02,0.05,0.7951598962834918,0.12532411408815902,0.059636992221261884,0.0025929127052722557,0.006050129645635264,0.00950734658599827,0.001728608470181504,True,False,False,False,False,False,False
720575940622976845,cell_class,AN,1157,400,0.25,0.02,0.1,0.7951598962834918,0.12532411408815902,0.059636992221261884,0.0025929127052722557,0.006050129645635264,0.00950734658599827,0.001728608470181504,False,False,False,False,False,False,False
720575940622976845,cell_class,AN,1157,400,0.25,0.01,0.01,0.7951598962834918,0.12532411408815902,0.059636992221261884,0.0025929127052722557,0.006050129645635264,0.00950734658599827,0.001728608470181504,True,True,True,False,False,False,False
720575940622976845,cell_class,AN,1157,400,0.25,0.01,0.05,0.7951598962834918,0.12532411408815902,0.059636992221261884,0.0025929127052722557,0.006050129645635264,0.00950734658599827,0.001728608470181504,True,False,False,False,False,False,False
720575940622976845,cell_class,AN,1157,400,0.25,0.01,0.1,0.7951598962834918,0.12532411408815902,0.059636992221261884,0.0025929127052722557,0.006050129645635264,0.00950734658599827,0.001728608470181504,False,False,False,False,False,False,False
720575940633251320,cell_class,AN,3024,400,0.25,0.14285714285714285,0.01,0.6121031746031746,0.26455026455026454,0.09126984126984126,0.00496031746031746,0.023148148148148147,0.003968253968253968,0.0,True,True,True,False,False,False,
720575940633251320,cell_class,AN,3024,400,0.25,0.14285714285714285,0.05,0.6121031746031746,0.26455026455026454,0.09126984126984126,0.00496031746031746,0.023148148148148147,0.003968253968253968,0.0,True,True,False,False,False,False,
720575940633251320,cell_class,AN,3024,400,0.25,0.14285714285714285,0.1,0.6121031746031746,0.26455026455026454,0.09126984126984126,0.00496031746031746,0.023148148148148147,0.003968253968253968,0.0,True,False,False,False,False,False,
720575940633251320,cell_class,AN,3024,400,0.25,0.04,0.01,0.6121031746031746,0.26455026455026454,0.09126984126984126,0.00496031746031746,0.023148148148148147,0.003968253968253968,0.0,True,True,True,False,False,False,
720575940633251320,cell_class,AN,3024,400,0.25,0.04,0.05,0.6121031746031746,0.26455026455026454,0.09126984126984126,0.00496031746031746,0.023148148148148147,0.003968253968253968,0.0,True,False,False,False,False,False,
720575940633251320,cell_class,AN,3024,400,0.25,0.04,0.1,0.6121031746031746,0.26455026455026454,0.09126984126984126,0.00496031746031746,0.023148148148148147,0.003968253968253968,0.0,False,False,False,False,False,False,
720575940633251320,cell_class,AN,3024,400,0.25,0.02,0.01,0.6121031746031746,0.26455026455026454,0.09126984126984126,0.00496031746031746,0.023148148148148147,0.003968253968253968,0.0,True,True,True,False,False,False,
720575940633251320,cell_class,AN,3024,400,0.25,0.02,0.05,0.6121031746031746,0.26455026455026454,0.09126984126984126,0.00496031746031746,0.023148148148148147,0.003968253968253968,0.0,False,False,False,False,False,False,
720575940633251320,cell_class,AN,3024,400,0.25,0.02,0.1,0.6121031746031746,0.26455026455026454,0.09126984126984126,0.00496031746031746,0.023148148148148147,0.003968253968253968,0.0,False,False,False,False,False,False,
720575940633251320,cell_class,AN,3024,400,0.25,0.01,0.01,0.6121031746031746,0.26455026455026454,0.09126984126984126,0.00496031746031746,0.023148148148148147,0.003968253968253968,0.0,True,True,False,False,False,False,
720575940633251320,cell_class,AN,3024,400,0.25,0.01,0.05,0.6121031746031746,0.26455026455026454,0.09126984126984126,0.00496031746031746,0.023148148148148147,0.003968253968253968,0.0,False,False,False,False,False,False,
720575940633251320,cell_class,AN,3024,400,0.25,0.01,0.1,0.6121031746031746,0.26455026455026454,0.09126984126984126,0.00496031746031746,0.023148148148148147,0.003968253968253968,0.0,False,False,False,False,False,False,
720575940612685162,cell_class,AN,5092,400,0.25,0.14285714285714285,0.01,0.007659073055773763,0.9092694422623724,0.03534956794972506,0.0054988216810683424,0.020227808326787118,0.021798900235663787,0.00019638648860958367,False,True,True,False,False,False,
720575940612685162,cell_class,AN,5092,400,0.25,0.14285714285714285,0.05,0.007659073055773763,0.9092694422623724,0.03534956794972506,0.0054988216810683424,0.020227808326787118,0.021798900235663787,0.00019638648860958367,False,True,False,False,False,False,
720575940612685162,cell_class,AN,5092,400,0.25,0.14285714285714285,0.1,0.007659073055773763,0.9092694422623724,0.03534956794972506,0.0054988216810683424,0.020227808326787118,0.021798900235663787,0.00019638648860958367,False,True,False,False,False,False,
720575940612685162,cell_class,AN,5092,400,0.25,0.04,0.01,0.007659073055773763,0.9092694422623724,0.03534956794972506,0.0054988216810683424,0.020227808326787118,0.021798900235663787,0.00019638648860958367,False,True,False,False,False,False,
720575940612685162,cell_class,AN,5092,400,0.25,0.04,0.05,0.007659073055773763,0.9092694422623724,0.03534956794972506,0.0054988216810683424,0.020227808326787118,0.021798900235663787,0.00019638648860958367,False,True,False,False,False,False,
720575940612685162,cell_class,AN,5092,400,0.25,0.04,0.1,0.007659073055773763,0.9092694422623724,0.03534956794972506,0.0054988216810683424,0.020227808326787118,0.021798900235663787,0.00019638648860958367,False,False,False,False,False,False,
720575940612685162,cell_class,AN,5092,400,0.25,0.02,0.01,0.007659073055773763,0.9092694422623724,0.03534956794972506,0.0054988216810683424,0.020227808326787118,0.021798900235663787,0.00019638648860958367,False,True,False,False,False,False,
720575940612685162,cell_class,AN,5092,400,0.25,0.02,0.05,0.007659073055773763,0.9092694422623724,0.03534956794972506,0.0054988216810683424,0.020227808326787118,0.021798900235663787,0.00019638648860958367,False,True,False,False,False,False,
720575940612685162,cell_class,AN,5092,400,0.25,0.02,0.1,0.007659073055773763,0.9092694422623724,0.03534956794972506,0.0054988216810683424,0.020227808326787118,0.021798900235663787,0.00019638648860958367,False,False,False,False,False,False,
720575940612685162,cell_class,AN,5092,400,0.25,0.01,0.01,0.007659073055773763,0.9092694422623724,0.03534956794972506,0.0054988216810683424,0.020227808326787118,0.021798900235663787,0.00019638648860958367,False,True,False,False,False,False,
720575940612685162,cell_class,AN,5092,400,0.25,0.01,0.05,0.007659073055773763,0.9092694422623724,0.03534956794972506,0.0054988216810683424,0.020227808326787118,0.021798900235663787,0.00019638648860958367,False,False,False,False,False,False,
720575940612685162,cell_class,AN,5092,400,0.25,0.01,0.1,0.007659073055773763,0.9092694422623724,0.03534956794972506,0.0054988216810683424,0.020227808326787118,0.021798900235663787,0.00019638648860958367,False,False,False,False,False,False,
720575940612050033,cell_class,AN,1935,400,0.25,0.14285714285714285,0.01,0.008785529715762274,0.8108527131782945,0.01757105943152455,0.0020671834625322996,0.12454780361757106,0.03565891472868217,0.0005167958656330749,False,True,False,True,False,True,
720575940612050033,cell_class,AN,1935,400,0.25,0.14285714285714285,0.05,0.008785529715762274,0.8108527131782945,0.01757105943152455,0.0020671834625322996,0.12454780361757106,0.03565891472868217,0.0005167958656330749,False,True,False,True,False,False,
720575940612050033,cell_class,AN,1935,400,0.25,0.14285714285714285,0.1,0.008785529715762274,0.8108527131782945,0.01757105943152455,0.0020671834625322996,0.12454780361757106,0.03565891472868217,0.0005167958656330749,False,True,False,False,False,False,
720575940612050033,cell_class,AN,1935,400,0.25,0.04,0.01,0.008785529715762274,0.8108527131782945,0.01757105943152455,0.0020671834625322996,0.12454780361757106,0.03565891472868217,0.0005167958656330749,False,True,False,True,False,False,
720575940612050033,cell_class,AN,1935,400,0.25,0.04,0.05,0.008785529715762274,0.8108527131782945,0.01757105943152455,0.0020671834625322996,0.12454780361757106,0.03565891472868217,0.0005167958656330749,False,True,False,False,False,False,
720575940612050033,cell_class,AN,1935,400,0.25,0.04,0.1,0.008785529715762274,0.8108527131782945,0.01757105943152455,0.0020671834625322996,0.12454780361757106,0.03565891472868217,0.0005167958656330749,False,True,False,False,False,False,
720575940612050033,cell_class,AN,1935,400,0.25,0.02,0.01,0.008785529715762274,0.8108527131782945,0.01757105943152455,0.0020671834625322996,0.12454780361757106,0.03565891472868217,0.0005167958656330749,False,True,False,True,False,False,
720575940612050033,cell_class,AN,1935,400,0.25,0.02,0.05,0.008785529715762274,0.8108527131782945,0.01757105943152455,0.0020671834625322996,0.12454780361757106,0.03565891472868217,0.0005167958656330749,False,True,False,False,False,False,
720575940612050033,cell_class,AN,1935,400,0.25,0.02,0.1,0.008785529715762274,0.8108527131782945,0.01757105943152455,0.0020671834625322996,0.12454780361757106,0.03565891472868217,0.0005167958656330749,False,False,False,False,False,False,
720575940612050033,cell_class,AN,1935,400,0.25,0.01,0.01,0.008785529715762274,0.8108527131782945,0.01757105943152455,0.0020671834625322996,0.12454780361757106,0.03565891472868217,0.0005167958656330749,False,True,False,True,False,False,
720575940612050033,cell_class,AN,1935,400,0.25,0.01,0.05,0.008785529715762274,0.8108527131782945,0.01757105943152455,0.0020671834625322996,0.12454780361757106,0.03565891472868217,0.0005167958656330749,False,False,False,False,False,False,
720575940612050033,cell_class,AN,1935,400,0.25,0.01,0.1,0.008785529715762274,0.8108527131782945,0.01757105943152455,0.0020671834625322996,0.12454780361757106,0.03565891472868217,0.0005167958656330749,False,False,False,False,False,False,
720575940617438016,cell_class,AN,4333,400,0.25,0.14285714285714285,0.01,0.009000692360950842,0.8982229402261712,0.02492499423032541,0.004846526655896607,0.04546503577198246,0.017309023771059313,0.00023078698361412417,False,True,False,True,False,False,
720575940617438016,cell_class,AN,4333,400,0.25,0.14285714285714285,0.05,0.009000692360950842,0.8982229402261712,0.02492499423032541,0.004846526655896607,0.04546503577198246,0.017309023771059313,0.00023078698361412417,False,True,False,False,False,False,
720575940617438016,cell_class,AN,4333,400,0.25,0.14285714285714285,0.1,0.009000692360950842,0.8982229402261712,0.02492499423032541,0.004846526655896607,0.04546503577198246,0.017309023771059313,0.00023078698361412417,False,True,False,False,False,False,
720575940617438016,cell_class,AN,4333,400,0.25,0.04,0.01,0.009000692360950842,0.8982229402261712,0.02492499423032541,0.004846526655896607,0.04546503577198246,0.017309023771059313,0.00023078698361412417,False,True,False,False,False,False,
720575940617438016,cell_class,AN,4333,400,0.25,0.04,0.05,0.009000692360950842,0.8982229402261712,0.02492499423032541,0.004846526655896607,0.04546503577198246,0.017309023771059313,0.00023078698361412417,False,True,False,False,False,False,
720575940617438016,cell_class,AN,4333,400,0.25,0.04,0.1,0.009000692360950842,0.8982229402261712,0.02492499423032541,0.004846526655896607,0.04546503577198246,0.017309023771059313,0.00023078698361412417,False,True,False,False,False,False,
720575940617438016,cell_class,AN,4333,400,0.25,0.02,0.01,0.009000692360950842,0.8982229402261712,0.02492499423032541,0.004846526655896607,0.04546503577198246,0.017309023771059313,0.00023078698361412417,False,True,False,False,False,False,
720575940617438016,cell_class,AN,4333,400,0.25,0.02,0.05,0.009000692360950842,0.8982229402261712,0.02492499423032541,0.004846526655896607,0.04546503577198246,0.017309023771059313,0.00023078698361412417,False,True,False,False,False,False,
720575940617438016,cell_class,AN,4333,400,0.25,0.02,0.1,0.009000692360950842,0.8982229402261712,0.02492499423032541,0.004846526655896607,0.04546503577198246,0.017309023771059313,0.00023078698361412417,False,False,False,False,False,False,
720575940617438016,cell_class,AN,4333,400,0.25,0.01,0.01,0.009000692360950842,0.8982229402261712,0.02492499423032541,0.004846526655896607,0.04546503577198246,0.017309023771059313,0.00023078698361412417,False,True,False,False,False,False,
720575940617438016,cell_class,AN,4333,400,0.25,0.01,0.05,0.009000692360950842,0.8982229402261712,0.02492499423032541,0.004846526655896607,0.04546503577198246,0.017309023771059313,0.00023078698361412417,False,False,False,False,False,False,
720575940617438016,cell_class,AN,4333,400,0.25,0.01,0.1,0.009000692360950842,0.8982229402261712,0.02492499423032541,0.004846526655896607,0.04546503577198246,0.017309023771059313,0.00023078698361412417,False,False,False,False,False,False,
720575940627663100,cell_class,AN,1216,400,0.25,0.14285714285714285,0.01,0.0024671052631578946,0.7327302631578947,0.008223684210526315,0.003289473684210526,0.24424342105263158,0.008223684210526315,0.0008223684210526315,False,True,False,True,False,False,
720575940627663100,cell_class,AN,1216,400,0.25,0.14285714285714285,0.05,0.0024671052631578946,0.7327302631578947,0.008223684210526315,0.003289473684210526,0.24424342105263158,0.008223684210526315,0.0008223684210526315,False,True,False,True,False,False,
720575940627663100,cell_class,AN,1216,400,0.25,0.14285714285714285,0.1,0.0024671052631578946,0.7327302631578947,0.008223684210526315,0.003289473684210526,0.24424342105263158,0.008223684210526315,0.0008223684210526315,False,True,False,True,False,False,
720575940627663100,cell_class,AN,1216,400,0.25,0.04,0.01,0.0024671052631578946,0.7327302631578947,0.008223684210526315,0.003289473684210526,0.24424342105263158,0.008223684210526315,0.0008223684210526315,False,True,False,True,False,False,
720575940627663100,cell_class,AN,1216,400,0.25,0.04,0.05,0.0024671052631578946,0.7327302631578947,0.008223684210526315,0.003289473684210526,0.24424342105263158,0.008223684210526315,0.0008223684210526315,False,True,False,True,False,False,
720575940627663100,cell_class,AN,1216,400,0.25,0.04,0.1,0.0024671052631578946,0.7327302631578947,0.008223684210526315,0.003289473684210526,0.24424342105263158,0.008223684210526315,0.0008223684210526315,False,False,False,False,False,False,
720575940627663100,cell_class,AN,1216,400,0.25,0.02,0.01,0.0024671052631578946,0.7327302631578947,0.008223684210526315,0.003289473684210526,0.24424342105263158,0.008223684210526315,0.0008223684210526315,False,True,False,True,False,False,
720575940627663100,cell_class,AN,1216,400,0.25,0.02,0.05,0.0024671052631578946,0.7327302631578947,0.008223684210526315,0.003289473684210526,0.24424342105263158,0.008223684210526315,0.0008223684210526315,False,True,False,True,False,False,
720575940627663100,cell_class,AN,1216,400,0.25,0.02,0.1,0.0024671052631578946,0.7327302631578947,0.008223684210526315,0.003289473684210526,0.24424342105263158,0.008223684210526315,0.0008223684210526315,False,False,False,False,False,False,
720575940627663100,cell_class,AN,1216,400,0.25,0.01,0.01,0.0024671052631578946,0.7327302631578947,0.008223684210526315,0.003289473684210526,0.24424342105263158,0.008223684210526315,0.0008223684210526315,False,True,False,True,False,False,
720575940627663100,cell_class,AN,1216,400,0.25,0.01,0.05,0.0024671052631578946,0.7327302631578947,0.008223684210526315,0.003289473684210526,0.24424342105263158,0.008223684210526315,0.0008223684210526315,False,False,False,False,False,False,
720575940627663100,cell_class,AN,1216,400,0.25,0.01,0.1,0.0024671052631578946,0.7327302631578947,0.008223684210526315,0.003289473684210526,0.24424342105263158,0.008223684210526315,0.0008223684210526315,False,False,False,False,False,False,
720575940625985098,cell_class,AN,866,400,0.25,0.14285714285714285,0.01,0.0011547344110854503,0.7759815242494227,0.1535796766743649,0.0011547344110854503,0.028868360277136258,0.03926096997690531,0.0,,True,True,True,,True,
720575940625985098,cell_class,AN,866,400,0.25,0.14285714285714285,0.05,0.0011547344110854503,0.7759815242494227,0.1535796766743649,0.0011547344110854503,0.028868360277136258,0.03926096997690531,0.0,,True,True,False,,False,
720575940625985098,cell_class,AN,866,400,0.25,0.14285714285714285,0.1,0.0011547344110854503,0.7759815242494227,0.1535796766743649,0.0011547344110854503,0.028868360277136258,0.03926096997690531,0.0,,True,False,False,,False,
720575940625985098,cell_class,AN,866,400,0.25,0.04,0.01,0.0011547344110854503,0.7759815242494227,0.1535796766743649,0.0011547344110854503,0.028868360277136258,0.03926096997690531,0.0,,True,True,True,,True,
720575940625985098,cell_class,AN,866,400,0.25,0.04,0.05,0.0011547344110854503,0.7759815242494227,0.1535796766743649,0.0011547344110854503,0.028868360277136258,0.03926096997690531,0.0,,True,False,False,,False,
720575940625985098,cell_class,AN,866,400,0.25,0.04,0.1,0.0011547344110854503,0.7759815242494227,0.1535796766743649,0.0011547344110854503,0.028868360277136258,0.03926096997690531,0.0,,True,False,False,,False,
720575940625985098,cell_class,AN,866,400,0.25,0.02,0.01,0.0011547344110854503,0.7759815242494227,0.1535796766743649,0.0011547344110854503,0.028868360277136258,0.03926096997690531,0.0,,True,True,True,,False,
720575940625985098,cell_class,AN,866,400,0.25,0.02,0.05,0.0011547344110854503,0.7759815242494227,0.1535796766743649,0.0011547344110854503,0.028868360277136258,0.03926096997690531,0.0,,True,False,False,,False,
720575940625985098,cell_class,AN,866,400,0.25,0.02,0.1,0.0011547344110854503,0.7759815242494227,0.1535796766743649,0.0011547344110854503,0.028868360277136258,0.03926096997690531,0.0,,False,False,False,,False,
720575940625985098,cell_class,AN,866,400,0.25,0.01,0.01,0.0011547344110854503,0.7759815242494227,0.1535796766743649,0.0011547344110854503,0.028868360277136258,0.03926096997690531,0.0,,True,True,True,,False,
720575940625985098,cell_class,AN,866,400,0.25,0.01,0.05,0.0011547344110854503,0.7759815242494227,0.1535796766743649,0.0011547344110854503,0.028868360277136258,0.03926096997690531,0.0,,False,False,False,,False,
720575940625985098,cell_class,AN,866,400,0.25,0.01,0.1,0.0011547344110854503,0.7759815242494227,0.1535796766743649,0.0011547344110854503,0.028868360277136258,0.03926096997690531,0.0,,False,False,False,,False,
720575940624403843,cell_class,AN,3067,400,0.25,0.14285714285714285,0.01,0.009129442451907402,0.9556569938050212,0.004564721225953701,0.00032605151613955004,0.015976524290837953,0.014346266710140202,0.0,False,True,False,False,,True,
720575940624403843,cell_class,AN,3067,400,0.25,0.14285714285714285,0.05,0.009129442451907402,0.9556569938050212,0.004564721225953701,0.00032605151613955004,0.015976524290837953,0.014346266710140202,0.0,False,True,False,False,,False,
720575940624403843,cell_class,AN,3067,400,0.25,0.14285714285714285,0.1,0.009129442451907402,0.9556569938050212,0.004564721225953701,0.00032605151613955004,0.015976524290837953,0.014346266710140202,0.0,False,True,False,False,,False,
720575940624403843,cell_class,AN,3067,400,0.25,0.04,0.01,0.009129442451907402,0.9556569938050212,0.004564721225953701,0.00032605151613955004,0.015976524290837953,0.014346266710140202,0.0,False,True,False,False,,False,
720575940624403843,cell_class,AN,3067,400,0.25,0.04,0.05,0.009129442451907402,0.9556569938050212,0.004564721225953701,0.00032605151613955004,0.015976524290837953,0.014346266710140202,0.0,False,True,False,False,,False,
720575940624403843,cell_class,AN,3067,400,0.25,0.04,0.1,0.009129442451907402,0.9556569938050212,0.004564721225953701,0.00032605151613955004,0.015976524290837953,0.014346266710140202,0.0,False,True,False,False,,False,
720575940624403843,cell_class,AN,3067,400,0.25,0.02,0.01,0.009129442451907402,0.9556569938050212,0.004564721225953701,0.00032605151613955004,0.015976524290837953,0.014346266710140202,0.0,False,True,False,False,,False,
720575940624403843,cell_class,AN,3067,400,0.25,0.02,0.05,0.009129442451907402,0.9556569938050212,0.004564721225953701,0.00032605151613955004,0.015976524290837953,0.014346266710140202,0.0,False,True,False,False,,False,
720575940624403843,cell_class,AN,3067,400,0.25,0.02,0.1,0.009129442451907402,0.9556569938050212,0.004564721225953701,0.00032605151613955004,0.015976524290837953,0.014346266710140202,0.0,False,False,False,False,,False,
720575940624403843,cell_class,AN,3067,400,0.25,0.01,0.01,0.009129442451907402,0.9556569938050212,0.004564721225953701,0.00032605151613955004,0.015976524290837953,0.014346266710140202,0.0,False,True,False,False,,False,
720575940624403843,cell_class,AN,3067,400,0.25,0.01,0.05,0.009129442451907402,0.9556569938050212,0.004564721225953701,0.00032605151613955004,0.015976524290837953,0.014346266710140202,0.0,False,False,False,False,,False,
720575940624403843,cell_class,AN,3067,400,0.25,0.01,0.1,0.009129442451907402,0.9556569938050212,0.004564721225953701,0.00032605151613955004,0.015976524290837953,0.014346266710140202,0.0,False,False,False,False,,False,
720575940631092947,cell_class,AN,1651,400,0.25,0.14285714285714285,0.01,0.014536644457904301,0.8340399757722592,0.004239854633555421,0.0024227740763173833,0.08721986674742581,0.05754088431253786,0.0,False,True,False,True,False,True,
720575940631092947,cell_class,AN,1651,400,0.25,0.14285714285714285,0.05,0.014536644457904301,0.8340399757722592,0.004239854633555421,0.0024227740763173833,0.08721986674742581,0.05754088431253786,0.0,False,True,False,False,False,False,
720575940631092947,cell_class,AN,1651,400,0.25,0.14285714285714285,0.1,0.014536644457904301,0.8340399757722592,0.004239854633555421,0.0024227740763173833,0.08721986674742581,0.05754088431253786,0.0,False,True,False,False,False,False,
720575940631092947,cell_class,AN,1651,400,0.25,0.04,0.01,0.014536644457904301,0.8340399757722592,0.004239854633555421,0.0024227740763173833,0.08721986674742581,0.05754088431253786,0.0,False,True,False,True,False,True,
720575940631092947,cell_class,AN,1651,400,0.25,0.04,0.05,0.014536644457904301,0.8340399757722592,0.004239854633555421,0.0024227740763173833,0.08721986674742581,0.05754088431253786,0.0,False,True,False,False,False,False,
720575940631092947,cell_class,AN,1651,400,0.25,0.04,0.1,0.014536644457904301,0.8340399757722592,0.004239854633555421,0.0024227740763173833,0.08721986674742581,0.05754088431253786,0.0,False,True,False,False,False,False,
720575940631092947,cell_class,AN,1651,400,0.25,0.02,0.01,0.014536644457904301,0.8340399757722592,0.004239854633555421,0.0024227740763173833,0.08721986674742581,0.05754088431253786,0.0,False,True,False,True,False,True,
720575940631092947,cell_class,AN,1651,400,0.25,0.02,0.05,0.014536644457904301,0.8340399757722592,0.004239854633555421,0.0024227740763173833,0.08721986674742581,0.05754088431253786,0.0,False,True,False,False,False,False,
720575940631092947,cell_class,AN,1651,400,0.25,0.02,0.1,0.014536644457904301,0.8340399757722592,0.004239854633555421,0.0024227740763173833,0.08721986674742581,0.05754088431253786,0.0,False,False,False,False,False,False,
720575940631092947,cell_class,AN,1651,400,0.25,0.01,0.01,0.014536644457904301,0.8340399757722592,0.004239854633555421,0.0024227740763173833,0.08721986674742581,0.05754088431253786,0.0,False,True,False,True,False,False,
720575940631092947,cell_class,AN,1651,400,0.25,0.01,0.05,0.014536644457904301,0.8340399757722592,0.004239854633555421,0.0024227740763173833,0.08721986674742581,0.05754088431253786,0.0,False,False,False,False,False,False,
720575940631092947,cell_class,AN,1651,400,0.25,0.01,0.1,0.014536644457904301,0.8340399757722592,0.004239854633555421,0.0024227740763173833,0.08721986674742581,0.05754088431253786,0.0,False,False,False,False,False,False,
720575940638558953,cell_class,AN,9068,400,0.25,0.14285714285714285,0.01,0.002756947507719453,0.9526907807675342,0.029554477282752536,0.0018747243052492282,0.0046316718129686815,0.008491398323775915,0.0,False,True,True,False,False,False,
720575940638558953,cell_class,AN,9068,400,0.25,0.14285714285714285,0.05,0.002756947507719453,0.9526907807675342,0.029554477282752536,0.0018747243052492282,0.0046316718129686815,0.008491398323775915,0.0,False,True,False,False,False,False,
720575940638558953,cell_class,AN,9068,400,0.25,0.14285714285714285,0.1,0.002756947507719453,0.9526907807675342,0.029554477282752536,0.0018747243052492282,0.0046316718129686815,0.008491398323775915,0.0,False,True,False,False,False,False,
720575940638558953,cell_class,AN,9068,400,0.25,0.04,0.01,0.002756947507719453,0.9526907807675342,0.029554477282752536,0.0018747243052492282,0.0046316718129686815,0.008491398323775915,0.0,False,True,False,False,False,False,
720575940638558953,cell_class,AN,9068,400,0.25,0.04,0.05,0.002756947507719453,0.9526907807675342,0.029554477282752536,0.0018747243052492282,0.0046316718129686815,0.008491398323775915,0.0,False,True,False,False,False,False,
720575940638558953,cell_class,AN,9068,400,0.25,0.04,0.1,0.002756947507719453,0.9526907807675342,0.029554477282752536,0.0018747243052492282,0.0046316718129686815,0.008491398323775915,0.0,False,True,False,False,False,False,
720575940638558953,cell_class,AN,9068,400,0.25,0.02,0.01,0.002756947507719453,0.9526907807675342,0.029554477282752536,0.0018747243052492282,0.0046316718129686815,0.008491398323775915,0.0,False,True,False,False,False,False,
720575940638558953,cell_class,AN,9068,400,0.25,0.02,0.05,0.002756947507719453,0.9526907807675342,0.029554477282752536,0.0018747243052492282,0.0046316718129686815,0.008491398323775915,0.0,False,True,False,False,False,False,
720575940638558953,cell_class,AN,9068,400,0.25,0.02,0.1,0.002756947507719453,0.9526907807675342,0.029554477282752536,0.0018747243052492282,0.0046316718129686815,0.008491398323775915,0.0,False,False,False,False,False,False,
720575940638558953,cell_class,AN,9068,400,0.25,0.01,0.01,0.002756947507719453,0.9526907807675342,0.029554477282752536,0.0018747243052492282,0.0046316718129686815,0.008491398323775915,0.0,False,True,False,False,False,False,
720575940638558953,cell_class,AN,9068,400,0.25,0.01,0.05,0.002756947507719453,0.9526907807675342,0.029554477282752536,0.0018747243052492282,0.0046316718129686815,0.008491398323775915,0.0,False,False,False,False,False,False,
720575940638558953,cell_class,AN,9068,400,0.25,0.01,0.1,0.002756947507719453,0.9526907807675342,0.029554477282752536,0.0018747243052492282,0.0046316718129686815,0.008491398323775915,0.0,False,False,False,False,False,False,
720575940615222634,cell_class,AN,2309,400,0.25,0.14285714285714285,0.01,0.013858813339107838,0.030316154179298397,0.18796015591165008,0.056734517106972714,0.6890428757037679,0.02208748375920312,0.0,False,True,True,True,True,True,
720575940615222634,cell_class,AN,2309,400,0.25,0.14285714285714285,0.05,0.013858813339107838,0.030316154179298397,0.18796015591165008,0.056734517106972714,0.6890428757037679,0.02208748375920312,0.0,False,False,True,True,False,False,
720575940615222634,cell_class,AN,2309,400,0.25,0.14285714285714285,0.1,0.013858813339107838,0.030316154179298397,0.18796015591165008,0.056734517106972714,0.6890428757037679,0.02208748375920312,0.0,False,False,True,True,False,False,
720575940615222634,cell_class,AN,2309,400,0.25,0.04,0.01,0.013858813339107838,0.030316154179298397,0.18796015591165008,0.056734517106972714,0.6890428757037679,0.02208748375920312,0.0,False,False,True,True,True,False,
720575940615222634,cell_class,AN,2309,400,0.25,0.04,0.05,0.013858813339107838,0.030316154179298397,0.18796015591165008,0.056734517106972714,0.6890428757037679,0.02208748375920312,0.0,False,False,True,True,False,False,
720575940615222634,cell_class,AN,2309,400,0.25,0.04,0.1,0.013858813339107838,0.030316154179298397,0.18796015591165008,0.056734517106972714,0.6890428757037679,0.02208748375920312,0.0,False,False,False,True,False,False,
720575940615222634,cell_class,AN,2309,400,0.25,0.02,0.01,0.013858813339107838,0.030316154179298397,0.18796015591165008,0.056734517106972714,0.6890428757037679,0.02208748375920312,0.0,False,False,True,True,False,False,
720575940615222634,cell_class,AN,2309,400,0.25,0.02,0.05,0.013858813339107838,0.030316154179298397,0.18796015591165008,0.056734517106972714,0.6890428757037679,0.02208748375920312,0.0,False,False,False,False,False,False,
720575940615222634,cell_class,AN,2309,400,0.25,0.02,0.1,0.013858813339107838,0.030316154179298397,0.18796015591165008,0.056734517106972714,0.6890428757037679,0.02208748375920312,0.0,False,False,False,False,False,False,
720575940615222634,cell_class,AN,2309,400,0.25,0.01,0.01,0.013858813339107838,0.030316154179298397,0.18796015591165008,0.056734517106972714,0.6890428757037679,0.02208748375920312,0.0,False,False,True,True,False,False,
720575940615222634,cell_class,AN,2309,400,0.25,0.01,0.05,0.013858813339107838,0.030316154179298397,0.18796015591165008,0.056734517106972714,0.6890428757037679,0.02208748375920312,0.0,False,False,False,False,False,False,
720575940615222634,cell_class,AN,2309,400,0.25,0.01,0.1,0.013858813339107838,0.030316154179298397,0.18796015591165008,0.056734517106972714,0.6890428757037679,0.02208748375920312,0.0,False,False,False,False,False,False,
720575940627244200,cell_class,AN,5857,400,0.25,0.14285714285714285,0.01,0.04473279836093563,0.18576062830800752,0.5466962608844118,0.008536793580331228,0.14922315178418985,0.0640259518524842,0.0010244152296397474,True,True,True,True,False,True,False
720575940627244200,cell_class,AN,5857,400,0.25,0.14285714285714285,0.05,0.04473279836093563,0.18576062830800752,0.5466962608844118,0.008536793580331228,0.14922315178418985,0.0640259518524842,0.0010244152296397474,False,True,True,True,False,False,False
720575940627244200,cell_class,AN,5857,400,0.25,0.14285714285714285,0.1,0.04473279836093563,0.18576062830800752,0.5466962608844118,0.008536793580331228,0.14922315178418985,0.0640259518524842,0.0010244152296397474,False,False,True,True,False,False,False
720575940627244200,cell_class,AN,5857,400,0.25,0.04,0.01,0.04473279836093563,0.18576062830800752,0.5466962608844118,0.008536793580331228,0.14922315178418985,0.0640259518524842,0.0010244152296397474,True,True,True,True,False,True,False
720575940627244200,cell_class,AN,5857,400,0.25,0.04,0.05,0.04473279836093563,0.18576062830800752,0.5466962608844118,0.008536793580331228,0.14922315178418985,0.0640259518524842,0.0010244152296397474,False,True,True,False,False,False,False
720575940627244200,cell_class,AN,5857,400,0.25,0.04,0.1,0.04473279836093563,0.18576062830800752,0.5466962608844118,0.008536793580331228,0.14922315178418985,0.0640259518524842,0.0010244152296397474,False,False,False,False,False,False,False
720575940627244200,cell_class,AN,5857,400,0.25,0.02,0.01,0.04473279836093563,0.18576062830800752,0.5466962608844118,0.008536793580331228,0.14922315178418985,0.0640259518524842,0.0010244152296397474,False,True,True,True,False,False,False
720575940627244200,cell_class,AN,5857,400,0.25,0.02,0.05,0.04473279836093563,0.18576062830800752,0.5466962608844118,0.008536793580331228,0.14922315178418985,0.0640259518524842,0.0010244152296397474,False,False,False,False,False,False,False
720575940627244200,cell_class,AN,5857,400,0.25,0.02,0.1,0.04473279836093563,0.18576062830800752,0.5466962608844118,0.008536793580331228,0.14922315178418985,0.0640259518524842,0.0010244152296397474,False,False,False,False,False,False,False
720575940627244200,cell_class,AN,5857,400,0.25,0.01,0.01,0.04473279836093563,0.18576062830800752,0.5466962608844118,0.008536793580331228,0.14922315178418985,0.0640259518524842,0.0010244152296397474,False,True,True,False,False,False,False
720575940627244200,cell_class,AN,5857,400,0.25,0.01,0.05,0.04473279836093563,0.18576062830800752,0.5466962608844118,0.008536793580331228,0.14922315178418985,0.0640259518524842,0.0010244152296397474,False,False,False,False,False,False,False
720575940627244200,cell_class,AN,5857,400,0.25,0.01,0.1,0.04473279836093563,0.18576062830800752,0.5466962608844118,0.008536793580331228,0.14922315178418985,0.0640259518524842,0.0010244152296397474,False,False,False,False,False,False,False
720575940618092289,cell_class,AN,3298,400,0.25,0.14285714285714285,0.01,0.005761067313523348,0.8778047301394785,0.09278350515463918,0.00030321406913280777,0.0072771376591873865,0.015767131594906003,0.00030321406913280777,False,True,True,False,,False,
720575940618092289,cell_class,AN,3298,400,0.25,0.14285714285714285,0.05,0.005761067313523348,0.8778047301394785,0.09278350515463918,0.00030321406913280777,0.0072771376591873865,0.015767131594906003,0.00030321406913280777,False,True,True,False,,False,
720575940618092289,cell_class,AN,3298,400,0.25,0.14285714285714285,0.1,0.005761067313523348,0.8778047301394785,0.09278350515463918,0.00030321406913280777,0.0072771376591873865,0.015767131594906003,0.00030321406913280777,False,True,False,False,,False,
720575940618092289,cell_class,AN,3298,400,0.25,0.04,0.01,0.005761067313523348,0.8778047301394785,0.09278350515463918,0.00030321406913280777,0.0072771376591873865,0.015767131594906003,0.00030321406913280777,False,True,True,False,,False,
720575940618092289,cell_class,AN,3298,400,0.25,0.04,0.05,0.005761067313523348,0.8778047301394785,0.09278350515463918,0.00030321406913280777,0.0072771376591873865,0.015767131594906003,0.00030321406913280777,False,True,False,False,,False,
720575940618092289,cell_class,AN,3298,400,0.25,0.04,0.1,0.005761067313523348,0.8778047301394785,0.09278350515463918,0.00030321406913280777,0.0072771376591873865,0.015767131594906003,0.00030321406913280777,False,False,False,False,,False,
720575940618092289,cell_class,AN,3298,400,0.25,0.02,0.01,0.005761067313523348,0.8778047301394785,0.09278350515463918,0.00030321406913280777,0.0072771376591873865,0.015767131594906003,0.00030321406913280777,False,True,True,False,,False,
720575940618092289,cell_class,AN,3298,400,0.25,0.02,0.05,0.005761067313523348,0.8778047301394785,0.09278350515463918,0.00030321406913280777,0.0072771376591873865,0.015767131594906003,0.00030321406913280777,False,True,False,False,,False,
720575940618092289,cell_class,AN,3298,400,0.25,0.02,0.1,0.005761067313523348,0.8778047301394785,0.09278350515463918,0.00030321406913280777,0.0072771376591873865,0.015767131594906003,0.00030321406913280777,False,False,False,False,,False,
720575940618092289,cell_class,AN,3298,400,0.25,0.01,0.01,0.005761067313523348,0.8778047301394785,0.09278350515463918,0.00030321406913280777,0.0072771376591873865,0.015767131594906003,0.00030321406913280777,False,True,False,False,,False,
720575940618092289,cell_class,AN,3298,400,0.25,0.01,0.05,0.005761067313523348,0.8778047301394785,0.09278350515463918,0.00030321406913280777,0.0072771376591873865,0.015767131594906003,0.00030321406913280777,False,False,False,False,,False,
720575940618092289,cell_class,AN,3298,400,0.25,0.01,0.1,0.005761067313523348,0.8778047301394785,0.09278350515463918,0.00030321406913280777,0.0072771376591873865,0.015767131594906003,0.00030321406913280777,False,False,False,False,,False,
720575940628539735,cell_class,AN,1138,400,0.25,0.14285714285714285,0.01,0.027240773286467488,0.8919156414762741,0.06239015817223199,0.0008787346221441124,0.006151142355008787,0.011423550087873463,0.0,True,True,True,False,,False,
720575940628539735,cell_class,AN,1138,400,0.25,0.14285714285714285,0.05,0.027240773286467488,0.8919156414762741,0.06239015817223199,0.0008787346221441124,0.006151142355008787,0.011423550087873463,0.0,False,True,False,False,,False,
720575940628539735,cell_class,AN,1138,400,0.25,0.14285714285714285,0.1,0.027240773286467488,0.8919156414762741,0.06239015817223199,0.0008787346221441124,0.006151142355008787,0.011423550087873463,0.0,False,True,False,False,,False,
720575940628539735,cell_class,AN,1138,400,0.25,0.04,0.01,0.027240773286467488,0.8919156414762741,0.06239015817223199,0.0008787346221441124,0.006151142355008787,0.011423550087873463,0.0,True,True,True,False,,False,
720575940628539735,cell_class,AN,1138,400,0.25,0.04,0.05,0.027240773286467488,0.8919156414762741,0.06239015817223199,0.0008787346221441124,0.006151142355008787,0.011423550087873463,0.0,False,True,False,False,,False,
720575940628539735,cell_class,AN,1138,400,0.25,0.04,0.1,0.027240773286467488,0.8919156414762741,0.06239015817223199,0.0008787346221441124,0.006151142355008787,0.011423550087873463,0.0,False,True,False,False,,False,
720575940628539735,cell_class,AN,1138,400,0.25,0.02,0.01,0.027240773286467488,0.8919156414762741,0.06239015817223199,0.0008787346221441124,0.006151142355008787,0.011423550087873463,0.0,True,True,True,False,,False,
720575940628539735,cell_class,AN,1138,400,0.25,0.02,0.05,0.027240773286467488,0.8919156414762741,0.06239015817223199,0.0008787346221441124,0.006151142355008787,0.011423550087873463,0.0,False,True,False,False,,False,
720575940628539735,cell_class,AN,1138,400,0.25,0.02,0.1,0.027240773286467488,0.8919156414762741,0.06239015817223199,0.0008787346221441124,0.006151142355008787,0.011423550087873463,0.0,False,False,False,False,,False,
720575940628539735,cell_class,AN,1138,400,0.25,0.01,0.01,0.027240773286467488,0.8919156414762741,0.06239015817223199,0.0008787346221441124,0.006151142355008787,0.011423550087873463,0.0,True,True,True,False,,False,
720575940628539735,cell_class,AN,1138,400,0.25,0.01,0.05,0.027240773286467488,0.8919156414762741,0.06239015817223199,0.0008787346221441124,0.006151142355008787,0.011423550087873463,0.0,False,True,False,False,,False,
720575940628539735,cell_class,AN,1138,400,0.25,0.01,0.1,0.027240773286467488,0.8919156414762741,0.06239015817223199,0.0008787346221441124,0.006151142355008787,0.011423550087873463,0.0,False,False,False,False,,False,
720575940612102769,cell_class,AN,2816,400,0.25,0.14285714285714285,0.01,0.009943181818181818,0.6676136363636364,0.08771306818181818,0.0024857954545454545,0.16725852272727273,0.06427556818181818,0.0007102272727272727,False,True,True,True,False,True,False
720575940612102769,cell_class,AN,2816,400,0.25,0.14285714285714285,0.05,0.009943181818181818,0.6676136363636364,0.08771306818181818,0.0024857954545454545,0.16725852272727273,0.06427556818181818,0.0007102272727272727,False,True,False,True,False,False,False
720575940612102769,cell_class,AN,2816,400,0.25,0.14285714285714285,0.1,0.009943181818181818,0.6676136363636364,0.08771306818181818,0.0024857954545454545,0.16725852272727273,0.06427556818181818,0.0007102272727272727,False,True,False,False,False,False,False
720575940612102769,cell_class,AN,2816,400,0.25,0.04,0.01,0.009943181818181818,0.6676136363636364,0.08771306818181818,0.0024857954545454545,0.16725852272727273,0.06427556818181818,0.0007102272727272727,False,True,True,True,False,True,False
720575940612102769,cell_class,AN,2816,400,0.25,0.04,0.05,0.009943181818181818,0.6676136363636364,0.08771306818181818,0.0024857954545454545,0.16725852272727273,0.06427556818181818,0.0007102272727272727,False,True,False,False,False,False,False
720575940612102769,cell_class,AN,2816,400,0.25,0.04,0.1,0.009943181818181818,0.6676136363636364,0.08771306818181818,0.0024857954545454545,0.16725852272727273,0.06427556818181818,0.0007102272727272727,False,True,False,False,False,False,False
720575940612102769,cell_class,AN,2816,400,0.25,0.02,0.01,0.009943181818181818,0.6676136363636364,0.08771306818181818,0.0024857954545454545,0.16725852272727273,0.06427556818181818,0.0007102272727272727,False,True,True,True,False,False,False
720575940612102769,cell_class,AN,2816,400,0.25,0.02,0.05,0.009943181818181818,0.6676136363636364,0.08771306818181818,0.0024857954545454545,0.16725852272727273,0.06427556818181818,0.0007102272727272727,False,False,False,False,False,False,False
720575940612102769,cell_class,AN,2816,400,0.25,0.02,0.1,0.009943181818181818,0.6676136363636364,0.08771306818181818,0.0024857954545454545,0.16725852272727273,0.06427556818181818,0.0007102272727272727,False,False,False,False,False,False,False
720575940612102769,cell_class,AN,2816,400,0.25,0.01,0.01,0.009943181818181818,0.6676136363636364,0.08771306818181818,0.0024857954545454545,0.16725852272727273,0.06427556818181818,0.0007102272727272727,False,True,False,True,False,False,False
720575940612102769,cell_class,AN,2816,400,0.25,0.01,0.05,0.009943181818181818,0.6676136363636364,0.08771306818181818,0.0024857954545454545,0.16725852272727273,0.06427556818181818,0.0007102272727272727,False,False,False,False,False,False,False
720575940612102769,cell_class,AN,2816,400,0.25,0.01,0.1,0.009943181818181818,0.6676136363636364,0.08771306818181818,0.0024857954545454545,0.16725852272727273,0.06427556818181818,0.0007102272727272727,False,False,False,False,False,False,False
720575940615520159,cell_class,AN,2884,400,0.25,0.14285714285714285,0.01,0.02669902912621359,0.880374479889043,0.03952843273231623,0.0027739251040221915,0.04889042995839112,0.0017337031900138697,0.0,True,True,True,True,False,False,
720575940615520159,cell_class,AN,2884,400,0.25,0.14285714285714285,0.05,0.02669902912621359,0.880374479889043,0.03952843273231623,0.0027739251040221915,0.04889042995839112,0.0017337031900138697,0.0,False,True,False,False,False,False,
720575940615520159,cell_class,AN,2884,400,0.25,0.14285714285714285,0.1,0.02669902912621359,0.880374479889043,0.03952843273231623,0.0027739251040221915,0.04889042995839112,0.0017337031900138697,0.0,False,True,False,False,False,False,
720575940615520159,cell_class,AN,2884,400,0.25,0.04,0.01,0.02669902912621359,0.880374479889043,0.03952843273231623,0.0027739251040221915,0.04889042995839112,0.0017337031900138697,0.0,False,True,True,False,False,False,
720575940615520159,cell_class,AN,2884,400,0.25,0.04,0.05,0.02669902912621359,0.880374479889043,0.03952843273231623,0.0027739251040221915,0.04889042995839112,0.0017337031900138697,0.0,False,True,False,False,False,False,
720575940615520159,cell_class,AN,2884,400,0.25,0.04,0.1,0.02669902912621359,0.880374479889043,0.03952843273231623,0.0027739251040221915,0.04889042995839112,0.0017337031900138697,0.0,False,False,False,False,False,False,
720575940615520159,cell_class,AN,2884,400,0.25,0.02,0.01,0.02669902912621359,0.880374479889043,0.03952843273231623,0.0027739251040221915,0.04889042995839112,0.0017337031900138697,0.0,False,True,False,False,False,False,
720575940615520159,cell_class,AN,2884,400,0.25,0.02,0.05,0.02669902912621359,0.880374479889043,0.03952843273231623,0.0027739251040221915,0.04889042995839112,0.0017337031900138697,0.0,False,True,False,False,False,False,
720575940615520159,cell_class,AN,2884,400,0.25,0.02,0.1,0.02669902912621359,0.880374479889043,0.03952843273231623,0.0027739251040221915,0.04889042995839112,0.0017337031900138697,0.0,False,False,False,False,False,False,
720575940615520159,cell_class,AN,2884,400,0.25,0.01,0.01,0.02669902912621359,0.880374479889043,0.03952843273231623,0.0027739251040221915,0.04889042995839112,0.0017337031900138697,0.0,False,True,False,False,False,False,
720575940615520159,cell_class,AN,2884,400,0.25,0.01,0.05,0.02669902912621359,0.880374479889043,0.03952843273231623,0.0027739251040221915,0.04889042995839112,0.0017337031900138697,0.0,False,False,False,False,False,False,
720575940615520159,cell_class,AN,2884,400,0.25,0.01,0.1,0.02669902912621359,0.880374479889043,0.03952843273231623,0.0027739251040221915,0.04889042995839112,0.0017337031900138697,0.0,False,False,False,False,False,False,
720575940611831603,cell_class,AN,1561,400,0.25,0.14285714285714285,0.01,0.017937219730941704,0.9666880204996797,0.004484304932735426,0.0019218449711723255,0.0064061499039077515,0.0025624599615631004,0.0,True,True,False,False,False,False,
720575940611831603,cell_class,AN,1561,400,0.25,0.14285714285714285,0.05,0.017937219730941704,0.9666880204996797,0.004484304932735426,0.0019218449711723255,0.0064061499039077515,0.0025624599615631004,0.0,False,True,False,False,False,False,
720575940611831603,cell_class,AN,1561,400,0.25,0.14285714285714285,0.1,0.017937219730941704,0.9666880204996797,0.004484304932735426,0.0019218449711723255,0.0064061499039077515,0.0025624599615631004,0.0,False,True,False,False,False,False,
720575940611831603,cell_class,AN,1561,400,0.25,0.04,0.01,0.017937219730941704,0.9666880204996797,0.004484304932735426,0.0019218449711723255,0.0064061499039077515,0.0025624599615631004,0.0,False,True,False,False,False,False,
720575940611831603,cell_class,AN,1561,400,0.25,0.04,0.05,0.017937219730941704,0.9666880204996797,0.004484304932735426,0.0019218449711723255,0.0064061499039077515,0.0025624599615631004,0.0,False,True,False,False,False,False,
720575940611831603,cell_class,AN,1561,400,0.25,0.04,0.1,0.017937219730941704,0.9666880204996797,0.004484304932735426,0.0019218449711723255,0.0064061499039077515,0.0025624599615631004,0.0,False,True,False,False,False,False,
720575940611831603,cell_class,AN,1561,400,0.25,0.02,0.01,0.017937219730941704,0.9666880204996797,0.004484304932735426,0.0019218449711723255,0.0064061499039077515,0.0025624599615631004,0.0,False,True,False,False,False,False,
720575940611831603,cell_class,AN,1561,400,0.25,0.02,0.05,0.017937219730941704,0.9666880204996797,0.004484304932735426,0.0019218449711723255,0.0064061499039077515,0.0025624599615631004,0.0,False,True,False,False,False,False,
720575940611831603,cell_class,AN,1561,400,0.25,0.02,0.1,0.017937219730941704,0.9666880204996797,0.004484304932735426,0.0019218449711723255,0.0064061499039077515,0.0025624599615631004,0.0,False,False,False,False,False,False,
720575940611831603,cell_class,AN,1561,400,0.25,0.01,0.01,0.017937219730941704,0.9666880204996797,0.004484304932735426,0.0019218449711723255,0.0064061499039077515,0.0025624599615631004,0.0,False,True,False,False,False,False,
720575940611831603,cell_class,AN,1561,400,0.25,0.01,0.05,0.017937219730941704,0.9666880204996797,0.004484304932735426,0.0019218449711723255,0.0064061499039077515,0.0025624599615631004,0.0,False,True,False,False,False,False,
720575940611831603,cell_class,AN,1561,400,0.25,0.01,0.1,0.017937219730941704,0.9666880204996797,0.004484304932735426,0.0019218449711723255,0.0064061499039077515,0.0025624599615631004,0.0,False,False,False,False,False,False,
720575940632930711,cell_class,AN,9792,400,0.25,0.14285714285714285,0.01,0.006740196078431373,0.9329044117647058,0.04758986928104575,0.0012254901960784314,0.004391339869281046,0.0070465686274509805,0.00010212418300653595,False,True,True,False,False,False,
720575940632930711,cell_class,AN,9792,400,0.25,0.14285714285714285,0.05,0.006740196078431373,0.9329044117647058,0.04758986928104575,0.0012254901960784314,0.004391339869281046,0.0070465686274509805,0.00010212418300653595,False,True,False,False,False,False,
720575940632930711,cell_class,AN,9792,400,0.25,0.14285714285714285,0.1,0.006740196078431373,0.9329044117647058,0.04758986928104575,0.0012254901960784314,0.004391339869281046,0.0070465686274509805,0.00010212418300653595,False,True,False,False,False,False,
720575940632930711,cell_class,AN,9792,400,0.25,0.04,0.01,0.006740196078431373,0.9329044117647058,0.04758986928104575,0.0012254901960784314,0.004391339869281046,0.0070465686274509805,0.00010212418300653595,False,True,True,False,False,False,
720575940632930711,cell_class,AN,9792,400,0.25,0.04,0.05,0.006740196078431373,0.9329044117647058,0.04758986928104575,0.0012254901960784314,0.004391339869281046,0.0070465686274509805,0.00010212418300653595,False,True,False,False,False,False,
720575940632930711,cell_class,AN,9792,400,0.25,0.04,0.1,0.006740196078431373,0.9329044117647058,0.04758986928104575,0.0012254901960784314,0.004391339869281046,0.0070465686274509805,0.00010212418300653595,False,True,False,False,False,False,
720575940632930711,cell_class,AN,9792,400,0.25,0.02,0.01,0.006740196078431373,0.9329044117647058,0.04758986928104575,0.0012254901960784314,0.004391339869281046,0.0070465686274509805,0.00010212418300653595,False,True,False,False,False,False,
720575940632930711,cell_class,AN,9792,400,0.25,0.02,0.05,0.006740196078431373,0.9329044117647058,0.04758986928104575,0.0012254901960784314,0.004391339869281046,0.0070465686274509805,0.00010212418300653595,False,True,False,False,False,False,
720575940632930711,cell_class,AN,9792,400,0.25,0.02,0.1,0.006740196078431373,0.9329044117647058,0.04758986928104575,0.0012254901960784314,0.004391339869281046,0.0070465686274509805,0.00010212418300653595,False,False,False,False,False,False,
720575940632930711,cell_class,AN,9792,400,0.25,0.01,0.01,0.006740196078431373,0.9329044117647058,0.04758986928104575,0.0012254901960784314,0.004391339869281046,0.0070465686274509805,0.00010212418300653595,False,True,False,False,False,False,
720575940632930711,cell_class,AN,9792,400,0.25,0.01,0.05,0.006740196078431373,0.9329044117647058,0.04758986928104575,0.0012254901960784314,0.004391339869281046,0.0070465686274509805,0.00010212418300653595,False,False,False,False,False,False,
720575940632930711,cell_class,AN,9792,400,0.25,0.01,0.1,0.006740196078431373,0.9329044117647058,0.04758986928104575,0.0012254901960784314,0.004391339869281046,0.0070465686274509805,0.00010212418300653595,False,False,False,False,False,False,
720575940621708981,cell_class,AN,1117,400,0.25,0.14285714285714285,0.01,0.005371530886302597,0.9247985675917636,0.04207699194270367,0.0,0.01342882721575649,0.01342882721575649,0.0008952551477170994,False,True,True,False,,False,
720575940621708981,cell_class,AN,1117,400,0.25,0.14285714285714285,0.05,0.005371530886302597,0.9247985675917636,0.04207699194270367,0.0,0.01342882721575649,0.01342882721575649,0.0008952551477170994,False,True,False,False,,False,
720575940621708981,cell_class,AN,1117,400,0.25,0.14285714285714285,0.1,0.005371530886302597,0.9247985675917636,0.04207699194270367,0.0,0.01342882721575649,0.01342882721575649,0.0008952551477170994,False,True,False,False,,False,
720575940621708981,cell_class,AN,1117,400,0.25,0.04,0.01,0.005371530886302597,0.9247985675917636,0.04207699194270367,0.0,0.01342882721575649,0.01342882721575649,0.0008952551477170994,False,True,True,False,,False,
720575940621708981,cell_class,AN,1117,400,0.25,0.04,0.05,0.005371530886302597,0.9247985675917636,0.04207699194270367,0.0,0.01342882721575649,0.01342882721575649,0.0008952551477170994,False,True,False,False,,False,
720575940621708981,cell_class,AN,1117,400,0.25,0.04,0.1,0.005371530886302597,0.9247985675917636,0.04207699194270367,0.0,0.01342882721575649,0.01342882721575649,0.0008952551477170994,False,False,False,False,,False,
720575940621708981,cell_class,AN,1117,400,0.25,0.02,0.01,0.005371530886302597,0.9247985675917636,0.04207699194270367,0.0,0.01342882721575649,0.01342882721575649,0.0008952551477170994,False,True,True,False,,False,
720575940621708981,cell_class,AN,1117,400,0.25,0.02,0.05,0.005371530886302597,0.9247985675917636,0.04207699194270367,0.0,0.01342882721575649,0.01342882721575649,0.0008952551477170994,False,True,False,False,,False,
720575940621708981,cell_class,AN,1117,400,0.25,0.02,0.1,0.005371530886302597,0.9247985675917636,0.04207699194270367,0.0,0.01342882721575649,0.01342882721575649,0.0008952551477170994,False,False,False,False,,False,
720575940621708981,cell_class,AN,1117,400,0.25,0.01,0.01,0.005371530886302597,0.9247985675917636,0.04207699194270367,0.0,0.01342882721575649,0.01342882721575649,0.0008952551477170994,False,True,True,False,,False,
720575940621708981,cell_class,AN,1117,400,0.25,0.01,0.05,0.005371530886302597,0.9247985675917636,0.04207699194270367,0.0,0.01342882721575649,0.01342882721575649,0.0008952551477170994,False,False,False,False,,False,
720575940621708981,cell_class,AN,1117,400,0.25,0.01,0.1,0.005371530886302597,0.9247985675917636,0.04207699194270367,0.0,0.01342882721575649,0.01342882721575649,0.0008952551477170994,False,False,False,False,,False,
720575940626494722,cell_class,AN,990,400,0.25,0.14285714285714285,0.01,0.007070707070707071,0.8949494949494949,0.0707070707070707,0.00202020202020202,0.01818181818181818,0.007070707070707071,0.0,False,True,True,False,False,False,
720575940626494722,cell_class,AN,990,400,0.25,0.14285714285714285,0.05,0.007070707070707071,0.8949494949494949,0.0707070707070707,0.00202020202020202,0.01818181818181818,0.007070707070707071,0.0,False,True,False,False,False,False,
720575940626494722,cell_class,AN,990,400,0.25,0.14285714285714285,0.1,0.007070707070707071,0.8949494949494949,0.0707070707070707,0.00202020202020202,0.01818181818181818,0.007070707070707071,0.0,False,True,False,False,False,False,
720575940626494722,cell_class,AN,990,400,0.25,0.04,0.01,0.007070707070707071,0.8949494949494949,0.0707070707070707,0.00202020202020202,0.01818181818181818,0.007070707070707071,0.0,False,True,True,False,False,False,
720575940626494722,cell_class,AN,990,400,0.25,0.04,0.05,0.007070707070707071,0.8949494949494949,0.0707070707070707,0.00202020202020202,0.01818181818181818,0.007070707070707071,0.0,False,True,False,False,False,False,
720575940626494722,cell_class,AN,990,400,0.25,0.04,0.1,0.007070707070707071,0.8949494949494949,0.0707070707070707,0.00202020202020202,0.01818181818181818,0.007070707070707071,0.0,False,False,False,False,False,False,
720575940626494722,cell_class,AN,990,400,0.25,0.02,0.01,0.007070707070707071,0.8949494949494949,0.0707070707070707,0.00202020202020202,0.01818181818181818,0.007070707070707071,0.0,False,True,True,False,False,False,
720575940626494722,cell_class,AN,990,400,0.25,0.02,0.05,0.007070707070707071,0.8949494949494949,0.0707070707070707,0.00202020202020202,0.01818181818181818,0.007070707070707071,0.0,False,True,False,False,False,False,
720575940626494722,cell_class,AN,990,400,0.25,0.02,0.1,0.007070707070707071,0.8949494949494949,0.0707070707070707,0.00202020202020202,0.01818181818181818,0.007070707070707071,0.0,False,False,False,False,False,False,
720575940626494722,cell_class,AN,990,400,0.25,0.01,0.01,0.007070707070707071,0.8949494949494949,0.0707070707070707,0.00202020202020202,0.01818181818181818,0.007070707070707071,0.0,False,True,True,False,False,False,
720575940626494722,cell_class,AN,990,400,0.25,0.01,0.05,0.007070707070707071,0.8949494949494949,0.0707070707070707,0.00202020202020202,0.01818181818181818,0.007070707070707071,0.0,False,False,False,False,False,False,
720575940626494722,cell_class,AN,990,400,0.25,0.01,0.1,0.007070707070707071,0.8949494949494949,0.0707070707070707,0.00202020202020202,0.01818181818181818,0.007070707070707071,0.0,False,False,False,False,False,False,
720575940622019333,cell_class,AN,747,400,0.25,0.14285714285714285,0.01,0.00535475234270415,0.0963855421686747,0.6880856760374833,0.00535475234270415,0.15930388219544847,0.04551539491298527,0.0,False,True,True,True,False,True,
720575940622019333,cell_class,AN,747,400,0.25,0.14285714285714285,0.05,0.00535475234270415,0.0963855421686747,0.6880856760374833,0.00535475234270415,0.15930388219544847,0.04551539491298527,0.0,False,False,True,True,False,False,
720575940622019333,cell_class,AN,747,400,0.25,0.14285714285714285,0.1,0.00535475234270415,0.0963855421686747,0.6880856760374833,0.00535475234270415,0.15930388219544847,0.04551539491298527,0.0,False,False,True,True,False,False,
720575940622019333,cell_class,AN,747,400,0.25,0.04,0.01,0.00535475234270415,0.0963855421686747,0.6880856760374833,0.00535475234270415,0.15930388219544847,0.04551539491298527,0.0,False,True,True,True,False,True,
720575940622019333,cell_class,AN,747,400,0.25,0.04,0.05,0.00535475234270415,0.0963855421686747,0.6880856760374833,0.00535475234270415,0.15930388219544847,0.04551539491298527,0.0,False,False,True,False,False,False,
720575940622019333,cell_class,AN,747,400,0.25,0.04,0.1,0.00535475234270415,0.0963855421686747,0.6880856760374833,0.00535475234270415,0.15930388219544847,0.04551539491298527,0.0,False,False,False,False,False,False,
720575940622019333,cell_class,AN,747,400,0.25,0.02,0.01,0.00535475234270415,0.0963855421686747,0.6880856760374833,0.00535475234270415,0.15930388219544847,0.04551539491298527,0.0,False,True,True,True,False,True,
720575940622019333,cell_class,AN,747,400,0.25,0.02,0.05,0.00535475234270415,0.0963855421686747,0.6880856760374833,0.00535475234270415,0.15930388219544847,0.04551539491298527,0.0,False,False,True,False,False,False,
720575940622019333,cell_class,AN,747,400,0.25,0.02,0.1,0.00535475234270415,0.0963855421686747,0.6880856760374833,0.00535475234270415,0.15930388219544847,0.04551539491298527,0.0,False,False,False,False,False,False,
720575940622019333,cell_class,AN,747,400,0.25,0.01,0.01,0.00535475234270415,0.0963855421686747,0.6880856760374833,0.00535475234270415,0.15930388219544847,0.04551539491298527,0.0,False,True,True,True,False,False,
720575940622019333,cell_class,AN,747,400,0.25,0.01,0.05,0.00535475234270415,0.0963855421686747,0.6880856760374833,0.00535475234270415,0.15930388219544847,0.04551539491298527,0.0,False,False,False,False,False,False,
720575940622019333,cell_class,AN,747,400,0.25,0.01,0.1,0.00535475234270415,0.0963855421686747,0.6880856760374833,0.00535475234270415,0.15930388219544847,0.04551539491298527,0.0,False,False,False,False,False,False,
720575940632680895,cell_class,AN,2312,400,0.25,0.14285714285714285,0.01,0.7417820069204152,0.12932525951557095,0.07742214532871973,0.01903114186851211,0.00865051903114187,0.022923875432525952,0.0008650519031141869,True,True,True,False,False,False,False
720575940632680895,cell_class,AN,2312,400,0.25,0.14285714285714285,0.05,0.7417820069204152,0.12932525951557095,0.07742214532871973,0.01903114186851211,0.00865051903114187,0.022923875432525952,0.0008650519031141869,True,False,False,False,False,False,False
720575940632680895,cell_class,AN,2312,400,0.25,0.14285714285714285,0.1,0.7417820069204152,0.12932525951557095,0.07742214532871973,0.01903114186851211,0.00865051903114187,0.022923875432525952,0.0008650519031141869,True,False,False,False,False,False,False
720575940632680895,cell_class,AN,2312,400,0.25,0.04,0.01,0.7417820069204152,0.12932525951557095,0.07742214532871973,0.01903114186851211,0.00865051903114187,0.022923875432525952,0.0008650519031141869,True,True,True,False,False,False,False
720575940632680895,cell_class,AN,2312,400,0.25,0.04,0.05,0.7417820069204152,0.12932525951557095,0.07742214532871973,0.01903114186851211,0.00865051903114187,0.022923875432525952,0.0008650519031141869,True,False,False,False,False,False,False
720575940632680895,cell_class,AN,2312,400,0.25,0.04,0.1,0.7417820069204152,0.12932525951557095,0.07742214532871973,0.01903114186851211,0.00865051903114187,0.022923875432525952,0.0008650519031141869,False,False,False,False,False,False,False
720575940632680895,cell_class,AN,2312,400,0.25,0.02,0.01,0.7417820069204152,0.12932525951557095,0.07742214532871973,0.01903114186851211,0.00865051903114187,0.022923875432525952,0.0008650519031141869,True,True,True,False,False,False,False
720575940632680895,cell_class,AN,2312,400,0.25,0.02,0.05,0.7417820069204152,0.12932525951557095,0.07742214532871973,0.01903114186851211,0.00865051903114187,0.022923875432525952,0.0008650519031141869,False,False,False,False,False,False,False
720575940632680895,cell_class,AN,2312,400,0.25,0.02,0.1,0.7417820069204152,0.12932525951557095,0.07742214532871973,0.01903114186851211,0.00865051903114187,0.022923875432525952,0.0008650519031141869,False,False,False,False,False,False,False
720575940632680895,cell_class,AN,2312,400,0.25,0.01,0.01,0.7417820069204152,0.12932525951557095,0.07742214532871973,0.01903114186851211,0.00865051903114187,0.022923875432525952,0.0008650519031141869,True,True,False,False,False,False,False
720575940632680895,cell_class,AN,2312,400,0.25,0.01,0.05,0.7417820069204152,0.12932525951557095,0.07742214532871973,0.01903114186851211,0.00865051903114187,0.022923875432525952,0.0008650519031141869,False,False,False,False,False,False,False
720575940632680895,cell_class,AN,2312,400,0.25,0.01,0.1,0.7417820069204152,0.12932525951557095,0.07742214532871973,0.01903114186851211,0.00865051903114187,0.022923875432525952,0.0008650519031141869,False,False,False,False,False,False,False
720575940635677668,cell_class,AN,1003,400,0.25,0.14285714285714285,0.01,0.0029910269192422734,0.9581256231306082,0.013958125623130608,0.0019940179461615153,0.005982053838484547,0.015952143569292122,0.0009970089730807576,False,True,False,False,False,False,
720575940635677668,cell_class,AN,1003,400,0.25,0.14285714285714285,0.05,0.0029910269192422734,0.9581256231306082,0.013958125623130608,0.0019940179461615153,0.005982053838484547,0.015952143569292122,0.0009970089730807576,False,True,False,False,False,False,
720575940635677668,cell_class,AN,1003,400,0.25,0.14285714285714285,0.1,0.0029910269192422734,0.9581256231306082,0.013958125623130608,0.0019940179461615153,0.005982053838484547,0.015952143569292122,0.0009970089730807576,False,True,False,False,False,False,
720575940635677668,cell_class,AN,1003,400,0.25,0.04,0.01,0.0029910269192422734,0.9581256231306082,0.013958125623130608,0.0019940179461615153,0.005982053838484547,0.015952143569292122,0.0009970089730807576,False,True,False,False,False,False,
720575940635677668,cell_class,AN,1003,400,0.25,0.04,0.05,0.0029910269192422734,0.9581256231306082,0.013958125623130608,0.0019940179461615153,0.005982053838484547,0.015952143569292122,0.0009970089730807576,False,True,False,False,False,False,
720575940635677668,cell_class,AN,1003,400,0.25,0.04,0.1,0.0029910269192422734,0.9581256231306082,0.013958125623130608,0.0019940179461615153,0.005982053838484547,0.015952143569292122,0.0009970089730807576,False,True,False,False,False,False,
720575940635677668,cell_class,AN,1003,400,0.25,0.02,0.01,0.0029910269192422734,0.9581256231306082,0.013958125623130608,0.0019940179461615153,0.005982053838484547,0.015952143569292122,0.0009970089730807576,False,True,False,False,False,False,
720575940635677668,cell_class,AN,1003,400,0.25,0.02,0.05,0.0029910269192422734,0.9581256231306082,0.013958125623130608,0.0019940179461615153,0.005982053838484547,0.015952143569292122,0.0009970089730807576,False,True,False,False,False,False,
720575940635677668,cell_class,AN,1003,400,0.25,0.02,0.1,0.0029910269192422734,0.9581256231306082,0.013958125623130608,0.0019940179461615153,0.005982053838484547,0.015952143569292122,0.0009970089730807576,False,False,False,False,False,False,
720575940635677668,cell_class,AN,1003,400,0.25,0.01,0.01,0.0029910269192422734,0.9581256231306082,0.013958125623130608,0.0019940179461615153,0.005982053838484547,0.015952143569292122,0.0009970089730807576,False,True,False,False,False,False,
720575940635677668,cell_class,AN,1003,400,0.25,0.01,0.05,0.0029910269192422734,0.9581256231306082,0.013958125623130608,0.0019940179461615153,0.005982053838484547,0.015952143569292122,0.0009970089730807576,False,True,False,False,False,False,
720575940635677668,cell_class,AN,1003,400,0.25,0.01,0.1,0.0029910269192422734,0.9581256231306082,0.013958125623130608,0.0019940179461615153,0.005982053838484547,0.015952143569292122,0.0009970089730807576,False,False,False,False,False,False,
720575940621709237,cell_class,AN,476,400,0.25,0.14285714285714285,0.01,0.0063025210084033615,0.7184873949579832,0.18277310924369747,0.0021008403361344537,0.0861344537815126,0.004201680672268907,0.0,False,True,True,True,,False,
720575940621709237,cell_class,AN,476,400,0.25,0.14285714285714285,0.05,0.0063025210084033615,0.7184873949579832,0.18277310924369747,0.0021008403361344537,0.0861344537815126,0.004201680672268907,0.0,False,True,True,False,,False,
720575940621709237,cell_class,AN,476,400,0.25,0.14285714285714285,0.1,0.0063025210084033615,0.7184873949579832,0.18277310924369747,0.0021008403361344537,0.0861344537815126,0.004201680672268907,0.0,False,True,False,False,,False,
720575940621709237,cell_class,AN,476,400,0.25,0.04,0.01,0.0063025210084033615,0.7184873949579832,0.18277310924369747,0.0021008403361344537,0.0861344537815126,0.004201680672268907,0.0,False,True,True,True,,False,
720575940621709237,cell_class,AN,476,400,0.25,0.04,0.05,0.0063025210084033615,0.7184873949579832,0.18277310924369747,0.0021008403361344537,0.0861344537815126,0.004201680672268907,0.0,False,True,True,False,,False,
720575940621709237,cell_class,AN,476,400,0.25,0.04,0.1,0.0063025210084033615,0.7184873949579832,0.18277310924369747,0.0021008403361344537,0.0861344537815126,0.004201680672268907,0.0,False,True,False,False,,False,
720575940621709237,cell_class,AN,476,400,0.25,0.02,0.01,0.0063025210084033615,0.7184873949579832,0.18277310924369747,0.0021008403361344537,0.0861344537815126,0.004201680672268907,0.0,False,True,True,True,,False,
720575940621709237,cell_class,AN,476,400,0.25,0.02,0.05,0.0063025210084033615,0.7184873949579832,0.18277310924369747,0.0021008403361344537,0.0861344537815126,0.004201680672268907,0.0,False,True,True,False,,False,
720575940621709237,cell_class,AN,476,400,0.25,0.02,0.1,0.0063025210084033615,0.7184873949579832,0.18277310924369747,0.0021008403361344537,0.0861344537815126,0.004201680672268907,0.0,False,True,False,False,,False,
720575940621709237,cell_class,AN,476,400,0.25,0.01,0.01,0.0063025210084033615,0.7184873949579832,0.18277310924369747,0.0021008403361344537,0.0861344537815126,0.004201680672268907,0.0,False,True,True,True,,False,
720575940621709237,cell_class,AN,476,400,0.25,0.01,0.05,0.0063025210084033615,0.7184873949579832,0.18277310924369747,0.0021008403361344537,0.0861344537815126,0.004201680672268907,0.0,False,True,True,False,,False,
720575940621709237,cell_class,AN,476,400,0.25,0.01,0.1,0.0063025210084033615,0.7184873949579832,0.18277310924369747,0.0021008403361344537,0.0861344537815126,0.004201680672268907,0.0,False,False,False,False,,False,
720575940618880865,cell_class,AN,515,400,0.25,0.14285714285714285,0.01,0.001941747572815534,0.9611650485436893,0.02330097087378641,0.0,0.007766990291262136,0.005825242718446602,0.0,,True,True,False,,False,
720575940618880865,cell_class,AN,515,400,0.25,0.14285714285714285,0.05,0.001941747572815534,0.9611650485436893,0.02330097087378641,0.0,0.007766990291262136,0.005825242718446602,0.0,,True,False,False,,False,
720575940618880865,cell_class,AN,515,400,0.25,0.14285714285714285,0.1,0.001941747572815534,0.9611650485436893,0.02330097087378641,0.0,0.007766990291262136,0.005825242718446602,0.0,,True,False,False,,False,
720575940618880865,cell_class,AN,515,400,0.25,0.04,0.01,0.001941747572815534,0.9611650485436893,0.02330097087378641,0.0,0.007766990291262136,0.005825242718446602,0.0,,True,False,False,,False,
720575940618880865,cell_class,AN,515,400,0.25,0.04,0.05,0.001941747572815534,0.9611650485436893,0.02330097087378641,0.0,0.007766990291262136,0.005825242718446602,0.0,,True,False,False,,False,
720575940618880865,cell_class,AN,515,400,0.25,0.04,0.1,0.001941747572815534,0.9611650485436893,0.02330097087378641,0.0,0.007766990291262136,0.005825242718446602,0.0,,True,False,False,,False,
720575940618880865,cell_class,AN,515,400,0.25,0.02,0.01,0.001941747572815534,0.9611650485436893,0.02330097087378641,0.0,0.007766990291262136,0.005825242718446602,0.0,,True,False,False,,False,
720575940618880865,cell_class,AN,515,400,0.25,0.02,0.05,0.001941747572815534,0.9611650485436893,0.02330097087378641,0.0,0.007766990291262136,0.005825242718446602,0.0,,True,False,False,,False,
720575940618880865,cell_class,AN,515,400,0.25,0.02,0.1,0.001941747572815534,0.9611650485436893,0.02330097087378641,0.0,0.007766990291262136,0.005825242718446602,0.0,,False,False,False,,False,
720575940618880865,cell_class,AN,515,400,0.25,0.01,0.01,0.001941747572815534,0.9611650485436893,0.02330097087378641,0.0,0.007766990291262136,0.005825242718446602,0.0,,True,False,False,,False,
720575940618880865,cell_class,AN,515,400,0.25,0.01,0.05,0.001941747572815534,0.9611650485436893,0.02330097087378641,0.0,0.007766990291262136,0.005825242718446602,0.0,,False,False,False,,False,
720575940618880865,cell_class,AN,515,400,0.25,0.01,0.1,0.001941747572815534,0.9611650485436893,0.02330097087378641,0.0,0.007766990291262136,0.005825242718446602,0.0,,False,False,False,,False,
720575940613237654,cell_class,AN,518,400,0.25,0.14285714285714285,0.01,0.011583011583011582,0.1525096525096525,0.5965250965250966,0.0019305019305019305,0.21042471042471042,0.02702702702702703,0.0,True,True,True,True,,True,
720575940613237654,cell_class,AN,518,400,0.25,0.14285714285714285,0.05,0.011583011583011582,0.1525096525096525,0.5965250965250966,0.0019305019305019305,0.21042471042471042,0.02702702702702703,0.0,False,True,True,True,,False,
720575940613237654,cell_class,AN,518,400,0.25,0.14285714285714285,0.1,0.011583011583011582,0.1525096525096525,0.5965250965250966,0.0019305019305019305,0.21042471042471042,0.02702702702702703,0.0,False,True,True,False,,False,
720575940613237654,cell_class,AN,518,400,0.25,0.04,0.01,0.011583011583011582,0.1525096525096525,0.5965250965250966,0.0019305019305019305,0.21042471042471042,0.02702702702702703,0.0,False,True,True,True,,False,
720575940613237654,cell_class,AN,518,400,0.25,0.04,0.05,0.011583011583011582,0.1525096525096525,0.5965250965250966,0.0019305019305019305,0.21042471042471042,0.02702702702702703,0.0,False,False,True,False,,False,
720575940613237654,cell_class,AN,518,400,0.25,0.04,0.1,0.011583011583011582,0.1525096525096525,0.5965250965250966,0.0019305019305019305,0.21042471042471042,0.02702702702702703,0.0,False,False,False,False,,False,
720575940613237654,cell_class,AN,518,400,0.25,0.02,0.01,0.011583011583011582,0.1525096525096525,0.5965250965250966,0.0019305019305019305,0.21042471042471042,0.02702702702702703,0.0,False,True,True,True,,False,
720575940613237654,cell_class,AN,518,400,0.25,0.02,0.05,0.011583011583011582,0.1525096525096525,0.5965250965250966,0.0019305019305019305,0.21042471042471042,0.02702702702702703,0.0,False,False,True,False,,False,
720575940613237654,cell_class,AN,518,400,0.25,0.02,0.1,0.011583011583011582,0.1525096525096525,0.5965250965250966,0.0019305019305019305,0.21042471042471042,0.02702702702702703,0.0,False,False,False,False,,False,
720575940613237654,cell_class,AN,518,400,0.25,0.01,0.01,0.011583011583011582,0.1525096525096525,0.5965250965250966,0.0019305019305019305,0.21042471042471042,0.02702702702702703,0.0,False,True,True,True,,False,
720575940613237654,cell_class,AN,518,400,0.25,0.01,0.05,0.011583011583011582,0.1525096525096525,0.5965250965250966,0.0019305019305019305,0.21042471042471042,0.02702702702702703,0.0,False,False,False,False,,False,
720575940613237654,cell_class,AN,518,400,0.25,0.01,0.1,0.011583011583011582,0.1525096525096525,0.5965250965250966,0.0019305019305019305,0.21042471042471042,0.02702702702702703,0.0,False,False,False,False,,False,
720575940628635751,cell_class,AN,8292,400,0.25,0.14285714285714285,0.01,0.01965750120598167,0.8604679208876025,0.02930535455861071,0.004341534008683068,0.04703328509406657,0.03835021707670044,0.000844187168355041,False,True,True,True,False,True,False
720575940628635751,cell_class,AN,8292,400,0.25,0.14285714285714285,0.05,0.01965750120598167,0.8604679208876025,0.02930535455861071,0.004341534008683068,0.04703328509406657,0.03835021707670044,0.000844187168355041,False,True,False,False,False,False,False
720575940628635751,cell_class,AN,8292,400,0.25,0.14285714285714285,0.1,0.01965750120598167,0.8604679208876025,0.02930535455861071,0.004341534008683068,0.04703328509406657,0.03835021707670044,0.000844187168355041,False,True,False,False,False,False,False
720575940628635751,cell_class,AN,8292,400,0.25,0.04,0.01,0.01965750120598167,0.8604679208876025,0.02930535455861071,0.004341534008683068,0.04703328509406657,0.03835021707670044,0.000844187168355041,False,True,True,False,False,False,False
720575940628635751,cell_class,AN,8292,400,0.25,0.04,0.05,0.01965750120598167,0.8604679208876025,0.02930535455861071,0.004341534008683068,0.04703328509406657,0.03835021707670044,0.000844187168355041,False,True,False,False,False,False,False
720575940628635751,cell_class,AN,8292,400,0.25,0.04,0.1,0.01965750120598167,0.8604679208876025,0.02930535455861071,0.004341534008683068,0.04703328509406657,0.03835021707670044,0.000844187168355041,False,True,False,False,False,False,False
720575940628635751,cell_class,AN,8292,400,0.25,0.02,0.01,0.01965750120598167,0.8604679208876025,0.02930535455861071,0.004341534008683068,0.04703328509406657,0.03835021707670044,0.000844187168355041,False,True,False,False,False,False,False
720575940628635751,cell_class,AN,8292,400,0.25,0.02,0.05,0.01965750120598167,0.8604679208876025,0.02930535455861071,0.004341534008683068,0.04703328509406657,0.03835021707670044,0.000844187168355041,False,True,False,False,False,False,False
720575940628635751,cell_class,AN,8292,400,0.25,0.02,0.1,0.01965750120598167,0.8604679208876025,0.02930535455861071,0.004341534008683068,0.04703328509406657,0.03835021707670044,0.000844187168355041,False,False,False,False,False,False,False
720575940628635751,cell_class,AN,8292,400,0.25,0.01,0.01,0.01965750120598167,0.8604679208876025,0.02930535455861071,0.004341534008683068,0.04703328509406657,0.03835021707670044,0.000844187168355041,False,True,False,False,False,False,False
720575940628635751,cell_class,AN,8292,400,0.25,0.01,0.05,0.01965750120598167,0.8604679208876025,0.02930535455861071,0.004341534008683068,0.04703328509406657,0.03835021707670044,0.000844187168355041,False,True,False,False,False,False,False
720575940628635751,cell_class,AN,8292,400,0.25,0.01,0.1,0.01965750120598167,0.8604679208876025,0.02930535455861071,0.004341534008683068,0.04703328509406657,0.03835021707670044,0.000844187168355041,False,False,False,False,False,False,False
720575940615133789,cell_class,AN,831,400,0.25,0.14285714285714285,0.01,0.0,0.0,0.0,0.03850782190132371,0.9554753309265944,0.006016847172081829,0.0,,,,True,False,False,
720575940615133789,cell_class,AN,831,400,0.25,0.14285714285714285,0.05,0.0,0.0,0.0,0.03850782190132371,0.9554753309265944,0.006016847172081829,0.0,,,,True,False,False,
720575940615133789,cell_class,AN,831,400,0.25,0.14285714285714285,0.1,0.0,0.0,0.0,0.03850782190132371,0.9554753309265944,0.006016847172081829,0.0,,,,True,False,False,
720575940615133789,cell_class,AN,831,400,0.25,0.04,0.01,0.0,0.0,0.0,0.03850782190132371,0.9554753309265944,0.006016847172081829,0.0,,,,True,False,False,
720575940615133789,cell_class,AN,831,400,0.25,0.04,0.05,0.0,0.0,0.0,0.03850782190132371,0.9554753309265944,0.006016847172081829,0.0,,,,True,False,False,
720575940615133789,cell_class,AN,831,400,0.25,0.04,0.1,0.0,0.0,0.0,0.03850782190132371,0.9554753309265944,0.006016847172081829,0.0,,,,True,False,False,
720575940615133789,cell_class,AN,831,400,0.25,0.02,0.01,0.0,0.0,0.0,0.03850782190132371,0.9554753309265944,0.006016847172081829,0.0,,,,True,False,False,
720575940615133789,cell_class,AN,831,400,0.25,0.02,0.05,0.0,0.0,0.0,0.03850782190132371,0.9554753309265944,0.006016847172081829,0.0,,,,True,False,False,
720575940615133789,cell_class,AN,831,400,0.25,0.02,0.1,0.0,0.0,0.0,0.03850782190132371,0.9554753309265944,0.006016847172081829,0.0,,,,True,False,False,
720575940615133789,cell_class,AN,831,400,0.25,0.01,0.01,0.0,0.0,0.0,0.03850782190132371,0.9554753309265944,0.006016847172081829,0.0,,,,True,False,False,
720575940615133789,cell_class,AN,831,400,0.25,0.01,0.05,0.0,0.0,0.0,0.03850782190132371,0.9554753309265944,0.006016847172081829,0.0,,,,True,False,False,
720575940615133789,cell_class,AN,831,400,0.25,0.01,0.1,0.0,0.0,0.0,0.03850782190132371,0.9554753309265944,0.006016847172081829,0.0,,,,False,False,False,
720575940635197291,cell_class,AN,3241,400,0.25,0.14285714285714285,0.01,0.010182042579450786,0.16908361616784942,0.006788028386300524,0.011724776303609998,0.7744523295279235,0.02776920703486578,0.0,False,True,False,True,False,True,
720575940635197291,cell_class,AN,3241,400,0.25,0.14285714285714285,0.05,0.010182042579450786,0.16908361616784942,0.006788028386300524,0.011724776303609998,0.7744523295279235,0.02776920703486578,0.0,False,False,False,True,False,False,
720575940635197291,cell_class,AN,3241,400,0.25,0.14285714285714285,0.1,0.010182042579450786,0.16908361616784942,0.006788028386300524,0.011724776303609998,0.7744523295279235,0.02776920703486578,0.0,False,False,False,True,False,False,
720575940635197291,cell_class,AN,3241,400,0.25,0.04,0.01,0.010182042579450786,0.16908361616784942,0.006788028386300524,0.011724776303609998,0.7744523295279235,0.02776920703486578,0.0,False,True,False,True,False,False,
720575940635197291,cell_class,AN,3241,400,0.25,0.04,0.05,0.010182042579450786,0.16908361616784942,0.006788028386300524,0.011724776303609998,0.7744523295279235,0.02776920703486578,0.0,False,False,False,True,False,False,
720575940635197291,cell_class,AN,3241,400,0.25,0.04,0.1,0.010182042579450786,0.16908361616784942,0.006788028386300524,0.011724776303609998,0.7744523295279235,0.02776920703486578,0.0,False,False,False,True,False,False,
720575940635197291,cell_class,AN,3241,400,0.25,0.02,0.01,0.010182042579450786,0.16908361616784942,0.006788028386300524,0.011724776303609998,0.7744523295279235,0.02776920703486578,0.0,False,True,False,True,False,False,
720575940635197291,cell_class,AN,3241,400,0.25,0.02,0.05,0.010182042579450786,0.16908361616784942,0.006788028386300524,0.011724776303609998,0.7744523295279235,0.02776920703486578,0.0,False,False,False,True,False,False,
720575940635197291,cell_class,AN,3241,400,0.25,0.02,0.1,0.010182042579450786,0.16908361616784942,0.006788028386300524,0.011724776303609998,0.7744523295279235,0.02776920703486578,0.0,False,False,False,False,False,False,
720575940635197291,cell_class,AN,3241,400,0.25,0.01,0.01,0.010182042579450786,0.16908361616784942,0.006788028386300524,0.011724776303609998,0.7744523295279235,0.02776920703486578,0.0,False,True,False,True,False,False,
720575940635197291,cell_class,AN,3241,400,0.25,0.01,0.05,0.010182042579450786,0.16908361616784942,0.006788028386300524,0.011724776303609998,0.7744523295279235,0.02776920703486578,0.0,False,False,False,False,False,False,
720575940635197291,cell_class,AN,3241,400,0.25,0.01,0.1,0.010182042579450786,0.16908361616784942,0.006788028386300524,0.011724776303609998,0.7744523295279235,0.02776920703486578,0.0,False,False,False,False,False,False,
720575940624813437,cell_class,AN,3108,400,0.25,0.14285714285714285,0.01,0.028635778635778635,0.8957528957528957,0.0035392535392535394,0.001287001287001287,0.04922779922779923,0.021557271557271558,0.0,True,True,False,True,False,False,
720575940624813437,cell_class,AN,3108,400,0.25,0.14285714285714285,0.05,0.028635778635778635,0.8957528957528957,0.0035392535392535394,0.001287001287001287,0.04922779922779923,0.021557271557271558,0.0,False,True,False,False,False,False,
720575940624813437,cell_class,AN,3108,400,0.25,0.14285714285714285,0.1,0.028635778635778635,0.8957528957528957,0.0035392535392535394,0.001287001287001287,0.04922779922779923,0.021557271557271558,0.0,False,True,False,False,False,False,
720575940624813437,cell_class,AN,3108,400,0.25,0.04,0.01,0.028635778635778635,0.8957528957528957,0.0035392535392535394,0.001287001287001287,0.04922779922779923,0.021557271557271558,0.0,False,True,False,True,False,False,
720575940624813437,cell_class,AN,3108,400,0.25,0.04,0.05,0.028635778635778635,0.8957528957528957,0.0035392535392535394,0.001287001287001287,0.04922779922779923,0.021557271557271558,0.0,False,True,False,False,False,False,
720575940624813437,cell_class,AN,3108,400,0.25,0.04,0.1,0.028635778635778635,0.8957528957528957,0.0035392535392535394,0.001287001287001287,0.04922779922779923,0.021557271557271558,0.0,False,True,False,False,False,False,
720575940624813437,cell_class,AN,3108,400,0.25,0.02,0.01,0.028635778635778635,0.8957528957528957,0.0035392535392535394,0.001287001287001287,0.04922779922779923,0.021557271557271558,0.0,False,True,False,True,False,False,
720575940624813437,cell_class,AN,3108,400,0.25,0.02,0.05,0.028635778635778635,0.8957528957528957,0.0035392535392535394,0.001287001287001287,0.04922779922779923,0.021557271557271558,0.0,False,True,False,False,False,False,
720575940624813437,cell_class,AN,3108,400,0.25,0.02,0.1,0.028635778635778635,0.8957528957528957,0.0035392535392535394,0.001287001287001287,0.04922779922779923,0.021557271557271558,0.0,False,True,False,False,False,False,
720575940624813437,cell_class,AN,3108,400,0.25,0.01,0.01,0.028635778635778635,0.8957528957528957,0.0035392535392535394,0.001287001287001287,0.04922779922779923,0.021557271557271558,0.0,False,True,False,False,False,False,
720575940624813437,cell_class,AN,3108,400,0.25,0.01,0.05,0.028635778635778635,0.8957528957528957,0.0035392535392535394,0.001287001287001287,0.04922779922779923,0.021557271557271558,0.0,False,True,False,False,False,False,
720575940624813437,cell_class,AN,3108,400,0.25,0.01,0.1,0.028635778635778635,0.8957528957528957,0.0035392535392535394,0.001287001287001287,0.04922779922779923,0.021557271557271558,0.0,False,False,False,False,False,False,
720575940626760600,cell_class,AN,3938,400,0.25,0.14285714285714285,0.01,0.008633824276282377,0.9690198070086338,0.005078720162519045,0.0012696800406297613,0.006602336211274758,0.009395632300660234,0.0,False,True,False,False,False,False,
720575940626760600,cell_class,AN,3938,400,0.25,0.14285714285714285,0.05,0.008633824276282377,0.9690198070086338,0.005078720162519045,0.0012696800406297613,0.006602336211274758,0.009395632300660234,0.0,False,True,False,False,False,False,
720575940626760600,cell_class,AN,3938,400,0.25,0.14285714285714285,0.1,0.008633824276282377,0.9690198070086338,0.005078720162519045,0.0012696800406297613,0.006602336211274758,0.009395632300660234,0.0,False,True,False,False,False,False,
720575940626760600,cell_class,AN,3938,400,0.25,0.04,0.01,0.008633824276282377,0.9690198070086338,0.005078720162519045,0.0012696800406297613,0.006602336211274758,0.009395632300660234,0.0,False,True,False,False,False,False,
720575940626760600,cell_class,AN,3938,400,0.25,0.04,0.05,0.008633824276282377,0.9690198070086338,0.005078720162519045,0.0012696800406297613,0.006602336211274758,0.009395632300660234,0.0,False,True,False,False,False,False,
720575940626760600,cell_class,AN,3938,400,0.25,0.04,0.1,0.008633824276282377,0.9690198070086338,0.005078720162519045,0.0012696800406297613,0.006602336211274758,0.009395632300660234,0.0,False,True,False,False,False,False,
720575940626760600,cell_class,AN,3938,400,0.25,0.02,0.01,0.008633824276282377,0.9690198070086338,0.005078720162519045,0.0012696800406297613,0.006602336211274758,0.009395632300660234,0.0,False,True,False,False,False,False,
720575940626760600,cell_class,AN,3938,400,0.25,0.02,0.05,0.008633824276282377,0.9690198070086338,0.005078720162519045,0.0012696800406297613,0.006602336211274758,0.009395632300660234,0.0,False,True,False,False,False,False,
720575940626760600,cell_class,AN,3938,400,0.25,0.02,0.1,0.008633824276282377,0.9690198070086338,0.005078720162519045,0.0012696800406297613,0.006602336211274758,0.009395632300660234,0.0,False,False,False,False,False,False,
720575940626760600,cell_class,AN,3938,400,0.25,0.01,0.01,0.008633824276282377,0.9690198070086338,0.005078720162519045,0.0012696800406297613,0.006602336211274758,0.009395632300660234,0.0,False,True,False,False,False,False,
720575940626760600,cell_class,AN,3938,400,0.25,0.01,0.05,0.008633824276282377,0.9690198070086338,0.005078720162519045,0.0012696800406297613,0.006602336211274758,0.009395632300660234,0.0,False,False,False,False,False,False,
720575940626760600,cell_class,AN,3938,400,0.25,0.01,0.1,0.008633824276282377,0.9690198070086338,0.005078720162519045,0.0012696800406297613,0.006602336211274758,0.009395632300660234,0.0,False,False,False,False,False,False,
