root_id,classification_system,cell_type,num_synapses,min_synapses,softmax_threshold,bandwidth_quantile_value,min_synapses_ratio_value,GABA_ratio,ACh_ratio,Glut_ratio,Oct_ratio,Ser_ratio,DA_ratio,Unknown_ratio,GABA_clusters,ACh_clusters,Glut_clusters,Oct_clusters,Ser_clusters,DA_clusters,Unknown_clusters
720575940633320628,cell_class,AN,1335,400,0.25,0.14285714285714285,0.01,0.014232209737827715,0.2711610486891386,0.024719101123595506,0.01348314606741573,0.27191011235955054,0.4044943820224719,0.0,False,True,True,False,True,True,
720575940633320628,cell_class,AN,1335,400,0.25,0.14285714285714285,0.05,0.014232209737827715,0.2711610486891386,0.024719101123595506,0.01348314606741573,0.27191011235955054,0.4044943820224719,0.0,False,True,False,False,True,True,
720575940633320628,cell_class,AN,1335,400,0.25,0.14285714285714285,0.1,0.014232209737827715,0.2711610486891386,0.024719101123595506,0.01348314606741573,0.27191011235955054,0.4044943820224719,0.0,False,False,False,False,False,True,
720575940633320628,cell_class,AN,1335,400,0.25,0.04,0.01,0.014232209737827715,0.2711610486891386,0.024719101123595506,0.01348314606741573,0.27191011235955054,0.4044943820224719,0.0,False,True,False,False,True,True,
720575940633320628,cell_class,AN,1335,400,0.25,0.04,0.05,0.014232209737827715,0.2711610486891386,0.024719101123595506,0.01348314606741573,0.27191011235955054,0.4044943820224719,0.0,False,False,False,False,False,True,
720575940633320628,cell_class,AN,1335,400,0.25,0.04,0.1,0.014232209737827715,0.2711610486891386,0.024719101123595506,0.01348314606741573,0.27191011235955054,0.4044943820224719,0.0,False,False,False,False,False,False,
720575940633320628,cell_class,AN,1335,400,0.25,0.02,0.01,0.014232209737827715,0.2711610486891386,0.024719101123595506,0.01348314606741573,0.27191011235955054,0.4044943820224719,0.0,False,True,False,False,True,True,
720575940633320628,cell_class,AN,1335,400,0.25,0.02,0.05,0.014232209737827715,0.2711610486891386,0.024719101123595506,0.01348314606741573,0.27191011235955054,0.4044943820224719,0.0,False,False,False,False,False,True,
720575940633320628,cell_class,AN,1335,400,0.25,0.02,0.1,0.014232209737827715,0.2711610486891386,0.024719101123595506,0.01348314606741573,0.27191011235955054,0.4044943820224719,0.0,False,False,False,False,False,False,
720575940633320628,cell_class,AN,1335,400,0.25,0.01,0.01,0.014232209737827715,0.2711610486891386,0.024719101123595506,0.01348314606741573,0.27191011235955054,0.4044943820224719,0.0,False,True,False,False,True,True,
720575940633320628,cell_class,AN,1335,400,0.25,0.01,0.05,0.014232209737827715,0.2711610486891386,0.024719101123595506,0.01348314606741573,0.27191011235955054,0.4044943820224719,0.0,False,False,False,False,False,False,
720575940633320628,cell_class,AN,1335,400,0.25,0.01,0.1,0.014232209737827715,0.2711610486891386,0.024719101123595506,0.01348314606741573,0.27191011235955054,0.4044943820224719,0.0,False,False,False,False,False,False,
720575940617423105,cell_class,AN,1117,400,0.25,0.14285714285714285,0.01,0.012533572068039392,0.4341987466427932,0.049239033124440466,0.0,0.4395702775290958,0.06445837063563116,0.0,True,True,True,,True,True,
720575940617423105,cell_class,AN,1117,400,0.25,0.14285714285714285,0.05,0.012533572068039392,0.4341987466427932,0.049239033124440466,0.0,0.4395702775290958,0.06445837063563116,0.0,False,True,False,,True,False,
720575940617423105,cell_class,AN,1117,400,0.25,0.14285714285714285,0.1,0.012533572068039392,0.4341987466427932,0.049239033124440466,0.0,0.4395702775290958,0.06445837063563116,0.0,False,True,False,,True,False,
720575940617423105,cell_class,AN,1117,400,0.25,0.04,0.01,0.012533572068039392,0.4341987466427932,0.049239033124440466,0.0,0.4395702775290958,0.06445837063563116,0.0,True,True,False,,True,False,
720575940617423105,cell_class,AN,1117,400,0.25,0.04,0.05,0.012533572068039392,0.4341987466427932,0.049239033124440466,0.0,0.4395702775290958,0.06445837063563116,0.0,False,True,False,,False,False,
720575940617423105,cell_class,AN,1117,400,0.25,0.04,0.1,0.012533572068039392,0.4341987466427932,0.049239033124440466,0.0,0.4395702775290958,0.06445837063563116,0.0,False,True,False,,False,False,
720575940617423105,cell_class,AN,1117,400,0.25,0.02,0.01,0.012533572068039392,0.4341987466427932,0.049239033124440466,0.0,0.4395702775290958,0.06445837063563116,0.0,True,True,False,,True,False,
720575940617423105,cell_class,AN,1117,400,0.25,0.02,0.05,0.012533572068039392,0.4341987466427932,0.049239033124440466,0.0,0.4395702775290958,0.06445837063563116,0.0,False,True,False,,False,False,
720575940617423105,cell_class,AN,1117,400,0.25,0.02,0.1,0.012533572068039392,0.4341987466427932,0.049239033124440466,0.0,0.4395702775290958,0.06445837063563116,0.0,False,False,False,,False,False,
720575940617423105,cell_class,AN,1117,400,0.25,0.01,0.01,0.012533572068039392,0.4341987466427932,0.049239033124440466,0.0,0.4395702775290958,0.06445837063563116,0.0,False,True,False,,True,False,
720575940617423105,cell_class,AN,1117,400,0.25,0.01,0.05,0.012533572068039392,0.4341987466427932,0.049239033124440466,0.0,0.4395702775290958,0.06445837063563116,0.0,False,False,False,,False,False,
720575940617423105,cell_class,AN,1117,400,0.25,0.01,0.1,0.012533572068039392,0.4341987466427932,0.049239033124440466,0.0,0.4395702775290958,0.06445837063563116,0.0,False,False,False,,False,False,
720575940632664268,cell_class,AN,5269,400,0.25,0.14285714285714285,0.01,0.0041753653444676405,0.517935092047827,0.005503890681343709,0.006832416018219776,0.443917251850446,0.02125640539001708,0.0003795786676788764,False,True,False,False,True,True,False
720575940632664268,cell_class,AN,5269,400,0.25,0.14285714285714285,0.05,0.0041753653444676405,0.517935092047827,0.005503890681343709,0.006832416018219776,0.443917251850446,0.02125640539001708,0.0003795786676788764,False,True,False,False,True,False,False
720575940632664268,cell_class,AN,5269,400,0.25,0.14285714285714285,0.1,0.0041753653444676405,0.517935092047827,0.005503890681343709,0.006832416018219776,0.443917251850446,0.02125640539001708,0.0003795786676788764,False,True,False,False,True,False,False
720575940632664268,cell_class,AN,5269,400,0.25,0.04,0.01,0.0041753653444676405,0.517935092047827,0.005503890681343709,0.006832416018219776,0.443917251850446,0.02125640539001708,0.0003795786676788764,False,True,False,False,True,False,False
720575940632664268,cell_class,AN,5269,400,0.25,0.04,0.05,0.0041753653444676405,0.517935092047827,0.005503890681343709,0.006832416018219776,0.443917251850446,0.02125640539001708,0.0003795786676788764,False,True,False,False,True,False,False
720575940632664268,cell_class,AN,5269,400,0.25,0.04,0.1,0.0041753653444676405,0.517935092047827,0.005503890681343709,0.006832416018219776,0.443917251850446,0.02125640539001708,0.0003795786676788764,False,False,False,False,False,False,False
720575940632664268,cell_class,AN,5269,400,0.25,0.02,0.01,0.0041753653444676405,0.517935092047827,0.005503890681343709,0.006832416018219776,0.443917251850446,0.02125640539001708,0.0003795786676788764,False,True,False,False,True,False,False
720575940632664268,cell_class,AN,5269,400,0.25,0.02,0.05,0.0041753653444676405,0.517935092047827,0.005503890681343709,0.006832416018219776,0.443917251850446,0.02125640539001708,0.0003795786676788764,False,False,False,False,False,False,False
720575940632664268,cell_class,AN,5269,400,0.25,0.02,0.1,0.0041753653444676405,0.517935092047827,0.005503890681343709,0.006832416018219776,0.443917251850446,0.02125640539001708,0.0003795786676788764,False,False,False,False,False,False,False
720575940632664268,cell_class,AN,5269,400,0.25,0.01,0.01,0.0041753653444676405,0.517935092047827,0.005503890681343709,0.006832416018219776,0.443917251850446,0.02125640539001708,0.0003795786676788764,False,True,False,False,True,False,False
720575940632664268,cell_class,AN,5269,400,0.25,0.01,0.05,0.0041753653444676405,0.517935092047827,0.005503890681343709,0.006832416018219776,0.443917251850446,0.02125640539001708,0.0003795786676788764,False,False,False,False,False,False,False
720575940632664268,cell_class,AN,5269,400,0.25,0.01,0.1,0.0041753653444676405,0.517935092047827,0.005503890681343709,0.006832416018219776,0.443917251850446,0.02125640539001708,0.0003795786676788764,False,False,False,False,False,False,False
720575940620052059,cell_class,AN,3814,400,0.25,0.14285714285714285,0.01,0.014682747771368642,0.9202936549554274,0.017042475091767175,0.0018353434714210803,0.03828002097535396,0.007079181961195595,0.0007865757734661773,True,True,False,False,True,False,False
720575940620052059,cell_class,AN,3814,400,0.25,0.14285714285714285,0.05,0.014682747771368642,0.9202936549554274,0.017042475091767175,0.0018353434714210803,0.03828002097535396,0.007079181961195595,0.0007865757734661773,False,True,False,False,False,False,False
720575940620052059,cell_class,AN,3814,400,0.25,0.14285714285714285,0.1,0.014682747771368642,0.9202936549554274,0.017042475091767175,0.0018353434714210803,0.03828002097535396,0.007079181961195595,0.0007865757734661773,False,True,False,False,False,False,False
720575940620052059,cell_class,AN,3814,400,0.25,0.04,0.01,0.014682747771368642,0.9202936549554274,0.017042475091767175,0.0018353434714210803,0.03828002097535396,0.007079181961195595,0.0007865757734661773,False,True,False,False,False,False,False
720575940620052059,cell_class,AN,3814,400,0.25,0.04,0.05,0.014682747771368642,0.9202936549554274,0.017042475091767175,0.0018353434714210803,0.03828002097535396,0.007079181961195595,0.0007865757734661773,False,True,False,False,False,False,False
720575940620052059,cell_class,AN,3814,400,0.25,0.04,0.1,0.014682747771368642,0.9202936549554274,0.017042475091767175,0.0018353434714210803,0.03828002097535396,0.007079181961195595,0.0007865757734661773,False,False,False,False,False,False,False
720575940620052059,cell_class,AN,3814,400,0.25,0.02,0.01,0.014682747771368642,0.9202936549554274,0.017042475091767175,0.0018353434714210803,0.03828002097535396,0.007079181961195595,0.0007865757734661773,False,True,False,False,False,False,False
720575940620052059,cell_class,AN,3814,400,0.25,0.02,0.05,0.014682747771368642,0.9202936549554274,0.017042475091767175,0.0018353434714210803,0.03828002097535396,0.007079181961195595,0.0007865757734661773,False,True,False,False,False,False,False
720575940620052059,cell_class,AN,3814,400,0.25,0.02,0.1,0.014682747771368642,0.9202936549554274,0.017042475091767175,0.0018353434714210803,0.03828002097535396,0.007079181961195595,0.0007865757734661773,False,False,False,False,False,False,False
720575940620052059,cell_class,AN,3814,400,0.25,0.01,0.01,0.014682747771368642,0.9202936549554274,0.017042475091767175,0.0018353434714210803,0.03828002097535396,0.007079181961195595,0.0007865757734661773,False,True,False,False,False,False,False
720575940620052059,cell_class,AN,3814,400,0.25,0.01,0.05,0.014682747771368642,0.9202936549554274,0.017042475091767175,0.0018353434714210803,0.03828002097535396,0.007079181961195595,0.0007865757734661773,False,False,False,False,False,False,False
720575940620052059,cell_class,AN,3814,400,0.25,0.01,0.1,0.014682747771368642,0.9202936549554274,0.017042475091767175,0.0018353434714210803,0.03828002097535396,0.007079181961195595,0.0007865757734661773,False,False,False,False,False,False,False
720575940633701487,cell_class,AN,2602,400,0.25,0.14285714285714285,0.01,0.0030745580322828594,0.6122213681783244,0.13412759415833975,0.0007686395080707148,0.22598001537279017,0.02382782475019216,0.0,False,True,True,False,True,False,
720575940633701487,cell_class,AN,2602,400,0.25,0.14285714285714285,0.05,0.0030745580322828594,0.6122213681783244,0.13412759415833975,0.0007686395080707148,0.22598001537279017,0.02382782475019216,0.0,False,True,True,False,True,False,
720575940633701487,cell_class,AN,2602,400,0.25,0.14285714285714285,0.1,0.0030745580322828594,0.6122213681783244,0.13412759415833975,0.0007686395080707148,0.22598001537279017,0.02382782475019216,0.0,False,True,False,False,False,False,
720575940633701487,cell_class,AN,2602,400,0.25,0.04,0.01,0.0030745580322828594,0.6122213681783244,0.13412759415833975,0.0007686395080707148,0.22598001537279017,0.02382782475019216,0.0,False,True,True,False,True,False,
720575940633701487,cell_class,AN,2602,400,0.25,0.04,0.05,0.0030745580322828594,0.6122213681783244,0.13412759415833975,0.0007686395080707148,0.22598001537279017,0.02382782475019216,0.0,False,True,False,False,False,False,
720575940633701487,cell_class,AN,2602,400,0.25,0.04,0.1,0.0030745580322828594,0.6122213681783244,0.13412759415833975,0.0007686395080707148,0.22598001537279017,0.02382782475019216,0.0,False,False,False,False,False,False,
720575940633701487,cell_class,AN,2602,400,0.25,0.02,0.01,0.0030745580322828594,0.6122213681783244,0.13412759415833975,0.0007686395080707148,0.22598001537279017,0.02382782475019216,0.0,False,True,True,False,True,False,
720575940633701487,cell_class,AN,2602,400,0.25,0.02,0.05,0.0030745580322828594,0.6122213681783244,0.13412759415833975,0.0007686395080707148,0.22598001537279017,0.02382782475019216,0.0,False,False,False,False,False,False,
720575940633701487,cell_class,AN,2602,400,0.25,0.02,0.1,0.0030745580322828594,0.6122213681783244,0.13412759415833975,0.0007686395080707148,0.22598001537279017,0.02382782475019216,0.0,False,False,False,False,False,False,
720575940633701487,cell_class,AN,2602,400,0.25,0.01,0.01,0.0030745580322828594,0.6122213681783244,0.13412759415833975,0.0007686395080707148,0.22598001537279017,0.02382782475019216,0.0,False,True,True,False,True,False,
720575940633701487,cell_class,AN,2602,400,0.25,0.01,0.05,0.0030745580322828594,0.6122213681783244,0.13412759415833975,0.0007686395080707148,0.22598001537279017,0.02382782475019216,0.0,False,False,False,False,False,False,
720575940633701487,cell_class,AN,2602,400,0.25,0.01,0.1,0.0030745580322828594,0.6122213681783244,0.13412759415833975,0.0007686395080707148,0.22598001537279017,0.02382782475019216,0.0,False,False,False,False,False,False,
720575940633702511,cell_class,AN,509,400,0.25,0.14285714285714285,0.01,0.09233791748526522,0.8447937131630648,0.015717092337917484,0.0,0.04518664047151277,0.0019646365422396855,0.0,True,True,False,,True,,
720575940633702511,cell_class,AN,509,400,0.25,0.14285714285714285,0.05,0.09233791748526522,0.8447937131630648,0.015717092337917484,0.0,0.04518664047151277,0.0019646365422396855,0.0,True,True,False,,False,,
720575940633702511,cell_class,AN,509,400,0.25,0.14285714285714285,0.1,0.09233791748526522,0.8447937131630648,0.015717092337917484,0.0,0.04518664047151277,0.0019646365422396855,0.0,False,True,False,,False,,
720575940633702511,cell_class,AN,509,400,0.25,0.04,0.01,0.09233791748526522,0.8447937131630648,0.015717092337917484,0.0,0.04518664047151277,0.0019646365422396855,0.0,True,True,False,,True,,
720575940633702511,cell_class,AN,509,400,0.25,0.04,0.05,0.09233791748526522,0.8447937131630648,0.015717092337917484,0.0,0.04518664047151277,0.0019646365422396855,0.0,False,True,False,,False,,
720575940633702511,cell_class,AN,509,400,0.25,0.04,0.1,0.09233791748526522,0.8447937131630648,0.015717092337917484,0.0,0.04518664047151277,0.0019646365422396855,0.0,False,True,False,,False,,
720575940633702511,cell_class,AN,509,400,0.25,0.02,0.01,0.09233791748526522,0.8447937131630648,0.015717092337917484,0.0,0.04518664047151277,0.0019646365422396855,0.0,True,True,False,,True,,
720575940633702511,cell_class,AN,509,400,0.25,0.02,0.05,0.09233791748526522,0.8447937131630648,0.015717092337917484,0.0,0.04518664047151277,0.0019646365422396855,0.0,False,True,False,,False,,
720575940633702511,cell_class,AN,509,400,0.25,0.02,0.1,0.09233791748526522,0.8447937131630648,0.015717092337917484,0.0,0.04518664047151277,0.0019646365422396855,0.0,False,False,False,,False,,
720575940633702511,cell_class,AN,509,400,0.25,0.01,0.01,0.09233791748526522,0.8447937131630648,0.015717092337917484,0.0,0.04518664047151277,0.0019646365422396855,0.0,True,True,False,,True,,
720575940633702511,cell_class,AN,509,400,0.25,0.01,0.05,0.09233791748526522,0.8447937131630648,0.015717092337917484,0.0,0.04518664047151277,0.0019646365422396855,0.0,False,False,False,,False,,
720575940633702511,cell_class,AN,509,400,0.25,0.01,0.1,0.09233791748526522,0.8447937131630648,0.015717092337917484,0.0,0.04518664047151277,0.0019646365422396855,0.0,False,False,False,,False,,
720575940635221172,cell_class,AN,403,400,0.25,0.14285714285714285,0.01,0.01240694789081886,0.6129032258064516,0.09181141439205956,0.017369727047146403,0.2655086848635236,0.0,0.0,False,True,True,True,True,,
720575940635221172,cell_class,AN,403,400,0.25,0.14285714285714285,0.05,0.01240694789081886,0.6129032258064516,0.09181141439205956,0.017369727047146403,0.2655086848635236,0.0,0.0,False,True,False,False,True,,
720575940635221172,cell_class,AN,403,400,0.25,0.14285714285714285,0.1,0.01240694789081886,0.6129032258064516,0.09181141439205956,0.017369727047146403,0.2655086848635236,0.0,0.0,False,True,False,False,False,,
720575940635221172,cell_class,AN,403,400,0.25,0.04,0.01,0.01240694789081886,0.6129032258064516,0.09181141439205956,0.017369727047146403,0.2655086848635236,0.0,0.0,False,True,True,True,True,,
720575940635221172,cell_class,AN,403,400,0.25,0.04,0.05,0.01240694789081886,0.6129032258064516,0.09181141439205956,0.017369727047146403,0.2655086848635236,0.0,0.0,False,True,False,False,False,,
720575940635221172,cell_class,AN,403,400,0.25,0.04,0.1,0.01240694789081886,0.6129032258064516,0.09181141439205956,0.017369727047146403,0.2655086848635236,0.0,0.0,False,False,False,False,False,,
720575940635221172,cell_class,AN,403,400,0.25,0.02,0.01,0.01240694789081886,0.6129032258064516,0.09181141439205956,0.017369727047146403,0.2655086848635236,0.0,0.0,False,True,True,False,True,,
720575940635221172,cell_class,AN,403,400,0.25,0.02,0.05,0.01240694789081886,0.6129032258064516,0.09181141439205956,0.017369727047146403,0.2655086848635236,0.0,0.0,False,True,False,False,False,,
720575940635221172,cell_class,AN,403,400,0.25,0.02,0.1,0.01240694789081886,0.6129032258064516,0.09181141439205956,0.017369727047146403,0.2655086848635236,0.0,0.0,False,False,False,False,False,,
720575940635221172,cell_class,AN,403,400,0.25,0.01,0.01,0.01240694789081886,0.6129032258064516,0.09181141439205956,0.017369727047146403,0.2655086848635236,0.0,0.0,False,True,True,False,True,,
720575940635221172,cell_class,AN,403,400,0.25,0.01,0.05,0.01240694789081886,0.6129032258064516,0.09181141439205956,0.017369727047146403,0.2655086848635236,0.0,0.0,False,True,False,False,False,,
720575940635221172,cell_class,AN,403,400,0.25,0.01,0.1,0.01240694789081886,0.6129032258064516,0.09181141439205956,0.017369727047146403,0.2655086848635236,0.0,0.0,False,False,False,False,False,,
720575940621493068,cell_class,AN,9789,400,0.25,0.14285714285714285,0.01,0.01225865767698437,0.9295127183573398,0.025743181121667177,0.007559505567473695,0.007763816528756768,0.0165491878639289,0.0006129328838492185,False,True,True,False,False,False,False
720575940621493068,cell_class,AN,9789,400,0.25,0.14285714285714285,0.05,0.01225865767698437,0.9295127183573398,0.025743181121667177,0.007559505567473695,0.007763816528756768,0.0165491878639289,0.0006129328838492185,False,True,False,False,False,False,False
720575940621493068,cell_class,AN,9789,400,0.25,0.14285714285714285,0.1,0.01225865767698437,0.9295127183573398,0.025743181121667177,0.007559505567473695,0.007763816528756768,0.0165491878639289,0.0006129328838492185,False,True,False,False,False,False,False
720575940621493068,cell_class,AN,9789,400,0.25,0.04,0.01,0.01225865767698437,0.9295127183573398,0.025743181121667177,0.007559505567473695,0.007763816528756768,0.0165491878639289,0.0006129328838492185,False,True,False,False,False,False,False
720575940621493068,cell_class,AN,9789,400,0.25,0.04,0.05,0.01225865767698437,0.9295127183573398,0.025743181121667177,0.007559505567473695,0.007763816528756768,0.0165491878639289,0.0006129328838492185,False,True,False,False,False,False,False
720575940621493068,cell_class,AN,9789,400,0.25,0.04,0.1,0.01225865767698437,0.9295127183573398,0.025743181121667177,0.007559505567473695,0.007763816528756768,0.0165491878639289,0.0006129328838492185,False,True,False,False,False,False,False
720575940621493068,cell_class,AN,9789,400,0.25,0.02,0.01,0.01225865767698437,0.9295127183573398,0.025743181121667177,0.007559505567473695,0.007763816528756768,0.0165491878639289,0.0006129328838492185,False,True,False,False,False,False,False
720575940621493068,cell_class,AN,9789,400,0.25,0.02,0.05,0.01225865767698437,0.9295127183573398,0.025743181121667177,0.007559505567473695,0.007763816528756768,0.0165491878639289,0.0006129328838492185,False,True,False,False,False,False,False
720575940621493068,cell_class,AN,9789,400,0.25,0.02,0.1,0.01225865767698437,0.9295127183573398,0.025743181121667177,0.007559505567473695,0.007763816528756768,0.0165491878639289,0.0006129328838492185,False,False,False,False,False,False,False
720575940621493068,cell_class,AN,9789,400,0.25,0.01,0.01,0.01225865767698437,0.9295127183573398,0.025743181121667177,0.007559505567473695,0.007763816528756768,0.0165491878639289,0.0006129328838492185,False,True,False,False,False,False,False
720575940621493068,cell_class,AN,9789,400,0.25,0.01,0.05,0.01225865767698437,0.9295127183573398,0.025743181121667177,0.007559505567473695,0.007763816528756768,0.0165491878639289,0.0006129328838492185,False,False,False,False,False,False,False
720575940621493068,cell_class,AN,9789,400,0.25,0.01,0.1,0.01225865767698437,0.9295127183573398,0.025743181121667177,0.007559505567473695,0.007763816528756768,0.0165491878639289,0.0006129328838492185,False,False,False,False,False,False,False
720575940615903605,cell_class,AN,7311,400,0.25,0.14285714285714285,0.01,0.02311585282451101,0.9153330597729449,0.022705512241827385,0.004650526603747777,0.024073314184106142,0.009984954178634934,0.0001367801942278758,False,True,False,False,False,False,
720575940615903605,cell_class,AN,7311,400,0.25,0.14285714285714285,0.05,0.02311585282451101,0.9153330597729449,0.022705512241827385,0.004650526603747777,0.024073314184106142,0.009984954178634934,0.0001367801942278758,False,True,False,False,False,False,
720575940615903605,cell_class,AN,7311,400,0.25,0.14285714285714285,0.1,0.02311585282451101,0.9153330597729449,0.022705512241827385,0.004650526603747777,0.024073314184106142,0.009984954178634934,0.0001367801942278758,False,True,False,False,False,False,
720575940615903605,cell_class,AN,7311,400,0.25,0.04,0.01,0.02311585282451101,0.9153330597729449,0.022705512241827385,0.004650526603747777,0.024073314184106142,0.009984954178634934,0.0001367801942278758,False,True,False,False,False,False,
720575940615903605,cell_class,AN,7311,400,0.25,0.04,0.05,0.02311585282451101,0.9153330597729449,0.022705512241827385,0.004650526603747777,0.024073314184106142,0.009984954178634934,0.0001367801942278758,False,True,False,False,False,False,
720575940615903605,cell_class,AN,7311,400,0.25,0.04,0.1,0.02311585282451101,0.9153330597729449,0.022705512241827385,0.004650526603747777,0.024073314184106142,0.009984954178634934,0.0001367801942278758,False,False,False,False,False,False,
720575940615903605,cell_class,AN,7311,400,0.25,0.02,0.01,0.02311585282451101,0.9153330597729449,0.022705512241827385,0.004650526603747777,0.024073314184106142,0.009984954178634934,0.0001367801942278758,False,True,False,False,False,False,
720575940615903605,cell_class,AN,7311,400,0.25,0.02,0.05,0.02311585282451101,0.9153330597729449,0.022705512241827385,0.004650526603747777,0.024073314184106142,0.009984954178634934,0.0001367801942278758,False,False,False,False,False,False,
720575940615903605,cell_class,AN,7311,400,0.25,0.02,0.1,0.02311585282451101,0.9153330597729449,0.022705512241827385,0.004650526603747777,0.024073314184106142,0.009984954178634934,0.0001367801942278758,False,False,False,False,False,False,
720575940615903605,cell_class,AN,7311,400,0.25,0.01,0.01,0.02311585282451101,0.9153330597729449,0.022705512241827385,0.004650526603747777,0.024073314184106142,0.009984954178634934,0.0001367801942278758,False,True,False,False,False,False,
720575940615903605,cell_class,AN,7311,400,0.25,0.01,0.05,0.02311585282451101,0.9153330597729449,0.022705512241827385,0.004650526603747777,0.024073314184106142,0.009984954178634934,0.0001367801942278758,False,False,False,False,False,False,
720575940615903605,cell_class,AN,7311,400,0.25,0.01,0.1,0.02311585282451101,0.9153330597729449,0.022705512241827385,0.004650526603747777,0.024073314184106142,0.009984954178634934,0.0001367801942278758,False,False,False,False,False,False,
720575940615110450,cell_class,AN,2312,400,0.25,0.14285714285714285,0.01,0.44506920415224915,0.222318339100346,0.2768166089965398,0.013408304498269897,0.030709342560553632,0.009515570934256055,0.0021626297577854673,True,True,True,False,True,False,False
720575940615110450,cell_class,AN,2312,400,0.25,0.14285714285714285,0.05,0.44506920415224915,0.222318339100346,0.2768166089965398,0.013408304498269897,0.030709342560553632,0.009515570934256055,0.0021626297577854673,True,True,True,False,False,False,False
720575940615110450,cell_class,AN,2312,400,0.25,0.14285714285714285,0.1,0.44506920415224915,0.222318339100346,0.2768166089965398,0.013408304498269897,0.030709342560553632,0.009515570934256055,0.0021626297577854673,True,False,True,False,False,False,False
720575940615110450,cell_class,AN,2312,400,0.25,0.04,0.01,0.44506920415224915,0.222318339100346,0.2768166089965398,0.013408304498269897,0.030709342560553632,0.009515570934256055,0.0021626297577854673,True,True,True,False,False,False,False
720575940615110450,cell_class,AN,2312,400,0.25,0.04,0.05,0.44506920415224915,0.222318339100346,0.2768166089965398,0.013408304498269897,0.030709342560553632,0.009515570934256055,0.0021626297577854673,False,False,False,False,False,False,False
720575940615110450,cell_class,AN,2312,400,0.25,0.04,0.1,0.44506920415224915,0.222318339100346,0.2768166089965398,0.013408304498269897,0.030709342560553632,0.009515570934256055,0.0021626297577854673,False,False,False,False,False,False,False
720575940615110450,cell_class,AN,2312,400,0.25,0.02,0.01,0.44506920415224915,0.222318339100346,0.2768166089965398,0.013408304498269897,0.030709342560553632,0.009515570934256055,0.0021626297577854673,True,True,True,False,False,False,False
720575940615110450,cell_class,AN,2312,400,0.25,0.02,0.05,0.44506920415224915,0.222318339100346,0.2768166089965398,0.013408304498269897,0.030709342560553632,0.009515570934256055,0.0021626297577854673,False,False,False,False,False,False,False
720575940615110450,cell_class,AN,2312,400,0.25,0.02,0.1,0.44506920415224915,0.222318339100346,0.2768166089965398,0.013408304498269897,0.030709342560553632,0.009515570934256055,0.0021626297577854673,False,False,False,False,False,False,False
720575940615110450,cell_class,AN,2312,400,0.25,0.01,0.01,0.44506920415224915,0.222318339100346,0.2768166089965398,0.013408304498269897,0.030709342560553632,0.009515570934256055,0.0021626297577854673,True,True,True,False,False,False,False
720575940615110450,cell_class,AN,2312,400,0.25,0.01,0.05,0.44506920415224915,0.222318339100346,0.2768166089965398,0.013408304498269897,0.030709342560553632,0.009515570934256055,0.0021626297577854673,False,False,False,False,False,False,False
720575940615110450,cell_class,AN,2312,400,0.25,0.01,0.1,0.44506920415224915,0.222318339100346,0.2768166089965398,0.013408304498269897,0.030709342560553632,0.009515570934256055,0.0021626297577854673,False,False,False,False,False,False,False
720575940639352947,cell_class,AN,3025,400,0.25,0.14285714285714285,0.01,0.020165289256198347,0.053553719008264465,0.7930578512396694,0.013553719008264463,0.0915702479338843,0.027768595041322314,0.00033057851239669424,True,True,True,False,True,True,
720575940639352947,cell_class,AN,3025,400,0.25,0.14285714285714285,0.05,0.020165289256198347,0.053553719008264465,0.7930578512396694,0.013553719008264463,0.0915702479338843,0.027768595041322314,0.00033057851239669424,False,False,True,False,False,False,
720575940639352947,cell_class,AN,3025,400,0.25,0.14285714285714285,0.1,0.020165289256198347,0.053553719008264465,0.7930578512396694,0.013553719008264463,0.0915702479338843,0.027768595041322314,0.00033057851239669424,False,False,True,False,False,False,
720575940639352947,cell_class,AN,3025,400,0.25,0.04,0.01,0.020165289256198347,0.053553719008264465,0.7930578512396694,0.013553719008264463,0.0915702479338843,0.027768595041322314,0.00033057851239669424,False,True,True,False,True,False,
720575940639352947,cell_class,AN,3025,400,0.25,0.04,0.05,0.020165289256198347,0.053553719008264465,0.7930578512396694,0.013553719008264463,0.0915702479338843,0.027768595041322314,0.00033057851239669424,False,False,True,False,False,False,
720575940639352947,cell_class,AN,3025,400,0.25,0.04,0.1,0.020165289256198347,0.053553719008264465,0.7930578512396694,0.013553719008264463,0.0915702479338843,0.027768595041322314,0.00033057851239669424,False,False,False,False,False,False,
720575940639352947,cell_class,AN,3025,400,0.25,0.02,0.01,0.020165289256198347,0.053553719008264465,0.7930578512396694,0.013553719008264463,0.0915702479338843,0.027768595041322314,0.00033057851239669424,False,False,True,False,False,False,
720575940639352947,cell_class,AN,3025,400,0.25,0.02,0.05,0.020165289256198347,0.053553719008264465,0.7930578512396694,0.013553719008264463,0.0915702479338843,0.027768595041322314,0.00033057851239669424,False,False,False,False,False,False,
720575940639352947,cell_class,AN,3025,400,0.25,0.02,0.1,0.020165289256198347,0.053553719008264465,0.7930578512396694,0.013553719008264463,0.0915702479338843,0.027768595041322314,0.00033057851239669424,False,False,False,False,False,False,
720575940639352947,cell_class,AN,3025,400,0.25,0.01,0.01,0.020165289256198347,0.053553719008264465,0.7930578512396694,0.013553719008264463,0.0915702479338843,0.027768595041322314,0.00033057851239669424,False,False,True,False,False,False,
720575940639352947,cell_class,AN,3025,400,0.25,0.01,0.05,0.020165289256198347,0.053553719008264465,0.7930578512396694,0.013553719008264463,0.0915702479338843,0.027768595041322314,0.00033057851239669424,False,False,False,False,False,False,
720575940639352947,cell_class,AN,3025,400,0.25,0.01,0.1,0.020165289256198347,0.053553719008264465,0.7930578512396694,0.013553719008264463,0.0915702479338843,0.027768595041322314,0.00033057851239669424,False,False,False,False,False,False,
720575940609073506,cell_class,AN,974,400,0.25,0.14285714285714285,0.01,0.0,0.971252566735113,0.00513347022587269,0.001026694045174538,0.011293634496919919,0.011293634496919919,0.0,,True,False,,False,False,
720575940609073506,cell_class,AN,974,400,0.25,0.14285714285714285,0.05,0.0,0.971252566735113,0.00513347022587269,0.001026694045174538,0.011293634496919919,0.011293634496919919,0.0,,True,False,,False,False,
720575940609073506,cell_class,AN,974,400,0.25,0.14285714285714285,0.1,0.0,0.971252566735113,0.00513347022587269,0.001026694045174538,0.011293634496919919,0.011293634496919919,0.0,,True,False,,False,False,
720575940609073506,cell_class,AN,974,400,0.25,0.04,0.01,0.0,0.971252566735113,0.00513347022587269,0.001026694045174538,0.011293634496919919,0.011293634496919919,0.0,,True,False,,False,False,
720575940609073506,cell_class,AN,974,400,0.25,0.04,0.05,0.0,0.971252566735113,0.00513347022587269,0.001026694045174538,0.011293634496919919,0.011293634496919919,0.0,,True,False,,False,False,
720575940609073506,cell_class,AN,974,400,0.25,0.04,0.1,0.0,0.971252566735113,0.00513347022587269,0.001026694045174538,0.011293634496919919,0.011293634496919919,0.0,,True,False,,False,False,
720575940609073506,cell_class,AN,974,400,0.25,0.02,0.01,0.0,0.971252566735113,0.00513347022587269,0.001026694045174538,0.011293634496919919,0.011293634496919919,0.0,,True,False,,False,False,
720575940609073506,cell_class,AN,974,400,0.25,0.02,0.05,0.0,0.971252566735113,0.00513347022587269,0.001026694045174538,0.011293634496919919,0.011293634496919919,0.0,,True,False,,False,False,
720575940609073506,cell_class,AN,974,400,0.25,0.02,0.1,0.0,0.971252566735113,0.00513347022587269,0.001026694045174538,0.011293634496919919,0.011293634496919919,0.0,,False,False,,False,False,
720575940609073506,cell_class,AN,974,400,0.25,0.01,0.01,0.0,0.971252566735113,0.00513347022587269,0.001026694045174538,0.011293634496919919,0.011293634496919919,0.0,,True,False,,False,False,
720575940609073506,cell_class,AN,974,400,0.25,0.01,0.05,0.0,0.971252566735113,0.00513347022587269,0.001026694045174538,0.011293634496919919,0.011293634496919919,0.0,,False,False,,False,False,
720575940609073506,cell_class,AN,974,400,0.25,0.01,0.1,0.0,0.971252566735113,0.00513347022587269,0.001026694045174538,0.011293634496919919,0.011293634496919919,0.0,,False,False,,False,False,
720575940634057335,cell_class,AN,2674,400,0.25,0.14285714285714285,0.01,0.0014958863126402393,0.949887808526552,0.0014958863126402393,0.00037397157816005983,0.026551982049364247,0.02019446522064323,0.0,False,True,False,,False,False,
720575940634057335,cell_class,AN,2674,400,0.25,0.14285714285714285,0.05,0.0014958863126402393,0.949887808526552,0.0014958863126402393,0.00037397157816005983,0.026551982049364247,0.02019446522064323,0.0,False,True,False,,False,False,
720575940634057335,cell_class,AN,2674,400,0.25,0.14285714285714285,0.1,0.0014958863126402393,0.949887808526552,0.0014958863126402393,0.00037397157816005983,0.026551982049364247,0.02019446522064323,0.0,False,True,False,,False,False,
720575940634057335,cell_class,AN,2674,400,0.25,0.04,0.01,0.0014958863126402393,0.949887808526552,0.0014958863126402393,0.00037397157816005983,0.026551982049364247,0.02019446522064323,0.0,False,True,False,,False,False,
720575940634057335,cell_class,AN,2674,400,0.25,0.04,0.05,0.0014958863126402393,0.949887808526552,0.0014958863126402393,0.00037397157816005983,0.026551982049364247,0.02019446522064323,0.0,False,True,False,,False,False,
720575940634057335,cell_class,AN,2674,400,0.25,0.04,0.1,0.0014958863126402393,0.949887808526552,0.0014958863126402393,0.00037397157816005983,0.026551982049364247,0.02019446522064323,0.0,False,False,False,,False,False,
720575940634057335,cell_class,AN,2674,400,0.25,0.02,0.01,0.0014958863126402393,0.949887808526552,0.0014958863126402393,0.00037397157816005983,0.026551982049364247,0.02019446522064323,0.0,False,True,False,,False,False,
720575940634057335,cell_class,AN,2674,400,0.25,0.02,0.05,0.0014958863126402393,0.949887808526552,0.0014958863126402393,0.00037397157816005983,0.026551982049364247,0.02019446522064323,0.0,False,True,False,,False,False,
720575940634057335,cell_class,AN,2674,400,0.25,0.02,0.1,0.0014958863126402393,0.949887808526552,0.0014958863126402393,0.00037397157816005983,0.026551982049364247,0.02019446522064323,0.0,False,False,False,,False,False,
720575940634057335,cell_class,AN,2674,400,0.25,0.01,0.01,0.0014958863126402393,0.949887808526552,0.0014958863126402393,0.00037397157816005983,0.026551982049364247,0.02019446522064323,0.0,False,True,False,,False,False,
720575940634057335,cell_class,AN,2674,400,0.25,0.01,0.05,0.0014958863126402393,0.949887808526552,0.0014958863126402393,0.00037397157816005983,0.026551982049364247,0.02019446522064323,0.0,False,True,False,,False,False,
720575940634057335,cell_class,AN,2674,400,0.25,0.01,0.1,0.0014958863126402393,0.949887808526552,0.0014958863126402393,0.00037397157816005983,0.026551982049364247,0.02019446522064323,0.0,False,False,False,,False,False,
720575940604891360,cell_class,AN,5409,400,0.25,0.14285714285714285,0.01,0.473655019412091,0.38084673691994825,0.04991680532445923,0.002958032908116103,0.05416897762987613,0.037345165464965795,0.0011092623405435386,True,True,True,False,True,True,False
720575940604891360,cell_class,AN,5409,400,0.25,0.14285714285714285,0.05,0.473655019412091,0.38084673691994825,0.04991680532445923,0.002958032908116103,0.05416897762987613,0.037345165464965795,0.0011092623405435386,True,True,False,False,False,False,False
720575940604891360,cell_class,AN,5409,400,0.25,0.14285714285714285,0.1,0.473655019412091,0.38084673691994825,0.04991680532445923,0.002958032908116103,0.05416897762987613,0.037345165464965795,0.0011092623405435386,True,True,False,False,False,False,False
720575940604891360,cell_class,AN,5409,400,0.25,0.04,0.01,0.473655019412091,0.38084673691994825,0.04991680532445923,0.002958032908116103,0.05416897762987613,0.037345165464965795,0.0011092623405435386,True,True,False,False,False,False,False
720575940604891360,cell_class,AN,5409,400,0.25,0.04,0.05,0.473655019412091,0.38084673691994825,0.04991680532445923,0.002958032908116103,0.05416897762987613,0.037345165464965795,0.0011092623405435386,True,True,False,False,False,False,False
720575940604891360,cell_class,AN,5409,400,0.25,0.04,0.1,0.473655019412091,0.38084673691994825,0.04991680532445923,0.002958032908116103,0.05416897762987613,0.037345165464965795,0.0011092623405435386,False,False,False,False,False,False,False
720575940604891360,cell_class,AN,5409,400,0.25,0.02,0.01,0.473655019412091,0.38084673691994825,0.04991680532445923,0.002958032908116103,0.05416897762987613,0.037345165464965795,0.0011092623405435386,True,True,False,False,False,False,False
720575940604891360,cell_class,AN,5409,400,0.25,0.02,0.05,0.473655019412091,0.38084673691994825,0.04991680532445923,0.002958032908116103,0.05416897762987613,0.037345165464965795,0.0011092623405435386,False,False,False,False,False,False,False
720575940604891360,cell_class,AN,5409,400,0.25,0.02,0.1,0.473655019412091,0.38084673691994825,0.04991680532445923,0.002958032908116103,0.05416897762987613,0.037345165464965795,0.0011092623405435386,False,False,False,False,False,False,False
720575940604891360,cell_class,AN,5409,400,0.25,0.01,0.01,0.473655019412091,0.38084673691994825,0.04991680532445923,0.002958032908116103,0.05416897762987613,0.037345165464965795,0.0011092623405435386,True,True,False,False,False,False,False
720575940604891360,cell_class,AN,5409,400,0.25,0.01,0.05,0.473655019412091,0.38084673691994825,0.04991680532445923,0.002958032908116103,0.05416897762987613,0.037345165464965795,0.0011092623405435386,False,False,False,False,False,False,False
720575940604891360,cell_class,AN,5409,400,0.25,0.01,0.1,0.473655019412091,0.38084673691994825,0.04991680532445923,0.002958032908116103,0.05416897762987613,0.037345165464965795,0.0011092623405435386,False,False,False,False,False,False,False
720575940634111351,cell_class,AN,775,400,0.25,0.14285714285714285,0.01,0.0,0.3548387096774194,0.2503225806451613,0.005161290322580645,0.36,0.02967741935483871,0.0,,True,True,False,True,True,
720575940634111351,cell_class,AN,775,400,0.25,0.14285714285714285,0.05,0.0,0.3548387096774194,0.2503225806451613,0.005161290322580645,0.36,0.02967741935483871,0.0,,True,True,False,True,False,
720575940634111351,cell_class,AN,775,400,0.25,0.14285714285714285,0.1,0.0,0.3548387096774194,0.2503225806451613,0.005161290322580645,0.36,0.02967741935483871,0.0,,True,True,False,True,False,
720575940634111351,cell_class,AN,775,400,0.25,0.04,0.01,0.0,0.3548387096774194,0.2503225806451613,0.005161290322580645,0.36,0.02967741935483871,0.0,,True,True,False,True,True,
720575940634111351,cell_class,AN,775,400,0.25,0.04,0.05,0.0,0.3548387096774194,0.2503225806451613,0.005161290322580645,0.36,0.02967741935483871,0.0,,True,False,False,False,False,
720575940634111351,cell_class,AN,775,400,0.25,0.04,0.1,0.0,0.3548387096774194,0.2503225806451613,0.005161290322580645,0.36,0.02967741935483871,0.0,,False,False,False,False,False,
720575940634111351,cell_class,AN,775,400,0.25,0.02,0.01,0.0,0.3548387096774194,0.2503225806451613,0.005161290322580645,0.36,0.02967741935483871,0.0,,True,True,False,True,True,
720575940634111351,cell_class,AN,775,400,0.25,0.02,0.05,0.0,0.3548387096774194,0.2503225806451613,0.005161290322580645,0.36,0.02967741935483871,0.0,,False,False,False,False,False,
720575940634111351,cell_class,AN,775,400,0.25,0.02,0.1,0.0,0.3548387096774194,0.2503225806451613,0.005161290322580645,0.36,0.02967741935483871,0.0,,False,False,False,False,False,
720575940634111351,cell_class,AN,775,400,0.25,0.01,0.01,0.0,0.3548387096774194,0.2503225806451613,0.005161290322580645,0.36,0.02967741935483871,0.0,,True,True,False,True,True,
720575940634111351,cell_class,AN,775,400,0.25,0.01,0.05,0.0,0.3548387096774194,0.2503225806451613,0.005161290322580645,0.36,0.02967741935483871,0.0,,False,False,False,False,False,
720575940634111351,cell_class,AN,775,400,0.25,0.01,0.1,0.0,0.3548387096774194,0.2503225806451613,0.005161290322580645,0.36,0.02967741935483871,0.0,,False,False,False,False,False,
720575940618206262,cell_class,AN,6301,400,0.25,0.14285714285714285,0.01,0.7290906205364228,0.14489763529598476,0.08823996191080781,0.0076178384383431205,0.020631645770512616,0.0095222980479289,0.0,True,True,True,False,False,False,
720575940618206262,cell_class,AN,6301,400,0.25,0.14285714285714285,0.05,0.7290906205364228,0.14489763529598476,0.08823996191080781,0.0076178384383431205,0.020631645770512616,0.0095222980479289,0.0,True,True,False,False,False,False,
720575940618206262,cell_class,AN,6301,400,0.25,0.14285714285714285,0.1,0.7290906205364228,0.14489763529598476,0.08823996191080781,0.0076178384383431205,0.020631645770512616,0.0095222980479289,0.0,True,False,False,False,False,False,
720575940618206262,cell_class,AN,6301,400,0.25,0.04,0.01,0.7290906205364228,0.14489763529598476,0.08823996191080781,0.0076178384383431205,0.020631645770512616,0.0095222980479289,0.0,True,True,True,False,False,False,
720575940618206262,cell_class,AN,6301,400,0.25,0.04,0.05,0.7290906205364228,0.14489763529598476,0.08823996191080781,0.0076178384383431205,0.020631645770512616,0.0095222980479289,0.0,True,False,False,False,False,False,
720575940618206262,cell_class,AN,6301,400,0.25,0.04,0.1,0.7290906205364228,0.14489763529598476,0.08823996191080781,0.0076178384383431205,0.020631645770512616,0.0095222980479289,0.0,False,False,False,False,False,False,
720575940618206262,cell_class,AN,6301,400,0.25,0.02,0.01,0.7290906205364228,0.14489763529598476,0.08823996191080781,0.0076178384383431205,0.020631645770512616,0.0095222980479289,0.0,True,True,True,False,False,False,
720575940618206262,cell_class,AN,6301,400,0.25,0.02,0.05,0.7290906205364228,0.14489763529598476,0.08823996191080781,0.0076178384383431205,0.020631645770512616,0.0095222980479289,0.0,True,False,False,False,False,False,
720575940618206262,cell_class,AN,6301,400,0.25,0.02,0.1,0.7290906205364228,0.14489763529598476,0.08823996191080781,0.0076178384383431205,0.020631645770512616,0.0095222980479289,0.0,False,False,False,False,False,False,
720575940618206262,cell_class,AN,6301,400,0.25,0.01,0.01,0.7290906205364228,0.14489763529598476,0.08823996191080781,0.0076178384383431205,0.020631645770512616,0.0095222980479289,0.0,True,True,False,False,False,False,
720575940618206262,cell_class,AN,6301,400,0.25,0.01,0.05,0.7290906205364228,0.14489763529598476,0.08823996191080781,0.0076178384383431205,0.020631645770512616,0.0095222980479289,0.0,False,False,False,False,False,False,
720575940618206262,cell_class,AN,6301,400,0.25,0.01,0.1,0.7290906205364228,0.14489763529598476,0.08823996191080781,0.0076178384383431205,0.020631645770512616,0.0095222980479289,0.0,False,False,False,False,False,False,
720575940619987438,cell_class,AN,5935,400,0.25,0.14285714285714285,0.01,0.016680707666385845,0.8497051390058972,0.04380791912384162,0.017691659646166806,0.04481887110362258,0.02729570345408593,0.0,True,True,True,True,True,False,
720575940619987438,cell_class,AN,5935,400,0.25,0.14285714285714285,0.05,0.016680707666385845,0.8497051390058972,0.04380791912384162,0.017691659646166806,0.04481887110362258,0.02729570345408593,0.0,False,True,False,False,False,False,
720575940619987438,cell_class,AN,5935,400,0.25,0.14285714285714285,0.1,0.016680707666385845,0.8497051390058972,0.04380791912384162,0.017691659646166806,0.04481887110362258,0.02729570345408593,0.0,False,True,False,False,False,False,
720575940619987438,cell_class,AN,5935,400,0.25,0.04,0.01,0.016680707666385845,0.8497051390058972,0.04380791912384162,0.017691659646166806,0.04481887110362258,0.02729570345408593,0.0,True,True,False,True,True,False,
720575940619987438,cell_class,AN,5935,400,0.25,0.04,0.05,0.016680707666385845,0.8497051390058972,0.04380791912384162,0.017691659646166806,0.04481887110362258,0.02729570345408593,0.0,False,True,False,False,False,False,
720575940619987438,cell_class,AN,5935,400,0.25,0.04,0.1,0.016680707666385845,0.8497051390058972,0.04380791912384162,0.017691659646166806,0.04481887110362258,0.02729570345408593,0.0,False,True,False,False,False,False,
720575940619987438,cell_class,AN,5935,400,0.25,0.02,0.01,0.016680707666385845,0.8497051390058972,0.04380791912384162,0.017691659646166806,0.04481887110362258,0.02729570345408593,0.0,True,True,False,False,True,False,
720575940619987438,cell_class,AN,5935,400,0.25,0.02,0.05,0.016680707666385845,0.8497051390058972,0.04380791912384162,0.017691659646166806,0.04481887110362258,0.02729570345408593,0.0,False,True,False,False,False,False,
720575940619987438,cell_class,AN,5935,400,0.25,0.02,0.1,0.016680707666385845,0.8497051390058972,0.04380791912384162,0.017691659646166806,0.04481887110362258,0.02729570345408593,0.0,False,False,False,False,False,False,
720575940619987438,cell_class,AN,5935,400,0.25,0.01,0.01,0.016680707666385845,0.8497051390058972,0.04380791912384162,0.017691659646166806,0.04481887110362258,0.02729570345408593,0.0,True,True,False,False,True,False,
720575940619987438,cell_class,AN,5935,400,0.25,0.01,0.05,0.016680707666385845,0.8497051390058972,0.04380791912384162,0.017691659646166806,0.04481887110362258,0.02729570345408593,0.0,False,False,False,False,False,False,
720575940619987438,cell_class,AN,5935,400,0.25,0.01,0.1,0.016680707666385845,0.8497051390058972,0.04380791912384162,0.017691659646166806,0.04481887110362258,0.02729570345408593,0.0,False,False,False,False,False,False,
720575940634381454,cell_class,AN,1365,400,0.25,0.14285714285714285,0.01,0.7868131868131868,0.1457875457875458,0.04468864468864469,0.0,0.007326007326007326,0.015384615384615385,0.0,True,True,True,,False,False,
720575940634381454,cell_class,AN,1365,400,0.25,0.14285714285714285,0.05,0.7868131868131868,0.1457875457875458,0.04468864468864469,0.0,0.007326007326007326,0.015384615384615385,0.0,True,True,False,,False,False,
720575940634381454,cell_class,AN,1365,400,0.25,0.14285714285714285,0.1,0.7868131868131868,0.1457875457875458,0.04468864468864469,0.0,0.007326007326007326,0.015384615384615385,0.0,True,False,False,,False,False,
720575940634381454,cell_class,AN,1365,400,0.25,0.04,0.01,0.7868131868131868,0.1457875457875458,0.04468864468864469,0.0,0.007326007326007326,0.015384615384615385,0.0,True,True,False,,False,False,
720575940634381454,cell_class,AN,1365,400,0.25,0.04,0.05,0.7868131868131868,0.1457875457875458,0.04468864468864469,0.0,0.007326007326007326,0.015384615384615385,0.0,True,False,False,,False,False,
720575940634381454,cell_class,AN,1365,400,0.25,0.04,0.1,0.7868131868131868,0.1457875457875458,0.04468864468864469,0.0,0.007326007326007326,0.015384615384615385,0.0,False,False,False,,False,False,
720575940634381454,cell_class,AN,1365,400,0.25,0.02,0.01,0.7868131868131868,0.1457875457875458,0.04468864468864469,0.0,0.007326007326007326,0.015384615384615385,0.0,True,True,False,,False,False,
720575940634381454,cell_class,AN,1365,400,0.25,0.02,0.05,0.7868131868131868,0.1457875457875458,0.04468864468864469,0.0,0.007326007326007326,0.015384615384615385,0.0,True,False,False,,False,False,
720575940634381454,cell_class,AN,1365,400,0.25,0.02,0.1,0.7868131868131868,0.1457875457875458,0.04468864468864469,0.0,0.007326007326007326,0.015384615384615385,0.0,False,False,False,,False,False,
720575940634381454,cell_class,AN,1365,400,0.25,0.01,0.01,0.7868131868131868,0.1457875457875458,0.04468864468864469,0.0,0.007326007326007326,0.015384615384615385,0.0,True,True,False,,False,False,
720575940634381454,cell_class,AN,1365,400,0.25,0.01,0.05,0.7868131868131868,0.1457875457875458,0.04468864468864469,0.0,0.007326007326007326,0.015384615384615385,0.0,False,False,False,,False,False,
720575940634381454,cell_class,AN,1365,400,0.25,0.01,0.1,0.7868131868131868,0.1457875457875458,0.04468864468864469,0.0,0.007326007326007326,0.015384615384615385,0.0,False,False,False,,False,False,
720575940639057973,cell_class,AN,7351,400,0.25,0.14285714285714285,0.01,0.02108556658957965,0.8979730648891308,0.039450414909536116,0.0016324309617739084,0.017548632839069513,0.021765746156985444,0.0005441436539246361,True,True,True,False,False,True,False
720575940639057973,cell_class,AN,7351,400,0.25,0.14285714285714285,0.05,0.02108556658957965,0.8979730648891308,0.039450414909536116,0.0016324309617739084,0.017548632839069513,0.021765746156985444,0.0005441436539246361,False,True,False,False,False,False,False
720575940639057973,cell_class,AN,7351,400,0.25,0.14285714285714285,0.1,0.02108556658957965,0.8979730648891308,0.039450414909536116,0.0016324309617739084,0.017548632839069513,0.021765746156985444,0.0005441436539246361,False,True,False,False,False,False,False
720575940639057973,cell_class,AN,7351,400,0.25,0.04,0.01,0.02108556658957965,0.8979730648891308,0.039450414909536116,0.0016324309617739084,0.017548632839069513,0.021765746156985444,0.0005441436539246361,False,True,False,False,False,False,False
720575940639057973,cell_class,AN,7351,400,0.25,0.04,0.05,0.02108556658957965,0.8979730648891308,0.039450414909536116,0.0016324309617739084,0.017548632839069513,0.021765746156985444,0.0005441436539246361,False,True,False,False,False,False,False
720575940639057973,cell_class,AN,7351,400,0.25,0.04,0.1,0.02108556658957965,0.8979730648891308,0.039450414909536116,0.0016324309617739084,0.017548632839069513,0.021765746156985444,0.0005441436539246361,False,True,False,False,False,False,False
720575940639057973,cell_class,AN,7351,400,0.25,0.02,0.01,0.02108556658957965,0.8979730648891308,0.039450414909536116,0.0016324309617739084,0.017548632839069513,0.021765746156985444,0.0005441436539246361,False,True,False,False,False,False,False
720575940639057973,cell_class,AN,7351,400,0.25,0.02,0.05,0.02108556658957965,0.8979730648891308,0.039450414909536116,0.0016324309617739084,0.017548632839069513,0.021765746156985444,0.0005441436539246361,False,True,False,False,False,False,False
720575940639057973,cell_class,AN,7351,400,0.25,0.02,0.1,0.02108556658957965,0.8979730648891308,0.039450414909536116,0.0016324309617739084,0.017548632839069513,0.021765746156985444,0.0005441436539246361,False,False,False,False,False,False,False
720575940639057973,cell_class,AN,7351,400,0.25,0.01,0.01,0.02108556658957965,0.8979730648891308,0.039450414909536116,0.0016324309617739084,0.017548632839069513,0.021765746156985444,0.0005441436539246361,False,True,False,False,False,False,False
720575940639057973,cell_class,AN,7351,400,0.25,0.01,0.05,0.02108556658957965,0.8979730648891308,0.039450414909536116,0.0016324309617739084,0.017548632839069513,0.021765746156985444,0.0005441436539246361,False,False,False,False,False,False,False
720575940639057973,cell_class,AN,7351,400,0.25,0.01,0.1,0.02108556658957965,0.8979730648891308,0.039450414909536116,0.0016324309617739084,0.017548632839069513,0.021765746156985444,0.0005441436539246361,False,False,False,False,False,False,False
720575940634627214,cell_class,AN,8522,400,0.25,0.14285714285714285,0.01,0.010912931236798873,0.9584604552921849,0.010326214503637644,0.004693733865289838,0.00985684111710866,0.005632480638347806,0.00011734334663224596,False,True,False,False,False,False,
720575940634627214,cell_class,AN,8522,400,0.25,0.14285714285714285,0.05,0.010912931236798873,0.9584604552921849,0.010326214503637644,0.004693733865289838,0.00985684111710866,0.005632480638347806,0.00011734334663224596,False,True,False,False,False,False,
720575940634627214,cell_class,AN,8522,400,0.25,0.14285714285714285,0.1,0.010912931236798873,0.9584604552921849,0.010326214503637644,0.004693733865289838,0.00985684111710866,0.005632480638347806,0.00011734334663224596,False,True,False,False,False,False,
720575940634627214,cell_class,AN,8522,400,0.25,0.04,0.01,0.010912931236798873,0.9584604552921849,0.010326214503637644,0.004693733865289838,0.00985684111710866,0.005632480638347806,0.00011734334663224596,False,True,False,False,False,False,
720575940634627214,cell_class,AN,8522,400,0.25,0.04,0.05,0.010912931236798873,0.9584604552921849,0.010326214503637644,0.004693733865289838,0.00985684111710866,0.005632480638347806,0.00011734334663224596,False,True,False,False,False,False,
720575940634627214,cell_class,AN,8522,400,0.25,0.04,0.1,0.010912931236798873,0.9584604552921849,0.010326214503637644,0.004693733865289838,0.00985684111710866,0.005632480638347806,0.00011734334663224596,False,True,False,False,False,False,
720575940634627214,cell_class,AN,8522,400,0.25,0.02,0.01,0.010912931236798873,0.9584604552921849,0.010326214503637644,0.004693733865289838,0.00985684111710866,0.005632480638347806,0.00011734334663224596,False,True,False,False,False,False,
720575940634627214,cell_class,AN,8522,400,0.25,0.02,0.05,0.010912931236798873,0.9584604552921849,0.010326214503637644,0.004693733865289838,0.00985684111710866,0.005632480638347806,0.00011734334663224596,False,True,False,False,False,False,
720575940634627214,cell_class,AN,8522,400,0.25,0.02,0.1,0.010912931236798873,0.9584604552921849,0.010326214503637644,0.004693733865289838,0.00985684111710866,0.005632480638347806,0.00011734334663224596,False,False,False,False,False,False,
720575940634627214,cell_class,AN,8522,400,0.25,0.01,0.01,0.010912931236798873,0.9584604552921849,0.010326214503637644,0.004693733865289838,0.00985684111710866,0.005632480638347806,0.00011734334663224596,False,True,False,False,False,False,
720575940634627214,cell_class,AN,8522,400,0.25,0.01,0.05,0.010912931236798873,0.9584604552921849,0.010326214503637644,0.004693733865289838,0.00985684111710866,0.005632480638347806,0.00011734334663224596,False,False,False,False,False,False,
720575940634627214,cell_class,AN,8522,400,0.25,0.01,0.1,0.010912931236798873,0.9584604552921849,0.010326214503637644,0.004693733865289838,0.00985684111710866,0.005632480638347806,0.00011734334663224596,False,False,False,False,False,False,
720575940634407566,cell_class,AN,727,400,0.25,0.14285714285714285,0.01,0.027510316368638238,0.6011004126547456,0.002751031636863824,0.0068775790921595595,0.24346629986244842,0.11829436038514443,0.0,True,True,False,False,True,True,
720575940634407566,cell_class,AN,727,400,0.25,0.14285714285714285,0.05,0.027510316368638238,0.6011004126547456,0.002751031636863824,0.0068775790921595595,0.24346629986244842,0.11829436038514443,0.0,False,True,False,False,True,False,
720575940634407566,cell_class,AN,727,400,0.25,0.14285714285714285,0.1,0.027510316368638238,0.6011004126547456,0.002751031636863824,0.0068775790921595595,0.24346629986244842,0.11829436038514443,0.0,False,True,False,False,False,False,
720575940634407566,cell_class,AN,727,400,0.25,0.04,0.01,0.027510316368638238,0.6011004126547456,0.002751031636863824,0.0068775790921595595,0.24346629986244842,0.11829436038514443,0.0,False,True,False,False,True,True,
720575940634407566,cell_class,AN,727,400,0.25,0.04,0.05,0.027510316368638238,0.6011004126547456,0.002751031636863824,0.0068775790921595595,0.24346629986244842,0.11829436038514443,0.0,False,True,False,False,True,False,
720575940634407566,cell_class,AN,727,400,0.25,0.04,0.1,0.027510316368638238,0.6011004126547456,0.002751031636863824,0.0068775790921595595,0.24346629986244842,0.11829436038514443,0.0,False,False,False,False,False,False,
720575940634407566,cell_class,AN,727,400,0.25,0.02,0.01,0.027510316368638238,0.6011004126547456,0.002751031636863824,0.0068775790921595595,0.24346629986244842,0.11829436038514443,0.0,False,True,False,False,True,True,
720575940634407566,cell_class,AN,727,400,0.25,0.02,0.05,0.027510316368638238,0.6011004126547456,0.002751031636863824,0.0068775790921595595,0.24346629986244842,0.11829436038514443,0.0,False,True,False,False,False,False,
720575940634407566,cell_class,AN,727,400,0.25,0.02,0.1,0.027510316368638238,0.6011004126547456,0.002751031636863824,0.0068775790921595595,0.24346629986244842,0.11829436038514443,0.0,False,False,False,False,False,False,
720575940634407566,cell_class,AN,727,400,0.25,0.01,0.01,0.027510316368638238,0.6011004126547456,0.002751031636863824,0.0068775790921595595,0.24346629986244842,0.11829436038514443,0.0,False,True,False,False,True,True,
720575940634407566,cell_class,AN,727,400,0.25,0.01,0.05,0.027510316368638238,0.6011004126547456,0.002751031636863824,0.0068775790921595595,0.24346629986244842,0.11829436038514443,0.0,False,True,False,False,False,False,
720575940634407566,cell_class,AN,727,400,0.25,0.01,0.1,0.027510316368638238,0.6011004126547456,0.002751031636863824,0.0068775790921595595,0.24346629986244842,0.11829436038514443,0.0,False,False,False,False,False,False,
720575940634472590,cell_class,AN,2729,400,0.25,0.14285714285714285,0.01,0.014290949065591791,0.9475998534261634,0.02088677171124954,0.00036643459142543056,0.015390252839868083,0.0014657383657017222,0.0,False,True,True,,False,False,
720575940634472590,cell_class,AN,2729,400,0.25,0.14285714285714285,0.05,0.014290949065591791,0.9475998534261634,0.02088677171124954,0.00036643459142543056,0.015390252839868083,0.0014657383657017222,0.0,False,True,False,,False,False,
720575940634472590,cell_class,AN,2729,400,0.25,0.14285714285714285,0.1,0.014290949065591791,0.9475998534261634,0.02088677171124954,0.00036643459142543056,0.015390252839868083,0.0014657383657017222,0.0,False,True,False,,False,False,
720575940634472590,cell_class,AN,2729,400,0.25,0.04,0.01,0.014290949065591791,0.9475998534261634,0.02088677171124954,0.00036643459142543056,0.015390252839868083,0.0014657383657017222,0.0,False,True,False,,False,False,
720575940634472590,cell_class,AN,2729,400,0.25,0.04,0.05,0.014290949065591791,0.9475998534261634,0.02088677171124954,0.00036643459142543056,0.015390252839868083,0.0014657383657017222,0.0,False,True,False,,False,False,
720575940634472590,cell_class,AN,2729,400,0.25,0.04,0.1,0.014290949065591791,0.9475998534261634,0.02088677171124954,0.00036643459142543056,0.015390252839868083,0.0014657383657017222,0.0,False,False,False,,False,False,
720575940634472590,cell_class,AN,2729,400,0.25,0.02,0.01,0.014290949065591791,0.9475998534261634,0.02088677171124954,0.00036643459142543056,0.015390252839868083,0.0014657383657017222,0.0,False,True,False,,False,False,
720575940634472590,cell_class,AN,2729,400,0.25,0.02,0.05,0.014290949065591791,0.9475998534261634,0.02088677171124954,0.00036643459142543056,0.015390252839868083,0.0014657383657017222,0.0,False,False,False,,False,False,
720575940634472590,cell_class,AN,2729,400,0.25,0.02,0.1,0.014290949065591791,0.9475998534261634,0.02088677171124954,0.00036643459142543056,0.015390252839868083,0.0014657383657017222,0.0,False,False,False,,False,False,
720575940634472590,cell_class,AN,2729,400,0.25,0.01,0.01,0.014290949065591791,0.9475998534261634,0.02088677171124954,0.00036643459142543056,0.015390252839868083,0.0014657383657017222,0.0,False,True,False,,False,False,
720575940634472590,cell_class,AN,2729,400,0.25,0.01,0.05,0.014290949065591791,0.9475998534261634,0.02088677171124954,0.00036643459142543056,0.015390252839868083,0.0014657383657017222,0.0,False,False,False,,False,False,
720575940634472590,cell_class,AN,2729,400,0.25,0.01,0.1,0.014290949065591791,0.9475998534261634,0.02088677171124954,0.00036643459142543056,0.015390252839868083,0.0014657383657017222,0.0,False,False,False,,False,False,
720575940635697380,cell_class,AN,2314,400,0.25,0.14285714285714285,0.01,0.5008643042350908,0.39282627484874677,0.07476231633535005,0.0056179775280898875,0.017718236819360415,0.008210890233362144,0.0,True,True,True,False,False,False,
720575940635697380,cell_class,AN,2314,400,0.25,0.14285714285714285,0.05,0.5008643042350908,0.39282627484874677,0.07476231633535005,0.0056179775280898875,0.017718236819360415,0.008210890233362144,0.0,True,True,False,False,False,False,
720575940635697380,cell_class,AN,2314,400,0.25,0.14285714285714285,0.1,0.5008643042350908,0.39282627484874677,0.07476231633535005,0.0056179775280898875,0.017718236819360415,0.008210890233362144,0.0,True,True,False,False,False,False,
720575940635697380,cell_class,AN,2314,400,0.25,0.04,0.01,0.5008643042350908,0.39282627484874677,0.07476231633535005,0.0056179775280898875,0.017718236819360415,0.008210890233362144,0.0,True,True,True,False,False,False,
720575940635697380,cell_class,AN,2314,400,0.25,0.04,0.05,0.5008643042350908,0.39282627484874677,0.07476231633535005,0.0056179775280898875,0.017718236819360415,0.008210890233362144,0.0,True,True,False,False,False,False,
720575940635697380,cell_class,AN,2314,400,0.25,0.04,0.1,0.5008643042350908,0.39282627484874677,0.07476231633535005,0.0056179775280898875,0.017718236819360415,0.008210890233362144,0.0,False,False,False,False,False,False,
720575940635697380,cell_class,AN,2314,400,0.25,0.02,0.01,0.5008643042350908,0.39282627484874677,0.07476231633535005,0.0056179775280898875,0.017718236819360415,0.008210890233362144,0.0,True,True,True,False,False,False,
720575940635697380,cell_class,AN,2314,400,0.25,0.02,0.05,0.5008643042350908,0.39282627484874677,0.07476231633535005,0.0056179775280898875,0.017718236819360415,0.008210890233362144,0.0,False,True,False,False,False,False,
720575940635697380,cell_class,AN,2314,400,0.25,0.02,0.1,0.5008643042350908,0.39282627484874677,0.07476231633535005,0.0056179775280898875,0.017718236819360415,0.008210890233362144,0.0,False,False,False,False,False,False,
720575940635697380,cell_class,AN,2314,400,0.25,0.01,0.01,0.5008643042350908,0.39282627484874677,0.07476231633535005,0.0056179775280898875,0.017718236819360415,0.008210890233362144,0.0,True,True,False,False,False,False,
720575940635697380,cell_class,AN,2314,400,0.25,0.01,0.05,0.5008643042350908,0.39282627484874677,0.07476231633535005,0.0056179775280898875,0.017718236819360415,0.008210890233362144,0.0,False,False,False,False,False,False,
720575940635697380,cell_class,AN,2314,400,0.25,0.01,0.1,0.5008643042350908,0.39282627484874677,0.07476231633535005,0.0056179775280898875,0.017718236819360415,0.008210890233362144,0.0,False,False,False,False,False,False,
720575940623202633,cell_class,AN,6989,400,0.25,0.14285714285714285,0.01,0.014880526541708398,0.8675060809844041,0.09271712691372157,0.0027185577335813423,0.00958649306052368,0.012591214766060952,0.0,False,True,True,False,False,False,
720575940623202633,cell_class,AN,6989,400,0.25,0.14285714285714285,0.05,0.014880526541708398,0.8675060809844041,0.09271712691372157,0.0027185577335813423,0.00958649306052368,0.012591214766060952,0.0,False,True,True,False,False,False,
720575940623202633,cell_class,AN,6989,400,0.25,0.14285714285714285,0.1,0.014880526541708398,0.8675060809844041,0.09271712691372157,0.0027185577335813423,0.00958649306052368,0.012591214766060952,0.0,False,True,False,False,False,False,
720575940623202633,cell_class,AN,6989,400,0.25,0.04,0.01,0.014880526541708398,0.8675060809844041,0.09271712691372157,0.0027185577335813423,0.00958649306052368,0.012591214766060952,0.0,False,True,True,False,False,False,
720575940623202633,cell_class,AN,6989,400,0.25,0.04,0.05,0.014880526541708398,0.8675060809844041,0.09271712691372157,0.0027185577335813423,0.00958649306052368,0.012591214766060952,0.0,False,True,False,False,False,False,
720575940623202633,cell_class,AN,6989,400,0.25,0.04,0.1,0.014880526541708398,0.8675060809844041,0.09271712691372157,0.0027185577335813423,0.00958649306052368,0.012591214766060952,0.0,False,True,False,False,False,False,
720575940623202633,cell_class,AN,6989,400,0.25,0.02,0.01,0.014880526541708398,0.8675060809844041,0.09271712691372157,0.0027185577335813423,0.00958649306052368,0.012591214766060952,0.0,False,True,True,False,False,False,
720575940623202633,cell_class,AN,6989,400,0.25,0.02,0.05,0.014880526541708398,0.8675060809844041,0.09271712691372157,0.0027185577335813423,0.00958649306052368,0.012591214766060952,0.0,False,True,False,False,False,False,
720575940623202633,cell_class,AN,6989,400,0.25,0.02,0.1,0.014880526541708398,0.8675060809844041,0.09271712691372157,0.0027185577335813423,0.00958649306052368,0.012591214766060952,0.0,False,False,False,False,False,False,
720575940623202633,cell_class,AN,6989,400,0.25,0.01,0.01,0.014880526541708398,0.8675060809844041,0.09271712691372157,0.0027185577335813423,0.00958649306052368,0.012591214766060952,0.0,False,True,False,False,False,False,
720575940623202633,cell_class,AN,6989,400,0.25,0.01,0.05,0.014880526541708398,0.8675060809844041,0.09271712691372157,0.0027185577335813423,0.00958649306052368,0.012591214766060952,0.0,False,False,False,False,False,False,
720575940623202633,cell_class,AN,6989,400,0.25,0.01,0.1,0.014880526541708398,0.8675060809844041,0.09271712691372157,0.0027185577335813423,0.00958649306052368,0.012591214766060952,0.0,False,False,False,False,False,False,
720575940626625546,cell_class,AN,6579,400,0.25,0.14285714285714285,0.01,0.010487916096671226,0.9442164462684298,0.005775953792369661,0.0010639914880680955,0.0299437604499164,0.008511931904544764,0.0,False,True,False,False,True,False,
720575940626625546,cell_class,AN,6579,400,0.25,0.14285714285714285,0.05,0.010487916096671226,0.9442164462684298,0.005775953792369661,0.0010639914880680955,0.0299437604499164,0.008511931904544764,0.0,False,True,False,False,False,False,
720575940626625546,cell_class,AN,6579,400,0.25,0.14285714285714285,0.1,0.010487916096671226,0.9442164462684298,0.005775953792369661,0.0010639914880680955,0.0299437604499164,0.008511931904544764,0.0,False,True,False,False,False,False,
720575940626625546,cell_class,AN,6579,400,0.25,0.04,0.01,0.010487916096671226,0.9442164462684298,0.005775953792369661,0.0010639914880680955,0.0299437604499164,0.008511931904544764,0.0,False,True,False,False,False,False,
720575940626625546,cell_class,AN,6579,400,0.25,0.04,0.05,0.010487916096671226,0.9442164462684298,0.005775953792369661,0.0010639914880680955,0.0299437604499164,0.008511931904544764,0.0,False,True,False,False,False,False,
720575940626625546,cell_class,AN,6579,400,0.25,0.04,0.1,0.010487916096671226,0.9442164462684298,0.005775953792369661,0.0010639914880680955,0.0299437604499164,0.008511931904544764,0.0,False,True,False,False,False,False,
720575940626625546,cell_class,AN,6579,400,0.25,0.02,0.01,0.010487916096671226,0.9442164462684298,0.005775953792369661,0.0010639914880680955,0.0299437604499164,0.008511931904544764,0.0,False,True,False,False,False,False,
720575940626625546,cell_class,AN,6579,400,0.25,0.02,0.05,0.010487916096671226,0.9442164462684298,0.005775953792369661,0.0010639914880680955,0.0299437604499164,0.008511931904544764,0.0,False,True,False,False,False,False,
720575940626625546,cell_class,AN,6579,400,0.25,0.02,0.1,0.010487916096671226,0.9442164462684298,0.005775953792369661,0.0010639914880680955,0.0299437604499164,0.008511931904544764,0.0,False,False,False,False,False,False,
720575940626625546,cell_class,AN,6579,400,0.25,0.01,0.01,0.010487916096671226,0.9442164462684298,0.005775953792369661,0.0010639914880680955,0.0299437604499164,0.008511931904544764,0.0,False,True,False,False,False,False,
720575940626625546,cell_class,AN,6579,400,0.25,0.01,0.05,0.010487916096671226,0.9442164462684298,0.005775953792369661,0.0010639914880680955,0.0299437604499164,0.008511931904544764,0.0,False,False,False,False,False,False,
720575940626625546,cell_class,AN,6579,400,0.25,0.01,0.1,0.010487916096671226,0.9442164462684298,0.005775953792369661,0.0010639914880680955,0.0299437604499164,0.008511931904544764,0.0,False,False,False,False,False,False,
720575940635891546,cell_class,AN,2514,400,0.25,0.14285714285714285,0.01,0.007955449482895784,0.9665871121718377,0.006762132060461416,0.005171042163882259,0.011137629276054098,0.001988862370723946,0.0003977724741447892,False,True,False,False,False,False,
720575940635891546,cell_class,AN,2514,400,0.25,0.14285714285714285,0.05,0.007955449482895784,0.9665871121718377,0.006762132060461416,0.005171042163882259,0.011137629276054098,0.001988862370723946,0.0003977724741447892,False,True,False,False,False,False,
720575940635891546,cell_class,AN,2514,400,0.25,0.14285714285714285,0.1,0.007955449482895784,0.9665871121718377,0.006762132060461416,0.005171042163882259,0.011137629276054098,0.001988862370723946,0.0003977724741447892,False,True,False,False,False,False,
720575940635891546,cell_class,AN,2514,400,0.25,0.04,0.01,0.007955449482895784,0.9665871121718377,0.006762132060461416,0.005171042163882259,0.011137629276054098,0.001988862370723946,0.0003977724741447892,False,True,False,False,False,False,
720575940635891546,cell_class,AN,2514,400,0.25,0.04,0.05,0.007955449482895784,0.9665871121718377,0.006762132060461416,0.005171042163882259,0.011137629276054098,0.001988862370723946,0.0003977724741447892,False,True,False,False,False,False,
720575940635891546,cell_class,AN,2514,400,0.25,0.04,0.1,0.007955449482895784,0.9665871121718377,0.006762132060461416,0.005171042163882259,0.011137629276054098,0.001988862370723946,0.0003977724741447892,False,False,False,False,False,False,
720575940635891546,cell_class,AN,2514,400,0.25,0.02,0.01,0.007955449482895784,0.9665871121718377,0.006762132060461416,0.005171042163882259,0.011137629276054098,0.001988862370723946,0.0003977724741447892,False,True,False,False,False,False,
720575940635891546,cell_class,AN,2514,400,0.25,0.02,0.05,0.007955449482895784,0.9665871121718377,0.006762132060461416,0.005171042163882259,0.011137629276054098,0.001988862370723946,0.0003977724741447892,False,True,False,False,False,False,
720575940635891546,cell_class,AN,2514,400,0.25,0.02,0.1,0.007955449482895784,0.9665871121718377,0.006762132060461416,0.005171042163882259,0.011137629276054098,0.001988862370723946,0.0003977724741447892,False,False,False,False,False,False,
720575940635891546,cell_class,AN,2514,400,0.25,0.01,0.01,0.007955449482895784,0.9665871121718377,0.006762132060461416,0.005171042163882259,0.011137629276054098,0.001988862370723946,0.0003977724741447892,False,True,False,False,False,False,
720575940635891546,cell_class,AN,2514,400,0.25,0.01,0.05,0.007955449482895784,0.9665871121718377,0.006762132060461416,0.005171042163882259,0.011137629276054098,0.001988862370723946,0.0003977724741447892,False,False,False,False,False,False,
720575940635891546,cell_class,AN,2514,400,0.25,0.01,0.1,0.007955449482895784,0.9665871121718377,0.006762132060461416,0.005171042163882259,0.011137629276054098,0.001988862370723946,0.0003977724741447892,False,False,False,False,False,False,
720575940621170721,cell_class,AN,6667,400,0.25,0.14285714285714285,0.01,0.021748912554372283,0.8774561271936403,0.0592470376481176,0.012299385030748462,0.026848657567121643,0.0020998950052497373,0.0002999850007499625,False,True,True,False,False,False,False
720575940621170721,cell_class,AN,6667,400,0.25,0.14285714285714285,0.05,0.021748912554372283,0.8774561271936403,0.0592470376481176,0.012299385030748462,0.026848657567121643,0.0020998950052497373,0.0002999850007499625,False,True,False,False,False,False,False
720575940621170721,cell_class,AN,6667,400,0.25,0.14285714285714285,0.1,0.021748912554372283,0.8774561271936403,0.0592470376481176,0.012299385030748462,0.026848657567121643,0.0020998950052497373,0.0002999850007499625,False,True,False,False,False,False,False
720575940621170721,cell_class,AN,6667,400,0.25,0.04,0.01,0.021748912554372283,0.8774561271936403,0.0592470376481176,0.012299385030748462,0.026848657567121643,0.0020998950052497373,0.0002999850007499625,False,True,False,False,False,False,False
720575940621170721,cell_class,AN,6667,400,0.25,0.04,0.05,0.021748912554372283,0.8774561271936403,0.0592470376481176,0.012299385030748462,0.026848657567121643,0.0020998950052497373,0.0002999850007499625,False,True,False,False,False,False,False
720575940621170721,cell_class,AN,6667,400,0.25,0.04,0.1,0.021748912554372283,0.8774561271936403,0.0592470376481176,0.012299385030748462,0.026848657567121643,0.0020998950052497373,0.0002999850007499625,False,False,False,False,False,False,False
720575940621170721,cell_class,AN,6667,400,0.25,0.02,0.01,0.021748912554372283,0.8774561271936403,0.0592470376481176,0.012299385030748462,0.026848657567121643,0.0020998950052497373,0.0002999850007499625,False,True,False,False,False,False,False
720575940621170721,cell_class,AN,6667,400,0.25,0.02,0.05,0.021748912554372283,0.8774561271936403,0.0592470376481176,0.012299385030748462,0.026848657567121643,0.0020998950052497373,0.0002999850007499625,False,True,False,False,False,False,False
720575940621170721,cell_class,AN,6667,400,0.25,0.02,0.1,0.021748912554372283,0.8774561271936403,0.0592470376481176,0.012299385030748462,0.026848657567121643,0.0020998950052497373,0.0002999850007499625,False,False,False,False,False,False,False
720575940621170721,cell_class,AN,6667,400,0.25,0.01,0.01,0.021748912554372283,0.8774561271936403,0.0592470376481176,0.012299385030748462,0.026848657567121643,0.0020998950052497373,0.0002999850007499625,False,True,False,False,False,False,False
720575940621170721,cell_class,AN,6667,400,0.25,0.01,0.05,0.021748912554372283,0.8774561271936403,0.0592470376481176,0.012299385030748462,0.026848657567121643,0.0020998950052497373,0.0002999850007499625,False,False,False,False,False,False,False
720575940621170721,cell_class,AN,6667,400,0.25,0.01,0.1,0.021748912554372283,0.8774561271936403,0.0592470376481176,0.012299385030748462,0.026848657567121643,0.0020998950052497373,0.0002999850007499625,False,False,False,False,False,False,False
720575940636444742,cell_class,AN,2579,400,0.25,0.14285714285714285,0.01,0.032570763861962,0.7599844901124467,0.033346258239627766,0.02791779759596743,0.11981388134936022,0.025591314462970142,0.0007754943776657619,True,True,True,False,True,False,False
720575940636444742,cell_class,AN,2579,400,0.25,0.14285714285714285,0.05,0.032570763861962,0.7599844901124467,0.033346258239627766,0.02791779759596743,0.11981388134936022,0.025591314462970142,0.0007754943776657619,False,True,False,False,False,False,False
720575940636444742,cell_class,AN,2579,400,0.25,0.14285714285714285,0.1,0.032570763861962,0.7599844901124467,0.033346258239627766,0.02791779759596743,0.11981388134936022,0.025591314462970142,0.0007754943776657619,False,True,False,False,False,False,False
720575940636444742,cell_class,AN,2579,400,0.25,0.04,0.01,0.032570763861962,0.7599844901124467,0.033346258239627766,0.02791779759596743,0.11981388134936022,0.025591314462970142,0.0007754943776657619,True,True,False,False,True,False,False
720575940636444742,cell_class,AN,2579,400,0.25,0.04,0.05,0.032570763861962,0.7599844901124467,0.033346258239627766,0.02791779759596743,0.11981388134936022,0.025591314462970142,0.0007754943776657619,False,True,False,False,False,False,False
720575940636444742,cell_class,AN,2579,400,0.25,0.04,0.1,0.032570763861962,0.7599844901124467,0.033346258239627766,0.02791779759596743,0.11981388134936022,0.025591314462970142,0.0007754943776657619,False,True,False,False,False,False,False
720575940636444742,cell_class,AN,2579,400,0.25,0.02,0.01,0.032570763861962,0.7599844901124467,0.033346258239627766,0.02791779759596743,0.11981388134936022,0.025591314462970142,0.0007754943776657619,False,True,False,False,True,False,False
720575940636444742,cell_class,AN,2579,400,0.25,0.02,0.05,0.032570763861962,0.7599844901124467,0.033346258239627766,0.02791779759596743,0.11981388134936022,0.025591314462970142,0.0007754943776657619,False,True,False,False,False,False,False
720575940636444742,cell_class,AN,2579,400,0.25,0.02,0.1,0.032570763861962,0.7599844901124467,0.033346258239627766,0.02791779759596743,0.11981388134936022,0.025591314462970142,0.0007754943776657619,False,False,False,False,False,False,False
720575940636444742,cell_class,AN,2579,400,0.25,0.01,0.01,0.032570763861962,0.7599844901124467,0.033346258239627766,0.02791779759596743,0.11981388134936022,0.025591314462970142,0.0007754943776657619,False,True,False,False,True,False,False
720575940636444742,cell_class,AN,2579,400,0.25,0.01,0.05,0.032570763861962,0.7599844901124467,0.033346258239627766,0.02791779759596743,0.11981388134936022,0.025591314462970142,0.0007754943776657619,False,False,False,False,False,False,False
720575940636444742,cell_class,AN,2579,400,0.25,0.01,0.1,0.032570763861962,0.7599844901124467,0.033346258239627766,0.02791779759596743,0.11981388134936022,0.025591314462970142,0.0007754943776657619,False,False,False,False,False,False,False
720575940637013349,cell_class,AN,3084,400,0.25,0.14285714285714285,0.01,0.011024643320363165,0.7970168612191959,0.008106355382619975,0.0029182879377431907,0.16828793774319067,0.01232166018158236,0.00032425421530479895,False,True,False,False,True,False,
720575940637013349,cell_class,AN,3084,400,0.25,0.14285714285714285,0.05,0.011024643320363165,0.7970168612191959,0.008106355382619975,0.0029182879377431907,0.16828793774319067,0.01232166018158236,0.00032425421530479895,False,True,False,False,True,False,
720575940637013349,cell_class,AN,3084,400,0.25,0.14285714285714285,0.1,0.011024643320363165,0.7970168612191959,0.008106355382619975,0.0029182879377431907,0.16828793774319067,0.01232166018158236,0.00032425421530479895,False,True,False,False,False,False,
720575940637013349,cell_class,AN,3084,400,0.25,0.04,0.01,0.011024643320363165,0.7970168612191959,0.008106355382619975,0.0029182879377431907,0.16828793774319067,0.01232166018158236,0.00032425421530479895,False,True,False,False,True,False,
720575940637013349,cell_class,AN,3084,400,0.25,0.04,0.05,0.011024643320363165,0.7970168612191959,0.008106355382619975,0.0029182879377431907,0.16828793774319067,0.01232166018158236,0.00032425421530479895,False,True,False,False,False,False,
720575940637013349,cell_class,AN,3084,400,0.25,0.04,0.1,0.011024643320363165,0.7970168612191959,0.008106355382619975,0.0029182879377431907,0.16828793774319067,0.01232166018158236,0.00032425421530479895,False,False,False,False,False,False,
720575940637013349,cell_class,AN,3084,400,0.25,0.02,0.01,0.011024643320363165,0.7970168612191959,0.008106355382619975,0.0029182879377431907,0.16828793774319067,0.01232166018158236,0.00032425421530479895,False,True,False,False,True,False,
720575940637013349,cell_class,AN,3084,400,0.25,0.02,0.05,0.011024643320363165,0.7970168612191959,0.008106355382619975,0.0029182879377431907,0.16828793774319067,0.01232166018158236,0.00032425421530479895,False,False,False,False,False,False,
720575940637013349,cell_class,AN,3084,400,0.25,0.02,0.1,0.011024643320363165,0.7970168612191959,0.008106355382619975,0.0029182879377431907,0.16828793774319067,0.01232166018158236,0.00032425421530479895,False,False,False,False,False,False,
720575940637013349,cell_class,AN,3084,400,0.25,0.01,0.01,0.011024643320363165,0.7970168612191959,0.008106355382619975,0.0029182879377431907,0.16828793774319067,0.01232166018158236,0.00032425421530479895,False,True,False,False,True,False,
720575940637013349,cell_class,AN,3084,400,0.25,0.01,0.05,0.011024643320363165,0.7970168612191959,0.008106355382619975,0.0029182879377431907,0.16828793774319067,0.01232166018158236,0.00032425421530479895,False,False,False,False,False,False,
720575940637013349,cell_class,AN,3084,400,0.25,0.01,0.1,0.011024643320363165,0.7970168612191959,0.008106355382619975,0.0029182879377431907,0.16828793774319067,0.01232166018158236,0.00032425421530479895,False,False,False,False,False,False,
720575940635274615,cell_class,AN,3144,400,0.25,0.14285714285714285,0.01,0.712468193384224,0.04961832061068702,0.17779898218829515,0.0015903307888040711,0.03212468193384224,0.025763358778625955,0.0006361323155216285,True,True,True,False,False,True,False
720575940635274615,cell_class,AN,3144,400,0.25,0.14285714285714285,0.05,0.712468193384224,0.04961832061068702,0.17779898218829515,0.0015903307888040711,0.03212468193384224,0.025763358778625955,0.0006361323155216285,True,False,True,False,False,False,False
720575940635274615,cell_class,AN,3144,400,0.25,0.14285714285714285,0.1,0.712468193384224,0.04961832061068702,0.17779898218829515,0.0015903307888040711,0.03212468193384224,0.025763358778625955,0.0006361323155216285,True,False,True,False,False,False,False
720575940635274615,cell_class,AN,3144,400,0.25,0.04,0.01,0.712468193384224,0.04961832061068702,0.17779898218829515,0.0015903307888040711,0.03212468193384224,0.025763358778625955,0.0006361323155216285,True,False,True,False,False,False,False
720575940635274615,cell_class,AN,3144,400,0.25,0.04,0.05,0.712468193384224,0.04961832061068702,0.17779898218829515,0.0015903307888040711,0.03212468193384224,0.025763358778625955,0.0006361323155216285,True,False,False,False,False,False,False
720575940635274615,cell_class,AN,3144,400,0.25,0.04,0.1,0.712468193384224,0.04961832061068702,0.17779898218829515,0.0015903307888040711,0.03212468193384224,0.025763358778625955,0.0006361323155216285,False,False,False,False,False,False,False
720575940635274615,cell_class,AN,3144,400,0.25,0.02,0.01,0.712468193384224,0.04961832061068702,0.17779898218829515,0.0015903307888040711,0.03212468193384224,0.025763358778625955,0.0006361323155216285,True,False,True,False,False,False,False
720575940635274615,cell_class,AN,3144,400,0.25,0.02,0.05,0.712468193384224,0.04961832061068702,0.17779898218829515,0.0015903307888040711,0.03212468193384224,0.025763358778625955,0.0006361323155216285,True,False,False,False,False,False,False
720575940635274615,cell_class,AN,3144,400,0.25,0.02,0.1,0.712468193384224,0.04961832061068702,0.17779898218829515,0.0015903307888040711,0.03212468193384224,0.025763358778625955,0.0006361323155216285,False,False,False,False,False,False,False
720575940635274615,cell_class,AN,3144,400,0.25,0.01,0.01,0.712468193384224,0.04961832061068702,0.17779898218829515,0.0015903307888040711,0.03212468193384224,0.025763358778625955,0.0006361323155216285,True,False,False,False,False,False,False
720575940635274615,cell_class,AN,3144,400,0.25,0.01,0.05,0.712468193384224,0.04961832061068702,0.17779898218829515,0.0015903307888040711,0.03212468193384224,0.025763358778625955,0.0006361323155216285,False,False,False,False,False,False,False
720575940635274615,cell_class,AN,3144,400,0.25,0.01,0.1,0.712468193384224,0.04961832061068702,0.17779898218829515,0.0015903307888040711,0.03212468193384224,0.025763358778625955,0.0006361323155216285,False,False,False,False,False,False,False
720575940630780589,cell_class,AN,3334,400,0.25,0.14285714285714285,0.01,0.8515296940611877,0.07978404319136173,0.053089382123575286,0.00029994001199760045,0.008998200359928014,0.005698860227954409,0.0005998800239952009,True,True,True,,False,False,False
720575940630780589,cell_class,AN,3334,400,0.25,0.14285714285714285,0.05,0.8515296940611877,0.07978404319136173,0.053089382123575286,0.00029994001199760045,0.008998200359928014,0.005698860227954409,0.0005998800239952009,True,False,False,,False,False,False
720575940630780589,cell_class,AN,3334,400,0.25,0.14285714285714285,0.1,0.8515296940611877,0.07978404319136173,0.053089382123575286,0.00029994001199760045,0.008998200359928014,0.005698860227954409,0.0005998800239952009,True,False,False,,False,False,False
720575940630780589,cell_class,AN,3334,400,0.25,0.04,0.01,0.8515296940611877,0.07978404319136173,0.053089382123575286,0.00029994001199760045,0.008998200359928014,0.005698860227954409,0.0005998800239952009,True,True,False,,False,False,False
720575940630780589,cell_class,AN,3334,400,0.25,0.04,0.05,0.8515296940611877,0.07978404319136173,0.053089382123575286,0.00029994001199760045,0.008998200359928014,0.005698860227954409,0.0005998800239952009,True,False,False,,False,False,False
720575940630780589,cell_class,AN,3334,400,0.25,0.04,0.1,0.8515296940611877,0.07978404319136173,0.053089382123575286,0.00029994001199760045,0.008998200359928014,0.005698860227954409,0.0005998800239952009,True,False,False,,False,False,False
720575940630780589,cell_class,AN,3334,400,0.25,0.02,0.01,0.8515296940611877,0.07978404319136173,0.053089382123575286,0.00029994001199760045,0.008998200359928014,0.005698860227954409,0.0005998800239952009,True,True,False,,False,False,False
720575940630780589,cell_class,AN,3334,400,0.25,0.02,0.05,0.8515296940611877,0.07978404319136173,0.053089382123575286,0.00029994001199760045,0.008998200359928014,0.005698860227954409,0.0005998800239952009,False,False,False,,False,False,False
720575940630780589,cell_class,AN,3334,400,0.25,0.02,0.1,0.8515296940611877,0.07978404319136173,0.053089382123575286,0.00029994001199760045,0.008998200359928014,0.005698860227954409,0.0005998800239952009,False,False,False,,False,False,False
720575940630780589,cell_class,AN,3334,400,0.25,0.01,0.01,0.8515296940611877,0.07978404319136173,0.053089382123575286,0.00029994001199760045,0.008998200359928014,0.005698860227954409,0.0005998800239952009,True,True,False,,False,False,False
720575940630780589,cell_class,AN,3334,400,0.25,0.01,0.05,0.8515296940611877,0.07978404319136173,0.053089382123575286,0.00029994001199760045,0.008998200359928014,0.005698860227954409,0.0005998800239952009,False,False,False,,False,False,False
720575940630780589,cell_class,AN,3334,400,0.25,0.01,0.1,0.8515296940611877,0.07978404319136173,0.053089382123575286,0.00029994001199760045,0.008998200359928014,0.005698860227954409,0.0005998800239952009,False,False,False,,False,False,False
720575940631041956,cell_class,AN,462,400,0.25,0.14285714285714285,0.01,0.16017316017316016,0.08658008658008658,0.19480519480519481,0.017316017316017316,0.44155844155844154,0.09956709956709957,0.0,True,True,True,False,True,True,
720575940631041956,cell_class,AN,462,400,0.25,0.14285714285714285,0.05,0.16017316017316016,0.08658008658008658,0.19480519480519481,0.017316017316017316,0.44155844155844154,0.09956709956709957,0.0,True,False,True,False,True,False,
720575940631041956,cell_class,AN,462,400,0.25,0.14285714285714285,0.1,0.16017316017316016,0.08658008658008658,0.19480519480519481,0.017316017316017316,0.44155844155844154,0.09956709956709957,0.0,False,False,False,False,True,False,
720575940631041956,cell_class,AN,462,400,0.25,0.04,0.01,0.16017316017316016,0.08658008658008658,0.19480519480519481,0.017316017316017316,0.44155844155844154,0.09956709956709957,0.0,True,True,True,False,True,True,
720575940631041956,cell_class,AN,462,400,0.25,0.04,0.05,0.16017316017316016,0.08658008658008658,0.19480519480519481,0.017316017316017316,0.44155844155844154,0.09956709956709957,0.0,False,False,False,False,True,False,
720575940631041956,cell_class,AN,462,400,0.25,0.04,0.1,0.16017316017316016,0.08658008658008658,0.19480519480519481,0.017316017316017316,0.44155844155844154,0.09956709956709957,0.0,False,False,False,False,False,False,
720575940631041956,cell_class,AN,462,400,0.25,0.02,0.01,0.16017316017316016,0.08658008658008658,0.19480519480519481,0.017316017316017316,0.44155844155844154,0.09956709956709957,0.0,True,True,True,False,True,True,
720575940631041956,cell_class,AN,462,400,0.25,0.02,0.05,0.16017316017316016,0.08658008658008658,0.19480519480519481,0.017316017316017316,0.44155844155844154,0.09956709956709957,0.0,False,False,False,False,True,False,
720575940631041956,cell_class,AN,462,400,0.25,0.02,0.1,0.16017316017316016,0.08658008658008658,0.19480519480519481,0.017316017316017316,0.44155844155844154,0.09956709956709957,0.0,False,False,False,False,False,False,
720575940631041956,cell_class,AN,462,400,0.25,0.01,0.01,0.16017316017316016,0.08658008658008658,0.19480519480519481,0.017316017316017316,0.44155844155844154,0.09956709956709957,0.0,True,True,True,False,True,True,
720575940631041956,cell_class,AN,462,400,0.25,0.01,0.05,0.16017316017316016,0.08658008658008658,0.19480519480519481,0.017316017316017316,0.44155844155844154,0.09956709956709957,0.0,False,False,False,False,False,False,
720575940631041956,cell_class,AN,462,400,0.25,0.01,0.1,0.16017316017316016,0.08658008658008658,0.19480519480519481,0.017316017316017316,0.44155844155844154,0.09956709956709957,0.0,False,False,False,False,False,False,
720575940617597268,cell_class,AN,1646,400,0.25,0.14285714285714285,0.01,0.02976913730255164,0.9258809234507898,0.013365735115431349,0.0006075334143377885,0.00850546780072904,0.02187120291616039,0.0,True,True,False,,False,False,
720575940617597268,cell_class,AN,1646,400,0.25,0.14285714285714285,0.05,0.02976913730255164,0.9258809234507898,0.013365735115431349,0.0006075334143377885,0.00850546780072904,0.02187120291616039,0.0,False,True,False,,False,False,
720575940617597268,cell_class,AN,1646,400,0.25,0.14285714285714285,0.1,0.02976913730255164,0.9258809234507898,0.013365735115431349,0.0006075334143377885,0.00850546780072904,0.02187120291616039,0.0,False,True,False,,False,False,
720575940617597268,cell_class,AN,1646,400,0.25,0.04,0.01,0.02976913730255164,0.9258809234507898,0.013365735115431349,0.0006075334143377885,0.00850546780072904,0.02187120291616039,0.0,True,True,False,,False,False,
720575940617597268,cell_class,AN,1646,400,0.25,0.04,0.05,0.02976913730255164,0.9258809234507898,0.013365735115431349,0.0006075334143377885,0.00850546780072904,0.02187120291616039,0.0,False,True,False,,False,False,
720575940617597268,cell_class,AN,1646,400,0.25,0.04,0.1,0.02976913730255164,0.9258809234507898,0.013365735115431349,0.0006075334143377885,0.00850546780072904,0.02187120291616039,0.0,False,True,False,,False,False,
720575940617597268,cell_class,AN,1646,400,0.25,0.02,0.01,0.02976913730255164,0.9258809234507898,0.013365735115431349,0.0006075334143377885,0.00850546780072904,0.02187120291616039,0.0,False,True,False,,False,False,
720575940617597268,cell_class,AN,1646,400,0.25,0.02,0.05,0.02976913730255164,0.9258809234507898,0.013365735115431349,0.0006075334143377885,0.00850546780072904,0.02187120291616039,0.0,False,True,False,,False,False,
720575940617597268,cell_class,AN,1646,400,0.25,0.02,0.1,0.02976913730255164,0.9258809234507898,0.013365735115431349,0.0006075334143377885,0.00850546780072904,0.02187120291616039,0.0,False,False,False,,False,False,
720575940617597268,cell_class,AN,1646,400,0.25,0.01,0.01,0.02976913730255164,0.9258809234507898,0.013365735115431349,0.0006075334143377885,0.00850546780072904,0.02187120291616039,0.0,False,True,False,,False,False,
720575940617597268,cell_class,AN,1646,400,0.25,0.01,0.05,0.02976913730255164,0.9258809234507898,0.013365735115431349,0.0006075334143377885,0.00850546780072904,0.02187120291616039,0.0,False,True,False,,False,False,
720575940617597268,cell_class,AN,1646,400,0.25,0.01,0.1,0.02976913730255164,0.9258809234507898,0.013365735115431349,0.0006075334143377885,0.00850546780072904,0.02187120291616039,0.0,False,False,False,,False,False,
720575940617387549,cell_class,AN,2327,400,0.25,0.14285714285714285,0.01,0.752041254834551,0.1534164159862484,0.06746884400515686,0.001289213579716373,0.010313708637730984,0.015470562956596476,0.0,True,True,True,False,False,False,
720575940617387549,cell_class,AN,2327,400,0.25,0.14285714285714285,0.05,0.752041254834551,0.1534164159862484,0.06746884400515686,0.001289213579716373,0.010313708637730984,0.015470562956596476,0.0,True,True,False,False,False,False,
720575940617387549,cell_class,AN,2327,400,0.25,0.14285714285714285,0.1,0.752041254834551,0.1534164159862484,0.06746884400515686,0.001289213579716373,0.010313708637730984,0.015470562956596476,0.0,True,False,False,False,False,False,
720575940617387549,cell_class,AN,2327,400,0.25,0.04,0.01,0.752041254834551,0.1534164159862484,0.06746884400515686,0.001289213579716373,0.010313708637730984,0.015470562956596476,0.0,True,True,True,False,False,False,
720575940617387549,cell_class,AN,2327,400,0.25,0.04,0.05,0.752041254834551,0.1534164159862484,0.06746884400515686,0.001289213579716373,0.010313708637730984,0.015470562956596476,0.0,True,False,False,False,False,False,
720575940617387549,cell_class,AN,2327,400,0.25,0.04,0.1,0.752041254834551,0.1534164159862484,0.06746884400515686,0.001289213579716373,0.010313708637730984,0.015470562956596476,0.0,False,False,False,False,False,False,
720575940617387549,cell_class,AN,2327,400,0.25,0.02,0.01,0.752041254834551,0.1534164159862484,0.06746884400515686,0.001289213579716373,0.010313708637730984,0.015470562956596476,0.0,True,True,True,False,False,False,
720575940617387549,cell_class,AN,2327,400,0.25,0.02,0.05,0.752041254834551,0.1534164159862484,0.06746884400515686,0.001289213579716373,0.010313708637730984,0.015470562956596476,0.0,False,False,False,False,False,False,
720575940617387549,cell_class,AN,2327,400,0.25,0.02,0.1,0.752041254834551,0.1534164159862484,0.06746884400515686,0.001289213579716373,0.010313708637730984,0.015470562956596476,0.0,False,False,False,False,False,False,
720575940617387549,cell_class,AN,2327,400,0.25,0.01,0.01,0.752041254834551,0.1534164159862484,0.06746884400515686,0.001289213579716373,0.010313708637730984,0.015470562956596476,0.0,True,True,True,False,False,False,
720575940617387549,cell_class,AN,2327,400,0.25,0.01,0.05,0.752041254834551,0.1534164159862484,0.06746884400515686,0.001289213579716373,0.010313708637730984,0.015470562956596476,0.0,False,False,False,False,False,False,
720575940617387549,cell_class,AN,2327,400,0.25,0.01,0.1,0.752041254834551,0.1534164159862484,0.06746884400515686,0.001289213579716373,0.010313708637730984,0.015470562956596476,0.0,False,False,False,False,False,False,
720575940637737088,cell_class,AN,450,400,0.25,0.14285714285714285,0.01,0.10444444444444445,0.2822222222222222,0.4911111111111111,0.0022222222222222222,0.10888888888888888,0.008888888888888889,0.0022222222222222222,True,True,True,,True,False,
720575940637737088,cell_class,AN,450,400,0.25,0.14285714285714285,0.05,0.10444444444444445,0.2822222222222222,0.4911111111111111,0.0022222222222222222,0.10888888888888888,0.008888888888888889,0.0022222222222222222,False,True,True,,False,False,
720575940637737088,cell_class,AN,450,400,0.25,0.14285714285714285,0.1,0.10444444444444445,0.2822222222222222,0.4911111111111111,0.0022222222222222222,0.10888888888888888,0.008888888888888889,0.0022222222222222222,False,False,True,,False,False,
720575940637737088,cell_class,AN,450,400,0.25,0.04,0.01,0.10444444444444445,0.2822222222222222,0.4911111111111111,0.0022222222222222222,0.10888888888888888,0.008888888888888889,0.0022222222222222222,True,True,True,,True,False,
720575940637737088,cell_class,AN,450,400,0.25,0.04,0.05,0.10444444444444445,0.2822222222222222,0.4911111111111111,0.0022222222222222222,0.10888888888888888,0.008888888888888889,0.0022222222222222222,False,True,True,,False,False,
720575940637737088,cell_class,AN,450,400,0.25,0.04,0.1,0.10444444444444445,0.2822222222222222,0.4911111111111111,0.0022222222222222222,0.10888888888888888,0.008888888888888889,0.0022222222222222222,False,False,False,,False,False,
720575940637737088,cell_class,AN,450,400,0.25,0.02,0.01,0.10444444444444445,0.2822222222222222,0.4911111111111111,0.0022222222222222222,0.10888888888888888,0.008888888888888889,0.0022222222222222222,True,True,True,,True,False,
720575940637737088,cell_class,AN,450,400,0.25,0.02,0.05,0.10444444444444445,0.2822222222222222,0.4911111111111111,0.0022222222222222222,0.10888888888888888,0.008888888888888889,0.0022222222222222222,False,False,True,,False,False,
720575940637737088,cell_class,AN,450,400,0.25,0.02,0.1,0.10444444444444445,0.2822222222222222,0.4911111111111111,0.0022222222222222222,0.10888888888888888,0.008888888888888889,0.0022222222222222222,False,False,False,,False,False,
720575940637737088,cell_class,AN,450,400,0.25,0.01,0.01,0.10444444444444445,0.2822222222222222,0.4911111111111111,0.0022222222222222222,0.10888888888888888,0.008888888888888889,0.0022222222222222222,True,True,True,,True,False,
720575940637737088,cell_class,AN,450,400,0.25,0.01,0.05,0.10444444444444445,0.2822222222222222,0.4911111111111111,0.0022222222222222222,0.10888888888888888,0.008888888888888889,0.0022222222222222222,False,False,True,,False,False,
720575940637737088,cell_class,AN,450,400,0.25,0.01,0.1,0.10444444444444445,0.2822222222222222,0.4911111111111111,0.0022222222222222222,0.10888888888888888,0.008888888888888889,0.0022222222222222222,False,False,False,,False,False,
720575940632706970,cell_class,AN,1118,400,0.25,0.14285714285714285,0.01,0.0026833631484794273,0.41234347048300535,0.017889087656529516,0.0026833631484794273,0.27280858676207514,0.29159212880143115,0.0,False,True,False,False,True,True,
720575940632706970,cell_class,AN,1118,400,0.25,0.14285714285714285,0.05,0.0026833631484794273,0.41234347048300535,0.017889087656529516,0.0026833631484794273,0.27280858676207514,0.29159212880143115,0.0,False,True,False,False,True,True,
720575940632706970,cell_class,AN,1118,400,0.25,0.14285714285714285,0.1,0.0026833631484794273,0.41234347048300535,0.017889087656529516,0.0026833631484794273,0.27280858676207514,0.29159212880143115,0.0,False,True,False,False,False,True,
720575940632706970,cell_class,AN,1118,400,0.25,0.04,0.01,0.0026833631484794273,0.41234347048300535,0.017889087656529516,0.0026833631484794273,0.27280858676207514,0.29159212880143115,0.0,False,True,False,False,True,True,
720575940632706970,cell_class,AN,1118,400,0.25,0.04,0.05,0.0026833631484794273,0.41234347048300535,0.017889087656529516,0.0026833631484794273,0.27280858676207514,0.29159212880143115,0.0,False,False,False,False,False,False,
720575940632706970,cell_class,AN,1118,400,0.25,0.04,0.1,0.0026833631484794273,0.41234347048300535,0.017889087656529516,0.0026833631484794273,0.27280858676207514,0.29159212880143115,0.0,False,False,False,False,False,False,
720575940632706970,cell_class,AN,1118,400,0.25,0.02,0.01,0.0026833631484794273,0.41234347048300535,0.017889087656529516,0.0026833631484794273,0.27280858676207514,0.29159212880143115,0.0,False,True,False,False,True,True,
720575940632706970,cell_class,AN,1118,400,0.25,0.02,0.05,0.0026833631484794273,0.41234347048300535,0.017889087656529516,0.0026833631484794273,0.27280858676207514,0.29159212880143115,0.0,False,False,False,False,False,False,
720575940632706970,cell_class,AN,1118,400,0.25,0.02,0.1,0.0026833631484794273,0.41234347048300535,0.017889087656529516,0.0026833631484794273,0.27280858676207514,0.29159212880143115,0.0,False,False,False,False,False,False,
720575940632706970,cell_class,AN,1118,400,0.25,0.01,0.01,0.0026833631484794273,0.41234347048300535,0.017889087656529516,0.0026833631484794273,0.27280858676207514,0.29159212880143115,0.0,False,True,False,False,True,True,
720575940632706970,cell_class,AN,1118,400,0.25,0.01,0.05,0.0026833631484794273,0.41234347048300535,0.017889087656529516,0.0026833631484794273,0.27280858676207514,0.29159212880143115,0.0,False,False,False,False,False,False,
720575940632706970,cell_class,AN,1118,400,0.25,0.01,0.1,0.0026833631484794273,0.41234347048300535,0.017889087656529516,0.0026833631484794273,0.27280858676207514,0.29159212880143115,0.0,False,False,False,False,False,False,
720575940639276349,cell_class,AN,2181,400,0.25,0.14285714285714285,0.01,0.014213663457129757,0.9261806510774874,0.011004126547455296,0.0009170105456212746,0.033012379642365884,0.014213663457129757,0.0004585052728106373,False,True,False,False,True,False,
720575940639276349,cell_class,AN,2181,400,0.25,0.14285714285714285,0.05,0.014213663457129757,0.9261806510774874,0.011004126547455296,0.0009170105456212746,0.033012379642365884,0.014213663457129757,0.0004585052728106373,False,True,False,False,False,False,
720575940639276349,cell_class,AN,2181,400,0.25,0.14285714285714285,0.1,0.014213663457129757,0.9261806510774874,0.011004126547455296,0.0009170105456212746,0.033012379642365884,0.014213663457129757,0.0004585052728106373,False,True,False,False,False,False,
720575940639276349,cell_class,AN,2181,400,0.25,0.04,0.01,0.014213663457129757,0.9261806510774874,0.011004126547455296,0.0009170105456212746,0.033012379642365884,0.014213663457129757,0.0004585052728106373,False,True,False,False,False,False,
720575940639276349,cell_class,AN,2181,400,0.25,0.04,0.05,0.014213663457129757,0.9261806510774874,0.011004126547455296,0.0009170105456212746,0.033012379642365884,0.014213663457129757,0.0004585052728106373,False,True,False,False,False,False,
720575940639276349,cell_class,AN,2181,400,0.25,0.04,0.1,0.014213663457129757,0.9261806510774874,0.011004126547455296,0.0009170105456212746,0.033012379642365884,0.014213663457129757,0.0004585052728106373,False,False,False,False,False,False,
720575940639276349,cell_class,AN,2181,400,0.25,0.02,0.01,0.014213663457129757,0.9261806510774874,0.011004126547455296,0.0009170105456212746,0.033012379642365884,0.014213663457129757,0.0004585052728106373,False,True,False,False,False,False,
720575940639276349,cell_class,AN,2181,400,0.25,0.02,0.05,0.014213663457129757,0.9261806510774874,0.011004126547455296,0.0009170105456212746,0.033012379642365884,0.014213663457129757,0.0004585052728106373,False,False,False,False,False,False,
720575940639276349,cell_class,AN,2181,400,0.25,0.02,0.1,0.014213663457129757,0.9261806510774874,0.011004126547455296,0.0009170105456212746,0.033012379642365884,0.014213663457129757,0.0004585052728106373,False,False,False,False,False,False,
720575940639276349,cell_class,AN,2181,400,0.25,0.01,0.01,0.014213663457129757,0.9261806510774874,0.011004126547455296,0.0009170105456212746,0.033012379642365884,0.014213663457129757,0.0004585052728106373,False,True,False,False,False,False,
720575940639276349,cell_class,AN,2181,400,0.25,0.01,0.05,0.014213663457129757,0.9261806510774874,0.011004126547455296,0.0009170105456212746,0.033012379642365884,0.014213663457129757,0.0004585052728106373,False,False,False,False,False,False,
720575940639276349,cell_class,AN,2181,400,0.25,0.01,0.1,0.014213663457129757,0.9261806510774874,0.011004126547455296,0.0009170105456212746,0.033012379642365884,0.014213663457129757,0.0004585052728106373,False,False,False,False,False,False,
720575940641285877,cell_class,AN,1071,400,0.25,0.14285714285714285,0.01,0.1792717086834734,0.07563025210084033,0.2857142857142857,0.040149393090569564,0.2707749766573296,0.1484593837535014,0.0,True,True,True,True,True,True,
720575940641285877,cell_class,AN,1071,400,0.25,0.14285714285714285,0.05,0.1792717086834734,0.07563025210084033,0.2857142857142857,0.040149393090569564,0.2707749766573296,0.1484593837535014,0.0,True,False,True,False,True,True,
720575940641285877,cell_class,AN,1071,400,0.25,0.14285714285714285,0.1,0.1792717086834734,0.07563025210084033,0.2857142857142857,0.040149393090569564,0.2707749766573296,0.1484593837535014,0.0,False,False,True,False,False,False,
720575940641285877,cell_class,AN,1071,400,0.25,0.04,0.01,0.1792717086834734,0.07563025210084033,0.2857142857142857,0.040149393090569564,0.2707749766573296,0.1484593837535014,0.0,True,True,True,True,True,True,
720575940641285877,cell_class,AN,1071,400,0.25,0.04,0.05,0.1792717086834734,0.07563025210084033,0.2857142857142857,0.040149393090569564,0.2707749766573296,0.1484593837535014,0.0,False,False,False,False,False,False,
720575940641285877,cell_class,AN,1071,400,0.25,0.04,0.1,0.1792717086834734,0.07563025210084033,0.2857142857142857,0.040149393090569564,0.2707749766573296,0.1484593837535014,0.0,False,False,False,False,False,False,
720575940641285877,cell_class,AN,1071,400,0.25,0.02,0.01,0.1792717086834734,0.07563025210084033,0.2857142857142857,0.040149393090569564,0.2707749766573296,0.1484593837535014,0.0,True,True,True,True,True,True,
720575940641285877,cell_class,AN,1071,400,0.25,0.02,0.05,0.1792717086834734,0.07563025210084033,0.2857142857142857,0.040149393090569564,0.2707749766573296,0.1484593837535014,0.0,False,False,False,False,False,False,
720575940641285877,cell_class,AN,1071,400,0.25,0.02,0.1,0.1792717086834734,0.07563025210084033,0.2857142857142857,0.040149393090569564,0.2707749766573296,0.1484593837535014,0.0,False,False,False,False,False,False,
720575940641285877,cell_class,AN,1071,400,0.25,0.01,0.01,0.1792717086834734,0.07563025210084033,0.2857142857142857,0.040149393090569564,0.2707749766573296,0.1484593837535014,0.0,True,True,True,True,True,True,
720575940641285877,cell_class,AN,1071,400,0.25,0.01,0.05,0.1792717086834734,0.07563025210084033,0.2857142857142857,0.040149393090569564,0.2707749766573296,0.1484593837535014,0.0,False,False,False,False,False,False,
720575940641285877,cell_class,AN,1071,400,0.25,0.01,0.1,0.1792717086834734,0.07563025210084033,0.2857142857142857,0.040149393090569564,0.2707749766573296,0.1484593837535014,0.0,False,False,False,False,False,False,
720575940609984881,cell_class,AN,1868,400,0.25,0.14285714285714285,0.01,0.7157387580299786,0.2360813704496788,0.014989293361884369,0.0016059957173447537,0.018201284796573874,0.012312633832976445,0.0010706638115631692,True,True,False,False,False,False,False
720575940609984881,cell_class,AN,1868,400,0.25,0.14285714285714285,0.05,0.7157387580299786,0.2360813704496788,0.014989293361884369,0.0016059957173447537,0.018201284796573874,0.012312633832976445,0.0010706638115631692,True,True,False,False,False,False,False
720575940609984881,cell_class,AN,1868,400,0.25,0.14285714285714285,0.1,0.7157387580299786,0.2360813704496788,0.014989293361884369,0.0016059957173447537,0.018201284796573874,0.012312633832976445,0.0010706638115631692,True,True,False,False,False,False,False
720575940609984881,cell_class,AN,1868,400,0.25,0.04,0.01,0.7157387580299786,0.2360813704496788,0.014989293361884369,0.0016059957173447537,0.018201284796573874,0.012312633832976445,0.0010706638115631692,True,True,False,False,False,False,False
720575940609984881,cell_class,AN,1868,400,0.25,0.04,0.05,0.7157387580299786,0.2360813704496788,0.014989293361884369,0.0016059957173447537,0.018201284796573874,0.012312633832976445,0.0010706638115631692,True,True,False,False,False,False,False
720575940609984881,cell_class,AN,1868,400,0.25,0.04,0.1,0.7157387580299786,0.2360813704496788,0.014989293361884369,0.0016059957173447537,0.018201284796573874,0.012312633832976445,0.0010706638115631692,False,False,False,False,False,False,False
720575940609984881,cell_class,AN,1868,400,0.25,0.02,0.01,0.7157387580299786,0.2360813704496788,0.014989293361884369,0.0016059957173447537,0.018201284796573874,0.012312633832976445,0.0010706638115631692,True,True,False,False,False,False,False
720575940609984881,cell_class,AN,1868,400,0.25,0.02,0.05,0.7157387580299786,0.2360813704496788,0.014989293361884369,0.0016059957173447537,0.018201284796573874,0.012312633832976445,0.0010706638115631692,True,False,False,False,False,False,False
720575940609984881,cell_class,AN,1868,400,0.25,0.02,0.1,0.7157387580299786,0.2360813704496788,0.014989293361884369,0.0016059957173447537,0.018201284796573874,0.012312633832976445,0.0010706638115631692,False,False,False,False,False,False,False
720575940609984881,cell_class,AN,1868,400,0.25,0.01,0.01,0.7157387580299786,0.2360813704496788,0.014989293361884369,0.0016059957173447537,0.018201284796573874,0.012312633832976445,0.0010706638115631692,True,True,False,False,False,False,False
720575940609984881,cell_class,AN,1868,400,0.25,0.01,0.05,0.7157387580299786,0.2360813704496788,0.014989293361884369,0.0016059957173447537,0.018201284796573874,0.012312633832976445,0.0010706638115631692,True,False,False,False,False,False,False
720575940609984881,cell_class,AN,1868,400,0.25,0.01,0.1,0.7157387580299786,0.2360813704496788,0.014989293361884369,0.0016059957173447537,0.018201284796573874,0.012312633832976445,0.0010706638115631692,False,False,False,False,False,False,False
720575940622886158,cell_class,AN,2650,400,0.25,0.14285714285714285,0.01,0.76,0.06037735849056604,0.16716981132075473,0.004528301886792453,0.005283018867924529,0.0026415094339622643,0.0,True,True,True,False,False,False,
720575940622886158,cell_class,AN,2650,400,0.25,0.14285714285714285,0.05,0.76,0.06037735849056604,0.16716981132075473,0.004528301886792453,0.005283018867924529,0.0026415094339622643,0.0,True,False,True,False,False,False,
720575940622886158,cell_class,AN,2650,400,0.25,0.14285714285714285,0.1,0.76,0.06037735849056604,0.16716981132075473,0.004528301886792453,0.005283018867924529,0.0026415094339622643,0.0,True,False,False,False,False,False,
720575940622886158,cell_class,AN,2650,400,0.25,0.04,0.01,0.76,0.06037735849056604,0.16716981132075473,0.004528301886792453,0.005283018867924529,0.0026415094339622643,0.0,True,True,True,False,False,False,
720575940622886158,cell_class,AN,2650,400,0.25,0.04,0.05,0.76,0.06037735849056604,0.16716981132075473,0.004528301886792453,0.005283018867924529,0.0026415094339622643,0.0,True,False,False,False,False,False,
720575940622886158,cell_class,AN,2650,400,0.25,0.04,0.1,0.76,0.06037735849056604,0.16716981132075473,0.004528301886792453,0.005283018867924529,0.0026415094339622643,0.0,True,False,False,False,False,False,
720575940622886158,cell_class,AN,2650,400,0.25,0.02,0.01,0.76,0.06037735849056604,0.16716981132075473,0.004528301886792453,0.005283018867924529,0.0026415094339622643,0.0,True,True,True,False,False,False,
720575940622886158,cell_class,AN,2650,400,0.25,0.02,0.05,0.76,0.06037735849056604,0.16716981132075473,0.004528301886792453,0.005283018867924529,0.0026415094339622643,0.0,True,False,False,False,False,False,
720575940622886158,cell_class,AN,2650,400,0.25,0.02,0.1,0.76,0.06037735849056604,0.16716981132075473,0.004528301886792453,0.005283018867924529,0.0026415094339622643,0.0,False,False,False,False,False,False,
720575940622886158,cell_class,AN,2650,400,0.25,0.01,0.01,0.76,0.06037735849056604,0.16716981132075473,0.004528301886792453,0.005283018867924529,0.0026415094339622643,0.0,True,True,True,False,False,False,
720575940622886158,cell_class,AN,2650,400,0.25,0.01,0.05,0.76,0.06037735849056604,0.16716981132075473,0.004528301886792453,0.005283018867924529,0.0026415094339622643,0.0,True,False,False,False,False,False,
720575940622886158,cell_class,AN,2650,400,0.25,0.01,0.1,0.76,0.06037735849056604,0.16716981132075473,0.004528301886792453,0.005283018867924529,0.0026415094339622643,0.0,False,False,False,False,False,False,
720575940627302908,cell_class,AN,4815,400,0.25,0.14285714285714285,0.01,0.01557632398753894,0.9347871235721703,0.02679127725856698,0.0020768431983385254,0.0060228452751817235,0.014537902388369679,0.00020768431983385254,False,True,False,False,False,False,
720575940627302908,cell_class,AN,4815,400,0.25,0.14285714285714285,0.05,0.01557632398753894,0.9347871235721703,0.02679127725856698,0.0020768431983385254,0.0060228452751817235,0.014537902388369679,0.00020768431983385254,False,True,False,False,False,False,
720575940627302908,cell_class,AN,4815,400,0.25,0.14285714285714285,0.1,0.01557632398753894,0.9347871235721703,0.02679127725856698,0.0020768431983385254,0.0060228452751817235,0.014537902388369679,0.00020768431983385254,False,True,False,False,False,False,
720575940627302908,cell_class,AN,4815,400,0.25,0.04,0.01,0.01557632398753894,0.9347871235721703,0.02679127725856698,0.0020768431983385254,0.0060228452751817235,0.014537902388369679,0.00020768431983385254,False,True,False,False,False,False,
720575940627302908,cell_class,AN,4815,400,0.25,0.04,0.05,0.01557632398753894,0.9347871235721703,0.02679127725856698,0.0020768431983385254,0.0060228452751817235,0.014537902388369679,0.00020768431983385254,False,True,False,False,False,False,
720575940627302908,cell_class,AN,4815,400,0.25,0.04,0.1,0.01557632398753894,0.9347871235721703,0.02679127725856698,0.0020768431983385254,0.0060228452751817235,0.014537902388369679,0.00020768431983385254,False,True,False,False,False,False,
720575940627302908,cell_class,AN,4815,400,0.25,0.02,0.01,0.01557632398753894,0.9347871235721703,0.02679127725856698,0.0020768431983385254,0.0060228452751817235,0.014537902388369679,0.00020768431983385254,False,True,False,False,False,False,
720575940627302908,cell_class,AN,4815,400,0.25,0.02,0.05,0.01557632398753894,0.9347871235721703,0.02679127725856698,0.0020768431983385254,0.0060228452751817235,0.014537902388369679,0.00020768431983385254,False,True,False,False,False,False,
720575940627302908,cell_class,AN,4815,400,0.25,0.02,0.1,0.01557632398753894,0.9347871235721703,0.02679127725856698,0.0020768431983385254,0.0060228452751817235,0.014537902388369679,0.00020768431983385254,False,False,False,False,False,False,
720575940627302908,cell_class,AN,4815,400,0.25,0.01,0.01,0.01557632398753894,0.9347871235721703,0.02679127725856698,0.0020768431983385254,0.0060228452751817235,0.014537902388369679,0.00020768431983385254,False,True,False,False,False,False,
720575940627302908,cell_class,AN,4815,400,0.25,0.01,0.05,0.01557632398753894,0.9347871235721703,0.02679127725856698,0.0020768431983385254,0.0060228452751817235,0.014537902388369679,0.00020768431983385254,False,True,False,False,False,False,
720575940627302908,cell_class,AN,4815,400,0.25,0.01,0.1,0.01557632398753894,0.9347871235721703,0.02679127725856698,0.0020768431983385254,0.0060228452751817235,0.014537902388369679,0.00020768431983385254,False,False,False,False,False,False,
720575940628177863,cell_class,AN,2343,400,0.25,0.14285714285714285,0.01,0.01195049082373026,0.7503201024327785,0.012804097311139564,0.004268032437046522,0.21169440887750746,0.008962868117797696,0.0,False,True,False,False,True,False,
720575940628177863,cell_class,AN,2343,400,0.25,0.14285714285714285,0.05,0.01195049082373026,0.7503201024327785,0.012804097311139564,0.004268032437046522,0.21169440887750746,0.008962868117797696,0.0,False,True,False,False,True,False,
720575940628177863,cell_class,AN,2343,400,0.25,0.14285714285714285,0.1,0.01195049082373026,0.7503201024327785,0.012804097311139564,0.004268032437046522,0.21169440887750746,0.008962868117797696,0.0,False,True,False,False,False,False,
720575940628177863,cell_class,AN,2343,400,0.25,0.04,0.01,0.01195049082373026,0.7503201024327785,0.012804097311139564,0.004268032437046522,0.21169440887750746,0.008962868117797696,0.0,False,True,False,False,True,False,
720575940628177863,cell_class,AN,2343,400,0.25,0.04,0.05,0.01195049082373026,0.7503201024327785,0.012804097311139564,0.004268032437046522,0.21169440887750746,0.008962868117797696,0.0,False,True,False,False,False,False,
720575940628177863,cell_class,AN,2343,400,0.25,0.04,0.1,0.01195049082373026,0.7503201024327785,0.012804097311139564,0.004268032437046522,0.21169440887750746,0.008962868117797696,0.0,False,False,False,False,False,False,
720575940628177863,cell_class,AN,2343,400,0.25,0.02,0.01,0.01195049082373026,0.7503201024327785,0.012804097311139564,0.004268032437046522,0.21169440887750746,0.008962868117797696,0.0,False,True,False,False,True,False,
720575940628177863,cell_class,AN,2343,400,0.25,0.02,0.05,0.01195049082373026,0.7503201024327785,0.012804097311139564,0.004268032437046522,0.21169440887750746,0.008962868117797696,0.0,False,True,False,False,False,False,
720575940628177863,cell_class,AN,2343,400,0.25,0.02,0.1,0.01195049082373026,0.7503201024327785,0.012804097311139564,0.004268032437046522,0.21169440887750746,0.008962868117797696,0.0,False,False,False,False,False,False,
720575940628177863,cell_class,AN,2343,400,0.25,0.01,0.01,0.01195049082373026,0.7503201024327785,0.012804097311139564,0.004268032437046522,0.21169440887750746,0.008962868117797696,0.0,False,True,False,False,True,False,
720575940628177863,cell_class,AN,2343,400,0.25,0.01,0.05,0.01195049082373026,0.7503201024327785,0.012804097311139564,0.004268032437046522,0.21169440887750746,0.008962868117797696,0.0,False,False,False,False,False,False,
720575940628177863,cell_class,AN,2343,400,0.25,0.01,0.1,0.01195049082373026,0.7503201024327785,0.012804097311139564,0.004268032437046522,0.21169440887750746,0.008962868117797696,0.0,False,False,False,False,False,False,
720575940626210949,cell_class,AN,798,400,0.25,0.14285714285714285,0.01,0.0012531328320802004,0.949874686716792,0.008771929824561403,0.020050125313283207,0.010025062656641603,0.010025062656641603,0.0,,True,False,True,False,False,
720575940626210949,cell_class,AN,798,400,0.25,0.14285714285714285,0.05,0.0012531328320802004,0.949874686716792,0.008771929824561403,0.020050125313283207,0.010025062656641603,0.010025062656641603,0.0,,True,False,False,False,False,
720575940626210949,cell_class,AN,798,400,0.25,0.14285714285714285,0.1,0.0012531328320802004,0.949874686716792,0.008771929824561403,0.020050125313283207,0.010025062656641603,0.010025062656641603,0.0,,True,False,False,False,False,
720575940626210949,cell_class,AN,798,400,0.25,0.04,0.01,0.0012531328320802004,0.949874686716792,0.008771929824561403,0.020050125313283207,0.010025062656641603,0.010025062656641603,0.0,,True,False,True,False,False,
720575940626210949,cell_class,AN,798,400,0.25,0.04,0.05,0.0012531328320802004,0.949874686716792,0.008771929824561403,0.020050125313283207,0.010025062656641603,0.010025062656641603,0.0,,True,False,False,False,False,
720575940626210949,cell_class,AN,798,400,0.25,0.04,0.1,0.0012531328320802004,0.949874686716792,0.008771929824561403,0.020050125313283207,0.010025062656641603,0.010025062656641603,0.0,,False,False,False,False,False,
720575940626210949,cell_class,AN,798,400,0.25,0.02,0.01,0.0012531328320802004,0.949874686716792,0.008771929824561403,0.020050125313283207,0.010025062656641603,0.010025062656641603,0.0,,True,False,True,False,False,
720575940626210949,cell_class,AN,798,400,0.25,0.02,0.05,0.0012531328320802004,0.949874686716792,0.008771929824561403,0.020050125313283207,0.010025062656641603,0.010025062656641603,0.0,,True,False,False,False,False,
720575940626210949,cell_class,AN,798,400,0.25,0.02,0.1,0.0012531328320802004,0.949874686716792,0.008771929824561403,0.020050125313283207,0.010025062656641603,0.010025062656641603,0.0,,False,False,False,False,False,
720575940626210949,cell_class,AN,798,400,0.25,0.01,0.01,0.0012531328320802004,0.949874686716792,0.008771929824561403,0.020050125313283207,0.010025062656641603,0.010025062656641603,0.0,,True,False,False,False,False,
720575940626210949,cell_class,AN,798,400,0.25,0.01,0.05,0.0012531328320802004,0.949874686716792,0.008771929824561403,0.020050125313283207,0.010025062656641603,0.010025062656641603,0.0,,False,False,False,False,False,
720575940626210949,cell_class,AN,798,400,0.25,0.01,0.1,0.0012531328320802004,0.949874686716792,0.008771929824561403,0.020050125313283207,0.010025062656641603,0.010025062656641603,0.0,,False,False,False,False,False,
720575940613808326,cell_class,AN,2311,400,0.25,0.14285714285714285,0.01,0.009519688446559932,0.818693206404154,0.02293379489398529,0.0025962786672436176,0.08135006490696668,0.06447425356988316,0.00043271311120726956,False,True,False,False,True,True,
720575940613808326,cell_class,AN,2311,400,0.25,0.14285714285714285,0.05,0.009519688446559932,0.818693206404154,0.02293379489398529,0.0025962786672436176,0.08135006490696668,0.06447425356988316,0.00043271311120726956,False,True,False,False,False,False,
720575940613808326,cell_class,AN,2311,400,0.25,0.14285714285714285,0.1,0.009519688446559932,0.818693206404154,0.02293379489398529,0.0025962786672436176,0.08135006490696668,0.06447425356988316,0.00043271311120726956,False,True,False,False,False,False,
720575940613808326,cell_class,AN,2311,400,0.25,0.04,0.01,0.009519688446559932,0.818693206404154,0.02293379489398529,0.0025962786672436176,0.08135006490696668,0.06447425356988316,0.00043271311120726956,False,True,False,False,False,True,
720575940613808326,cell_class,AN,2311,400,0.25,0.04,0.05,0.009519688446559932,0.818693206404154,0.02293379489398529,0.0025962786672436176,0.08135006490696668,0.06447425356988316,0.00043271311120726956,False,True,False,False,False,False,
720575940613808326,cell_class,AN,2311,400,0.25,0.04,0.1,0.009519688446559932,0.818693206404154,0.02293379489398529,0.0025962786672436176,0.08135006490696668,0.06447425356988316,0.00043271311120726956,False,False,False,False,False,False,
720575940613808326,cell_class,AN,2311,400,0.25,0.02,0.01,0.009519688446559932,0.818693206404154,0.02293379489398529,0.0025962786672436176,0.08135006490696668,0.06447425356988316,0.00043271311120726956,False,True,False,False,False,False,
720575940613808326,cell_class,AN,2311,400,0.25,0.02,0.05,0.009519688446559932,0.818693206404154,0.02293379489398529,0.0025962786672436176,0.08135006490696668,0.06447425356988316,0.00043271311120726956,False,True,False,False,False,False,
720575940613808326,cell_class,AN,2311,400,0.25,0.02,0.1,0.009519688446559932,0.818693206404154,0.02293379489398529,0.0025962786672436176,0.08135006490696668,0.06447425356988316,0.00043271311120726956,False,False,False,False,False,False,
720575940613808326,cell_class,AN,2311,400,0.25,0.01,0.01,0.009519688446559932,0.818693206404154,0.02293379489398529,0.0025962786672436176,0.08135006490696668,0.06447425356988316,0.00043271311120726956,False,True,False,False,False,False,
720575940613808326,cell_class,AN,2311,400,0.25,0.01,0.05,0.009519688446559932,0.818693206404154,0.02293379489398529,0.0025962786672436176,0.08135006490696668,0.06447425356988316,0.00043271311120726956,False,False,False,False,False,False,
720575940613808326,cell_class,AN,2311,400,0.25,0.01,0.1,0.009519688446559932,0.818693206404154,0.02293379489398529,0.0025962786672436176,0.08135006490696668,0.06447425356988316,0.00043271311120726956,False,False,False,False,False,False,
720575940636686170,cell_class,AN,6071,400,0.25,0.14285714285714285,0.01,0.831329270301433,0.062427936089606326,0.06522813375061769,0.004447372755723934,0.029484434195354965,0.006753417888321529,0.00032943501894251357,True,True,True,False,True,False,False
720575940636686170,cell_class,AN,6071,400,0.25,0.14285714285714285,0.05,0.831329270301433,0.062427936089606326,0.06522813375061769,0.004447372755723934,0.029484434195354965,0.006753417888321529,0.00032943501894251357,True,False,False,False,False,False,False
720575940636686170,cell_class,AN,6071,400,0.25,0.14285714285714285,0.1,0.831329270301433,0.062427936089606326,0.06522813375061769,0.004447372755723934,0.029484434195354965,0.006753417888321529,0.00032943501894251357,True,False,False,False,False,False,False
720575940636686170,cell_class,AN,6071,400,0.25,0.04,0.01,0.831329270301433,0.062427936089606326,0.06522813375061769,0.004447372755723934,0.029484434195354965,0.006753417888321529,0.00032943501894251357,True,False,True,False,False,False,False
720575940636686170,cell_class,AN,6071,400,0.25,0.04,0.05,0.831329270301433,0.062427936089606326,0.06522813375061769,0.004447372755723934,0.029484434195354965,0.006753417888321529,0.00032943501894251357,True,False,False,False,False,False,False
720575940636686170,cell_class,AN,6071,400,0.25,0.04,0.1,0.831329270301433,0.062427936089606326,0.06522813375061769,0.004447372755723934,0.029484434195354965,0.006753417888321529,0.00032943501894251357,True,False,False,False,False,False,False
720575940636686170,cell_class,AN,6071,400,0.25,0.02,0.01,0.831329270301433,0.062427936089606326,0.06522813375061769,0.004447372755723934,0.029484434195354965,0.006753417888321529,0.00032943501894251357,True,False,True,False,False,False,False
720575940636686170,cell_class,AN,6071,400,0.25,0.02,0.05,0.831329270301433,0.062427936089606326,0.06522813375061769,0.004447372755723934,0.029484434195354965,0.006753417888321529,0.00032943501894251357,True,False,False,False,False,False,False
720575940636686170,cell_class,AN,6071,400,0.25,0.02,0.1,0.831329270301433,0.062427936089606326,0.06522813375061769,0.004447372755723934,0.029484434195354965,0.006753417888321529,0.00032943501894251357,False,False,False,False,False,False,False
720575940636686170,cell_class,AN,6071,400,0.25,0.01,0.01,0.831329270301433,0.062427936089606326,0.06522813375061769,0.004447372755723934,0.029484434195354965,0.006753417888321529,0.00032943501894251357,True,False,True,False,False,False,False
720575940636686170,cell_class,AN,6071,400,0.25,0.01,0.05,0.831329270301433,0.062427936089606326,0.06522813375061769,0.004447372755723934,0.029484434195354965,0.006753417888321529,0.00032943501894251357,False,False,False,False,False,False,False
720575940636686170,cell_class,AN,6071,400,0.25,0.01,0.1,0.831329270301433,0.062427936089606326,0.06522813375061769,0.004447372755723934,0.029484434195354965,0.006753417888321529,0.00032943501894251357,False,False,False,False,False,False,False
720575940622569255,cell_class,AN,440,400,0.25,0.14285714285714285,0.01,0.06818181818181818,0.8204545454545454,0.045454545454545456,0.0,0.06363636363636363,0.0022727272727272726,0.0,True,True,True,,True,,
720575940622569255,cell_class,AN,440,400,0.25,0.14285714285714285,0.05,0.06818181818181818,0.8204545454545454,0.045454545454545456,0.0,0.06363636363636363,0.0022727272727272726,0.0,False,True,False,,False,,
720575940622569255,cell_class,AN,440,400,0.25,0.14285714285714285,0.1,0.06818181818181818,0.8204545454545454,0.045454545454545456,0.0,0.06363636363636363,0.0022727272727272726,0.0,False,True,False,,False,,
720575940622569255,cell_class,AN,440,400,0.25,0.04,0.01,0.06818181818181818,0.8204545454545454,0.045454545454545456,0.0,0.06363636363636363,0.0022727272727272726,0.0,True,True,True,,True,,
720575940622569255,cell_class,AN,440,400,0.25,0.04,0.05,0.06818181818181818,0.8204545454545454,0.045454545454545456,0.0,0.06363636363636363,0.0022727272727272726,0.0,False,True,False,,False,,
720575940622569255,cell_class,AN,440,400,0.25,0.04,0.1,0.06818181818181818,0.8204545454545454,0.045454545454545456,0.0,0.06363636363636363,0.0022727272727272726,0.0,False,True,False,,False,,
720575940622569255,cell_class,AN,440,400,0.25,0.02,0.01,0.06818181818181818,0.8204545454545454,0.045454545454545456,0.0,0.06363636363636363,0.0022727272727272726,0.0,True,True,True,,True,,
720575940622569255,cell_class,AN,440,400,0.25,0.02,0.05,0.06818181818181818,0.8204545454545454,0.045454545454545456,0.0,0.06363636363636363,0.0022727272727272726,0.0,False,True,False,,False,,
720575940622569255,cell_class,AN,440,400,0.25,0.02,0.1,0.06818181818181818,0.8204545454545454,0.045454545454545456,0.0,0.06363636363636363,0.0022727272727272726,0.0,False,True,False,,False,,
720575940622569255,cell_class,AN,440,400,0.25,0.01,0.01,0.06818181818181818,0.8204545454545454,0.045454545454545456,0.0,0.06363636363636363,0.0022727272727272726,0.0,True,True,True,,True,,
720575940622569255,cell_class,AN,440,400,0.25,0.01,0.05,0.06818181818181818,0.8204545454545454,0.045454545454545456,0.0,0.06363636363636363,0.0022727272727272726,0.0,False,False,False,,False,,
720575940622569255,cell_class,AN,440,400,0.25,0.01,0.1,0.06818181818181818,0.8204545454545454,0.045454545454545456,0.0,0.06363636363636363,0.0022727272727272726,0.0,False,False,False,,False,,
720575940628885264,cell_class,AN,2105,400,0.25,0.14285714285714285,0.01,0.10926365795724466,0.42375296912114013,0.38907363420427554,0.017577197149643706,0.04275534441805225,0.017577197149643706,0.0,True,True,True,False,True,False,
720575940628885264,cell_class,AN,2105,400,0.25,0.14285714285714285,0.05,0.10926365795724466,0.42375296912114013,0.38907363420427554,0.017577197149643706,0.04275534441805225,0.017577197149643706,0.0,True,True,True,False,False,False,
720575940628885264,cell_class,AN,2105,400,0.25,0.14285714285714285,0.1,0.10926365795724466,0.42375296912114013,0.38907363420427554,0.017577197149643706,0.04275534441805225,0.017577197149643706,0.0,False,True,True,False,False,False,
720575940628885264,cell_class,AN,2105,400,0.25,0.04,0.01,0.10926365795724466,0.42375296912114013,0.38907363420427554,0.017577197149643706,0.04275534441805225,0.017577197149643706,0.0,True,True,True,False,False,False,
720575940628885264,cell_class,AN,2105,400,0.25,0.04,0.05,0.10926365795724466,0.42375296912114013,0.38907363420427554,0.017577197149643706,0.04275534441805225,0.017577197149643706,0.0,False,True,True,False,False,False,
720575940628885264,cell_class,AN,2105,400,0.25,0.04,0.1,0.10926365795724466,0.42375296912114013,0.38907363420427554,0.017577197149643706,0.04275534441805225,0.017577197149643706,0.0,False,False,False,False,False,False,
720575940628885264,cell_class,AN,2105,400,0.25,0.02,0.01,0.10926365795724466,0.42375296912114013,0.38907363420427554,0.017577197149643706,0.04275534441805225,0.017577197149643706,0.0,True,True,True,False,False,False,
720575940628885264,cell_class,AN,2105,400,0.25,0.02,0.05,0.10926365795724466,0.42375296912114013,0.38907363420427554,0.017577197149643706,0.04275534441805225,0.017577197149643706,0.0,False,True,True,False,False,False,
720575940628885264,cell_class,AN,2105,400,0.25,0.02,0.1,0.10926365795724466,0.42375296912114013,0.38907363420427554,0.017577197149643706,0.04275534441805225,0.017577197149643706,0.0,False,False,False,False,False,False,
720575940628885264,cell_class,AN,2105,400,0.25,0.01,0.01,0.10926365795724466,0.42375296912114013,0.38907363420427554,0.017577197149643706,0.04275534441805225,0.017577197149643706,0.0,True,True,True,False,False,False,
720575940628885264,cell_class,AN,2105,400,0.25,0.01,0.05,0.10926365795724466,0.42375296912114013,0.38907363420427554,0.017577197149643706,0.04275534441805225,0.017577197149643706,0.0,False,False,False,False,False,False,
720575940628885264,cell_class,AN,2105,400,0.25,0.01,0.1,0.10926365795724466,0.42375296912114013,0.38907363420427554,0.017577197149643706,0.04275534441805225,0.017577197149643706,0.0,False,False,False,False,False,False,
720575940644555572,cell_class,AN,1535,400,0.25,0.14285714285714285,0.01,0.5895765472312704,0.028013029315960912,0.36872964169381106,0.0,0.009771986970684038,0.003908794788273616,0.0,True,False,True,,False,False,
720575940644555572,cell_class,AN,1535,400,0.25,0.14285714285714285,0.05,0.5895765472312704,0.028013029315960912,0.36872964169381106,0.0,0.009771986970684038,0.003908794788273616,0.0,True,False,True,,False,False,
720575940644555572,cell_class,AN,1535,400,0.25,0.14285714285714285,0.1,0.5895765472312704,0.028013029315960912,0.36872964169381106,0.0,0.009771986970684038,0.003908794788273616,0.0,True,False,True,,False,False,
720575940644555572,cell_class,AN,1535,400,0.25,0.04,0.01,0.5895765472312704,0.028013029315960912,0.36872964169381106,0.0,0.009771986970684038,0.003908794788273616,0.0,True,False,True,,False,False,
720575940644555572,cell_class,AN,1535,400,0.25,0.04,0.05,0.5895765472312704,0.028013029315960912,0.36872964169381106,0.0,0.009771986970684038,0.003908794788273616,0.0,True,False,True,,False,False,
720575940644555572,cell_class,AN,1535,400,0.25,0.04,0.1,0.5895765472312704,0.028013029315960912,0.36872964169381106,0.0,0.009771986970684038,0.003908794788273616,0.0,False,False,False,,False,False,
720575940644555572,cell_class,AN,1535,400,0.25,0.02,0.01,0.5895765472312704,0.028013029315960912,0.36872964169381106,0.0,0.009771986970684038,0.003908794788273616,0.0,True,False,True,,False,False,
720575940644555572,cell_class,AN,1535,400,0.25,0.02,0.05,0.5895765472312704,0.028013029315960912,0.36872964169381106,0.0,0.009771986970684038,0.003908794788273616,0.0,True,False,True,,False,False,
720575940644555572,cell_class,AN,1535,400,0.25,0.02,0.1,0.5895765472312704,0.028013029315960912,0.36872964169381106,0.0,0.009771986970684038,0.003908794788273616,0.0,False,False,False,,False,False,
720575940644555572,cell_class,AN,1535,400,0.25,0.01,0.01,0.5895765472312704,0.028013029315960912,0.36872964169381106,0.0,0.009771986970684038,0.003908794788273616,0.0,True,False,True,,False,False,
720575940644555572,cell_class,AN,1535,400,0.25,0.01,0.05,0.5895765472312704,0.028013029315960912,0.36872964169381106,0.0,0.009771986970684038,0.003908794788273616,0.0,False,False,False,,False,False,
720575940644555572,cell_class,AN,1535,400,0.25,0.01,0.1,0.5895765472312704,0.028013029315960912,0.36872964169381106,0.0,0.009771986970684038,0.003908794788273616,0.0,False,False,False,,False,False,
720575940629820794,cell_class,AN,8877,400,0.25,0.14285714285714285,0.01,0.5423003266869438,0.22192182043483158,0.19837783034809056,0.005745184183845894,0.01858736059479554,0.012278923059592205,0.0007885546919004169,True,True,True,False,False,False,False
720575940629820794,cell_class,AN,8877,400,0.25,0.14285714285714285,0.05,0.5423003266869438,0.22192182043483158,0.19837783034809056,0.005745184183845894,0.01858736059479554,0.012278923059592205,0.0007885546919004169,True,True,True,False,False,False,False
720575940629820794,cell_class,AN,8877,400,0.25,0.14285714285714285,0.1,0.5423003266869438,0.22192182043483158,0.19837783034809056,0.005745184183845894,0.01858736059479554,0.012278923059592205,0.0007885546919004169,True,True,True,False,False,False,False
720575940629820794,cell_class,AN,8877,400,0.25,0.04,0.01,0.5423003266869438,0.22192182043483158,0.19837783034809056,0.005745184183845894,0.01858736059479554,0.012278923059592205,0.0007885546919004169,True,True,True,False,False,False,False
720575940629820794,cell_class,AN,8877,400,0.25,0.04,0.05,0.5423003266869438,0.22192182043483158,0.19837783034809056,0.005745184183845894,0.01858736059479554,0.012278923059592205,0.0007885546919004169,True,False,False,False,False,False,False
720575940629820794,cell_class,AN,8877,400,0.25,0.04,0.1,0.5423003266869438,0.22192182043483158,0.19837783034809056,0.005745184183845894,0.01858736059479554,0.012278923059592205,0.0007885546919004169,False,False,False,False,False,False,False
720575940629820794,cell_class,AN,8877,400,0.25,0.02,0.01,0.5423003266869438,0.22192182043483158,0.19837783034809056,0.005745184183845894,0.01858736059479554,0.012278923059592205,0.0007885546919004169,True,True,True,False,False,False,False
720575940629820794,cell_class,AN,8877,400,0.25,0.02,0.05,0.5423003266869438,0.22192182043483158,0.19837783034809056,0.005745184183845894,0.01858736059479554,0.012278923059592205,0.0007885546919004169,True,False,False,False,False,False,False
720575940629820794,cell_class,AN,8877,400,0.25,0.02,0.1,0.5423003266869438,0.22192182043483158,0.19837783034809056,0.005745184183845894,0.01858736059479554,0.012278923059592205,0.0007885546919004169,False,False,False,False,False,False,False
720575940629820794,cell_class,AN,8877,400,0.25,0.01,0.01,0.5423003266869438,0.22192182043483158,0.19837783034809056,0.005745184183845894,0.01858736059479554,0.012278923059592205,0.0007885546919004169,True,False,True,False,False,False,False
720575940629820794,cell_class,AN,8877,400,0.25,0.01,0.05,0.5423003266869438,0.22192182043483158,0.19837783034809056,0.005745184183845894,0.01858736059479554,0.012278923059592205,0.0007885546919004169,False,False,False,False,False,False,False
720575940629820794,cell_class,AN,8877,400,0.25,0.01,0.1,0.5423003266869438,0.22192182043483158,0.19837783034809056,0.005745184183845894,0.01858736059479554,0.012278923059592205,0.0007885546919004169,False,False,False,False,False,False,False
720575940644570932,cell_class,AN,2568,400,0.25,0.14285714285714285,0.01,0.5,0.16666666666666666,0.31386292834890966,0.001557632398753894,0.0132398753894081,0.004672897196261682,0.0,True,True,True,False,False,False,
720575940644570932,cell_class,AN,2568,400,0.25,0.14285714285714285,0.05,0.5,0.16666666666666666,0.31386292834890966,0.001557632398753894,0.0132398753894081,0.004672897196261682,0.0,True,True,True,False,False,False,
720575940644570932,cell_class,AN,2568,400,0.25,0.14285714285714285,0.1,0.5,0.16666666666666666,0.31386292834890966,0.001557632398753894,0.0132398753894081,0.004672897196261682,0.0,True,False,True,False,False,False,
720575940644570932,cell_class,AN,2568,400,0.25,0.04,0.01,0.5,0.16666666666666666,0.31386292834890966,0.001557632398753894,0.0132398753894081,0.004672897196261682,0.0,True,True,True,False,False,False,
720575940644570932,cell_class,AN,2568,400,0.25,0.04,0.05,0.5,0.16666666666666666,0.31386292834890966,0.001557632398753894,0.0132398753894081,0.004672897196261682,0.0,True,False,True,False,False,False,
720575940644570932,cell_class,AN,2568,400,0.25,0.04,0.1,0.5,0.16666666666666666,0.31386292834890966,0.001557632398753894,0.0132398753894081,0.004672897196261682,0.0,False,False,False,False,False,False,
720575940644570932,cell_class,AN,2568,400,0.25,0.02,0.01,0.5,0.16666666666666666,0.31386292834890966,0.001557632398753894,0.0132398753894081,0.004672897196261682,0.0,True,True,True,False,False,False,
720575940644570932,cell_class,AN,2568,400,0.25,0.02,0.05,0.5,0.16666666666666666,0.31386292834890966,0.001557632398753894,0.0132398753894081,0.004672897196261682,0.0,False,False,False,False,False,False,
720575940644570932,cell_class,AN,2568,400,0.25,0.02,0.1,0.5,0.16666666666666666,0.31386292834890966,0.001557632398753894,0.0132398753894081,0.004672897196261682,0.0,False,False,False,False,False,False,
720575940644570932,cell_class,AN,2568,400,0.25,0.01,0.01,0.5,0.16666666666666666,0.31386292834890966,0.001557632398753894,0.0132398753894081,0.004672897196261682,0.0,True,True,True,False,False,False,
720575940644570932,cell_class,AN,2568,400,0.25,0.01,0.05,0.5,0.16666666666666666,0.31386292834890966,0.001557632398753894,0.0132398753894081,0.004672897196261682,0.0,False,False,False,False,False,False,
720575940644570932,cell_class,AN,2568,400,0.25,0.01,0.1,0.5,0.16666666666666666,0.31386292834890966,0.001557632398753894,0.0132398753894081,0.004672897196261682,0.0,False,False,False,False,False,False,
720575940645084548,cell_class,AN,1584,400,0.25,0.14285714285714285,0.01,0.2657828282828283,0.26452020202020204,0.4375,0.0012626262626262627,0.008838383838383838,0.022095959595959596,0.0,True,True,True,False,False,True,
720575940645084548,cell_class,AN,1584,400,0.25,0.14285714285714285,0.05,0.2657828282828283,0.26452020202020204,0.4375,0.0012626262626262627,0.008838383838383838,0.022095959595959596,0.0,True,True,True,False,False,False,
720575940645084548,cell_class,AN,1584,400,0.25,0.14285714285714285,0.1,0.2657828282828283,0.26452020202020204,0.4375,0.0012626262626262627,0.008838383838383838,0.022095959595959596,0.0,True,False,True,False,False,False,
720575940645084548,cell_class,AN,1584,400,0.25,0.04,0.01,0.2657828282828283,0.26452020202020204,0.4375,0.0012626262626262627,0.008838383838383838,0.022095959595959596,0.0,True,True,True,False,False,False,
720575940645084548,cell_class,AN,1584,400,0.25,0.04,0.05,0.2657828282828283,0.26452020202020204,0.4375,0.0012626262626262627,0.008838383838383838,0.022095959595959596,0.0,False,False,True,False,False,False,
720575940645084548,cell_class,AN,1584,400,0.25,0.04,0.1,0.2657828282828283,0.26452020202020204,0.4375,0.0012626262626262627,0.008838383838383838,0.022095959595959596,0.0,False,False,False,False,False,False,
720575940645084548,cell_class,AN,1584,400,0.25,0.02,0.01,0.2657828282828283,0.26452020202020204,0.4375,0.0012626262626262627,0.008838383838383838,0.022095959595959596,0.0,True,True,True,False,False,False,
720575940645084548,cell_class,AN,1584,400,0.25,0.02,0.05,0.2657828282828283,0.26452020202020204,0.4375,0.0012626262626262627,0.008838383838383838,0.022095959595959596,0.0,False,False,False,False,False,False,
720575940645084548,cell_class,AN,1584,400,0.25,0.02,0.1,0.2657828282828283,0.26452020202020204,0.4375,0.0012626262626262627,0.008838383838383838,0.022095959595959596,0.0,False,False,False,False,False,False,
720575940645084548,cell_class,AN,1584,400,0.25,0.01,0.01,0.2657828282828283,0.26452020202020204,0.4375,0.0012626262626262627,0.008838383838383838,0.022095959595959596,0.0,True,True,True,False,False,False,
720575940645084548,cell_class,AN,1584,400,0.25,0.01,0.05,0.2657828282828283,0.26452020202020204,0.4375,0.0012626262626262627,0.008838383838383838,0.022095959595959596,0.0,False,False,False,False,False,False,
720575940645084548,cell_class,AN,1584,400,0.25,0.01,0.1,0.2657828282828283,0.26452020202020204,0.4375,0.0012626262626262627,0.008838383838383838,0.022095959595959596,0.0,False,False,False,False,False,False,
720575940634523232,cell_class,AN,13496,400,0.25,0.14285714285714285,0.01,0.0263040901007706,0.935462359217546,0.01504149377593361,0.0034084173088322466,0.01778304682868998,0.0015560165975103733,0.00044457617071724955,True,True,False,False,False,False,False
720575940634523232,cell_class,AN,13496,400,0.25,0.14285714285714285,0.05,0.0263040901007706,0.935462359217546,0.01504149377593361,0.0034084173088322466,0.01778304682868998,0.0015560165975103733,0.00044457617071724955,False,True,False,False,False,False,False
720575940634523232,cell_class,AN,13496,400,0.25,0.14285714285714285,0.1,0.0263040901007706,0.935462359217546,0.01504149377593361,0.0034084173088322466,0.01778304682868998,0.0015560165975103733,0.00044457617071724955,False,True,False,False,False,False,False
720575940634523232,cell_class,AN,13496,400,0.25,0.04,0.01,0.0263040901007706,0.935462359217546,0.01504149377593361,0.0034084173088322466,0.01778304682868998,0.0015560165975103733,0.00044457617071724955,False,True,False,False,False,False,False
720575940634523232,cell_class,AN,13496,400,0.25,0.04,0.05,0.0263040901007706,0.935462359217546,0.01504149377593361,0.0034084173088322466,0.01778304682868998,0.0015560165975103733,0.00044457617071724955,False,True,False,False,False,False,False
720575940634523232,cell_class,AN,13496,400,0.25,0.04,0.1,0.0263040901007706,0.935462359217546,0.01504149377593361,0.0034084173088322466,0.01778304682868998,0.0015560165975103733,0.00044457617071724955,False,True,False,False,False,False,False
720575940634523232,cell_class,AN,13496,400,0.25,0.02,0.01,0.0263040901007706,0.935462359217546,0.01504149377593361,0.0034084173088322466,0.01778304682868998,0.0015560165975103733,0.00044457617071724955,False,True,False,False,False,False,False
720575940634523232,cell_class,AN,13496,400,0.25,0.02,0.05,0.0263040901007706,0.935462359217546,0.01504149377593361,0.0034084173088322466,0.01778304682868998,0.0015560165975103733,0.00044457617071724955,False,True,False,False,False,False,False
720575940634523232,cell_class,AN,13496,400,0.25,0.02,0.1,0.0263040901007706,0.935462359217546,0.01504149377593361,0.0034084173088322466,0.01778304682868998,0.0015560165975103733,0.00044457617071724955,False,False,False,False,False,False,False
720575940634523232,cell_class,AN,13496,400,0.25,0.01,0.01,0.0263040901007706,0.935462359217546,0.01504149377593361,0.0034084173088322466,0.01778304682868998,0.0015560165975103733,0.00044457617071724955,False,True,False,False,False,False,False
720575940634523232,cell_class,AN,13496,400,0.25,0.01,0.05,0.0263040901007706,0.935462359217546,0.01504149377593361,0.0034084173088322466,0.01778304682868998,0.0015560165975103733,0.00044457617071724955,False,False,False,False,False,False,False
720575940634523232,cell_class,AN,13496,400,0.25,0.01,0.1,0.0263040901007706,0.935462359217546,0.01504149377593361,0.0034084173088322466,0.01778304682868998,0.0015560165975103733,0.00044457617071724955,False,False,False,False,False,False,False
720575940645126020,cell_class,AN,1073,400,0.25,0.14285714285714285,0.01,0.015843429636533086,0.4659832246039143,0.011183597390493943,0.005591798695246971,0.22926374650512582,0.2721342031686859,0.0,False,True,False,False,True,True,
720575940645126020,cell_class,AN,1073,400,0.25,0.14285714285714285,0.05,0.015843429636533086,0.4659832246039143,0.011183597390493943,0.005591798695246971,0.22926374650512582,0.2721342031686859,0.0,False,True,False,False,True,True,
720575940645126020,cell_class,AN,1073,400,0.25,0.14285714285714285,0.1,0.015843429636533086,0.4659832246039143,0.011183597390493943,0.005591798695246971,0.22926374650512582,0.2721342031686859,0.0,False,True,False,False,False,False,
720575940645126020,cell_class,AN,1073,400,0.25,0.04,0.01,0.015843429636533086,0.4659832246039143,0.011183597390493943,0.005591798695246971,0.22926374650512582,0.2721342031686859,0.0,False,True,False,False,True,True,
720575940645126020,cell_class,AN,1073,400,0.25,0.04,0.05,0.015843429636533086,0.4659832246039143,0.011183597390493943,0.005591798695246971,0.22926374650512582,0.2721342031686859,0.0,False,True,False,False,False,True,
720575940645126020,cell_class,AN,1073,400,0.25,0.04,0.1,0.015843429636533086,0.4659832246039143,0.011183597390493943,0.005591798695246971,0.22926374650512582,0.2721342031686859,0.0,False,False,False,False,False,False,
720575940645126020,cell_class,AN,1073,400,0.25,0.02,0.01,0.015843429636533086,0.4659832246039143,0.011183597390493943,0.005591798695246971,0.22926374650512582,0.2721342031686859,0.0,False,True,False,False,True,True,
720575940645126020,cell_class,AN,1073,400,0.25,0.02,0.05,0.015843429636533086,0.4659832246039143,0.011183597390493943,0.005591798695246971,0.22926374650512582,0.2721342031686859,0.0,False,True,False,False,False,False,
720575940645126020,cell_class,AN,1073,400,0.25,0.02,0.1,0.015843429636533086,0.4659832246039143,0.011183597390493943,0.005591798695246971,0.22926374650512582,0.2721342031686859,0.0,False,False,False,False,False,False,
720575940645126020,cell_class,AN,1073,400,0.25,0.01,0.01,0.015843429636533086,0.4659832246039143,0.011183597390493943,0.005591798695246971,0.22926374650512582,0.2721342031686859,0.0,False,True,False,False,True,True,
720575940645126020,cell_class,AN,1073,400,0.25,0.01,0.05,0.015843429636533086,0.4659832246039143,0.011183597390493943,0.005591798695246971,0.22926374650512582,0.2721342031686859,0.0,False,False,False,False,False,False,
720575940645126020,cell_class,AN,1073,400,0.25,0.01,0.1,0.015843429636533086,0.4659832246039143,0.011183597390493943,0.005591798695246971,0.22926374650512582,0.2721342031686859,0.0,False,False,False,False,False,False,
720575940645167492,cell_class,AN,432,400,0.25,0.14285714285714285,0.01,0.0,0.7453703703703703,0.11574074074074074,0.0023148148148148147,0.09953703703703703,0.034722222222222224,0.0023148148148148147,,True,True,,True,True,
720575940645167492,cell_class,AN,432,400,0.25,0.14285714285714285,0.05,0.0,0.7453703703703703,0.11574074074074074,0.0023148148148148147,0.09953703703703703,0.034722222222222224,0.0023148148148148147,,True,False,,False,False,
720575940645167492,cell_class,AN,432,400,0.25,0.14285714285714285,0.1,0.0,0.7453703703703703,0.11574074074074074,0.0023148148148148147,0.09953703703703703,0.034722222222222224,0.0023148148148148147,,True,False,,False,False,
720575940645167492,cell_class,AN,432,400,0.25,0.04,0.01,0.0,0.7453703703703703,0.11574074074074074,0.0023148148148148147,0.09953703703703703,0.034722222222222224,0.0023148148148148147,,True,True,,True,True,
720575940645167492,cell_class,AN,432,400,0.25,0.04,0.05,0.0,0.7453703703703703,0.11574074074074074,0.0023148148148148147,0.09953703703703703,0.034722222222222224,0.0023148148148148147,,True,False,,False,False,
720575940645167492,cell_class,AN,432,400,0.25,0.04,0.1,0.0,0.7453703703703703,0.11574074074074074,0.0023148148148148147,0.09953703703703703,0.034722222222222224,0.0023148148148148147,,True,False,,False,False,
720575940645167492,cell_class,AN,432,400,0.25,0.02,0.01,0.0,0.7453703703703703,0.11574074074074074,0.0023148148148148147,0.09953703703703703,0.034722222222222224,0.0023148148148148147,,True,True,,True,True,
720575940645167492,cell_class,AN,432,400,0.25,0.02,0.05,0.0,0.7453703703703703,0.11574074074074074,0.0023148148148148147,0.09953703703703703,0.034722222222222224,0.0023148148148148147,,True,False,,False,False,
720575940645167492,cell_class,AN,432,400,0.25,0.02,0.1,0.0,0.7453703703703703,0.11574074074074074,0.0023148148148148147,0.09953703703703703,0.034722222222222224,0.0023148148148148147,,False,False,,False,False,
720575940645167492,cell_class,AN,432,400,0.25,0.01,0.01,0.0,0.7453703703703703,0.11574074074074074,0.0023148148148148147,0.09953703703703703,0.034722222222222224,0.0023148148148148147,,True,True,,True,False,
720575940645167492,cell_class,AN,432,400,0.25,0.01,0.05,0.0,0.7453703703703703,0.11574074074074074,0.0023148148148148147,0.09953703703703703,0.034722222222222224,0.0023148148148148147,,False,False,,False,False,
720575940645167492,cell_class,AN,432,400,0.25,0.01,0.1,0.0,0.7453703703703703,0.11574074074074074,0.0023148148148148147,0.09953703703703703,0.034722222222222224,0.0023148148148148147,,False,False,,False,False,
720575940647447161,cell_class,AN,1619,400,0.25,0.14285714285714285,0.01,0.01173563928350834,0.7226683137739345,0.08276714021000618,0.03953057442865967,0.13897467572575664,0.0024706609017912293,0.0018529956763434219,False,True,True,True,True,False,False
720575940647447161,cell_class,AN,1619,400,0.25,0.14285714285714285,0.05,0.01173563928350834,0.7226683137739345,0.08276714021000618,0.03953057442865967,0.13897467572575664,0.0024706609017912293,0.0018529956763434219,False,True,False,False,False,False,False
720575940647447161,cell_class,AN,1619,400,0.25,0.14285714285714285,0.1,0.01173563928350834,0.7226683137739345,0.08276714021000618,0.03953057442865967,0.13897467572575664,0.0024706609017912293,0.0018529956763434219,False,True,False,False,False,False,False
720575940647447161,cell_class,AN,1619,400,0.25,0.04,0.01,0.01173563928350834,0.7226683137739345,0.08276714021000618,0.03953057442865967,0.13897467572575664,0.0024706609017912293,0.0018529956763434219,False,True,False,True,True,False,False
720575940647447161,cell_class,AN,1619,400,0.25,0.04,0.05,0.01173563928350834,0.7226683137739345,0.08276714021000618,0.03953057442865967,0.13897467572575664,0.0024706609017912293,0.0018529956763434219,False,True,False,False,False,False,False
720575940647447161,cell_class,AN,1619,400,0.25,0.04,0.1,0.01173563928350834,0.7226683137739345,0.08276714021000618,0.03953057442865967,0.13897467572575664,0.0024706609017912293,0.0018529956763434219,False,False,False,False,False,False,False
720575940647447161,cell_class,AN,1619,400,0.25,0.02,0.01,0.01173563928350834,0.7226683137739345,0.08276714021000618,0.03953057442865967,0.13897467572575664,0.0024706609017912293,0.0018529956763434219,False,True,False,True,True,False,False
720575940647447161,cell_class,AN,1619,400,0.25,0.02,0.05,0.01173563928350834,0.7226683137739345,0.08276714021000618,0.03953057442865967,0.13897467572575664,0.0024706609017912293,0.0018529956763434219,False,True,False,False,False,False,False
720575940647447161,cell_class,AN,1619,400,0.25,0.02,0.1,0.01173563928350834,0.7226683137739345,0.08276714021000618,0.03953057442865967,0.13897467572575664,0.0024706609017912293,0.0018529956763434219,False,False,False,False,False,False,False
720575940647447161,cell_class,AN,1619,400,0.25,0.01,0.01,0.01173563928350834,0.7226683137739345,0.08276714021000618,0.03953057442865967,0.13897467572575664,0.0024706609017912293,0.0018529956763434219,False,True,False,True,True,False,False
720575940647447161,cell_class,AN,1619,400,0.25,0.01,0.05,0.01173563928350834,0.7226683137739345,0.08276714021000618,0.03953057442865967,0.13897467572575664,0.0024706609017912293,0.0018529956763434219,False,True,False,False,False,False,False
720575940647447161,cell_class,AN,1619,400,0.25,0.01,0.1,0.01173563928350834,0.7226683137739345,0.08276714021000618,0.03953057442865967,0.13897467572575664,0.0024706609017912293,0.0018529956763434219,False,False,False,False,False,False,False
720575940647516025,cell_class,AN,1748,400,0.25,0.14285714285714285,0.01,0.41189931350114417,0.31064073226544625,0.1853546910755149,0.009153318077803204,0.04691075514874142,0.03489702517162471,0.0011441647597254005,True,True,True,False,True,True,False
720575940647516025,cell_class,AN,1748,400,0.25,0.14285714285714285,0.05,0.41189931350114417,0.31064073226544625,0.1853546910755149,0.009153318077803204,0.04691075514874142,0.03489702517162471,0.0011441647597254005,True,True,True,False,False,False,False
720575940647516025,cell_class,AN,1748,400,0.25,0.14285714285714285,0.1,0.41189931350114417,0.31064073226544625,0.1853546910755149,0.009153318077803204,0.04691075514874142,0.03489702517162471,0.0011441647597254005,True,True,False,False,False,False,False
720575940647516025,cell_class,AN,1748,400,0.25,0.04,0.01,0.41189931350114417,0.31064073226544625,0.1853546910755149,0.009153318077803204,0.04691075514874142,0.03489702517162471,0.0011441647597254005,True,True,True,False,True,True,False
720575940647516025,cell_class,AN,1748,400,0.25,0.04,0.05,0.41189931350114417,0.31064073226544625,0.1853546910755149,0.009153318077803204,0.04691075514874142,0.03489702517162471,0.0011441647597254005,True,True,False,False,False,False,False
720575940647516025,cell_class,AN,1748,400,0.25,0.04,0.1,0.41189931350114417,0.31064073226544625,0.1853546910755149,0.009153318077803204,0.04691075514874142,0.03489702517162471,0.0011441647597254005,False,False,False,False,False,False,False
720575940647516025,cell_class,AN,1748,400,0.25,0.02,0.01,0.41189931350114417,0.31064073226544625,0.1853546910755149,0.009153318077803204,0.04691075514874142,0.03489702517162471,0.0011441647597254005,True,True,True,False,False,False,False
720575940647516025,cell_class,AN,1748,400,0.25,0.02,0.05,0.41189931350114417,0.31064073226544625,0.1853546910755149,0.009153318077803204,0.04691075514874142,0.03489702517162471,0.0011441647597254005,False,True,False,False,False,False,False
720575940647516025,cell_class,AN,1748,400,0.25,0.02,0.1,0.41189931350114417,0.31064073226544625,0.1853546910755149,0.009153318077803204,0.04691075514874142,0.03489702517162471,0.0011441647597254005,False,False,False,False,False,False,False
720575940647516025,cell_class,AN,1748,400,0.25,0.01,0.01,0.41189931350114417,0.31064073226544625,0.1853546910755149,0.009153318077803204,0.04691075514874142,0.03489702517162471,0.0011441647597254005,True,True,True,False,False,False,False
720575940647516025,cell_class,AN,1748,400,0.25,0.01,0.05,0.41189931350114417,0.31064073226544625,0.1853546910755149,0.009153318077803204,0.04691075514874142,0.03489702517162471,0.0011441647597254005,False,False,False,False,False,False,False
720575940647516025,cell_class,AN,1748,400,0.25,0.01,0.1,0.41189931350114417,0.31064073226544625,0.1853546910755149,0.009153318077803204,0.04691075514874142,0.03489702517162471,0.0011441647597254005,False,False,False,False,False,False,False
720575940647523705,cell_class,AN,424,400,0.25,0.14285714285714285,0.01,0.0023584905660377358,0.5589622641509434,0.04009433962264151,0.009433962264150943,0.35141509433962265,0.03773584905660377,0.0,,True,True,False,True,True,
720575940647523705,cell_class,AN,424,400,0.25,0.14285714285714285,0.05,0.0023584905660377358,0.5589622641509434,0.04009433962264151,0.009433962264150943,0.35141509433962265,0.03773584905660377,0.0,,True,False,False,True,False,
720575940647523705,cell_class,AN,424,400,0.25,0.14285714285714285,0.1,0.0023584905660377358,0.5589622641509434,0.04009433962264151,0.009433962264150943,0.35141509433962265,0.03773584905660377,0.0,,True,False,False,True,False,
720575940647523705,cell_class,AN,424,400,0.25,0.04,0.01,0.0023584905660377358,0.5589622641509434,0.04009433962264151,0.009433962264150943,0.35141509433962265,0.03773584905660377,0.0,,True,False,False,True,True,
720575940647523705,cell_class,AN,424,400,0.25,0.04,0.05,0.0023584905660377358,0.5589622641509434,0.04009433962264151,0.009433962264150943,0.35141509433962265,0.03773584905660377,0.0,,True,False,False,True,False,
720575940647523705,cell_class,AN,424,400,0.25,0.04,0.1,0.0023584905660377358,0.5589622641509434,0.04009433962264151,0.009433962264150943,0.35141509433962265,0.03773584905660377,0.0,,True,False,False,True,False,
720575940647523705,cell_class,AN,424,400,0.25,0.02,0.01,0.0023584905660377358,0.5589622641509434,0.04009433962264151,0.009433962264150943,0.35141509433962265,0.03773584905660377,0.0,,True,False,False,True,True,
720575940647523705,cell_class,AN,424,400,0.25,0.02,0.05,0.0023584905660377358,0.5589622641509434,0.04009433962264151,0.009433962264150943,0.35141509433962265,0.03773584905660377,0.0,,True,False,False,True,False,
720575940647523705,cell_class,AN,424,400,0.25,0.02,0.1,0.0023584905660377358,0.5589622641509434,0.04009433962264151,0.009433962264150943,0.35141509433962265,0.03773584905660377,0.0,,False,False,False,False,False,
720575940647523705,cell_class,AN,424,400,0.25,0.01,0.01,0.0023584905660377358,0.5589622641509434,0.04009433962264151,0.009433962264150943,0.35141509433962265,0.03773584905660377,0.0,,True,False,False,True,True,
720575940647523705,cell_class,AN,424,400,0.25,0.01,0.05,0.0023584905660377358,0.5589622641509434,0.04009433962264151,0.009433962264150943,0.35141509433962265,0.03773584905660377,0.0,,True,False,False,False,False,
720575940647523705,cell_class,AN,424,400,0.25,0.01,0.1,0.0023584905660377358,0.5589622641509434,0.04009433962264151,0.009433962264150943,0.35141509433962265,0.03773584905660377,0.0,,False,False,False,False,False,
720575940657653633,cell_class,AN,2754,400,0.25,0.14285714285714285,0.01,0.03195352214960058,0.6608569353667393,0.04502541757443718,0.002541757443718228,0.1092955700798838,0.1503267973856209,0.0,True,True,True,False,True,True,
720575940657653633,cell_class,AN,2754,400,0.25,0.14285714285714285,0.05,0.03195352214960058,0.6608569353667393,0.04502541757443718,0.002541757443718228,0.1092955700798838,0.1503267973856209,0.0,False,True,False,False,True,True,
720575940657653633,cell_class,AN,2754,400,0.25,0.14285714285714285,0.1,0.03195352214960058,0.6608569353667393,0.04502541757443718,0.002541757443718228,0.1092955700798838,0.1503267973856209,0.0,False,True,False,False,False,True,
720575940657653633,cell_class,AN,2754,400,0.25,0.04,0.01,0.03195352214960058,0.6608569353667393,0.04502541757443718,0.002541757443718228,0.1092955700798838,0.1503267973856209,0.0,False,True,True,False,True,True,
720575940657653633,cell_class,AN,2754,400,0.25,0.04,0.05,0.03195352214960058,0.6608569353667393,0.04502541757443718,0.002541757443718228,0.1092955700798838,0.1503267973856209,0.0,False,True,False,False,False,False,
720575940657653633,cell_class,AN,2754,400,0.25,0.04,0.1,0.03195352214960058,0.6608569353667393,0.04502541757443718,0.002541757443718228,0.1092955700798838,0.1503267973856209,0.0,False,False,False,False,False,False,
720575940657653633,cell_class,AN,2754,400,0.25,0.02,0.01,0.03195352214960058,0.6608569353667393,0.04502541757443718,0.002541757443718228,0.1092955700798838,0.1503267973856209,0.0,False,True,True,False,False,True,
720575940657653633,cell_class,AN,2754,400,0.25,0.02,0.05,0.03195352214960058,0.6608569353667393,0.04502541757443718,0.002541757443718228,0.1092955700798838,0.1503267973856209,0.0,False,True,False,False,False,False,
720575940657653633,cell_class,AN,2754,400,0.25,0.02,0.1,0.03195352214960058,0.6608569353667393,0.04502541757443718,0.002541757443718228,0.1092955700798838,0.1503267973856209,0.0,False,False,False,False,False,False,
720575940657653633,cell_class,AN,2754,400,0.25,0.01,0.01,0.03195352214960058,0.6608569353667393,0.04502541757443718,0.002541757443718228,0.1092955700798838,0.1503267973856209,0.0,False,True,False,False,False,True,
720575940657653633,cell_class,AN,2754,400,0.25,0.01,0.05,0.03195352214960058,0.6608569353667393,0.04502541757443718,0.002541757443718228,0.1092955700798838,0.1503267973856209,0.0,False,False,False,False,False,False,
720575940657653633,cell_class,AN,2754,400,0.25,0.01,0.1,0.03195352214960058,0.6608569353667393,0.04502541757443718,0.002541757443718228,0.1092955700798838,0.1503267973856209,0.0,False,False,False,False,False,False,
720575940624792880,cell_class,AN,10051,400,0.25,0.14285714285714285,0.01,0.026564520943189732,0.9552283354890061,0.00955128842901204,0.002288329519450801,0.004178688687692767,0.002188836931648592,0.0,True,True,False,False,False,False,
720575940624792880,cell_class,AN,10051,400,0.25,0.14285714285714285,0.05,0.026564520943189732,0.9552283354890061,0.00955128842901204,0.002288329519450801,0.004178688687692767,0.002188836931648592,0.0,False,True,False,False,False,False,
720575940624792880,cell_class,AN,10051,400,0.25,0.14285714285714285,0.1,0.026564520943189732,0.9552283354890061,0.00955128842901204,0.002288329519450801,0.004178688687692767,0.002188836931648592,0.0,False,True,False,False,False,False,
720575940624792880,cell_class,AN,10051,400,0.25,0.04,0.01,0.026564520943189732,0.9552283354890061,0.00955128842901204,0.002288329519450801,0.004178688687692767,0.002188836931648592,0.0,True,True,False,False,False,False,
720575940624792880,cell_class,AN,10051,400,0.25,0.04,0.05,0.026564520943189732,0.9552283354890061,0.00955128842901204,0.002288329519450801,0.004178688687692767,0.002188836931648592,0.0,False,True,False,False,False,False,
720575940624792880,cell_class,AN,10051,400,0.25,0.04,0.1,0.026564520943189732,0.9552283354890061,0.00955128842901204,0.002288329519450801,0.004178688687692767,0.002188836931648592,0.0,False,True,False,False,False,False,
720575940624792880,cell_class,AN,10051,400,0.25,0.02,0.01,0.026564520943189732,0.9552283354890061,0.00955128842901204,0.002288329519450801,0.004178688687692767,0.002188836931648592,0.0,False,True,False,False,False,False,
720575940624792880,cell_class,AN,10051,400,0.25,0.02,0.05,0.026564520943189732,0.9552283354890061,0.00955128842901204,0.002288329519450801,0.004178688687692767,0.002188836931648592,0.0,False,True,False,False,False,False,
720575940624792880,cell_class,AN,10051,400,0.25,0.02,0.1,0.026564520943189732,0.9552283354890061,0.00955128842901204,0.002288329519450801,0.004178688687692767,0.002188836931648592,0.0,False,False,False,False,False,False,
720575940624792880,cell_class,AN,10051,400,0.25,0.01,0.01,0.026564520943189732,0.9552283354890061,0.00955128842901204,0.002288329519450801,0.004178688687692767,0.002188836931648592,0.0,False,True,False,False,False,False,
720575940624792880,cell_class,AN,10051,400,0.25,0.01,0.05,0.026564520943189732,0.9552283354890061,0.00955128842901204,0.002288329519450801,0.004178688687692767,0.002188836931648592,0.0,False,False,False,False,False,False,
720575940624792880,cell_class,AN,10051,400,0.25,0.01,0.1,0.026564520943189732,0.9552283354890061,0.00955128842901204,0.002288329519450801,0.004178688687692767,0.002188836931648592,0.0,False,False,False,False,False,False,
720575940623388198,cell_class,AN,567,400,0.25,0.14285714285714285,0.01,0.012345679012345678,0.7760141093474426,0.04585537918871252,0.0,0.13227513227513227,0.03350970017636684,0.0,False,True,True,,True,True,
720575940623388198,cell_class,AN,567,400,0.25,0.14285714285714285,0.05,0.012345679012345678,0.7760141093474426,0.04585537918871252,0.0,0.13227513227513227,0.03350970017636684,0.0,False,True,False,,True,False,
720575940623388198,cell_class,AN,567,400,0.25,0.14285714285714285,0.1,0.012345679012345678,0.7760141093474426,0.04585537918871252,0.0,0.13227513227513227,0.03350970017636684,0.0,False,True,False,,False,False,
720575940623388198,cell_class,AN,567,400,0.25,0.04,0.01,0.012345679012345678,0.7760141093474426,0.04585537918871252,0.0,0.13227513227513227,0.03350970017636684,0.0,False,True,True,,True,True,
720575940623388198,cell_class,AN,567,400,0.25,0.04,0.05,0.012345679012345678,0.7760141093474426,0.04585537918871252,0.0,0.13227513227513227,0.03350970017636684,0.0,False,True,False,,False,False,
720575940623388198,cell_class,AN,567,400,0.25,0.04,0.1,0.012345679012345678,0.7760141093474426,0.04585537918871252,0.0,0.13227513227513227,0.03350970017636684,0.0,False,True,False,,False,False,
720575940623388198,cell_class,AN,567,400,0.25,0.02,0.01,0.012345679012345678,0.7760141093474426,0.04585537918871252,0.0,0.13227513227513227,0.03350970017636684,0.0,False,True,True,,True,True,
720575940623388198,cell_class,AN,567,400,0.25,0.02,0.05,0.012345679012345678,0.7760141093474426,0.04585537918871252,0.0,0.13227513227513227,0.03350970017636684,0.0,False,True,False,,False,False,
720575940623388198,cell_class,AN,567,400,0.25,0.02,0.1,0.012345679012345678,0.7760141093474426,0.04585537918871252,0.0,0.13227513227513227,0.03350970017636684,0.0,False,True,False,,False,False,
720575940623388198,cell_class,AN,567,400,0.25,0.01,0.01,0.012345679012345678,0.7760141093474426,0.04585537918871252,0.0,0.13227513227513227,0.03350970017636684,0.0,False,True,False,,True,True,
720575940623388198,cell_class,AN,567,400,0.25,0.01,0.05,0.012345679012345678,0.7760141093474426,0.04585537918871252,0.0,0.13227513227513227,0.03350970017636684,0.0,False,True,False,,False,False,
720575940623388198,cell_class,AN,567,400,0.25,0.01,0.1,0.012345679012345678,0.7760141093474426,0.04585537918871252,0.0,0.13227513227513227,0.03350970017636684,0.0,False,False,False,,False,False,
720575940611003858,cell_class,AN,3459,400,0.25,0.14285714285714285,0.01,0.11621856027753687,0.12257877999421798,0.6686903729401561,0.0011564035848511131,0.0358485111303845,0.055218271176640646,0.0002891008962127783,True,True,True,False,True,True,
720575940611003858,cell_class,AN,3459,400,0.25,0.14285714285714285,0.05,0.11621856027753687,0.12257877999421798,0.6686903729401561,0.0011564035848511131,0.0358485111303845,0.055218271176640646,0.0002891008962127783,True,False,True,False,False,False,
720575940611003858,cell_class,AN,3459,400,0.25,0.14285714285714285,0.1,0.11621856027753687,0.12257877999421798,0.6686903729401561,0.0011564035848511131,0.0358485111303845,0.055218271176640646,0.0002891008962127783,False,False,True,False,False,False,
720575940611003858,cell_class,AN,3459,400,0.25,0.04,0.01,0.11621856027753687,0.12257877999421798,0.6686903729401561,0.0011564035848511131,0.0358485111303845,0.055218271176640646,0.0002891008962127783,True,True,True,False,False,False,
720575940611003858,cell_class,AN,3459,400,0.25,0.04,0.05,0.11621856027753687,0.12257877999421798,0.6686903729401561,0.0011564035848511131,0.0358485111303845,0.055218271176640646,0.0002891008962127783,False,False,True,False,False,False,
720575940611003858,cell_class,AN,3459,400,0.25,0.04,0.1,0.11621856027753687,0.12257877999421798,0.6686903729401561,0.0011564035848511131,0.0358485111303845,0.055218271176640646,0.0002891008962127783,False,False,False,False,False,False,
720575940611003858,cell_class,AN,3459,400,0.25,0.02,0.01,0.11621856027753687,0.12257877999421798,0.6686903729401561,0.0011564035848511131,0.0358485111303845,0.055218271176640646,0.0002891008962127783,True,True,True,False,False,False,
720575940611003858,cell_class,AN,3459,400,0.25,0.02,0.05,0.11621856027753687,0.12257877999421798,0.6686903729401561,0.0011564035848511131,0.0358485111303845,0.055218271176640646,0.0002891008962127783,False,False,True,False,False,False,
720575940611003858,cell_class,AN,3459,400,0.25,0.02,0.1,0.11621856027753687,0.12257877999421798,0.6686903729401561,0.0011564035848511131,0.0358485111303845,0.055218271176640646,0.0002891008962127783,False,False,False,False,False,False,
720575940611003858,cell_class,AN,3459,400,0.25,0.01,0.01,0.11621856027753687,0.12257877999421798,0.6686903729401561,0.0011564035848511131,0.0358485111303845,0.055218271176640646,0.0002891008962127783,True,False,True,False,False,False,
720575940611003858,cell_class,AN,3459,400,0.25,0.01,0.05,0.11621856027753687,0.12257877999421798,0.6686903729401561,0.0011564035848511131,0.0358485111303845,0.055218271176640646,0.0002891008962127783,False,False,False,False,False,False,
720575940611003858,cell_class,AN,3459,400,0.25,0.01,0.1,0.11621856027753687,0.12257877999421798,0.6686903729401561,0.0011564035848511131,0.0358485111303845,0.055218271176640646,0.0002891008962127783,False,False,False,False,False,False,
720575940638907108,cell_class,AN,4339,400,0.25,0.14285714285714285,0.01,0.010140585388338327,0.5042636552200968,0.014519474533302604,0.005070292694169164,0.39847891219174925,0.06706614427287394,0.0004609356994699239,False,True,True,False,True,True,False
720575940638907108,cell_class,AN,4339,400,0.25,0.14285714285714285,0.05,0.010140585388338327,0.5042636552200968,0.014519474533302604,0.005070292694169164,0.39847891219174925,0.06706614427287394,0.0004609356994699239,False,True,False,False,True,True,False
720575940638907108,cell_class,AN,4339,400,0.25,0.14285714285714285,0.1,0.010140585388338327,0.5042636552200968,0.014519474533302604,0.005070292694169164,0.39847891219174925,0.06706614427287394,0.0004609356994699239,False,True,False,False,True,False,False
720575940638907108,cell_class,AN,4339,400,0.25,0.04,0.01,0.010140585388338327,0.5042636552200968,0.014519474533302604,0.005070292694169164,0.39847891219174925,0.06706614427287394,0.0004609356994699239,False,True,False,False,True,True,False
720575940638907108,cell_class,AN,4339,400,0.25,0.04,0.05,0.010140585388338327,0.5042636552200968,0.014519474533302604,0.005070292694169164,0.39847891219174925,0.06706614427287394,0.0004609356994699239,False,True,False,False,True,False,False
720575940638907108,cell_class,AN,4339,400,0.25,0.04,0.1,0.010140585388338327,0.5042636552200968,0.014519474533302604,0.005070292694169164,0.39847891219174925,0.06706614427287394,0.0004609356994699239,False,False,False,False,False,False,False
720575940638907108,cell_class,AN,4339,400,0.25,0.02,0.01,0.010140585388338327,0.5042636552200968,0.014519474533302604,0.005070292694169164,0.39847891219174925,0.06706614427287394,0.0004609356994699239,False,True,False,False,True,False,False
720575940638907108,cell_class,AN,4339,400,0.25,0.02,0.05,0.010140585388338327,0.5042636552200968,0.014519474533302604,0.005070292694169164,0.39847891219174925,0.06706614427287394,0.0004609356994699239,False,False,False,False,False,False,False
720575940638907108,cell_class,AN,4339,400,0.25,0.02,0.1,0.010140585388338327,0.5042636552200968,0.014519474533302604,0.005070292694169164,0.39847891219174925,0.06706614427287394,0.0004609356994699239,False,False,False,False,False,False,False
720575940638907108,cell_class,AN,4339,400,0.25,0.01,0.01,0.010140585388338327,0.5042636552200968,0.014519474533302604,0.005070292694169164,0.39847891219174925,0.06706614427287394,0.0004609356994699239,False,True,False,False,True,False,False
720575940638907108,cell_class,AN,4339,400,0.25,0.01,0.05,0.010140585388338327,0.5042636552200968,0.014519474533302604,0.005070292694169164,0.39847891219174925,0.06706614427287394,0.0004609356994699239,False,False,False,False,False,False,False
720575940638907108,cell_class,AN,4339,400,0.25,0.01,0.1,0.010140585388338327,0.5042636552200968,0.014519474533302604,0.005070292694169164,0.39847891219174925,0.06706614427287394,0.0004609356994699239,False,False,False,False,False,False,False
720575940634614008,cell_class,AN,1644,400,0.25,0.14285714285714285,0.01,0.12469586374695864,0.2427007299270073,0.4683698296836983,0.004257907542579075,0.04927007299270073,0.11070559610705596,0.0,True,True,True,False,True,True,
720575940634614008,cell_class,AN,1644,400,0.25,0.14285714285714285,0.05,0.12469586374695864,0.2427007299270073,0.4683698296836983,0.004257907542579075,0.04927007299270073,0.11070559610705596,0.0,True,True,True,False,False,False,
720575940634614008,cell_class,AN,1644,400,0.25,0.14285714285714285,0.1,0.12469586374695864,0.2427007299270073,0.4683698296836983,0.004257907542579075,0.04927007299270073,0.11070559610705596,0.0,False,True,True,False,False,False,
720575940634614008,cell_class,AN,1644,400,0.25,0.04,0.01,0.12469586374695864,0.2427007299270073,0.4683698296836983,0.004257907542579075,0.04927007299270073,0.11070559610705596,0.0,True,True,True,False,True,True,
720575940634614008,cell_class,AN,1644,400,0.25,0.04,0.05,0.12469586374695864,0.2427007299270073,0.4683698296836983,0.004257907542579075,0.04927007299270073,0.11070559610705596,0.0,False,False,True,False,False,False,
720575940634614008,cell_class,AN,1644,400,0.25,0.04,0.1,0.12469586374695864,0.2427007299270073,0.4683698296836983,0.004257907542579075,0.04927007299270073,0.11070559610705596,0.0,False,False,False,False,False,False,
720575940634614008,cell_class,AN,1644,400,0.25,0.02,0.01,0.12469586374695864,0.2427007299270073,0.4683698296836983,0.004257907542579075,0.04927007299270073,0.11070559610705596,0.0,True,True,True,False,False,False,
720575940634614008,cell_class,AN,1644,400,0.25,0.02,0.05,0.12469586374695864,0.2427007299270073,0.4683698296836983,0.004257907542579075,0.04927007299270073,0.11070559610705596,0.0,False,False,False,False,False,False,
720575940634614008,cell_class,AN,1644,400,0.25,0.02,0.1,0.12469586374695864,0.2427007299270073,0.4683698296836983,0.004257907542579075,0.04927007299270073,0.11070559610705596,0.0,False,False,False,False,False,False,
720575940634614008,cell_class,AN,1644,400,0.25,0.01,0.01,0.12469586374695864,0.2427007299270073,0.4683698296836983,0.004257907542579075,0.04927007299270073,0.11070559610705596,0.0,True,True,True,False,False,False,
720575940634614008,cell_class,AN,1644,400,0.25,0.01,0.05,0.12469586374695864,0.2427007299270073,0.4683698296836983,0.004257907542579075,0.04927007299270073,0.11070559610705596,0.0,False,False,False,False,False,False,
720575940634614008,cell_class,AN,1644,400,0.25,0.01,0.1,0.12469586374695864,0.2427007299270073,0.4683698296836983,0.004257907542579075,0.04927007299270073,0.11070559610705596,0.0,False,False,False,False,False,False,
720575940630026745,cell_class,AN,5371,400,0.25,0.14285714285714285,0.01,0.49208713461180414,0.051014708620368644,0.40662818841928877,0.0014894805436603984,0.02643827964997207,0.021783652951033326,0.0005585552038726494,True,True,True,False,False,False,False
720575940630026745,cell_class,AN,5371,400,0.25,0.14285714285714285,0.05,0.49208713461180414,0.051014708620368644,0.40662818841928877,0.0014894805436603984,0.02643827964997207,0.021783652951033326,0.0005585552038726494,True,False,True,False,False,False,False
720575940630026745,cell_class,AN,5371,400,0.25,0.14285714285714285,0.1,0.49208713461180414,0.051014708620368644,0.40662818841928877,0.0014894805436603984,0.02643827964997207,0.021783652951033326,0.0005585552038726494,True,False,True,False,False,False,False
720575940630026745,cell_class,AN,5371,400,0.25,0.04,0.01,0.49208713461180414,0.051014708620368644,0.40662818841928877,0.0014894805436603984,0.02643827964997207,0.021783652951033326,0.0005585552038726494,True,False,True,False,False,False,False
720575940630026745,cell_class,AN,5371,400,0.25,0.04,0.05,0.49208713461180414,0.051014708620368644,0.40662818841928877,0.0014894805436603984,0.02643827964997207,0.021783652951033326,0.0005585552038726494,True,False,False,False,False,False,False
720575940630026745,cell_class,AN,5371,400,0.25,0.04,0.1,0.49208713461180414,0.051014708620368644,0.40662818841928877,0.0014894805436603984,0.02643827964997207,0.021783652951033326,0.0005585552038726494,False,False,False,False,False,False,False
720575940630026745,cell_class,AN,5371,400,0.25,0.02,0.01,0.49208713461180414,0.051014708620368644,0.40662818841928877,0.0014894805436603984,0.02643827964997207,0.021783652951033326,0.0005585552038726494,True,False,True,False,False,False,False
720575940630026745,cell_class,AN,5371,400,0.25,0.02,0.05,0.49208713461180414,0.051014708620368644,0.40662818841928877,0.0014894805436603984,0.02643827964997207,0.021783652951033326,0.0005585552038726494,False,False,False,False,False,False,False
720575940630026745,cell_class,AN,5371,400,0.25,0.02,0.1,0.49208713461180414,0.051014708620368644,0.40662818841928877,0.0014894805436603984,0.02643827964997207,0.021783652951033326,0.0005585552038726494,False,False,False,False,False,False,False
720575940630026745,cell_class,AN,5371,400,0.25,0.01,0.01,0.49208713461180414,0.051014708620368644,0.40662818841928877,0.0014894805436603984,0.02643827964997207,0.021783652951033326,0.0005585552038726494,True,False,True,False,False,False,False
720575940630026745,cell_class,AN,5371,400,0.25,0.01,0.05,0.49208713461180414,0.051014708620368644,0.40662818841928877,0.0014894805436603984,0.02643827964997207,0.021783652951033326,0.0005585552038726494,False,False,False,False,False,False,False
720575940630026745,cell_class,AN,5371,400,0.25,0.01,0.1,0.49208713461180414,0.051014708620368644,0.40662818841928877,0.0014894805436603984,0.02643827964997207,0.021783652951033326,0.0005585552038726494,False,False,False,False,False,False,False
720575940614298986,cell_class,AN,12311,400,0.25,0.14285714285714285,0.01,0.02339371293964747,0.9048005848428234,0.038583380716432455,0.004630005685971895,0.010803346600601088,0.017220372025018277,0.0005685971895053204,True,True,True,False,False,False,False
720575940614298986,cell_class,AN,12311,400,0.25,0.14285714285714285,0.05,0.02339371293964747,0.9048005848428234,0.038583380716432455,0.004630005685971895,0.010803346600601088,0.017220372025018277,0.0005685971895053204,False,True,False,False,False,False,False
720575940614298986,cell_class,AN,12311,400,0.25,0.14285714285714285,0.1,0.02339371293964747,0.9048005848428234,0.038583380716432455,0.004630005685971895,0.010803346600601088,0.017220372025018277,0.0005685971895053204,False,True,False,False,False,False,False
720575940614298986,cell_class,AN,12311,400,0.25,0.04,0.01,0.02339371293964747,0.9048005848428234,0.038583380716432455,0.004630005685971895,0.010803346600601088,0.017220372025018277,0.0005685971895053204,False,True,True,False,False,False,False
720575940614298986,cell_class,AN,12311,400,0.25,0.04,0.05,0.02339371293964747,0.9048005848428234,0.038583380716432455,0.004630005685971895,0.010803346600601088,0.017220372025018277,0.0005685971895053204,False,True,False,False,False,False,False
720575940614298986,cell_class,AN,12311,400,0.25,0.04,0.1,0.02339371293964747,0.9048005848428234,0.038583380716432455,0.004630005685971895,0.010803346600601088,0.017220372025018277,0.0005685971895053204,False,True,False,False,False,False,False
720575940614298986,cell_class,AN,12311,400,0.25,0.02,0.01,0.02339371293964747,0.9048005848428234,0.038583380716432455,0.004630005685971895,0.010803346600601088,0.017220372025018277,0.0005685971895053204,False,True,False,False,False,False,False
720575940614298986,cell_class,AN,12311,400,0.25,0.02,0.05,0.02339371293964747,0.9048005848428234,0.038583380716432455,0.004630005685971895,0.010803346600601088,0.017220372025018277,0.0005685971895053204,False,True,False,False,False,False,False
720575940614298986,cell_class,AN,12311,400,0.25,0.02,0.1,0.02339371293964747,0.9048005848428234,0.038583380716432455,0.004630005685971895,0.010803346600601088,0.017220372025018277,0.0005685971895053204,False,False,False,False,False,False,False
720575940614298986,cell_class,AN,12311,400,0.25,0.01,0.01,0.02339371293964747,0.9048005848428234,0.038583380716432455,0.004630005685971895,0.010803346600601088,0.017220372025018277,0.0005685971895053204,False,True,False,False,False,False,False
720575940614298986,cell_class,AN,12311,400,0.25,0.01,0.05,0.02339371293964747,0.9048005848428234,0.038583380716432455,0.004630005685971895,0.010803346600601088,0.017220372025018277,0.0005685971895053204,False,False,False,False,False,False,False
720575940614298986,cell_class,AN,12311,400,0.25,0.01,0.1,0.02339371293964747,0.9048005848428234,0.038583380716432455,0.004630005685971895,0.010803346600601088,0.017220372025018277,0.0005685971895053204,False,False,False,False,False,False,False
720575940607909899,cell_class,AN,10994,400,0.25,0.14285714285714285,0.01,0.032108422776059665,0.8670183736583591,0.07085683099872658,0.009550663998544661,0.008822994360560306,0.011551755503001637,9.095870474804439e-05,True,True,True,False,False,False,
720575940607909899,cell_class,AN,10994,400,0.25,0.14285714285714285,0.05,0.032108422776059665,0.8670183736583591,0.07085683099872658,0.009550663998544661,0.008822994360560306,0.011551755503001637,9.095870474804439e-05,False,True,True,False,False,False,
720575940607909899,cell_class,AN,10994,400,0.25,0.14285714285714285,0.1,0.032108422776059665,0.8670183736583591,0.07085683099872658,0.009550663998544661,0.008822994360560306,0.011551755503001637,9.095870474804439e-05,False,True,False,False,False,False,
720575940607909899,cell_class,AN,10994,400,0.25,0.04,0.01,0.032108422776059665,0.8670183736583591,0.07085683099872658,0.009550663998544661,0.008822994360560306,0.011551755503001637,9.095870474804439e-05,False,True,True,False,False,False,
720575940607909899,cell_class,AN,10994,400,0.25,0.04,0.05,0.032108422776059665,0.8670183736583591,0.07085683099872658,0.009550663998544661,0.008822994360560306,0.011551755503001637,9.095870474804439e-05,False,True,False,False,False,False,
720575940607909899,cell_class,AN,10994,400,0.25,0.04,0.1,0.032108422776059665,0.8670183736583591,0.07085683099872658,0.009550663998544661,0.008822994360560306,0.011551755503001637,9.095870474804439e-05,False,True,False,False,False,False,
720575940607909899,cell_class,AN,10994,400,0.25,0.02,0.01,0.032108422776059665,0.8670183736583591,0.07085683099872658,0.009550663998544661,0.008822994360560306,0.011551755503001637,9.095870474804439e-05,False,True,False,False,False,False,
720575940607909899,cell_class,AN,10994,400,0.25,0.02,0.05,0.032108422776059665,0.8670183736583591,0.07085683099872658,0.009550663998544661,0.008822994360560306,0.011551755503001637,9.095870474804439e-05,False,True,False,False,False,False,
720575940607909899,cell_class,AN,10994,400,0.25,0.02,0.1,0.032108422776059665,0.8670183736583591,0.07085683099872658,0.009550663998544661,0.008822994360560306,0.011551755503001637,9.095870474804439e-05,False,False,False,False,False,False,
720575940607909899,cell_class,AN,10994,400,0.25,0.01,0.01,0.032108422776059665,0.8670183736583591,0.07085683099872658,0.009550663998544661,0.008822994360560306,0.011551755503001637,9.095870474804439e-05,False,True,False,False,False,False,
720575940607909899,cell_class,AN,10994,400,0.25,0.01,0.05,0.032108422776059665,0.8670183736583591,0.07085683099872658,0.009550663998544661,0.008822994360560306,0.011551755503001637,9.095870474804439e-05,False,False,False,False,False,False,
720575940607909899,cell_class,AN,10994,400,0.25,0.01,0.1,0.032108422776059665,0.8670183736583591,0.07085683099872658,0.009550663998544661,0.008822994360560306,0.011551755503001637,9.095870474804439e-05,False,False,False,False,False,False,
720575940620860654,cell_class,AN,3718,400,0.25,0.14285714285714285,0.01,0.0053792361484669175,0.3609467455621302,0.029047875201721356,0.018020441097364174,0.42173211403980637,0.16487358795051102,0.0,False,True,True,False,True,True,
720575940620860654,cell_class,AN,3718,400,0.25,0.14285714285714285,0.05,0.0053792361484669175,0.3609467455621302,0.029047875201721356,0.018020441097364174,0.42173211403980637,0.16487358795051102,0.0,False,True,False,False,True,True,
720575940620860654,cell_class,AN,3718,400,0.25,0.14285714285714285,0.1,0.0053792361484669175,0.3609467455621302,0.029047875201721356,0.018020441097364174,0.42173211403980637,0.16487358795051102,0.0,False,True,False,False,True,False,
720575940620860654,cell_class,AN,3718,400,0.25,0.04,0.01,0.0053792361484669175,0.3609467455621302,0.029047875201721356,0.018020441097364174,0.42173211403980637,0.16487358795051102,0.0,False,True,False,False,True,True,
720575940620860654,cell_class,AN,3718,400,0.25,0.04,0.05,0.0053792361484669175,0.3609467455621302,0.029047875201721356,0.018020441097364174,0.42173211403980637,0.16487358795051102,0.0,False,True,False,False,True,False,
720575940620860654,cell_class,AN,3718,400,0.25,0.04,0.1,0.0053792361484669175,0.3609467455621302,0.029047875201721356,0.018020441097364174,0.42173211403980637,0.16487358795051102,0.0,False,False,False,False,False,False,
720575940620860654,cell_class,AN,3718,400,0.25,0.02,0.01,0.0053792361484669175,0.3609467455621302,0.029047875201721356,0.018020441097364174,0.42173211403980637,0.16487358795051102,0.0,False,True,False,False,True,True,
720575940620860654,cell_class,AN,3718,400,0.25,0.02,0.05,0.0053792361484669175,0.3609467455621302,0.029047875201721356,0.018020441097364174,0.42173211403980637,0.16487358795051102,0.0,False,False,False,False,False,False,
720575940620860654,cell_class,AN,3718,400,0.25,0.02,0.1,0.0053792361484669175,0.3609467455621302,0.029047875201721356,0.018020441097364174,0.42173211403980637,0.16487358795051102,0.0,False,False,False,False,False,False,
720575940620860654,cell_class,AN,3718,400,0.25,0.01,0.01,0.0053792361484669175,0.3609467455621302,0.029047875201721356,0.018020441097364174,0.42173211403980637,0.16487358795051102,0.0,False,True,False,False,True,False,
720575940620860654,cell_class,AN,3718,400,0.25,0.01,0.05,0.0053792361484669175,0.3609467455621302,0.029047875201721356,0.018020441097364174,0.42173211403980637,0.16487358795051102,0.0,False,False,False,False,False,False,
720575940620860654,cell_class,AN,3718,400,0.25,0.01,0.1,0.0053792361484669175,0.3609467455621302,0.029047875201721356,0.018020441097364174,0.42173211403980637,0.16487358795051102,0.0,False,False,False,False,False,False,
720575940638206773,cell_class,AN,1022,400,0.25,0.14285714285714285,0.01,0.05870841487279843,0.1223091976516634,0.4980430528375734,0.008806262230919765,0.22211350293542073,0.08904109589041095,0.0009784735812133072,True,True,True,False,True,True,
720575940638206773,cell_class,AN,1022,400,0.25,0.14285714285714285,0.05,0.05870841487279843,0.1223091976516634,0.4980430528375734,0.008806262230919765,0.22211350293542073,0.08904109589041095,0.0009784735812133072,False,True,True,False,True,False,
720575940638206773,cell_class,AN,1022,400,0.25,0.14285714285714285,0.1,0.05870841487279843,0.1223091976516634,0.4980430528375734,0.008806262230919765,0.22211350293542073,0.08904109589041095,0.0009784735812133072,False,False,True,False,False,False,
720575940638206773,cell_class,AN,1022,400,0.25,0.04,0.01,0.05870841487279843,0.1223091976516634,0.4980430528375734,0.008806262230919765,0.22211350293542073,0.08904109589041095,0.0009784735812133072,True,True,True,False,True,True,
720575940638206773,cell_class,AN,1022,400,0.25,0.04,0.05,0.05870841487279843,0.1223091976516634,0.4980430528375734,0.008806262230919765,0.22211350293542073,0.08904109589041095,0.0009784735812133072,False,False,True,False,False,False,
720575940638206773,cell_class,AN,1022,400,0.25,0.04,0.1,0.05870841487279843,0.1223091976516634,0.4980430528375734,0.008806262230919765,0.22211350293542073,0.08904109589041095,0.0009784735812133072,False,False,False,False,False,False,
720575940638206773,cell_class,AN,1022,400,0.25,0.02,0.01,0.05870841487279843,0.1223091976516634,0.4980430528375734,0.008806262230919765,0.22211350293542073,0.08904109589041095,0.0009784735812133072,True,True,True,False,True,True,
720575940638206773,cell_class,AN,1022,400,0.25,0.02,0.05,0.05870841487279843,0.1223091976516634,0.4980430528375734,0.008806262230919765,0.22211350293542073,0.08904109589041095,0.0009784735812133072,False,False,True,False,False,False,
720575940638206773,cell_class,AN,1022,400,0.25,0.02,0.1,0.05870841487279843,0.1223091976516634,0.4980430528375734,0.008806262230919765,0.22211350293542073,0.08904109589041095,0.0009784735812133072,False,False,False,False,False,False,
720575940638206773,cell_class,AN,1022,400,0.25,0.01,0.01,0.05870841487279843,0.1223091976516634,0.4980430528375734,0.008806262230919765,0.22211350293542073,0.08904109589041095,0.0009784735812133072,True,True,True,False,True,True,
720575940638206773,cell_class,AN,1022,400,0.25,0.01,0.05,0.05870841487279843,0.1223091976516634,0.4980430528375734,0.008806262230919765,0.22211350293542073,0.08904109589041095,0.0009784735812133072,False,False,False,False,False,False,
720575940638206773,cell_class,AN,1022,400,0.25,0.01,0.1,0.05870841487279843,0.1223091976516634,0.4980430528375734,0.008806262230919765,0.22211350293542073,0.08904109589041095,0.0009784735812133072,False,False,False,False,False,False,
720575940620390054,cell_class,AN,9275,400,0.25,0.14285714285714285,0.01,0.10080862533692722,0.20140161725067385,0.5492183288409703,0.004743935309973046,0.11935309973045823,0.02371967654986523,0.0007547169811320754,True,True,True,False,True,False,False
720575940620390054,cell_class,AN,9275,400,0.25,0.14285714285714285,0.05,0.10080862533692722,0.20140161725067385,0.5492183288409703,0.004743935309973046,0.11935309973045823,0.02371967654986523,0.0007547169811320754,False,True,True,False,False,False,False
720575940620390054,cell_class,AN,9275,400,0.25,0.14285714285714285,0.1,0.10080862533692722,0.20140161725067385,0.5492183288409703,0.004743935309973046,0.11935309973045823,0.02371967654986523,0.0007547169811320754,False,False,True,False,False,False,False
720575940620390054,cell_class,AN,9275,400,0.25,0.04,0.01,0.10080862533692722,0.20140161725067385,0.5492183288409703,0.004743935309973046,0.11935309973045823,0.02371967654986523,0.0007547169811320754,True,True,True,False,True,False,False
720575940620390054,cell_class,AN,9275,400,0.25,0.04,0.05,0.10080862533692722,0.20140161725067385,0.5492183288409703,0.004743935309973046,0.11935309973045823,0.02371967654986523,0.0007547169811320754,False,False,True,False,False,False,False
720575940620390054,cell_class,AN,9275,400,0.25,0.04,0.1,0.10080862533692722,0.20140161725067385,0.5492183288409703,0.004743935309973046,0.11935309973045823,0.02371967654986523,0.0007547169811320754,False,False,False,False,False,False,False
720575940620390054,cell_class,AN,9275,400,0.25,0.02,0.01,0.10080862533692722,0.20140161725067385,0.5492183288409703,0.004743935309973046,0.11935309973045823,0.02371967654986523,0.0007547169811320754,False,True,True,False,True,False,False
720575940620390054,cell_class,AN,9275,400,0.25,0.02,0.05,0.10080862533692722,0.20140161725067385,0.5492183288409703,0.004743935309973046,0.11935309973045823,0.02371967654986523,0.0007547169811320754,False,False,False,False,False,False,False
720575940620390054,cell_class,AN,9275,400,0.25,0.02,0.1,0.10080862533692722,0.20140161725067385,0.5492183288409703,0.004743935309973046,0.11935309973045823,0.02371967654986523,0.0007547169811320754,False,False,False,False,False,False,False
720575940620390054,cell_class,AN,9275,400,0.25,0.01,0.01,0.10080862533692722,0.20140161725067385,0.5492183288409703,0.004743935309973046,0.11935309973045823,0.02371967654986523,0.0007547169811320754,False,False,True,False,False,False,False
720575940620390054,cell_class,AN,9275,400,0.25,0.01,0.05,0.10080862533692722,0.20140161725067385,0.5492183288409703,0.004743935309973046,0.11935309973045823,0.02371967654986523,0.0007547169811320754,False,False,False,False,False,False,False
720575940620390054,cell_class,AN,9275,400,0.25,0.01,0.1,0.10080862533692722,0.20140161725067385,0.5492183288409703,0.004743935309973046,0.11935309973045823,0.02371967654986523,0.0007547169811320754,False,False,False,False,False,False,False
720575940620407105,cell_class,AN,2948,400,0.25,0.14285714285714285,0.01,0.007462686567164179,0.8175033921302578,0.045793758480325644,0.0,0.10549525101763908,0.023744911804613297,0.0,False,True,True,,True,True,
720575940620407105,cell_class,AN,2948,400,0.25,0.14285714285714285,0.05,0.007462686567164179,0.8175033921302578,0.045793758480325644,0.0,0.10549525101763908,0.023744911804613297,0.0,False,True,False,,True,False,
720575940620407105,cell_class,AN,2948,400,0.25,0.14285714285714285,0.1,0.007462686567164179,0.8175033921302578,0.045793758480325644,0.0,0.10549525101763908,0.023744911804613297,0.0,False,True,False,,False,False,
720575940620407105,cell_class,AN,2948,400,0.25,0.04,0.01,0.007462686567164179,0.8175033921302578,0.045793758480325644,0.0,0.10549525101763908,0.023744911804613297,0.0,False,True,False,,True,False,
720575940620407105,cell_class,AN,2948,400,0.25,0.04,0.05,0.007462686567164179,0.8175033921302578,0.045793758480325644,0.0,0.10549525101763908,0.023744911804613297,0.0,False,True,False,,False,False,
720575940620407105,cell_class,AN,2948,400,0.25,0.04,0.1,0.007462686567164179,0.8175033921302578,0.045793758480325644,0.0,0.10549525101763908,0.023744911804613297,0.0,False,False,False,,False,False,
720575940620407105,cell_class,AN,2948,400,0.25,0.02,0.01,0.007462686567164179,0.8175033921302578,0.045793758480325644,0.0,0.10549525101763908,0.023744911804613297,0.0,False,True,False,,True,False,
720575940620407105,cell_class,AN,2948,400,0.25,0.02,0.05,0.007462686567164179,0.8175033921302578,0.045793758480325644,0.0,0.10549525101763908,0.023744911804613297,0.0,False,False,False,,False,False,
720575940620407105,cell_class,AN,2948,400,0.25,0.02,0.1,0.007462686567164179,0.8175033921302578,0.045793758480325644,0.0,0.10549525101763908,0.023744911804613297,0.0,False,False,False,,False,False,
720575940620407105,cell_class,AN,2948,400,0.25,0.01,0.01,0.007462686567164179,0.8175033921302578,0.045793758480325644,0.0,0.10549525101763908,0.023744911804613297,0.0,False,True,False,,True,False,
720575940620407105,cell_class,AN,2948,400,0.25,0.01,0.05,0.007462686567164179,0.8175033921302578,0.045793758480325644,0.0,0.10549525101763908,0.023744911804613297,0.0,False,False,False,,False,False,
720575940620407105,cell_class,AN,2948,400,0.25,0.01,0.1,0.007462686567164179,0.8175033921302578,0.045793758480325644,0.0,0.10549525101763908,0.023744911804613297,0.0,False,False,False,,False,False,
720575940606762953,cell_class,AN,2878,400,0.25,0.14285714285714285,0.01,0.07088255733148019,0.12890896455872133,0.7328005559416261,0.005559416261292564,0.03335649756775538,0.027449617790132035,0.0010423905489923557,True,True,True,False,True,False,False
720575940606762953,cell_class,AN,2878,400,0.25,0.14285714285714285,0.05,0.07088255733148019,0.12890896455872133,0.7328005559416261,0.005559416261292564,0.03335649756775538,0.027449617790132035,0.0010423905489923557,False,True,True,False,False,False,False
720575940606762953,cell_class,AN,2878,400,0.25,0.14285714285714285,0.1,0.07088255733148019,0.12890896455872133,0.7328005559416261,0.005559416261292564,0.03335649756775538,0.027449617790132035,0.0010423905489923557,False,False,True,False,False,False,False
720575940606762953,cell_class,AN,2878,400,0.25,0.04,0.01,0.07088255733148019,0.12890896455872133,0.7328005559416261,0.005559416261292564,0.03335649756775538,0.027449617790132035,0.0010423905489923557,True,True,True,False,False,False,False
720575940606762953,cell_class,AN,2878,400,0.25,0.04,0.05,0.07088255733148019,0.12890896455872133,0.7328005559416261,0.005559416261292564,0.03335649756775538,0.027449617790132035,0.0010423905489923557,False,False,True,False,False,False,False
720575940606762953,cell_class,AN,2878,400,0.25,0.04,0.1,0.07088255733148019,0.12890896455872133,0.7328005559416261,0.005559416261292564,0.03335649756775538,0.027449617790132035,0.0010423905489923557,False,False,False,False,False,False,False
720575940606762953,cell_class,AN,2878,400,0.25,0.02,0.01,0.07088255733148019,0.12890896455872133,0.7328005559416261,0.005559416261292564,0.03335649756775538,0.027449617790132035,0.0010423905489923557,True,True,True,False,False,False,False
720575940606762953,cell_class,AN,2878,400,0.25,0.02,0.05,0.07088255733148019,0.12890896455872133,0.7328005559416261,0.005559416261292564,0.03335649756775538,0.027449617790132035,0.0010423905489923557,False,False,False,False,False,False,False
720575940606762953,cell_class,AN,2878,400,0.25,0.02,0.1,0.07088255733148019,0.12890896455872133,0.7328005559416261,0.005559416261292564,0.03335649756775538,0.027449617790132035,0.0010423905489923557,False,False,False,False,False,False,False
720575940606762953,cell_class,AN,2878,400,0.25,0.01,0.01,0.07088255733148019,0.12890896455872133,0.7328005559416261,0.005559416261292564,0.03335649756775538,0.027449617790132035,0.0010423905489923557,True,True,True,False,False,False,False
720575940606762953,cell_class,AN,2878,400,0.25,0.01,0.05,0.07088255733148019,0.12890896455872133,0.7328005559416261,0.005559416261292564,0.03335649756775538,0.027449617790132035,0.0010423905489923557,False,False,False,False,False,False,False
720575940606762953,cell_class,AN,2878,400,0.25,0.01,0.1,0.07088255733148019,0.12890896455872133,0.7328005559416261,0.005559416261292564,0.03335649756775538,0.027449617790132035,0.0010423905489923557,False,False,False,False,False,False,False
720575940630016761,cell_class,AN,1552,400,0.25,0.14285714285714285,0.01,0.005154639175257732,0.7673969072164949,0.01997422680412371,0.0032216494845360823,0.17654639175257733,0.026417525773195876,0.001288659793814433,False,True,True,False,True,True,False
720575940630016761,cell_class,AN,1552,400,0.25,0.14285714285714285,0.05,0.005154639175257732,0.7673969072164949,0.01997422680412371,0.0032216494845360823,0.17654639175257733,0.026417525773195876,0.001288659793814433,False,True,False,False,True,False,False
720575940630016761,cell_class,AN,1552,400,0.25,0.14285714285714285,0.1,0.005154639175257732,0.7673969072164949,0.01997422680412371,0.0032216494845360823,0.17654639175257733,0.026417525773195876,0.001288659793814433,False,True,False,False,True,False,False
720575940630016761,cell_class,AN,1552,400,0.25,0.04,0.01,0.005154639175257732,0.7673969072164949,0.01997422680412371,0.0032216494845360823,0.17654639175257733,0.026417525773195876,0.001288659793814433,False,True,False,False,True,False,False
720575940630016761,cell_class,AN,1552,400,0.25,0.04,0.05,0.005154639175257732,0.7673969072164949,0.01997422680412371,0.0032216494845360823,0.17654639175257733,0.026417525773195876,0.001288659793814433,False,True,False,False,False,False,False
720575940630016761,cell_class,AN,1552,400,0.25,0.04,0.1,0.005154639175257732,0.7673969072164949,0.01997422680412371,0.0032216494845360823,0.17654639175257733,0.026417525773195876,0.001288659793814433,False,True,False,False,False,False,False
720575940630016761,cell_class,AN,1552,400,0.25,0.02,0.01,0.005154639175257732,0.7673969072164949,0.01997422680412371,0.0032216494845360823,0.17654639175257733,0.026417525773195876,0.001288659793814433,False,True,False,False,True,False,False
720575940630016761,cell_class,AN,1552,400,0.25,0.02,0.05,0.005154639175257732,0.7673969072164949,0.01997422680412371,0.0032216494845360823,0.17654639175257733,0.026417525773195876,0.001288659793814433,False,True,False,False,False,False,False
720575940630016761,cell_class,AN,1552,400,0.25,0.02,0.1,0.005154639175257732,0.7673969072164949,0.01997422680412371,0.0032216494845360823,0.17654639175257733,0.026417525773195876,0.001288659793814433,False,False,False,False,False,False,False
720575940630016761,cell_class,AN,1552,400,0.25,0.01,0.01,0.005154639175257732,0.7673969072164949,0.01997422680412371,0.0032216494845360823,0.17654639175257733,0.026417525773195876,0.001288659793814433,False,True,False,False,True,False,False
720575940630016761,cell_class,AN,1552,400,0.25,0.01,0.05,0.005154639175257732,0.7673969072164949,0.01997422680412371,0.0032216494845360823,0.17654639175257733,0.026417525773195876,0.001288659793814433,False,False,False,False,False,False,False
720575940630016761,cell_class,AN,1552,400,0.25,0.01,0.1,0.005154639175257732,0.7673969072164949,0.01997422680412371,0.0032216494845360823,0.17654639175257733,0.026417525773195876,0.001288659793814433,False,False,False,False,False,False,False
720575940610198442,cell_class,AN,603,400,0.25,0.14285714285714285,0.01,0.04477611940298507,0.18739635157545606,0.01824212271973466,0.003316749585406302,0.6965174129353234,0.04809286898839138,0.001658374792703151,True,True,True,False,True,True,
720575940610198442,cell_class,AN,603,400,0.25,0.14285714285714285,0.05,0.04477611940298507,0.18739635157545606,0.01824212271973466,0.003316749585406302,0.6965174129353234,0.04809286898839138,0.001658374792703151,False,True,False,False,True,False,
720575940610198442,cell_class,AN,603,400,0.25,0.14285714285714285,0.1,0.04477611940298507,0.18739635157545606,0.01824212271973466,0.003316749585406302,0.6965174129353234,0.04809286898839138,0.001658374792703151,False,True,False,False,True,False,
720575940610198442,cell_class,AN,603,400,0.25,0.04,0.01,0.04477611940298507,0.18739635157545606,0.01824212271973466,0.003316749585406302,0.6965174129353234,0.04809286898839138,0.001658374792703151,True,True,False,False,True,True,
720575940610198442,cell_class,AN,603,400,0.25,0.04,0.05,0.04477611940298507,0.18739635157545606,0.01824212271973466,0.003316749585406302,0.6965174129353234,0.04809286898839138,0.001658374792703151,False,False,False,False,True,False,
720575940610198442,cell_class,AN,603,400,0.25,0.04,0.1,0.04477611940298507,0.18739635157545606,0.01824212271973466,0.003316749585406302,0.6965174129353234,0.04809286898839138,0.001658374792703151,False,False,False,False,False,False,
720575940610198442,cell_class,AN,603,400,0.25,0.02,0.01,0.04477611940298507,0.18739635157545606,0.01824212271973466,0.003316749585406302,0.6965174129353234,0.04809286898839138,0.001658374792703151,True,True,False,False,True,True,
720575940610198442,cell_class,AN,603,400,0.25,0.02,0.05,0.04477611940298507,0.18739635157545606,0.01824212271973466,0.003316749585406302,0.6965174129353234,0.04809286898839138,0.001658374792703151,False,False,False,False,True,False,
720575940610198442,cell_class,AN,603,400,0.25,0.02,0.1,0.04477611940298507,0.18739635157545606,0.01824212271973466,0.003316749585406302,0.6965174129353234,0.04809286898839138,0.001658374792703151,False,False,False,False,False,False,
720575940610198442,cell_class,AN,603,400,0.25,0.01,0.01,0.04477611940298507,0.18739635157545606,0.01824212271973466,0.003316749585406302,0.6965174129353234,0.04809286898839138,0.001658374792703151,True,True,False,False,True,True,
720575940610198442,cell_class,AN,603,400,0.25,0.01,0.05,0.04477611940298507,0.18739635157545606,0.01824212271973466,0.003316749585406302,0.6965174129353234,0.04809286898839138,0.001658374792703151,False,False,False,False,False,False,
720575940610198442,cell_class,AN,603,400,0.25,0.01,0.1,0.04477611940298507,0.18739635157545606,0.01824212271973466,0.003316749585406302,0.6965174129353234,0.04809286898839138,0.001658374792703151,False,False,False,False,False,False,
720575940627304424,cell_class,AN,3893,400,0.25,0.14285714285714285,0.01,0.005394297456974056,0.5032108913434369,0.020035961983046493,0.0020549704597996403,0.4199845877215515,0.04931929103519137,0.0,False,True,False,False,True,True,
720575940627304424,cell_class,AN,3893,400,0.25,0.14285714285714285,0.05,0.005394297456974056,0.5032108913434369,0.020035961983046493,0.0020549704597996403,0.4199845877215515,0.04931929103519137,0.0,False,True,False,False,True,False,
720575940627304424,cell_class,AN,3893,400,0.25,0.14285714285714285,0.1,0.005394297456974056,0.5032108913434369,0.020035961983046493,0.0020549704597996403,0.4199845877215515,0.04931929103519137,0.0,False,True,False,False,True,False,
720575940627304424,cell_class,AN,3893,400,0.25,0.04,0.01,0.005394297456974056,0.5032108913434369,0.020035961983046493,0.0020549704597996403,0.4199845877215515,0.04931929103519137,0.0,False,True,False,False,True,False,
720575940627304424,cell_class,AN,3893,400,0.25,0.04,0.05,0.005394297456974056,0.5032108913434369,0.020035961983046493,0.0020549704597996403,0.4199845877215515,0.04931929103519137,0.0,False,True,False,False,False,False,
720575940627304424,cell_class,AN,3893,400,0.25,0.04,0.1,0.005394297456974056,0.5032108913434369,0.020035961983046493,0.0020549704597996403,0.4199845877215515,0.04931929103519137,0.0,False,False,False,False,False,False,
720575940627304424,cell_class,AN,3893,400,0.25,0.02,0.01,0.005394297456974056,0.5032108913434369,0.020035961983046493,0.0020549704597996403,0.4199845877215515,0.04931929103519137,0.0,False,True,False,False,True,False,
720575940627304424,cell_class,AN,3893,400,0.25,0.02,0.05,0.005394297456974056,0.5032108913434369,0.020035961983046493,0.0020549704597996403,0.4199845877215515,0.04931929103519137,0.0,False,False,False,False,False,False,
720575940627304424,cell_class,AN,3893,400,0.25,0.02,0.1,0.005394297456974056,0.5032108913434369,0.020035961983046493,0.0020549704597996403,0.4199845877215515,0.04931929103519137,0.0,False,False,False,False,False,False,
720575940627304424,cell_class,AN,3893,400,0.25,0.01,0.01,0.005394297456974056,0.5032108913434369,0.020035961983046493,0.0020549704597996403,0.4199845877215515,0.04931929103519137,0.0,False,True,False,False,True,False,
720575940627304424,cell_class,AN,3893,400,0.25,0.01,0.05,0.005394297456974056,0.5032108913434369,0.020035961983046493,0.0020549704597996403,0.4199845877215515,0.04931929103519137,0.0,False,False,False,False,False,False,
720575940627304424,cell_class,AN,3893,400,0.25,0.01,0.1,0.005394297456974056,0.5032108913434369,0.020035961983046493,0.0020549704597996403,0.4199845877215515,0.04931929103519137,0.0,False,False,False,False,False,False,
720575940628772034,cell_class,AN,7753,400,0.25,0.14285714285714285,0.01,0.01741261447181736,0.8754030697794403,0.053398684380239904,0.002579646588417387,0.013156197600928673,0.03753385786147298,0.0005159293176834773,False,True,True,False,False,True,False
720575940628772034,cell_class,AN,7753,400,0.25,0.14285714285714285,0.05,0.01741261447181736,0.8754030697794403,0.053398684380239904,0.002579646588417387,0.013156197600928673,0.03753385786147298,0.0005159293176834773,False,True,False,False,False,False,False
720575940628772034,cell_class,AN,7753,400,0.25,0.14285714285714285,0.1,0.01741261447181736,0.8754030697794403,0.053398684380239904,0.002579646588417387,0.013156197600928673,0.03753385786147298,0.0005159293176834773,False,True,False,False,False,False,False
720575940628772034,cell_class,AN,7753,400,0.25,0.04,0.01,0.01741261447181736,0.8754030697794403,0.053398684380239904,0.002579646588417387,0.013156197600928673,0.03753385786147298,0.0005159293176834773,False,True,True,False,False,False,False
720575940628772034,cell_class,AN,7753,400,0.25,0.04,0.05,0.01741261447181736,0.8754030697794403,0.053398684380239904,0.002579646588417387,0.013156197600928673,0.03753385786147298,0.0005159293176834773,False,True,False,False,False,False,False
720575940628772034,cell_class,AN,7753,400,0.25,0.04,0.1,0.01741261447181736,0.8754030697794403,0.053398684380239904,0.002579646588417387,0.013156197600928673,0.03753385786147298,0.0005159293176834773,False,True,False,False,False,False,False
720575940628772034,cell_class,AN,7753,400,0.25,0.02,0.01,0.01741261447181736,0.8754030697794403,0.053398684380239904,0.002579646588417387,0.013156197600928673,0.03753385786147298,0.0005159293176834773,False,True,False,False,False,False,False
720575940628772034,cell_class,AN,7753,400,0.25,0.02,0.05,0.01741261447181736,0.8754030697794403,0.053398684380239904,0.002579646588417387,0.013156197600928673,0.03753385786147298,0.0005159293176834773,False,True,False,False,False,False,False
720575940628772034,cell_class,AN,7753,400,0.25,0.02,0.1,0.01741261447181736,0.8754030697794403,0.053398684380239904,0.002579646588417387,0.013156197600928673,0.03753385786147298,0.0005159293176834773,False,False,False,False,False,False,False
720575940628772034,cell_class,AN,7753,400,0.25,0.01,0.01,0.01741261447181736,0.8754030697794403,0.053398684380239904,0.002579646588417387,0.013156197600928673,0.03753385786147298,0.0005159293176834773,False,True,False,False,False,False,False
720575940628772034,cell_class,AN,7753,400,0.25,0.01,0.05,0.01741261447181736,0.8754030697794403,0.053398684380239904,0.002579646588417387,0.013156197600928673,0.03753385786147298,0.0005159293176834773,False,False,False,False,False,False,False
720575940628772034,cell_class,AN,7753,400,0.25,0.01,0.1,0.01741261447181736,0.8754030697794403,0.053398684380239904,0.002579646588417387,0.013156197600928673,0.03753385786147298,0.0005159293176834773,False,False,False,False,False,False,False
720575940618395205,cell_class,AN,10402,400,0.25,0.14285714285714285,0.01,0.015381657373582004,0.8133051336281484,0.04201115170159585,0.0006729475100942127,0.11209382810997885,0.016439146318015765,9.613535858488752e-05,False,True,True,False,True,False,
720575940618395205,cell_class,AN,10402,400,0.25,0.14285714285714285,0.05,0.015381657373582004,0.8133051336281484,0.04201115170159585,0.0006729475100942127,0.11209382810997885,0.016439146318015765,9.613535858488752e-05,False,True,False,False,False,False,
720575940618395205,cell_class,AN,10402,400,0.25,0.14285714285714285,0.1,0.015381657373582004,0.8133051336281484,0.04201115170159585,0.0006729475100942127,0.11209382810997885,0.016439146318015765,9.613535858488752e-05,False,True,False,False,False,False,
720575940618395205,cell_class,AN,10402,400,0.25,0.04,0.01,0.015381657373582004,0.8133051336281484,0.04201115170159585,0.0006729475100942127,0.11209382810997885,0.016439146318015765,9.613535858488752e-05,False,True,False,False,True,False,
720575940618395205,cell_class,AN,10402,400,0.25,0.04,0.05,0.015381657373582004,0.8133051336281484,0.04201115170159585,0.0006729475100942127,0.11209382810997885,0.016439146318015765,9.613535858488752e-05,False,True,False,False,False,False,
720575940618395205,cell_class,AN,10402,400,0.25,0.04,0.1,0.015381657373582004,0.8133051336281484,0.04201115170159585,0.0006729475100942127,0.11209382810997885,0.016439146318015765,9.613535858488752e-05,False,False,False,False,False,False,
720575940618395205,cell_class,AN,10402,400,0.25,0.02,0.01,0.015381657373582004,0.8133051336281484,0.04201115170159585,0.0006729475100942127,0.11209382810997885,0.016439146318015765,9.613535858488752e-05,False,True,False,False,True,False,
720575940618395205,cell_class,AN,10402,400,0.25,0.02,0.05,0.015381657373582004,0.8133051336281484,0.04201115170159585,0.0006729475100942127,0.11209382810997885,0.016439146318015765,9.613535858488752e-05,False,False,False,False,False,False,
720575940618395205,cell_class,AN,10402,400,0.25,0.02,0.1,0.015381657373582004,0.8133051336281484,0.04201115170159585,0.0006729475100942127,0.11209382810997885,0.016439146318015765,9.613535858488752e-05,False,False,False,False,False,False,
720575940618395205,cell_class,AN,10402,400,0.25,0.01,0.01,0.015381657373582004,0.8133051336281484,0.04201115170159585,0.0006729475100942127,0.11209382810997885,0.016439146318015765,9.613535858488752e-05,False,True,False,False,False,False,
720575940618395205,cell_class,AN,10402,400,0.25,0.01,0.05,0.015381657373582004,0.8133051336281484,0.04201115170159585,0.0006729475100942127,0.11209382810997885,0.016439146318015765,9.613535858488752e-05,False,False,False,False,False,False,
720575940618395205,cell_class,AN,10402,400,0.25,0.01,0.1,0.015381657373582004,0.8133051336281484,0.04201115170159585,0.0006729475100942127,0.11209382810997885,0.016439146318015765,9.613535858488752e-05,False,False,False,False,False,False,
720575940619035989,cell_class,AN,3086,400,0.25,0.14285714285714285,0.01,0.008101101749837978,0.5946208684381076,0.0356448476992871,0.0064808813998703824,0.2517822423849643,0.1033700583279326,0.0,False,True,True,False,True,True,
720575940619035989,cell_class,AN,3086,400,0.25,0.14285714285714285,0.05,0.008101101749837978,0.5946208684381076,0.0356448476992871,0.0064808813998703824,0.2517822423849643,0.1033700583279326,0.0,False,True,False,False,True,True,
720575940619035989,cell_class,AN,3086,400,0.25,0.14285714285714285,0.1,0.008101101749837978,0.5946208684381076,0.0356448476992871,0.0064808813998703824,0.2517822423849643,0.1033700583279326,0.0,False,True,False,False,False,False,
720575940619035989,cell_class,AN,3086,400,0.25,0.04,0.01,0.008101101749837978,0.5946208684381076,0.0356448476992871,0.0064808813998703824,0.2517822423849643,0.1033700583279326,0.0,False,True,True,False,True,True,
720575940619035989,cell_class,AN,3086,400,0.25,0.04,0.05,0.008101101749837978,0.5946208684381076,0.0356448476992871,0.0064808813998703824,0.2517822423849643,0.1033700583279326,0.0,False,True,False,False,False,False,
720575940619035989,cell_class,AN,3086,400,0.25,0.04,0.1,0.008101101749837978,0.5946208684381076,0.0356448476992871,0.0064808813998703824,0.2517822423849643,0.1033700583279326,0.0,False,False,False,False,False,False,
720575940619035989,cell_class,AN,3086,400,0.25,0.02,0.01,0.008101101749837978,0.5946208684381076,0.0356448476992871,0.0064808813998703824,0.2517822423849643,0.1033700583279326,0.0,False,True,False,False,True,False,
720575940619035989,cell_class,AN,3086,400,0.25,0.02,0.05,0.008101101749837978,0.5946208684381076,0.0356448476992871,0.0064808813998703824,0.2517822423849643,0.1033700583279326,0.0,False,True,False,False,False,False,
720575940619035989,cell_class,AN,3086,400,0.25,0.02,0.1,0.008101101749837978,0.5946208684381076,0.0356448476992871,0.0064808813998703824,0.2517822423849643,0.1033700583279326,0.0,False,False,False,False,False,False,
720575940619035989,cell_class,AN,3086,400,0.25,0.01,0.01,0.008101101749837978,0.5946208684381076,0.0356448476992871,0.0064808813998703824,0.2517822423849643,0.1033700583279326,0.0,False,True,False,False,True,False,
720575940619035989,cell_class,AN,3086,400,0.25,0.01,0.05,0.008101101749837978,0.5946208684381076,0.0356448476992871,0.0064808813998703824,0.2517822423849643,0.1033700583279326,0.0,False,False,False,False,False,False,
720575940619035989,cell_class,AN,3086,400,0.25,0.01,0.1,0.008101101749837978,0.5946208684381076,0.0356448476992871,0.0064808813998703824,0.2517822423849643,0.1033700583279326,0.0,False,False,False,False,False,False,
720575940637434202,cell_class,AN,2494,400,0.25,0.14285714285714285,0.01,0.060144346431435444,0.6210906174819567,0.12469927826784283,0.011226944667201283,0.15356856455493184,0.027666399358460304,0.0016038492381716118,True,True,True,False,True,True,False
720575940637434202,cell_class,AN,2494,400,0.25,0.14285714285714285,0.05,0.060144346431435444,0.6210906174819567,0.12469927826784283,0.011226944667201283,0.15356856455493184,0.027666399358460304,0.0016038492381716118,False,True,True,False,True,False,False
720575940637434202,cell_class,AN,2494,400,0.25,0.14285714285714285,0.1,0.060144346431435444,0.6210906174819567,0.12469927826784283,0.011226944667201283,0.15356856455493184,0.027666399358460304,0.0016038492381716118,False,True,False,False,False,False,False
720575940637434202,cell_class,AN,2494,400,0.25,0.04,0.01,0.060144346431435444,0.6210906174819567,0.12469927826784283,0.011226944667201283,0.15356856455493184,0.027666399358460304,0.0016038492381716118,False,True,True,False,True,False,False
720575940637434202,cell_class,AN,2494,400,0.25,0.04,0.05,0.060144346431435444,0.6210906174819567,0.12469927826784283,0.011226944667201283,0.15356856455493184,0.027666399358460304,0.0016038492381716118,False,True,False,False,False,False,False
720575940637434202,cell_class,AN,2494,400,0.25,0.04,0.1,0.060144346431435444,0.6210906174819567,0.12469927826784283,0.011226944667201283,0.15356856455493184,0.027666399358460304,0.0016038492381716118,False,False,False,False,False,False,False
720575940637434202,cell_class,AN,2494,400,0.25,0.02,0.01,0.060144346431435444,0.6210906174819567,0.12469927826784283,0.011226944667201283,0.15356856455493184,0.027666399358460304,0.0016038492381716118,False,True,True,False,True,False,False
720575940637434202,cell_class,AN,2494,400,0.25,0.02,0.05,0.060144346431435444,0.6210906174819567,0.12469927826784283,0.011226944667201283,0.15356856455493184,0.027666399358460304,0.0016038492381716118,False,False,False,False,False,False,False
720575940637434202,cell_class,AN,2494,400,0.25,0.02,0.1,0.060144346431435444,0.6210906174819567,0.12469927826784283,0.011226944667201283,0.15356856455493184,0.027666399358460304,0.0016038492381716118,False,False,False,False,False,False,False
720575940637434202,cell_class,AN,2494,400,0.25,0.01,0.01,0.060144346431435444,0.6210906174819567,0.12469927826784283,0.011226944667201283,0.15356856455493184,0.027666399358460304,0.0016038492381716118,False,True,True,False,True,False,False
720575940637434202,cell_class,AN,2494,400,0.25,0.01,0.05,0.060144346431435444,0.6210906174819567,0.12469927826784283,0.011226944667201283,0.15356856455493184,0.027666399358460304,0.0016038492381716118,False,False,False,False,False,False,False
720575940637434202,cell_class,AN,2494,400,0.25,0.01,0.1,0.060144346431435444,0.6210906174819567,0.12469927826784283,0.011226944667201283,0.15356856455493184,0.027666399358460304,0.0016038492381716118,False,False,False,False,False,False,False
720575940614569944,cell_class,AN,940,400,0.25,0.14285714285714285,0.01,0.33085106382978724,0.12340425531914893,0.48829787234042554,0.0,0.05106382978723404,0.005319148936170213,0.0010638297872340426,True,True,True,,True,False,
720575940614569944,cell_class,AN,940,400,0.25,0.14285714285714285,0.05,0.33085106382978724,0.12340425531914893,0.48829787234042554,0.0,0.05106382978723404,0.005319148936170213,0.0010638297872340426,True,True,True,,False,False,
720575940614569944,cell_class,AN,940,400,0.25,0.14285714285714285,0.1,0.33085106382978724,0.12340425531914893,0.48829787234042554,0.0,0.05106382978723404,0.005319148936170213,0.0010638297872340426,True,False,True,,False,False,
720575940614569944,cell_class,AN,940,400,0.25,0.04,0.01,0.33085106382978724,0.12340425531914893,0.48829787234042554,0.0,0.05106382978723404,0.005319148936170213,0.0010638297872340426,True,True,True,,False,False,
720575940614569944,cell_class,AN,940,400,0.25,0.04,0.05,0.33085106382978724,0.12340425531914893,0.48829787234042554,0.0,0.05106382978723404,0.005319148936170213,0.0010638297872340426,False,False,True,,False,False,
720575940614569944,cell_class,AN,940,400,0.25,0.04,0.1,0.33085106382978724,0.12340425531914893,0.48829787234042554,0.0,0.05106382978723404,0.005319148936170213,0.0010638297872340426,False,False,True,,False,False,
720575940614569944,cell_class,AN,940,400,0.25,0.02,0.01,0.33085106382978724,0.12340425531914893,0.48829787234042554,0.0,0.05106382978723404,0.005319148936170213,0.0010638297872340426,True,True,True,,False,False,
720575940614569944,cell_class,AN,940,400,0.25,0.02,0.05,0.33085106382978724,0.12340425531914893,0.48829787234042554,0.0,0.05106382978723404,0.005319148936170213,0.0010638297872340426,False,False,True,,False,False,
720575940614569944,cell_class,AN,940,400,0.25,0.02,0.1,0.33085106382978724,0.12340425531914893,0.48829787234042554,0.0,0.05106382978723404,0.005319148936170213,0.0010638297872340426,False,False,False,,False,False,
720575940614569944,cell_class,AN,940,400,0.25,0.01,0.01,0.33085106382978724,0.12340425531914893,0.48829787234042554,0.0,0.05106382978723404,0.005319148936170213,0.0010638297872340426,True,True,True,,False,False,
720575940614569944,cell_class,AN,940,400,0.25,0.01,0.05,0.33085106382978724,0.12340425531914893,0.48829787234042554,0.0,0.05106382978723404,0.005319148936170213,0.0010638297872340426,False,False,False,,False,False,
720575940614569944,cell_class,AN,940,400,0.25,0.01,0.1,0.33085106382978724,0.12340425531914893,0.48829787234042554,0.0,0.05106382978723404,0.005319148936170213,0.0010638297872340426,False,False,False,,False,False,
720575940626719621,cell_class,AN,7396,400,0.25,0.14285714285714285,0.01,0.021092482422931314,0.7562195781503516,0.02149810708491076,0.0036506219578150353,0.1467009194159005,0.05029745808545159,0.0005408328826392645,True,True,False,False,True,True,False
720575940626719621,cell_class,AN,7396,400,0.25,0.14285714285714285,0.05,0.021092482422931314,0.7562195781503516,0.02149810708491076,0.0036506219578150353,0.1467009194159005,0.05029745808545159,0.0005408328826392645,False,True,False,False,True,False,False
720575940626719621,cell_class,AN,7396,400,0.25,0.14285714285714285,0.1,0.021092482422931314,0.7562195781503516,0.02149810708491076,0.0036506219578150353,0.1467009194159005,0.05029745808545159,0.0005408328826392645,False,True,False,False,False,False,False
720575940626719621,cell_class,AN,7396,400,0.25,0.04,0.01,0.021092482422931314,0.7562195781503516,0.02149810708491076,0.0036506219578150353,0.1467009194159005,0.05029745808545159,0.0005408328826392645,False,True,False,False,True,False,False
720575940626719621,cell_class,AN,7396,400,0.25,0.04,0.05,0.021092482422931314,0.7562195781503516,0.02149810708491076,0.0036506219578150353,0.1467009194159005,0.05029745808545159,0.0005408328826392645,False,True,False,False,False,False,False
720575940626719621,cell_class,AN,7396,400,0.25,0.04,0.1,0.021092482422931314,0.7562195781503516,0.02149810708491076,0.0036506219578150353,0.1467009194159005,0.05029745808545159,0.0005408328826392645,False,False,False,False,False,False,False
720575940626719621,cell_class,AN,7396,400,0.25,0.02,0.01,0.021092482422931314,0.7562195781503516,0.02149810708491076,0.0036506219578150353,0.1467009194159005,0.05029745808545159,0.0005408328826392645,False,True,False,False,True,False,False
720575940626719621,cell_class,AN,7396,400,0.25,0.02,0.05,0.021092482422931314,0.7562195781503516,0.02149810708491076,0.0036506219578150353,0.1467009194159005,0.05029745808545159,0.0005408328826392645,False,False,False,False,False,False,False
720575940626719621,cell_class,AN,7396,400,0.25,0.02,0.1,0.021092482422931314,0.7562195781503516,0.02149810708491076,0.0036506219578150353,0.1467009194159005,0.05029745808545159,0.0005408328826392645,False,False,False,False,False,False,False
720575940626719621,cell_class,AN,7396,400,0.25,0.01,0.01,0.021092482422931314,0.7562195781503516,0.02149810708491076,0.0036506219578150353,0.1467009194159005,0.05029745808545159,0.0005408328826392645,False,True,False,False,False,False,False
720575940626719621,cell_class,AN,7396,400,0.25,0.01,0.05,0.021092482422931314,0.7562195781503516,0.02149810708491076,0.0036506219578150353,0.1467009194159005,0.05029745808545159,0.0005408328826392645,False,False,False,False,False,False,False
720575940626719621,cell_class,AN,7396,400,0.25,0.01,0.1,0.021092482422931314,0.7562195781503516,0.02149810708491076,0.0036506219578150353,0.1467009194159005,0.05029745808545159,0.0005408328826392645,False,False,False,False,False,False,False
720575940617611921,cell_class,AN,7010,400,0.25,0.14285714285714285,0.01,0.011840228245363765,0.6162624821683309,0.02325249643366619,0.003281027104136947,0.31626248216833097,0.028815977175463622,0.0002853067047075606,False,True,True,False,True,True,False
720575940617611921,cell_class,AN,7010,400,0.25,0.14285714285714285,0.05,0.011840228245363765,0.6162624821683309,0.02325249643366619,0.003281027104136947,0.31626248216833097,0.028815977175463622,0.0002853067047075606,False,True,False,False,True,False,False
720575940617611921,cell_class,AN,7010,400,0.25,0.14285714285714285,0.1,0.011840228245363765,0.6162624821683309,0.02325249643366619,0.003281027104136947,0.31626248216833097,0.028815977175463622,0.0002853067047075606,False,True,False,False,True,False,False
720575940617611921,cell_class,AN,7010,400,0.25,0.04,0.01,0.011840228245363765,0.6162624821683309,0.02325249643366619,0.003281027104136947,0.31626248216833097,0.028815977175463622,0.0002853067047075606,False,True,False,False,True,False,False
720575940617611921,cell_class,AN,7010,400,0.25,0.04,0.05,0.011840228245363765,0.6162624821683309,0.02325249643366619,0.003281027104136947,0.31626248216833097,0.028815977175463622,0.0002853067047075606,False,True,False,False,True,False,False
720575940617611921,cell_class,AN,7010,400,0.25,0.04,0.1,0.011840228245363765,0.6162624821683309,0.02325249643366619,0.003281027104136947,0.31626248216833097,0.028815977175463622,0.0002853067047075606,False,True,False,False,False,False,False
720575940617611921,cell_class,AN,7010,400,0.25,0.02,0.01,0.011840228245363765,0.6162624821683309,0.02325249643366619,0.003281027104136947,0.31626248216833097,0.028815977175463622,0.0002853067047075606,False,True,False,False,True,False,False
720575940617611921,cell_class,AN,7010,400,0.25,0.02,0.05,0.011840228245363765,0.6162624821683309,0.02325249643366619,0.003281027104136947,0.31626248216833097,0.028815977175463622,0.0002853067047075606,False,True,False,False,False,False,False
720575940617611921,cell_class,AN,7010,400,0.25,0.02,0.1,0.011840228245363765,0.6162624821683309,0.02325249643366619,0.003281027104136947,0.31626248216833097,0.028815977175463622,0.0002853067047075606,False,False,False,False,False,False,False
720575940617611921,cell_class,AN,7010,400,0.25,0.01,0.01,0.011840228245363765,0.6162624821683309,0.02325249643366619,0.003281027104136947,0.31626248216833097,0.028815977175463622,0.0002853067047075606,False,True,False,False,True,False,False
720575940617611921,cell_class,AN,7010,400,0.25,0.01,0.05,0.011840228245363765,0.6162624821683309,0.02325249643366619,0.003281027104136947,0.31626248216833097,0.028815977175463622,0.0002853067047075606,False,False,False,False,False,False,False
720575940617611921,cell_class,AN,7010,400,0.25,0.01,0.1,0.011840228245363765,0.6162624821683309,0.02325249643366619,0.003281027104136947,0.31626248216833097,0.028815977175463622,0.0002853067047075606,False,False,False,False,False,False,False
720575940611548273,cell_class,AN,7992,400,0.25,0.14285714285714285,0.01,0.0027527527527527527,0.8319569569569569,0.0018768768768768769,0.005880880880880881,0.14814814814814814,0.009384384384384385,0.0,False,True,False,False,True,False,
720575940611548273,cell_class,AN,7992,400,0.25,0.14285714285714285,0.05,0.0027527527527527527,0.8319569569569569,0.0018768768768768769,0.005880880880880881,0.14814814814814814,0.009384384384384385,0.0,False,True,False,False,True,False,
720575940611548273,cell_class,AN,7992,400,0.25,0.14285714285714285,0.1,0.0027527527527527527,0.8319569569569569,0.0018768768768768769,0.005880880880880881,0.14814814814814814,0.009384384384384385,0.0,False,True,False,False,False,False,
720575940611548273,cell_class,AN,7992,400,0.25,0.04,0.01,0.0027527527527527527,0.8319569569569569,0.0018768768768768769,0.005880880880880881,0.14814814814814814,0.009384384384384385,0.0,False,True,False,False,True,False,
720575940611548273,cell_class,AN,7992,400,0.25,0.04,0.05,0.0027527527527527527,0.8319569569569569,0.0018768768768768769,0.005880880880880881,0.14814814814814814,0.009384384384384385,0.0,False,True,False,False,False,False,
720575940611548273,cell_class,AN,7992,400,0.25,0.04,0.1,0.0027527527527527527,0.8319569569569569,0.0018768768768768769,0.005880880880880881,0.14814814814814814,0.009384384384384385,0.0,False,True,False,False,False,False,
720575940611548273,cell_class,AN,7992,400,0.25,0.02,0.01,0.0027527527527527527,0.8319569569569569,0.0018768768768768769,0.005880880880880881,0.14814814814814814,0.009384384384384385,0.0,False,True,False,False,True,False,
720575940611548273,cell_class,AN,7992,400,0.25,0.02,0.05,0.0027527527527527527,0.8319569569569569,0.0018768768768768769,0.005880880880880881,0.14814814814814814,0.009384384384384385,0.0,False,True,False,False,False,False,
720575940611548273,cell_class,AN,7992,400,0.25,0.02,0.1,0.0027527527527527527,0.8319569569569569,0.0018768768768768769,0.005880880880880881,0.14814814814814814,0.009384384384384385,0.0,False,False,False,False,False,False,
720575940611548273,cell_class,AN,7992,400,0.25,0.01,0.01,0.0027527527527527527,0.8319569569569569,0.0018768768768768769,0.005880880880880881,0.14814814814814814,0.009384384384384385,0.0,False,True,False,False,True,False,
720575940611548273,cell_class,AN,7992,400,0.25,0.01,0.05,0.0027527527527527527,0.8319569569569569,0.0018768768768768769,0.005880880880880881,0.14814814814814814,0.009384384384384385,0.0,False,False,False,False,False,False,
720575940611548273,cell_class,AN,7992,400,0.25,0.01,0.1,0.0027527527527527527,0.8319569569569569,0.0018768768768768769,0.005880880880880881,0.14814814814814814,0.009384384384384385,0.0,False,False,False,False,False,False,
720575940618259269,cell_class,AN,10440,400,0.25,0.14285714285714285,0.01,0.03103448275862069,0.9080459770114943,0.020019157088122606,0.004310344827586207,0.016091954022988506,0.020210727969348658,0.00028735632183908046,True,True,True,False,False,True,False
720575940618259269,cell_class,AN,10440,400,0.25,0.14285714285714285,0.05,0.03103448275862069,0.9080459770114943,0.020019157088122606,0.004310344827586207,0.016091954022988506,0.020210727969348658,0.00028735632183908046,False,True,False,False,False,False,False
720575940618259269,cell_class,AN,10440,400,0.25,0.14285714285714285,0.1,0.03103448275862069,0.9080459770114943,0.020019157088122606,0.004310344827586207,0.016091954022988506,0.020210727969348658,0.00028735632183908046,False,True,False,False,False,False,False
720575940618259269,cell_class,AN,10440,400,0.25,0.04,0.01,0.03103448275862069,0.9080459770114943,0.020019157088122606,0.004310344827586207,0.016091954022988506,0.020210727969348658,0.00028735632183908046,False,True,False,False,False,False,False
720575940618259269,cell_class,AN,10440,400,0.25,0.04,0.05,0.03103448275862069,0.9080459770114943,0.020019157088122606,0.004310344827586207,0.016091954022988506,0.020210727969348658,0.00028735632183908046,False,True,False,False,False,False,False
720575940618259269,cell_class,AN,10440,400,0.25,0.04,0.1,0.03103448275862069,0.9080459770114943,0.020019157088122606,0.004310344827586207,0.016091954022988506,0.020210727969348658,0.00028735632183908046,False,True,False,False,False,False,False
720575940618259269,cell_class,AN,10440,400,0.25,0.02,0.01,0.03103448275862069,0.9080459770114943,0.020019157088122606,0.004310344827586207,0.016091954022988506,0.020210727969348658,0.00028735632183908046,False,True,False,False,False,False,False
720575940618259269,cell_class,AN,10440,400,0.25,0.02,0.05,0.03103448275862069,0.9080459770114943,0.020019157088122606,0.004310344827586207,0.016091954022988506,0.020210727969348658,0.00028735632183908046,False,True,False,False,False,False,False
720575940618259269,cell_class,AN,10440,400,0.25,0.02,0.1,0.03103448275862069,0.9080459770114943,0.020019157088122606,0.004310344827586207,0.016091954022988506,0.020210727969348658,0.00028735632183908046,False,False,False,False,False,False,False
720575940618259269,cell_class,AN,10440,400,0.25,0.01,0.01,0.03103448275862069,0.9080459770114943,0.020019157088122606,0.004310344827586207,0.016091954022988506,0.020210727969348658,0.00028735632183908046,False,True,False,False,False,False,False
720575940618259269,cell_class,AN,10440,400,0.25,0.01,0.05,0.03103448275862069,0.9080459770114943,0.020019157088122606,0.004310344827586207,0.016091954022988506,0.020210727969348658,0.00028735632183908046,False,False,False,False,False,False,False
720575940618259269,cell_class,AN,10440,400,0.25,0.01,0.1,0.03103448275862069,0.9080459770114943,0.020019157088122606,0.004310344827586207,0.016091954022988506,0.020210727969348658,0.00028735632183908046,False,False,False,False,False,False,False
720575940653877409,cell_class,AN,3549,400,0.25,0.14285714285714285,0.01,0.07241476472245703,0.19047619047619047,0.5781910397295013,0.00507185122569738,0.10369118061425754,0.04959143420681882,0.0005635390250774866,True,True,True,False,True,True,False
720575940653877409,cell_class,AN,3549,400,0.25,0.14285714285714285,0.05,0.07241476472245703,0.19047619047619047,0.5781910397295013,0.00507185122569738,0.10369118061425754,0.04959143420681882,0.0005635390250774866,False,True,True,False,False,False,False
720575940653877409,cell_class,AN,3549,400,0.25,0.14285714285714285,0.1,0.07241476472245703,0.19047619047619047,0.5781910397295013,0.00507185122569738,0.10369118061425754,0.04959143420681882,0.0005635390250774866,False,True,True,False,False,False,False
720575940653877409,cell_class,AN,3549,400,0.25,0.04,0.01,0.07241476472245703,0.19047619047619047,0.5781910397295013,0.00507185122569738,0.10369118061425754,0.04959143420681882,0.0005635390250774866,True,True,True,False,True,False,False
720575940653877409,cell_class,AN,3549,400,0.25,0.04,0.05,0.07241476472245703,0.19047619047619047,0.5781910397295013,0.00507185122569738,0.10369118061425754,0.04959143420681882,0.0005635390250774866,False,False,True,False,False,False,False
720575940653877409,cell_class,AN,3549,400,0.25,0.04,0.1,0.07241476472245703,0.19047619047619047,0.5781910397295013,0.00507185122569738,0.10369118061425754,0.04959143420681882,0.0005635390250774866,False,False,True,False,False,False,False
720575940653877409,cell_class,AN,3549,400,0.25,0.02,0.01,0.07241476472245703,0.19047619047619047,0.5781910397295013,0.00507185122569738,0.10369118061425754,0.04959143420681882,0.0005635390250774866,True,True,True,False,True,False,False
720575940653877409,cell_class,AN,3549,400,0.25,0.02,0.05,0.07241476472245703,0.19047619047619047,0.5781910397295013,0.00507185122569738,0.10369118061425754,0.04959143420681882,0.0005635390250774866,False,False,False,False,False,False,False
720575940653877409,cell_class,AN,3549,400,0.25,0.02,0.1,0.07241476472245703,0.19047619047619047,0.5781910397295013,0.00507185122569738,0.10369118061425754,0.04959143420681882,0.0005635390250774866,False,False,False,False,False,False,False
720575940653877409,cell_class,AN,3549,400,0.25,0.01,0.01,0.07241476472245703,0.19047619047619047,0.5781910397295013,0.00507185122569738,0.10369118061425754,0.04959143420681882,0.0005635390250774866,True,True,True,False,False,False,False
720575940653877409,cell_class,AN,3549,400,0.25,0.01,0.05,0.07241476472245703,0.19047619047619047,0.5781910397295013,0.00507185122569738,0.10369118061425754,0.04959143420681882,0.0005635390250774866,False,False,False,False,False,False,False
720575940653877409,cell_class,AN,3549,400,0.25,0.01,0.1,0.07241476472245703,0.19047619047619047,0.5781910397295013,0.00507185122569738,0.10369118061425754,0.04959143420681882,0.0005635390250774866,False,False,False,False,False,False,False
720575940617884692,cell_class,AN,1510,400,0.25,0.14285714285714285,0.01,0.003973509933774834,0.2993377483443709,0.003973509933774834,0.001986754966887417,0.6642384105960265,0.026490066225165563,0.0,False,True,False,False,True,True,
720575940617884692,cell_class,AN,1510,400,0.25,0.14285714285714285,0.05,0.003973509933774834,0.2993377483443709,0.003973509933774834,0.001986754966887417,0.6642384105960265,0.026490066225165563,0.0,False,True,False,False,True,False,
720575940617884692,cell_class,AN,1510,400,0.25,0.14285714285714285,0.1,0.003973509933774834,0.2993377483443709,0.003973509933774834,0.001986754966887417,0.6642384105960265,0.026490066225165563,0.0,False,True,False,False,True,False,
720575940617884692,cell_class,AN,1510,400,0.25,0.04,0.01,0.003973509933774834,0.2993377483443709,0.003973509933774834,0.001986754966887417,0.6642384105960265,0.026490066225165563,0.0,False,True,False,False,True,False,
720575940617884692,cell_class,AN,1510,400,0.25,0.04,0.05,0.003973509933774834,0.2993377483443709,0.003973509933774834,0.001986754966887417,0.6642384105960265,0.026490066225165563,0.0,False,True,False,False,True,False,
720575940617884692,cell_class,AN,1510,400,0.25,0.04,0.1,0.003973509933774834,0.2993377483443709,0.003973509933774834,0.001986754966887417,0.6642384105960265,0.026490066225165563,0.0,False,False,False,False,False,False,
720575940617884692,cell_class,AN,1510,400,0.25,0.02,0.01,0.003973509933774834,0.2993377483443709,0.003973509933774834,0.001986754966887417,0.6642384105960265,0.026490066225165563,0.0,False,True,False,False,True,False,
720575940617884692,cell_class,AN,1510,400,0.25,0.02,0.05,0.003973509933774834,0.2993377483443709,0.003973509933774834,0.001986754966887417,0.6642384105960265,0.026490066225165563,0.0,False,False,False,False,True,False,
720575940617884692,cell_class,AN,1510,400,0.25,0.02,0.1,0.003973509933774834,0.2993377483443709,0.003973509933774834,0.001986754966887417,0.6642384105960265,0.026490066225165563,0.0,False,False,False,False,False,False,
720575940617884692,cell_class,AN,1510,400,0.25,0.01,0.01,0.003973509933774834,0.2993377483443709,0.003973509933774834,0.001986754966887417,0.6642384105960265,0.026490066225165563,0.0,False,True,False,False,True,False,
720575940617884692,cell_class,AN,1510,400,0.25,0.01,0.05,0.003973509933774834,0.2993377483443709,0.003973509933774834,0.001986754966887417,0.6642384105960265,0.026490066225165563,0.0,False,False,False,False,False,False,
720575940617884692,cell_class,AN,1510,400,0.25,0.01,0.1,0.003973509933774834,0.2993377483443709,0.003973509933774834,0.001986754966887417,0.6642384105960265,0.026490066225165563,0.0,False,False,False,False,False,False,
720575940617999700,cell_class,AN,2467,400,0.25,0.14285714285714285,0.01,0.0012160518848804217,0.209566274827726,0.00040535062829347385,0.0012160518848804217,0.7802999594649371,0.007296311309282529,0.0,False,True,,False,True,False,
720575940617999700,cell_class,AN,2467,400,0.25,0.14285714285714285,0.05,0.0012160518848804217,0.209566274827726,0.00040535062829347385,0.0012160518848804217,0.7802999594649371,0.007296311309282529,0.0,False,True,,False,True,False,
720575940617999700,cell_class,AN,2467,400,0.25,0.14285714285714285,0.1,0.0012160518848804217,0.209566274827726,0.00040535062829347385,0.0012160518848804217,0.7802999594649371,0.007296311309282529,0.0,False,True,,False,True,False,
720575940617999700,cell_class,AN,2467,400,0.25,0.04,0.01,0.0012160518848804217,0.209566274827726,0.00040535062829347385,0.0012160518848804217,0.7802999594649371,0.007296311309282529,0.0,False,True,,False,True,False,
720575940617999700,cell_class,AN,2467,400,0.25,0.04,0.05,0.0012160518848804217,0.209566274827726,0.00040535062829347385,0.0012160518848804217,0.7802999594649371,0.007296311309282529,0.0,False,False,,False,True,False,
720575940617999700,cell_class,AN,2467,400,0.25,0.04,0.1,0.0012160518848804217,0.209566274827726,0.00040535062829347385,0.0012160518848804217,0.7802999594649371,0.007296311309282529,0.0,False,False,,False,False,False,
720575940617999700,cell_class,AN,2467,400,0.25,0.02,0.01,0.0012160518848804217,0.209566274827726,0.00040535062829347385,0.0012160518848804217,0.7802999594649371,0.007296311309282529,0.0,False,True,,False,True,False,
720575940617999700,cell_class,AN,2467,400,0.25,0.02,0.05,0.0012160518848804217,0.209566274827726,0.00040535062829347385,0.0012160518848804217,0.7802999594649371,0.007296311309282529,0.0,False,False,,False,True,False,
720575940617999700,cell_class,AN,2467,400,0.25,0.02,0.1,0.0012160518848804217,0.209566274827726,0.00040535062829347385,0.0012160518848804217,0.7802999594649371,0.007296311309282529,0.0,False,False,,False,False,False,
720575940617999700,cell_class,AN,2467,400,0.25,0.01,0.01,0.0012160518848804217,0.209566274827726,0.00040535062829347385,0.0012160518848804217,0.7802999594649371,0.007296311309282529,0.0,False,True,,False,True,False,
720575940617999700,cell_class,AN,2467,400,0.25,0.01,0.05,0.0012160518848804217,0.209566274827726,0.00040535062829347385,0.0012160518848804217,0.7802999594649371,0.007296311309282529,0.0,False,False,,False,False,False,
720575940617999700,cell_class,AN,2467,400,0.25,0.01,0.1,0.0012160518848804217,0.209566274827726,0.00040535062829347385,0.0012160518848804217,0.7802999594649371,0.007296311309282529,0.0,False,False,,False,False,False,
720575940612327091,cell_class,AN,7831,400,0.25,0.14285714285714285,0.01,0.010088111352317712,0.9063976503639382,0.02822117226407866,0.007917251947388584,0.026050312859149535,0.021325501213127315,0.0,False,True,True,False,False,False,
720575940612327091,cell_class,AN,7831,400,0.25,0.14285714285714285,0.05,0.010088111352317712,0.9063976503639382,0.02822117226407866,0.007917251947388584,0.026050312859149535,0.021325501213127315,0.0,False,True,False,False,False,False,
720575940612327091,cell_class,AN,7831,400,0.25,0.14285714285714285,0.1,0.010088111352317712,0.9063976503639382,0.02822117226407866,0.007917251947388584,0.026050312859149535,0.021325501213127315,0.0,False,True,False,False,False,False,
720575940612327091,cell_class,AN,7831,400,0.25,0.04,0.01,0.010088111352317712,0.9063976503639382,0.02822117226407866,0.007917251947388584,0.026050312859149535,0.021325501213127315,0.0,False,True,False,False,False,False,
720575940612327091,cell_class,AN,7831,400,0.25,0.04,0.05,0.010088111352317712,0.9063976503639382,0.02822117226407866,0.007917251947388584,0.026050312859149535,0.021325501213127315,0.0,False,True,False,False,False,False,
720575940612327091,cell_class,AN,7831,400,0.25,0.04,0.1,0.010088111352317712,0.9063976503639382,0.02822117226407866,0.007917251947388584,0.026050312859149535,0.021325501213127315,0.0,False,True,False,False,False,False,
720575940612327091,cell_class,AN,7831,400,0.25,0.02,0.01,0.010088111352317712,0.9063976503639382,0.02822117226407866,0.007917251947388584,0.026050312859149535,0.021325501213127315,0.0,False,True,False,False,False,False,
720575940612327091,cell_class,AN,7831,400,0.25,0.02,0.05,0.010088111352317712,0.9063976503639382,0.02822117226407866,0.007917251947388584,0.026050312859149535,0.021325501213127315,0.0,False,True,False,False,False,False,
720575940612327091,cell_class,AN,7831,400,0.25,0.02,0.1,0.010088111352317712,0.9063976503639382,0.02822117226407866,0.007917251947388584,0.026050312859149535,0.021325501213127315,0.0,False,False,False,False,False,False,
720575940612327091,cell_class,AN,7831,400,0.25,0.01,0.01,0.010088111352317712,0.9063976503639382,0.02822117226407866,0.007917251947388584,0.026050312859149535,0.021325501213127315,0.0,False,True,False,False,False,False,
720575940612327091,cell_class,AN,7831,400,0.25,0.01,0.05,0.010088111352317712,0.9063976503639382,0.02822117226407866,0.007917251947388584,0.026050312859149535,0.021325501213127315,0.0,False,False,False,False,False,False,
720575940612327091,cell_class,AN,7831,400,0.25,0.01,0.1,0.010088111352317712,0.9063976503639382,0.02822117226407866,0.007917251947388584,0.026050312859149535,0.021325501213127315,0.0,False,False,False,False,False,False,
720575940611429489,cell_class,AN,4305,400,0.25,0.14285714285714285,0.01,0.008130081300813009,0.640418118466899,0.027409988385598143,0.0020905923344947735,0.3059233449477352,0.01602787456445993,0.0,False,True,False,False,True,False,
720575940611429489,cell_class,AN,4305,400,0.25,0.14285714285714285,0.05,0.008130081300813009,0.640418118466899,0.027409988385598143,0.0020905923344947735,0.3059233449477352,0.01602787456445993,0.0,False,True,False,False,True,False,
720575940611429489,cell_class,AN,4305,400,0.25,0.14285714285714285,0.1,0.008130081300813009,0.640418118466899,0.027409988385598143,0.0020905923344947735,0.3059233449477352,0.01602787456445993,0.0,False,True,False,False,True,False,
720575940611429489,cell_class,AN,4305,400,0.25,0.04,0.01,0.008130081300813009,0.640418118466899,0.027409988385598143,0.0020905923344947735,0.3059233449477352,0.01602787456445993,0.0,False,True,False,False,True,False,
720575940611429489,cell_class,AN,4305,400,0.25,0.04,0.05,0.008130081300813009,0.640418118466899,0.027409988385598143,0.0020905923344947735,0.3059233449477352,0.01602787456445993,0.0,False,True,False,False,False,False,
720575940611429489,cell_class,AN,4305,400,0.25,0.04,0.1,0.008130081300813009,0.640418118466899,0.027409988385598143,0.0020905923344947735,0.3059233449477352,0.01602787456445993,0.0,False,False,False,False,False,False,
720575940611429489,cell_class,AN,4305,400,0.25,0.02,0.01,0.008130081300813009,0.640418118466899,0.027409988385598143,0.0020905923344947735,0.3059233449477352,0.01602787456445993,0.0,False,True,False,False,True,False,
720575940611429489,cell_class,AN,4305,400,0.25,0.02,0.05,0.008130081300813009,0.640418118466899,0.027409988385598143,0.0020905923344947735,0.3059233449477352,0.01602787456445993,0.0,False,False,False,False,False,False,
720575940611429489,cell_class,AN,4305,400,0.25,0.02,0.1,0.008130081300813009,0.640418118466899,0.027409988385598143,0.0020905923344947735,0.3059233449477352,0.01602787456445993,0.0,False,False,False,False,False,False,
720575940611429489,cell_class,AN,4305,400,0.25,0.01,0.01,0.008130081300813009,0.640418118466899,0.027409988385598143,0.0020905923344947735,0.3059233449477352,0.01602787456445993,0.0,False,True,False,False,True,False,
720575940611429489,cell_class,AN,4305,400,0.25,0.01,0.05,0.008130081300813009,0.640418118466899,0.027409988385598143,0.0020905923344947735,0.3059233449477352,0.01602787456445993,0.0,False,False,False,False,False,False,
720575940611429489,cell_class,AN,4305,400,0.25,0.01,0.1,0.008130081300813009,0.640418118466899,0.027409988385598143,0.0020905923344947735,0.3059233449477352,0.01602787456445993,0.0,False,False,False,False,False,False,
720575940623324395,cell_class,AN,13559,400,0.25,0.14285714285714285,0.01,0.03193450844457556,0.8803009071465447,0.04248100892396194,0.0030238218157681244,0.011431521498635593,0.030459473412493547,0.000368758758020503,True,True,True,False,False,True,False
720575940623324395,cell_class,AN,13559,400,0.25,0.14285714285714285,0.05,0.03193450844457556,0.8803009071465447,0.04248100892396194,0.0030238218157681244,0.011431521498635593,0.030459473412493547,0.000368758758020503,False,True,False,False,False,False,False
720575940623324395,cell_class,AN,13559,400,0.25,0.14285714285714285,0.1,0.03193450844457556,0.8803009071465447,0.04248100892396194,0.0030238218157681244,0.011431521498635593,0.030459473412493547,0.000368758758020503,False,True,False,False,False,False,False
720575940623324395,cell_class,AN,13559,400,0.25,0.04,0.01,0.03193450844457556,0.8803009071465447,0.04248100892396194,0.0030238218157681244,0.011431521498635593,0.030459473412493547,0.000368758758020503,False,True,False,False,False,False,False
720575940623324395,cell_class,AN,13559,400,0.25,0.04,0.05,0.03193450844457556,0.8803009071465447,0.04248100892396194,0.0030238218157681244,0.011431521498635593,0.030459473412493547,0.000368758758020503,False,True,False,False,False,False,False
720575940623324395,cell_class,AN,13559,400,0.25,0.04,0.1,0.03193450844457556,0.8803009071465447,0.04248100892396194,0.0030238218157681244,0.011431521498635593,0.030459473412493547,0.000368758758020503,False,True,False,False,False,False,False
720575940623324395,cell_class,AN,13559,400,0.25,0.02,0.01,0.03193450844457556,0.8803009071465447,0.04248100892396194,0.0030238218157681244,0.011431521498635593,0.030459473412493547,0.000368758758020503,False,True,False,False,False,False,False
720575940623324395,cell_class,AN,13559,400,0.25,0.02,0.05,0.03193450844457556,0.8803009071465447,0.04248100892396194,0.0030238218157681244,0.011431521498635593,0.030459473412493547,0.000368758758020503,False,True,False,False,False,False,False
720575940623324395,cell_class,AN,13559,400,0.25,0.02,0.1,0.03193450844457556,0.8803009071465447,0.04248100892396194,0.0030238218157681244,0.011431521498635593,0.030459473412493547,0.000368758758020503,False,False,False,False,False,False,False
720575940623324395,cell_class,AN,13559,400,0.25,0.01,0.01,0.03193450844457556,0.8803009071465447,0.04248100892396194,0.0030238218157681244,0.011431521498635593,0.030459473412493547,0.000368758758020503,False,True,False,False,False,False,False
720575940623324395,cell_class,AN,13559,400,0.25,0.01,0.05,0.03193450844457556,0.8803009071465447,0.04248100892396194,0.0030238218157681244,0.011431521498635593,0.030459473412493547,0.000368758758020503,False,False,False,False,False,False,False
720575940623324395,cell_class,AN,13559,400,0.25,0.01,0.1,0.03193450844457556,0.8803009071465447,0.04248100892396194,0.0030238218157681244,0.011431521498635593,0.030459473412493547,0.000368758758020503,False,False,False,False,False,False,False
720575940618354267,cell_class,AN,3051,400,0.25,0.14285714285714285,0.01,0.0645689937725336,0.7263192395935759,0.08456243854473942,0.010160603080957063,0.09505080301540479,0.01901016060308096,0.00032776138970829236,True,True,True,False,True,False,
720575940618354267,cell_class,AN,3051,400,0.25,0.14285714285714285,0.05,0.0645689937725336,0.7263192395935759,0.08456243854473942,0.010160603080957063,0.09505080301540479,0.01901016060308096,0.00032776138970829236,False,True,False,False,True,False,
720575940618354267,cell_class,AN,3051,400,0.25,0.14285714285714285,0.1,0.0645689937725336,0.7263192395935759,0.08456243854473942,0.010160603080957063,0.09505080301540479,0.01901016060308096,0.00032776138970829236,False,True,False,False,False,False,
720575940618354267,cell_class,AN,3051,400,0.25,0.04,0.01,0.0645689937725336,0.7263192395935759,0.08456243854473942,0.010160603080957063,0.09505080301540479,0.01901016060308096,0.00032776138970829236,True,True,True,False,True,False,
720575940618354267,cell_class,AN,3051,400,0.25,0.04,0.05,0.0645689937725336,0.7263192395935759,0.08456243854473942,0.010160603080957063,0.09505080301540479,0.01901016060308096,0.00032776138970829236,False,True,False,False,False,False,
720575940618354267,cell_class,AN,3051,400,0.25,0.04,0.1,0.0645689937725336,0.7263192395935759,0.08456243854473942,0.010160603080957063,0.09505080301540479,0.01901016060308096,0.00032776138970829236,False,True,False,False,False,False,
720575940618354267,cell_class,AN,3051,400,0.25,0.02,0.01,0.0645689937725336,0.7263192395935759,0.08456243854473942,0.010160603080957063,0.09505080301540479,0.01901016060308096,0.00032776138970829236,True,True,True,False,False,False,
720575940618354267,cell_class,AN,3051,400,0.25,0.02,0.05,0.0645689937725336,0.7263192395935759,0.08456243854473942,0.010160603080957063,0.09505080301540479,0.01901016060308096,0.00032776138970829236,False,True,False,False,False,False,
720575940618354267,cell_class,AN,3051,400,0.25,0.02,0.1,0.0645689937725336,0.7263192395935759,0.08456243854473942,0.010160603080957063,0.09505080301540479,0.01901016060308096,0.00032776138970829236,False,False,False,False,False,False,
720575940618354267,cell_class,AN,3051,400,0.25,0.01,0.01,0.0645689937725336,0.7263192395935759,0.08456243854473942,0.010160603080957063,0.09505080301540479,0.01901016060308096,0.00032776138970829236,True,True,False,False,False,False,
720575940618354267,cell_class,AN,3051,400,0.25,0.01,0.05,0.0645689937725336,0.7263192395935759,0.08456243854473942,0.010160603080957063,0.09505080301540479,0.01901016060308096,0.00032776138970829236,False,False,False,False,False,False,
720575940618354267,cell_class,AN,3051,400,0.25,0.01,0.1,0.0645689937725336,0.7263192395935759,0.08456243854473942,0.010160603080957063,0.09505080301540479,0.01901016060308096,0.00032776138970829236,False,False,False,False,False,False,
720575940620405869,cell_class,AN,2309,400,0.25,0.14285714285714285,0.01,0.02728453876136856,0.02858380251190992,0.7713295799047206,0.0038977912516240795,0.1368557817236899,0.03204850584668688,0.0,False,True,True,False,True,True,
720575940620405869,cell_class,AN,2309,400,0.25,0.14285714285714285,0.05,0.02728453876136856,0.02858380251190992,0.7713295799047206,0.0038977912516240795,0.1368557817236899,0.03204850584668688,0.0,False,False,True,False,False,False,
720575940620405869,cell_class,AN,2309,400,0.25,0.14285714285714285,0.1,0.02728453876136856,0.02858380251190992,0.7713295799047206,0.0038977912516240795,0.1368557817236899,0.03204850584668688,0.0,False,False,True,False,False,False,
720575940620405869,cell_class,AN,2309,400,0.25,0.04,0.01,0.02728453876136856,0.02858380251190992,0.7713295799047206,0.0038977912516240795,0.1368557817236899,0.03204850584668688,0.0,False,False,True,False,True,False,
720575940620405869,cell_class,AN,2309,400,0.25,0.04,0.05,0.02728453876136856,0.02858380251190992,0.7713295799047206,0.0038977912516240795,0.1368557817236899,0.03204850584668688,0.0,False,False,True,False,False,False,
720575940620405869,cell_class,AN,2309,400,0.25,0.04,0.1,0.02728453876136856,0.02858380251190992,0.7713295799047206,0.0038977912516240795,0.1368557817236899,0.03204850584668688,0.0,False,False,False,False,False,False,
720575940620405869,cell_class,AN,2309,400,0.25,0.02,0.01,0.02728453876136856,0.02858380251190992,0.7713295799047206,0.0038977912516240795,0.1368557817236899,0.03204850584668688,0.0,False,False,True,False,True,False,
720575940620405869,cell_class,AN,2309,400,0.25,0.02,0.05,0.02728453876136856,0.02858380251190992,0.7713295799047206,0.0038977912516240795,0.1368557817236899,0.03204850584668688,0.0,False,False,True,False,False,False,
720575940620405869,cell_class,AN,2309,400,0.25,0.02,0.1,0.02728453876136856,0.02858380251190992,0.7713295799047206,0.0038977912516240795,0.1368557817236899,0.03204850584668688,0.0,False,False,False,False,False,False,
720575940620405869,cell_class,AN,2309,400,0.25,0.01,0.01,0.02728453876136856,0.02858380251190992,0.7713295799047206,0.0038977912516240795,0.1368557817236899,0.03204850584668688,0.0,False,False,True,False,True,False,
720575940620405869,cell_class,AN,2309,400,0.25,0.01,0.05,0.02728453876136856,0.02858380251190992,0.7713295799047206,0.0038977912516240795,0.1368557817236899,0.03204850584668688,0.0,False,False,False,False,False,False,
720575940620405869,cell_class,AN,2309,400,0.25,0.01,0.1,0.02728453876136856,0.02858380251190992,0.7713295799047206,0.0038977912516240795,0.1368557817236899,0.03204850584668688,0.0,False,False,False,False,False,False,
720575940622461636,cell_class,AN,9990,400,0.25,0.14285714285714285,0.01,0.015315315315315315,0.9462462462462462,0.008908908908908908,0.007707707707707708,0.010510510510510511,0.01091091091091091,0.0004004004004004004,False,True,False,False,False,False,False
720575940622461636,cell_class,AN,9990,400,0.25,0.14285714285714285,0.05,0.015315315315315315,0.9462462462462462,0.008908908908908908,0.007707707707707708,0.010510510510510511,0.01091091091091091,0.0004004004004004004,False,True,False,False,False,False,False
720575940622461636,cell_class,AN,9990,400,0.25,0.14285714285714285,0.1,0.015315315315315315,0.9462462462462462,0.008908908908908908,0.007707707707707708,0.010510510510510511,0.01091091091091091,0.0004004004004004004,False,True,False,False,False,False,False
720575940622461636,cell_class,AN,9990,400,0.25,0.04,0.01,0.015315315315315315,0.9462462462462462,0.008908908908908908,0.007707707707707708,0.010510510510510511,0.01091091091091091,0.0004004004004004004,False,True,False,False,False,False,False
720575940622461636,cell_class,AN,9990,400,0.25,0.04,0.05,0.015315315315315315,0.9462462462462462,0.008908908908908908,0.007707707707707708,0.010510510510510511,0.01091091091091091,0.0004004004004004004,False,True,False,False,False,False,False
720575940622461636,cell_class,AN,9990,400,0.25,0.04,0.1,0.015315315315315315,0.9462462462462462,0.008908908908908908,0.007707707707707708,0.010510510510510511,0.01091091091091091,0.0004004004004004004,False,True,False,False,False,False,False
720575940622461636,cell_class,AN,9990,400,0.25,0.02,0.01,0.015315315315315315,0.9462462462462462,0.008908908908908908,0.007707707707707708,0.010510510510510511,0.01091091091091091,0.0004004004004004004,False,True,False,False,False,False,False
720575940622461636,cell_class,AN,9990,400,0.25,0.02,0.05,0.015315315315315315,0.9462462462462462,0.008908908908908908,0.007707707707707708,0.010510510510510511,0.01091091091091091,0.0004004004004004004,False,True,False,False,False,False,False
720575940622461636,cell_class,AN,9990,400,0.25,0.02,0.1,0.015315315315315315,0.9462462462462462,0.008908908908908908,0.007707707707707708,0.010510510510510511,0.01091091091091091,0.0004004004004004004,False,False,False,False,False,False,False
720575940622461636,cell_class,AN,9990,400,0.25,0.01,0.01,0.015315315315315315,0.9462462462462462,0.008908908908908908,0.007707707707707708,0.010510510510510511,0.01091091091091091,0.0004004004004004004,False,True,False,False,False,False,False
720575940622461636,cell_class,AN,9990,400,0.25,0.01,0.05,0.015315315315315315,0.9462462462462462,0.008908908908908908,0.007707707707707708,0.010510510510510511,0.01091091091091091,0.0004004004004004004,False,False,False,False,False,False,False
720575940622461636,cell_class,AN,9990,400,0.25,0.01,0.1,0.015315315315315315,0.9462462462462462,0.008908908908908908,0.007707707707707708,0.010510510510510511,0.01091091091091091,0.0004004004004004004,False,False,False,False,False,False,False
720575940632519588,cell_class,AN,5168,400,0.25,0.14285714285714285,0.01,0.005417956656346749,0.6681501547987616,0.004837461300309598,0.007159442724458205,0.298374613003096,0.015673374613003097,0.0003869969040247678,False,True,False,False,True,False,False
720575940632519588,cell_class,AN,5168,400,0.25,0.14285714285714285,0.05,0.005417956656346749,0.6681501547987616,0.004837461300309598,0.007159442724458205,0.298374613003096,0.015673374613003097,0.0003869969040247678,False,True,False,False,True,False,False
720575940632519588,cell_class,AN,5168,400,0.25,0.14285714285714285,0.1,0.005417956656346749,0.6681501547987616,0.004837461300309598,0.007159442724458205,0.298374613003096,0.015673374613003097,0.0003869969040247678,False,True,False,False,False,False,False
720575940632519588,cell_class,AN,5168,400,0.25,0.04,0.01,0.005417956656346749,0.6681501547987616,0.004837461300309598,0.007159442724458205,0.298374613003096,0.015673374613003097,0.0003869969040247678,False,True,False,False,True,False,False
720575940632519588,cell_class,AN,5168,400,0.25,0.04,0.05,0.005417956656346749,0.6681501547987616,0.004837461300309598,0.007159442724458205,0.298374613003096,0.015673374613003097,0.0003869969040247678,False,True,False,False,False,False,False
720575940632519588,cell_class,AN,5168,400,0.25,0.04,0.1,0.005417956656346749,0.6681501547987616,0.004837461300309598,0.007159442724458205,0.298374613003096,0.015673374613003097,0.0003869969040247678,False,False,False,False,False,False,False
720575940632519588,cell_class,AN,5168,400,0.25,0.02,0.01,0.005417956656346749,0.6681501547987616,0.004837461300309598,0.007159442724458205,0.298374613003096,0.015673374613003097,0.0003869969040247678,False,True,False,False,True,False,False
720575940632519588,cell_class,AN,5168,400,0.25,0.02,0.05,0.005417956656346749,0.6681501547987616,0.004837461300309598,0.007159442724458205,0.298374613003096,0.015673374613003097,0.0003869969040247678,False,False,False,False,False,False,False
720575940632519588,cell_class,AN,5168,400,0.25,0.02,0.1,0.005417956656346749,0.6681501547987616,0.004837461300309598,0.007159442724458205,0.298374613003096,0.015673374613003097,0.0003869969040247678,False,False,False,False,False,False,False
720575940632519588,cell_class,AN,5168,400,0.25,0.01,0.01,0.005417956656346749,0.6681501547987616,0.004837461300309598,0.007159442724458205,0.298374613003096,0.015673374613003097,0.0003869969040247678,False,True,False,False,True,False,False
720575940632519588,cell_class,AN,5168,400,0.25,0.01,0.05,0.005417956656346749,0.6681501547987616,0.004837461300309598,0.007159442724458205,0.298374613003096,0.015673374613003097,0.0003869969040247678,False,False,False,False,False,False,False
720575940632519588,cell_class,AN,5168,400,0.25,0.01,0.1,0.005417956656346749,0.6681501547987616,0.004837461300309598,0.007159442724458205,0.298374613003096,0.015673374613003097,0.0003869969040247678,False,False,False,False,False,False,False
720575940632830163,cell_class,AN,3827,400,0.25,0.14285714285714285,0.01,0.006532532009406846,0.808204860203815,0.052260256075254766,0.0005226025607525476,0.1019074993467468,0.03057224980402404,0.0,False,True,True,False,True,True,
720575940632830163,cell_class,AN,3827,400,0.25,0.14285714285714285,0.05,0.006532532009406846,0.808204860203815,0.052260256075254766,0.0005226025607525476,0.1019074993467468,0.03057224980402404,0.0,False,True,False,False,False,False,
720575940632830163,cell_class,AN,3827,400,0.25,0.14285714285714285,0.1,0.006532532009406846,0.808204860203815,0.052260256075254766,0.0005226025607525476,0.1019074993467468,0.03057224980402404,0.0,False,True,False,False,False,False,
720575940632830163,cell_class,AN,3827,400,0.25,0.04,0.01,0.006532532009406846,0.808204860203815,0.052260256075254766,0.0005226025607525476,0.1019074993467468,0.03057224980402404,0.0,False,True,False,False,True,False,
720575940632830163,cell_class,AN,3827,400,0.25,0.04,0.05,0.006532532009406846,0.808204860203815,0.052260256075254766,0.0005226025607525476,0.1019074993467468,0.03057224980402404,0.0,False,True,False,False,False,False,
720575940632830163,cell_class,AN,3827,400,0.25,0.04,0.1,0.006532532009406846,0.808204860203815,0.052260256075254766,0.0005226025607525476,0.1019074993467468,0.03057224980402404,0.0,False,True,False,False,False,False,
720575940632830163,cell_class,AN,3827,400,0.25,0.02,0.01,0.006532532009406846,0.808204860203815,0.052260256075254766,0.0005226025607525476,0.1019074993467468,0.03057224980402404,0.0,False,True,False,False,False,False,
720575940632830163,cell_class,AN,3827,400,0.25,0.02,0.05,0.006532532009406846,0.808204860203815,0.052260256075254766,0.0005226025607525476,0.1019074993467468,0.03057224980402404,0.0,False,True,False,False,False,False,
720575940632830163,cell_class,AN,3827,400,0.25,0.02,0.1,0.006532532009406846,0.808204860203815,0.052260256075254766,0.0005226025607525476,0.1019074993467468,0.03057224980402404,0.0,False,False,False,False,False,False,
720575940632830163,cell_class,AN,3827,400,0.25,0.01,0.01,0.006532532009406846,0.808204860203815,0.052260256075254766,0.0005226025607525476,0.1019074993467468,0.03057224980402404,0.0,False,True,False,False,False,False,
720575940632830163,cell_class,AN,3827,400,0.25,0.01,0.05,0.006532532009406846,0.808204860203815,0.052260256075254766,0.0005226025607525476,0.1019074993467468,0.03057224980402404,0.0,False,False,False,False,False,False,
720575940632830163,cell_class,AN,3827,400,0.25,0.01,0.1,0.006532532009406846,0.808204860203815,0.052260256075254766,0.0005226025607525476,0.1019074993467468,0.03057224980402404,0.0,False,False,False,False,False,False,
720575940618054981,cell_class,AN,6752,400,0.25,0.14285714285714285,0.01,0.004739336492890996,0.47571090047393366,0.014662322274881517,0.01525473933649289,0.4684537914691943,0.021178909952606635,0.0,False,True,True,True,True,False,
720575940618054981,cell_class,AN,6752,400,0.25,0.14285714285714285,0.05,0.004739336492890996,0.47571090047393366,0.014662322274881517,0.01525473933649289,0.4684537914691943,0.021178909952606635,0.0,False,True,False,False,True,False,
720575940618054981,cell_class,AN,6752,400,0.25,0.14285714285714285,0.1,0.004739336492890996,0.47571090047393366,0.014662322274881517,0.01525473933649289,0.4684537914691943,0.021178909952606635,0.0,False,True,False,False,True,False,
720575940618054981,cell_class,AN,6752,400,0.25,0.04,0.01,0.004739336492890996,0.47571090047393366,0.014662322274881517,0.01525473933649289,0.4684537914691943,0.021178909952606635,0.0,False,True,False,False,True,False,
720575940618054981,cell_class,AN,6752,400,0.25,0.04,0.05,0.004739336492890996,0.47571090047393366,0.014662322274881517,0.01525473933649289,0.4684537914691943,0.021178909952606635,0.0,False,True,False,False,True,False,
720575940618054981,cell_class,AN,6752,400,0.25,0.04,0.1,0.004739336492890996,0.47571090047393366,0.014662322274881517,0.01525473933649289,0.4684537914691943,0.021178909952606635,0.0,False,False,False,False,True,False,
720575940618054981,cell_class,AN,6752,400,0.25,0.02,0.01,0.004739336492890996,0.47571090047393366,0.014662322274881517,0.01525473933649289,0.4684537914691943,0.021178909952606635,0.0,False,True,False,False,True,False,
720575940618054981,cell_class,AN,6752,400,0.25,0.02,0.05,0.004739336492890996,0.47571090047393366,0.014662322274881517,0.01525473933649289,0.4684537914691943,0.021178909952606635,0.0,False,True,False,False,True,False,
720575940618054981,cell_class,AN,6752,400,0.25,0.02,0.1,0.004739336492890996,0.47571090047393366,0.014662322274881517,0.01525473933649289,0.4684537914691943,0.021178909952606635,0.0,False,False,False,False,False,False,
720575940618054981,cell_class,AN,6752,400,0.25,0.01,0.01,0.004739336492890996,0.47571090047393366,0.014662322274881517,0.01525473933649289,0.4684537914691943,0.021178909952606635,0.0,False,True,False,False,True,False,
720575940618054981,cell_class,AN,6752,400,0.25,0.01,0.05,0.004739336492890996,0.47571090047393366,0.014662322274881517,0.01525473933649289,0.4684537914691943,0.021178909952606635,0.0,False,False,False,False,False,False,
720575940618054981,cell_class,AN,6752,400,0.25,0.01,0.1,0.004739336492890996,0.47571090047393366,0.014662322274881517,0.01525473933649289,0.4684537914691943,0.021178909952606635,0.0,False,False,False,False,False,False,
720575940620686360,cell_class,AN,1099,400,0.25,0.14285714285714285,0.01,0.11282984531392175,0.10464058234758872,0.5222929936305732,0.00818926296633303,0.09281164695177434,0.1565059144676979,0.00272975432211101,True,True,True,False,True,True,False
720575940620686360,cell_class,AN,1099,400,0.25,0.14285714285714285,0.05,0.11282984531392175,0.10464058234758872,0.5222929936305732,0.00818926296633303,0.09281164695177434,0.1565059144676979,0.00272975432211101,True,True,True,False,True,True,False
720575940620686360,cell_class,AN,1099,400,0.25,0.14285714285714285,0.1,0.11282984531392175,0.10464058234758872,0.5222929936305732,0.00818926296633303,0.09281164695177434,0.1565059144676979,0.00272975432211101,False,False,True,False,False,False,False
720575940620686360,cell_class,AN,1099,400,0.25,0.04,0.01,0.11282984531392175,0.10464058234758872,0.5222929936305732,0.00818926296633303,0.09281164695177434,0.1565059144676979,0.00272975432211101,True,True,True,False,True,True,False
720575940620686360,cell_class,AN,1099,400,0.25,0.04,0.05,0.11282984531392175,0.10464058234758872,0.5222929936305732,0.00818926296633303,0.09281164695177434,0.1565059144676979,0.00272975432211101,False,False,True,False,False,False,False
720575940620686360,cell_class,AN,1099,400,0.25,0.04,0.1,0.11282984531392175,0.10464058234758872,0.5222929936305732,0.00818926296633303,0.09281164695177434,0.1565059144676979,0.00272975432211101,False,False,True,False,False,False,False
720575940620686360,cell_class,AN,1099,400,0.25,0.02,0.01,0.11282984531392175,0.10464058234758872,0.5222929936305732,0.00818926296633303,0.09281164695177434,0.1565059144676979,0.00272975432211101,True,True,True,False,True,True,False
720575940620686360,cell_class,AN,1099,400,0.25,0.02,0.05,0.11282984531392175,0.10464058234758872,0.5222929936305732,0.00818926296633303,0.09281164695177434,0.1565059144676979,0.00272975432211101,False,False,True,False,False,False,False
720575940620686360,cell_class,AN,1099,400,0.25,0.02,0.1,0.11282984531392175,0.10464058234758872,0.5222929936305732,0.00818926296633303,0.09281164695177434,0.1565059144676979,0.00272975432211101,False,False,False,False,False,False,False
720575940620686360,cell_class,AN,1099,400,0.25,0.01,0.01,0.11282984531392175,0.10464058234758872,0.5222929936305732,0.00818926296633303,0.09281164695177434,0.1565059144676979,0.00272975432211101,True,True,True,False,True,True,False
720575940620686360,cell_class,AN,1099,400,0.25,0.01,0.05,0.11282984531392175,0.10464058234758872,0.5222929936305732,0.00818926296633303,0.09281164695177434,0.1565059144676979,0.00272975432211101,False,False,False,False,False,False,False
720575940620686360,cell_class,AN,1099,400,0.25,0.01,0.1,0.11282984531392175,0.10464058234758872,0.5222929936305732,0.00818926296633303,0.09281164695177434,0.1565059144676979,0.00272975432211101,False,False,False,False,False,False,False
720575940608321922,cell_class,AN,3430,400,0.25,0.14285714285714285,0.01,0.00641399416909621,0.8583090379008746,0.04314868804664723,0.0008746355685131195,0.07784256559766764,0.013411078717201166,0.0,False,True,True,False,True,False,
720575940608321922,cell_class,AN,3430,400,0.25,0.14285714285714285,0.05,0.00641399416909621,0.8583090379008746,0.04314868804664723,0.0008746355685131195,0.07784256559766764,0.013411078717201166,0.0,False,True,False,False,False,False,
720575940608321922,cell_class,AN,3430,400,0.25,0.14285714285714285,0.1,0.00641399416909621,0.8583090379008746,0.04314868804664723,0.0008746355685131195,0.07784256559766764,0.013411078717201166,0.0,False,True,False,False,False,False,
720575940608321922,cell_class,AN,3430,400,0.25,0.04,0.01,0.00641399416909621,0.8583090379008746,0.04314868804664723,0.0008746355685131195,0.07784256559766764,0.013411078717201166,0.0,False,True,True,False,True,False,
720575940608321922,cell_class,AN,3430,400,0.25,0.04,0.05,0.00641399416909621,0.8583090379008746,0.04314868804664723,0.0008746355685131195,0.07784256559766764,0.013411078717201166,0.0,False,True,False,False,False,False,
720575940608321922,cell_class,AN,3430,400,0.25,0.04,0.1,0.00641399416909621,0.8583090379008746,0.04314868804664723,0.0008746355685131195,0.07784256559766764,0.013411078717201166,0.0,False,False,False,False,False,False,
720575940608321922,cell_class,AN,3430,400,0.25,0.02,0.01,0.00641399416909621,0.8583090379008746,0.04314868804664723,0.0008746355685131195,0.07784256559766764,0.013411078717201166,0.0,False,True,True,False,True,False,
720575940608321922,cell_class,AN,3430,400,0.25,0.02,0.05,0.00641399416909621,0.8583090379008746,0.04314868804664723,0.0008746355685131195,0.07784256559766764,0.013411078717201166,0.0,False,False,False,False,False,False,
720575940608321922,cell_class,AN,3430,400,0.25,0.02,0.1,0.00641399416909621,0.8583090379008746,0.04314868804664723,0.0008746355685131195,0.07784256559766764,0.013411078717201166,0.0,False,False,False,False,False,False,
720575940608321922,cell_class,AN,3430,400,0.25,0.01,0.01,0.00641399416909621,0.8583090379008746,0.04314868804664723,0.0008746355685131195,0.07784256559766764,0.013411078717201166,0.0,False,True,True,False,True,False,
720575940608321922,cell_class,AN,3430,400,0.25,0.01,0.05,0.00641399416909621,0.8583090379008746,0.04314868804664723,0.0008746355685131195,0.07784256559766764,0.013411078717201166,0.0,False,False,False,False,False,False,
720575940608321922,cell_class,AN,3430,400,0.25,0.01,0.1,0.00641399416909621,0.8583090379008746,0.04314868804664723,0.0008746355685131195,0.07784256559766764,0.013411078717201166,0.0,False,False,False,False,False,False,
720575940626574504,cell_class,AN,1157,400,0.25,0.14285714285714285,0.01,0.02679343128781331,0.8643042350907519,0.055315471045808126,0.00950734658599827,0.014693171996542784,0.028522039757994815,0.000864304235090752,True,True,True,False,False,True,
720575940626574504,cell_class,AN,1157,400,0.25,0.14285714285714285,0.05,0.02679343128781331,0.8643042350907519,0.055315471045808126,0.00950734658599827,0.014693171996542784,0.028522039757994815,0.000864304235090752,False,True,False,False,False,False,
720575940626574504,cell_class,AN,1157,400,0.25,0.14285714285714285,0.1,0.02679343128781331,0.8643042350907519,0.055315471045808126,0.00950734658599827,0.014693171996542784,0.028522039757994815,0.000864304235090752,False,True,False,False,False,False,
720575940626574504,cell_class,AN,1157,400,0.25,0.04,0.01,0.02679343128781331,0.8643042350907519,0.055315471045808126,0.00950734658599827,0.014693171996542784,0.028522039757994815,0.000864304235090752,False,True,True,False,False,False,
720575940626574504,cell_class,AN,1157,400,0.25,0.04,0.05,0.02679343128781331,0.8643042350907519,0.055315471045808126,0.00950734658599827,0.014693171996542784,0.028522039757994815,0.000864304235090752,False,True,False,False,False,False,
720575940626574504,cell_class,AN,1157,400,0.25,0.04,0.1,0.02679343128781331,0.8643042350907519,0.055315471045808126,0.00950734658599827,0.014693171996542784,0.028522039757994815,0.000864304235090752,False,True,False,False,False,False,
720575940626574504,cell_class,AN,1157,400,0.25,0.02,0.01,0.02679343128781331,0.8643042350907519,0.055315471045808126,0.00950734658599827,0.014693171996542784,0.028522039757994815,0.000864304235090752,False,True,True,False,False,False,
720575940626574504,cell_class,AN,1157,400,0.25,0.02,0.05,0.02679343128781331,0.8643042350907519,0.055315471045808126,0.00950734658599827,0.014693171996542784,0.028522039757994815,0.000864304235090752,False,True,False,False,False,False,
720575940626574504,cell_class,AN,1157,400,0.25,0.02,0.1,0.02679343128781331,0.8643042350907519,0.055315471045808126,0.00950734658599827,0.014693171996542784,0.028522039757994815,0.000864304235090752,False,False,False,False,False,False,
720575940626574504,cell_class,AN,1157,400,0.25,0.01,0.01,0.02679343128781331,0.8643042350907519,0.055315471045808126,0.00950734658599827,0.014693171996542784,0.028522039757994815,0.000864304235090752,False,True,True,False,False,False,
720575940626574504,cell_class,AN,1157,400,0.25,0.01,0.05,0.02679343128781331,0.8643042350907519,0.055315471045808126,0.00950734658599827,0.014693171996542784,0.028522039757994815,0.000864304235090752,False,True,False,False,False,False,
720575940626574504,cell_class,AN,1157,400,0.25,0.01,0.1,0.02679343128781331,0.8643042350907519,0.055315471045808126,0.00950734658599827,0.014693171996542784,0.028522039757994815,0.000864304235090752,False,False,False,False,False,False,
720575940653617910,cell_class,AN,3597,400,0.25,0.14285714285714285,0.01,0.009730330831248262,0.9015846538782318,0.03363914373088685,0.0008340283569641367,0.03113705865999444,0.022518765638031693,0.0005560189046427579,False,True,True,False,True,True,False
720575940653617910,cell_class,AN,3597,400,0.25,0.14285714285714285,0.05,0.009730330831248262,0.9015846538782318,0.03363914373088685,0.0008340283569641367,0.03113705865999444,0.022518765638031693,0.0005560189046427579,False,True,False,False,False,False,False
720575940653617910,cell_class,AN,3597,400,0.25,0.14285714285714285,0.1,0.009730330831248262,0.9015846538782318,0.03363914373088685,0.0008340283569641367,0.03113705865999444,0.022518765638031693,0.0005560189046427579,False,True,False,False,False,False,False
720575940653617910,cell_class,AN,3597,400,0.25,0.04,0.01,0.009730330831248262,0.9015846538782318,0.03363914373088685,0.0008340283569641367,0.03113705865999444,0.022518765638031693,0.0005560189046427579,False,True,True,False,False,False,False
720575940653617910,cell_class,AN,3597,400,0.25,0.04,0.05,0.009730330831248262,0.9015846538782318,0.03363914373088685,0.0008340283569641367,0.03113705865999444,0.022518765638031693,0.0005560189046427579,False,True,False,False,False,False,False
720575940653617910,cell_class,AN,3597,400,0.25,0.04,0.1,0.009730330831248262,0.9015846538782318,0.03363914373088685,0.0008340283569641367,0.03113705865999444,0.022518765638031693,0.0005560189046427579,False,True,False,False,False,False,False
720575940653617910,cell_class,AN,3597,400,0.25,0.02,0.01,0.009730330831248262,0.9015846538782318,0.03363914373088685,0.0008340283569641367,0.03113705865999444,0.022518765638031693,0.0005560189046427579,False,True,False,False,False,False,False
720575940653617910,cell_class,AN,3597,400,0.25,0.02,0.05,0.009730330831248262,0.9015846538782318,0.03363914373088685,0.0008340283569641367,0.03113705865999444,0.022518765638031693,0.0005560189046427579,False,False,False,False,False,False,False
720575940653617910,cell_class,AN,3597,400,0.25,0.02,0.1,0.009730330831248262,0.9015846538782318,0.03363914373088685,0.0008340283569641367,0.03113705865999444,0.022518765638031693,0.0005560189046427579,False,False,False,False,False,False,False
720575940653617910,cell_class,AN,3597,400,0.25,0.01,0.01,0.009730330831248262,0.9015846538782318,0.03363914373088685,0.0008340283569641367,0.03113705865999444,0.022518765638031693,0.0005560189046427579,False,True,False,False,False,False,False
720575940653617910,cell_class,AN,3597,400,0.25,0.01,0.05,0.009730330831248262,0.9015846538782318,0.03363914373088685,0.0008340283569641367,0.03113705865999444,0.022518765638031693,0.0005560189046427579,False,False,False,False,False,False,False
720575940653617910,cell_class,AN,3597,400,0.25,0.01,0.1,0.009730330831248262,0.9015846538782318,0.03363914373088685,0.0008340283569641367,0.03113705865999444,0.022518765638031693,0.0005560189046427579,False,False,False,False,False,False,False
720575940615500798,cell_class,AN,1334,400,0.25,0.14285714285714285,0.01,0.02623688155922039,0.17991004497751126,0.018740629685157422,0.02623688155922039,0.20614692653673164,0.5412293853073463,0.0014992503748125937,False,True,False,False,True,True,False
720575940615500798,cell_class,AN,1334,400,0.25,0.14285714285714285,0.05,0.02623688155922039,0.17991004497751126,0.018740629685157422,0.02623688155922039,0.20614692653673164,0.5412293853073463,0.0014992503748125937,False,True,False,False,True,True,False
720575940615500798,cell_class,AN,1334,400,0.25,0.14285714285714285,0.1,0.02623688155922039,0.17991004497751126,0.018740629685157422,0.02623688155922039,0.20614692653673164,0.5412293853073463,0.0014992503748125937,False,False,False,False,False,True,False
720575940615500798,cell_class,AN,1334,400,0.25,0.04,0.01,0.02623688155922039,0.17991004497751126,0.018740629685157422,0.02623688155922039,0.20614692653673164,0.5412293853073463,0.0014992503748125937,False,True,False,False,True,True,False
720575940615500798,cell_class,AN,1334,400,0.25,0.04,0.05,0.02623688155922039,0.17991004497751126,0.018740629685157422,0.02623688155922039,0.20614692653673164,0.5412293853073463,0.0014992503748125937,False,True,False,False,False,True,False
720575940615500798,cell_class,AN,1334,400,0.25,0.04,0.1,0.02623688155922039,0.17991004497751126,0.018740629685157422,0.02623688155922039,0.20614692653673164,0.5412293853073463,0.0014992503748125937,False,False,False,False,False,False,False
720575940615500798,cell_class,AN,1334,400,0.25,0.02,0.01,0.02623688155922039,0.17991004497751126,0.018740629685157422,0.02623688155922039,0.20614692653673164,0.5412293853073463,0.0014992503748125937,False,True,False,False,True,True,False
720575940615500798,cell_class,AN,1334,400,0.25,0.02,0.05,0.02623688155922039,0.17991004497751126,0.018740629685157422,0.02623688155922039,0.20614692653673164,0.5412293853073463,0.0014992503748125937,False,True,False,False,False,False,False
720575940615500798,cell_class,AN,1334,400,0.25,0.02,0.1,0.02623688155922039,0.17991004497751126,0.018740629685157422,0.02623688155922039,0.20614692653673164,0.5412293853073463,0.0014992503748125937,False,False,False,False,False,False,False
720575940615500798,cell_class,AN,1334,400,0.25,0.01,0.01,0.02623688155922039,0.17991004497751126,0.018740629685157422,0.02623688155922039,0.20614692653673164,0.5412293853073463,0.0014992503748125937,False,True,False,False,True,True,False
720575940615500798,cell_class,AN,1334,400,0.25,0.01,0.05,0.02623688155922039,0.17991004497751126,0.018740629685157422,0.02623688155922039,0.20614692653673164,0.5412293853073463,0.0014992503748125937,False,True,False,False,False,False,False
720575940615500798,cell_class,AN,1334,400,0.25,0.01,0.1,0.02623688155922039,0.17991004497751126,0.018740629685157422,0.02623688155922039,0.20614692653673164,0.5412293853073463,0.0014992503748125937,False,False,False,False,False,False,False
