root_id,classification_system,cell_type,num_synapses,min_synapses,softmax_threshold,bandwidth_quantile_value,min_synapses_ratio_value,GABA_ratio,ACh_ratio,Glut_ratio,Oct_ratio,Ser_ratio,DA_ratio,Unknown_ratio,GABA_clusters,ACh_clusters,Glut_clusters,Oct_clusters,Ser_clusters,DA_clusters,Unknown_clusters
720575940625530114,cell_class,AN,2920,400,0.25,0.14285714285714285,0.01,0.0017123287671232876,0.711986301369863,0.14623287671232876,0.0006849315068493151,0.07979452054794521,0.05958904109589041,0.0,False,True,True,False,True,True,
720575940625530114,cell_class,AN,2920,400,0.25,0.14285714285714285,0.05,0.0017123287671232876,0.711986301369863,0.14623287671232876,0.0006849315068493151,0.07979452054794521,0.05958904109589041,0.0,False,True,True,False,False,False,
720575940625530114,cell_class,AN,2920,400,0.25,0.14285714285714285,0.1,0.0017123287671232876,0.711986301369863,0.14623287671232876,0.0006849315068493151,0.07979452054794521,0.05958904109589041,0.0,False,True,False,False,False,False,
720575940625530114,cell_class,AN,2920,400,0.25,0.04,0.01,0.0017123287671232876,0.711986301369863,0.14623287671232876,0.0006849315068493151,0.07979452054794521,0.05958904109589041,0.0,False,True,True,False,True,True,
720575940625530114,cell_class,AN,2920,400,0.25,0.04,0.05,0.0017123287671232876,0.711986301369863,0.14623287671232876,0.0006849315068493151,0.07979452054794521,0.05958904109589041,0.0,False,True,False,False,False,False,
720575940625530114,cell_class,AN,2920,400,0.25,0.04,0.1,0.0017123287671232876,0.711986301369863,0.14623287671232876,0.0006849315068493151,0.07979452054794521,0.05958904109589041,0.0,False,False,False,False,False,False,
720575940625530114,cell_class,AN,2920,400,0.25,0.02,0.01,0.0017123287671232876,0.711986301369863,0.14623287671232876,0.0006849315068493151,0.07979452054794521,0.05958904109589041,0.0,False,True,True,False,True,False,
720575940625530114,cell_class,AN,2920,400,0.25,0.02,0.05,0.0017123287671232876,0.711986301369863,0.14623287671232876,0.0006849315068493151,0.07979452054794521,0.05958904109589041,0.0,False,False,False,False,False,False,
720575940625530114,cell_class,AN,2920,400,0.25,0.02,0.1,0.0017123287671232876,0.711986301369863,0.14623287671232876,0.0006849315068493151,0.07979452054794521,0.05958904109589041,0.0,False,False,False,False,False,False,
720575940625530114,cell_class,AN,2920,400,0.25,0.01,0.01,0.0017123287671232876,0.711986301369863,0.14623287671232876,0.0006849315068493151,0.07979452054794521,0.05958904109589041,0.0,False,True,True,False,True,False,
720575940625530114,cell_class,AN,2920,400,0.25,0.01,0.05,0.0017123287671232876,0.711986301369863,0.14623287671232876,0.0006849315068493151,0.07979452054794521,0.05958904109589041,0.0,False,False,False,False,False,False,
720575940625530114,cell_class,AN,2920,400,0.25,0.01,0.1,0.0017123287671232876,0.711986301369863,0.14623287671232876,0.0006849315068493151,0.07979452054794521,0.05958904109589041,0.0,False,False,False,False,False,False,
720575940626021016,cell_class,AN,1386,400,0.25,0.14285714285714285,0.01,0.007215007215007215,0.6190476190476191,0.016594516594516596,0.002886002886002886,0.33405483405483405,0.020202020202020204,0.0,False,True,False,False,True,True,
720575940626021016,cell_class,AN,1386,400,0.25,0.14285714285714285,0.05,0.007215007215007215,0.6190476190476191,0.016594516594516596,0.002886002886002886,0.33405483405483405,0.020202020202020204,0.0,False,True,False,False,True,False,
720575940626021016,cell_class,AN,1386,400,0.25,0.14285714285714285,0.1,0.007215007215007215,0.6190476190476191,0.016594516594516596,0.002886002886002886,0.33405483405483405,0.020202020202020204,0.0,False,True,False,False,True,False,
720575940626021016,cell_class,AN,1386,400,0.25,0.04,0.01,0.007215007215007215,0.6190476190476191,0.016594516594516596,0.002886002886002886,0.33405483405483405,0.020202020202020204,0.0,False,True,False,False,True,False,
720575940626021016,cell_class,AN,1386,400,0.25,0.04,0.05,0.007215007215007215,0.6190476190476191,0.016594516594516596,0.002886002886002886,0.33405483405483405,0.020202020202020204,0.0,False,True,False,False,False,False,
720575940626021016,cell_class,AN,1386,400,0.25,0.04,0.1,0.007215007215007215,0.6190476190476191,0.016594516594516596,0.002886002886002886,0.33405483405483405,0.020202020202020204,0.0,False,True,False,False,False,False,
720575940626021016,cell_class,AN,1386,400,0.25,0.02,0.01,0.007215007215007215,0.6190476190476191,0.016594516594516596,0.002886002886002886,0.33405483405483405,0.020202020202020204,0.0,False,True,False,False,True,False,
720575940626021016,cell_class,AN,1386,400,0.25,0.02,0.05,0.007215007215007215,0.6190476190476191,0.016594516594516596,0.002886002886002886,0.33405483405483405,0.020202020202020204,0.0,False,True,False,False,False,False,
720575940626021016,cell_class,AN,1386,400,0.25,0.02,0.1,0.007215007215007215,0.6190476190476191,0.016594516594516596,0.002886002886002886,0.33405483405483405,0.020202020202020204,0.0,False,False,False,False,False,False,
720575940626021016,cell_class,AN,1386,400,0.25,0.01,0.01,0.007215007215007215,0.6190476190476191,0.016594516594516596,0.002886002886002886,0.33405483405483405,0.020202020202020204,0.0,False,True,False,False,True,False,
720575940626021016,cell_class,AN,1386,400,0.25,0.01,0.05,0.007215007215007215,0.6190476190476191,0.016594516594516596,0.002886002886002886,0.33405483405483405,0.020202020202020204,0.0,False,True,False,False,False,False,
720575940626021016,cell_class,AN,1386,400,0.25,0.01,0.1,0.007215007215007215,0.6190476190476191,0.016594516594516596,0.002886002886002886,0.33405483405483405,0.020202020202020204,0.0,False,False,False,False,False,False,
720575940620094366,cell_class,AN,1852,400,0.25,0.14285714285714285,0.01,0.588012958963283,0.24676025917926567,0.025377969762419007,0.00755939524838013,0.08045356371490281,0.05129589632829374,0.0005399568034557236,True,True,True,False,True,True,
720575940620094366,cell_class,AN,1852,400,0.25,0.14285714285714285,0.05,0.588012958963283,0.24676025917926567,0.025377969762419007,0.00755939524838013,0.08045356371490281,0.05129589632829374,0.0005399568034557236,True,True,False,False,False,False,
720575940620094366,cell_class,AN,1852,400,0.25,0.14285714285714285,0.1,0.588012958963283,0.24676025917926567,0.025377969762419007,0.00755939524838013,0.08045356371490281,0.05129589632829374,0.0005399568034557236,True,False,False,False,False,False,
720575940620094366,cell_class,AN,1852,400,0.25,0.04,0.01,0.588012958963283,0.24676025917926567,0.025377969762419007,0.00755939524838013,0.08045356371490281,0.05129589632829374,0.0005399568034557236,True,True,False,False,True,True,
720575940620094366,cell_class,AN,1852,400,0.25,0.04,0.05,0.588012958963283,0.24676025917926567,0.025377969762419007,0.00755939524838013,0.08045356371490281,0.05129589632829374,0.0005399568034557236,True,True,False,False,False,False,
720575940620094366,cell_class,AN,1852,400,0.25,0.04,0.1,0.588012958963283,0.24676025917926567,0.025377969762419007,0.00755939524838013,0.08045356371490281,0.05129589632829374,0.0005399568034557236,False,False,False,False,False,False,
720575940620094366,cell_class,AN,1852,400,0.25,0.02,0.01,0.588012958963283,0.24676025917926567,0.025377969762419007,0.00755939524838013,0.08045356371490281,0.05129589632829374,0.0005399568034557236,True,True,False,False,False,True,
720575940620094366,cell_class,AN,1852,400,0.25,0.02,0.05,0.588012958963283,0.24676025917926567,0.025377969762419007,0.00755939524838013,0.08045356371490281,0.05129589632829374,0.0005399568034557236,False,False,False,False,False,False,
720575940620094366,cell_class,AN,1852,400,0.25,0.02,0.1,0.588012958963283,0.24676025917926567,0.025377969762419007,0.00755939524838013,0.08045356371490281,0.05129589632829374,0.0005399568034557236,False,False,False,False,False,False,
720575940620094366,cell_class,AN,1852,400,0.25,0.01,0.01,0.588012958963283,0.24676025917926567,0.025377969762419007,0.00755939524838013,0.08045356371490281,0.05129589632829374,0.0005399568034557236,True,True,False,False,False,False,
720575940620094366,cell_class,AN,1852,400,0.25,0.01,0.05,0.588012958963283,0.24676025917926567,0.025377969762419007,0.00755939524838013,0.08045356371490281,0.05129589632829374,0.0005399568034557236,False,False,False,False,False,False,
720575940620094366,cell_class,AN,1852,400,0.25,0.01,0.1,0.588012958963283,0.24676025917926567,0.025377969762419007,0.00755939524838013,0.08045356371490281,0.05129589632829374,0.0005399568034557236,False,False,False,False,False,False,
720575940617084673,cell_class,AN,10706,400,0.25,0.14285714285714285,0.01,0.01896133009527368,0.9479730991967121,0.006631795254997198,0.0024285447412665793,0.019428357930132634,0.004390061647674201,0.00018681113394358303,True,True,False,False,False,False,False
720575940617084673,cell_class,AN,10706,400,0.25,0.14285714285714285,0.05,0.01896133009527368,0.9479730991967121,0.006631795254997198,0.0024285447412665793,0.019428357930132634,0.004390061647674201,0.00018681113394358303,False,True,False,False,False,False,False
720575940617084673,cell_class,AN,10706,400,0.25,0.14285714285714285,0.1,0.01896133009527368,0.9479730991967121,0.006631795254997198,0.0024285447412665793,0.019428357930132634,0.004390061647674201,0.00018681113394358303,False,True,False,False,False,False,False
720575940617084673,cell_class,AN,10706,400,0.25,0.04,0.01,0.01896133009527368,0.9479730991967121,0.006631795254997198,0.0024285447412665793,0.019428357930132634,0.004390061647674201,0.00018681113394358303,False,True,False,False,False,False,False
720575940617084673,cell_class,AN,10706,400,0.25,0.04,0.05,0.01896133009527368,0.9479730991967121,0.006631795254997198,0.0024285447412665793,0.019428357930132634,0.004390061647674201,0.00018681113394358303,False,True,False,False,False,False,False
720575940617084673,cell_class,AN,10706,400,0.25,0.04,0.1,0.01896133009527368,0.9479730991967121,0.006631795254997198,0.0024285447412665793,0.019428357930132634,0.004390061647674201,0.00018681113394358303,False,True,False,False,False,False,False
720575940617084673,cell_class,AN,10706,400,0.25,0.02,0.01,0.01896133009527368,0.9479730991967121,0.006631795254997198,0.0024285447412665793,0.019428357930132634,0.004390061647674201,0.00018681113394358303,False,True,False,False,False,False,False
720575940617084673,cell_class,AN,10706,400,0.25,0.02,0.05,0.01896133009527368,0.9479730991967121,0.006631795254997198,0.0024285447412665793,0.019428357930132634,0.004390061647674201,0.00018681113394358303,False,True,False,False,False,False,False
720575940617084673,cell_class,AN,10706,400,0.25,0.02,0.1,0.01896133009527368,0.9479730991967121,0.006631795254997198,0.0024285447412665793,0.019428357930132634,0.004390061647674201,0.00018681113394358303,False,True,False,False,False,False,False
720575940617084673,cell_class,AN,10706,400,0.25,0.01,0.01,0.01896133009527368,0.9479730991967121,0.006631795254997198,0.0024285447412665793,0.019428357930132634,0.004390061647674201,0.00018681113394358303,False,True,False,False,False,False,False
720575940617084673,cell_class,AN,10706,400,0.25,0.01,0.05,0.01896133009527368,0.9479730991967121,0.006631795254997198,0.0024285447412665793,0.019428357930132634,0.004390061647674201,0.00018681113394358303,False,False,False,False,False,False,False
720575940617084673,cell_class,AN,10706,400,0.25,0.01,0.1,0.01896133009527368,0.9479730991967121,0.006631795254997198,0.0024285447412665793,0.019428357930132634,0.004390061647674201,0.00018681113394358303,False,False,False,False,False,False,False
720575940635044344,cell_class,AN,887,400,0.25,0.14285714285714285,0.01,0.02480270574971815,0.9052987598647125,0.02593010146561443,0.0,0.040586245772266064,0.0033821871476888386,0.0,True,True,True,,True,False,
720575940635044344,cell_class,AN,887,400,0.25,0.14285714285714285,0.05,0.02480270574971815,0.9052987598647125,0.02593010146561443,0.0,0.040586245772266064,0.0033821871476888386,0.0,False,True,False,,False,False,
720575940635044344,cell_class,AN,887,400,0.25,0.14285714285714285,0.1,0.02480270574971815,0.9052987598647125,0.02593010146561443,0.0,0.040586245772266064,0.0033821871476888386,0.0,False,True,False,,False,False,
720575940635044344,cell_class,AN,887,400,0.25,0.04,0.01,0.02480270574971815,0.9052987598647125,0.02593010146561443,0.0,0.040586245772266064,0.0033821871476888386,0.0,False,True,True,,False,False,
720575940635044344,cell_class,AN,887,400,0.25,0.04,0.05,0.02480270574971815,0.9052987598647125,0.02593010146561443,0.0,0.040586245772266064,0.0033821871476888386,0.0,False,True,False,,False,False,
720575940635044344,cell_class,AN,887,400,0.25,0.04,0.1,0.02480270574971815,0.9052987598647125,0.02593010146561443,0.0,0.040586245772266064,0.0033821871476888386,0.0,False,True,False,,False,False,
720575940635044344,cell_class,AN,887,400,0.25,0.02,0.01,0.02480270574971815,0.9052987598647125,0.02593010146561443,0.0,0.040586245772266064,0.0033821871476888386,0.0,False,True,True,,False,False,
720575940635044344,cell_class,AN,887,400,0.25,0.02,0.05,0.02480270574971815,0.9052987598647125,0.02593010146561443,0.0,0.040586245772266064,0.0033821871476888386,0.0,False,True,False,,False,False,
720575940635044344,cell_class,AN,887,400,0.25,0.02,0.1,0.02480270574971815,0.9052987598647125,0.02593010146561443,0.0,0.040586245772266064,0.0033821871476888386,0.0,False,False,False,,False,False,
720575940635044344,cell_class,AN,887,400,0.25,0.01,0.01,0.02480270574971815,0.9052987598647125,0.02593010146561443,0.0,0.040586245772266064,0.0033821871476888386,0.0,False,True,True,,False,False,
720575940635044344,cell_class,AN,887,400,0.25,0.01,0.05,0.02480270574971815,0.9052987598647125,0.02593010146561443,0.0,0.040586245772266064,0.0033821871476888386,0.0,False,False,False,,False,False,
720575940635044344,cell_class,AN,887,400,0.25,0.01,0.1,0.02480270574971815,0.9052987598647125,0.02593010146561443,0.0,0.040586245772266064,0.0033821871476888386,0.0,False,False,False,,False,False,
720575940602703072,cell_class,AN,2936,400,0.25,0.14285714285714285,0.01,0.0044277929155313355,0.3760217983651226,0.06130790190735695,0.005108991825613079,0.43630790190735697,0.11614441416893732,0.0006811989100817438,False,True,True,False,True,True,False
720575940602703072,cell_class,AN,2936,400,0.25,0.14285714285714285,0.05,0.0044277929155313355,0.3760217983651226,0.06130790190735695,0.005108991825613079,0.43630790190735697,0.11614441416893732,0.0006811989100817438,False,True,False,False,True,True,False
720575940602703072,cell_class,AN,2936,400,0.25,0.14285714285714285,0.1,0.0044277929155313355,0.3760217983651226,0.06130790190735695,0.005108991825613079,0.43630790190735697,0.11614441416893732,0.0006811989100817438,False,True,False,False,True,False,False
720575940602703072,cell_class,AN,2936,400,0.25,0.04,0.01,0.0044277929155313355,0.3760217983651226,0.06130790190735695,0.005108991825613079,0.43630790190735697,0.11614441416893732,0.0006811989100817438,False,True,True,False,True,True,False
720575940602703072,cell_class,AN,2936,400,0.25,0.04,0.05,0.0044277929155313355,0.3760217983651226,0.06130790190735695,0.005108991825613079,0.43630790190735697,0.11614441416893732,0.0006811989100817438,False,True,False,False,True,False,False
720575940602703072,cell_class,AN,2936,400,0.25,0.04,0.1,0.0044277929155313355,0.3760217983651226,0.06130790190735695,0.005108991825613079,0.43630790190735697,0.11614441416893732,0.0006811989100817438,False,False,False,False,False,False,False
720575940602703072,cell_class,AN,2936,400,0.25,0.02,0.01,0.0044277929155313355,0.3760217983651226,0.06130790190735695,0.005108991825613079,0.43630790190735697,0.11614441416893732,0.0006811989100817438,False,True,True,False,True,True,False
720575940602703072,cell_class,AN,2936,400,0.25,0.02,0.05,0.0044277929155313355,0.3760217983651226,0.06130790190735695,0.005108991825613079,0.43630790190735697,0.11614441416893732,0.0006811989100817438,False,False,False,False,False,False,False
720575940602703072,cell_class,AN,2936,400,0.25,0.02,0.1,0.0044277929155313355,0.3760217983651226,0.06130790190735695,0.005108991825613079,0.43630790190735697,0.11614441416893732,0.0006811989100817438,False,False,False,False,False,False,False
720575940602703072,cell_class,AN,2936,400,0.25,0.01,0.01,0.0044277929155313355,0.3760217983651226,0.06130790190735695,0.005108991825613079,0.43630790190735697,0.11614441416893732,0.0006811989100817438,False,True,False,False,True,True,False
720575940602703072,cell_class,AN,2936,400,0.25,0.01,0.05,0.0044277929155313355,0.3760217983651226,0.06130790190735695,0.005108991825613079,0.43630790190735697,0.11614441416893732,0.0006811989100817438,False,False,False,False,False,False,False
720575940602703072,cell_class,AN,2936,400,0.25,0.01,0.1,0.0044277929155313355,0.3760217983651226,0.06130790190735695,0.005108991825613079,0.43630790190735697,0.11614441416893732,0.0006811989100817438,False,False,False,False,False,False,False
720575940634629353,cell_class,AN,906,400,0.25,0.14285714285714285,0.01,0.08830022075055188,0.18763796909492272,0.3818984547461369,0.005518763796909493,0.15894039735099338,0.17770419426048564,0.0,True,True,True,False,True,True,
720575940634629353,cell_class,AN,906,400,0.25,0.14285714285714285,0.05,0.08830022075055188,0.18763796909492272,0.3818984547461369,0.005518763796909493,0.15894039735099338,0.17770419426048564,0.0,False,True,True,False,False,True,
720575940634629353,cell_class,AN,906,400,0.25,0.14285714285714285,0.1,0.08830022075055188,0.18763796909492272,0.3818984547461369,0.005518763796909493,0.15894039735099338,0.17770419426048564,0.0,False,False,False,False,False,False,
720575940634629353,cell_class,AN,906,400,0.25,0.04,0.01,0.08830022075055188,0.18763796909492272,0.3818984547461369,0.005518763796909493,0.15894039735099338,0.17770419426048564,0.0,True,True,True,False,True,True,
720575940634629353,cell_class,AN,906,400,0.25,0.04,0.05,0.08830022075055188,0.18763796909492272,0.3818984547461369,0.005518763796909493,0.15894039735099338,0.17770419426048564,0.0,False,True,True,False,False,False,
720575940634629353,cell_class,AN,906,400,0.25,0.04,0.1,0.08830022075055188,0.18763796909492272,0.3818984547461369,0.005518763796909493,0.15894039735099338,0.17770419426048564,0.0,False,False,False,False,False,False,
720575940634629353,cell_class,AN,906,400,0.25,0.02,0.01,0.08830022075055188,0.18763796909492272,0.3818984547461369,0.005518763796909493,0.15894039735099338,0.17770419426048564,0.0,True,True,True,False,True,True,
720575940634629353,cell_class,AN,906,400,0.25,0.02,0.05,0.08830022075055188,0.18763796909492272,0.3818984547461369,0.005518763796909493,0.15894039735099338,0.17770419426048564,0.0,False,False,True,False,False,False,
720575940634629353,cell_class,AN,906,400,0.25,0.02,0.1,0.08830022075055188,0.18763796909492272,0.3818984547461369,0.005518763796909493,0.15894039735099338,0.17770419426048564,0.0,False,False,False,False,False,False,
720575940634629353,cell_class,AN,906,400,0.25,0.01,0.01,0.08830022075055188,0.18763796909492272,0.3818984547461369,0.005518763796909493,0.15894039735099338,0.17770419426048564,0.0,True,True,True,False,True,True,
720575940634629353,cell_class,AN,906,400,0.25,0.01,0.05,0.08830022075055188,0.18763796909492272,0.3818984547461369,0.005518763796909493,0.15894039735099338,0.17770419426048564,0.0,False,False,False,False,False,False,
720575940634629353,cell_class,AN,906,400,0.25,0.01,0.1,0.08830022075055188,0.18763796909492272,0.3818984547461369,0.005518763796909493,0.15894039735099338,0.17770419426048564,0.0,False,False,False,False,False,False,
720575940631505711,cell_class,AN,6677,400,0.25,0.14285714285714285,0.01,0.01168189306574809,0.8536768009585143,0.024412161150217163,0.0002995357196345664,0.08641605511457241,0.02336378613149618,0.0001497678598172832,False,True,True,False,True,False,
720575940631505711,cell_class,AN,6677,400,0.25,0.14285714285714285,0.05,0.01168189306574809,0.8536768009585143,0.024412161150217163,0.0002995357196345664,0.08641605511457241,0.02336378613149618,0.0001497678598172832,False,True,False,False,False,False,
720575940631505711,cell_class,AN,6677,400,0.25,0.14285714285714285,0.1,0.01168189306574809,0.8536768009585143,0.024412161150217163,0.0002995357196345664,0.08641605511457241,0.02336378613149618,0.0001497678598172832,False,True,False,False,False,False,
720575940631505711,cell_class,AN,6677,400,0.25,0.04,0.01,0.01168189306574809,0.8536768009585143,0.024412161150217163,0.0002995357196345664,0.08641605511457241,0.02336378613149618,0.0001497678598172832,False,True,False,False,True,False,
720575940631505711,cell_class,AN,6677,400,0.25,0.04,0.05,0.01168189306574809,0.8536768009585143,0.024412161150217163,0.0002995357196345664,0.08641605511457241,0.02336378613149618,0.0001497678598172832,False,True,False,False,False,False,
720575940631505711,cell_class,AN,6677,400,0.25,0.04,0.1,0.01168189306574809,0.8536768009585143,0.024412161150217163,0.0002995357196345664,0.08641605511457241,0.02336378613149618,0.0001497678598172832,False,False,False,False,False,False,
720575940631505711,cell_class,AN,6677,400,0.25,0.02,0.01,0.01168189306574809,0.8536768009585143,0.024412161150217163,0.0002995357196345664,0.08641605511457241,0.02336378613149618,0.0001497678598172832,False,True,False,False,False,False,
720575940631505711,cell_class,AN,6677,400,0.25,0.02,0.05,0.01168189306574809,0.8536768009585143,0.024412161150217163,0.0002995357196345664,0.08641605511457241,0.02336378613149618,0.0001497678598172832,False,True,False,False,False,False,
720575940631505711,cell_class,AN,6677,400,0.25,0.02,0.1,0.01168189306574809,0.8536768009585143,0.024412161150217163,0.0002995357196345664,0.08641605511457241,0.02336378613149618,0.0001497678598172832,False,False,False,False,False,False,
720575940631505711,cell_class,AN,6677,400,0.25,0.01,0.01,0.01168189306574809,0.8536768009585143,0.024412161150217163,0.0002995357196345664,0.08641605511457241,0.02336378613149618,0.0001497678598172832,False,True,False,False,False,False,
720575940631505711,cell_class,AN,6677,400,0.25,0.01,0.05,0.01168189306574809,0.8536768009585143,0.024412161150217163,0.0002995357196345664,0.08641605511457241,0.02336378613149618,0.0001497678598172832,False,False,False,False,False,False,
720575940631505711,cell_class,AN,6677,400,0.25,0.01,0.1,0.01168189306574809,0.8536768009585143,0.024412161150217163,0.0002995357196345664,0.08641605511457241,0.02336378613149618,0.0001497678598172832,False,False,False,False,False,False,
720575940628435151,cell_class,AN,4812,400,0.25,0.14285714285714285,0.01,0.006442227763923524,0.9027431421446384,0.07086450540315876,0.0010390689941812137,0.010806317539484621,0.007896924355777223,0.00020781379883624273,False,True,True,False,False,False,
720575940628435151,cell_class,AN,4812,400,0.25,0.14285714285714285,0.05,0.006442227763923524,0.9027431421446384,0.07086450540315876,0.0010390689941812137,0.010806317539484621,0.007896924355777223,0.00020781379883624273,False,True,False,False,False,False,
720575940628435151,cell_class,AN,4812,400,0.25,0.14285714285714285,0.1,0.006442227763923524,0.9027431421446384,0.07086450540315876,0.0010390689941812137,0.010806317539484621,0.007896924355777223,0.00020781379883624273,False,True,False,False,False,False,
720575940628435151,cell_class,AN,4812,400,0.25,0.04,0.01,0.006442227763923524,0.9027431421446384,0.07086450540315876,0.0010390689941812137,0.010806317539484621,0.007896924355777223,0.00020781379883624273,False,True,True,False,False,False,
720575940628435151,cell_class,AN,4812,400,0.25,0.04,0.05,0.006442227763923524,0.9027431421446384,0.07086450540315876,0.0010390689941812137,0.010806317539484621,0.007896924355777223,0.00020781379883624273,False,True,False,False,False,False,
720575940628435151,cell_class,AN,4812,400,0.25,0.04,0.1,0.006442227763923524,0.9027431421446384,0.07086450540315876,0.0010390689941812137,0.010806317539484621,0.007896924355777223,0.00020781379883624273,False,True,False,False,False,False,
720575940628435151,cell_class,AN,4812,400,0.25,0.02,0.01,0.006442227763923524,0.9027431421446384,0.07086450540315876,0.0010390689941812137,0.010806317539484621,0.007896924355777223,0.00020781379883624273,False,True,True,False,False,False,
720575940628435151,cell_class,AN,4812,400,0.25,0.02,0.05,0.006442227763923524,0.9027431421446384,0.07086450540315876,0.0010390689941812137,0.010806317539484621,0.007896924355777223,0.00020781379883624273,False,True,False,False,False,False,
720575940628435151,cell_class,AN,4812,400,0.25,0.02,0.1,0.006442227763923524,0.9027431421446384,0.07086450540315876,0.0010390689941812137,0.010806317539484621,0.007896924355777223,0.00020781379883624273,False,False,False,False,False,False,
720575940628435151,cell_class,AN,4812,400,0.25,0.01,0.01,0.006442227763923524,0.9027431421446384,0.07086450540315876,0.0010390689941812137,0.010806317539484621,0.007896924355777223,0.00020781379883624273,False,True,True,False,False,False,
720575940628435151,cell_class,AN,4812,400,0.25,0.01,0.05,0.006442227763923524,0.9027431421446384,0.07086450540315876,0.0010390689941812137,0.010806317539484621,0.007896924355777223,0.00020781379883624273,False,True,False,False,False,False,
720575940628435151,cell_class,AN,4812,400,0.25,0.01,0.1,0.006442227763923524,0.9027431421446384,0.07086450540315876,0.0010390689941812137,0.010806317539484621,0.007896924355777223,0.00020781379883624273,False,False,False,False,False,False,
720575940631283727,cell_class,AN,4452,400,0.25,0.14285714285714285,0.01,0.009658580413297395,0.9642857142857143,0.013701707097933512,0.00022461814914645105,0.005390835579514825,0.00651392632524708,0.00022461814914645105,False,True,False,,False,False,
720575940631283727,cell_class,AN,4452,400,0.25,0.14285714285714285,0.05,0.009658580413297395,0.9642857142857143,0.013701707097933512,0.00022461814914645105,0.005390835579514825,0.00651392632524708,0.00022461814914645105,False,True,False,,False,False,
720575940631283727,cell_class,AN,4452,400,0.25,0.14285714285714285,0.1,0.009658580413297395,0.9642857142857143,0.013701707097933512,0.00022461814914645105,0.005390835579514825,0.00651392632524708,0.00022461814914645105,False,True,False,,False,False,
720575940631283727,cell_class,AN,4452,400,0.25,0.04,0.01,0.009658580413297395,0.9642857142857143,0.013701707097933512,0.00022461814914645105,0.005390835579514825,0.00651392632524708,0.00022461814914645105,False,True,False,,False,False,
720575940631283727,cell_class,AN,4452,400,0.25,0.04,0.05,0.009658580413297395,0.9642857142857143,0.013701707097933512,0.00022461814914645105,0.005390835579514825,0.00651392632524708,0.00022461814914645105,False,True,False,,False,False,
720575940631283727,cell_class,AN,4452,400,0.25,0.04,0.1,0.009658580413297395,0.9642857142857143,0.013701707097933512,0.00022461814914645105,0.005390835579514825,0.00651392632524708,0.00022461814914645105,False,True,False,,False,False,
720575940631283727,cell_class,AN,4452,400,0.25,0.02,0.01,0.009658580413297395,0.9642857142857143,0.013701707097933512,0.00022461814914645105,0.005390835579514825,0.00651392632524708,0.00022461814914645105,False,True,False,,False,False,
720575940631283727,cell_class,AN,4452,400,0.25,0.02,0.05,0.009658580413297395,0.9642857142857143,0.013701707097933512,0.00022461814914645105,0.005390835579514825,0.00651392632524708,0.00022461814914645105,False,True,False,,False,False,
720575940631283727,cell_class,AN,4452,400,0.25,0.02,0.1,0.009658580413297395,0.9642857142857143,0.013701707097933512,0.00022461814914645105,0.005390835579514825,0.00651392632524708,0.00022461814914645105,False,False,False,,False,False,
720575940631283727,cell_class,AN,4452,400,0.25,0.01,0.01,0.009658580413297395,0.9642857142857143,0.013701707097933512,0.00022461814914645105,0.005390835579514825,0.00651392632524708,0.00022461814914645105,False,True,False,,False,False,
720575940631283727,cell_class,AN,4452,400,0.25,0.01,0.05,0.009658580413297395,0.9642857142857143,0.013701707097933512,0.00022461814914645105,0.005390835579514825,0.00651392632524708,0.00022461814914645105,False,False,False,,False,False,
720575940631283727,cell_class,AN,4452,400,0.25,0.01,0.1,0.009658580413297395,0.9642857142857143,0.013701707097933512,0.00022461814914645105,0.005390835579514825,0.00651392632524708,0.00022461814914645105,False,False,False,,False,False,
720575940627175445,cell_class,AN,5580,400,0.25,0.14285714285714285,0.01,0.006630824372759856,0.9711469534050179,0.007526881720430108,0.002688172043010753,0.002867383512544803,0.008960573476702509,0.00017921146953405018,False,True,False,False,False,False,
720575940627175445,cell_class,AN,5580,400,0.25,0.14285714285714285,0.05,0.006630824372759856,0.9711469534050179,0.007526881720430108,0.002688172043010753,0.002867383512544803,0.008960573476702509,0.00017921146953405018,False,True,False,False,False,False,
720575940627175445,cell_class,AN,5580,400,0.25,0.14285714285714285,0.1,0.006630824372759856,0.9711469534050179,0.007526881720430108,0.002688172043010753,0.002867383512544803,0.008960573476702509,0.00017921146953405018,False,True,False,False,False,False,
720575940627175445,cell_class,AN,5580,400,0.25,0.04,0.01,0.006630824372759856,0.9711469534050179,0.007526881720430108,0.002688172043010753,0.002867383512544803,0.008960573476702509,0.00017921146953405018,False,True,False,False,False,False,
720575940627175445,cell_class,AN,5580,400,0.25,0.04,0.05,0.006630824372759856,0.9711469534050179,0.007526881720430108,0.002688172043010753,0.002867383512544803,0.008960573476702509,0.00017921146953405018,False,True,False,False,False,False,
720575940627175445,cell_class,AN,5580,400,0.25,0.04,0.1,0.006630824372759856,0.9711469534050179,0.007526881720430108,0.002688172043010753,0.002867383512544803,0.008960573476702509,0.00017921146953405018,False,False,False,False,False,False,
720575940627175445,cell_class,AN,5580,400,0.25,0.02,0.01,0.006630824372759856,0.9711469534050179,0.007526881720430108,0.002688172043010753,0.002867383512544803,0.008960573476702509,0.00017921146953405018,False,True,False,False,False,False,
720575940627175445,cell_class,AN,5580,400,0.25,0.02,0.05,0.006630824372759856,0.9711469534050179,0.007526881720430108,0.002688172043010753,0.002867383512544803,0.008960573476702509,0.00017921146953405018,False,False,False,False,False,False,
720575940627175445,cell_class,AN,5580,400,0.25,0.02,0.1,0.006630824372759856,0.9711469534050179,0.007526881720430108,0.002688172043010753,0.002867383512544803,0.008960573476702509,0.00017921146953405018,False,False,False,False,False,False,
720575940627175445,cell_class,AN,5580,400,0.25,0.01,0.01,0.006630824372759856,0.9711469534050179,0.007526881720430108,0.002688172043010753,0.002867383512544803,0.008960573476702509,0.00017921146953405018,False,True,False,False,False,False,
720575940627175445,cell_class,AN,5580,400,0.25,0.01,0.05,0.006630824372759856,0.9711469534050179,0.007526881720430108,0.002688172043010753,0.002867383512544803,0.008960573476702509,0.00017921146953405018,False,False,False,False,False,False,
720575940627175445,cell_class,AN,5580,400,0.25,0.01,0.1,0.006630824372759856,0.9711469534050179,0.007526881720430108,0.002688172043010753,0.002867383512544803,0.008960573476702509,0.00017921146953405018,False,False,False,False,False,False,
720575940616194443,cell_class,AN,8437,400,0.25,0.14285714285714285,0.01,0.006755955908498281,0.9457153016475051,0.03342420291572834,0.0024890363873414723,0.004148393978902453,0.0073485836197700605,0.00011852554225435582,False,True,True,False,False,False,
720575940616194443,cell_class,AN,8437,400,0.25,0.14285714285714285,0.05,0.006755955908498281,0.9457153016475051,0.03342420291572834,0.0024890363873414723,0.004148393978902453,0.0073485836197700605,0.00011852554225435582,False,True,False,False,False,False,
720575940616194443,cell_class,AN,8437,400,0.25,0.14285714285714285,0.1,0.006755955908498281,0.9457153016475051,0.03342420291572834,0.0024890363873414723,0.004148393978902453,0.0073485836197700605,0.00011852554225435582,False,True,False,False,False,False,
720575940616194443,cell_class,AN,8437,400,0.25,0.04,0.01,0.006755955908498281,0.9457153016475051,0.03342420291572834,0.0024890363873414723,0.004148393978902453,0.0073485836197700605,0.00011852554225435582,False,True,True,False,False,False,
720575940616194443,cell_class,AN,8437,400,0.25,0.04,0.05,0.006755955908498281,0.9457153016475051,0.03342420291572834,0.0024890363873414723,0.004148393978902453,0.0073485836197700605,0.00011852554225435582,False,True,False,False,False,False,
720575940616194443,cell_class,AN,8437,400,0.25,0.04,0.1,0.006755955908498281,0.9457153016475051,0.03342420291572834,0.0024890363873414723,0.004148393978902453,0.0073485836197700605,0.00011852554225435582,False,True,False,False,False,False,
720575940616194443,cell_class,AN,8437,400,0.25,0.02,0.01,0.006755955908498281,0.9457153016475051,0.03342420291572834,0.0024890363873414723,0.004148393978902453,0.0073485836197700605,0.00011852554225435582,False,True,False,False,False,False,
720575940616194443,cell_class,AN,8437,400,0.25,0.02,0.05,0.006755955908498281,0.9457153016475051,0.03342420291572834,0.0024890363873414723,0.004148393978902453,0.0073485836197700605,0.00011852554225435582,False,True,False,False,False,False,
720575940616194443,cell_class,AN,8437,400,0.25,0.02,0.1,0.006755955908498281,0.9457153016475051,0.03342420291572834,0.0024890363873414723,0.004148393978902453,0.0073485836197700605,0.00011852554225435582,False,False,False,False,False,False,
720575940616194443,cell_class,AN,8437,400,0.25,0.01,0.01,0.006755955908498281,0.9457153016475051,0.03342420291572834,0.0024890363873414723,0.004148393978902453,0.0073485836197700605,0.00011852554225435582,False,True,False,False,False,False,
720575940616194443,cell_class,AN,8437,400,0.25,0.01,0.05,0.006755955908498281,0.9457153016475051,0.03342420291572834,0.0024890363873414723,0.004148393978902453,0.0073485836197700605,0.00011852554225435582,False,False,False,False,False,False,
720575940616194443,cell_class,AN,8437,400,0.25,0.01,0.1,0.006755955908498281,0.9457153016475051,0.03342420291572834,0.0024890363873414723,0.004148393978902453,0.0073485836197700605,0.00011852554225435582,False,False,False,False,False,False,
720575940622416628,cell_class,AN,14274,400,0.25,0.14285714285714285,0.01,0.01254028303208631,0.9498388678716547,0.02508056606417262,0.0025220680958385876,0.004343561720610901,0.005604595768530195,7.005744710662743e-05,False,True,True,False,False,False,
720575940622416628,cell_class,AN,14274,400,0.25,0.14285714285714285,0.05,0.01254028303208631,0.9498388678716547,0.02508056606417262,0.0025220680958385876,0.004343561720610901,0.005604595768530195,7.005744710662743e-05,False,True,False,False,False,False,
720575940622416628,cell_class,AN,14274,400,0.25,0.14285714285714285,0.1,0.01254028303208631,0.9498388678716547,0.02508056606417262,0.0025220680958385876,0.004343561720610901,0.005604595768530195,7.005744710662743e-05,False,True,False,False,False,False,
720575940622416628,cell_class,AN,14274,400,0.25,0.04,0.01,0.01254028303208631,0.9498388678716547,0.02508056606417262,0.0025220680958385876,0.004343561720610901,0.005604595768530195,7.005744710662743e-05,False,True,False,False,False,False,
720575940622416628,cell_class,AN,14274,400,0.25,0.04,0.05,0.01254028303208631,0.9498388678716547,0.02508056606417262,0.0025220680958385876,0.004343561720610901,0.005604595768530195,7.005744710662743e-05,False,True,False,False,False,False,
720575940622416628,cell_class,AN,14274,400,0.25,0.04,0.1,0.01254028303208631,0.9498388678716547,0.02508056606417262,0.0025220680958385876,0.004343561720610901,0.005604595768530195,7.005744710662743e-05,False,True,False,False,False,False,
720575940622416628,cell_class,AN,14274,400,0.25,0.02,0.01,0.01254028303208631,0.9498388678716547,0.02508056606417262,0.0025220680958385876,0.004343561720610901,0.005604595768530195,7.005744710662743e-05,False,True,False,False,False,False,
720575940622416628,cell_class,AN,14274,400,0.25,0.02,0.05,0.01254028303208631,0.9498388678716547,0.02508056606417262,0.0025220680958385876,0.004343561720610901,0.005604595768530195,7.005744710662743e-05,False,True,False,False,False,False,
720575940622416628,cell_class,AN,14274,400,0.25,0.02,0.1,0.01254028303208631,0.9498388678716547,0.02508056606417262,0.0025220680958385876,0.004343561720610901,0.005604595768530195,7.005744710662743e-05,False,False,False,False,False,False,
720575940622416628,cell_class,AN,14274,400,0.25,0.01,0.01,0.01254028303208631,0.9498388678716547,0.02508056606417262,0.0025220680958385876,0.004343561720610901,0.005604595768530195,7.005744710662743e-05,False,True,False,False,False,False,
720575940622416628,cell_class,AN,14274,400,0.25,0.01,0.05,0.01254028303208631,0.9498388678716547,0.02508056606417262,0.0025220680958385876,0.004343561720610901,0.005604595768530195,7.005744710662743e-05,False,False,False,False,False,False,
720575940622416628,cell_class,AN,14274,400,0.25,0.01,0.1,0.01254028303208631,0.9498388678716547,0.02508056606417262,0.0025220680958385876,0.004343561720610901,0.005604595768530195,7.005744710662743e-05,False,False,False,False,False,False,
720575940622779076,cell_class,AN,3685,400,0.25,0.14285714285714285,0.01,0.14572591587516961,0.16092265943012213,0.6284938941655359,0.0035278154681139757,0.0559023066485753,0.005427408412483039,0.0,True,True,True,False,True,False,
720575940622779076,cell_class,AN,3685,400,0.25,0.14285714285714285,0.05,0.14572591587516961,0.16092265943012213,0.6284938941655359,0.0035278154681139757,0.0559023066485753,0.005427408412483039,0.0,True,True,True,False,False,False,
720575940622779076,cell_class,AN,3685,400,0.25,0.14285714285714285,0.1,0.14572591587516961,0.16092265943012213,0.6284938941655359,0.0035278154681139757,0.0559023066485753,0.005427408412483039,0.0,False,False,True,False,False,False,
720575940622779076,cell_class,AN,3685,400,0.25,0.04,0.01,0.14572591587516961,0.16092265943012213,0.6284938941655359,0.0035278154681139757,0.0559023066485753,0.005427408412483039,0.0,True,True,True,False,False,False,
720575940622779076,cell_class,AN,3685,400,0.25,0.04,0.05,0.14572591587516961,0.16092265943012213,0.6284938941655359,0.0035278154681139757,0.0559023066485753,0.005427408412483039,0.0,False,False,True,False,False,False,
720575940622779076,cell_class,AN,3685,400,0.25,0.04,0.1,0.14572591587516961,0.16092265943012213,0.6284938941655359,0.0035278154681139757,0.0559023066485753,0.005427408412483039,0.0,False,False,True,False,False,False,
720575940622779076,cell_class,AN,3685,400,0.25,0.02,0.01,0.14572591587516961,0.16092265943012213,0.6284938941655359,0.0035278154681139757,0.0559023066485753,0.005427408412483039,0.0,True,True,True,False,False,False,
720575940622779076,cell_class,AN,3685,400,0.25,0.02,0.05,0.14572591587516961,0.16092265943012213,0.6284938941655359,0.0035278154681139757,0.0559023066485753,0.005427408412483039,0.0,False,False,False,False,False,False,
720575940622779076,cell_class,AN,3685,400,0.25,0.02,0.1,0.14572591587516961,0.16092265943012213,0.6284938941655359,0.0035278154681139757,0.0559023066485753,0.005427408412483039,0.0,False,False,False,False,False,False,
720575940622779076,cell_class,AN,3685,400,0.25,0.01,0.01,0.14572591587516961,0.16092265943012213,0.6284938941655359,0.0035278154681139757,0.0559023066485753,0.005427408412483039,0.0,True,True,True,False,False,False,
720575940622779076,cell_class,AN,3685,400,0.25,0.01,0.05,0.14572591587516961,0.16092265943012213,0.6284938941655359,0.0035278154681139757,0.0559023066485753,0.005427408412483039,0.0,False,False,False,False,False,False,
720575940622779076,cell_class,AN,3685,400,0.25,0.01,0.1,0.14572591587516961,0.16092265943012213,0.6284938941655359,0.0035278154681139757,0.0559023066485753,0.005427408412483039,0.0,False,False,False,False,False,False,
720575940631844300,cell_class,AN,2409,400,0.25,0.14285714285714285,0.01,0.0136986301369863,0.9115815691158157,0.034039020340390205,0.0020755500207555004,0.017019510170195103,0.021170610211706103,0.00041511000415110004,True,True,True,False,False,True,
720575940631844300,cell_class,AN,2409,400,0.25,0.14285714285714285,0.05,0.0136986301369863,0.9115815691158157,0.034039020340390205,0.0020755500207555004,0.017019510170195103,0.021170610211706103,0.00041511000415110004,False,True,False,False,False,False,
720575940631844300,cell_class,AN,2409,400,0.25,0.14285714285714285,0.1,0.0136986301369863,0.9115815691158157,0.034039020340390205,0.0020755500207555004,0.017019510170195103,0.021170610211706103,0.00041511000415110004,False,True,False,False,False,False,
720575940631844300,cell_class,AN,2409,400,0.25,0.04,0.01,0.0136986301369863,0.9115815691158157,0.034039020340390205,0.0020755500207555004,0.017019510170195103,0.021170610211706103,0.00041511000415110004,False,True,True,False,False,False,
720575940631844300,cell_class,AN,2409,400,0.25,0.04,0.05,0.0136986301369863,0.9115815691158157,0.034039020340390205,0.0020755500207555004,0.017019510170195103,0.021170610211706103,0.00041511000415110004,False,True,False,False,False,False,
720575940631844300,cell_class,AN,2409,400,0.25,0.04,0.1,0.0136986301369863,0.9115815691158157,0.034039020340390205,0.0020755500207555004,0.017019510170195103,0.021170610211706103,0.00041511000415110004,False,False,False,False,False,False,
720575940631844300,cell_class,AN,2409,400,0.25,0.02,0.01,0.0136986301369863,0.9115815691158157,0.034039020340390205,0.0020755500207555004,0.017019510170195103,0.021170610211706103,0.00041511000415110004,False,True,False,False,False,False,
720575940631844300,cell_class,AN,2409,400,0.25,0.02,0.05,0.0136986301369863,0.9115815691158157,0.034039020340390205,0.0020755500207555004,0.017019510170195103,0.021170610211706103,0.00041511000415110004,False,False,False,False,False,False,
720575940631844300,cell_class,AN,2409,400,0.25,0.02,0.1,0.0136986301369863,0.9115815691158157,0.034039020340390205,0.0020755500207555004,0.017019510170195103,0.021170610211706103,0.00041511000415110004,False,False,False,False,False,False,
720575940631844300,cell_class,AN,2409,400,0.25,0.01,0.01,0.0136986301369863,0.9115815691158157,0.034039020340390205,0.0020755500207555004,0.017019510170195103,0.021170610211706103,0.00041511000415110004,False,True,False,False,False,False,
720575940631844300,cell_class,AN,2409,400,0.25,0.01,0.05,0.0136986301369863,0.9115815691158157,0.034039020340390205,0.0020755500207555004,0.017019510170195103,0.021170610211706103,0.00041511000415110004,False,False,False,False,False,False,
720575940631844300,cell_class,AN,2409,400,0.25,0.01,0.1,0.0136986301369863,0.9115815691158157,0.034039020340390205,0.0020755500207555004,0.017019510170195103,0.021170610211706103,0.00041511000415110004,False,False,False,False,False,False,
720575940623396240,cell_class,AN,1075,400,0.25,0.14285714285714285,0.01,0.017674418604651163,0.8995348837209303,0.022325581395348838,0.0,0.04744186046511628,0.013023255813953489,0.0,True,True,True,,True,False,
720575940623396240,cell_class,AN,1075,400,0.25,0.14285714285714285,0.05,0.017674418604651163,0.8995348837209303,0.022325581395348838,0.0,0.04744186046511628,0.013023255813953489,0.0,False,True,False,,False,False,
720575940623396240,cell_class,AN,1075,400,0.25,0.14285714285714285,0.1,0.017674418604651163,0.8995348837209303,0.022325581395348838,0.0,0.04744186046511628,0.013023255813953489,0.0,False,True,False,,False,False,
720575940623396240,cell_class,AN,1075,400,0.25,0.04,0.01,0.017674418604651163,0.8995348837209303,0.022325581395348838,0.0,0.04744186046511628,0.013023255813953489,0.0,False,True,False,,True,False,
720575940623396240,cell_class,AN,1075,400,0.25,0.04,0.05,0.017674418604651163,0.8995348837209303,0.022325581395348838,0.0,0.04744186046511628,0.013023255813953489,0.0,False,True,False,,False,False,
720575940623396240,cell_class,AN,1075,400,0.25,0.04,0.1,0.017674418604651163,0.8995348837209303,0.022325581395348838,0.0,0.04744186046511628,0.013023255813953489,0.0,False,False,False,,False,False,
720575940623396240,cell_class,AN,1075,400,0.25,0.02,0.01,0.017674418604651163,0.8995348837209303,0.022325581395348838,0.0,0.04744186046511628,0.013023255813953489,0.0,False,True,False,,True,False,
720575940623396240,cell_class,AN,1075,400,0.25,0.02,0.05,0.017674418604651163,0.8995348837209303,0.022325581395348838,0.0,0.04744186046511628,0.013023255813953489,0.0,False,True,False,,False,False,
720575940623396240,cell_class,AN,1075,400,0.25,0.02,0.1,0.017674418604651163,0.8995348837209303,0.022325581395348838,0.0,0.04744186046511628,0.013023255813953489,0.0,False,False,False,,False,False,
720575940623396240,cell_class,AN,1075,400,0.25,0.01,0.01,0.017674418604651163,0.8995348837209303,0.022325581395348838,0.0,0.04744186046511628,0.013023255813953489,0.0,False,True,False,,False,False,
720575940623396240,cell_class,AN,1075,400,0.25,0.01,0.05,0.017674418604651163,0.8995348837209303,0.022325581395348838,0.0,0.04744186046511628,0.013023255813953489,0.0,False,False,False,,False,False,
720575940623396240,cell_class,AN,1075,400,0.25,0.01,0.1,0.017674418604651163,0.8995348837209303,0.022325581395348838,0.0,0.04744186046511628,0.013023255813953489,0.0,False,False,False,,False,False,
720575940624810782,cell_class,AN,5415,400,0.25,0.14285714285714285,0.01,0.0007386888273314866,0.4199445983379501,0.007386888273314866,0.00110803324099723,0.5614035087719298,0.009418282548476454,0.0,False,True,False,False,True,False,
720575940624810782,cell_class,AN,5415,400,0.25,0.14285714285714285,0.05,0.0007386888273314866,0.4199445983379501,0.007386888273314866,0.00110803324099723,0.5614035087719298,0.009418282548476454,0.0,False,True,False,False,True,False,
720575940624810782,cell_class,AN,5415,400,0.25,0.14285714285714285,0.1,0.0007386888273314866,0.4199445983379501,0.007386888273314866,0.00110803324099723,0.5614035087719298,0.009418282548476454,0.0,False,True,False,False,True,False,
720575940624810782,cell_class,AN,5415,400,0.25,0.04,0.01,0.0007386888273314866,0.4199445983379501,0.007386888273314866,0.00110803324099723,0.5614035087719298,0.009418282548476454,0.0,False,True,False,False,True,False,
720575940624810782,cell_class,AN,5415,400,0.25,0.04,0.05,0.0007386888273314866,0.4199445983379501,0.007386888273314866,0.00110803324099723,0.5614035087719298,0.009418282548476454,0.0,False,True,False,False,True,False,
720575940624810782,cell_class,AN,5415,400,0.25,0.04,0.1,0.0007386888273314866,0.4199445983379501,0.007386888273314866,0.00110803324099723,0.5614035087719298,0.009418282548476454,0.0,False,False,False,False,True,False,
720575940624810782,cell_class,AN,5415,400,0.25,0.02,0.01,0.0007386888273314866,0.4199445983379501,0.007386888273314866,0.00110803324099723,0.5614035087719298,0.009418282548476454,0.0,False,True,False,False,True,False,
720575940624810782,cell_class,AN,5415,400,0.25,0.02,0.05,0.0007386888273314866,0.4199445983379501,0.007386888273314866,0.00110803324099723,0.5614035087719298,0.009418282548476454,0.0,False,False,False,False,True,False,
720575940624810782,cell_class,AN,5415,400,0.25,0.02,0.1,0.0007386888273314866,0.4199445983379501,0.007386888273314866,0.00110803324099723,0.5614035087719298,0.009418282548476454,0.0,False,False,False,False,False,False,
720575940624810782,cell_class,AN,5415,400,0.25,0.01,0.01,0.0007386888273314866,0.4199445983379501,0.007386888273314866,0.00110803324099723,0.5614035087719298,0.009418282548476454,0.0,False,True,False,False,True,False,
720575940624810782,cell_class,AN,5415,400,0.25,0.01,0.05,0.0007386888273314866,0.4199445983379501,0.007386888273314866,0.00110803324099723,0.5614035087719298,0.009418282548476454,0.0,False,False,False,False,False,False,
720575940624810782,cell_class,AN,5415,400,0.25,0.01,0.1,0.0007386888273314866,0.4199445983379501,0.007386888273314866,0.00110803324099723,0.5614035087719298,0.009418282548476454,0.0,False,False,False,False,False,False,
720575940635715647,cell_class,AN,2153,400,0.25,0.14285714285714285,0.01,0.004644681839294009,0.9549465861588481,0.009289363678588018,0.006038086391082211,0.02275894101254064,0.0023223409196470044,0.0,False,True,False,False,False,False,
720575940635715647,cell_class,AN,2153,400,0.25,0.14285714285714285,0.05,0.004644681839294009,0.9549465861588481,0.009289363678588018,0.006038086391082211,0.02275894101254064,0.0023223409196470044,0.0,False,True,False,False,False,False,
720575940635715647,cell_class,AN,2153,400,0.25,0.14285714285714285,0.1,0.004644681839294009,0.9549465861588481,0.009289363678588018,0.006038086391082211,0.02275894101254064,0.0023223409196470044,0.0,False,True,False,False,False,False,
720575940635715647,cell_class,AN,2153,400,0.25,0.04,0.01,0.004644681839294009,0.9549465861588481,0.009289363678588018,0.006038086391082211,0.02275894101254064,0.0023223409196470044,0.0,False,True,False,False,False,False,
720575940635715647,cell_class,AN,2153,400,0.25,0.04,0.05,0.004644681839294009,0.9549465861588481,0.009289363678588018,0.006038086391082211,0.02275894101254064,0.0023223409196470044,0.0,False,True,False,False,False,False,
720575940635715647,cell_class,AN,2153,400,0.25,0.04,0.1,0.004644681839294009,0.9549465861588481,0.009289363678588018,0.006038086391082211,0.02275894101254064,0.0023223409196470044,0.0,False,True,False,False,False,False,
720575940635715647,cell_class,AN,2153,400,0.25,0.02,0.01,0.004644681839294009,0.9549465861588481,0.009289363678588018,0.006038086391082211,0.02275894101254064,0.0023223409196470044,0.0,False,True,False,False,False,False,
720575940635715647,cell_class,AN,2153,400,0.25,0.02,0.05,0.004644681839294009,0.9549465861588481,0.009289363678588018,0.006038086391082211,0.02275894101254064,0.0023223409196470044,0.0,False,True,False,False,False,False,
720575940635715647,cell_class,AN,2153,400,0.25,0.02,0.1,0.004644681839294009,0.9549465861588481,0.009289363678588018,0.006038086391082211,0.02275894101254064,0.0023223409196470044,0.0,False,False,False,False,False,False,
720575940635715647,cell_class,AN,2153,400,0.25,0.01,0.01,0.004644681839294009,0.9549465861588481,0.009289363678588018,0.006038086391082211,0.02275894101254064,0.0023223409196470044,0.0,False,True,False,False,False,False,
720575940635715647,cell_class,AN,2153,400,0.25,0.01,0.05,0.004644681839294009,0.9549465861588481,0.009289363678588018,0.006038086391082211,0.02275894101254064,0.0023223409196470044,0.0,False,False,False,False,False,False,
720575940635715647,cell_class,AN,2153,400,0.25,0.01,0.1,0.004644681839294009,0.9549465861588481,0.009289363678588018,0.006038086391082211,0.02275894101254064,0.0023223409196470044,0.0,False,False,False,False,False,False,
720575940628382875,cell_class,AN,2514,400,0.25,0.14285714285714285,0.01,0.010342084327764518,0.7370723945902944,0.015910898965791568,0.001988862370723946,0.2159904534606205,0.01869530628480509,0.0,False,True,False,False,True,False,
720575940628382875,cell_class,AN,2514,400,0.25,0.14285714285714285,0.05,0.010342084327764518,0.7370723945902944,0.015910898965791568,0.001988862370723946,0.2159904534606205,0.01869530628480509,0.0,False,True,False,False,True,False,
720575940628382875,cell_class,AN,2514,400,0.25,0.14285714285714285,0.1,0.010342084327764518,0.7370723945902944,0.015910898965791568,0.001988862370723946,0.2159904534606205,0.01869530628480509,0.0,False,True,False,False,False,False,
720575940628382875,cell_class,AN,2514,400,0.25,0.04,0.01,0.010342084327764518,0.7370723945902944,0.015910898965791568,0.001988862370723946,0.2159904534606205,0.01869530628480509,0.0,False,True,False,False,True,False,
720575940628382875,cell_class,AN,2514,400,0.25,0.04,0.05,0.010342084327764518,0.7370723945902944,0.015910898965791568,0.001988862370723946,0.2159904534606205,0.01869530628480509,0.0,False,True,False,False,False,False,
720575940628382875,cell_class,AN,2514,400,0.25,0.04,0.1,0.010342084327764518,0.7370723945902944,0.015910898965791568,0.001988862370723946,0.2159904534606205,0.01869530628480509,0.0,False,False,False,False,False,False,
720575940628382875,cell_class,AN,2514,400,0.25,0.02,0.01,0.010342084327764518,0.7370723945902944,0.015910898965791568,0.001988862370723946,0.2159904534606205,0.01869530628480509,0.0,False,True,False,False,True,False,
720575940628382875,cell_class,AN,2514,400,0.25,0.02,0.05,0.010342084327764518,0.7370723945902944,0.015910898965791568,0.001988862370723946,0.2159904534606205,0.01869530628480509,0.0,False,False,False,False,False,False,
720575940628382875,cell_class,AN,2514,400,0.25,0.02,0.1,0.010342084327764518,0.7370723945902944,0.015910898965791568,0.001988862370723946,0.2159904534606205,0.01869530628480509,0.0,False,False,False,False,False,False,
720575940628382875,cell_class,AN,2514,400,0.25,0.01,0.01,0.010342084327764518,0.7370723945902944,0.015910898965791568,0.001988862370723946,0.2159904534606205,0.01869530628480509,0.0,False,True,False,False,True,False,
720575940628382875,cell_class,AN,2514,400,0.25,0.01,0.05,0.010342084327764518,0.7370723945902944,0.015910898965791568,0.001988862370723946,0.2159904534606205,0.01869530628480509,0.0,False,False,False,False,False,False,
720575940628382875,cell_class,AN,2514,400,0.25,0.01,0.1,0.010342084327764518,0.7370723945902944,0.015910898965791568,0.001988862370723946,0.2159904534606205,0.01869530628480509,0.0,False,False,False,False,False,False,
720575940643001288,cell_class,AN,606,400,0.25,0.14285714285714285,0.01,0.00825082508250825,0.8679867986798679,0.028052805280528052,0.0,0.033003300330033,0.0627062706270627,0.0,False,True,True,,True,True,
720575940643001288,cell_class,AN,606,400,0.25,0.14285714285714285,0.05,0.00825082508250825,0.8679867986798679,0.028052805280528052,0.0,0.033003300330033,0.0627062706270627,0.0,False,True,False,,False,False,
720575940643001288,cell_class,AN,606,400,0.25,0.14285714285714285,0.1,0.00825082508250825,0.8679867986798679,0.028052805280528052,0.0,0.033003300330033,0.0627062706270627,0.0,False,True,False,,False,False,
720575940643001288,cell_class,AN,606,400,0.25,0.04,0.01,0.00825082508250825,0.8679867986798679,0.028052805280528052,0.0,0.033003300330033,0.0627062706270627,0.0,False,True,True,,True,True,
720575940643001288,cell_class,AN,606,400,0.25,0.04,0.05,0.00825082508250825,0.8679867986798679,0.028052805280528052,0.0,0.033003300330033,0.0627062706270627,0.0,False,True,False,,False,False,
720575940643001288,cell_class,AN,606,400,0.25,0.04,0.1,0.00825082508250825,0.8679867986798679,0.028052805280528052,0.0,0.033003300330033,0.0627062706270627,0.0,False,True,False,,False,False,
720575940643001288,cell_class,AN,606,400,0.25,0.02,0.01,0.00825082508250825,0.8679867986798679,0.028052805280528052,0.0,0.033003300330033,0.0627062706270627,0.0,False,True,False,,False,True,
720575940643001288,cell_class,AN,606,400,0.25,0.02,0.05,0.00825082508250825,0.8679867986798679,0.028052805280528052,0.0,0.033003300330033,0.0627062706270627,0.0,False,True,False,,False,False,
720575940643001288,cell_class,AN,606,400,0.25,0.02,0.1,0.00825082508250825,0.8679867986798679,0.028052805280528052,0.0,0.033003300330033,0.0627062706270627,0.0,False,False,False,,False,False,
720575940643001288,cell_class,AN,606,400,0.25,0.01,0.01,0.00825082508250825,0.8679867986798679,0.028052805280528052,0.0,0.033003300330033,0.0627062706270627,0.0,False,True,False,,False,True,
720575940643001288,cell_class,AN,606,400,0.25,0.01,0.05,0.00825082508250825,0.8679867986798679,0.028052805280528052,0.0,0.033003300330033,0.0627062706270627,0.0,False,False,False,,False,False,
720575940643001288,cell_class,AN,606,400,0.25,0.01,0.1,0.00825082508250825,0.8679867986798679,0.028052805280528052,0.0,0.033003300330033,0.0627062706270627,0.0,False,False,False,,False,False,
720575940615990614,cell_class,AN,3534,400,0.25,0.14285714285714285,0.01,0.33729485002829657,0.039615166949632144,0.5764006791171478,0.0014148273910582908,0.022920203735144314,0.022354272778720995,0.0,True,True,True,False,False,False,
720575940615990614,cell_class,AN,3534,400,0.25,0.14285714285714285,0.05,0.33729485002829657,0.039615166949632144,0.5764006791171478,0.0014148273910582908,0.022920203735144314,0.022354272778720995,0.0,True,False,True,False,False,False,
720575940615990614,cell_class,AN,3534,400,0.25,0.14285714285714285,0.1,0.33729485002829657,0.039615166949632144,0.5764006791171478,0.0014148273910582908,0.022920203735144314,0.022354272778720995,0.0,True,False,True,False,False,False,
720575940615990614,cell_class,AN,3534,400,0.25,0.04,0.01,0.33729485002829657,0.039615166949632144,0.5764006791171478,0.0014148273910582908,0.022920203735144314,0.022354272778720995,0.0,True,False,True,False,False,False,
720575940615990614,cell_class,AN,3534,400,0.25,0.04,0.05,0.33729485002829657,0.039615166949632144,0.5764006791171478,0.0014148273910582908,0.022920203735144314,0.022354272778720995,0.0,False,False,True,False,False,False,
720575940615990614,cell_class,AN,3534,400,0.25,0.04,0.1,0.33729485002829657,0.039615166949632144,0.5764006791171478,0.0014148273910582908,0.022920203735144314,0.022354272778720995,0.0,False,False,False,False,False,False,
720575940615990614,cell_class,AN,3534,400,0.25,0.02,0.01,0.33729485002829657,0.039615166949632144,0.5764006791171478,0.0014148273910582908,0.022920203735144314,0.022354272778720995,0.0,True,False,True,False,False,False,
720575940615990614,cell_class,AN,3534,400,0.25,0.02,0.05,0.33729485002829657,0.039615166949632144,0.5764006791171478,0.0014148273910582908,0.022920203735144314,0.022354272778720995,0.0,False,False,False,False,False,False,
720575940615990614,cell_class,AN,3534,400,0.25,0.02,0.1,0.33729485002829657,0.039615166949632144,0.5764006791171478,0.0014148273910582908,0.022920203735144314,0.022354272778720995,0.0,False,False,False,False,False,False,
720575940615990614,cell_class,AN,3534,400,0.25,0.01,0.01,0.33729485002829657,0.039615166949632144,0.5764006791171478,0.0014148273910582908,0.022920203735144314,0.022354272778720995,0.0,True,False,True,False,False,False,
720575940615990614,cell_class,AN,3534,400,0.25,0.01,0.05,0.33729485002829657,0.039615166949632144,0.5764006791171478,0.0014148273910582908,0.022920203735144314,0.022354272778720995,0.0,False,False,False,False,False,False,
720575940615990614,cell_class,AN,3534,400,0.25,0.01,0.1,0.33729485002829657,0.039615166949632144,0.5764006791171478,0.0014148273910582908,0.022920203735144314,0.022354272778720995,0.0,False,False,False,False,False,False,
720575940615460255,cell_class,AN,10599,400,0.25,0.14285714285714285,0.01,0.013020096235493914,0.9324464572129446,0.013303141805830738,0.009623549391452024,0.016888385696763847,0.014340975563732428,0.0003773940937824323,False,True,False,False,False,False,False
720575940615460255,cell_class,AN,10599,400,0.25,0.14285714285714285,0.05,0.013020096235493914,0.9324464572129446,0.013303141805830738,0.009623549391452024,0.016888385696763847,0.014340975563732428,0.0003773940937824323,False,True,False,False,False,False,False
720575940615460255,cell_class,AN,10599,400,0.25,0.14285714285714285,0.1,0.013020096235493914,0.9324464572129446,0.013303141805830738,0.009623549391452024,0.016888385696763847,0.014340975563732428,0.0003773940937824323,False,True,False,False,False,False,False
720575940615460255,cell_class,AN,10599,400,0.25,0.04,0.01,0.013020096235493914,0.9324464572129446,0.013303141805830738,0.009623549391452024,0.016888385696763847,0.014340975563732428,0.0003773940937824323,False,True,False,False,False,False,False
720575940615460255,cell_class,AN,10599,400,0.25,0.04,0.05,0.013020096235493914,0.9324464572129446,0.013303141805830738,0.009623549391452024,0.016888385696763847,0.014340975563732428,0.0003773940937824323,False,True,False,False,False,False,False
720575940615460255,cell_class,AN,10599,400,0.25,0.04,0.1,0.013020096235493914,0.9324464572129446,0.013303141805830738,0.009623549391452024,0.016888385696763847,0.014340975563732428,0.0003773940937824323,False,True,False,False,False,False,False
720575940615460255,cell_class,AN,10599,400,0.25,0.02,0.01,0.013020096235493914,0.9324464572129446,0.013303141805830738,0.009623549391452024,0.016888385696763847,0.014340975563732428,0.0003773940937824323,False,True,False,False,False,False,False
720575940615460255,cell_class,AN,10599,400,0.25,0.02,0.05,0.013020096235493914,0.9324464572129446,0.013303141805830738,0.009623549391452024,0.016888385696763847,0.014340975563732428,0.0003773940937824323,False,True,False,False,False,False,False
720575940615460255,cell_class,AN,10599,400,0.25,0.02,0.1,0.013020096235493914,0.9324464572129446,0.013303141805830738,0.009623549391452024,0.016888385696763847,0.014340975563732428,0.0003773940937824323,False,False,False,False,False,False,False
720575940615460255,cell_class,AN,10599,400,0.25,0.01,0.01,0.013020096235493914,0.9324464572129446,0.013303141805830738,0.009623549391452024,0.016888385696763847,0.014340975563732428,0.0003773940937824323,False,True,False,False,False,False,False
720575940615460255,cell_class,AN,10599,400,0.25,0.01,0.05,0.013020096235493914,0.9324464572129446,0.013303141805830738,0.009623549391452024,0.016888385696763847,0.014340975563732428,0.0003773940937824323,False,False,False,False,False,False,False
720575940615460255,cell_class,AN,10599,400,0.25,0.01,0.1,0.013020096235493914,0.9324464572129446,0.013303141805830738,0.009623549391452024,0.016888385696763847,0.014340975563732428,0.0003773940937824323,False,False,False,False,False,False,False
720575940626117904,cell_class,AN,592,400,0.25,0.14285714285714285,0.01,0.0,0.8665540540540541,0.05405405405405406,0.0,0.02195945945945946,0.057432432432432436,0.0,,True,True,,True,True,
720575940626117904,cell_class,AN,592,400,0.25,0.14285714285714285,0.05,0.0,0.8665540540540541,0.05405405405405406,0.0,0.02195945945945946,0.057432432432432436,0.0,,True,False,,False,False,
720575940626117904,cell_class,AN,592,400,0.25,0.14285714285714285,0.1,0.0,0.8665540540540541,0.05405405405405406,0.0,0.02195945945945946,0.057432432432432436,0.0,,True,False,,False,False,
720575940626117904,cell_class,AN,592,400,0.25,0.04,0.01,0.0,0.8665540540540541,0.05405405405405406,0.0,0.02195945945945946,0.057432432432432436,0.0,,True,True,,True,True,
720575940626117904,cell_class,AN,592,400,0.25,0.04,0.05,0.0,0.8665540540540541,0.05405405405405406,0.0,0.02195945945945946,0.057432432432432436,0.0,,True,False,,False,False,
720575940626117904,cell_class,AN,592,400,0.25,0.04,0.1,0.0,0.8665540540540541,0.05405405405405406,0.0,0.02195945945945946,0.057432432432432436,0.0,,True,False,,False,False,
720575940626117904,cell_class,AN,592,400,0.25,0.02,0.01,0.0,0.8665540540540541,0.05405405405405406,0.0,0.02195945945945946,0.057432432432432436,0.0,,True,True,,False,True,
720575940626117904,cell_class,AN,592,400,0.25,0.02,0.05,0.0,0.8665540540540541,0.05405405405405406,0.0,0.02195945945945946,0.057432432432432436,0.0,,True,False,,False,False,
720575940626117904,cell_class,AN,592,400,0.25,0.02,0.1,0.0,0.8665540540540541,0.05405405405405406,0.0,0.02195945945945946,0.057432432432432436,0.0,,False,False,,False,False,
720575940626117904,cell_class,AN,592,400,0.25,0.01,0.01,0.0,0.8665540540540541,0.05405405405405406,0.0,0.02195945945945946,0.057432432432432436,0.0,,True,True,,False,True,
720575940626117904,cell_class,AN,592,400,0.25,0.01,0.05,0.0,0.8665540540540541,0.05405405405405406,0.0,0.02195945945945946,0.057432432432432436,0.0,,False,False,,False,False,
720575940626117904,cell_class,AN,592,400,0.25,0.01,0.1,0.0,0.8665540540540541,0.05405405405405406,0.0,0.02195945945945946,0.057432432432432436,0.0,,False,False,,False,False,
720575940636643406,cell_class,AN,567,400,0.25,0.14285714285714285,0.01,0.007054673721340388,0.7107583774250441,0.1111111111111111,0.001763668430335097,0.10582010582010581,0.06349206349206349,0.0,False,True,True,,True,True,
720575940636643406,cell_class,AN,567,400,0.25,0.14285714285714285,0.05,0.007054673721340388,0.7107583774250441,0.1111111111111111,0.001763668430335097,0.10582010582010581,0.06349206349206349,0.0,False,True,True,,False,False,
720575940636643406,cell_class,AN,567,400,0.25,0.14285714285714285,0.1,0.007054673721340388,0.7107583774250441,0.1111111111111111,0.001763668430335097,0.10582010582010581,0.06349206349206349,0.0,False,True,False,,False,False,
720575940636643406,cell_class,AN,567,400,0.25,0.04,0.01,0.007054673721340388,0.7107583774250441,0.1111111111111111,0.001763668430335097,0.10582010582010581,0.06349206349206349,0.0,False,True,True,,True,True,
720575940636643406,cell_class,AN,567,400,0.25,0.04,0.05,0.007054673721340388,0.7107583774250441,0.1111111111111111,0.001763668430335097,0.10582010582010581,0.06349206349206349,0.0,False,True,False,,False,False,
720575940636643406,cell_class,AN,567,400,0.25,0.04,0.1,0.007054673721340388,0.7107583774250441,0.1111111111111111,0.001763668430335097,0.10582010582010581,0.06349206349206349,0.0,False,False,False,,False,False,
720575940636643406,cell_class,AN,567,400,0.25,0.02,0.01,0.007054673721340388,0.7107583774250441,0.1111111111111111,0.001763668430335097,0.10582010582010581,0.06349206349206349,0.0,False,True,True,,True,True,
720575940636643406,cell_class,AN,567,400,0.25,0.02,0.05,0.007054673721340388,0.7107583774250441,0.1111111111111111,0.001763668430335097,0.10582010582010581,0.06349206349206349,0.0,False,True,False,,False,False,
720575940636643406,cell_class,AN,567,400,0.25,0.02,0.1,0.007054673721340388,0.7107583774250441,0.1111111111111111,0.001763668430335097,0.10582010582010581,0.06349206349206349,0.0,False,False,False,,False,False,
720575940636643406,cell_class,AN,567,400,0.25,0.01,0.01,0.007054673721340388,0.7107583774250441,0.1111111111111111,0.001763668430335097,0.10582010582010581,0.06349206349206349,0.0,False,True,True,,True,True,
720575940636643406,cell_class,AN,567,400,0.25,0.01,0.05,0.007054673721340388,0.7107583774250441,0.1111111111111111,0.001763668430335097,0.10582010582010581,0.06349206349206349,0.0,False,False,False,,False,False,
720575940636643406,cell_class,AN,567,400,0.25,0.01,0.1,0.007054673721340388,0.7107583774250441,0.1111111111111111,0.001763668430335097,0.10582010582010581,0.06349206349206349,0.0,False,False,False,,False,False,
720575940631344971,cell_class,AN,1527,400,0.25,0.14285714285714285,0.01,0.0013097576948264572,0.5756385068762279,0.0366732154551408,0.0026195153896529143,0.3051735428945645,0.07858546168958742,0.0,False,True,True,False,True,True,
720575940631344971,cell_class,AN,1527,400,0.25,0.14285714285714285,0.05,0.0013097576948264572,0.5756385068762279,0.0366732154551408,0.0026195153896529143,0.3051735428945645,0.07858546168958742,0.0,False,True,False,False,True,True,
720575940631344971,cell_class,AN,1527,400,0.25,0.14285714285714285,0.1,0.0013097576948264572,0.5756385068762279,0.0366732154551408,0.0026195153896529143,0.3051735428945645,0.07858546168958742,0.0,False,True,False,False,True,False,
720575940631344971,cell_class,AN,1527,400,0.25,0.04,0.01,0.0013097576948264572,0.5756385068762279,0.0366732154551408,0.0026195153896529143,0.3051735428945645,0.07858546168958742,0.0,False,True,False,False,True,True,
720575940631344971,cell_class,AN,1527,400,0.25,0.04,0.05,0.0013097576948264572,0.5756385068762279,0.0366732154551408,0.0026195153896529143,0.3051735428945645,0.07858546168958742,0.0,False,True,False,False,False,False,
720575940631344971,cell_class,AN,1527,400,0.25,0.04,0.1,0.0013097576948264572,0.5756385068762279,0.0366732154551408,0.0026195153896529143,0.3051735428945645,0.07858546168958742,0.0,False,False,False,False,False,False,
720575940631344971,cell_class,AN,1527,400,0.25,0.02,0.01,0.0013097576948264572,0.5756385068762279,0.0366732154551408,0.0026195153896529143,0.3051735428945645,0.07858546168958742,0.0,False,True,False,False,True,False,
720575940631344971,cell_class,AN,1527,400,0.25,0.02,0.05,0.0013097576948264572,0.5756385068762279,0.0366732154551408,0.0026195153896529143,0.3051735428945645,0.07858546168958742,0.0,False,False,False,False,False,False,
720575940631344971,cell_class,AN,1527,400,0.25,0.02,0.1,0.0013097576948264572,0.5756385068762279,0.0366732154551408,0.0026195153896529143,0.3051735428945645,0.07858546168958742,0.0,False,False,False,False,False,False,
720575940631344971,cell_class,AN,1527,400,0.25,0.01,0.01,0.0013097576948264572,0.5756385068762279,0.0366732154551408,0.0026195153896529143,0.3051735428945645,0.07858546168958742,0.0,False,True,False,False,True,False,
720575940631344971,cell_class,AN,1527,400,0.25,0.01,0.05,0.0013097576948264572,0.5756385068762279,0.0366732154551408,0.0026195153896529143,0.3051735428945645,0.07858546168958742,0.0,False,False,False,False,False,False,
720575940631344971,cell_class,AN,1527,400,0.25,0.01,0.1,0.0013097576948264572,0.5756385068762279,0.0366732154551408,0.0026195153896529143,0.3051735428945645,0.07858546168958742,0.0,False,False,False,False,False,False,
720575940636822069,cell_class,AN,1835,400,0.25,0.14285714285714285,0.01,0.08228882833787465,0.08773841961852862,0.6310626702997275,0.011444141689373298,0.09046321525885559,0.09700272479564033,0.0,True,True,True,False,True,True,
720575940636822069,cell_class,AN,1835,400,0.25,0.14285714285714285,0.05,0.08228882833787465,0.08773841961852862,0.6310626702997275,0.011444141689373298,0.09046321525885559,0.09700272479564033,0.0,True,False,True,False,False,False,
720575940636822069,cell_class,AN,1835,400,0.25,0.14285714285714285,0.1,0.08228882833787465,0.08773841961852862,0.6310626702997275,0.011444141689373298,0.09046321525885559,0.09700272479564033,0.0,False,False,True,False,False,False,
720575940636822069,cell_class,AN,1835,400,0.25,0.04,0.01,0.08228882833787465,0.08773841961852862,0.6310626702997275,0.011444141689373298,0.09046321525885559,0.09700272479564033,0.0,True,True,True,False,True,True,
720575940636822069,cell_class,AN,1835,400,0.25,0.04,0.05,0.08228882833787465,0.08773841961852862,0.6310626702997275,0.011444141689373298,0.09046321525885559,0.09700272479564033,0.0,False,False,True,False,False,False,
720575940636822069,cell_class,AN,1835,400,0.25,0.04,0.1,0.08228882833787465,0.08773841961852862,0.6310626702997275,0.011444141689373298,0.09046321525885559,0.09700272479564033,0.0,False,False,False,False,False,False,
720575940636822069,cell_class,AN,1835,400,0.25,0.02,0.01,0.08228882833787465,0.08773841961852862,0.6310626702997275,0.011444141689373298,0.09046321525885559,0.09700272479564033,0.0,True,True,True,False,False,False,
720575940636822069,cell_class,AN,1835,400,0.25,0.02,0.05,0.08228882833787465,0.08773841961852862,0.6310626702997275,0.011444141689373298,0.09046321525885559,0.09700272479564033,0.0,False,False,False,False,False,False,
720575940636822069,cell_class,AN,1835,400,0.25,0.02,0.1,0.08228882833787465,0.08773841961852862,0.6310626702997275,0.011444141689373298,0.09046321525885559,0.09700272479564033,0.0,False,False,False,False,False,False,
720575940636822069,cell_class,AN,1835,400,0.25,0.01,0.01,0.08228882833787465,0.08773841961852862,0.6310626702997275,0.011444141689373298,0.09046321525885559,0.09700272479564033,0.0,True,True,True,False,False,False,
720575940636822069,cell_class,AN,1835,400,0.25,0.01,0.05,0.08228882833787465,0.08773841961852862,0.6310626702997275,0.011444141689373298,0.09046321525885559,0.09700272479564033,0.0,False,False,False,False,False,False,
720575940636822069,cell_class,AN,1835,400,0.25,0.01,0.1,0.08228882833787465,0.08773841961852862,0.6310626702997275,0.011444141689373298,0.09046321525885559,0.09700272479564033,0.0,False,False,False,False,False,False,
720575940635462757,cell_class,AN,6232,400,0.25,0.14285714285714285,0.01,0.011071887034659821,0.9711168164313222,0.006739409499358151,0.0012836970474967907,0.006578947368421052,0.003048780487804878,0.00016046213093709883,False,True,False,False,False,False,
720575940635462757,cell_class,AN,6232,400,0.25,0.14285714285714285,0.05,0.011071887034659821,0.9711168164313222,0.006739409499358151,0.0012836970474967907,0.006578947368421052,0.003048780487804878,0.00016046213093709883,False,True,False,False,False,False,
720575940635462757,cell_class,AN,6232,400,0.25,0.14285714285714285,0.1,0.011071887034659821,0.9711168164313222,0.006739409499358151,0.0012836970474967907,0.006578947368421052,0.003048780487804878,0.00016046213093709883,False,True,False,False,False,False,
720575940635462757,cell_class,AN,6232,400,0.25,0.04,0.01,0.011071887034659821,0.9711168164313222,0.006739409499358151,0.0012836970474967907,0.006578947368421052,0.003048780487804878,0.00016046213093709883,False,True,False,False,False,False,
720575940635462757,cell_class,AN,6232,400,0.25,0.04,0.05,0.011071887034659821,0.9711168164313222,0.006739409499358151,0.0012836970474967907,0.006578947368421052,0.003048780487804878,0.00016046213093709883,False,True,False,False,False,False,
720575940635462757,cell_class,AN,6232,400,0.25,0.04,0.1,0.011071887034659821,0.9711168164313222,0.006739409499358151,0.0012836970474967907,0.006578947368421052,0.003048780487804878,0.00016046213093709883,False,True,False,False,False,False,
720575940635462757,cell_class,AN,6232,400,0.25,0.02,0.01,0.011071887034659821,0.9711168164313222,0.006739409499358151,0.0012836970474967907,0.006578947368421052,0.003048780487804878,0.00016046213093709883,False,True,False,False,False,False,
720575940635462757,cell_class,AN,6232,400,0.25,0.02,0.05,0.011071887034659821,0.9711168164313222,0.006739409499358151,0.0012836970474967907,0.006578947368421052,0.003048780487804878,0.00016046213093709883,False,True,False,False,False,False,
720575940635462757,cell_class,AN,6232,400,0.25,0.02,0.1,0.011071887034659821,0.9711168164313222,0.006739409499358151,0.0012836970474967907,0.006578947368421052,0.003048780487804878,0.00016046213093709883,False,False,False,False,False,False,
720575940635462757,cell_class,AN,6232,400,0.25,0.01,0.01,0.011071887034659821,0.9711168164313222,0.006739409499358151,0.0012836970474967907,0.006578947368421052,0.003048780487804878,0.00016046213093709883,False,True,False,False,False,False,
720575940635462757,cell_class,AN,6232,400,0.25,0.01,0.05,0.011071887034659821,0.9711168164313222,0.006739409499358151,0.0012836970474967907,0.006578947368421052,0.003048780487804878,0.00016046213093709883,False,False,False,False,False,False,
720575940635462757,cell_class,AN,6232,400,0.25,0.01,0.1,0.011071887034659821,0.9711168164313222,0.006739409499358151,0.0012836970474967907,0.006578947368421052,0.003048780487804878,0.00016046213093709883,False,False,False,False,False,False,
720575940612468130,cell_class,AN,498,400,0.25,0.14285714285714285,0.01,0.004016064257028112,0.8333333333333334,0.0642570281124498,0.0,0.0783132530120482,0.020080321285140562,0.0,False,True,True,,True,False,
720575940612468130,cell_class,AN,498,400,0.25,0.14285714285714285,0.05,0.004016064257028112,0.8333333333333334,0.0642570281124498,0.0,0.0783132530120482,0.020080321285140562,0.0,False,True,False,,False,False,
720575940612468130,cell_class,AN,498,400,0.25,0.14285714285714285,0.1,0.004016064257028112,0.8333333333333334,0.0642570281124498,0.0,0.0783132530120482,0.020080321285140562,0.0,False,True,False,,False,False,
720575940612468130,cell_class,AN,498,400,0.25,0.04,0.01,0.004016064257028112,0.8333333333333334,0.0642570281124498,0.0,0.0783132530120482,0.020080321285140562,0.0,False,True,True,,True,False,
720575940612468130,cell_class,AN,498,400,0.25,0.04,0.05,0.004016064257028112,0.8333333333333334,0.0642570281124498,0.0,0.0783132530120482,0.020080321285140562,0.0,False,True,False,,False,False,
720575940612468130,cell_class,AN,498,400,0.25,0.04,0.1,0.004016064257028112,0.8333333333333334,0.0642570281124498,0.0,0.0783132530120482,0.020080321285140562,0.0,False,True,False,,False,False,
720575940612468130,cell_class,AN,498,400,0.25,0.02,0.01,0.004016064257028112,0.8333333333333334,0.0642570281124498,0.0,0.0783132530120482,0.020080321285140562,0.0,False,True,True,,True,False,
720575940612468130,cell_class,AN,498,400,0.25,0.02,0.05,0.004016064257028112,0.8333333333333334,0.0642570281124498,0.0,0.0783132530120482,0.020080321285140562,0.0,False,True,False,,False,False,
720575940612468130,cell_class,AN,498,400,0.25,0.02,0.1,0.004016064257028112,0.8333333333333334,0.0642570281124498,0.0,0.0783132530120482,0.020080321285140562,0.0,False,False,False,,False,False,
720575940612468130,cell_class,AN,498,400,0.25,0.01,0.01,0.004016064257028112,0.8333333333333334,0.0642570281124498,0.0,0.0783132530120482,0.020080321285140562,0.0,False,True,True,,True,False,
720575940612468130,cell_class,AN,498,400,0.25,0.01,0.05,0.004016064257028112,0.8333333333333334,0.0642570281124498,0.0,0.0783132530120482,0.020080321285140562,0.0,False,False,False,,False,False,
720575940612468130,cell_class,AN,498,400,0.25,0.01,0.1,0.004016064257028112,0.8333333333333334,0.0642570281124498,0.0,0.0783132530120482,0.020080321285140562,0.0,False,False,False,,False,False,
720575940603479910,cell_class,AN,485,400,0.25,0.14285714285714285,0.01,0.008247422680412371,0.931958762886598,0.0,0.0,0.04742268041237113,0.010309278350515464,0.002061855670103093,False,True,,,True,False,
720575940603479910,cell_class,AN,485,400,0.25,0.14285714285714285,0.05,0.008247422680412371,0.931958762886598,0.0,0.0,0.04742268041237113,0.010309278350515464,0.002061855670103093,False,True,,,False,False,
720575940603479910,cell_class,AN,485,400,0.25,0.14285714285714285,0.1,0.008247422680412371,0.931958762886598,0.0,0.0,0.04742268041237113,0.010309278350515464,0.002061855670103093,False,True,,,False,False,
720575940603479910,cell_class,AN,485,400,0.25,0.04,0.01,0.008247422680412371,0.931958762886598,0.0,0.0,0.04742268041237113,0.010309278350515464,0.002061855670103093,False,True,,,False,False,
720575940603479910,cell_class,AN,485,400,0.25,0.04,0.05,0.008247422680412371,0.931958762886598,0.0,0.0,0.04742268041237113,0.010309278350515464,0.002061855670103093,False,True,,,False,False,
720575940603479910,cell_class,AN,485,400,0.25,0.04,0.1,0.008247422680412371,0.931958762886598,0.0,0.0,0.04742268041237113,0.010309278350515464,0.002061855670103093,False,True,,,False,False,
720575940603479910,cell_class,AN,485,400,0.25,0.02,0.01,0.008247422680412371,0.931958762886598,0.0,0.0,0.04742268041237113,0.010309278350515464,0.002061855670103093,False,True,,,False,False,
720575940603479910,cell_class,AN,485,400,0.25,0.02,0.05,0.008247422680412371,0.931958762886598,0.0,0.0,0.04742268041237113,0.010309278350515464,0.002061855670103093,False,True,,,False,False,
720575940603479910,cell_class,AN,485,400,0.25,0.02,0.1,0.008247422680412371,0.931958762886598,0.0,0.0,0.04742268041237113,0.010309278350515464,0.002061855670103093,False,False,,,False,False,
720575940603479910,cell_class,AN,485,400,0.25,0.01,0.01,0.008247422680412371,0.931958762886598,0.0,0.0,0.04742268041237113,0.010309278350515464,0.002061855670103093,False,True,,,False,False,
720575940603479910,cell_class,AN,485,400,0.25,0.01,0.05,0.008247422680412371,0.931958762886598,0.0,0.0,0.04742268041237113,0.010309278350515464,0.002061855670103093,False,False,,,False,False,
720575940603479910,cell_class,AN,485,400,0.25,0.01,0.1,0.008247422680412371,0.931958762886598,0.0,0.0,0.04742268041237113,0.010309278350515464,0.002061855670103093,False,False,,,False,False,
720575940611290354,cell_class,AN,3285,400,0.25,0.14285714285714285,0.01,0.044444444444444446,0.5960426179604261,0.14216133942161338,0.0076103500761035,0.1902587519025875,0.019482496194824964,0.0,True,True,True,False,True,False,
720575940611290354,cell_class,AN,3285,400,0.25,0.14285714285714285,0.05,0.044444444444444446,0.5960426179604261,0.14216133942161338,0.0076103500761035,0.1902587519025875,0.019482496194824964,0.0,False,True,True,False,True,False,
720575940611290354,cell_class,AN,3285,400,0.25,0.14285714285714285,0.1,0.044444444444444446,0.5960426179604261,0.14216133942161338,0.0076103500761035,0.1902587519025875,0.019482496194824964,0.0,False,True,False,False,False,False,
720575940611290354,cell_class,AN,3285,400,0.25,0.04,0.01,0.044444444444444446,0.5960426179604261,0.14216133942161338,0.0076103500761035,0.1902587519025875,0.019482496194824964,0.0,True,True,True,False,True,False,
720575940611290354,cell_class,AN,3285,400,0.25,0.04,0.05,0.044444444444444446,0.5960426179604261,0.14216133942161338,0.0076103500761035,0.1902587519025875,0.019482496194824964,0.0,False,True,False,False,False,False,
720575940611290354,cell_class,AN,3285,400,0.25,0.04,0.1,0.044444444444444446,0.5960426179604261,0.14216133942161338,0.0076103500761035,0.1902587519025875,0.019482496194824964,0.0,False,False,False,False,False,False,
720575940611290354,cell_class,AN,3285,400,0.25,0.02,0.01,0.044444444444444446,0.5960426179604261,0.14216133942161338,0.0076103500761035,0.1902587519025875,0.019482496194824964,0.0,False,True,True,False,True,False,
720575940611290354,cell_class,AN,3285,400,0.25,0.02,0.05,0.044444444444444446,0.5960426179604261,0.14216133942161338,0.0076103500761035,0.1902587519025875,0.019482496194824964,0.0,False,False,False,False,False,False,
720575940611290354,cell_class,AN,3285,400,0.25,0.02,0.1,0.044444444444444446,0.5960426179604261,0.14216133942161338,0.0076103500761035,0.1902587519025875,0.019482496194824964,0.0,False,False,False,False,False,False,
720575940611290354,cell_class,AN,3285,400,0.25,0.01,0.01,0.044444444444444446,0.5960426179604261,0.14216133942161338,0.0076103500761035,0.1902587519025875,0.019482496194824964,0.0,False,True,False,False,True,False,
720575940611290354,cell_class,AN,3285,400,0.25,0.01,0.05,0.044444444444444446,0.5960426179604261,0.14216133942161338,0.0076103500761035,0.1902587519025875,0.019482496194824964,0.0,False,False,False,False,False,False,
720575940611290354,cell_class,AN,3285,400,0.25,0.01,0.1,0.044444444444444446,0.5960426179604261,0.14216133942161338,0.0076103500761035,0.1902587519025875,0.019482496194824964,0.0,False,False,False,False,False,False,
720575940638737341,cell_class,AN,1239,400,0.25,0.14285714285714285,0.01,0.09362389023405973,0.688458434221146,0.11299435028248588,0.0008071025020177562,0.08393866020984665,0.020177562550443905,0.0,True,True,True,,True,True,
720575940638737341,cell_class,AN,1239,400,0.25,0.14285714285714285,0.05,0.09362389023405973,0.688458434221146,0.11299435028248588,0.0008071025020177562,0.08393866020984665,0.020177562550443905,0.0,False,True,True,,True,False,
720575940638737341,cell_class,AN,1239,400,0.25,0.14285714285714285,0.1,0.09362389023405973,0.688458434221146,0.11299435028248588,0.0008071025020177562,0.08393866020984665,0.020177562550443905,0.0,False,True,False,,False,False,
720575940638737341,cell_class,AN,1239,400,0.25,0.04,0.01,0.09362389023405973,0.688458434221146,0.11299435028248588,0.0008071025020177562,0.08393866020984665,0.020177562550443905,0.0,True,True,True,,True,False,
720575940638737341,cell_class,AN,1239,400,0.25,0.04,0.05,0.09362389023405973,0.688458434221146,0.11299435028248588,0.0008071025020177562,0.08393866020984665,0.020177562550443905,0.0,False,True,False,,False,False,
720575940638737341,cell_class,AN,1239,400,0.25,0.04,0.1,0.09362389023405973,0.688458434221146,0.11299435028248588,0.0008071025020177562,0.08393866020984665,0.020177562550443905,0.0,False,True,False,,False,False,
720575940638737341,cell_class,AN,1239,400,0.25,0.02,0.01,0.09362389023405973,0.688458434221146,0.11299435028248588,0.0008071025020177562,0.08393866020984665,0.020177562550443905,0.0,True,True,True,,True,False,
720575940638737341,cell_class,AN,1239,400,0.25,0.02,0.05,0.09362389023405973,0.688458434221146,0.11299435028248588,0.0008071025020177562,0.08393866020984665,0.020177562550443905,0.0,False,True,False,,False,False,
720575940638737341,cell_class,AN,1239,400,0.25,0.02,0.1,0.09362389023405973,0.688458434221146,0.11299435028248588,0.0008071025020177562,0.08393866020984665,0.020177562550443905,0.0,False,False,False,,False,False,
720575940638737341,cell_class,AN,1239,400,0.25,0.01,0.01,0.09362389023405973,0.688458434221146,0.11299435028248588,0.0008071025020177562,0.08393866020984665,0.020177562550443905,0.0,True,True,True,,False,False,
720575940638737341,cell_class,AN,1239,400,0.25,0.01,0.05,0.09362389023405973,0.688458434221146,0.11299435028248588,0.0008071025020177562,0.08393866020984665,0.020177562550443905,0.0,False,False,False,,False,False,
720575940638737341,cell_class,AN,1239,400,0.25,0.01,0.1,0.09362389023405973,0.688458434221146,0.11299435028248588,0.0008071025020177562,0.08393866020984665,0.020177562550443905,0.0,False,False,False,,False,False,
720575940621787371,cell_class,AN,3385,400,0.25,0.14285714285714285,0.01,0.00413589364844904,0.8830132939438701,0.025997045790251107,0.0,0.05790251107828656,0.02776957163958641,0.0011816838995568684,False,True,True,,True,True,False
720575940621787371,cell_class,AN,3385,400,0.25,0.14285714285714285,0.05,0.00413589364844904,0.8830132939438701,0.025997045790251107,0.0,0.05790251107828656,0.02776957163958641,0.0011816838995568684,False,True,False,,False,False,False
720575940621787371,cell_class,AN,3385,400,0.25,0.14285714285714285,0.1,0.00413589364844904,0.8830132939438701,0.025997045790251107,0.0,0.05790251107828656,0.02776957163958641,0.0011816838995568684,False,True,False,,False,False,False
720575940621787371,cell_class,AN,3385,400,0.25,0.04,0.01,0.00413589364844904,0.8830132939438701,0.025997045790251107,0.0,0.05790251107828656,0.02776957163958641,0.0011816838995568684,False,True,False,,True,False,False
720575940621787371,cell_class,AN,3385,400,0.25,0.04,0.05,0.00413589364844904,0.8830132939438701,0.025997045790251107,0.0,0.05790251107828656,0.02776957163958641,0.0011816838995568684,False,True,False,,False,False,False
720575940621787371,cell_class,AN,3385,400,0.25,0.04,0.1,0.00413589364844904,0.8830132939438701,0.025997045790251107,0.0,0.05790251107828656,0.02776957163958641,0.0011816838995568684,False,True,False,,False,False,False
720575940621787371,cell_class,AN,3385,400,0.25,0.02,0.01,0.00413589364844904,0.8830132939438701,0.025997045790251107,0.0,0.05790251107828656,0.02776957163958641,0.0011816838995568684,False,True,False,,True,False,False
720575940621787371,cell_class,AN,3385,400,0.25,0.02,0.05,0.00413589364844904,0.8830132939438701,0.025997045790251107,0.0,0.05790251107828656,0.02776957163958641,0.0011816838995568684,False,True,False,,False,False,False
720575940621787371,cell_class,AN,3385,400,0.25,0.02,0.1,0.00413589364844904,0.8830132939438701,0.025997045790251107,0.0,0.05790251107828656,0.02776957163958641,0.0011816838995568684,False,False,False,,False,False,False
720575940621787371,cell_class,AN,3385,400,0.25,0.01,0.01,0.00413589364844904,0.8830132939438701,0.025997045790251107,0.0,0.05790251107828656,0.02776957163958641,0.0011816838995568684,False,True,False,,False,False,False
720575940621787371,cell_class,AN,3385,400,0.25,0.01,0.05,0.00413589364844904,0.8830132939438701,0.025997045790251107,0.0,0.05790251107828656,0.02776957163958641,0.0011816838995568684,False,False,False,,False,False,False
720575940621787371,cell_class,AN,3385,400,0.25,0.01,0.1,0.00413589364844904,0.8830132939438701,0.025997045790251107,0.0,0.05790251107828656,0.02776957163958641,0.0011816838995568684,False,False,False,,False,False,False
720575940638604021,cell_class,AN,1956,400,0.25,0.14285714285714285,0.01,0.018404907975460124,0.18149284253578732,0.6359918200408998,0.002556237218813906,0.13548057259713703,0.02556237218813906,0.0005112474437627812,True,True,True,False,True,True,
720575940638604021,cell_class,AN,1956,400,0.25,0.14285714285714285,0.05,0.018404907975460124,0.18149284253578732,0.6359918200408998,0.002556237218813906,0.13548057259713703,0.02556237218813906,0.0005112474437627812,False,True,True,False,False,False,
720575940638604021,cell_class,AN,1956,400,0.25,0.14285714285714285,0.1,0.018404907975460124,0.18149284253578732,0.6359918200408998,0.002556237218813906,0.13548057259713703,0.02556237218813906,0.0005112474437627812,False,False,True,False,False,False,
720575940638604021,cell_class,AN,1956,400,0.25,0.04,0.01,0.018404907975460124,0.18149284253578732,0.6359918200408998,0.002556237218813906,0.13548057259713703,0.02556237218813906,0.0005112474437627812,False,True,True,False,True,False,
720575940638604021,cell_class,AN,1956,400,0.25,0.04,0.05,0.018404907975460124,0.18149284253578732,0.6359918200408998,0.002556237218813906,0.13548057259713703,0.02556237218813906,0.0005112474437627812,False,False,True,False,False,False,
720575940638604021,cell_class,AN,1956,400,0.25,0.04,0.1,0.018404907975460124,0.18149284253578732,0.6359918200408998,0.002556237218813906,0.13548057259713703,0.02556237218813906,0.0005112474437627812,False,False,False,False,False,False,
720575940638604021,cell_class,AN,1956,400,0.25,0.02,0.01,0.018404907975460124,0.18149284253578732,0.6359918200408998,0.002556237218813906,0.13548057259713703,0.02556237218813906,0.0005112474437627812,False,True,True,False,True,False,
720575940638604021,cell_class,AN,1956,400,0.25,0.02,0.05,0.018404907975460124,0.18149284253578732,0.6359918200408998,0.002556237218813906,0.13548057259713703,0.02556237218813906,0.0005112474437627812,False,False,False,False,False,False,
720575940638604021,cell_class,AN,1956,400,0.25,0.02,0.1,0.018404907975460124,0.18149284253578732,0.6359918200408998,0.002556237218813906,0.13548057259713703,0.02556237218813906,0.0005112474437627812,False,False,False,False,False,False,
720575940638604021,cell_class,AN,1956,400,0.25,0.01,0.01,0.018404907975460124,0.18149284253578732,0.6359918200408998,0.002556237218813906,0.13548057259713703,0.02556237218813906,0.0005112474437627812,False,True,True,False,True,False,
720575940638604021,cell_class,AN,1956,400,0.25,0.01,0.05,0.018404907975460124,0.18149284253578732,0.6359918200408998,0.002556237218813906,0.13548057259713703,0.02556237218813906,0.0005112474437627812,False,False,False,False,False,False,
720575940638604021,cell_class,AN,1956,400,0.25,0.01,0.1,0.018404907975460124,0.18149284253578732,0.6359918200408998,0.002556237218813906,0.13548057259713703,0.02556237218813906,0.0005112474437627812,False,False,False,False,False,False,
720575940608683477,cell_class,AN,7327,400,0.25,0.14285714285714285,0.01,0.014194076702606797,0.6119830762931623,0.015968336290432646,0.0024566671216050225,0.3321959874437014,0.02292889313498021,0.0002729630135116692,False,True,False,False,True,True,False
720575940608683477,cell_class,AN,7327,400,0.25,0.14285714285714285,0.05,0.014194076702606797,0.6119830762931623,0.015968336290432646,0.0024566671216050225,0.3321959874437014,0.02292889313498021,0.0002729630135116692,False,True,False,False,True,False,False
720575940608683477,cell_class,AN,7327,400,0.25,0.14285714285714285,0.1,0.014194076702606797,0.6119830762931623,0.015968336290432646,0.0024566671216050225,0.3321959874437014,0.02292889313498021,0.0002729630135116692,False,True,False,False,True,False,False
720575940608683477,cell_class,AN,7327,400,0.25,0.04,0.01,0.014194076702606797,0.6119830762931623,0.015968336290432646,0.0024566671216050225,0.3321959874437014,0.02292889313498021,0.0002729630135116692,False,True,False,False,True,False,False
720575940608683477,cell_class,AN,7327,400,0.25,0.04,0.05,0.014194076702606797,0.6119830762931623,0.015968336290432646,0.0024566671216050225,0.3321959874437014,0.02292889313498021,0.0002729630135116692,False,True,False,False,False,False,False
720575940608683477,cell_class,AN,7327,400,0.25,0.04,0.1,0.014194076702606797,0.6119830762931623,0.015968336290432646,0.0024566671216050225,0.3321959874437014,0.02292889313498021,0.0002729630135116692,False,True,False,False,False,False,False
720575940608683477,cell_class,AN,7327,400,0.25,0.02,0.01,0.014194076702606797,0.6119830762931623,0.015968336290432646,0.0024566671216050225,0.3321959874437014,0.02292889313498021,0.0002729630135116692,False,True,False,False,True,False,False
720575940608683477,cell_class,AN,7327,400,0.25,0.02,0.05,0.014194076702606797,0.6119830762931623,0.015968336290432646,0.0024566671216050225,0.3321959874437014,0.02292889313498021,0.0002729630135116692,False,True,False,False,False,False,False
720575940608683477,cell_class,AN,7327,400,0.25,0.02,0.1,0.014194076702606797,0.6119830762931623,0.015968336290432646,0.0024566671216050225,0.3321959874437014,0.02292889313498021,0.0002729630135116692,False,False,False,False,False,False,False
720575940608683477,cell_class,AN,7327,400,0.25,0.01,0.01,0.014194076702606797,0.6119830762931623,0.015968336290432646,0.0024566671216050225,0.3321959874437014,0.02292889313498021,0.0002729630135116692,False,True,False,False,True,False,False
720575940608683477,cell_class,AN,7327,400,0.25,0.01,0.05,0.014194076702606797,0.6119830762931623,0.015968336290432646,0.0024566671216050225,0.3321959874437014,0.02292889313498021,0.0002729630135116692,False,False,False,False,False,False,False
720575940608683477,cell_class,AN,7327,400,0.25,0.01,0.1,0.014194076702606797,0.6119830762931623,0.015968336290432646,0.0024566671216050225,0.3321959874437014,0.02292889313498021,0.0002729630135116692,False,False,False,False,False,False,False
720575940610640482,cell_class,AN,47826,400,0.25,0.14285714285714285,0.01,0.38458160833019694,0.05842010621837494,0.5253209551290093,0.0007318195123991135,0.01676912139840254,0.013862752477731779,0.00031363693388533436,True,True,True,False,False,False,False
720575940610640482,cell_class,AN,47826,400,0.25,0.14285714285714285,0.05,0.38458160833019694,0.05842010621837494,0.5253209551290093,0.0007318195123991135,0.01676912139840254,0.013862752477731779,0.00031363693388533436,True,False,True,False,False,False,False
720575940610640482,cell_class,AN,47826,400,0.25,0.14285714285714285,0.1,0.38458160833019694,0.05842010621837494,0.5253209551290093,0.0007318195123991135,0.01676912139840254,0.013862752477731779,0.00031363693388533436,True,False,True,False,False,False,False
720575940610640482,cell_class,AN,47826,400,0.25,0.04,0.01,0.38458160833019694,0.05842010621837494,0.5253209551290093,0.0007318195123991135,0.01676912139840254,0.013862752477731779,0.00031363693388533436,True,False,True,False,False,False,False
720575940610640482,cell_class,AN,47826,400,0.25,0.04,0.05,0.38458160833019694,0.05842010621837494,0.5253209551290093,0.0007318195123991135,0.01676912139840254,0.013862752477731779,0.00031363693388533436,True,False,True,False,False,False,False
720575940610640482,cell_class,AN,47826,400,0.25,0.04,0.1,0.38458160833019694,0.05842010621837494,0.5253209551290093,0.0007318195123991135,0.01676912139840254,0.013862752477731779,0.00031363693388533436,False,False,False,False,False,False,False
720575940610640482,cell_class,AN,47826,400,0.25,0.02,0.01,0.38458160833019694,0.05842010621837494,0.5253209551290093,0.0007318195123991135,0.01676912139840254,0.013862752477731779,0.00031363693388533436,True,False,True,False,False,False,False
720575940610640482,cell_class,AN,47826,400,0.25,0.02,0.05,0.38458160833019694,0.05842010621837494,0.5253209551290093,0.0007318195123991135,0.01676912139840254,0.013862752477731779,0.00031363693388533436,False,False,False,False,False,False,False
720575940610640482,cell_class,AN,47826,400,0.25,0.02,0.1,0.38458160833019694,0.05842010621837494,0.5253209551290093,0.0007318195123991135,0.01676912139840254,0.013862752477731779,0.00031363693388533436,False,False,False,False,False,False,False
720575940610640482,cell_class,AN,47826,400,0.25,0.01,0.01,0.38458160833019694,0.05842010621837494,0.5253209551290093,0.0007318195123991135,0.01676912139840254,0.013862752477731779,0.00031363693388533436,True,False,True,False,False,False,False
720575940610640482,cell_class,AN,47826,400,0.25,0.01,0.05,0.38458160833019694,0.05842010621837494,0.5253209551290093,0.0007318195123991135,0.01676912139840254,0.013862752477731779,0.00031363693388533436,False,False,False,False,False,False,False
720575940610640482,cell_class,AN,47826,400,0.25,0.01,0.1,0.38458160833019694,0.05842010621837494,0.5253209551290093,0.0007318195123991135,0.01676912139840254,0.013862752477731779,0.00031363693388533436,False,False,False,False,False,False,False
720575940633288372,cell_class,AN,3420,400,0.25,0.14285714285714285,0.01,0.01871345029239766,0.7786549707602339,0.03508771929824561,0.007309941520467836,0.10555555555555556,0.054093567251461985,0.0005847953216374269,True,True,True,False,True,True,False
720575940633288372,cell_class,AN,3420,400,0.25,0.14285714285714285,0.05,0.01871345029239766,0.7786549707602339,0.03508771929824561,0.007309941520467836,0.10555555555555556,0.054093567251461985,0.0005847953216374269,False,True,False,False,True,False,False
720575940633288372,cell_class,AN,3420,400,0.25,0.14285714285714285,0.1,0.01871345029239766,0.7786549707602339,0.03508771929824561,0.007309941520467836,0.10555555555555556,0.054093567251461985,0.0005847953216374269,False,True,False,False,False,False,False
720575940633288372,cell_class,AN,3420,400,0.25,0.04,0.01,0.01871345029239766,0.7786549707602339,0.03508771929824561,0.007309941520467836,0.10555555555555556,0.054093567251461985,0.0005847953216374269,False,True,False,False,True,False,False
720575940633288372,cell_class,AN,3420,400,0.25,0.04,0.05,0.01871345029239766,0.7786549707602339,0.03508771929824561,0.007309941520467836,0.10555555555555556,0.054093567251461985,0.0005847953216374269,False,True,False,False,False,False,False
720575940633288372,cell_class,AN,3420,400,0.25,0.04,0.1,0.01871345029239766,0.7786549707602339,0.03508771929824561,0.007309941520467836,0.10555555555555556,0.054093567251461985,0.0005847953216374269,False,True,False,False,False,False,False
720575940633288372,cell_class,AN,3420,400,0.25,0.02,0.01,0.01871345029239766,0.7786549707602339,0.03508771929824561,0.007309941520467836,0.10555555555555556,0.054093567251461985,0.0005847953216374269,False,True,False,False,False,False,False
720575940633288372,cell_class,AN,3420,400,0.25,0.02,0.05,0.01871345029239766,0.7786549707602339,0.03508771929824561,0.007309941520467836,0.10555555555555556,0.054093567251461985,0.0005847953216374269,False,True,False,False,False,False,False
720575940633288372,cell_class,AN,3420,400,0.25,0.02,0.1,0.01871345029239766,0.7786549707602339,0.03508771929824561,0.007309941520467836,0.10555555555555556,0.054093567251461985,0.0005847953216374269,False,False,False,False,False,False,False
720575940633288372,cell_class,AN,3420,400,0.25,0.01,0.01,0.01871345029239766,0.7786549707602339,0.03508771929824561,0.007309941520467836,0.10555555555555556,0.054093567251461985,0.0005847953216374269,False,True,False,False,False,False,False
720575940633288372,cell_class,AN,3420,400,0.25,0.01,0.05,0.01871345029239766,0.7786549707602339,0.03508771929824561,0.007309941520467836,0.10555555555555556,0.054093567251461985,0.0005847953216374269,False,False,False,False,False,False,False
720575940633288372,cell_class,AN,3420,400,0.25,0.01,0.1,0.01871345029239766,0.7786549707602339,0.03508771929824561,0.007309941520467836,0.10555555555555556,0.054093567251461985,0.0005847953216374269,False,False,False,False,False,False,False
720575940639787630,cell_class,AN,3024,400,0.25,0.14285714285714285,0.01,0.009259259259259259,0.6620370370370371,0.026124338624338623,0.00496031746031746,0.23644179894179895,0.06117724867724868,0.0,False,True,True,False,True,True,
720575940639787630,cell_class,AN,3024,400,0.25,0.14285714285714285,0.05,0.009259259259259259,0.6620370370370371,0.026124338624338623,0.00496031746031746,0.23644179894179895,0.06117724867724868,0.0,False,True,False,False,True,False,
720575940639787630,cell_class,AN,3024,400,0.25,0.14285714285714285,0.1,0.009259259259259259,0.6620370370370371,0.026124338624338623,0.00496031746031746,0.23644179894179895,0.06117724867724868,0.0,False,True,False,False,True,False,
720575940639787630,cell_class,AN,3024,400,0.25,0.04,0.01,0.009259259259259259,0.6620370370370371,0.026124338624338623,0.00496031746031746,0.23644179894179895,0.06117724867724868,0.0,False,True,False,False,True,True,
720575940639787630,cell_class,AN,3024,400,0.25,0.04,0.05,0.009259259259259259,0.6620370370370371,0.026124338624338623,0.00496031746031746,0.23644179894179895,0.06117724867724868,0.0,False,True,False,False,False,False,
720575940639787630,cell_class,AN,3024,400,0.25,0.04,0.1,0.009259259259259259,0.6620370370370371,0.026124338624338623,0.00496031746031746,0.23644179894179895,0.06117724867724868,0.0,False,True,False,False,False,False,
720575940639787630,cell_class,AN,3024,400,0.25,0.02,0.01,0.009259259259259259,0.6620370370370371,0.026124338624338623,0.00496031746031746,0.23644179894179895,0.06117724867724868,0.0,False,True,False,False,True,False,
720575940639787630,cell_class,AN,3024,400,0.25,0.02,0.05,0.009259259259259259,0.6620370370370371,0.026124338624338623,0.00496031746031746,0.23644179894179895,0.06117724867724868,0.0,False,True,False,False,False,False,
720575940639787630,cell_class,AN,3024,400,0.25,0.02,0.1,0.009259259259259259,0.6620370370370371,0.026124338624338623,0.00496031746031746,0.23644179894179895,0.06117724867724868,0.0,False,False,False,False,False,False,
720575940639787630,cell_class,AN,3024,400,0.25,0.01,0.01,0.009259259259259259,0.6620370370370371,0.026124338624338623,0.00496031746031746,0.23644179894179895,0.06117724867724868,0.0,False,True,False,False,True,False,
720575940639787630,cell_class,AN,3024,400,0.25,0.01,0.05,0.009259259259259259,0.6620370370370371,0.026124338624338623,0.00496031746031746,0.23644179894179895,0.06117724867724868,0.0,False,False,False,False,False,False,
720575940639787630,cell_class,AN,3024,400,0.25,0.01,0.1,0.009259259259259259,0.6620370370370371,0.026124338624338623,0.00496031746031746,0.23644179894179895,0.06117724867724868,0.0,False,False,False,False,False,False,
720575940639792494,cell_class,AN,1096,400,0.25,0.14285714285714285,0.01,0.04744525547445255,0.5063868613138686,0.0036496350364963502,0.0072992700729927005,0.38503649635036497,0.05018248175182482,0.0,True,True,False,False,True,True,
720575940639792494,cell_class,AN,1096,400,0.25,0.14285714285714285,0.05,0.04744525547445255,0.5063868613138686,0.0036496350364963502,0.0072992700729927005,0.38503649635036497,0.05018248175182482,0.0,False,True,False,False,True,False,
720575940639792494,cell_class,AN,1096,400,0.25,0.14285714285714285,0.1,0.04744525547445255,0.5063868613138686,0.0036496350364963502,0.0072992700729927005,0.38503649635036497,0.05018248175182482,0.0,False,True,False,False,True,False,
720575940639792494,cell_class,AN,1096,400,0.25,0.04,0.01,0.04744525547445255,0.5063868613138686,0.0036496350364963502,0.0072992700729927005,0.38503649635036497,0.05018248175182482,0.0,True,True,False,False,True,True,
720575940639792494,cell_class,AN,1096,400,0.25,0.04,0.05,0.04744525547445255,0.5063868613138686,0.0036496350364963502,0.0072992700729927005,0.38503649635036497,0.05018248175182482,0.0,False,True,False,False,False,False,
720575940639792494,cell_class,AN,1096,400,0.25,0.04,0.1,0.04744525547445255,0.5063868613138686,0.0036496350364963502,0.0072992700729927005,0.38503649635036497,0.05018248175182482,0.0,False,False,False,False,False,False,
720575940639792494,cell_class,AN,1096,400,0.25,0.02,0.01,0.04744525547445255,0.5063868613138686,0.0036496350364963502,0.0072992700729927005,0.38503649635036497,0.05018248175182482,0.0,True,True,False,False,True,True,
720575940639792494,cell_class,AN,1096,400,0.25,0.02,0.05,0.04744525547445255,0.5063868613138686,0.0036496350364963502,0.0072992700729927005,0.38503649635036497,0.05018248175182482,0.0,False,False,False,False,False,False,
720575940639792494,cell_class,AN,1096,400,0.25,0.02,0.1,0.04744525547445255,0.5063868613138686,0.0036496350364963502,0.0072992700729927005,0.38503649635036497,0.05018248175182482,0.0,False,False,False,False,False,False,
720575940639792494,cell_class,AN,1096,400,0.25,0.01,0.01,0.04744525547445255,0.5063868613138686,0.0036496350364963502,0.0072992700729927005,0.38503649635036497,0.05018248175182482,0.0,True,True,False,False,True,True,
720575940639792494,cell_class,AN,1096,400,0.25,0.01,0.05,0.04744525547445255,0.5063868613138686,0.0036496350364963502,0.0072992700729927005,0.38503649635036497,0.05018248175182482,0.0,False,False,False,False,False,False,
720575940639792494,cell_class,AN,1096,400,0.25,0.01,0.1,0.04744525547445255,0.5063868613138686,0.0036496350364963502,0.0072992700729927005,0.38503649635036497,0.05018248175182482,0.0,False,False,False,False,False,False,
720575940640002071,cell_class,AN,1582,400,0.25,0.14285714285714285,0.01,0.009481668773704172,0.854614412136536,0.106826801517067,0.005689001264222503,0.009481668773704172,0.01390644753476612,0.0,False,True,True,False,False,False,
720575940640002071,cell_class,AN,1582,400,0.25,0.14285714285714285,0.05,0.009481668773704172,0.854614412136536,0.106826801517067,0.005689001264222503,0.009481668773704172,0.01390644753476612,0.0,False,True,False,False,False,False,
720575940640002071,cell_class,AN,1582,400,0.25,0.14285714285714285,0.1,0.009481668773704172,0.854614412136536,0.106826801517067,0.005689001264222503,0.009481668773704172,0.01390644753476612,0.0,False,True,False,False,False,False,
720575940640002071,cell_class,AN,1582,400,0.25,0.04,0.01,0.009481668773704172,0.854614412136536,0.106826801517067,0.005689001264222503,0.009481668773704172,0.01390644753476612,0.0,False,True,True,False,False,False,
720575940640002071,cell_class,AN,1582,400,0.25,0.04,0.05,0.009481668773704172,0.854614412136536,0.106826801517067,0.005689001264222503,0.009481668773704172,0.01390644753476612,0.0,False,True,False,False,False,False,
720575940640002071,cell_class,AN,1582,400,0.25,0.04,0.1,0.009481668773704172,0.854614412136536,0.106826801517067,0.005689001264222503,0.009481668773704172,0.01390644753476612,0.0,False,False,False,False,False,False,
720575940640002071,cell_class,AN,1582,400,0.25,0.02,0.01,0.009481668773704172,0.854614412136536,0.106826801517067,0.005689001264222503,0.009481668773704172,0.01390644753476612,0.0,False,True,True,False,False,False,
720575940640002071,cell_class,AN,1582,400,0.25,0.02,0.05,0.009481668773704172,0.854614412136536,0.106826801517067,0.005689001264222503,0.009481668773704172,0.01390644753476612,0.0,False,False,False,False,False,False,
720575940640002071,cell_class,AN,1582,400,0.25,0.02,0.1,0.009481668773704172,0.854614412136536,0.106826801517067,0.005689001264222503,0.009481668773704172,0.01390644753476612,0.0,False,False,False,False,False,False,
720575940640002071,cell_class,AN,1582,400,0.25,0.01,0.01,0.009481668773704172,0.854614412136536,0.106826801517067,0.005689001264222503,0.009481668773704172,0.01390644753476612,0.0,False,True,True,False,False,False,
720575940640002071,cell_class,AN,1582,400,0.25,0.01,0.05,0.009481668773704172,0.854614412136536,0.106826801517067,0.005689001264222503,0.009481668773704172,0.01390644753476612,0.0,False,False,False,False,False,False,
720575940640002071,cell_class,AN,1582,400,0.25,0.01,0.1,0.009481668773704172,0.854614412136536,0.106826801517067,0.005689001264222503,0.009481668773704172,0.01390644753476612,0.0,False,False,False,False,False,False,
720575940638446032,cell_class,AN,1324,400,0.25,0.14285714285714285,0.01,0.00906344410876133,0.6699395770392749,0.2945619335347432,0.0007552870090634441,0.01812688821752266,0.0075528700906344415,0.0,False,True,True,,True,False,
720575940638446032,cell_class,AN,1324,400,0.25,0.14285714285714285,0.05,0.00906344410876133,0.6699395770392749,0.2945619335347432,0.0007552870090634441,0.01812688821752266,0.0075528700906344415,0.0,False,True,True,,False,False,
720575940638446032,cell_class,AN,1324,400,0.25,0.14285714285714285,0.1,0.00906344410876133,0.6699395770392749,0.2945619335347432,0.0007552870090634441,0.01812688821752266,0.0075528700906344415,0.0,False,True,True,,False,False,
720575940638446032,cell_class,AN,1324,400,0.25,0.04,0.01,0.00906344410876133,0.6699395770392749,0.2945619335347432,0.0007552870090634441,0.01812688821752266,0.0075528700906344415,0.0,False,True,True,,False,False,
720575940638446032,cell_class,AN,1324,400,0.25,0.04,0.05,0.00906344410876133,0.6699395770392749,0.2945619335347432,0.0007552870090634441,0.01812688821752266,0.0075528700906344415,0.0,False,True,True,,False,False,
720575940638446032,cell_class,AN,1324,400,0.25,0.04,0.1,0.00906344410876133,0.6699395770392749,0.2945619335347432,0.0007552870090634441,0.01812688821752266,0.0075528700906344415,0.0,False,False,False,,False,False,
720575940638446032,cell_class,AN,1324,400,0.25,0.02,0.01,0.00906344410876133,0.6699395770392749,0.2945619335347432,0.0007552870090634441,0.01812688821752266,0.0075528700906344415,0.0,False,True,True,,False,False,
720575940638446032,cell_class,AN,1324,400,0.25,0.02,0.05,0.00906344410876133,0.6699395770392749,0.2945619335347432,0.0007552870090634441,0.01812688821752266,0.0075528700906344415,0.0,False,True,False,,False,False,
720575940638446032,cell_class,AN,1324,400,0.25,0.02,0.1,0.00906344410876133,0.6699395770392749,0.2945619335347432,0.0007552870090634441,0.01812688821752266,0.0075528700906344415,0.0,False,False,False,,False,False,
720575940638446032,cell_class,AN,1324,400,0.25,0.01,0.01,0.00906344410876133,0.6699395770392749,0.2945619335347432,0.0007552870090634441,0.01812688821752266,0.0075528700906344415,0.0,False,True,True,,False,False,
720575940638446032,cell_class,AN,1324,400,0.25,0.01,0.05,0.00906344410876133,0.6699395770392749,0.2945619335347432,0.0007552870090634441,0.01812688821752266,0.0075528700906344415,0.0,False,False,False,,False,False,
720575940638446032,cell_class,AN,1324,400,0.25,0.01,0.1,0.00906344410876133,0.6699395770392749,0.2945619335347432,0.0007552870090634441,0.01812688821752266,0.0075528700906344415,0.0,False,False,False,,False,False,
720575940640962158,cell_class,AN,2235,400,0.25,0.14285714285714285,0.01,0.20850111856823267,0.021476510067114093,0.3046979865771812,0.01879194630872483,0.3906040268456376,0.05503355704697987,0.0008948545861297539,True,True,True,True,True,True,False
720575940640962158,cell_class,AN,2235,400,0.25,0.14285714285714285,0.05,0.20850111856823267,0.021476510067114093,0.3046979865771812,0.01879194630872483,0.3906040268456376,0.05503355704697987,0.0008948545861297539,True,False,True,False,True,True,False
720575940640962158,cell_class,AN,2235,400,0.25,0.14285714285714285,0.1,0.20850111856823267,0.021476510067114093,0.3046979865771812,0.01879194630872483,0.3906040268456376,0.05503355704697987,0.0008948545861297539,True,False,True,False,True,False,False
720575940640962158,cell_class,AN,2235,400,0.25,0.04,0.01,0.20850111856823267,0.021476510067114093,0.3046979865771812,0.01879194630872483,0.3906040268456376,0.05503355704697987,0.0008948545861297539,True,False,True,False,True,True,False
720575940640962158,cell_class,AN,2235,400,0.25,0.04,0.05,0.20850111856823267,0.021476510067114093,0.3046979865771812,0.01879194630872483,0.3906040268456376,0.05503355704697987,0.0008948545861297539,False,False,True,False,True,False,False
720575940640962158,cell_class,AN,2235,400,0.25,0.04,0.1,0.20850111856823267,0.021476510067114093,0.3046979865771812,0.01879194630872483,0.3906040268456376,0.05503355704697987,0.0008948545861297539,False,False,False,False,False,False,False
720575940640962158,cell_class,AN,2235,400,0.25,0.02,0.01,0.20850111856823267,0.021476510067114093,0.3046979865771812,0.01879194630872483,0.3906040268456376,0.05503355704697987,0.0008948545861297539,True,False,True,False,True,False,False
720575940640962158,cell_class,AN,2235,400,0.25,0.02,0.05,0.20850111856823267,0.021476510067114093,0.3046979865771812,0.01879194630872483,0.3906040268456376,0.05503355704697987,0.0008948545861297539,False,False,False,False,True,False,False
720575940640962158,cell_class,AN,2235,400,0.25,0.02,0.1,0.20850111856823267,0.021476510067114093,0.3046979865771812,0.01879194630872483,0.3906040268456376,0.05503355704697987,0.0008948545861297539,False,False,False,False,False,False,False
720575940640962158,cell_class,AN,2235,400,0.25,0.01,0.01,0.20850111856823267,0.021476510067114093,0.3046979865771812,0.01879194630872483,0.3906040268456376,0.05503355704697987,0.0008948545861297539,True,False,True,False,True,False,False
720575940640962158,cell_class,AN,2235,400,0.25,0.01,0.05,0.20850111856823267,0.021476510067114093,0.3046979865771812,0.01879194630872483,0.3906040268456376,0.05503355704697987,0.0008948545861297539,False,False,False,False,False,False,False
720575940640962158,cell_class,AN,2235,400,0.25,0.01,0.1,0.20850111856823267,0.021476510067114093,0.3046979865771812,0.01879194630872483,0.3906040268456376,0.05503355704697987,0.0008948545861297539,False,False,False,False,False,False,False
720575940623497653,cell_class,AN,3927,400,0.25,0.14285714285714285,0.01,0.056786350903997966,0.04736440030557677,0.7677616501145913,0.016042780748663103,0.06900942195059842,0.04252610134963076,0.0005092946269416857,True,True,True,False,True,True,False
720575940623497653,cell_class,AN,3927,400,0.25,0.14285714285714285,0.05,0.056786350903997966,0.04736440030557677,0.7677616501145913,0.016042780748663103,0.06900942195059842,0.04252610134963076,0.0005092946269416857,False,False,True,False,False,False,False
720575940623497653,cell_class,AN,3927,400,0.25,0.14285714285714285,0.1,0.056786350903997966,0.04736440030557677,0.7677616501145913,0.016042780748663103,0.06900942195059842,0.04252610134963076,0.0005092946269416857,False,False,True,False,False,False,False
720575940623497653,cell_class,AN,3927,400,0.25,0.04,0.01,0.056786350903997966,0.04736440030557677,0.7677616501145913,0.016042780748663103,0.06900942195059842,0.04252610134963076,0.0005092946269416857,True,False,True,False,True,True,False
720575940623497653,cell_class,AN,3927,400,0.25,0.04,0.05,0.056786350903997966,0.04736440030557677,0.7677616501145913,0.016042780748663103,0.06900942195059842,0.04252610134963076,0.0005092946269416857,False,False,True,False,False,False,False
720575940623497653,cell_class,AN,3927,400,0.25,0.04,0.1,0.056786350903997966,0.04736440030557677,0.7677616501145913,0.016042780748663103,0.06900942195059842,0.04252610134963076,0.0005092946269416857,False,False,True,False,False,False,False
720575940623497653,cell_class,AN,3927,400,0.25,0.02,0.01,0.056786350903997966,0.04736440030557677,0.7677616501145913,0.016042780748663103,0.06900942195059842,0.04252610134963076,0.0005092946269416857,False,False,True,False,False,False,False
720575940623497653,cell_class,AN,3927,400,0.25,0.02,0.05,0.056786350903997966,0.04736440030557677,0.7677616501145913,0.016042780748663103,0.06900942195059842,0.04252610134963076,0.0005092946269416857,False,False,True,False,False,False,False
720575940623497653,cell_class,AN,3927,400,0.25,0.02,0.1,0.056786350903997966,0.04736440030557677,0.7677616501145913,0.016042780748663103,0.06900942195059842,0.04252610134963076,0.0005092946269416857,False,False,False,False,False,False,False
720575940623497653,cell_class,AN,3927,400,0.25,0.01,0.01,0.056786350903997966,0.04736440030557677,0.7677616501145913,0.016042780748663103,0.06900942195059842,0.04252610134963076,0.0005092946269416857,False,False,True,False,False,False,False
720575940623497653,cell_class,AN,3927,400,0.25,0.01,0.05,0.056786350903997966,0.04736440030557677,0.7677616501145913,0.016042780748663103,0.06900942195059842,0.04252610134963076,0.0005092946269416857,False,False,False,False,False,False,False
720575940623497653,cell_class,AN,3927,400,0.25,0.01,0.1,0.056786350903997966,0.04736440030557677,0.7677616501145913,0.016042780748663103,0.06900942195059842,0.04252610134963076,0.0005092946269416857,False,False,False,False,False,False,False
720575940608887235,cell_class,AN,4440,400,0.25,0.14285714285714285,0.01,0.00563063063063063,0.7891891891891892,0.07927927927927927,0.0009009009009009009,0.11013513513513513,0.01463963963963964,0.00022522522522522523,False,True,True,False,True,False,
720575940608887235,cell_class,AN,4440,400,0.25,0.14285714285714285,0.05,0.00563063063063063,0.7891891891891892,0.07927927927927927,0.0009009009009009009,0.11013513513513513,0.01463963963963964,0.00022522522522522523,False,True,False,False,True,False,
720575940608887235,cell_class,AN,4440,400,0.25,0.14285714285714285,0.1,0.00563063063063063,0.7891891891891892,0.07927927927927927,0.0009009009009009009,0.11013513513513513,0.01463963963963964,0.00022522522522522523,False,True,False,False,False,False,
720575940608887235,cell_class,AN,4440,400,0.25,0.04,0.01,0.00563063063063063,0.7891891891891892,0.07927927927927927,0.0009009009009009009,0.11013513513513513,0.01463963963963964,0.00022522522522522523,False,True,True,False,True,False,
720575940608887235,cell_class,AN,4440,400,0.25,0.04,0.05,0.00563063063063063,0.7891891891891892,0.07927927927927927,0.0009009009009009009,0.11013513513513513,0.01463963963963964,0.00022522522522522523,False,True,False,False,False,False,
720575940608887235,cell_class,AN,4440,400,0.25,0.04,0.1,0.00563063063063063,0.7891891891891892,0.07927927927927927,0.0009009009009009009,0.11013513513513513,0.01463963963963964,0.00022522522522522523,False,True,False,False,False,False,
720575940608887235,cell_class,AN,4440,400,0.25,0.02,0.01,0.00563063063063063,0.7891891891891892,0.07927927927927927,0.0009009009009009009,0.11013513513513513,0.01463963963963964,0.00022522522522522523,False,True,False,False,False,False,
720575940608887235,cell_class,AN,4440,400,0.25,0.02,0.05,0.00563063063063063,0.7891891891891892,0.07927927927927927,0.0009009009009009009,0.11013513513513513,0.01463963963963964,0.00022522522522522523,False,True,False,False,False,False,
720575940608887235,cell_class,AN,4440,400,0.25,0.02,0.1,0.00563063063063063,0.7891891891891892,0.07927927927927927,0.0009009009009009009,0.11013513513513513,0.01463963963963964,0.00022522522522522523,False,False,False,False,False,False,
720575940608887235,cell_class,AN,4440,400,0.25,0.01,0.01,0.00563063063063063,0.7891891891891892,0.07927927927927927,0.0009009009009009009,0.11013513513513513,0.01463963963963964,0.00022522522522522523,False,True,False,False,False,False,
720575940608887235,cell_class,AN,4440,400,0.25,0.01,0.05,0.00563063063063063,0.7891891891891892,0.07927927927927927,0.0009009009009009009,0.11013513513513513,0.01463963963963964,0.00022522522522522523,False,False,False,False,False,False,
720575940608887235,cell_class,AN,4440,400,0.25,0.01,0.1,0.00563063063063063,0.7891891891891892,0.07927927927927927,0.0009009009009009009,0.11013513513513513,0.01463963963963964,0.00022522522522522523,False,False,False,False,False,False,
720575940641728712,cell_class,AN,704,400,0.25,0.14285714285714285,0.01,0.03835227272727273,0.08948863636363637,0.42329545454545453,0.004261363636363636,0.2840909090909091,0.16051136363636365,0.0,True,True,True,False,True,True,
720575940641728712,cell_class,AN,704,400,0.25,0.14285714285714285,0.05,0.03835227272727273,0.08948863636363637,0.42329545454545453,0.004261363636363636,0.2840909090909091,0.16051136363636365,0.0,False,False,True,False,True,True,
720575940641728712,cell_class,AN,704,400,0.25,0.14285714285714285,0.1,0.03835227272727273,0.08948863636363637,0.42329545454545453,0.004261363636363636,0.2840909090909091,0.16051136363636365,0.0,False,False,True,False,True,False,
720575940641728712,cell_class,AN,704,400,0.25,0.04,0.01,0.03835227272727273,0.08948863636363637,0.42329545454545453,0.004261363636363636,0.2840909090909091,0.16051136363636365,0.0,True,True,True,False,True,True,
720575940641728712,cell_class,AN,704,400,0.25,0.04,0.05,0.03835227272727273,0.08948863636363637,0.42329545454545453,0.004261363636363636,0.2840909090909091,0.16051136363636365,0.0,False,False,False,False,False,False,
720575940641728712,cell_class,AN,704,400,0.25,0.04,0.1,0.03835227272727273,0.08948863636363637,0.42329545454545453,0.004261363636363636,0.2840909090909091,0.16051136363636365,0.0,False,False,False,False,False,False,
720575940641728712,cell_class,AN,704,400,0.25,0.02,0.01,0.03835227272727273,0.08948863636363637,0.42329545454545453,0.004261363636363636,0.2840909090909091,0.16051136363636365,0.0,True,True,True,False,True,True,
720575940641728712,cell_class,AN,704,400,0.25,0.02,0.05,0.03835227272727273,0.08948863636363637,0.42329545454545453,0.004261363636363636,0.2840909090909091,0.16051136363636365,0.0,False,False,False,False,False,False,
720575940641728712,cell_class,AN,704,400,0.25,0.02,0.1,0.03835227272727273,0.08948863636363637,0.42329545454545453,0.004261363636363636,0.2840909090909091,0.16051136363636365,0.0,False,False,False,False,False,False,
720575940641728712,cell_class,AN,704,400,0.25,0.01,0.01,0.03835227272727273,0.08948863636363637,0.42329545454545453,0.004261363636363636,0.2840909090909091,0.16051136363636365,0.0,True,True,True,False,True,True,
720575940641728712,cell_class,AN,704,400,0.25,0.01,0.05,0.03835227272727273,0.08948863636363637,0.42329545454545453,0.004261363636363636,0.2840909090909091,0.16051136363636365,0.0,False,False,False,False,False,False,
720575940641728712,cell_class,AN,704,400,0.25,0.01,0.1,0.03835227272727273,0.08948863636363637,0.42329545454545453,0.004261363636363636,0.2840909090909091,0.16051136363636365,0.0,False,False,False,False,False,False,
720575940635611060,cell_class,AN,3446,400,0.25,0.14285714285714285,0.01,0.0046430644225188625,0.4689495066744051,0.011607661056297156,0.0037724898432965758,0.4750435287289611,0.035983749274521186,0.0,False,True,False,False,True,True,
720575940635611060,cell_class,AN,3446,400,0.25,0.14285714285714285,0.05,0.0046430644225188625,0.4689495066744051,0.011607661056297156,0.0037724898432965758,0.4750435287289611,0.035983749274521186,0.0,False,True,False,False,True,False,
720575940635611060,cell_class,AN,3446,400,0.25,0.14285714285714285,0.1,0.0046430644225188625,0.4689495066744051,0.011607661056297156,0.0037724898432965758,0.4750435287289611,0.035983749274521186,0.0,False,True,False,False,True,False,
720575940635611060,cell_class,AN,3446,400,0.25,0.04,0.01,0.0046430644225188625,0.4689495066744051,0.011607661056297156,0.0037724898432965758,0.4750435287289611,0.035983749274521186,0.0,False,True,False,False,True,False,
720575940635611060,cell_class,AN,3446,400,0.25,0.04,0.05,0.0046430644225188625,0.4689495066744051,0.011607661056297156,0.0037724898432965758,0.4750435287289611,0.035983749274521186,0.0,False,True,False,False,True,False,
720575940635611060,cell_class,AN,3446,400,0.25,0.04,0.1,0.0046430644225188625,0.4689495066744051,0.011607661056297156,0.0037724898432965758,0.4750435287289611,0.035983749274521186,0.0,False,False,False,False,False,False,
720575940635611060,cell_class,AN,3446,400,0.25,0.02,0.01,0.0046430644225188625,0.4689495066744051,0.011607661056297156,0.0037724898432965758,0.4750435287289611,0.035983749274521186,0.0,False,True,False,False,True,False,
720575940635611060,cell_class,AN,3446,400,0.25,0.02,0.05,0.0046430644225188625,0.4689495066744051,0.011607661056297156,0.0037724898432965758,0.4750435287289611,0.035983749274521186,0.0,False,False,False,False,False,False,
720575940635611060,cell_class,AN,3446,400,0.25,0.02,0.1,0.0046430644225188625,0.4689495066744051,0.011607661056297156,0.0037724898432965758,0.4750435287289611,0.035983749274521186,0.0,False,False,False,False,False,False,
720575940635611060,cell_class,AN,3446,400,0.25,0.01,0.01,0.0046430644225188625,0.4689495066744051,0.011607661056297156,0.0037724898432965758,0.4750435287289611,0.035983749274521186,0.0,False,True,False,False,True,False,
720575940635611060,cell_class,AN,3446,400,0.25,0.01,0.05,0.0046430644225188625,0.4689495066744051,0.011607661056297156,0.0037724898432965758,0.4750435287289611,0.035983749274521186,0.0,False,False,False,False,False,False,
720575940635611060,cell_class,AN,3446,400,0.25,0.01,0.1,0.0046430644225188625,0.4689495066744051,0.011607661056297156,0.0037724898432965758,0.4750435287289611,0.035983749274521186,0.0,False,False,False,False,False,False,
720575940629524483,cell_class,AN,1906,400,0.25,0.14285714285714285,0.01,0.005246589716684155,0.5813221406086044,0.013641133263378805,0.001049317943336831,0.3357817418677859,0.060860440713536204,0.002098635886673662,False,True,False,False,True,True,False
720575940629524483,cell_class,AN,1906,400,0.25,0.14285714285714285,0.05,0.005246589716684155,0.5813221406086044,0.013641133263378805,0.001049317943336831,0.3357817418677859,0.060860440713536204,0.002098635886673662,False,True,False,False,True,False,False
720575940629524483,cell_class,AN,1906,400,0.25,0.14285714285714285,0.1,0.005246589716684155,0.5813221406086044,0.013641133263378805,0.001049317943336831,0.3357817418677859,0.060860440713536204,0.002098635886673662,False,True,False,False,True,False,False
720575940629524483,cell_class,AN,1906,400,0.25,0.04,0.01,0.005246589716684155,0.5813221406086044,0.013641133263378805,0.001049317943336831,0.3357817418677859,0.060860440713536204,0.002098635886673662,False,True,False,False,True,True,False
720575940629524483,cell_class,AN,1906,400,0.25,0.04,0.05,0.005246589716684155,0.5813221406086044,0.013641133263378805,0.001049317943336831,0.3357817418677859,0.060860440713536204,0.002098635886673662,False,True,False,False,False,False,False
720575940629524483,cell_class,AN,1906,400,0.25,0.04,0.1,0.005246589716684155,0.5813221406086044,0.013641133263378805,0.001049317943336831,0.3357817418677859,0.060860440713536204,0.002098635886673662,False,False,False,False,False,False,False
720575940629524483,cell_class,AN,1906,400,0.25,0.02,0.01,0.005246589716684155,0.5813221406086044,0.013641133263378805,0.001049317943336831,0.3357817418677859,0.060860440713536204,0.002098635886673662,False,True,False,False,True,False,False
720575940629524483,cell_class,AN,1906,400,0.25,0.02,0.05,0.005246589716684155,0.5813221406086044,0.013641133263378805,0.001049317943336831,0.3357817418677859,0.060860440713536204,0.002098635886673662,False,False,False,False,False,False,False
720575940629524483,cell_class,AN,1906,400,0.25,0.02,0.1,0.005246589716684155,0.5813221406086044,0.013641133263378805,0.001049317943336831,0.3357817418677859,0.060860440713536204,0.002098635886673662,False,False,False,False,False,False,False
720575940629524483,cell_class,AN,1906,400,0.25,0.01,0.01,0.005246589716684155,0.5813221406086044,0.013641133263378805,0.001049317943336831,0.3357817418677859,0.060860440713536204,0.002098635886673662,False,True,False,False,True,False,False
720575940629524483,cell_class,AN,1906,400,0.25,0.01,0.05,0.005246589716684155,0.5813221406086044,0.013641133263378805,0.001049317943336831,0.3357817418677859,0.060860440713536204,0.002098635886673662,False,False,False,False,False,False,False
720575940629524483,cell_class,AN,1906,400,0.25,0.01,0.1,0.005246589716684155,0.5813221406086044,0.013641133263378805,0.001049317943336831,0.3357817418677859,0.060860440713536204,0.002098635886673662,False,False,False,False,False,False,False
720575940642245742,cell_class,AN,1135,400,0.25,0.14285714285714285,0.01,0.012334801762114538,0.8070484581497798,0.039647577092511016,0.000881057268722467,0.0933920704845815,0.044933920704845816,0.001762114537444934,False,True,True,,True,True,False
720575940642245742,cell_class,AN,1135,400,0.25,0.14285714285714285,0.05,0.012334801762114538,0.8070484581497798,0.039647577092511016,0.000881057268722467,0.0933920704845815,0.044933920704845816,0.001762114537444934,False,True,False,,False,False,False
720575940642245742,cell_class,AN,1135,400,0.25,0.14285714285714285,0.1,0.012334801762114538,0.8070484581497798,0.039647577092511016,0.000881057268722467,0.0933920704845815,0.044933920704845816,0.001762114537444934,False,True,False,,False,False,False
720575940642245742,cell_class,AN,1135,400,0.25,0.04,0.01,0.012334801762114538,0.8070484581497798,0.039647577092511016,0.000881057268722467,0.0933920704845815,0.044933920704845816,0.001762114537444934,False,True,True,,True,True,False
720575940642245742,cell_class,AN,1135,400,0.25,0.04,0.05,0.012334801762114538,0.8070484581497798,0.039647577092511016,0.000881057268722467,0.0933920704845815,0.044933920704845816,0.001762114537444934,False,True,False,,False,False,False
720575940642245742,cell_class,AN,1135,400,0.25,0.04,0.1,0.012334801762114538,0.8070484581497798,0.039647577092511016,0.000881057268722467,0.0933920704845815,0.044933920704845816,0.001762114537444934,False,False,False,,False,False,False
720575940642245742,cell_class,AN,1135,400,0.25,0.02,0.01,0.012334801762114538,0.8070484581497798,0.039647577092511016,0.000881057268722467,0.0933920704845815,0.044933920704845816,0.001762114537444934,False,True,True,,True,True,False
720575940642245742,cell_class,AN,1135,400,0.25,0.02,0.05,0.012334801762114538,0.8070484581497798,0.039647577092511016,0.000881057268722467,0.0933920704845815,0.044933920704845816,0.001762114537444934,False,True,False,,False,False,False
720575940642245742,cell_class,AN,1135,400,0.25,0.02,0.1,0.012334801762114538,0.8070484581497798,0.039647577092511016,0.000881057268722467,0.0933920704845815,0.044933920704845816,0.001762114537444934,False,False,False,,False,False,False
720575940642245742,cell_class,AN,1135,400,0.25,0.01,0.01,0.012334801762114538,0.8070484581497798,0.039647577092511016,0.000881057268722467,0.0933920704845815,0.044933920704845816,0.001762114537444934,False,True,True,,True,False,False
720575940642245742,cell_class,AN,1135,400,0.25,0.01,0.05,0.012334801762114538,0.8070484581497798,0.039647577092511016,0.000881057268722467,0.0933920704845815,0.044933920704845816,0.001762114537444934,False,False,False,,False,False,False
720575940642245742,cell_class,AN,1135,400,0.25,0.01,0.1,0.012334801762114538,0.8070484581497798,0.039647577092511016,0.000881057268722467,0.0933920704845815,0.044933920704845816,0.001762114537444934,False,False,False,,False,False,False
720575940629589711,cell_class,AN,10431,400,0.25,0.14285714285714285,0.01,0.00929920429489023,0.9527370338414342,0.009107468123861567,0.0036429872495446266,0.013996740485092512,0.011120697919662545,9.586808551433228e-05,False,True,False,False,False,False,
720575940629589711,cell_class,AN,10431,400,0.25,0.14285714285714285,0.05,0.00929920429489023,0.9527370338414342,0.009107468123861567,0.0036429872495446266,0.013996740485092512,0.011120697919662545,9.586808551433228e-05,False,True,False,False,False,False,
720575940629589711,cell_class,AN,10431,400,0.25,0.14285714285714285,0.1,0.00929920429489023,0.9527370338414342,0.009107468123861567,0.0036429872495446266,0.013996740485092512,0.011120697919662545,9.586808551433228e-05,False,True,False,False,False,False,
720575940629589711,cell_class,AN,10431,400,0.25,0.04,0.01,0.00929920429489023,0.9527370338414342,0.009107468123861567,0.0036429872495446266,0.013996740485092512,0.011120697919662545,9.586808551433228e-05,False,True,False,False,False,False,
720575940629589711,cell_class,AN,10431,400,0.25,0.04,0.05,0.00929920429489023,0.9527370338414342,0.009107468123861567,0.0036429872495446266,0.013996740485092512,0.011120697919662545,9.586808551433228e-05,False,True,False,False,False,False,
720575940629589711,cell_class,AN,10431,400,0.25,0.04,0.1,0.00929920429489023,0.9527370338414342,0.009107468123861567,0.0036429872495446266,0.013996740485092512,0.011120697919662545,9.586808551433228e-05,False,True,False,False,False,False,
720575940629589711,cell_class,AN,10431,400,0.25,0.02,0.01,0.00929920429489023,0.9527370338414342,0.009107468123861567,0.0036429872495446266,0.013996740485092512,0.011120697919662545,9.586808551433228e-05,False,True,False,False,False,False,
720575940629589711,cell_class,AN,10431,400,0.25,0.02,0.05,0.00929920429489023,0.9527370338414342,0.009107468123861567,0.0036429872495446266,0.013996740485092512,0.011120697919662545,9.586808551433228e-05,False,True,False,False,False,False,
720575940629589711,cell_class,AN,10431,400,0.25,0.02,0.1,0.00929920429489023,0.9527370338414342,0.009107468123861567,0.0036429872495446266,0.013996740485092512,0.011120697919662545,9.586808551433228e-05,False,True,False,False,False,False,
720575940629589711,cell_class,AN,10431,400,0.25,0.01,0.01,0.00929920429489023,0.9527370338414342,0.009107468123861567,0.0036429872495446266,0.013996740485092512,0.011120697919662545,9.586808551433228e-05,False,True,False,False,False,False,
720575940629589711,cell_class,AN,10431,400,0.25,0.01,0.05,0.00929920429489023,0.9527370338414342,0.009107468123861567,0.0036429872495446266,0.013996740485092512,0.011120697919662545,9.586808551433228e-05,False,False,False,False,False,False,
720575940629589711,cell_class,AN,10431,400,0.25,0.01,0.1,0.00929920429489023,0.9527370338414342,0.009107468123861567,0.0036429872495446266,0.013996740485092512,0.011120697919662545,9.586808551433228e-05,False,False,False,False,False,False,
720575940617693264,cell_class,AN,686,400,0.25,0.14285714285714285,0.01,0.03206997084548105,0.8877551020408163,0.0058309037900874635,0.0014577259475218659,0.06851311953352769,0.004373177842565598,0.0,False,True,False,,True,False,
720575940617693264,cell_class,AN,686,400,0.25,0.14285714285714285,0.05,0.03206997084548105,0.8877551020408163,0.0058309037900874635,0.0014577259475218659,0.06851311953352769,0.004373177842565598,0.0,False,True,False,,False,False,
720575940617693264,cell_class,AN,686,400,0.25,0.14285714285714285,0.1,0.03206997084548105,0.8877551020408163,0.0058309037900874635,0.0014577259475218659,0.06851311953352769,0.004373177842565598,0.0,False,True,False,,False,False,
720575940617693264,cell_class,AN,686,400,0.25,0.04,0.01,0.03206997084548105,0.8877551020408163,0.0058309037900874635,0.0014577259475218659,0.06851311953352769,0.004373177842565598,0.0,False,True,False,,True,False,
720575940617693264,cell_class,AN,686,400,0.25,0.04,0.05,0.03206997084548105,0.8877551020408163,0.0058309037900874635,0.0014577259475218659,0.06851311953352769,0.004373177842565598,0.0,False,True,False,,False,False,
720575940617693264,cell_class,AN,686,400,0.25,0.04,0.1,0.03206997084548105,0.8877551020408163,0.0058309037900874635,0.0014577259475218659,0.06851311953352769,0.004373177842565598,0.0,False,True,False,,False,False,
720575940617693264,cell_class,AN,686,400,0.25,0.02,0.01,0.03206997084548105,0.8877551020408163,0.0058309037900874635,0.0014577259475218659,0.06851311953352769,0.004373177842565598,0.0,False,True,False,,True,False,
720575940617693264,cell_class,AN,686,400,0.25,0.02,0.05,0.03206997084548105,0.8877551020408163,0.0058309037900874635,0.0014577259475218659,0.06851311953352769,0.004373177842565598,0.0,False,True,False,,False,False,
720575940617693264,cell_class,AN,686,400,0.25,0.02,0.1,0.03206997084548105,0.8877551020408163,0.0058309037900874635,0.0014577259475218659,0.06851311953352769,0.004373177842565598,0.0,False,True,False,,False,False,
720575940617693264,cell_class,AN,686,400,0.25,0.01,0.01,0.03206997084548105,0.8877551020408163,0.0058309037900874635,0.0014577259475218659,0.06851311953352769,0.004373177842565598,0.0,False,True,False,,True,False,
720575940617693264,cell_class,AN,686,400,0.25,0.01,0.05,0.03206997084548105,0.8877551020408163,0.0058309037900874635,0.0014577259475218659,0.06851311953352769,0.004373177842565598,0.0,False,False,False,,False,False,
720575940617693264,cell_class,AN,686,400,0.25,0.01,0.1,0.03206997084548105,0.8877551020408163,0.0058309037900874635,0.0014577259475218659,0.06851311953352769,0.004373177842565598,0.0,False,False,False,,False,False,
720575940646307574,cell_class,AN,2459,400,0.25,0.14285714285714285,0.01,0.004066693777958519,0.9755998373322489,0.013013420089467263,0.0,0.004473363155754371,0.0028466856445709637,0.0,False,True,False,,False,False,
720575940646307574,cell_class,AN,2459,400,0.25,0.14285714285714285,0.05,0.004066693777958519,0.9755998373322489,0.013013420089467263,0.0,0.004473363155754371,0.0028466856445709637,0.0,False,True,False,,False,False,
720575940646307574,cell_class,AN,2459,400,0.25,0.14285714285714285,0.1,0.004066693777958519,0.9755998373322489,0.013013420089467263,0.0,0.004473363155754371,0.0028466856445709637,0.0,False,True,False,,False,False,
720575940646307574,cell_class,AN,2459,400,0.25,0.04,0.01,0.004066693777958519,0.9755998373322489,0.013013420089467263,0.0,0.004473363155754371,0.0028466856445709637,0.0,False,True,False,,False,False,
720575940646307574,cell_class,AN,2459,400,0.25,0.04,0.05,0.004066693777958519,0.9755998373322489,0.013013420089467263,0.0,0.004473363155754371,0.0028466856445709637,0.0,False,True,False,,False,False,
720575940646307574,cell_class,AN,2459,400,0.25,0.04,0.1,0.004066693777958519,0.9755998373322489,0.013013420089467263,0.0,0.004473363155754371,0.0028466856445709637,0.0,False,False,False,,False,False,
720575940646307574,cell_class,AN,2459,400,0.25,0.02,0.01,0.004066693777958519,0.9755998373322489,0.013013420089467263,0.0,0.004473363155754371,0.0028466856445709637,0.0,False,True,False,,False,False,
720575940646307574,cell_class,AN,2459,400,0.25,0.02,0.05,0.004066693777958519,0.9755998373322489,0.013013420089467263,0.0,0.004473363155754371,0.0028466856445709637,0.0,False,True,False,,False,False,
720575940646307574,cell_class,AN,2459,400,0.25,0.02,0.1,0.004066693777958519,0.9755998373322489,0.013013420089467263,0.0,0.004473363155754371,0.0028466856445709637,0.0,False,False,False,,False,False,
720575940646307574,cell_class,AN,2459,400,0.25,0.01,0.01,0.004066693777958519,0.9755998373322489,0.013013420089467263,0.0,0.004473363155754371,0.0028466856445709637,0.0,False,True,False,,False,False,
720575940646307574,cell_class,AN,2459,400,0.25,0.01,0.05,0.004066693777958519,0.9755998373322489,0.013013420089467263,0.0,0.004473363155754371,0.0028466856445709637,0.0,False,False,False,,False,False,
720575940646307574,cell_class,AN,2459,400,0.25,0.01,0.1,0.004066693777958519,0.9755998373322489,0.013013420089467263,0.0,0.004473363155754371,0.0028466856445709637,0.0,False,False,False,,False,False,
720575940626484523,cell_class,AN,1649,400,0.25,0.14285714285714285,0.01,0.008489993935718617,0.6543359611885992,0.2916919345057611,0.014554275318374773,0.011522134627046696,0.019405700424499697,0.0,False,True,True,True,False,False,
720575940626484523,cell_class,AN,1649,400,0.25,0.14285714285714285,0.05,0.008489993935718617,0.6543359611885992,0.2916919345057611,0.014554275318374773,0.011522134627046696,0.019405700424499697,0.0,False,True,True,False,False,False,
720575940626484523,cell_class,AN,1649,400,0.25,0.14285714285714285,0.1,0.008489993935718617,0.6543359611885992,0.2916919345057611,0.014554275318374773,0.011522134627046696,0.019405700424499697,0.0,False,True,True,False,False,False,
720575940626484523,cell_class,AN,1649,400,0.25,0.04,0.01,0.008489993935718617,0.6543359611885992,0.2916919345057611,0.014554275318374773,0.011522134627046696,0.019405700424499697,0.0,False,True,True,False,False,False,
720575940626484523,cell_class,AN,1649,400,0.25,0.04,0.05,0.008489993935718617,0.6543359611885992,0.2916919345057611,0.014554275318374773,0.011522134627046696,0.019405700424499697,0.0,False,True,False,False,False,False,
720575940626484523,cell_class,AN,1649,400,0.25,0.04,0.1,0.008489993935718617,0.6543359611885992,0.2916919345057611,0.014554275318374773,0.011522134627046696,0.019405700424499697,0.0,False,True,False,False,False,False,
720575940626484523,cell_class,AN,1649,400,0.25,0.02,0.01,0.008489993935718617,0.6543359611885992,0.2916919345057611,0.014554275318374773,0.011522134627046696,0.019405700424499697,0.0,False,True,True,False,False,False,
720575940626484523,cell_class,AN,1649,400,0.25,0.02,0.05,0.008489993935718617,0.6543359611885992,0.2916919345057611,0.014554275318374773,0.011522134627046696,0.019405700424499697,0.0,False,True,False,False,False,False,
720575940626484523,cell_class,AN,1649,400,0.25,0.02,0.1,0.008489993935718617,0.6543359611885992,0.2916919345057611,0.014554275318374773,0.011522134627046696,0.019405700424499697,0.0,False,False,False,False,False,False,
720575940626484523,cell_class,AN,1649,400,0.25,0.01,0.01,0.008489993935718617,0.6543359611885992,0.2916919345057611,0.014554275318374773,0.011522134627046696,0.019405700424499697,0.0,False,True,True,False,False,False,
720575940626484523,cell_class,AN,1649,400,0.25,0.01,0.05,0.008489993935718617,0.6543359611885992,0.2916919345057611,0.014554275318374773,0.011522134627046696,0.019405700424499697,0.0,False,False,False,False,False,False,
720575940626484523,cell_class,AN,1649,400,0.25,0.01,0.1,0.008489993935718617,0.6543359611885992,0.2916919345057611,0.014554275318374773,0.011522134627046696,0.019405700424499697,0.0,False,False,False,False,False,False,
720575940628876111,cell_class,AN,8831,400,0.25,0.14285714285714285,0.01,0.009738421469822216,0.9097497452157174,0.038727210961386024,0.0023779866379798438,0.01290907032046201,0.02593137809987544,0.0005661872947571057,False,True,True,False,False,False,False
720575940628876111,cell_class,AN,8831,400,0.25,0.14285714285714285,0.05,0.009738421469822216,0.9097497452157174,0.038727210961386024,0.0023779866379798438,0.01290907032046201,0.02593137809987544,0.0005661872947571057,False,True,False,False,False,False,False
720575940628876111,cell_class,AN,8831,400,0.25,0.14285714285714285,0.1,0.009738421469822216,0.9097497452157174,0.038727210961386024,0.0023779866379798438,0.01290907032046201,0.02593137809987544,0.0005661872947571057,False,True,False,False,False,False,False
720575940628876111,cell_class,AN,8831,400,0.25,0.04,0.01,0.009738421469822216,0.9097497452157174,0.038727210961386024,0.0023779866379798438,0.01290907032046201,0.02593137809987544,0.0005661872947571057,False,True,False,False,False,False,False
720575940628876111,cell_class,AN,8831,400,0.25,0.04,0.05,0.009738421469822216,0.9097497452157174,0.038727210961386024,0.0023779866379798438,0.01290907032046201,0.02593137809987544,0.0005661872947571057,False,True,False,False,False,False,False
720575940628876111,cell_class,AN,8831,400,0.25,0.04,0.1,0.009738421469822216,0.9097497452157174,0.038727210961386024,0.0023779866379798438,0.01290907032046201,0.02593137809987544,0.0005661872947571057,False,True,False,False,False,False,False
720575940628876111,cell_class,AN,8831,400,0.25,0.02,0.01,0.009738421469822216,0.9097497452157174,0.038727210961386024,0.0023779866379798438,0.01290907032046201,0.02593137809987544,0.0005661872947571057,False,True,False,False,False,False,False
720575940628876111,cell_class,AN,8831,400,0.25,0.02,0.05,0.009738421469822216,0.9097497452157174,0.038727210961386024,0.0023779866379798438,0.01290907032046201,0.02593137809987544,0.0005661872947571057,False,True,False,False,False,False,False
720575940628876111,cell_class,AN,8831,400,0.25,0.02,0.1,0.009738421469822216,0.9097497452157174,0.038727210961386024,0.0023779866379798438,0.01290907032046201,0.02593137809987544,0.0005661872947571057,False,False,False,False,False,False,False
720575940628876111,cell_class,AN,8831,400,0.25,0.01,0.01,0.009738421469822216,0.9097497452157174,0.038727210961386024,0.0023779866379798438,0.01290907032046201,0.02593137809987544,0.0005661872947571057,False,True,False,False,False,False,False
720575940628876111,cell_class,AN,8831,400,0.25,0.01,0.05,0.009738421469822216,0.9097497452157174,0.038727210961386024,0.0023779866379798438,0.01290907032046201,0.02593137809987544,0.0005661872947571057,False,False,False,False,False,False,False
720575940628876111,cell_class,AN,8831,400,0.25,0.01,0.1,0.009738421469822216,0.9097497452157174,0.038727210961386024,0.0023779866379798438,0.01290907032046201,0.02593137809987544,0.0005661872947571057,False,False,False,False,False,False,False
720575940651145857,cell_class,AN,5979,400,0.25,0.14285714285714285,0.01,0.7171767854156214,0.12259575179795952,0.14751630707476165,0.0005017561465127947,0.006522829904666332,0.0055193176116407425,0.00016725204883759825,True,True,True,False,False,False,
720575940651145857,cell_class,AN,5979,400,0.25,0.14285714285714285,0.05,0.7171767854156214,0.12259575179795952,0.14751630707476165,0.0005017561465127947,0.006522829904666332,0.0055193176116407425,0.00016725204883759825,True,True,False,False,False,False,
720575940651145857,cell_class,AN,5979,400,0.25,0.14285714285714285,0.1,0.7171767854156214,0.12259575179795952,0.14751630707476165,0.0005017561465127947,0.006522829904666332,0.0055193176116407425,0.00016725204883759825,True,False,False,False,False,False,
720575940651145857,cell_class,AN,5979,400,0.25,0.04,0.01,0.7171767854156214,0.12259575179795952,0.14751630707476165,0.0005017561465127947,0.006522829904666332,0.0055193176116407425,0.00016725204883759825,True,True,True,False,False,False,
720575940651145857,cell_class,AN,5979,400,0.25,0.04,0.05,0.7171767854156214,0.12259575179795952,0.14751630707476165,0.0005017561465127947,0.006522829904666332,0.0055193176116407425,0.00016725204883759825,True,False,False,False,False,False,
720575940651145857,cell_class,AN,5979,400,0.25,0.04,0.1,0.7171767854156214,0.12259575179795952,0.14751630707476165,0.0005017561465127947,0.006522829904666332,0.0055193176116407425,0.00016725204883759825,True,False,False,False,False,False,
720575940651145857,cell_class,AN,5979,400,0.25,0.02,0.01,0.7171767854156214,0.12259575179795952,0.14751630707476165,0.0005017561465127947,0.006522829904666332,0.0055193176116407425,0.00016725204883759825,True,False,True,False,False,False,
720575940651145857,cell_class,AN,5979,400,0.25,0.02,0.05,0.7171767854156214,0.12259575179795952,0.14751630707476165,0.0005017561465127947,0.006522829904666332,0.0055193176116407425,0.00016725204883759825,True,False,False,False,False,False,
720575940651145857,cell_class,AN,5979,400,0.25,0.02,0.1,0.7171767854156214,0.12259575179795952,0.14751630707476165,0.0005017561465127947,0.006522829904666332,0.0055193176116407425,0.00016725204883759825,False,False,False,False,False,False,
720575940651145857,cell_class,AN,5979,400,0.25,0.01,0.01,0.7171767854156214,0.12259575179795952,0.14751630707476165,0.0005017561465127947,0.006522829904666332,0.0055193176116407425,0.00016725204883759825,True,False,False,False,False,False,
720575940651145857,cell_class,AN,5979,400,0.25,0.01,0.05,0.7171767854156214,0.12259575179795952,0.14751630707476165,0.0005017561465127947,0.006522829904666332,0.0055193176116407425,0.00016725204883759825,False,False,False,False,False,False,
720575940651145857,cell_class,AN,5979,400,0.25,0.01,0.1,0.7171767854156214,0.12259575179795952,0.14751630707476165,0.0005017561465127947,0.006522829904666332,0.0055193176116407425,0.00016725204883759825,False,False,False,False,False,False,
720575940612580067,cell_class,AN,8964,400,0.25,0.14285714285714285,0.01,0.025211958946898705,0.8905622489959839,0.04306113342257921,0.0014502454261490407,0.008032128514056224,0.031347612672913874,0.00033467202141900936,True,True,True,False,False,True,False
720575940612580067,cell_class,AN,8964,400,0.25,0.14285714285714285,0.05,0.025211958946898705,0.8905622489959839,0.04306113342257921,0.0014502454261490407,0.008032128514056224,0.031347612672913874,0.00033467202141900936,False,True,False,False,False,False,False
720575940612580067,cell_class,AN,8964,400,0.25,0.14285714285714285,0.1,0.025211958946898705,0.8905622489959839,0.04306113342257921,0.0014502454261490407,0.008032128514056224,0.031347612672913874,0.00033467202141900936,False,True,False,False,False,False,False
720575940612580067,cell_class,AN,8964,400,0.25,0.04,0.01,0.025211958946898705,0.8905622489959839,0.04306113342257921,0.0014502454261490407,0.008032128514056224,0.031347612672913874,0.00033467202141900936,False,True,True,False,False,False,False
720575940612580067,cell_class,AN,8964,400,0.25,0.04,0.05,0.025211958946898705,0.8905622489959839,0.04306113342257921,0.0014502454261490407,0.008032128514056224,0.031347612672913874,0.00033467202141900936,False,True,False,False,False,False,False
720575940612580067,cell_class,AN,8964,400,0.25,0.04,0.1,0.025211958946898705,0.8905622489959839,0.04306113342257921,0.0014502454261490407,0.008032128514056224,0.031347612672913874,0.00033467202141900936,False,True,False,False,False,False,False
720575940612580067,cell_class,AN,8964,400,0.25,0.02,0.01,0.025211958946898705,0.8905622489959839,0.04306113342257921,0.0014502454261490407,0.008032128514056224,0.031347612672913874,0.00033467202141900936,False,True,False,False,False,False,False
720575940612580067,cell_class,AN,8964,400,0.25,0.02,0.05,0.025211958946898705,0.8905622489959839,0.04306113342257921,0.0014502454261490407,0.008032128514056224,0.031347612672913874,0.00033467202141900936,False,True,False,False,False,False,False
720575940612580067,cell_class,AN,8964,400,0.25,0.02,0.1,0.025211958946898705,0.8905622489959839,0.04306113342257921,0.0014502454261490407,0.008032128514056224,0.031347612672913874,0.00033467202141900936,False,False,False,False,False,False,False
720575940612580067,cell_class,AN,8964,400,0.25,0.01,0.01,0.025211958946898705,0.8905622489959839,0.04306113342257921,0.0014502454261490407,0.008032128514056224,0.031347612672913874,0.00033467202141900936,False,True,False,False,False,False,False
720575940612580067,cell_class,AN,8964,400,0.25,0.01,0.05,0.025211958946898705,0.8905622489959839,0.04306113342257921,0.0014502454261490407,0.008032128514056224,0.031347612672913874,0.00033467202141900936,False,False,False,False,False,False,False
720575940612580067,cell_class,AN,8964,400,0.25,0.01,0.1,0.025211958946898705,0.8905622489959839,0.04306113342257921,0.0014502454261490407,0.008032128514056224,0.031347612672913874,0.00033467202141900936,False,False,False,False,False,False,False
720575940654759553,cell_class,AN,2103,400,0.25,0.14285714285714285,0.01,0.006181645268663814,0.9776509747979077,0.009510223490252021,0.00047551117451260106,0.0038040893961008085,0.0019020446980504042,0.00047551117451260106,False,True,False,,False,False,
720575940654759553,cell_class,AN,2103,400,0.25,0.14285714285714285,0.05,0.006181645268663814,0.9776509747979077,0.009510223490252021,0.00047551117451260106,0.0038040893961008085,0.0019020446980504042,0.00047551117451260106,False,True,False,,False,False,
720575940654759553,cell_class,AN,2103,400,0.25,0.14285714285714285,0.1,0.006181645268663814,0.9776509747979077,0.009510223490252021,0.00047551117451260106,0.0038040893961008085,0.0019020446980504042,0.00047551117451260106,False,True,False,,False,False,
720575940654759553,cell_class,AN,2103,400,0.25,0.04,0.01,0.006181645268663814,0.9776509747979077,0.009510223490252021,0.00047551117451260106,0.0038040893961008085,0.0019020446980504042,0.00047551117451260106,False,True,False,,False,False,
720575940654759553,cell_class,AN,2103,400,0.25,0.04,0.05,0.006181645268663814,0.9776509747979077,0.009510223490252021,0.00047551117451260106,0.0038040893961008085,0.0019020446980504042,0.00047551117451260106,False,True,False,,False,False,
720575940654759553,cell_class,AN,2103,400,0.25,0.04,0.1,0.006181645268663814,0.9776509747979077,0.009510223490252021,0.00047551117451260106,0.0038040893961008085,0.0019020446980504042,0.00047551117451260106,False,True,False,,False,False,
720575940654759553,cell_class,AN,2103,400,0.25,0.02,0.01,0.006181645268663814,0.9776509747979077,0.009510223490252021,0.00047551117451260106,0.0038040893961008085,0.0019020446980504042,0.00047551117451260106,False,True,False,,False,False,
720575940654759553,cell_class,AN,2103,400,0.25,0.02,0.05,0.006181645268663814,0.9776509747979077,0.009510223490252021,0.00047551117451260106,0.0038040893961008085,0.0019020446980504042,0.00047551117451260106,False,True,False,,False,False,
720575940654759553,cell_class,AN,2103,400,0.25,0.02,0.1,0.006181645268663814,0.9776509747979077,0.009510223490252021,0.00047551117451260106,0.0038040893961008085,0.0019020446980504042,0.00047551117451260106,False,False,False,,False,False,
720575940654759553,cell_class,AN,2103,400,0.25,0.01,0.01,0.006181645268663814,0.9776509747979077,0.009510223490252021,0.00047551117451260106,0.0038040893961008085,0.0019020446980504042,0.00047551117451260106,False,True,False,,False,False,
720575940654759553,cell_class,AN,2103,400,0.25,0.01,0.05,0.006181645268663814,0.9776509747979077,0.009510223490252021,0.00047551117451260106,0.0038040893961008085,0.0019020446980504042,0.00047551117451260106,False,True,False,,False,False,
720575940654759553,cell_class,AN,2103,400,0.25,0.01,0.1,0.006181645268663814,0.9776509747979077,0.009510223490252021,0.00047551117451260106,0.0038040893961008085,0.0019020446980504042,0.00047551117451260106,False,False,False,,False,False,
720575940638197737,cell_class,AN,2132,400,0.25,0.14285714285714285,0.01,0.6135084427767354,0.08818011257035648,0.25609756097560976,0.004221388367729831,0.012195121951219513,0.024859287054409006,0.0009380863039399625,True,True,True,False,False,True,False
720575940638197737,cell_class,AN,2132,400,0.25,0.14285714285714285,0.05,0.6135084427767354,0.08818011257035648,0.25609756097560976,0.004221388367729831,0.012195121951219513,0.024859287054409006,0.0009380863039399625,True,False,True,False,False,False,False
720575940638197737,cell_class,AN,2132,400,0.25,0.14285714285714285,0.1,0.6135084427767354,0.08818011257035648,0.25609756097560976,0.004221388367729831,0.012195121951219513,0.024859287054409006,0.0009380863039399625,True,False,True,False,False,False,False
720575940638197737,cell_class,AN,2132,400,0.25,0.04,0.01,0.6135084427767354,0.08818011257035648,0.25609756097560976,0.004221388367729831,0.012195121951219513,0.024859287054409006,0.0009380863039399625,True,True,True,False,False,False,False
720575940638197737,cell_class,AN,2132,400,0.25,0.04,0.05,0.6135084427767354,0.08818011257035648,0.25609756097560976,0.004221388367729831,0.012195121951219513,0.024859287054409006,0.0009380863039399625,True,False,False,False,False,False,False
720575940638197737,cell_class,AN,2132,400,0.25,0.04,0.1,0.6135084427767354,0.08818011257035648,0.25609756097560976,0.004221388367729831,0.012195121951219513,0.024859287054409006,0.0009380863039399625,False,False,False,False,False,False,False
720575940638197737,cell_class,AN,2132,400,0.25,0.02,0.01,0.6135084427767354,0.08818011257035648,0.25609756097560976,0.004221388367729831,0.012195121951219513,0.024859287054409006,0.0009380863039399625,True,False,True,False,False,False,False
720575940638197737,cell_class,AN,2132,400,0.25,0.02,0.05,0.6135084427767354,0.08818011257035648,0.25609756097560976,0.004221388367729831,0.012195121951219513,0.024859287054409006,0.0009380863039399625,False,False,False,False,False,False,False
720575940638197737,cell_class,AN,2132,400,0.25,0.02,0.1,0.6135084427767354,0.08818011257035648,0.25609756097560976,0.004221388367729831,0.012195121951219513,0.024859287054409006,0.0009380863039399625,False,False,False,False,False,False,False
720575940638197737,cell_class,AN,2132,400,0.25,0.01,0.01,0.6135084427767354,0.08818011257035648,0.25609756097560976,0.004221388367729831,0.012195121951219513,0.024859287054409006,0.0009380863039399625,True,False,True,False,False,False,False
720575940638197737,cell_class,AN,2132,400,0.25,0.01,0.05,0.6135084427767354,0.08818011257035648,0.25609756097560976,0.004221388367729831,0.012195121951219513,0.024859287054409006,0.0009380863039399625,False,False,False,False,False,False,False
720575940638197737,cell_class,AN,2132,400,0.25,0.01,0.1,0.6135084427767354,0.08818011257035648,0.25609756097560976,0.004221388367729831,0.012195121951219513,0.024859287054409006,0.0009380863039399625,False,False,False,False,False,False,False
720575940628680177,cell_class,AN,2226,400,0.25,0.14285714285714285,0.01,0.03638814016172507,0.05615453728661276,0.07412398921832884,0.14016172506738545,0.5763701707097934,0.11275831087151841,0.004043126684636119,True,True,True,True,True,True,False
720575940628680177,cell_class,AN,2226,400,0.25,0.14285714285714285,0.05,0.03638814016172507,0.05615453728661276,0.07412398921832884,0.14016172506738545,0.5763701707097934,0.11275831087151841,0.004043126684636119,False,False,False,True,True,True,False
720575940628680177,cell_class,AN,2226,400,0.25,0.14285714285714285,0.1,0.03638814016172507,0.05615453728661276,0.07412398921832884,0.14016172506738545,0.5763701707097934,0.11275831087151841,0.004043126684636119,False,False,False,False,True,False,False
720575940628680177,cell_class,AN,2226,400,0.25,0.04,0.01,0.03638814016172507,0.05615453728661276,0.07412398921832884,0.14016172506738545,0.5763701707097934,0.11275831087151841,0.004043126684636119,True,True,True,True,True,True,False
720575940628680177,cell_class,AN,2226,400,0.25,0.04,0.05,0.03638814016172507,0.05615453728661276,0.07412398921832884,0.14016172506738545,0.5763701707097934,0.11275831087151841,0.004043126684636119,False,False,False,False,True,False,False
720575940628680177,cell_class,AN,2226,400,0.25,0.04,0.1,0.03638814016172507,0.05615453728661276,0.07412398921832884,0.14016172506738545,0.5763701707097934,0.11275831087151841,0.004043126684636119,False,False,False,False,True,False,False
720575940628680177,cell_class,AN,2226,400,0.25,0.02,0.01,0.03638814016172507,0.05615453728661276,0.07412398921832884,0.14016172506738545,0.5763701707097934,0.11275831087151841,0.004043126684636119,False,True,True,True,True,True,False
720575940628680177,cell_class,AN,2226,400,0.25,0.02,0.05,0.03638814016172507,0.05615453728661276,0.07412398921832884,0.14016172506738545,0.5763701707097934,0.11275831087151841,0.004043126684636119,False,False,False,False,True,False,False
720575940628680177,cell_class,AN,2226,400,0.25,0.02,0.1,0.03638814016172507,0.05615453728661276,0.07412398921832884,0.14016172506738545,0.5763701707097934,0.11275831087151841,0.004043126684636119,False,False,False,False,False,False,False
720575940628680177,cell_class,AN,2226,400,0.25,0.01,0.01,0.03638814016172507,0.05615453728661276,0.07412398921832884,0.14016172506738545,0.5763701707097934,0.11275831087151841,0.004043126684636119,False,False,True,True,True,True,False
720575940628680177,cell_class,AN,2226,400,0.25,0.01,0.05,0.03638814016172507,0.05615453728661276,0.07412398921832884,0.14016172506738545,0.5763701707097934,0.11275831087151841,0.004043126684636119,False,False,False,False,False,False,False
720575940628680177,cell_class,AN,2226,400,0.25,0.01,0.1,0.03638814016172507,0.05615453728661276,0.07412398921832884,0.14016172506738545,0.5763701707097934,0.11275831087151841,0.004043126684636119,False,False,False,False,False,False,False
720575940615294609,cell_class,AN,453,400,0.25,0.14285714285714285,0.01,0.04415011037527594,0.8101545253863135,0.08167770419426049,0.004415011037527594,0.046357615894039736,0.013245033112582781,0.0,True,True,True,False,True,False,
720575940615294609,cell_class,AN,453,400,0.25,0.14285714285714285,0.05,0.04415011037527594,0.8101545253863135,0.08167770419426049,0.004415011037527594,0.046357615894039736,0.013245033112582781,0.0,False,True,False,False,False,False,
720575940615294609,cell_class,AN,453,400,0.25,0.14285714285714285,0.1,0.04415011037527594,0.8101545253863135,0.08167770419426049,0.004415011037527594,0.046357615894039736,0.013245033112582781,0.0,False,True,False,False,False,False,
720575940615294609,cell_class,AN,453,400,0.25,0.04,0.01,0.04415011037527594,0.8101545253863135,0.08167770419426049,0.004415011037527594,0.046357615894039736,0.013245033112582781,0.0,True,True,True,False,False,False,
720575940615294609,cell_class,AN,453,400,0.25,0.04,0.05,0.04415011037527594,0.8101545253863135,0.08167770419426049,0.004415011037527594,0.046357615894039736,0.013245033112582781,0.0,False,True,False,False,False,False,
720575940615294609,cell_class,AN,453,400,0.25,0.04,0.1,0.04415011037527594,0.8101545253863135,0.08167770419426049,0.004415011037527594,0.046357615894039736,0.013245033112582781,0.0,False,True,False,False,False,False,
720575940615294609,cell_class,AN,453,400,0.25,0.02,0.01,0.04415011037527594,0.8101545253863135,0.08167770419426049,0.004415011037527594,0.046357615894039736,0.013245033112582781,0.0,True,True,True,False,False,False,
720575940615294609,cell_class,AN,453,400,0.25,0.02,0.05,0.04415011037527594,0.8101545253863135,0.08167770419426049,0.004415011037527594,0.046357615894039736,0.013245033112582781,0.0,False,True,False,False,False,False,
720575940615294609,cell_class,AN,453,400,0.25,0.02,0.1,0.04415011037527594,0.8101545253863135,0.08167770419426049,0.004415011037527594,0.046357615894039736,0.013245033112582781,0.0,False,False,False,False,False,False,
720575940615294609,cell_class,AN,453,400,0.25,0.01,0.01,0.04415011037527594,0.8101545253863135,0.08167770419426049,0.004415011037527594,0.046357615894039736,0.013245033112582781,0.0,True,True,True,False,False,False,
720575940615294609,cell_class,AN,453,400,0.25,0.01,0.05,0.04415011037527594,0.8101545253863135,0.08167770419426049,0.004415011037527594,0.046357615894039736,0.013245033112582781,0.0,False,False,False,False,False,False,
720575940615294609,cell_class,AN,453,400,0.25,0.01,0.1,0.04415011037527594,0.8101545253863135,0.08167770419426049,0.004415011037527594,0.046357615894039736,0.013245033112582781,0.0,False,False,False,False,False,False,
720575940629062162,cell_class,AN,817,400,0.25,0.14285714285714285,0.01,0.0073439412484700125,0.10771113831089352,0.824969400244798,0.0012239902080783353,0.056303549571603426,0.0024479804161566705,0.0,False,True,True,,True,False,
720575940629062162,cell_class,AN,817,400,0.25,0.14285714285714285,0.05,0.0073439412484700125,0.10771113831089352,0.824969400244798,0.0012239902080783353,0.056303549571603426,0.0024479804161566705,0.0,False,True,True,,False,False,
720575940629062162,cell_class,AN,817,400,0.25,0.14285714285714285,0.1,0.0073439412484700125,0.10771113831089352,0.824969400244798,0.0012239902080783353,0.056303549571603426,0.0024479804161566705,0.0,False,False,True,,False,False,
720575940629062162,cell_class,AN,817,400,0.25,0.04,0.01,0.0073439412484700125,0.10771113831089352,0.824969400244798,0.0012239902080783353,0.056303549571603426,0.0024479804161566705,0.0,False,True,True,,False,False,
720575940629062162,cell_class,AN,817,400,0.25,0.04,0.05,0.0073439412484700125,0.10771113831089352,0.824969400244798,0.0012239902080783353,0.056303549571603426,0.0024479804161566705,0.0,False,False,True,,False,False,
720575940629062162,cell_class,AN,817,400,0.25,0.04,0.1,0.0073439412484700125,0.10771113831089352,0.824969400244798,0.0012239902080783353,0.056303549571603426,0.0024479804161566705,0.0,False,False,False,,False,False,
720575940629062162,cell_class,AN,817,400,0.25,0.02,0.01,0.0073439412484700125,0.10771113831089352,0.824969400244798,0.0012239902080783353,0.056303549571603426,0.0024479804161566705,0.0,False,True,True,,False,False,
720575940629062162,cell_class,AN,817,400,0.25,0.02,0.05,0.0073439412484700125,0.10771113831089352,0.824969400244798,0.0012239902080783353,0.056303549571603426,0.0024479804161566705,0.0,False,False,True,,False,False,
720575940629062162,cell_class,AN,817,400,0.25,0.02,0.1,0.0073439412484700125,0.10771113831089352,0.824969400244798,0.0012239902080783353,0.056303549571603426,0.0024479804161566705,0.0,False,False,False,,False,False,
720575940629062162,cell_class,AN,817,400,0.25,0.01,0.01,0.0073439412484700125,0.10771113831089352,0.824969400244798,0.0012239902080783353,0.056303549571603426,0.0024479804161566705,0.0,False,True,True,,False,False,
720575940629062162,cell_class,AN,817,400,0.25,0.01,0.05,0.0073439412484700125,0.10771113831089352,0.824969400244798,0.0012239902080783353,0.056303549571603426,0.0024479804161566705,0.0,False,False,False,,False,False,
720575940629062162,cell_class,AN,817,400,0.25,0.01,0.1,0.0073439412484700125,0.10771113831089352,0.824969400244798,0.0012239902080783353,0.056303549571603426,0.0024479804161566705,0.0,False,False,False,,False,False,
720575940631417057,cell_class,AN,919,400,0.25,0.14285714285714285,0.01,0.002176278563656148,0.8367791077257889,0.04570184983677911,0.003264417845484222,0.08487486398258977,0.026115342763873776,0.001088139281828074,False,True,True,False,True,False,
720575940631417057,cell_class,AN,919,400,0.25,0.14285714285714285,0.05,0.002176278563656148,0.8367791077257889,0.04570184983677911,0.003264417845484222,0.08487486398258977,0.026115342763873776,0.001088139281828074,False,True,False,False,False,False,
720575940631417057,cell_class,AN,919,400,0.25,0.14285714285714285,0.1,0.002176278563656148,0.8367791077257889,0.04570184983677911,0.003264417845484222,0.08487486398258977,0.026115342763873776,0.001088139281828074,False,True,False,False,False,False,
720575940631417057,cell_class,AN,919,400,0.25,0.04,0.01,0.002176278563656148,0.8367791077257889,0.04570184983677911,0.003264417845484222,0.08487486398258977,0.026115342763873776,0.001088139281828074,False,True,False,False,True,False,
720575940631417057,cell_class,AN,919,400,0.25,0.04,0.05,0.002176278563656148,0.8367791077257889,0.04570184983677911,0.003264417845484222,0.08487486398258977,0.026115342763873776,0.001088139281828074,False,True,False,False,False,False,
720575940631417057,cell_class,AN,919,400,0.25,0.04,0.1,0.002176278563656148,0.8367791077257889,0.04570184983677911,0.003264417845484222,0.08487486398258977,0.026115342763873776,0.001088139281828074,False,False,False,False,False,False,
720575940631417057,cell_class,AN,919,400,0.25,0.02,0.01,0.002176278563656148,0.8367791077257889,0.04570184983677911,0.003264417845484222,0.08487486398258977,0.026115342763873776,0.001088139281828074,False,True,False,False,True,False,
720575940631417057,cell_class,AN,919,400,0.25,0.02,0.05,0.002176278563656148,0.8367791077257889,0.04570184983677911,0.003264417845484222,0.08487486398258977,0.026115342763873776,0.001088139281828074,False,True,False,False,False,False,
720575940631417057,cell_class,AN,919,400,0.25,0.02,0.1,0.002176278563656148,0.8367791077257889,0.04570184983677911,0.003264417845484222,0.08487486398258977,0.026115342763873776,0.001088139281828074,False,False,False,False,False,False,
720575940631417057,cell_class,AN,919,400,0.25,0.01,0.01,0.002176278563656148,0.8367791077257889,0.04570184983677911,0.003264417845484222,0.08487486398258977,0.026115342763873776,0.001088139281828074,False,True,False,False,True,False,
720575940631417057,cell_class,AN,919,400,0.25,0.01,0.05,0.002176278563656148,0.8367791077257889,0.04570184983677911,0.003264417845484222,0.08487486398258977,0.026115342763873776,0.001088139281828074,False,True,False,False,False,False,
720575940631417057,cell_class,AN,919,400,0.25,0.01,0.1,0.002176278563656148,0.8367791077257889,0.04570184983677911,0.003264417845484222,0.08487486398258977,0.026115342763873776,0.001088139281828074,False,False,False,False,False,False,
720575940615881501,cell_class,AN,951,400,0.25,0.14285714285714285,0.01,0.03890641430073607,0.886435331230284,0.026288117770767613,0.0,0.0452155625657203,0.0031545741324921135,0.0,True,True,True,,True,False,
720575940615881501,cell_class,AN,951,400,0.25,0.14285714285714285,0.05,0.03890641430073607,0.886435331230284,0.026288117770767613,0.0,0.0452155625657203,0.0031545741324921135,0.0,False,True,False,,False,False,
720575940615881501,cell_class,AN,951,400,0.25,0.14285714285714285,0.1,0.03890641430073607,0.886435331230284,0.026288117770767613,0.0,0.0452155625657203,0.0031545741324921135,0.0,False,True,False,,False,False,
720575940615881501,cell_class,AN,951,400,0.25,0.04,0.01,0.03890641430073607,0.886435331230284,0.026288117770767613,0.0,0.0452155625657203,0.0031545741324921135,0.0,True,True,True,,True,False,
720575940615881501,cell_class,AN,951,400,0.25,0.04,0.05,0.03890641430073607,0.886435331230284,0.026288117770767613,0.0,0.0452155625657203,0.0031545741324921135,0.0,False,True,False,,False,False,
720575940615881501,cell_class,AN,951,400,0.25,0.04,0.1,0.03890641430073607,0.886435331230284,0.026288117770767613,0.0,0.0452155625657203,0.0031545741324921135,0.0,False,True,False,,False,False,
720575940615881501,cell_class,AN,951,400,0.25,0.02,0.01,0.03890641430073607,0.886435331230284,0.026288117770767613,0.0,0.0452155625657203,0.0031545741324921135,0.0,True,True,True,,False,False,
720575940615881501,cell_class,AN,951,400,0.25,0.02,0.05,0.03890641430073607,0.886435331230284,0.026288117770767613,0.0,0.0452155625657203,0.0031545741324921135,0.0,False,True,False,,False,False,
720575940615881501,cell_class,AN,951,400,0.25,0.02,0.1,0.03890641430073607,0.886435331230284,0.026288117770767613,0.0,0.0452155625657203,0.0031545741324921135,0.0,False,False,False,,False,False,
720575940615881501,cell_class,AN,951,400,0.25,0.01,0.01,0.03890641430073607,0.886435331230284,0.026288117770767613,0.0,0.0452155625657203,0.0031545741324921135,0.0,False,True,True,,False,False,
720575940615881501,cell_class,AN,951,400,0.25,0.01,0.05,0.03890641430073607,0.886435331230284,0.026288117770767613,0.0,0.0452155625657203,0.0031545741324921135,0.0,False,False,False,,False,False,
720575940615881501,cell_class,AN,951,400,0.25,0.01,0.1,0.03890641430073607,0.886435331230284,0.026288117770767613,0.0,0.0452155625657203,0.0031545741324921135,0.0,False,False,False,,False,False,
720575940645150852,cell_class,AN,523,400,0.25,0.14285714285714285,0.01,0.0019120458891013384,0.055449330783938815,0.8508604206500956,0.0,0.09177820267686425,0.0,0.0,,True,True,,True,,
720575940645150852,cell_class,AN,523,400,0.25,0.14285714285714285,0.05,0.0019120458891013384,0.055449330783938815,0.8508604206500956,0.0,0.09177820267686425,0.0,0.0,,False,True,,False,,
720575940645150852,cell_class,AN,523,400,0.25,0.14285714285714285,0.1,0.0019120458891013384,0.055449330783938815,0.8508604206500956,0.0,0.09177820267686425,0.0,0.0,,False,True,,False,,
720575940645150852,cell_class,AN,523,400,0.25,0.04,0.01,0.0019120458891013384,0.055449330783938815,0.8508604206500956,0.0,0.09177820267686425,0.0,0.0,,True,True,,True,,
720575940645150852,cell_class,AN,523,400,0.25,0.04,0.05,0.0019120458891013384,0.055449330783938815,0.8508604206500956,0.0,0.09177820267686425,0.0,0.0,,False,True,,False,,
720575940645150852,cell_class,AN,523,400,0.25,0.04,0.1,0.0019120458891013384,0.055449330783938815,0.8508604206500956,0.0,0.09177820267686425,0.0,0.0,,False,False,,False,,
720575940645150852,cell_class,AN,523,400,0.25,0.02,0.01,0.0019120458891013384,0.055449330783938815,0.8508604206500956,0.0,0.09177820267686425,0.0,0.0,,False,True,,True,,
720575940645150852,cell_class,AN,523,400,0.25,0.02,0.05,0.0019120458891013384,0.055449330783938815,0.8508604206500956,0.0,0.09177820267686425,0.0,0.0,,False,True,,False,,
720575940645150852,cell_class,AN,523,400,0.25,0.02,0.1,0.0019120458891013384,0.055449330783938815,0.8508604206500956,0.0,0.09177820267686425,0.0,0.0,,False,False,,False,,
720575940645150852,cell_class,AN,523,400,0.25,0.01,0.01,0.0019120458891013384,0.055449330783938815,0.8508604206500956,0.0,0.09177820267686425,0.0,0.0,,False,True,,True,,
720575940645150852,cell_class,AN,523,400,0.25,0.01,0.05,0.0019120458891013384,0.055449330783938815,0.8508604206500956,0.0,0.09177820267686425,0.0,0.0,,False,False,,False,,
720575940645150852,cell_class,AN,523,400,0.25,0.01,0.1,0.0019120458891013384,0.055449330783938815,0.8508604206500956,0.0,0.09177820267686425,0.0,0.0,,False,False,,False,,
720575940627575495,cell_class,AN,852,400,0.25,0.14285714285714285,0.01,0.014084507042253521,0.15140845070422534,0.7230046948356808,0.005868544600938967,0.09976525821596244,0.005868544600938967,0.0,False,True,True,False,True,False,
720575940627575495,cell_class,AN,852,400,0.25,0.14285714285714285,0.05,0.014084507042253521,0.15140845070422534,0.7230046948356808,0.005868544600938967,0.09976525821596244,0.005868544600938967,0.0,False,True,True,False,False,False,
720575940627575495,cell_class,AN,852,400,0.25,0.14285714285714285,0.1,0.014084507042253521,0.15140845070422534,0.7230046948356808,0.005868544600938967,0.09976525821596244,0.005868544600938967,0.0,False,False,True,False,False,False,
720575940627575495,cell_class,AN,852,400,0.25,0.04,0.01,0.014084507042253521,0.15140845070422534,0.7230046948356808,0.005868544600938967,0.09976525821596244,0.005868544600938967,0.0,False,True,True,False,True,False,
720575940627575495,cell_class,AN,852,400,0.25,0.04,0.05,0.014084507042253521,0.15140845070422534,0.7230046948356808,0.005868544600938967,0.09976525821596244,0.005868544600938967,0.0,False,False,True,False,False,False,
720575940627575495,cell_class,AN,852,400,0.25,0.04,0.1,0.014084507042253521,0.15140845070422534,0.7230046948356808,0.005868544600938967,0.09976525821596244,0.005868544600938967,0.0,False,False,True,False,False,False,
720575940627575495,cell_class,AN,852,400,0.25,0.02,0.01,0.014084507042253521,0.15140845070422534,0.7230046948356808,0.005868544600938967,0.09976525821596244,0.005868544600938967,0.0,False,True,True,False,True,False,
720575940627575495,cell_class,AN,852,400,0.25,0.02,0.05,0.014084507042253521,0.15140845070422534,0.7230046948356808,0.005868544600938967,0.09976525821596244,0.005868544600938967,0.0,False,False,True,False,False,False,
720575940627575495,cell_class,AN,852,400,0.25,0.02,0.1,0.014084507042253521,0.15140845070422534,0.7230046948356808,0.005868544600938967,0.09976525821596244,0.005868544600938967,0.0,False,False,False,False,False,False,
720575940627575495,cell_class,AN,852,400,0.25,0.01,0.01,0.014084507042253521,0.15140845070422534,0.7230046948356808,0.005868544600938967,0.09976525821596244,0.005868544600938967,0.0,False,True,True,False,False,False,
720575940627575495,cell_class,AN,852,400,0.25,0.01,0.05,0.014084507042253521,0.15140845070422534,0.7230046948356808,0.005868544600938967,0.09976525821596244,0.005868544600938967,0.0,False,False,False,False,False,False,
720575940627575495,cell_class,AN,852,400,0.25,0.01,0.1,0.014084507042253521,0.15140845070422534,0.7230046948356808,0.005868544600938967,0.09976525821596244,0.005868544600938967,0.0,False,False,False,False,False,False,
720575940633009121,cell_class,AN,606,400,0.25,0.14285714285714285,0.01,0.013201320132013201,0.8333333333333334,0.10726072607260725,0.0016501650165016502,0.009900990099009901,0.034653465346534656,0.0,False,True,True,,False,True,
720575940633009121,cell_class,AN,606,400,0.25,0.14285714285714285,0.05,0.013201320132013201,0.8333333333333334,0.10726072607260725,0.0016501650165016502,0.009900990099009901,0.034653465346534656,0.0,False,True,False,,False,False,
720575940633009121,cell_class,AN,606,400,0.25,0.14285714285714285,0.1,0.013201320132013201,0.8333333333333334,0.10726072607260725,0.0016501650165016502,0.009900990099009901,0.034653465346534656,0.0,False,True,False,,False,False,
720575940633009121,cell_class,AN,606,400,0.25,0.04,0.01,0.013201320132013201,0.8333333333333334,0.10726072607260725,0.0016501650165016502,0.009900990099009901,0.034653465346534656,0.0,False,True,True,,False,True,
720575940633009121,cell_class,AN,606,400,0.25,0.04,0.05,0.013201320132013201,0.8333333333333334,0.10726072607260725,0.0016501650165016502,0.009900990099009901,0.034653465346534656,0.0,False,True,False,,False,False,
720575940633009121,cell_class,AN,606,400,0.25,0.04,0.1,0.013201320132013201,0.8333333333333334,0.10726072607260725,0.0016501650165016502,0.009900990099009901,0.034653465346534656,0.0,False,True,False,,False,False,
720575940633009121,cell_class,AN,606,400,0.25,0.02,0.01,0.013201320132013201,0.8333333333333334,0.10726072607260725,0.0016501650165016502,0.009900990099009901,0.034653465346534656,0.0,False,True,True,,False,True,
720575940633009121,cell_class,AN,606,400,0.25,0.02,0.05,0.013201320132013201,0.8333333333333334,0.10726072607260725,0.0016501650165016502,0.009900990099009901,0.034653465346534656,0.0,False,True,False,,False,False,
720575940633009121,cell_class,AN,606,400,0.25,0.02,0.1,0.013201320132013201,0.8333333333333334,0.10726072607260725,0.0016501650165016502,0.009900990099009901,0.034653465346534656,0.0,False,False,False,,False,False,
720575940633009121,cell_class,AN,606,400,0.25,0.01,0.01,0.013201320132013201,0.8333333333333334,0.10726072607260725,0.0016501650165016502,0.009900990099009901,0.034653465346534656,0.0,False,True,True,,False,False,
720575940633009121,cell_class,AN,606,400,0.25,0.01,0.05,0.013201320132013201,0.8333333333333334,0.10726072607260725,0.0016501650165016502,0.009900990099009901,0.034653465346534656,0.0,False,False,False,,False,False,
720575940633009121,cell_class,AN,606,400,0.25,0.01,0.1,0.013201320132013201,0.8333333333333334,0.10726072607260725,0.0016501650165016502,0.009900990099009901,0.034653465346534656,0.0,False,False,False,,False,False,
720575940629371960,cell_class,AN,867,400,0.25,0.14285714285714285,0.01,0.08073817762399077,0.8281430219146482,0.02768166089965398,0.002306805074971165,0.05767012687427912,0.0034602076124567475,0.0,True,True,True,False,True,False,
720575940629371960,cell_class,AN,867,400,0.25,0.14285714285714285,0.05,0.08073817762399077,0.8281430219146482,0.02768166089965398,0.002306805074971165,0.05767012687427912,0.0034602076124567475,0.0,False,True,False,False,False,False,
720575940629371960,cell_class,AN,867,400,0.25,0.14285714285714285,0.1,0.08073817762399077,0.8281430219146482,0.02768166089965398,0.002306805074971165,0.05767012687427912,0.0034602076124567475,0.0,False,True,False,False,False,False,
720575940629371960,cell_class,AN,867,400,0.25,0.04,0.01,0.08073817762399077,0.8281430219146482,0.02768166089965398,0.002306805074971165,0.05767012687427912,0.0034602076124567475,0.0,True,True,False,False,True,False,
720575940629371960,cell_class,AN,867,400,0.25,0.04,0.05,0.08073817762399077,0.8281430219146482,0.02768166089965398,0.002306805074971165,0.05767012687427912,0.0034602076124567475,0.0,False,True,False,False,False,False,
720575940629371960,cell_class,AN,867,400,0.25,0.04,0.1,0.08073817762399077,0.8281430219146482,0.02768166089965398,0.002306805074971165,0.05767012687427912,0.0034602076124567475,0.0,False,False,False,False,False,False,
720575940629371960,cell_class,AN,867,400,0.25,0.02,0.01,0.08073817762399077,0.8281430219146482,0.02768166089965398,0.002306805074971165,0.05767012687427912,0.0034602076124567475,0.0,True,True,False,False,True,False,
720575940629371960,cell_class,AN,867,400,0.25,0.02,0.05,0.08073817762399077,0.8281430219146482,0.02768166089965398,0.002306805074971165,0.05767012687427912,0.0034602076124567475,0.0,False,True,False,False,False,False,
720575940629371960,cell_class,AN,867,400,0.25,0.02,0.1,0.08073817762399077,0.8281430219146482,0.02768166089965398,0.002306805074971165,0.05767012687427912,0.0034602076124567475,0.0,False,False,False,False,False,False,
720575940629371960,cell_class,AN,867,400,0.25,0.01,0.01,0.08073817762399077,0.8281430219146482,0.02768166089965398,0.002306805074971165,0.05767012687427912,0.0034602076124567475,0.0,True,True,False,False,True,False,
720575940629371960,cell_class,AN,867,400,0.25,0.01,0.05,0.08073817762399077,0.8281430219146482,0.02768166089965398,0.002306805074971165,0.05767012687427912,0.0034602076124567475,0.0,False,True,False,False,False,False,
720575940629371960,cell_class,AN,867,400,0.25,0.01,0.1,0.08073817762399077,0.8281430219146482,0.02768166089965398,0.002306805074971165,0.05767012687427912,0.0034602076124567475,0.0,False,False,False,False,False,False,
720575940614444959,cell_class,AN,1796,400,0.25,0.14285714285714285,0.01,0.0033407572383073497,0.9092427616926503,0.013919821826280624,0.0033407572383073497,0.0334075723830735,0.036748329621380846,0.0,False,True,False,False,True,False,
720575940614444959,cell_class,AN,1796,400,0.25,0.14285714285714285,0.05,0.0033407572383073497,0.9092427616926503,0.013919821826280624,0.0033407572383073497,0.0334075723830735,0.036748329621380846,0.0,False,True,False,False,False,False,
720575940614444959,cell_class,AN,1796,400,0.25,0.14285714285714285,0.1,0.0033407572383073497,0.9092427616926503,0.013919821826280624,0.0033407572383073497,0.0334075723830735,0.036748329621380846,0.0,False,True,False,False,False,False,
720575940614444959,cell_class,AN,1796,400,0.25,0.04,0.01,0.0033407572383073497,0.9092427616926503,0.013919821826280624,0.0033407572383073497,0.0334075723830735,0.036748329621380846,0.0,False,True,False,False,False,False,
720575940614444959,cell_class,AN,1796,400,0.25,0.04,0.05,0.0033407572383073497,0.9092427616926503,0.013919821826280624,0.0033407572383073497,0.0334075723830735,0.036748329621380846,0.0,False,True,False,False,False,False,
720575940614444959,cell_class,AN,1796,400,0.25,0.04,0.1,0.0033407572383073497,0.9092427616926503,0.013919821826280624,0.0033407572383073497,0.0334075723830735,0.036748329621380846,0.0,False,False,False,False,False,False,
720575940614444959,cell_class,AN,1796,400,0.25,0.02,0.01,0.0033407572383073497,0.9092427616926503,0.013919821826280624,0.0033407572383073497,0.0334075723830735,0.036748329621380846,0.0,False,True,False,False,False,False,
720575940614444959,cell_class,AN,1796,400,0.25,0.02,0.05,0.0033407572383073497,0.9092427616926503,0.013919821826280624,0.0033407572383073497,0.0334075723830735,0.036748329621380846,0.0,False,True,False,False,False,False,
720575940614444959,cell_class,AN,1796,400,0.25,0.02,0.1,0.0033407572383073497,0.9092427616926503,0.013919821826280624,0.0033407572383073497,0.0334075723830735,0.036748329621380846,0.0,False,False,False,False,False,False,
720575940614444959,cell_class,AN,1796,400,0.25,0.01,0.01,0.0033407572383073497,0.9092427616926503,0.013919821826280624,0.0033407572383073497,0.0334075723830735,0.036748329621380846,0.0,False,True,False,False,False,False,
720575940614444959,cell_class,AN,1796,400,0.25,0.01,0.05,0.0033407572383073497,0.9092427616926503,0.013919821826280624,0.0033407572383073497,0.0334075723830735,0.036748329621380846,0.0,False,True,False,False,False,False,
720575940614444959,cell_class,AN,1796,400,0.25,0.01,0.1,0.0033407572383073497,0.9092427616926503,0.013919821826280624,0.0033407572383073497,0.0334075723830735,0.036748329621380846,0.0,False,False,False,False,False,False,
720575940628074199,cell_class,AN,522,400,0.25,0.14285714285714285,0.01,0.0019157088122605363,0.9022988505747126,0.038314176245210725,0.007662835249042145,0.034482758620689655,0.013409961685823755,0.0019157088122605363,,True,True,False,True,False,
720575940628074199,cell_class,AN,522,400,0.25,0.14285714285714285,0.05,0.0019157088122605363,0.9022988505747126,0.038314176245210725,0.007662835249042145,0.034482758620689655,0.013409961685823755,0.0019157088122605363,,True,False,False,False,False,
720575940628074199,cell_class,AN,522,400,0.25,0.14285714285714285,0.1,0.0019157088122605363,0.9022988505747126,0.038314176245210725,0.007662835249042145,0.034482758620689655,0.013409961685823755,0.0019157088122605363,,True,False,False,False,False,
720575940628074199,cell_class,AN,522,400,0.25,0.04,0.01,0.0019157088122605363,0.9022988505747126,0.038314176245210725,0.007662835249042145,0.034482758620689655,0.013409961685823755,0.0019157088122605363,,True,True,False,True,False,
720575940628074199,cell_class,AN,522,400,0.25,0.04,0.05,0.0019157088122605363,0.9022988505747126,0.038314176245210725,0.007662835249042145,0.034482758620689655,0.013409961685823755,0.0019157088122605363,,True,False,False,False,False,
720575940628074199,cell_class,AN,522,400,0.25,0.04,0.1,0.0019157088122605363,0.9022988505747126,0.038314176245210725,0.007662835249042145,0.034482758620689655,0.013409961685823755,0.0019157088122605363,,True,False,False,False,False,
720575940628074199,cell_class,AN,522,400,0.25,0.02,0.01,0.0019157088122605363,0.9022988505747126,0.038314176245210725,0.007662835249042145,0.034482758620689655,0.013409961685823755,0.0019157088122605363,,True,True,False,True,False,
720575940628074199,cell_class,AN,522,400,0.25,0.02,0.05,0.0019157088122605363,0.9022988505747126,0.038314176245210725,0.007662835249042145,0.034482758620689655,0.013409961685823755,0.0019157088122605363,,True,False,False,False,False,
720575940628074199,cell_class,AN,522,400,0.25,0.02,0.1,0.0019157088122605363,0.9022988505747126,0.038314176245210725,0.007662835249042145,0.034482758620689655,0.013409961685823755,0.0019157088122605363,,True,False,False,False,False,
720575940628074199,cell_class,AN,522,400,0.25,0.01,0.01,0.0019157088122605363,0.9022988505747126,0.038314176245210725,0.007662835249042145,0.034482758620689655,0.013409961685823755,0.0019157088122605363,,True,True,False,True,False,
720575940628074199,cell_class,AN,522,400,0.25,0.01,0.05,0.0019157088122605363,0.9022988505747126,0.038314176245210725,0.007662835249042145,0.034482758620689655,0.013409961685823755,0.0019157088122605363,,True,False,False,False,False,
720575940628074199,cell_class,AN,522,400,0.25,0.01,0.1,0.0019157088122605363,0.9022988505747126,0.038314176245210725,0.007662835249042145,0.034482758620689655,0.013409961685823755,0.0019157088122605363,,True,False,False,False,False,
720575940624108060,cell_class,AN,412,400,0.25,0.14285714285714285,0.01,0.009708737864077669,0.9223300970873787,0.02669902912621359,0.009708737864077669,0.03155339805825243,0.0,0.0,False,True,False,True,True,,
720575940624108060,cell_class,AN,412,400,0.25,0.14285714285714285,0.05,0.009708737864077669,0.9223300970873787,0.02669902912621359,0.009708737864077669,0.03155339805825243,0.0,0.0,False,True,False,False,False,,
720575940624108060,cell_class,AN,412,400,0.25,0.14285714285714285,0.1,0.009708737864077669,0.9223300970873787,0.02669902912621359,0.009708737864077669,0.03155339805825243,0.0,0.0,False,True,False,False,False,,
720575940624108060,cell_class,AN,412,400,0.25,0.04,0.01,0.009708737864077669,0.9223300970873787,0.02669902912621359,0.009708737864077669,0.03155339805825243,0.0,0.0,False,True,False,True,True,,
720575940624108060,cell_class,AN,412,400,0.25,0.04,0.05,0.009708737864077669,0.9223300970873787,0.02669902912621359,0.009708737864077669,0.03155339805825243,0.0,0.0,False,True,False,False,False,,
720575940624108060,cell_class,AN,412,400,0.25,0.04,0.1,0.009708737864077669,0.9223300970873787,0.02669902912621359,0.009708737864077669,0.03155339805825243,0.0,0.0,False,True,False,False,False,,
720575940624108060,cell_class,AN,412,400,0.25,0.02,0.01,0.009708737864077669,0.9223300970873787,0.02669902912621359,0.009708737864077669,0.03155339805825243,0.0,0.0,False,True,False,True,True,,
720575940624108060,cell_class,AN,412,400,0.25,0.02,0.05,0.009708737864077669,0.9223300970873787,0.02669902912621359,0.009708737864077669,0.03155339805825243,0.0,0.0,False,True,False,False,False,,
720575940624108060,cell_class,AN,412,400,0.25,0.02,0.1,0.009708737864077669,0.9223300970873787,0.02669902912621359,0.009708737864077669,0.03155339805825243,0.0,0.0,False,True,False,False,False,,
720575940624108060,cell_class,AN,412,400,0.25,0.01,0.01,0.009708737864077669,0.9223300970873787,0.02669902912621359,0.009708737864077669,0.03155339805825243,0.0,0.0,False,True,False,True,True,,
720575940624108060,cell_class,AN,412,400,0.25,0.01,0.05,0.009708737864077669,0.9223300970873787,0.02669902912621359,0.009708737864077669,0.03155339805825243,0.0,0.0,False,False,False,False,False,,
720575940624108060,cell_class,AN,412,400,0.25,0.01,0.1,0.009708737864077669,0.9223300970873787,0.02669902912621359,0.009708737864077669,0.03155339805825243,0.0,0.0,False,False,False,False,False,,
720575940606303755,cell_class,AN,741,400,0.25,0.14285714285714285,0.01,0.014844804318488529,0.9460188933873145,0.020242914979757085,0.002699055330634278,0.016194331983805668,0.0,0.0,False,True,False,False,False,,
720575940606303755,cell_class,AN,741,400,0.25,0.14285714285714285,0.05,0.014844804318488529,0.9460188933873145,0.020242914979757085,0.002699055330634278,0.016194331983805668,0.0,0.0,False,True,False,False,False,,
720575940606303755,cell_class,AN,741,400,0.25,0.14285714285714285,0.1,0.014844804318488529,0.9460188933873145,0.020242914979757085,0.002699055330634278,0.016194331983805668,0.0,0.0,False,True,False,False,False,,
720575940606303755,cell_class,AN,741,400,0.25,0.04,0.01,0.014844804318488529,0.9460188933873145,0.020242914979757085,0.002699055330634278,0.016194331983805668,0.0,0.0,False,True,False,False,False,,
720575940606303755,cell_class,AN,741,400,0.25,0.04,0.05,0.014844804318488529,0.9460188933873145,0.020242914979757085,0.002699055330634278,0.016194331983805668,0.0,0.0,False,True,False,False,False,,
720575940606303755,cell_class,AN,741,400,0.25,0.04,0.1,0.014844804318488529,0.9460188933873145,0.020242914979757085,0.002699055330634278,0.016194331983805668,0.0,0.0,False,True,False,False,False,,
720575940606303755,cell_class,AN,741,400,0.25,0.02,0.01,0.014844804318488529,0.9460188933873145,0.020242914979757085,0.002699055330634278,0.016194331983805668,0.0,0.0,False,True,False,False,False,,
720575940606303755,cell_class,AN,741,400,0.25,0.02,0.05,0.014844804318488529,0.9460188933873145,0.020242914979757085,0.002699055330634278,0.016194331983805668,0.0,0.0,False,True,False,False,False,,
720575940606303755,cell_class,AN,741,400,0.25,0.02,0.1,0.014844804318488529,0.9460188933873145,0.020242914979757085,0.002699055330634278,0.016194331983805668,0.0,0.0,False,False,False,False,False,,
720575940606303755,cell_class,AN,741,400,0.25,0.01,0.01,0.014844804318488529,0.9460188933873145,0.020242914979757085,0.002699055330634278,0.016194331983805668,0.0,0.0,False,True,False,False,False,,
720575940606303755,cell_class,AN,741,400,0.25,0.01,0.05,0.014844804318488529,0.9460188933873145,0.020242914979757085,0.002699055330634278,0.016194331983805668,0.0,0.0,False,False,False,False,False,,
720575940606303755,cell_class,AN,741,400,0.25,0.01,0.1,0.014844804318488529,0.9460188933873145,0.020242914979757085,0.002699055330634278,0.016194331983805668,0.0,0.0,False,False,False,False,False,,
720575940628884267,cell_class,AN,1482,400,0.25,0.14285714285714285,0.01,0.009446693657219974,0.9075573549257759,0.029014844804318488,0.0,0.05195681511470985,0.0020242914979757085,0.0,False,True,True,,True,False,
720575940628884267,cell_class,AN,1482,400,0.25,0.14285714285714285,0.05,0.009446693657219974,0.9075573549257759,0.029014844804318488,0.0,0.05195681511470985,0.0020242914979757085,0.0,False,True,False,,False,False,
720575940628884267,cell_class,AN,1482,400,0.25,0.14285714285714285,0.1,0.009446693657219974,0.9075573549257759,0.029014844804318488,0.0,0.05195681511470985,0.0020242914979757085,0.0,False,True,False,,False,False,
720575940628884267,cell_class,AN,1482,400,0.25,0.04,0.01,0.009446693657219974,0.9075573549257759,0.029014844804318488,0.0,0.05195681511470985,0.0020242914979757085,0.0,False,True,False,,True,False,
720575940628884267,cell_class,AN,1482,400,0.25,0.04,0.05,0.009446693657219974,0.9075573549257759,0.029014844804318488,0.0,0.05195681511470985,0.0020242914979757085,0.0,False,True,False,,False,False,
720575940628884267,cell_class,AN,1482,400,0.25,0.04,0.1,0.009446693657219974,0.9075573549257759,0.029014844804318488,0.0,0.05195681511470985,0.0020242914979757085,0.0,False,False,False,,False,False,
720575940628884267,cell_class,AN,1482,400,0.25,0.02,0.01,0.009446693657219974,0.9075573549257759,0.029014844804318488,0.0,0.05195681511470985,0.0020242914979757085,0.0,False,True,False,,True,False,
720575940628884267,cell_class,AN,1482,400,0.25,0.02,0.05,0.009446693657219974,0.9075573549257759,0.029014844804318488,0.0,0.05195681511470985,0.0020242914979757085,0.0,False,False,False,,False,False,
720575940628884267,cell_class,AN,1482,400,0.25,0.02,0.1,0.009446693657219974,0.9075573549257759,0.029014844804318488,0.0,0.05195681511470985,0.0020242914979757085,0.0,False,False,False,,False,False,
720575940628884267,cell_class,AN,1482,400,0.25,0.01,0.01,0.009446693657219974,0.9075573549257759,0.029014844804318488,0.0,0.05195681511470985,0.0020242914979757085,0.0,False,True,False,,False,False,
720575940628884267,cell_class,AN,1482,400,0.25,0.01,0.05,0.009446693657219974,0.9075573549257759,0.029014844804318488,0.0,0.05195681511470985,0.0020242914979757085,0.0,False,False,False,,False,False,
720575940628884267,cell_class,AN,1482,400,0.25,0.01,0.1,0.009446693657219974,0.9075573549257759,0.029014844804318488,0.0,0.05195681511470985,0.0020242914979757085,0.0,False,False,False,,False,False,
720575940627931196,cell_class,AN,638,400,0.25,0.14285714285714285,0.01,0.012539184952978056,0.9216300940438872,0.032915360501567396,0.0,0.032915360501567396,0.0,0.0,False,True,True,,True,,
720575940627931196,cell_class,AN,638,400,0.25,0.14285714285714285,0.05,0.012539184952978056,0.9216300940438872,0.032915360501567396,0.0,0.032915360501567396,0.0,0.0,False,True,False,,False,,
720575940627931196,cell_class,AN,638,400,0.25,0.14285714285714285,0.1,0.012539184952978056,0.9216300940438872,0.032915360501567396,0.0,0.032915360501567396,0.0,0.0,False,True,False,,False,,
720575940627931196,cell_class,AN,638,400,0.25,0.04,0.01,0.012539184952978056,0.9216300940438872,0.032915360501567396,0.0,0.032915360501567396,0.0,0.0,False,True,True,,True,,
720575940627931196,cell_class,AN,638,400,0.25,0.04,0.05,0.012539184952978056,0.9216300940438872,0.032915360501567396,0.0,0.032915360501567396,0.0,0.0,False,True,False,,False,,
720575940627931196,cell_class,AN,638,400,0.25,0.04,0.1,0.012539184952978056,0.9216300940438872,0.032915360501567396,0.0,0.032915360501567396,0.0,0.0,False,True,False,,False,,
720575940627931196,cell_class,AN,638,400,0.25,0.02,0.01,0.012539184952978056,0.9216300940438872,0.032915360501567396,0.0,0.032915360501567396,0.0,0.0,False,True,True,,True,,
720575940627931196,cell_class,AN,638,400,0.25,0.02,0.05,0.012539184952978056,0.9216300940438872,0.032915360501567396,0.0,0.032915360501567396,0.0,0.0,False,True,False,,False,,
720575940627931196,cell_class,AN,638,400,0.25,0.02,0.1,0.012539184952978056,0.9216300940438872,0.032915360501567396,0.0,0.032915360501567396,0.0,0.0,False,False,False,,False,,
720575940627931196,cell_class,AN,638,400,0.25,0.01,0.01,0.012539184952978056,0.9216300940438872,0.032915360501567396,0.0,0.032915360501567396,0.0,0.0,False,True,True,,True,,
720575940627931196,cell_class,AN,638,400,0.25,0.01,0.05,0.012539184952978056,0.9216300940438872,0.032915360501567396,0.0,0.032915360501567396,0.0,0.0,False,False,False,,False,,
720575940627931196,cell_class,AN,638,400,0.25,0.01,0.1,0.012539184952978056,0.9216300940438872,0.032915360501567396,0.0,0.032915360501567396,0.0,0.0,False,False,False,,False,,
720575940621975773,cell_class,AN,5016,400,0.25,0.14285714285714285,0.01,0.6698564593301436,0.284688995215311,0.02671451355661882,0.0023923444976076554,0.009569377990430622,0.006778309409888357,0.0,True,True,True,False,False,False,
720575940621975773,cell_class,AN,5016,400,0.25,0.14285714285714285,0.05,0.6698564593301436,0.284688995215311,0.02671451355661882,0.0023923444976076554,0.009569377990430622,0.006778309409888357,0.0,True,True,False,False,False,False,
720575940621975773,cell_class,AN,5016,400,0.25,0.14285714285714285,0.1,0.6698564593301436,0.284688995215311,0.02671451355661882,0.0023923444976076554,0.009569377990430622,0.006778309409888357,0.0,True,True,False,False,False,False,
720575940621975773,cell_class,AN,5016,400,0.25,0.04,0.01,0.6698564593301436,0.284688995215311,0.02671451355661882,0.0023923444976076554,0.009569377990430622,0.006778309409888357,0.0,True,True,False,False,False,False,
720575940621975773,cell_class,AN,5016,400,0.25,0.04,0.05,0.6698564593301436,0.284688995215311,0.02671451355661882,0.0023923444976076554,0.009569377990430622,0.006778309409888357,0.0,True,True,False,False,False,False,
720575940621975773,cell_class,AN,5016,400,0.25,0.04,0.1,0.6698564593301436,0.284688995215311,0.02671451355661882,0.0023923444976076554,0.009569377990430622,0.006778309409888357,0.0,False,False,False,False,False,False,
720575940621975773,cell_class,AN,5016,400,0.25,0.02,0.01,0.6698564593301436,0.284688995215311,0.02671451355661882,0.0023923444976076554,0.009569377990430622,0.006778309409888357,0.0,True,True,False,False,False,False,
720575940621975773,cell_class,AN,5016,400,0.25,0.02,0.05,0.6698564593301436,0.284688995215311,0.02671451355661882,0.0023923444976076554,0.009569377990430622,0.006778309409888357,0.0,False,False,False,False,False,False,
720575940621975773,cell_class,AN,5016,400,0.25,0.02,0.1,0.6698564593301436,0.284688995215311,0.02671451355661882,0.0023923444976076554,0.009569377990430622,0.006778309409888357,0.0,False,False,False,False,False,False,
720575940621975773,cell_class,AN,5016,400,0.25,0.01,0.01,0.6698564593301436,0.284688995215311,0.02671451355661882,0.0023923444976076554,0.009569377990430622,0.006778309409888357,0.0,True,True,False,False,False,False,
720575940621975773,cell_class,AN,5016,400,0.25,0.01,0.05,0.6698564593301436,0.284688995215311,0.02671451355661882,0.0023923444976076554,0.009569377990430622,0.006778309409888357,0.0,False,False,False,False,False,False,
720575940621975773,cell_class,AN,5016,400,0.25,0.01,0.1,0.6698564593301436,0.284688995215311,0.02671451355661882,0.0023923444976076554,0.009569377990430622,0.006778309409888357,0.0,False,False,False,False,False,False,
720575940633189624,cell_class,AN,919,400,0.25,0.14285714285714285,0.01,0.02176278563656148,0.8890097932535365,0.04787812840043525,0.001088139281828074,0.02176278563656148,0.018498367791077257,0.0,False,True,True,,False,False,
720575940633189624,cell_class,AN,919,400,0.25,0.14285714285714285,0.05,0.02176278563656148,0.8890097932535365,0.04787812840043525,0.001088139281828074,0.02176278563656148,0.018498367791077257,0.0,False,True,False,,False,False,
720575940633189624,cell_class,AN,919,400,0.25,0.14285714285714285,0.1,0.02176278563656148,0.8890097932535365,0.04787812840043525,0.001088139281828074,0.02176278563656148,0.018498367791077257,0.0,False,True,False,,False,False,
720575940633189624,cell_class,AN,919,400,0.25,0.04,0.01,0.02176278563656148,0.8890097932535365,0.04787812840043525,0.001088139281828074,0.02176278563656148,0.018498367791077257,0.0,False,True,True,,False,False,
720575940633189624,cell_class,AN,919,400,0.25,0.04,0.05,0.02176278563656148,0.8890097932535365,0.04787812840043525,0.001088139281828074,0.02176278563656148,0.018498367791077257,0.0,False,True,False,,False,False,
720575940633189624,cell_class,AN,919,400,0.25,0.04,0.1,0.02176278563656148,0.8890097932535365,0.04787812840043525,0.001088139281828074,0.02176278563656148,0.018498367791077257,0.0,False,False,False,,False,False,
720575940633189624,cell_class,AN,919,400,0.25,0.02,0.01,0.02176278563656148,0.8890097932535365,0.04787812840043525,0.001088139281828074,0.02176278563656148,0.018498367791077257,0.0,False,True,True,,False,False,
720575940633189624,cell_class,AN,919,400,0.25,0.02,0.05,0.02176278563656148,0.8890097932535365,0.04787812840043525,0.001088139281828074,0.02176278563656148,0.018498367791077257,0.0,False,True,False,,False,False,
720575940633189624,cell_class,AN,919,400,0.25,0.02,0.1,0.02176278563656148,0.8890097932535365,0.04787812840043525,0.001088139281828074,0.02176278563656148,0.018498367791077257,0.0,False,False,False,,False,False,
720575940633189624,cell_class,AN,919,400,0.25,0.01,0.01,0.02176278563656148,0.8890097932535365,0.04787812840043525,0.001088139281828074,0.02176278563656148,0.018498367791077257,0.0,False,True,True,,False,False,
720575940633189624,cell_class,AN,919,400,0.25,0.01,0.05,0.02176278563656148,0.8890097932535365,0.04787812840043525,0.001088139281828074,0.02176278563656148,0.018498367791077257,0.0,False,True,False,,False,False,
720575940633189624,cell_class,AN,919,400,0.25,0.01,0.1,0.02176278563656148,0.8890097932535365,0.04787812840043525,0.001088139281828074,0.02176278563656148,0.018498367791077257,0.0,False,False,False,,False,False,
720575940618230443,cell_class,AN,3470,400,0.25,0.14285714285714285,0.01,0.6844380403458213,0.07492795389048991,0.22910662824207492,0.00028818443804034583,0.006628242074927954,0.004322766570605188,0.00028818443804034583,True,True,True,,False,False,
720575940618230443,cell_class,AN,3470,400,0.25,0.14285714285714285,0.05,0.6844380403458213,0.07492795389048991,0.22910662824207492,0.00028818443804034583,0.006628242074927954,0.004322766570605188,0.00028818443804034583,True,False,True,,False,False,
720575940618230443,cell_class,AN,3470,400,0.25,0.14285714285714285,0.1,0.6844380403458213,0.07492795389048991,0.22910662824207492,0.00028818443804034583,0.006628242074927954,0.004322766570605188,0.00028818443804034583,True,False,False,,False,False,
720575940618230443,cell_class,AN,3470,400,0.25,0.04,0.01,0.6844380403458213,0.07492795389048991,0.22910662824207492,0.00028818443804034583,0.006628242074927954,0.004322766570605188,0.00028818443804034583,True,True,True,,False,False,
720575940618230443,cell_class,AN,3470,400,0.25,0.04,0.05,0.6844380403458213,0.07492795389048991,0.22910662824207492,0.00028818443804034583,0.006628242074927954,0.004322766570605188,0.00028818443804034583,True,False,False,,False,False,
720575940618230443,cell_class,AN,3470,400,0.25,0.04,0.1,0.6844380403458213,0.07492795389048991,0.22910662824207492,0.00028818443804034583,0.006628242074927954,0.004322766570605188,0.00028818443804034583,False,False,False,,False,False,
720575940618230443,cell_class,AN,3470,400,0.25,0.02,0.01,0.6844380403458213,0.07492795389048991,0.22910662824207492,0.00028818443804034583,0.006628242074927954,0.004322766570605188,0.00028818443804034583,True,True,True,,False,False,
720575940618230443,cell_class,AN,3470,400,0.25,0.02,0.05,0.6844380403458213,0.07492795389048991,0.22910662824207492,0.00028818443804034583,0.006628242074927954,0.004322766570605188,0.00028818443804034583,True,False,False,,False,False,
720575940618230443,cell_class,AN,3470,400,0.25,0.02,0.1,0.6844380403458213,0.07492795389048991,0.22910662824207492,0.00028818443804034583,0.006628242074927954,0.004322766570605188,0.00028818443804034583,False,False,False,,False,False,
720575940618230443,cell_class,AN,3470,400,0.25,0.01,0.01,0.6844380403458213,0.07492795389048991,0.22910662824207492,0.00028818443804034583,0.006628242074927954,0.004322766570605188,0.00028818443804034583,True,False,True,,False,False,
720575940618230443,cell_class,AN,3470,400,0.25,0.01,0.05,0.6844380403458213,0.07492795389048991,0.22910662824207492,0.00028818443804034583,0.006628242074927954,0.004322766570605188,0.00028818443804034583,False,False,False,,False,False,
720575940618230443,cell_class,AN,3470,400,0.25,0.01,0.1,0.6844380403458213,0.07492795389048991,0.22910662824207492,0.00028818443804034583,0.006628242074927954,0.004322766570605188,0.00028818443804034583,False,False,False,,False,False,
720575940633677167,cell_class,AN,12616,400,0.25,0.14285714285714285,0.01,0.009511731135066582,0.9640139505389981,0.004597336715282181,0.006024096385542169,0.00800570703868104,0.007292327203551046,0.0005548509828788839,False,True,False,False,False,False,False
720575940633677167,cell_class,AN,12616,400,0.25,0.14285714285714285,0.05,0.009511731135066582,0.9640139505389981,0.004597336715282181,0.006024096385542169,0.00800570703868104,0.007292327203551046,0.0005548509828788839,False,True,False,False,False,False,False
720575940633677167,cell_class,AN,12616,400,0.25,0.14285714285714285,0.1,0.009511731135066582,0.9640139505389981,0.004597336715282181,0.006024096385542169,0.00800570703868104,0.007292327203551046,0.0005548509828788839,False,True,False,False,False,False,False
720575940633677167,cell_class,AN,12616,400,0.25,0.04,0.01,0.009511731135066582,0.9640139505389981,0.004597336715282181,0.006024096385542169,0.00800570703868104,0.007292327203551046,0.0005548509828788839,False,True,False,False,False,False,False
720575940633677167,cell_class,AN,12616,400,0.25,0.04,0.05,0.009511731135066582,0.9640139505389981,0.004597336715282181,0.006024096385542169,0.00800570703868104,0.007292327203551046,0.0005548509828788839,False,True,False,False,False,False,False
720575940633677167,cell_class,AN,12616,400,0.25,0.04,0.1,0.009511731135066582,0.9640139505389981,0.004597336715282181,0.006024096385542169,0.00800570703868104,0.007292327203551046,0.0005548509828788839,False,True,False,False,False,False,False
720575940633677167,cell_class,AN,12616,400,0.25,0.02,0.01,0.009511731135066582,0.9640139505389981,0.004597336715282181,0.006024096385542169,0.00800570703868104,0.007292327203551046,0.0005548509828788839,False,True,False,False,False,False,False
720575940633677167,cell_class,AN,12616,400,0.25,0.02,0.05,0.009511731135066582,0.9640139505389981,0.004597336715282181,0.006024096385542169,0.00800570703868104,0.007292327203551046,0.0005548509828788839,False,True,False,False,False,False,False
720575940633677167,cell_class,AN,12616,400,0.25,0.02,0.1,0.009511731135066582,0.9640139505389981,0.004597336715282181,0.006024096385542169,0.00800570703868104,0.007292327203551046,0.0005548509828788839,False,False,False,False,False,False,False
720575940633677167,cell_class,AN,12616,400,0.25,0.01,0.01,0.009511731135066582,0.9640139505389981,0.004597336715282181,0.006024096385542169,0.00800570703868104,0.007292327203551046,0.0005548509828788839,False,True,False,False,False,False,False
720575940633677167,cell_class,AN,12616,400,0.25,0.01,0.05,0.009511731135066582,0.9640139505389981,0.004597336715282181,0.006024096385542169,0.00800570703868104,0.007292327203551046,0.0005548509828788839,False,False,False,False,False,False,False
720575940633677167,cell_class,AN,12616,400,0.25,0.01,0.1,0.009511731135066582,0.9640139505389981,0.004597336715282181,0.006024096385542169,0.00800570703868104,0.007292327203551046,0.0005548509828788839,False,False,False,False,False,False,False
720575940621846525,cell_class,AN,2127,400,0.25,0.14285714285714285,0.01,0.4677950164551011,0.16878232251998118,0.3018335684062059,0.0037611659614480487,0.015044663845792195,0.04231311706629055,0.0004701457451810061,True,True,True,False,False,True,
720575940621846525,cell_class,AN,2127,400,0.25,0.14285714285714285,0.05,0.4677950164551011,0.16878232251998118,0.3018335684062059,0.0037611659614480487,0.015044663845792195,0.04231311706629055,0.0004701457451810061,True,True,True,False,False,False,
720575940621846525,cell_class,AN,2127,400,0.25,0.14285714285714285,0.1,0.4677950164551011,0.16878232251998118,0.3018335684062059,0.0037611659614480487,0.015044663845792195,0.04231311706629055,0.0004701457451810061,True,False,True,False,False,False,
720575940621846525,cell_class,AN,2127,400,0.25,0.04,0.01,0.4677950164551011,0.16878232251998118,0.3018335684062059,0.0037611659614480487,0.015044663845792195,0.04231311706629055,0.0004701457451810061,True,True,True,False,False,False,
720575940621846525,cell_class,AN,2127,400,0.25,0.04,0.05,0.4677950164551011,0.16878232251998118,0.3018335684062059,0.0037611659614480487,0.015044663845792195,0.04231311706629055,0.0004701457451810061,True,False,False,False,False,False,
720575940621846525,cell_class,AN,2127,400,0.25,0.04,0.1,0.4677950164551011,0.16878232251998118,0.3018335684062059,0.0037611659614480487,0.015044663845792195,0.04231311706629055,0.0004701457451810061,False,False,False,False,False,False,
720575940621846525,cell_class,AN,2127,400,0.25,0.02,0.01,0.4677950164551011,0.16878232251998118,0.3018335684062059,0.0037611659614480487,0.015044663845792195,0.04231311706629055,0.0004701457451810061,True,True,True,False,False,False,
720575940621846525,cell_class,AN,2127,400,0.25,0.02,0.05,0.4677950164551011,0.16878232251998118,0.3018335684062059,0.0037611659614480487,0.015044663845792195,0.04231311706629055,0.0004701457451810061,False,False,False,False,False,False,
720575940621846525,cell_class,AN,2127,400,0.25,0.02,0.1,0.4677950164551011,0.16878232251998118,0.3018335684062059,0.0037611659614480487,0.015044663845792195,0.04231311706629055,0.0004701457451810061,False,False,False,False,False,False,
720575940621846525,cell_class,AN,2127,400,0.25,0.01,0.01,0.4677950164551011,0.16878232251998118,0.3018335684062059,0.0037611659614480487,0.015044663845792195,0.04231311706629055,0.0004701457451810061,True,True,True,False,False,False,
720575940621846525,cell_class,AN,2127,400,0.25,0.01,0.05,0.4677950164551011,0.16878232251998118,0.3018335684062059,0.0037611659614480487,0.015044663845792195,0.04231311706629055,0.0004701457451810061,False,False,False,False,False,False,
720575940621846525,cell_class,AN,2127,400,0.25,0.01,0.1,0.4677950164551011,0.16878232251998118,0.3018335684062059,0.0037611659614480487,0.015044663845792195,0.04231311706629055,0.0004701457451810061,False,False,False,False,False,False,
720575940626569554,cell_class,AN,10402,400,0.25,0.14285714285714285,0.01,0.014035762353393579,0.9456835223995386,0.012209190540280716,0.004614497212074601,0.006344933666602577,0.01701595846952509,9.613535858488752e-05,False,True,False,False,False,False,
720575940626569554,cell_class,AN,10402,400,0.25,0.14285714285714285,0.05,0.014035762353393579,0.9456835223995386,0.012209190540280716,0.004614497212074601,0.006344933666602577,0.01701595846952509,9.613535858488752e-05,False,True,False,False,False,False,
720575940626569554,cell_class,AN,10402,400,0.25,0.14285714285714285,0.1,0.014035762353393579,0.9456835223995386,0.012209190540280716,0.004614497212074601,0.006344933666602577,0.01701595846952509,9.613535858488752e-05,False,True,False,False,False,False,
720575940626569554,cell_class,AN,10402,400,0.25,0.04,0.01,0.014035762353393579,0.9456835223995386,0.012209190540280716,0.004614497212074601,0.006344933666602577,0.01701595846952509,9.613535858488752e-05,False,True,False,False,False,False,
720575940626569554,cell_class,AN,10402,400,0.25,0.04,0.05,0.014035762353393579,0.9456835223995386,0.012209190540280716,0.004614497212074601,0.006344933666602577,0.01701595846952509,9.613535858488752e-05,False,True,False,False,False,False,
720575940626569554,cell_class,AN,10402,400,0.25,0.04,0.1,0.014035762353393579,0.9456835223995386,0.012209190540280716,0.004614497212074601,0.006344933666602577,0.01701595846952509,9.613535858488752e-05,False,True,False,False,False,False,
720575940626569554,cell_class,AN,10402,400,0.25,0.02,0.01,0.014035762353393579,0.9456835223995386,0.012209190540280716,0.004614497212074601,0.006344933666602577,0.01701595846952509,9.613535858488752e-05,False,True,False,False,False,False,
720575940626569554,cell_class,AN,10402,400,0.25,0.02,0.05,0.014035762353393579,0.9456835223995386,0.012209190540280716,0.004614497212074601,0.006344933666602577,0.01701595846952509,9.613535858488752e-05,False,True,False,False,False,False,
720575940626569554,cell_class,AN,10402,400,0.25,0.02,0.1,0.014035762353393579,0.9456835223995386,0.012209190540280716,0.004614497212074601,0.006344933666602577,0.01701595846952509,9.613535858488752e-05,False,False,False,False,False,False,
720575940626569554,cell_class,AN,10402,400,0.25,0.01,0.01,0.014035762353393579,0.9456835223995386,0.012209190540280716,0.004614497212074601,0.006344933666602577,0.01701595846952509,9.613535858488752e-05,False,True,False,False,False,False,
720575940626569554,cell_class,AN,10402,400,0.25,0.01,0.05,0.014035762353393579,0.9456835223995386,0.012209190540280716,0.004614497212074601,0.006344933666602577,0.01701595846952509,9.613535858488752e-05,False,False,False,False,False,False,
720575940626569554,cell_class,AN,10402,400,0.25,0.01,0.1,0.014035762353393579,0.9456835223995386,0.012209190540280716,0.004614497212074601,0.006344933666602577,0.01701595846952509,9.613535858488752e-05,False,False,False,False,False,False,
720575940620298260,cell_class,AN,1675,400,0.25,0.14285714285714285,0.01,0.015522388059701492,0.061492537313432835,0.8632835820895522,0.0011940298507462687,0.037611940298507465,0.020895522388059702,0.0,False,True,True,False,True,False,
720575940620298260,cell_class,AN,1675,400,0.25,0.14285714285714285,0.05,0.015522388059701492,0.061492537313432835,0.8632835820895522,0.0011940298507462687,0.037611940298507465,0.020895522388059702,0.0,False,False,True,False,False,False,
720575940620298260,cell_class,AN,1675,400,0.25,0.14285714285714285,0.1,0.015522388059701492,0.061492537313432835,0.8632835820895522,0.0011940298507462687,0.037611940298507465,0.020895522388059702,0.0,False,False,True,False,False,False,
720575940620298260,cell_class,AN,1675,400,0.25,0.04,0.01,0.015522388059701492,0.061492537313432835,0.8632835820895522,0.0011940298507462687,0.037611940298507465,0.020895522388059702,0.0,False,True,True,False,False,False,
720575940620298260,cell_class,AN,1675,400,0.25,0.04,0.05,0.015522388059701492,0.061492537313432835,0.8632835820895522,0.0011940298507462687,0.037611940298507465,0.020895522388059702,0.0,False,False,True,False,False,False,
720575940620298260,cell_class,AN,1675,400,0.25,0.04,0.1,0.015522388059701492,0.061492537313432835,0.8632835820895522,0.0011940298507462687,0.037611940298507465,0.020895522388059702,0.0,False,False,False,False,False,False,
720575940620298260,cell_class,AN,1675,400,0.25,0.02,0.01,0.015522388059701492,0.061492537313432835,0.8632835820895522,0.0011940298507462687,0.037611940298507465,0.020895522388059702,0.0,False,True,True,False,False,False,
720575940620298260,cell_class,AN,1675,400,0.25,0.02,0.05,0.015522388059701492,0.061492537313432835,0.8632835820895522,0.0011940298507462687,0.037611940298507465,0.020895522388059702,0.0,False,False,False,False,False,False,
720575940620298260,cell_class,AN,1675,400,0.25,0.02,0.1,0.015522388059701492,0.061492537313432835,0.8632835820895522,0.0011940298507462687,0.037611940298507465,0.020895522388059702,0.0,False,False,False,False,False,False,
720575940620298260,cell_class,AN,1675,400,0.25,0.01,0.01,0.015522388059701492,0.061492537313432835,0.8632835820895522,0.0011940298507462687,0.037611940298507465,0.020895522388059702,0.0,False,False,True,False,False,False,
720575940620298260,cell_class,AN,1675,400,0.25,0.01,0.05,0.015522388059701492,0.061492537313432835,0.8632835820895522,0.0011940298507462687,0.037611940298507465,0.020895522388059702,0.0,False,False,False,False,False,False,
720575940620298260,cell_class,AN,1675,400,0.25,0.01,0.1,0.015522388059701492,0.061492537313432835,0.8632835820895522,0.0011940298507462687,0.037611940298507465,0.020895522388059702,0.0,False,False,False,False,False,False,
720575940611775717,cell_class,AN,8806,400,0.25,0.14285714285714285,0.01,0.009425391778332955,0.9479900068135362,0.007835566659096072,0.0009084714967067908,0.02180331592096298,0.012037247331364978,0.0,False,True,False,False,False,False,
720575940611775717,cell_class,AN,8806,400,0.25,0.14285714285714285,0.05,0.009425391778332955,0.9479900068135362,0.007835566659096072,0.0009084714967067908,0.02180331592096298,0.012037247331364978,0.0,False,True,False,False,False,False,
720575940611775717,cell_class,AN,8806,400,0.25,0.14285714285714285,0.1,0.009425391778332955,0.9479900068135362,0.007835566659096072,0.0009084714967067908,0.02180331592096298,0.012037247331364978,0.0,False,True,False,False,False,False,
720575940611775717,cell_class,AN,8806,400,0.25,0.04,0.01,0.009425391778332955,0.9479900068135362,0.007835566659096072,0.0009084714967067908,0.02180331592096298,0.012037247331364978,0.0,False,True,False,False,False,False,
720575940611775717,cell_class,AN,8806,400,0.25,0.04,0.05,0.009425391778332955,0.9479900068135362,0.007835566659096072,0.0009084714967067908,0.02180331592096298,0.012037247331364978,0.0,False,True,False,False,False,False,
720575940611775717,cell_class,AN,8806,400,0.25,0.04,0.1,0.009425391778332955,0.9479900068135362,0.007835566659096072,0.0009084714967067908,0.02180331592096298,0.012037247331364978,0.0,False,False,False,False,False,False,
720575940611775717,cell_class,AN,8806,400,0.25,0.02,0.01,0.009425391778332955,0.9479900068135362,0.007835566659096072,0.0009084714967067908,0.02180331592096298,0.012037247331364978,0.0,False,True,False,False,False,False,
720575940611775717,cell_class,AN,8806,400,0.25,0.02,0.05,0.009425391778332955,0.9479900068135362,0.007835566659096072,0.0009084714967067908,0.02180331592096298,0.012037247331364978,0.0,False,True,False,False,False,False,
720575940611775717,cell_class,AN,8806,400,0.25,0.02,0.1,0.009425391778332955,0.9479900068135362,0.007835566659096072,0.0009084714967067908,0.02180331592096298,0.012037247331364978,0.0,False,False,False,False,False,False,
720575940611775717,cell_class,AN,8806,400,0.25,0.01,0.01,0.009425391778332955,0.9479900068135362,0.007835566659096072,0.0009084714967067908,0.02180331592096298,0.012037247331364978,0.0,False,True,False,False,False,False,
720575940611775717,cell_class,AN,8806,400,0.25,0.01,0.05,0.009425391778332955,0.9479900068135362,0.007835566659096072,0.0009084714967067908,0.02180331592096298,0.012037247331364978,0.0,False,False,False,False,False,False,
720575940611775717,cell_class,AN,8806,400,0.25,0.01,0.1,0.009425391778332955,0.9479900068135362,0.007835566659096072,0.0009084714967067908,0.02180331592096298,0.012037247331364978,0.0,False,False,False,False,False,False,
720575940617932289,cell_class,AN,5419,400,0.25,0.14285714285714285,0.01,0.6089684443624285,0.058313341945008305,0.2961801070308175,0.0007381435689241557,0.016054622624100387,0.01937626868425909,0.0003690717844620779,True,True,True,False,False,False,False
720575940617932289,cell_class,AN,5419,400,0.25,0.14285714285714285,0.05,0.6089684443624285,0.058313341945008305,0.2961801070308175,0.0007381435689241557,0.016054622624100387,0.01937626868425909,0.0003690717844620779,True,False,True,False,False,False,False
720575940617932289,cell_class,AN,5419,400,0.25,0.14285714285714285,0.1,0.6089684443624285,0.058313341945008305,0.2961801070308175,0.0007381435689241557,0.016054622624100387,0.01937626868425909,0.0003690717844620779,True,False,True,False,False,False,False
720575940617932289,cell_class,AN,5419,400,0.25,0.04,0.01,0.6089684443624285,0.058313341945008305,0.2961801070308175,0.0007381435689241557,0.016054622624100387,0.01937626868425909,0.0003690717844620779,True,False,True,False,False,False,False
720575940617932289,cell_class,AN,5419,400,0.25,0.04,0.05,0.6089684443624285,0.058313341945008305,0.2961801070308175,0.0007381435689241557,0.016054622624100387,0.01937626868425909,0.0003690717844620779,True,False,True,False,False,False,False
720575940617932289,cell_class,AN,5419,400,0.25,0.04,0.1,0.6089684443624285,0.058313341945008305,0.2961801070308175,0.0007381435689241557,0.016054622624100387,0.01937626868425909,0.0003690717844620779,False,False,False,False,False,False,False
720575940617932289,cell_class,AN,5419,400,0.25,0.02,0.01,0.6089684443624285,0.058313341945008305,0.2961801070308175,0.0007381435689241557,0.016054622624100387,0.01937626868425909,0.0003690717844620779,True,False,True,False,False,False,False
720575940617932289,cell_class,AN,5419,400,0.25,0.02,0.05,0.6089684443624285,0.058313341945008305,0.2961801070308175,0.0007381435689241557,0.016054622624100387,0.01937626868425909,0.0003690717844620779,False,False,False,False,False,False,False
720575940617932289,cell_class,AN,5419,400,0.25,0.02,0.1,0.6089684443624285,0.058313341945008305,0.2961801070308175,0.0007381435689241557,0.016054622624100387,0.01937626868425909,0.0003690717844620779,False,False,False,False,False,False,False
720575940617932289,cell_class,AN,5419,400,0.25,0.01,0.01,0.6089684443624285,0.058313341945008305,0.2961801070308175,0.0007381435689241557,0.016054622624100387,0.01937626868425909,0.0003690717844620779,True,False,True,False,False,False,False
720575940617932289,cell_class,AN,5419,400,0.25,0.01,0.05,0.6089684443624285,0.058313341945008305,0.2961801070308175,0.0007381435689241557,0.016054622624100387,0.01937626868425909,0.0003690717844620779,False,False,False,False,False,False,False
720575940617932289,cell_class,AN,5419,400,0.25,0.01,0.1,0.6089684443624285,0.058313341945008305,0.2961801070308175,0.0007381435689241557,0.016054622624100387,0.01937626868425909,0.0003690717844620779,False,False,False,False,False,False,False
720575940621399156,cell_class,AN,1421,400,0.25,0.14285714285714285,0.01,0.5475017593244195,0.09359605911330049,0.3251231527093596,0.0,0.011963406052076003,0.021815622800844477,0.0,True,True,True,,False,False,
720575940621399156,cell_class,AN,1421,400,0.25,0.14285714285714285,0.05,0.5475017593244195,0.09359605911330049,0.3251231527093596,0.0,0.011963406052076003,0.021815622800844477,0.0,True,False,True,,False,False,
720575940621399156,cell_class,AN,1421,400,0.25,0.14285714285714285,0.1,0.5475017593244195,0.09359605911330049,0.3251231527093596,0.0,0.011963406052076003,0.021815622800844477,0.0,True,False,True,,False,False,
720575940621399156,cell_class,AN,1421,400,0.25,0.04,0.01,0.5475017593244195,0.09359605911330049,0.3251231527093596,0.0,0.011963406052076003,0.021815622800844477,0.0,True,True,True,,False,False,
720575940621399156,cell_class,AN,1421,400,0.25,0.04,0.05,0.5475017593244195,0.09359605911330049,0.3251231527093596,0.0,0.011963406052076003,0.021815622800844477,0.0,True,False,False,,False,False,
720575940621399156,cell_class,AN,1421,400,0.25,0.04,0.1,0.5475017593244195,0.09359605911330049,0.3251231527093596,0.0,0.011963406052076003,0.021815622800844477,0.0,False,False,False,,False,False,
720575940621399156,cell_class,AN,1421,400,0.25,0.02,0.01,0.5475017593244195,0.09359605911330049,0.3251231527093596,0.0,0.011963406052076003,0.021815622800844477,0.0,True,True,True,,False,False,
720575940621399156,cell_class,AN,1421,400,0.25,0.02,0.05,0.5475017593244195,0.09359605911330049,0.3251231527093596,0.0,0.011963406052076003,0.021815622800844477,0.0,True,False,False,,False,False,
720575940621399156,cell_class,AN,1421,400,0.25,0.02,0.1,0.5475017593244195,0.09359605911330049,0.3251231527093596,0.0,0.011963406052076003,0.021815622800844477,0.0,False,False,False,,False,False,
720575940621399156,cell_class,AN,1421,400,0.25,0.01,0.01,0.5475017593244195,0.09359605911330049,0.3251231527093596,0.0,0.011963406052076003,0.021815622800844477,0.0,True,False,True,,False,False,
720575940621399156,cell_class,AN,1421,400,0.25,0.01,0.05,0.5475017593244195,0.09359605911330049,0.3251231527093596,0.0,0.011963406052076003,0.021815622800844477,0.0,False,False,False,,False,False,
720575940621399156,cell_class,AN,1421,400,0.25,0.01,0.1,0.5475017593244195,0.09359605911330049,0.3251231527093596,0.0,0.011963406052076003,0.021815622800844477,0.0,False,False,False,,False,False,
720575940606718642,cell_class,AN,1210,400,0.25,0.14285714285714285,0.01,0.3495867768595041,0.09256198347107437,0.528099173553719,0.004132231404958678,0.014049586776859505,0.011570247933884297,0.0,True,True,True,False,False,False,
720575940606718642,cell_class,AN,1210,400,0.25,0.14285714285714285,0.05,0.3495867768595041,0.09256198347107437,0.528099173553719,0.004132231404958678,0.014049586776859505,0.011570247933884297,0.0,True,False,True,False,False,False,
720575940606718642,cell_class,AN,1210,400,0.25,0.14285714285714285,0.1,0.3495867768595041,0.09256198347107437,0.528099173553719,0.004132231404958678,0.014049586776859505,0.011570247933884297,0.0,True,False,True,False,False,False,
720575940606718642,cell_class,AN,1210,400,0.25,0.04,0.01,0.3495867768595041,0.09256198347107437,0.528099173553719,0.004132231404958678,0.014049586776859505,0.011570247933884297,0.0,True,True,True,False,False,False,
720575940606718642,cell_class,AN,1210,400,0.25,0.04,0.05,0.3495867768595041,0.09256198347107437,0.528099173553719,0.004132231404958678,0.014049586776859505,0.011570247933884297,0.0,False,False,True,False,False,False,
720575940606718642,cell_class,AN,1210,400,0.25,0.04,0.1,0.3495867768595041,0.09256198347107437,0.528099173553719,0.004132231404958678,0.014049586776859505,0.011570247933884297,0.0,False,False,False,False,False,False,
720575940606718642,cell_class,AN,1210,400,0.25,0.02,0.01,0.3495867768595041,0.09256198347107437,0.528099173553719,0.004132231404958678,0.014049586776859505,0.011570247933884297,0.0,True,True,True,False,False,False,
720575940606718642,cell_class,AN,1210,400,0.25,0.02,0.05,0.3495867768595041,0.09256198347107437,0.528099173553719,0.004132231404958678,0.014049586776859505,0.011570247933884297,0.0,False,False,False,False,False,False,
720575940606718642,cell_class,AN,1210,400,0.25,0.02,0.1,0.3495867768595041,0.09256198347107437,0.528099173553719,0.004132231404958678,0.014049586776859505,0.011570247933884297,0.0,False,False,False,False,False,False,
720575940606718642,cell_class,AN,1210,400,0.25,0.01,0.01,0.3495867768595041,0.09256198347107437,0.528099173553719,0.004132231404958678,0.014049586776859505,0.011570247933884297,0.0,True,True,True,False,False,False,
720575940606718642,cell_class,AN,1210,400,0.25,0.01,0.05,0.3495867768595041,0.09256198347107437,0.528099173553719,0.004132231404958678,0.014049586776859505,0.011570247933884297,0.0,False,False,False,False,False,False,
720575940606718642,cell_class,AN,1210,400,0.25,0.01,0.1,0.3495867768595041,0.09256198347107437,0.528099173553719,0.004132231404958678,0.014049586776859505,0.011570247933884297,0.0,False,False,False,False,False,False,
720575940622447309,cell_class,AN,3291,400,0.25,0.14285714285714285,0.01,0.3542996049832878,0.14949863263445762,0.23488301428137345,0.036159222120935884,0.07019143117593436,0.15284108173807354,0.002127013065937405,True,True,True,True,True,True,False
720575940622447309,cell_class,AN,3291,400,0.25,0.14285714285714285,0.05,0.3542996049832878,0.14949863263445762,0.23488301428137345,0.036159222120935884,0.07019143117593436,0.15284108173807354,0.002127013065937405,True,False,True,False,False,True,False
720575940622447309,cell_class,AN,3291,400,0.25,0.14285714285714285,0.1,0.3542996049832878,0.14949863263445762,0.23488301428137345,0.036159222120935884,0.07019143117593436,0.15284108173807354,0.002127013065937405,True,False,False,False,False,False,False
720575940622447309,cell_class,AN,3291,400,0.25,0.04,0.01,0.3542996049832878,0.14949863263445762,0.23488301428137345,0.036159222120935884,0.07019143117593436,0.15284108173807354,0.002127013065937405,True,True,True,True,True,True,False
720575940622447309,cell_class,AN,3291,400,0.25,0.04,0.05,0.3542996049832878,0.14949863263445762,0.23488301428137345,0.036159222120935884,0.07019143117593436,0.15284108173807354,0.002127013065937405,False,False,False,False,False,False,False
720575940622447309,cell_class,AN,3291,400,0.25,0.04,0.1,0.3542996049832878,0.14949863263445762,0.23488301428137345,0.036159222120935884,0.07019143117593436,0.15284108173807354,0.002127013065937405,False,False,False,False,False,False,False
720575940622447309,cell_class,AN,3291,400,0.25,0.02,0.01,0.3542996049832878,0.14949863263445762,0.23488301428137345,0.036159222120935884,0.07019143117593436,0.15284108173807354,0.002127013065937405,True,True,True,False,False,True,False
720575940622447309,cell_class,AN,3291,400,0.25,0.02,0.05,0.3542996049832878,0.14949863263445762,0.23488301428137345,0.036159222120935884,0.07019143117593436,0.15284108173807354,0.002127013065937405,False,False,False,False,False,False,False
720575940622447309,cell_class,AN,3291,400,0.25,0.02,0.1,0.3542996049832878,0.14949863263445762,0.23488301428137345,0.036159222120935884,0.07019143117593436,0.15284108173807354,0.002127013065937405,False,False,False,False,False,False,False
720575940622447309,cell_class,AN,3291,400,0.25,0.01,0.01,0.3542996049832878,0.14949863263445762,0.23488301428137345,0.036159222120935884,0.07019143117593436,0.15284108173807354,0.002127013065937405,True,True,True,False,False,True,False
720575940622447309,cell_class,AN,3291,400,0.25,0.01,0.05,0.3542996049832878,0.14949863263445762,0.23488301428137345,0.036159222120935884,0.07019143117593436,0.15284108173807354,0.002127013065937405,False,False,False,False,False,False,False
720575940622447309,cell_class,AN,3291,400,0.25,0.01,0.1,0.3542996049832878,0.14949863263445762,0.23488301428137345,0.036159222120935884,0.07019143117593436,0.15284108173807354,0.002127013065937405,False,False,False,False,False,False,False
720575940619037616,cell_class,AN,1029,400,0.25,0.14285714285714285,0.01,0.001943634596695821,0.3401360544217687,0.026239067055393587,0.006802721088435374,0.6112730806608357,0.013605442176870748,0.0,False,True,True,False,True,False,
720575940619037616,cell_class,AN,1029,400,0.25,0.14285714285714285,0.05,0.001943634596695821,0.3401360544217687,0.026239067055393587,0.006802721088435374,0.6112730806608357,0.013605442176870748,0.0,False,True,False,False,True,False,
720575940619037616,cell_class,AN,1029,400,0.25,0.14285714285714285,0.1,0.001943634596695821,0.3401360544217687,0.026239067055393587,0.006802721088435374,0.6112730806608357,0.013605442176870748,0.0,False,True,False,False,True,False,
720575940619037616,cell_class,AN,1029,400,0.25,0.04,0.01,0.001943634596695821,0.3401360544217687,0.026239067055393587,0.006802721088435374,0.6112730806608357,0.013605442176870748,0.0,False,True,True,False,True,False,
720575940619037616,cell_class,AN,1029,400,0.25,0.04,0.05,0.001943634596695821,0.3401360544217687,0.026239067055393587,0.006802721088435374,0.6112730806608357,0.013605442176870748,0.0,False,True,False,False,True,False,
720575940619037616,cell_class,AN,1029,400,0.25,0.04,0.1,0.001943634596695821,0.3401360544217687,0.026239067055393587,0.006802721088435374,0.6112730806608357,0.013605442176870748,0.0,False,False,False,False,False,False,
720575940619037616,cell_class,AN,1029,400,0.25,0.02,0.01,0.001943634596695821,0.3401360544217687,0.026239067055393587,0.006802721088435374,0.6112730806608357,0.013605442176870748,0.0,False,True,True,False,True,False,
720575940619037616,cell_class,AN,1029,400,0.25,0.02,0.05,0.001943634596695821,0.3401360544217687,0.026239067055393587,0.006802721088435374,0.6112730806608357,0.013605442176870748,0.0,False,False,False,False,False,False,
720575940619037616,cell_class,AN,1029,400,0.25,0.02,0.1,0.001943634596695821,0.3401360544217687,0.026239067055393587,0.006802721088435374,0.6112730806608357,0.013605442176870748,0.0,False,False,False,False,False,False,
720575940619037616,cell_class,AN,1029,400,0.25,0.01,0.01,0.001943634596695821,0.3401360544217687,0.026239067055393587,0.006802721088435374,0.6112730806608357,0.013605442176870748,0.0,False,True,False,False,True,False,
720575940619037616,cell_class,AN,1029,400,0.25,0.01,0.05,0.001943634596695821,0.3401360544217687,0.026239067055393587,0.006802721088435374,0.6112730806608357,0.013605442176870748,0.0,False,False,False,False,False,False,
720575940619037616,cell_class,AN,1029,400,0.25,0.01,0.1,0.001943634596695821,0.3401360544217687,0.026239067055393587,0.006802721088435374,0.6112730806608357,0.013605442176870748,0.0,False,False,False,False,False,False,
720575940626357865,cell_class,AN,495,400,0.25,0.14285714285714285,0.01,0.03434343434343434,0.8929292929292929,0.03232323232323232,0.0,0.03636363636363636,0.00202020202020202,0.00202020202020202,True,True,True,,True,,
720575940626357865,cell_class,AN,495,400,0.25,0.14285714285714285,0.05,0.03434343434343434,0.8929292929292929,0.03232323232323232,0.0,0.03636363636363636,0.00202020202020202,0.00202020202020202,False,True,False,,False,,
720575940626357865,cell_class,AN,495,400,0.25,0.14285714285714285,0.1,0.03434343434343434,0.8929292929292929,0.03232323232323232,0.0,0.03636363636363636,0.00202020202020202,0.00202020202020202,False,True,False,,False,,
720575940626357865,cell_class,AN,495,400,0.25,0.04,0.01,0.03434343434343434,0.8929292929292929,0.03232323232323232,0.0,0.03636363636363636,0.00202020202020202,0.00202020202020202,True,True,True,,True,,
720575940626357865,cell_class,AN,495,400,0.25,0.04,0.05,0.03434343434343434,0.8929292929292929,0.03232323232323232,0.0,0.03636363636363636,0.00202020202020202,0.00202020202020202,False,True,False,,False,,
720575940626357865,cell_class,AN,495,400,0.25,0.04,0.1,0.03434343434343434,0.8929292929292929,0.03232323232323232,0.0,0.03636363636363636,0.00202020202020202,0.00202020202020202,False,True,False,,False,,
720575940626357865,cell_class,AN,495,400,0.25,0.02,0.01,0.03434343434343434,0.8929292929292929,0.03232323232323232,0.0,0.03636363636363636,0.00202020202020202,0.00202020202020202,True,True,True,,True,,
720575940626357865,cell_class,AN,495,400,0.25,0.02,0.05,0.03434343434343434,0.8929292929292929,0.03232323232323232,0.0,0.03636363636363636,0.00202020202020202,0.00202020202020202,False,True,False,,False,,
720575940626357865,cell_class,AN,495,400,0.25,0.02,0.1,0.03434343434343434,0.8929292929292929,0.03232323232323232,0.0,0.03636363636363636,0.00202020202020202,0.00202020202020202,False,False,False,,False,,
720575940626357865,cell_class,AN,495,400,0.25,0.01,0.01,0.03434343434343434,0.8929292929292929,0.03232323232323232,0.0,0.03636363636363636,0.00202020202020202,0.00202020202020202,True,True,False,,True,,
720575940626357865,cell_class,AN,495,400,0.25,0.01,0.05,0.03434343434343434,0.8929292929292929,0.03232323232323232,0.0,0.03636363636363636,0.00202020202020202,0.00202020202020202,False,False,False,,False,,
720575940626357865,cell_class,AN,495,400,0.25,0.01,0.1,0.03434343434343434,0.8929292929292929,0.03232323232323232,0.0,0.03636363636363636,0.00202020202020202,0.00202020202020202,False,False,False,,False,,
720575940615634589,cell_class,AN,728,400,0.25,0.14285714285714285,0.01,0.07005494505494506,0.7760989010989011,0.034340659340659344,0.005494505494505495,0.10576923076923077,0.008241758241758242,0.0,True,True,True,False,True,False,
720575940615634589,cell_class,AN,728,400,0.25,0.14285714285714285,0.05,0.07005494505494506,0.7760989010989011,0.034340659340659344,0.005494505494505495,0.10576923076923077,0.008241758241758242,0.0,False,True,False,False,False,False,
720575940615634589,cell_class,AN,728,400,0.25,0.14285714285714285,0.1,0.07005494505494506,0.7760989010989011,0.034340659340659344,0.005494505494505495,0.10576923076923077,0.008241758241758242,0.0,False,True,False,False,False,False,
720575940615634589,cell_class,AN,728,400,0.25,0.04,0.01,0.07005494505494506,0.7760989010989011,0.034340659340659344,0.005494505494505495,0.10576923076923077,0.008241758241758242,0.0,True,True,False,False,True,False,
720575940615634589,cell_class,AN,728,400,0.25,0.04,0.05,0.07005494505494506,0.7760989010989011,0.034340659340659344,0.005494505494505495,0.10576923076923077,0.008241758241758242,0.0,False,True,False,False,False,False,
720575940615634589,cell_class,AN,728,400,0.25,0.04,0.1,0.07005494505494506,0.7760989010989011,0.034340659340659344,0.005494505494505495,0.10576923076923077,0.008241758241758242,0.0,False,False,False,False,False,False,
720575940615634589,cell_class,AN,728,400,0.25,0.02,0.01,0.07005494505494506,0.7760989010989011,0.034340659340659344,0.005494505494505495,0.10576923076923077,0.008241758241758242,0.0,True,True,False,False,True,False,
720575940615634589,cell_class,AN,728,400,0.25,0.02,0.05,0.07005494505494506,0.7760989010989011,0.034340659340659344,0.005494505494505495,0.10576923076923077,0.008241758241758242,0.0,False,True,False,False,False,False,
720575940615634589,cell_class,AN,728,400,0.25,0.02,0.1,0.07005494505494506,0.7760989010989011,0.034340659340659344,0.005494505494505495,0.10576923076923077,0.008241758241758242,0.0,False,False,False,False,False,False,
720575940615634589,cell_class,AN,728,400,0.25,0.01,0.01,0.07005494505494506,0.7760989010989011,0.034340659340659344,0.005494505494505495,0.10576923076923077,0.008241758241758242,0.0,False,True,False,False,True,False,
720575940615634589,cell_class,AN,728,400,0.25,0.01,0.05,0.07005494505494506,0.7760989010989011,0.034340659340659344,0.005494505494505495,0.10576923076923077,0.008241758241758242,0.0,False,False,False,False,False,False,
720575940615634589,cell_class,AN,728,400,0.25,0.01,0.1,0.07005494505494506,0.7760989010989011,0.034340659340659344,0.005494505494505495,0.10576923076923077,0.008241758241758242,0.0,False,False,False,False,False,False,
720575940625599304,cell_class,AN,668,400,0.25,0.14285714285714285,0.01,0.03293413173652695,0.8398203592814372,0.04790419161676647,0.0029940119760479044,0.06736526946107785,0.008982035928143712,0.0,True,True,True,False,True,False,
720575940625599304,cell_class,AN,668,400,0.25,0.14285714285714285,0.05,0.03293413173652695,0.8398203592814372,0.04790419161676647,0.0029940119760479044,0.06736526946107785,0.008982035928143712,0.0,False,True,False,False,False,False,
720575940625599304,cell_class,AN,668,400,0.25,0.14285714285714285,0.1,0.03293413173652695,0.8398203592814372,0.04790419161676647,0.0029940119760479044,0.06736526946107785,0.008982035928143712,0.0,False,True,False,False,False,False,
720575940625599304,cell_class,AN,668,400,0.25,0.04,0.01,0.03293413173652695,0.8398203592814372,0.04790419161676647,0.0029940119760479044,0.06736526946107785,0.008982035928143712,0.0,False,True,True,False,True,False,
720575940625599304,cell_class,AN,668,400,0.25,0.04,0.05,0.03293413173652695,0.8398203592814372,0.04790419161676647,0.0029940119760479044,0.06736526946107785,0.008982035928143712,0.0,False,True,False,False,False,False,
720575940625599304,cell_class,AN,668,400,0.25,0.04,0.1,0.03293413173652695,0.8398203592814372,0.04790419161676647,0.0029940119760479044,0.06736526946107785,0.008982035928143712,0.0,False,False,False,False,False,False,
720575940625599304,cell_class,AN,668,400,0.25,0.02,0.01,0.03293413173652695,0.8398203592814372,0.04790419161676647,0.0029940119760479044,0.06736526946107785,0.008982035928143712,0.0,False,True,True,False,True,False,
720575940625599304,cell_class,AN,668,400,0.25,0.02,0.05,0.03293413173652695,0.8398203592814372,0.04790419161676647,0.0029940119760479044,0.06736526946107785,0.008982035928143712,0.0,False,True,False,False,False,False,
720575940625599304,cell_class,AN,668,400,0.25,0.02,0.1,0.03293413173652695,0.8398203592814372,0.04790419161676647,0.0029940119760479044,0.06736526946107785,0.008982035928143712,0.0,False,False,False,False,False,False,
720575940625599304,cell_class,AN,668,400,0.25,0.01,0.01,0.03293413173652695,0.8398203592814372,0.04790419161676647,0.0029940119760479044,0.06736526946107785,0.008982035928143712,0.0,False,True,True,False,True,False,
720575940625599304,cell_class,AN,668,400,0.25,0.01,0.05,0.03293413173652695,0.8398203592814372,0.04790419161676647,0.0029940119760479044,0.06736526946107785,0.008982035928143712,0.0,False,False,False,False,False,False,
720575940625599304,cell_class,AN,668,400,0.25,0.01,0.1,0.03293413173652695,0.8398203592814372,0.04790419161676647,0.0029940119760479044,0.06736526946107785,0.008982035928143712,0.0,False,False,False,False,False,False,
720575940623862590,cell_class,AN,605,400,0.25,0.14285714285714285,0.01,0.0859504132231405,0.8231404958677686,0.047933884297520664,0.0,0.04297520661157025,0.0,0.0,True,True,True,,True,,
720575940623862590,cell_class,AN,605,400,0.25,0.14285714285714285,0.05,0.0859504132231405,0.8231404958677686,0.047933884297520664,0.0,0.04297520661157025,0.0,0.0,False,True,False,,False,,
720575940623862590,cell_class,AN,605,400,0.25,0.14285714285714285,0.1,0.0859504132231405,0.8231404958677686,0.047933884297520664,0.0,0.04297520661157025,0.0,0.0,False,True,False,,False,,
720575940623862590,cell_class,AN,605,400,0.25,0.04,0.01,0.0859504132231405,0.8231404958677686,0.047933884297520664,0.0,0.04297520661157025,0.0,0.0,True,True,True,,False,,
720575940623862590,cell_class,AN,605,400,0.25,0.04,0.05,0.0859504132231405,0.8231404958677686,0.047933884297520664,0.0,0.04297520661157025,0.0,0.0,False,True,False,,False,,
720575940623862590,cell_class,AN,605,400,0.25,0.04,0.1,0.0859504132231405,0.8231404958677686,0.047933884297520664,0.0,0.04297520661157025,0.0,0.0,False,True,False,,False,,
720575940623862590,cell_class,AN,605,400,0.25,0.02,0.01,0.0859504132231405,0.8231404958677686,0.047933884297520664,0.0,0.04297520661157025,0.0,0.0,False,True,True,,False,,
720575940623862590,cell_class,AN,605,400,0.25,0.02,0.05,0.0859504132231405,0.8231404958677686,0.047933884297520664,0.0,0.04297520661157025,0.0,0.0,False,True,False,,False,,
720575940623862590,cell_class,AN,605,400,0.25,0.02,0.1,0.0859504132231405,0.8231404958677686,0.047933884297520664,0.0,0.04297520661157025,0.0,0.0,False,False,False,,False,,
720575940623862590,cell_class,AN,605,400,0.25,0.01,0.01,0.0859504132231405,0.8231404958677686,0.047933884297520664,0.0,0.04297520661157025,0.0,0.0,False,True,False,,False,,
720575940623862590,cell_class,AN,605,400,0.25,0.01,0.05,0.0859504132231405,0.8231404958677686,0.047933884297520664,0.0,0.04297520661157025,0.0,0.0,False,False,False,,False,,
720575940623862590,cell_class,AN,605,400,0.25,0.01,0.1,0.0859504132231405,0.8231404958677686,0.047933884297520664,0.0,0.04297520661157025,0.0,0.0,False,False,False,,False,,
720575940617718864,cell_class,AN,523,400,0.25,0.14285714285714285,0.01,0.03441682600382409,0.7877629063097514,0.0497131931166348,0.0057361376673040155,0.12237093690248566,0.0,0.0,False,True,True,False,True,,
720575940617718864,cell_class,AN,523,400,0.25,0.14285714285714285,0.05,0.03441682600382409,0.7877629063097514,0.0497131931166348,0.0057361376673040155,0.12237093690248566,0.0,0.0,False,True,False,False,False,,
720575940617718864,cell_class,AN,523,400,0.25,0.14285714285714285,0.1,0.03441682600382409,0.7877629063097514,0.0497131931166348,0.0057361376673040155,0.12237093690248566,0.0,0.0,False,True,False,False,False,,
720575940617718864,cell_class,AN,523,400,0.25,0.04,0.01,0.03441682600382409,0.7877629063097514,0.0497131931166348,0.0057361376673040155,0.12237093690248566,0.0,0.0,False,True,True,False,True,,
720575940617718864,cell_class,AN,523,400,0.25,0.04,0.05,0.03441682600382409,0.7877629063097514,0.0497131931166348,0.0057361376673040155,0.12237093690248566,0.0,0.0,False,True,False,False,False,,
720575940617718864,cell_class,AN,523,400,0.25,0.04,0.1,0.03441682600382409,0.7877629063097514,0.0497131931166348,0.0057361376673040155,0.12237093690248566,0.0,0.0,False,False,False,False,False,,
720575940617718864,cell_class,AN,523,400,0.25,0.02,0.01,0.03441682600382409,0.7877629063097514,0.0497131931166348,0.0057361376673040155,0.12237093690248566,0.0,0.0,False,True,True,False,True,,
720575940617718864,cell_class,AN,523,400,0.25,0.02,0.05,0.03441682600382409,0.7877629063097514,0.0497131931166348,0.0057361376673040155,0.12237093690248566,0.0,0.0,False,True,False,False,False,,
720575940617718864,cell_class,AN,523,400,0.25,0.02,0.1,0.03441682600382409,0.7877629063097514,0.0497131931166348,0.0057361376673040155,0.12237093690248566,0.0,0.0,False,False,False,False,False,,
720575940617718864,cell_class,AN,523,400,0.25,0.01,0.01,0.03441682600382409,0.7877629063097514,0.0497131931166348,0.0057361376673040155,0.12237093690248566,0.0,0.0,False,True,False,False,True,,
720575940617718864,cell_class,AN,523,400,0.25,0.01,0.05,0.03441682600382409,0.7877629063097514,0.0497131931166348,0.0057361376673040155,0.12237093690248566,0.0,0.0,False,True,False,False,False,,
720575940617718864,cell_class,AN,523,400,0.25,0.01,0.1,0.03441682600382409,0.7877629063097514,0.0497131931166348,0.0057361376673040155,0.12237093690248566,0.0,0.0,False,False,False,False,False,,
720575940638863093,cell_class,AN,494,400,0.25,0.14285714285714285,0.01,0.09716599190283401,0.8178137651821862,0.018218623481781375,0.010121457489878543,0.05668016194331984,0.0,0.0,True,True,True,True,True,,
720575940638863093,cell_class,AN,494,400,0.25,0.14285714285714285,0.05,0.09716599190283401,0.8178137651821862,0.018218623481781375,0.010121457489878543,0.05668016194331984,0.0,0.0,False,True,False,False,False,,
720575940638863093,cell_class,AN,494,400,0.25,0.14285714285714285,0.1,0.09716599190283401,0.8178137651821862,0.018218623481781375,0.010121457489878543,0.05668016194331984,0.0,0.0,False,True,False,False,False,,
720575940638863093,cell_class,AN,494,400,0.25,0.04,0.01,0.09716599190283401,0.8178137651821862,0.018218623481781375,0.010121457489878543,0.05668016194331984,0.0,0.0,True,True,True,True,True,,
720575940638863093,cell_class,AN,494,400,0.25,0.04,0.05,0.09716599190283401,0.8178137651821862,0.018218623481781375,0.010121457489878543,0.05668016194331984,0.0,0.0,False,True,False,False,False,,
720575940638863093,cell_class,AN,494,400,0.25,0.04,0.1,0.09716599190283401,0.8178137651821862,0.018218623481781375,0.010121457489878543,0.05668016194331984,0.0,0.0,False,True,False,False,False,,
720575940638863093,cell_class,AN,494,400,0.25,0.02,0.01,0.09716599190283401,0.8178137651821862,0.018218623481781375,0.010121457489878543,0.05668016194331984,0.0,0.0,True,True,True,True,False,,
720575940638863093,cell_class,AN,494,400,0.25,0.02,0.05,0.09716599190283401,0.8178137651821862,0.018218623481781375,0.010121457489878543,0.05668016194331984,0.0,0.0,False,True,False,False,False,,
720575940638863093,cell_class,AN,494,400,0.25,0.02,0.1,0.09716599190283401,0.8178137651821862,0.018218623481781375,0.010121457489878543,0.05668016194331984,0.0,0.0,False,False,False,False,False,,
720575940638863093,cell_class,AN,494,400,0.25,0.01,0.01,0.09716599190283401,0.8178137651821862,0.018218623481781375,0.010121457489878543,0.05668016194331984,0.0,0.0,True,True,True,True,False,,
720575940638863093,cell_class,AN,494,400,0.25,0.01,0.05,0.09716599190283401,0.8178137651821862,0.018218623481781375,0.010121457489878543,0.05668016194331984,0.0,0.0,False,False,False,False,False,,
720575940638863093,cell_class,AN,494,400,0.25,0.01,0.1,0.09716599190283401,0.8178137651821862,0.018218623481781375,0.010121457489878543,0.05668016194331984,0.0,0.0,False,False,False,False,False,,
720575940613533234,cell_class,AN,447,400,0.25,0.14285714285714285,0.01,0.017897091722595078,0.6666666666666666,0.06711409395973154,0.0022371364653243847,0.21923937360178972,0.026845637583892617,0.0,True,True,True,,True,True,
720575940613533234,cell_class,AN,447,400,0.25,0.14285714285714285,0.05,0.017897091722595078,0.6666666666666666,0.06711409395973154,0.0022371364653243847,0.21923937360178972,0.026845637583892617,0.0,False,True,False,,True,False,
720575940613533234,cell_class,AN,447,400,0.25,0.14285714285714285,0.1,0.017897091722595078,0.6666666666666666,0.06711409395973154,0.0022371364653243847,0.21923937360178972,0.026845637583892617,0.0,False,True,False,,False,False,
720575940613533234,cell_class,AN,447,400,0.25,0.04,0.01,0.017897091722595078,0.6666666666666666,0.06711409395973154,0.0022371364653243847,0.21923937360178972,0.026845637583892617,0.0,True,True,True,,True,True,
720575940613533234,cell_class,AN,447,400,0.25,0.04,0.05,0.017897091722595078,0.6666666666666666,0.06711409395973154,0.0022371364653243847,0.21923937360178972,0.026845637583892617,0.0,False,True,False,,False,False,
720575940613533234,cell_class,AN,447,400,0.25,0.04,0.1,0.017897091722595078,0.6666666666666666,0.06711409395973154,0.0022371364653243847,0.21923937360178972,0.026845637583892617,0.0,False,True,False,,False,False,
720575940613533234,cell_class,AN,447,400,0.25,0.02,0.01,0.017897091722595078,0.6666666666666666,0.06711409395973154,0.0022371364653243847,0.21923937360178972,0.026845637583892617,0.0,True,True,True,,True,False,
720575940613533234,cell_class,AN,447,400,0.25,0.02,0.05,0.017897091722595078,0.6666666666666666,0.06711409395973154,0.0022371364653243847,0.21923937360178972,0.026845637583892617,0.0,False,True,False,,False,False,
720575940613533234,cell_class,AN,447,400,0.25,0.02,0.1,0.017897091722595078,0.6666666666666666,0.06711409395973154,0.0022371364653243847,0.21923937360178972,0.026845637583892617,0.0,False,False,False,,False,False,
720575940613533234,cell_class,AN,447,400,0.25,0.01,0.01,0.017897091722595078,0.6666666666666666,0.06711409395973154,0.0022371364653243847,0.21923937360178972,0.026845637583892617,0.0,True,True,True,,True,False,
720575940613533234,cell_class,AN,447,400,0.25,0.01,0.05,0.017897091722595078,0.6666666666666666,0.06711409395973154,0.0022371364653243847,0.21923937360178972,0.026845637583892617,0.0,False,False,False,,False,False,
720575940613533234,cell_class,AN,447,400,0.25,0.01,0.1,0.017897091722595078,0.6666666666666666,0.06711409395973154,0.0022371364653243847,0.21923937360178972,0.026845637583892617,0.0,False,False,False,,False,False,
720575940613749702,cell_class,AN,3342,400,0.25,0.14285714285714285,0.01,0.5975463794135248,0.17803710353081986,0.21603830041891084,0.0,0.004488330341113106,0.0038898862956313583,0.0,True,True,True,,False,False,
720575940613749702,cell_class,AN,3342,400,0.25,0.14285714285714285,0.05,0.5975463794135248,0.17803710353081986,0.21603830041891084,0.0,0.004488330341113106,0.0038898862956313583,0.0,True,True,True,,False,False,
720575940613749702,cell_class,AN,3342,400,0.25,0.14285714285714285,0.1,0.5975463794135248,0.17803710353081986,0.21603830041891084,0.0,0.004488330341113106,0.0038898862956313583,0.0,True,False,False,,False,False,
720575940613749702,cell_class,AN,3342,400,0.25,0.04,0.01,0.5975463794135248,0.17803710353081986,0.21603830041891084,0.0,0.004488330341113106,0.0038898862956313583,0.0,True,True,True,,False,False,
720575940613749702,cell_class,AN,3342,400,0.25,0.04,0.05,0.5975463794135248,0.17803710353081986,0.21603830041891084,0.0,0.004488330341113106,0.0038898862956313583,0.0,True,False,False,,False,False,
720575940613749702,cell_class,AN,3342,400,0.25,0.04,0.1,0.5975463794135248,0.17803710353081986,0.21603830041891084,0.0,0.004488330341113106,0.0038898862956313583,0.0,True,False,False,,False,False,
720575940613749702,cell_class,AN,3342,400,0.25,0.02,0.01,0.5975463794135248,0.17803710353081986,0.21603830041891084,0.0,0.004488330341113106,0.0038898862956313583,0.0,True,True,True,,False,False,
720575940613749702,cell_class,AN,3342,400,0.25,0.02,0.05,0.5975463794135248,0.17803710353081986,0.21603830041891084,0.0,0.004488330341113106,0.0038898862956313583,0.0,False,False,False,,False,False,
720575940613749702,cell_class,AN,3342,400,0.25,0.02,0.1,0.5975463794135248,0.17803710353081986,0.21603830041891084,0.0,0.004488330341113106,0.0038898862956313583,0.0,False,False,False,,False,False,
720575940613749702,cell_class,AN,3342,400,0.25,0.01,0.01,0.5975463794135248,0.17803710353081986,0.21603830041891084,0.0,0.004488330341113106,0.0038898862956313583,0.0,True,True,True,,False,False,
720575940613749702,cell_class,AN,3342,400,0.25,0.01,0.05,0.5975463794135248,0.17803710353081986,0.21603830041891084,0.0,0.004488330341113106,0.0038898862956313583,0.0,False,False,False,,False,False,
720575940613749702,cell_class,AN,3342,400,0.25,0.01,0.1,0.5975463794135248,0.17803710353081986,0.21603830041891084,0.0,0.004488330341113106,0.0038898862956313583,0.0,False,False,False,,False,False,
720575940652617121,cell_class,AN,1895,400,0.25,0.14285714285714285,0.01,0.6522427440633245,0.19947229551451187,0.13139841688654352,0.002638522427440633,0.011609498680738786,0.002638522427440633,0.0,True,True,True,False,False,False,
720575940652617121,cell_class,AN,1895,400,0.25,0.14285714285714285,0.05,0.6522427440633245,0.19947229551451187,0.13139841688654352,0.002638522427440633,0.011609498680738786,0.002638522427440633,0.0,True,True,False,False,False,False,
720575940652617121,cell_class,AN,1895,400,0.25,0.14285714285714285,0.1,0.6522427440633245,0.19947229551451187,0.13139841688654352,0.002638522427440633,0.011609498680738786,0.002638522427440633,0.0,True,False,False,False,False,False,
720575940652617121,cell_class,AN,1895,400,0.25,0.04,0.01,0.6522427440633245,0.19947229551451187,0.13139841688654352,0.002638522427440633,0.011609498680738786,0.002638522427440633,0.0,True,True,True,False,False,False,
720575940652617121,cell_class,AN,1895,400,0.25,0.04,0.05,0.6522427440633245,0.19947229551451187,0.13139841688654352,0.002638522427440633,0.011609498680738786,0.002638522427440633,0.0,True,False,False,False,False,False,
720575940652617121,cell_class,AN,1895,400,0.25,0.04,0.1,0.6522427440633245,0.19947229551451187,0.13139841688654352,0.002638522427440633,0.011609498680738786,0.002638522427440633,0.0,False,False,False,False,False,False,
720575940652617121,cell_class,AN,1895,400,0.25,0.02,0.01,0.6522427440633245,0.19947229551451187,0.13139841688654352,0.002638522427440633,0.011609498680738786,0.002638522427440633,0.0,True,True,True,False,False,False,
720575940652617121,cell_class,AN,1895,400,0.25,0.02,0.05,0.6522427440633245,0.19947229551451187,0.13139841688654352,0.002638522427440633,0.011609498680738786,0.002638522427440633,0.0,True,False,False,False,False,False,
720575940652617121,cell_class,AN,1895,400,0.25,0.02,0.1,0.6522427440633245,0.19947229551451187,0.13139841688654352,0.002638522427440633,0.011609498680738786,0.002638522427440633,0.0,False,False,False,False,False,False,
720575940652617121,cell_class,AN,1895,400,0.25,0.01,0.01,0.6522427440633245,0.19947229551451187,0.13139841688654352,0.002638522427440633,0.011609498680738786,0.002638522427440633,0.0,True,True,True,False,False,False,
720575940652617121,cell_class,AN,1895,400,0.25,0.01,0.05,0.6522427440633245,0.19947229551451187,0.13139841688654352,0.002638522427440633,0.011609498680738786,0.002638522427440633,0.0,False,False,False,False,False,False,
720575940652617121,cell_class,AN,1895,400,0.25,0.01,0.1,0.6522427440633245,0.19947229551451187,0.13139841688654352,0.002638522427440633,0.011609498680738786,0.002638522427440633,0.0,False,False,False,False,False,False,
720575940625905660,cell_class,AN,840,400,0.25,0.14285714285714285,0.01,0.08571428571428572,0.0988095238095238,0.5297619047619048,0.005952380952380952,0.1488095238095238,0.13095238095238096,0.0,True,True,True,False,True,True,
720575940625905660,cell_class,AN,840,400,0.25,0.14285714285714285,0.05,0.08571428571428572,0.0988095238095238,0.5297619047619048,0.005952380952380952,0.1488095238095238,0.13095238095238096,0.0,False,False,True,False,True,True,
720575940625905660,cell_class,AN,840,400,0.25,0.14285714285714285,0.1,0.08571428571428572,0.0988095238095238,0.5297619047619048,0.005952380952380952,0.1488095238095238,0.13095238095238096,0.0,False,False,True,False,False,False,
720575940625905660,cell_class,AN,840,400,0.25,0.04,0.01,0.08571428571428572,0.0988095238095238,0.5297619047619048,0.005952380952380952,0.1488095238095238,0.13095238095238096,0.0,True,True,True,False,True,True,
720575940625905660,cell_class,AN,840,400,0.25,0.04,0.05,0.08571428571428572,0.0988095238095238,0.5297619047619048,0.005952380952380952,0.1488095238095238,0.13095238095238096,0.0,False,False,True,False,False,False,
720575940625905660,cell_class,AN,840,400,0.25,0.04,0.1,0.08571428571428572,0.0988095238095238,0.5297619047619048,0.005952380952380952,0.1488095238095238,0.13095238095238096,0.0,False,False,False,False,False,False,
720575940625905660,cell_class,AN,840,400,0.25,0.02,0.01,0.08571428571428572,0.0988095238095238,0.5297619047619048,0.005952380952380952,0.1488095238095238,0.13095238095238096,0.0,True,True,True,False,True,True,
720575940625905660,cell_class,AN,840,400,0.25,0.02,0.05,0.08571428571428572,0.0988095238095238,0.5297619047619048,0.005952380952380952,0.1488095238095238,0.13095238095238096,0.0,False,False,False,False,False,False,
720575940625905660,cell_class,AN,840,400,0.25,0.02,0.1,0.08571428571428572,0.0988095238095238,0.5297619047619048,0.005952380952380952,0.1488095238095238,0.13095238095238096,0.0,False,False,False,False,False,False,
720575940625905660,cell_class,AN,840,400,0.25,0.01,0.01,0.08571428571428572,0.0988095238095238,0.5297619047619048,0.005952380952380952,0.1488095238095238,0.13095238095238096,0.0,True,True,True,False,False,True,
720575940625905660,cell_class,AN,840,400,0.25,0.01,0.05,0.08571428571428572,0.0988095238095238,0.5297619047619048,0.005952380952380952,0.1488095238095238,0.13095238095238096,0.0,False,False,False,False,False,False,
720575940625905660,cell_class,AN,840,400,0.25,0.01,0.1,0.08571428571428572,0.0988095238095238,0.5297619047619048,0.005952380952380952,0.1488095238095238,0.13095238095238096,0.0,False,False,False,False,False,False,
720575940630060831,cell_class,AN,702,400,0.25,0.14285714285714285,0.01,0.007122507122507123,0.13105413105413105,0.7777777777777778,0.0014245014245014246,0.0811965811965812,0.0014245014245014246,0.0,False,True,True,,True,,
720575940630060831,cell_class,AN,702,400,0.25,0.14285714285714285,0.05,0.007122507122507123,0.13105413105413105,0.7777777777777778,0.0014245014245014246,0.0811965811965812,0.0014245014245014246,0.0,False,False,True,,False,,
720575940630060831,cell_class,AN,702,400,0.25,0.14285714285714285,0.1,0.007122507122507123,0.13105413105413105,0.7777777777777778,0.0014245014245014246,0.0811965811965812,0.0014245014245014246,0.0,False,False,True,,False,,
720575940630060831,cell_class,AN,702,400,0.25,0.04,0.01,0.007122507122507123,0.13105413105413105,0.7777777777777778,0.0014245014245014246,0.0811965811965812,0.0014245014245014246,0.0,False,True,True,,True,,
720575940630060831,cell_class,AN,702,400,0.25,0.04,0.05,0.007122507122507123,0.13105413105413105,0.7777777777777778,0.0014245014245014246,0.0811965811965812,0.0014245014245014246,0.0,False,False,True,,False,,
720575940630060831,cell_class,AN,702,400,0.25,0.04,0.1,0.007122507122507123,0.13105413105413105,0.7777777777777778,0.0014245014245014246,0.0811965811965812,0.0014245014245014246,0.0,False,False,False,,False,,
720575940630060831,cell_class,AN,702,400,0.25,0.02,0.01,0.007122507122507123,0.13105413105413105,0.7777777777777778,0.0014245014245014246,0.0811965811965812,0.0014245014245014246,0.0,False,True,True,,True,,
720575940630060831,cell_class,AN,702,400,0.25,0.02,0.05,0.007122507122507123,0.13105413105413105,0.7777777777777778,0.0014245014245014246,0.0811965811965812,0.0014245014245014246,0.0,False,False,True,,False,,
720575940630060831,cell_class,AN,702,400,0.25,0.02,0.1,0.007122507122507123,0.13105413105413105,0.7777777777777778,0.0014245014245014246,0.0811965811965812,0.0014245014245014246,0.0,False,False,False,,False,,
720575940630060831,cell_class,AN,702,400,0.25,0.01,0.01,0.007122507122507123,0.13105413105413105,0.7777777777777778,0.0014245014245014246,0.0811965811965812,0.0014245014245014246,0.0,False,True,True,,True,,
720575940630060831,cell_class,AN,702,400,0.25,0.01,0.05,0.007122507122507123,0.13105413105413105,0.7777777777777778,0.0014245014245014246,0.0811965811965812,0.0014245014245014246,0.0,False,False,False,,False,,
720575940630060831,cell_class,AN,702,400,0.25,0.01,0.1,0.007122507122507123,0.13105413105413105,0.7777777777777778,0.0014245014245014246,0.0811965811965812,0.0014245014245014246,0.0,False,False,False,,False,,
720575940612869087,cell_class,AN,983,400,0.25,0.14285714285714285,0.01,0.022380467955239063,0.9064089521871821,0.01627670396744659,0.0,0.042726347914547304,0.012207527975584944,0.0,False,True,True,,True,False,
720575940612869087,cell_class,AN,983,400,0.25,0.14285714285714285,0.05,0.022380467955239063,0.9064089521871821,0.01627670396744659,0.0,0.042726347914547304,0.012207527975584944,0.0,False,True,False,,False,False,
720575940612869087,cell_class,AN,983,400,0.25,0.14285714285714285,0.1,0.022380467955239063,0.9064089521871821,0.01627670396744659,0.0,0.042726347914547304,0.012207527975584944,0.0,False,True,False,,False,False,
720575940612869087,cell_class,AN,983,400,0.25,0.04,0.01,0.022380467955239063,0.9064089521871821,0.01627670396744659,0.0,0.042726347914547304,0.012207527975584944,0.0,False,True,True,,False,False,
720575940612869087,cell_class,AN,983,400,0.25,0.04,0.05,0.022380467955239063,0.9064089521871821,0.01627670396744659,0.0,0.042726347914547304,0.012207527975584944,0.0,False,True,False,,False,False,
720575940612869087,cell_class,AN,983,400,0.25,0.04,0.1,0.022380467955239063,0.9064089521871821,0.01627670396744659,0.0,0.042726347914547304,0.012207527975584944,0.0,False,False,False,,False,False,
720575940612869087,cell_class,AN,983,400,0.25,0.02,0.01,0.022380467955239063,0.9064089521871821,0.01627670396744659,0.0,0.042726347914547304,0.012207527975584944,0.0,False,True,True,,False,False,
720575940612869087,cell_class,AN,983,400,0.25,0.02,0.05,0.022380467955239063,0.9064089521871821,0.01627670396744659,0.0,0.042726347914547304,0.012207527975584944,0.0,False,True,False,,False,False,
720575940612869087,cell_class,AN,983,400,0.25,0.02,0.1,0.022380467955239063,0.9064089521871821,0.01627670396744659,0.0,0.042726347914547304,0.012207527975584944,0.0,False,False,False,,False,False,
720575940612869087,cell_class,AN,983,400,0.25,0.01,0.01,0.022380467955239063,0.9064089521871821,0.01627670396744659,0.0,0.042726347914547304,0.012207527975584944,0.0,False,True,True,,False,False,
720575940612869087,cell_class,AN,983,400,0.25,0.01,0.05,0.022380467955239063,0.9064089521871821,0.01627670396744659,0.0,0.042726347914547304,0.012207527975584944,0.0,False,False,False,,False,False,
720575940612869087,cell_class,AN,983,400,0.25,0.01,0.1,0.022380467955239063,0.9064089521871821,0.01627670396744659,0.0,0.042726347914547304,0.012207527975584944,0.0,False,False,False,,False,False,
720575940619800560,cell_class,AN,477,400,0.25,0.14285714285714285,0.01,0.050314465408805034,0.7148846960167715,0.06289308176100629,0.008385744234800839,0.15513626834381553,0.008385744234800839,0.0,True,True,True,False,True,False,
720575940619800560,cell_class,AN,477,400,0.25,0.14285714285714285,0.05,0.050314465408805034,0.7148846960167715,0.06289308176100629,0.008385744234800839,0.15513626834381553,0.008385744234800839,0.0,False,True,False,False,True,False,
720575940619800560,cell_class,AN,477,400,0.25,0.14285714285714285,0.1,0.050314465408805034,0.7148846960167715,0.06289308176100629,0.008385744234800839,0.15513626834381553,0.008385744234800839,0.0,False,True,False,False,False,False,
720575940619800560,cell_class,AN,477,400,0.25,0.04,0.01,0.050314465408805034,0.7148846960167715,0.06289308176100629,0.008385744234800839,0.15513626834381553,0.008385744234800839,0.0,True,True,True,False,True,False,
720575940619800560,cell_class,AN,477,400,0.25,0.04,0.05,0.050314465408805034,0.7148846960167715,0.06289308176100629,0.008385744234800839,0.15513626834381553,0.008385744234800839,0.0,False,True,False,False,False,False,
720575940619800560,cell_class,AN,477,400,0.25,0.04,0.1,0.050314465408805034,0.7148846960167715,0.06289308176100629,0.008385744234800839,0.15513626834381553,0.008385744234800839,0.0,False,False,False,False,False,False,
720575940619800560,cell_class,AN,477,400,0.25,0.02,0.01,0.050314465408805034,0.7148846960167715,0.06289308176100629,0.008385744234800839,0.15513626834381553,0.008385744234800839,0.0,False,True,True,False,True,False,
720575940619800560,cell_class,AN,477,400,0.25,0.02,0.05,0.050314465408805034,0.7148846960167715,0.06289308176100629,0.008385744234800839,0.15513626834381553,0.008385744234800839,0.0,False,True,False,False,False,False,
720575940619800560,cell_class,AN,477,400,0.25,0.02,0.1,0.050314465408805034,0.7148846960167715,0.06289308176100629,0.008385744234800839,0.15513626834381553,0.008385744234800839,0.0,False,False,False,False,False,False,
720575940619800560,cell_class,AN,477,400,0.25,0.01,0.01,0.050314465408805034,0.7148846960167715,0.06289308176100629,0.008385744234800839,0.15513626834381553,0.008385744234800839,0.0,False,True,True,False,True,False,
720575940619800560,cell_class,AN,477,400,0.25,0.01,0.05,0.050314465408805034,0.7148846960167715,0.06289308176100629,0.008385744234800839,0.15513626834381553,0.008385744234800839,0.0,False,True,False,False,False,False,
720575940619800560,cell_class,AN,477,400,0.25,0.01,0.1,0.050314465408805034,0.7148846960167715,0.06289308176100629,0.008385744234800839,0.15513626834381553,0.008385744234800839,0.0,False,False,False,False,False,False,
720575940618051237,cell_class,AN,869,400,0.25,0.14285714285714285,0.01,0.009205983889528193,0.05178365937859609,0.8181818181818182,0.0023014959723820483,0.10586881472957423,0.012658227848101266,0.0,False,True,True,False,True,False,
720575940618051237,cell_class,AN,869,400,0.25,0.14285714285714285,0.05,0.009205983889528193,0.05178365937859609,0.8181818181818182,0.0023014959723820483,0.10586881472957423,0.012658227848101266,0.0,False,False,True,False,False,False,
720575940618051237,cell_class,AN,869,400,0.25,0.14285714285714285,0.1,0.009205983889528193,0.05178365937859609,0.8181818181818182,0.0023014959723820483,0.10586881472957423,0.012658227848101266,0.0,False,False,True,False,False,False,
720575940618051237,cell_class,AN,869,400,0.25,0.04,0.01,0.009205983889528193,0.05178365937859609,0.8181818181818182,0.0023014959723820483,0.10586881472957423,0.012658227848101266,0.0,False,True,True,False,True,False,
720575940618051237,cell_class,AN,869,400,0.25,0.04,0.05,0.009205983889528193,0.05178365937859609,0.8181818181818182,0.0023014959723820483,0.10586881472957423,0.012658227848101266,0.0,False,False,True,False,False,False,
720575940618051237,cell_class,AN,869,400,0.25,0.04,0.1,0.009205983889528193,0.05178365937859609,0.8181818181818182,0.0023014959723820483,0.10586881472957423,0.012658227848101266,0.0,False,False,False,False,False,False,
720575940618051237,cell_class,AN,869,400,0.25,0.02,0.01,0.009205983889528193,0.05178365937859609,0.8181818181818182,0.0023014959723820483,0.10586881472957423,0.012658227848101266,0.0,False,True,True,False,True,False,
720575940618051237,cell_class,AN,869,400,0.25,0.02,0.05,0.009205983889528193,0.05178365937859609,0.8181818181818182,0.0023014959723820483,0.10586881472957423,0.012658227848101266,0.0,False,False,True,False,False,False,
720575940618051237,cell_class,AN,869,400,0.25,0.02,0.1,0.009205983889528193,0.05178365937859609,0.8181818181818182,0.0023014959723820483,0.10586881472957423,0.012658227848101266,0.0,False,False,False,False,False,False,
720575940618051237,cell_class,AN,869,400,0.25,0.01,0.01,0.009205983889528193,0.05178365937859609,0.8181818181818182,0.0023014959723820483,0.10586881472957423,0.012658227848101266,0.0,False,False,True,False,False,False,
720575940618051237,cell_class,AN,869,400,0.25,0.01,0.05,0.009205983889528193,0.05178365937859609,0.8181818181818182,0.0023014959723820483,0.10586881472957423,0.012658227848101266,0.0,False,False,False,False,False,False,
720575940618051237,cell_class,AN,869,400,0.25,0.01,0.1,0.009205983889528193,0.05178365937859609,0.8181818181818182,0.0023014959723820483,0.10586881472957423,0.012658227848101266,0.0,False,False,False,False,False,False,
720575940630395852,cell_class,AN,646,400,0.25,0.14285714285714285,0.01,0.010835913312693499,0.7538699690402477,0.19659442724458204,0.0,0.034055727554179564,0.0046439628482972135,0.0,False,True,True,,True,False,
720575940630395852,cell_class,AN,646,400,0.25,0.14285714285714285,0.05,0.010835913312693499,0.7538699690402477,0.19659442724458204,0.0,0.034055727554179564,0.0046439628482972135,0.0,False,True,True,,False,False,
720575940630395852,cell_class,AN,646,400,0.25,0.14285714285714285,0.1,0.010835913312693499,0.7538699690402477,0.19659442724458204,0.0,0.034055727554179564,0.0046439628482972135,0.0,False,True,False,,False,False,
720575940630395852,cell_class,AN,646,400,0.25,0.04,0.01,0.010835913312693499,0.7538699690402477,0.19659442724458204,0.0,0.034055727554179564,0.0046439628482972135,0.0,False,True,True,,True,False,
720575940630395852,cell_class,AN,646,400,0.25,0.04,0.05,0.010835913312693499,0.7538699690402477,0.19659442724458204,0.0,0.034055727554179564,0.0046439628482972135,0.0,False,True,True,,False,False,
720575940630395852,cell_class,AN,646,400,0.25,0.04,0.1,0.010835913312693499,0.7538699690402477,0.19659442724458204,0.0,0.034055727554179564,0.0046439628482972135,0.0,False,True,False,,False,False,
720575940630395852,cell_class,AN,646,400,0.25,0.02,0.01,0.010835913312693499,0.7538699690402477,0.19659442724458204,0.0,0.034055727554179564,0.0046439628482972135,0.0,False,True,True,,True,False,
720575940630395852,cell_class,AN,646,400,0.25,0.02,0.05,0.010835913312693499,0.7538699690402477,0.19659442724458204,0.0,0.034055727554179564,0.0046439628482972135,0.0,False,True,False,,False,False,
720575940630395852,cell_class,AN,646,400,0.25,0.02,0.1,0.010835913312693499,0.7538699690402477,0.19659442724458204,0.0,0.034055727554179564,0.0046439628482972135,0.0,False,True,False,,False,False,
720575940630395852,cell_class,AN,646,400,0.25,0.01,0.01,0.010835913312693499,0.7538699690402477,0.19659442724458204,0.0,0.034055727554179564,0.0046439628482972135,0.0,False,True,True,,True,False,
720575940630395852,cell_class,AN,646,400,0.25,0.01,0.05,0.010835913312693499,0.7538699690402477,0.19659442724458204,0.0,0.034055727554179564,0.0046439628482972135,0.0,False,False,False,,False,False,
720575940630395852,cell_class,AN,646,400,0.25,0.01,0.1,0.010835913312693499,0.7538699690402477,0.19659442724458204,0.0,0.034055727554179564,0.0046439628482972135,0.0,False,False,False,,False,False,
720575940620967679,cell_class,AN,945,400,0.25,0.14285714285714285,0.01,0.008465608465608466,0.4666666666666667,0.47724867724867726,0.0,0.03492063492063492,0.012698412698412698,0.0,False,True,True,,True,False,
720575940620967679,cell_class,AN,945,400,0.25,0.14285714285714285,0.05,0.008465608465608466,0.4666666666666667,0.47724867724867726,0.0,0.03492063492063492,0.012698412698412698,0.0,False,True,True,,False,False,
720575940620967679,cell_class,AN,945,400,0.25,0.14285714285714285,0.1,0.008465608465608466,0.4666666666666667,0.47724867724867726,0.0,0.03492063492063492,0.012698412698412698,0.0,False,True,True,,False,False,
720575940620967679,cell_class,AN,945,400,0.25,0.04,0.01,0.008465608465608466,0.4666666666666667,0.47724867724867726,0.0,0.03492063492063492,0.012698412698412698,0.0,False,True,True,,True,False,
720575940620967679,cell_class,AN,945,400,0.25,0.04,0.05,0.008465608465608466,0.4666666666666667,0.47724867724867726,0.0,0.03492063492063492,0.012698412698412698,0.0,False,True,True,,False,False,
720575940620967679,cell_class,AN,945,400,0.25,0.04,0.1,0.008465608465608466,0.4666666666666667,0.47724867724867726,0.0,0.03492063492063492,0.012698412698412698,0.0,False,False,False,,False,False,
720575940620967679,cell_class,AN,945,400,0.25,0.02,0.01,0.008465608465608466,0.4666666666666667,0.47724867724867726,0.0,0.03492063492063492,0.012698412698412698,0.0,False,True,True,,False,False,
720575940620967679,cell_class,AN,945,400,0.25,0.02,0.05,0.008465608465608466,0.4666666666666667,0.47724867724867726,0.0,0.03492063492063492,0.012698412698412698,0.0,False,False,False,,False,False,
720575940620967679,cell_class,AN,945,400,0.25,0.02,0.1,0.008465608465608466,0.4666666666666667,0.47724867724867726,0.0,0.03492063492063492,0.012698412698412698,0.0,False,False,False,,False,False,
720575940620967679,cell_class,AN,945,400,0.25,0.01,0.01,0.008465608465608466,0.4666666666666667,0.47724867724867726,0.0,0.03492063492063492,0.012698412698412698,0.0,False,True,True,,False,False,
720575940620967679,cell_class,AN,945,400,0.25,0.01,0.05,0.008465608465608466,0.4666666666666667,0.47724867724867726,0.0,0.03492063492063492,0.012698412698412698,0.0,False,False,False,,False,False,
720575940620967679,cell_class,AN,945,400,0.25,0.01,0.1,0.008465608465608466,0.4666666666666667,0.47724867724867726,0.0,0.03492063492063492,0.012698412698412698,0.0,False,False,False,,False,False,
