root_id,classification_system,cell_type,num_synapses,min_synapses,softmax_threshold,bandwidth_quantile_value,min_synapses_ratio_value,GABA_ratio,ACh_ratio,Glut_ratio,Oct_ratio,Ser_ratio,DA_ratio,Unknown_ratio,GABA_clusters,ACh_clusters,Glut_clusters,Ser_clusters,Oct_clusters,DA_clusters,Unknown_clusters
720575940627108967,cell_class,AN,520,400,0.25,0.14285714285714285,0.01,0.07115384615384615,0.8538461538461538,0.015384615384615385,0.0019230769230769232,0.05576923076923077,0.0019230769230769232,0.0,True,True,False,True,,,
720575940627108967,cell_class,AN,520,400,0.25,0.14285714285714285,0.05,0.07115384615384615,0.8538461538461538,0.015384615384615385,0.0019230769230769232,0.05576923076923077,0.0019230769230769232,0.0,False,True,False,False,,,
720575940627108967,cell_class,AN,520,400,0.25,0.14285714285714285,0.1,0.07115384615384615,0.8538461538461538,0.015384615384615385,0.0019230769230769232,0.05576923076923077,0.0019230769230769232,0.0,False,True,False,False,,,
720575940627108967,cell_class,AN,520,400,0.25,0.04,0.01,0.07115384615384615,0.8538461538461538,0.015384615384615385,0.0019230769230769232,0.05576923076923077,0.0019230769230769232,0.0,True,True,False,True,,,
720575940627108967,cell_class,AN,520,400,0.25,0.04,0.05,0.07115384615384615,0.8538461538461538,0.015384615384615385,0.0019230769230769232,0.05576923076923077,0.0019230769230769232,0.0,False,True,False,False,,,
720575940627108967,cell_class,AN,520,400,0.25,0.04,0.1,0.07115384615384615,0.8538461538461538,0.015384615384615385,0.0019230769230769232,0.05576923076923077,0.0019230769230769232,0.0,False,True,False,False,,,
720575940627108967,cell_class,AN,520,400,0.25,0.02,0.01,0.07115384615384615,0.8538461538461538,0.015384615384615385,0.0019230769230769232,0.05576923076923077,0.0019230769230769232,0.0,True,True,False,True,,,
720575940627108967,cell_class,AN,520,400,0.25,0.02,0.05,0.07115384615384615,0.8538461538461538,0.015384615384615385,0.0019230769230769232,0.05576923076923077,0.0019230769230769232,0.0,False,True,False,False,,,
720575940627108967,cell_class,AN,520,400,0.25,0.02,0.1,0.07115384615384615,0.8538461538461538,0.015384615384615385,0.0019230769230769232,0.05576923076923077,0.0019230769230769232,0.0,False,False,False,False,,,
720575940627108967,cell_class,AN,520,400,0.25,0.01,0.01,0.07115384615384615,0.8538461538461538,0.015384615384615385,0.0019230769230769232,0.05576923076923077,0.0019230769230769232,0.0,False,True,False,False,,,
720575940627108967,cell_class,AN,520,400,0.25,0.01,0.05,0.07115384615384615,0.8538461538461538,0.015384615384615385,0.0019230769230769232,0.05576923076923077,0.0019230769230769232,0.0,False,False,False,False,,,
720575940627108967,cell_class,AN,520,400,0.25,0.01,0.1,0.07115384615384615,0.8538461538461538,0.015384615384615385,0.0019230769230769232,0.05576923076923077,0.0019230769230769232,0.0,False,False,False,False,,,
720575940606401970,cell_class,AN,1026,400,0.25,0.14285714285714285,0.01,0.011695906432748537,0.310916179337232,0.09454191033138401,0.0029239766081871343,0.4766081871345029,0.1023391812865497,0.0009746588693957114,False,True,True,True,False,True,
720575940606401970,cell_class,AN,1026,400,0.25,0.14285714285714285,0.05,0.011695906432748537,0.310916179337232,0.09454191033138401,0.0029239766081871343,0.4766081871345029,0.1023391812865497,0.0009746588693957114,False,True,False,True,False,False,
720575940606401970,cell_class,AN,1026,400,0.25,0.14285714285714285,0.1,0.011695906432748537,0.310916179337232,0.09454191033138401,0.0029239766081871343,0.4766081871345029,0.1023391812865497,0.0009746588693957114,False,True,False,True,False,False,
720575940606401970,cell_class,AN,1026,400,0.25,0.04,0.01,0.011695906432748537,0.310916179337232,0.09454191033138401,0.0029239766081871343,0.4766081871345029,0.1023391812865497,0.0009746588693957114,False,True,True,True,False,True,
720575940606401970,cell_class,AN,1026,400,0.25,0.04,0.05,0.011695906432748537,0.310916179337232,0.09454191033138401,0.0029239766081871343,0.4766081871345029,0.1023391812865497,0.0009746588693957114,False,True,False,True,False,False,
720575940606401970,cell_class,AN,1026,400,0.25,0.04,0.1,0.011695906432748537,0.310916179337232,0.09454191033138401,0.0029239766081871343,0.4766081871345029,0.1023391812865497,0.0009746588693957114,False,False,False,False,False,False,
720575940606401970,cell_class,AN,1026,400,0.25,0.02,0.01,0.011695906432748537,0.310916179337232,0.09454191033138401,0.0029239766081871343,0.4766081871345029,0.1023391812865497,0.0009746588693957114,False,True,True,True,False,True,
720575940606401970,cell_class,AN,1026,400,0.25,0.02,0.05,0.011695906432748537,0.310916179337232,0.09454191033138401,0.0029239766081871343,0.4766081871345029,0.1023391812865497,0.0009746588693957114,False,False,False,False,False,False,
720575940606401970,cell_class,AN,1026,400,0.25,0.02,0.1,0.011695906432748537,0.310916179337232,0.09454191033138401,0.0029239766081871343,0.4766081871345029,0.1023391812865497,0.0009746588693957114,False,False,False,False,False,False,
720575940606401970,cell_class,AN,1026,400,0.25,0.01,0.01,0.011695906432748537,0.310916179337232,0.09454191033138401,0.0029239766081871343,0.4766081871345029,0.1023391812865497,0.0009746588693957114,False,True,True,True,False,True,
720575940606401970,cell_class,AN,1026,400,0.25,0.01,0.05,0.011695906432748537,0.310916179337232,0.09454191033138401,0.0029239766081871343,0.4766081871345029,0.1023391812865497,0.0009746588693957114,False,False,False,False,False,False,
720575940606401970,cell_class,AN,1026,400,0.25,0.01,0.1,0.011695906432748537,0.310916179337232,0.09454191033138401,0.0029239766081871343,0.4766081871345029,0.1023391812865497,0.0009746588693957114,False,False,False,False,False,False,
720575940620066142,cell_class,AN,1813,400,0.25,0.14285714285714285,0.01,0.004964147821290678,0.6756756756756757,0.12906784335355764,0.0027578599007170436,0.15444015444015444,0.03309431880860452,0.0,False,True,True,True,False,True,
720575940620066142,cell_class,AN,1813,400,0.25,0.14285714285714285,0.05,0.004964147821290678,0.6756756756756757,0.12906784335355764,0.0027578599007170436,0.15444015444015444,0.03309431880860452,0.0,False,True,True,True,False,False,
720575940620066142,cell_class,AN,1813,400,0.25,0.14285714285714285,0.1,0.004964147821290678,0.6756756756756757,0.12906784335355764,0.0027578599007170436,0.15444015444015444,0.03309431880860452,0.0,False,True,False,False,False,False,
720575940620066142,cell_class,AN,1813,400,0.25,0.04,0.01,0.004964147821290678,0.6756756756756757,0.12906784335355764,0.0027578599007170436,0.15444015444015444,0.03309431880860452,0.0,False,True,True,True,False,True,
720575940620066142,cell_class,AN,1813,400,0.25,0.04,0.05,0.004964147821290678,0.6756756756756757,0.12906784335355764,0.0027578599007170436,0.15444015444015444,0.03309431880860452,0.0,False,True,False,False,False,False,
720575940620066142,cell_class,AN,1813,400,0.25,0.04,0.1,0.004964147821290678,0.6756756756756757,0.12906784335355764,0.0027578599007170436,0.15444015444015444,0.03309431880860452,0.0,False,True,False,False,False,False,
720575940620066142,cell_class,AN,1813,400,0.25,0.02,0.01,0.004964147821290678,0.6756756756756757,0.12906784335355764,0.0027578599007170436,0.15444015444015444,0.03309431880860452,0.0,False,True,True,True,False,False,
720575940620066142,cell_class,AN,1813,400,0.25,0.02,0.05,0.004964147821290678,0.6756756756756757,0.12906784335355764,0.0027578599007170436,0.15444015444015444,0.03309431880860452,0.0,False,True,False,False,False,False,
720575940620066142,cell_class,AN,1813,400,0.25,0.02,0.1,0.004964147821290678,0.6756756756756757,0.12906784335355764,0.0027578599007170436,0.15444015444015444,0.03309431880860452,0.0,False,False,False,False,False,False,
720575940620066142,cell_class,AN,1813,400,0.25,0.01,0.01,0.004964147821290678,0.6756756756756757,0.12906784335355764,0.0027578599007170436,0.15444015444015444,0.03309431880860452,0.0,False,True,True,True,False,False,
720575940620066142,cell_class,AN,1813,400,0.25,0.01,0.05,0.004964147821290678,0.6756756756756757,0.12906784335355764,0.0027578599007170436,0.15444015444015444,0.03309431880860452,0.0,False,True,False,False,False,False,
720575940620066142,cell_class,AN,1813,400,0.25,0.01,0.1,0.004964147821290678,0.6756756756756757,0.12906784335355764,0.0027578599007170436,0.15444015444015444,0.03309431880860452,0.0,False,False,False,False,False,False,
720575940627697664,cell_class,AN,5573,400,0.25,0.14285714285714285,0.01,0.004485914229319935,0.8568096178001077,0.08379687780369639,0.0008971828458639871,0.029607033913511573,0.02440337340750045,0.0,False,True,True,False,False,False,
720575940627697664,cell_class,AN,5573,400,0.25,0.14285714285714285,0.05,0.004485914229319935,0.8568096178001077,0.08379687780369639,0.0008971828458639871,0.029607033913511573,0.02440337340750045,0.0,False,True,False,False,False,False,
720575940627697664,cell_class,AN,5573,400,0.25,0.14285714285714285,0.1,0.004485914229319935,0.8568096178001077,0.08379687780369639,0.0008971828458639871,0.029607033913511573,0.02440337340750045,0.0,False,True,False,False,False,False,
720575940627697664,cell_class,AN,5573,400,0.25,0.04,0.01,0.004485914229319935,0.8568096178001077,0.08379687780369639,0.0008971828458639871,0.029607033913511573,0.02440337340750045,0.0,False,True,True,False,False,False,
720575940627697664,cell_class,AN,5573,400,0.25,0.04,0.05,0.004485914229319935,0.8568096178001077,0.08379687780369639,0.0008971828458639871,0.029607033913511573,0.02440337340750045,0.0,False,True,False,False,False,False,
720575940627697664,cell_class,AN,5573,400,0.25,0.04,0.1,0.004485914229319935,0.8568096178001077,0.08379687780369639,0.0008971828458639871,0.029607033913511573,0.02440337340750045,0.0,False,False,False,False,False,False,
720575940627697664,cell_class,AN,5573,400,0.25,0.02,0.01,0.004485914229319935,0.8568096178001077,0.08379687780369639,0.0008971828458639871,0.029607033913511573,0.02440337340750045,0.0,False,True,True,False,False,False,
720575940627697664,cell_class,AN,5573,400,0.25,0.02,0.05,0.004485914229319935,0.8568096178001077,0.08379687780369639,0.0008971828458639871,0.029607033913511573,0.02440337340750045,0.0,False,False,False,False,False,False,
720575940627697664,cell_class,AN,5573,400,0.25,0.02,0.1,0.004485914229319935,0.8568096178001077,0.08379687780369639,0.0008971828458639871,0.029607033913511573,0.02440337340750045,0.0,False,False,False,False,False,False,
720575940627697664,cell_class,AN,5573,400,0.25,0.01,0.01,0.004485914229319935,0.8568096178001077,0.08379687780369639,0.0008971828458639871,0.029607033913511573,0.02440337340750045,0.0,False,True,True,False,False,False,
720575940627697664,cell_class,AN,5573,400,0.25,0.01,0.05,0.004485914229319935,0.8568096178001077,0.08379687780369639,0.0008971828458639871,0.029607033913511573,0.02440337340750045,0.0,False,False,False,False,False,False,
720575940627697664,cell_class,AN,5573,400,0.25,0.01,0.1,0.004485914229319935,0.8568096178001077,0.08379687780369639,0.0008971828458639871,0.029607033913511573,0.02440337340750045,0.0,False,False,False,False,False,False,
720575940628552054,cell_class,AN,5259,400,0.25,0.14285714285714285,0.01,0.007986309184255563,0.9347784749952462,0.03403688914242251,0.0030424034987640235,0.010077961589655828,0.010077961589655828,0.0,False,True,True,False,False,False,
720575940628552054,cell_class,AN,5259,400,0.25,0.14285714285714285,0.05,0.007986309184255563,0.9347784749952462,0.03403688914242251,0.0030424034987640235,0.010077961589655828,0.010077961589655828,0.0,False,True,False,False,False,False,
720575940628552054,cell_class,AN,5259,400,0.25,0.14285714285714285,0.1,0.007986309184255563,0.9347784749952462,0.03403688914242251,0.0030424034987640235,0.010077961589655828,0.010077961589655828,0.0,False,True,False,False,False,False,
720575940628552054,cell_class,AN,5259,400,0.25,0.04,0.01,0.007986309184255563,0.9347784749952462,0.03403688914242251,0.0030424034987640235,0.010077961589655828,0.010077961589655828,0.0,False,True,False,False,False,False,
720575940628552054,cell_class,AN,5259,400,0.25,0.04,0.05,0.007986309184255563,0.9347784749952462,0.03403688914242251,0.0030424034987640235,0.010077961589655828,0.010077961589655828,0.0,False,True,False,False,False,False,
720575940628552054,cell_class,AN,5259,400,0.25,0.04,0.1,0.007986309184255563,0.9347784749952462,0.03403688914242251,0.0030424034987640235,0.010077961589655828,0.010077961589655828,0.0,False,True,False,False,False,False,
720575940628552054,cell_class,AN,5259,400,0.25,0.02,0.01,0.007986309184255563,0.9347784749952462,0.03403688914242251,0.0030424034987640235,0.010077961589655828,0.010077961589655828,0.0,False,True,False,False,False,False,
720575940628552054,cell_class,AN,5259,400,0.25,0.02,0.05,0.007986309184255563,0.9347784749952462,0.03403688914242251,0.0030424034987640235,0.010077961589655828,0.010077961589655828,0.0,False,True,False,False,False,False,
720575940628552054,cell_class,AN,5259,400,0.25,0.02,0.1,0.007986309184255563,0.9347784749952462,0.03403688914242251,0.0030424034987640235,0.010077961589655828,0.010077961589655828,0.0,False,False,False,False,False,False,
720575940628552054,cell_class,AN,5259,400,0.25,0.01,0.01,0.007986309184255563,0.9347784749952462,0.03403688914242251,0.0030424034987640235,0.010077961589655828,0.010077961589655828,0.0,False,True,False,False,False,False,
720575940628552054,cell_class,AN,5259,400,0.25,0.01,0.05,0.007986309184255563,0.9347784749952462,0.03403688914242251,0.0030424034987640235,0.010077961589655828,0.010077961589655828,0.0,False,False,False,False,False,False,
720575940628552054,cell_class,AN,5259,400,0.25,0.01,0.1,0.007986309184255563,0.9347784749952462,0.03403688914242251,0.0030424034987640235,0.010077961589655828,0.010077961589655828,0.0,False,False,False,False,False,False,
720575940621013517,cell_class,AN,1052,400,0.25,0.14285714285714285,0.01,0.006653992395437262,0.9439163498098859,0.014258555133079848,0.0019011406844106464,0.03136882129277566,0.0019011406844106464,0.0,False,True,False,True,False,False,
720575940621013517,cell_class,AN,1052,400,0.25,0.14285714285714285,0.05,0.006653992395437262,0.9439163498098859,0.014258555133079848,0.0019011406844106464,0.03136882129277566,0.0019011406844106464,0.0,False,True,False,False,False,False,
720575940621013517,cell_class,AN,1052,400,0.25,0.14285714285714285,0.1,0.006653992395437262,0.9439163498098859,0.014258555133079848,0.0019011406844106464,0.03136882129277566,0.0019011406844106464,0.0,False,True,False,False,False,False,
720575940621013517,cell_class,AN,1052,400,0.25,0.04,0.01,0.006653992395437262,0.9439163498098859,0.014258555133079848,0.0019011406844106464,0.03136882129277566,0.0019011406844106464,0.0,False,True,False,True,False,False,
720575940621013517,cell_class,AN,1052,400,0.25,0.04,0.05,0.006653992395437262,0.9439163498098859,0.014258555133079848,0.0019011406844106464,0.03136882129277566,0.0019011406844106464,0.0,False,True,False,False,False,False,
720575940621013517,cell_class,AN,1052,400,0.25,0.04,0.1,0.006653992395437262,0.9439163498098859,0.014258555133079848,0.0019011406844106464,0.03136882129277566,0.0019011406844106464,0.0,False,True,False,False,False,False,
720575940621013517,cell_class,AN,1052,400,0.25,0.02,0.01,0.006653992395437262,0.9439163498098859,0.014258555133079848,0.0019011406844106464,0.03136882129277566,0.0019011406844106464,0.0,False,True,False,True,False,False,
720575940621013517,cell_class,AN,1052,400,0.25,0.02,0.05,0.006653992395437262,0.9439163498098859,0.014258555133079848,0.0019011406844106464,0.03136882129277566,0.0019011406844106464,0.0,False,True,False,False,False,False,
720575940621013517,cell_class,AN,1052,400,0.25,0.02,0.1,0.006653992395437262,0.9439163498098859,0.014258555133079848,0.0019011406844106464,0.03136882129277566,0.0019011406844106464,0.0,False,False,False,False,False,False,
720575940621013517,cell_class,AN,1052,400,0.25,0.01,0.01,0.006653992395437262,0.9439163498098859,0.014258555133079848,0.0019011406844106464,0.03136882129277566,0.0019011406844106464,0.0,False,True,False,False,False,False,
720575940621013517,cell_class,AN,1052,400,0.25,0.01,0.05,0.006653992395437262,0.9439163498098859,0.014258555133079848,0.0019011406844106464,0.03136882129277566,0.0019011406844106464,0.0,False,True,False,False,False,False,
720575940621013517,cell_class,AN,1052,400,0.25,0.01,0.1,0.006653992395437262,0.9439163498098859,0.014258555133079848,0.0019011406844106464,0.03136882129277566,0.0019011406844106464,0.0,False,False,False,False,False,False,
720575940631401698,cell_class,AN,459,400,0.25,0.14285714285714285,0.01,0.026143790849673203,0.7276688453159041,0.034858387799564274,0.0,0.20915032679738563,0.002178649237472767,0.0,True,True,True,True,,,
720575940631401698,cell_class,AN,459,400,0.25,0.14285714285714285,0.05,0.026143790849673203,0.7276688453159041,0.034858387799564274,0.0,0.20915032679738563,0.002178649237472767,0.0,False,True,False,False,,,
720575940631401698,cell_class,AN,459,400,0.25,0.14285714285714285,0.1,0.026143790849673203,0.7276688453159041,0.034858387799564274,0.0,0.20915032679738563,0.002178649237472767,0.0,False,True,False,False,,,
720575940631401698,cell_class,AN,459,400,0.25,0.04,0.01,0.026143790849673203,0.7276688453159041,0.034858387799564274,0.0,0.20915032679738563,0.002178649237472767,0.0,True,True,True,True,,,
720575940631401698,cell_class,AN,459,400,0.25,0.04,0.05,0.026143790849673203,0.7276688453159041,0.034858387799564274,0.0,0.20915032679738563,0.002178649237472767,0.0,False,True,False,False,,,
720575940631401698,cell_class,AN,459,400,0.25,0.04,0.1,0.026143790849673203,0.7276688453159041,0.034858387799564274,0.0,0.20915032679738563,0.002178649237472767,0.0,False,False,False,False,,,
720575940631401698,cell_class,AN,459,400,0.25,0.02,0.01,0.026143790849673203,0.7276688453159041,0.034858387799564274,0.0,0.20915032679738563,0.002178649237472767,0.0,True,True,True,True,,,
720575940631401698,cell_class,AN,459,400,0.25,0.02,0.05,0.026143790849673203,0.7276688453159041,0.034858387799564274,0.0,0.20915032679738563,0.002178649237472767,0.0,False,True,False,False,,,
720575940631401698,cell_class,AN,459,400,0.25,0.02,0.1,0.026143790849673203,0.7276688453159041,0.034858387799564274,0.0,0.20915032679738563,0.002178649237472767,0.0,False,False,False,False,,,
720575940631401698,cell_class,AN,459,400,0.25,0.01,0.01,0.026143790849673203,0.7276688453159041,0.034858387799564274,0.0,0.20915032679738563,0.002178649237472767,0.0,False,True,True,True,,,
720575940631401698,cell_class,AN,459,400,0.25,0.01,0.05,0.026143790849673203,0.7276688453159041,0.034858387799564274,0.0,0.20915032679738563,0.002178649237472767,0.0,False,False,False,False,,,
720575940631401698,cell_class,AN,459,400,0.25,0.01,0.1,0.026143790849673203,0.7276688453159041,0.034858387799564274,0.0,0.20915032679738563,0.002178649237472767,0.0,False,False,False,False,,,
720575940619801793,cell_class,AN,1424,400,0.25,0.14285714285714285,0.01,0.004213483146067416,0.9536516853932584,0.0,0.0028089887640449437,0.028089887640449437,0.011235955056179775,0.0,False,True,,True,False,False,
720575940619801793,cell_class,AN,1424,400,0.25,0.14285714285714285,0.05,0.004213483146067416,0.9536516853932584,0.0,0.0028089887640449437,0.028089887640449437,0.011235955056179775,0.0,False,True,,False,False,False,
720575940619801793,cell_class,AN,1424,400,0.25,0.14285714285714285,0.1,0.004213483146067416,0.9536516853932584,0.0,0.0028089887640449437,0.028089887640449437,0.011235955056179775,0.0,False,True,,False,False,False,
720575940619801793,cell_class,AN,1424,400,0.25,0.04,0.01,0.004213483146067416,0.9536516853932584,0.0,0.0028089887640449437,0.028089887640449437,0.011235955056179775,0.0,False,True,,False,False,False,
720575940619801793,cell_class,AN,1424,400,0.25,0.04,0.05,0.004213483146067416,0.9536516853932584,0.0,0.0028089887640449437,0.028089887640449437,0.011235955056179775,0.0,False,True,,False,False,False,
720575940619801793,cell_class,AN,1424,400,0.25,0.04,0.1,0.004213483146067416,0.9536516853932584,0.0,0.0028089887640449437,0.028089887640449437,0.011235955056179775,0.0,False,False,,False,False,False,
720575940619801793,cell_class,AN,1424,400,0.25,0.02,0.01,0.004213483146067416,0.9536516853932584,0.0,0.0028089887640449437,0.028089887640449437,0.011235955056179775,0.0,False,True,,False,False,False,
720575940619801793,cell_class,AN,1424,400,0.25,0.02,0.05,0.004213483146067416,0.9536516853932584,0.0,0.0028089887640449437,0.028089887640449437,0.011235955056179775,0.0,False,True,,False,False,False,
720575940619801793,cell_class,AN,1424,400,0.25,0.02,0.1,0.004213483146067416,0.9536516853932584,0.0,0.0028089887640449437,0.028089887640449437,0.011235955056179775,0.0,False,False,,False,False,False,
720575940619801793,cell_class,AN,1424,400,0.25,0.01,0.01,0.004213483146067416,0.9536516853932584,0.0,0.0028089887640449437,0.028089887640449437,0.011235955056179775,0.0,False,True,,False,False,False,
720575940619801793,cell_class,AN,1424,400,0.25,0.01,0.05,0.004213483146067416,0.9536516853932584,0.0,0.0028089887640449437,0.028089887640449437,0.011235955056179775,0.0,False,True,,False,False,False,
720575940619801793,cell_class,AN,1424,400,0.25,0.01,0.1,0.004213483146067416,0.9536516853932584,0.0,0.0028089887640449437,0.028089887640449437,0.011235955056179775,0.0,False,False,,False,False,False,
720575940617484248,cell_class,AN,1273,400,0.25,0.14285714285714285,0.01,0.003927729772191673,0.8876669285153181,0.07619795758051846,0.0007855459544383347,0.031421838177533384,0.0,0.0,False,True,True,True,,,
720575940617484248,cell_class,AN,1273,400,0.25,0.14285714285714285,0.05,0.003927729772191673,0.8876669285153181,0.07619795758051846,0.0007855459544383347,0.031421838177533384,0.0,0.0,False,True,False,False,,,
720575940617484248,cell_class,AN,1273,400,0.25,0.14285714285714285,0.1,0.003927729772191673,0.8876669285153181,0.07619795758051846,0.0007855459544383347,0.031421838177533384,0.0,0.0,False,True,False,False,,,
720575940617484248,cell_class,AN,1273,400,0.25,0.04,0.01,0.003927729772191673,0.8876669285153181,0.07619795758051846,0.0007855459544383347,0.031421838177533384,0.0,0.0,False,True,True,False,,,
720575940617484248,cell_class,AN,1273,400,0.25,0.04,0.05,0.003927729772191673,0.8876669285153181,0.07619795758051846,0.0007855459544383347,0.031421838177533384,0.0,0.0,False,True,False,False,,,
720575940617484248,cell_class,AN,1273,400,0.25,0.04,0.1,0.003927729772191673,0.8876669285153181,0.07619795758051846,0.0007855459544383347,0.031421838177533384,0.0,0.0,False,True,False,False,,,
720575940617484248,cell_class,AN,1273,400,0.25,0.02,0.01,0.003927729772191673,0.8876669285153181,0.07619795758051846,0.0007855459544383347,0.031421838177533384,0.0,0.0,False,True,True,False,,,
720575940617484248,cell_class,AN,1273,400,0.25,0.02,0.05,0.003927729772191673,0.8876669285153181,0.07619795758051846,0.0007855459544383347,0.031421838177533384,0.0,0.0,False,True,False,False,,,
720575940617484248,cell_class,AN,1273,400,0.25,0.02,0.1,0.003927729772191673,0.8876669285153181,0.07619795758051846,0.0007855459544383347,0.031421838177533384,0.0,0.0,False,False,False,False,,,
720575940617484248,cell_class,AN,1273,400,0.25,0.01,0.01,0.003927729772191673,0.8876669285153181,0.07619795758051846,0.0007855459544383347,0.031421838177533384,0.0,0.0,False,True,False,False,,,
720575940617484248,cell_class,AN,1273,400,0.25,0.01,0.05,0.003927729772191673,0.8876669285153181,0.07619795758051846,0.0007855459544383347,0.031421838177533384,0.0,0.0,False,False,False,False,,,
720575940617484248,cell_class,AN,1273,400,0.25,0.01,0.1,0.003927729772191673,0.8876669285153181,0.07619795758051846,0.0007855459544383347,0.031421838177533384,0.0,0.0,False,False,False,False,,,
720575940627881728,cell_class,AN,972,400,0.25,0.14285714285714285,0.01,0.18106995884773663,0.6697530864197531,0.0668724279835391,0.00823045267489712,0.07304526748971193,0.00102880658436214,0.0,True,True,True,True,False,,
720575940627881728,cell_class,AN,972,400,0.25,0.14285714285714285,0.05,0.18106995884773663,0.6697530864197531,0.0668724279835391,0.00823045267489712,0.07304526748971193,0.00102880658436214,0.0,True,True,False,False,False,,
720575940627881728,cell_class,AN,972,400,0.25,0.14285714285714285,0.1,0.18106995884773663,0.6697530864197531,0.0668724279835391,0.00823045267489712,0.07304526748971193,0.00102880658436214,0.0,False,True,False,False,False,,
720575940627881728,cell_class,AN,972,400,0.25,0.04,0.01,0.18106995884773663,0.6697530864197531,0.0668724279835391,0.00823045267489712,0.07304526748971193,0.00102880658436214,0.0,True,True,True,True,False,,
720575940627881728,cell_class,AN,972,400,0.25,0.04,0.05,0.18106995884773663,0.6697530864197531,0.0668724279835391,0.00823045267489712,0.07304526748971193,0.00102880658436214,0.0,False,True,False,False,False,,
720575940627881728,cell_class,AN,972,400,0.25,0.04,0.1,0.18106995884773663,0.6697530864197531,0.0668724279835391,0.00823045267489712,0.07304526748971193,0.00102880658436214,0.0,False,False,False,False,False,,
720575940627881728,cell_class,AN,972,400,0.25,0.02,0.01,0.18106995884773663,0.6697530864197531,0.0668724279835391,0.00823045267489712,0.07304526748971193,0.00102880658436214,0.0,True,True,True,True,False,,
720575940627881728,cell_class,AN,972,400,0.25,0.02,0.05,0.18106995884773663,0.6697530864197531,0.0668724279835391,0.00823045267489712,0.07304526748971193,0.00102880658436214,0.0,False,True,False,False,False,,
720575940627881728,cell_class,AN,972,400,0.25,0.02,0.1,0.18106995884773663,0.6697530864197531,0.0668724279835391,0.00823045267489712,0.07304526748971193,0.00102880658436214,0.0,False,False,False,False,False,,
720575940627881728,cell_class,AN,972,400,0.25,0.01,0.01,0.18106995884773663,0.6697530864197531,0.0668724279835391,0.00823045267489712,0.07304526748971193,0.00102880658436214,0.0,True,True,True,True,False,,
720575940627881728,cell_class,AN,972,400,0.25,0.01,0.05,0.18106995884773663,0.6697530864197531,0.0668724279835391,0.00823045267489712,0.07304526748971193,0.00102880658436214,0.0,False,False,False,False,False,,
720575940627881728,cell_class,AN,972,400,0.25,0.01,0.1,0.18106995884773663,0.6697530864197531,0.0668724279835391,0.00823045267489712,0.07304526748971193,0.00102880658436214,0.0,False,False,False,False,False,,
720575940633366498,cell_class,AN,1306,400,0.25,0.14285714285714285,0.01,0.020673813169984685,0.9349157733537519,0.009954058192955589,0.0,0.013016845329249618,0.021439509954058193,0.0,True,True,False,False,,True,
720575940633366498,cell_class,AN,1306,400,0.25,0.14285714285714285,0.05,0.020673813169984685,0.9349157733537519,0.009954058192955589,0.0,0.013016845329249618,0.021439509954058193,0.0,False,True,False,False,,False,
720575940633366498,cell_class,AN,1306,400,0.25,0.14285714285714285,0.1,0.020673813169984685,0.9349157733537519,0.009954058192955589,0.0,0.013016845329249618,0.021439509954058193,0.0,False,True,False,False,,False,
720575940633366498,cell_class,AN,1306,400,0.25,0.04,0.01,0.020673813169984685,0.9349157733537519,0.009954058192955589,0.0,0.013016845329249618,0.021439509954058193,0.0,False,True,False,False,,False,
720575940633366498,cell_class,AN,1306,400,0.25,0.04,0.05,0.020673813169984685,0.9349157733537519,0.009954058192955589,0.0,0.013016845329249618,0.021439509954058193,0.0,False,True,False,False,,False,
720575940633366498,cell_class,AN,1306,400,0.25,0.04,0.1,0.020673813169984685,0.9349157733537519,0.009954058192955589,0.0,0.013016845329249618,0.021439509954058193,0.0,False,True,False,False,,False,
720575940633366498,cell_class,AN,1306,400,0.25,0.02,0.01,0.020673813169984685,0.9349157733537519,0.009954058192955589,0.0,0.013016845329249618,0.021439509954058193,0.0,False,True,False,False,,False,
720575940633366498,cell_class,AN,1306,400,0.25,0.02,0.05,0.020673813169984685,0.9349157733537519,0.009954058192955589,0.0,0.013016845329249618,0.021439509954058193,0.0,False,True,False,False,,False,
720575940633366498,cell_class,AN,1306,400,0.25,0.02,0.1,0.020673813169984685,0.9349157733537519,0.009954058192955589,0.0,0.013016845329249618,0.021439509954058193,0.0,False,False,False,False,,False,
720575940633366498,cell_class,AN,1306,400,0.25,0.01,0.01,0.020673813169984685,0.9349157733537519,0.009954058192955589,0.0,0.013016845329249618,0.021439509954058193,0.0,False,True,False,False,,False,
720575940633366498,cell_class,AN,1306,400,0.25,0.01,0.05,0.020673813169984685,0.9349157733537519,0.009954058192955589,0.0,0.013016845329249618,0.021439509954058193,0.0,False,True,False,False,,False,
720575940633366498,cell_class,AN,1306,400,0.25,0.01,0.1,0.020673813169984685,0.9349157733537519,0.009954058192955589,0.0,0.013016845329249618,0.021439509954058193,0.0,False,False,False,False,,False,
720575940613706546,cell_class,AN,2933,400,0.25,0.14285714285714285,0.01,0.00954653937947494,0.4408455506307535,0.2100238663484487,0.007841800204568702,0.2836685987043982,0.0470508012274122,0.0010228435049437436,False,True,True,True,False,True,False
720575940613706546,cell_class,AN,2933,400,0.25,0.14285714285714285,0.05,0.00954653937947494,0.4408455506307535,0.2100238663484487,0.007841800204568702,0.2836685987043982,0.0470508012274122,0.0010228435049437436,False,True,True,True,False,False,False
720575940613706546,cell_class,AN,2933,400,0.25,0.14285714285714285,0.1,0.00954653937947494,0.4408455506307535,0.2100238663484487,0.007841800204568702,0.2836685987043982,0.0470508012274122,0.0010228435049437436,False,True,False,True,False,False,False
720575940613706546,cell_class,AN,2933,400,0.25,0.04,0.01,0.00954653937947494,0.4408455506307535,0.2100238663484487,0.007841800204568702,0.2836685987043982,0.0470508012274122,0.0010228435049437436,False,True,True,True,False,False,False
720575940613706546,cell_class,AN,2933,400,0.25,0.04,0.05,0.00954653937947494,0.4408455506307535,0.2100238663484487,0.007841800204568702,0.2836685987043982,0.0470508012274122,0.0010228435049437436,False,True,True,False,False,False,False
720575940613706546,cell_class,AN,2933,400,0.25,0.04,0.1,0.00954653937947494,0.4408455506307535,0.2100238663484487,0.007841800204568702,0.2836685987043982,0.0470508012274122,0.0010228435049437436,False,False,False,False,False,False,False
720575940613706546,cell_class,AN,2933,400,0.25,0.02,0.01,0.00954653937947494,0.4408455506307535,0.2100238663484487,0.007841800204568702,0.2836685987043982,0.0470508012274122,0.0010228435049437436,False,True,True,True,False,False,False
720575940613706546,cell_class,AN,2933,400,0.25,0.02,0.05,0.00954653937947494,0.4408455506307535,0.2100238663484487,0.007841800204568702,0.2836685987043982,0.0470508012274122,0.0010228435049437436,False,False,False,False,False,False,False
720575940613706546,cell_class,AN,2933,400,0.25,0.02,0.1,0.00954653937947494,0.4408455506307535,0.2100238663484487,0.007841800204568702,0.2836685987043982,0.0470508012274122,0.0010228435049437436,False,False,False,False,False,False,False
720575940613706546,cell_class,AN,2933,400,0.25,0.01,0.01,0.00954653937947494,0.4408455506307535,0.2100238663484487,0.007841800204568702,0.2836685987043982,0.0470508012274122,0.0010228435049437436,False,True,True,True,False,False,False
720575940613706546,cell_class,AN,2933,400,0.25,0.01,0.05,0.00954653937947494,0.4408455506307535,0.2100238663484487,0.007841800204568702,0.2836685987043982,0.0470508012274122,0.0010228435049437436,False,False,False,False,False,False,False
720575940613706546,cell_class,AN,2933,400,0.25,0.01,0.1,0.00954653937947494,0.4408455506307535,0.2100238663484487,0.007841800204568702,0.2836685987043982,0.0470508012274122,0.0010228435049437436,False,False,False,False,False,False,False
720575940620373469,cell_class,AN,2598,400,0.25,0.14285714285714285,0.01,0.02040030792917629,0.8606620477290223,0.013471901462663588,0.0026943802925327174,0.07428791377983064,0.02848344880677444,0.0,True,True,False,True,False,True,
720575940620373469,cell_class,AN,2598,400,0.25,0.14285714285714285,0.05,0.02040030792917629,0.8606620477290223,0.013471901462663588,0.0026943802925327174,0.07428791377983064,0.02848344880677444,0.0,False,True,False,False,False,False,
720575940620373469,cell_class,AN,2598,400,0.25,0.14285714285714285,0.1,0.02040030792917629,0.8606620477290223,0.013471901462663588,0.0026943802925327174,0.07428791377983064,0.02848344880677444,0.0,False,True,False,False,False,False,
720575940620373469,cell_class,AN,2598,400,0.25,0.04,0.01,0.02040030792917629,0.8606620477290223,0.013471901462663588,0.0026943802925327174,0.07428791377983064,0.02848344880677444,0.0,False,True,False,True,False,False,
720575940620373469,cell_class,AN,2598,400,0.25,0.04,0.05,0.02040030792917629,0.8606620477290223,0.013471901462663588,0.0026943802925327174,0.07428791377983064,0.02848344880677444,0.0,False,True,False,False,False,False,
720575940620373469,cell_class,AN,2598,400,0.25,0.04,0.1,0.02040030792917629,0.8606620477290223,0.013471901462663588,0.0026943802925327174,0.07428791377983064,0.02848344880677444,0.0,False,False,False,False,False,False,
720575940620373469,cell_class,AN,2598,400,0.25,0.02,0.01,0.02040030792917629,0.8606620477290223,0.013471901462663588,0.0026943802925327174,0.07428791377983064,0.02848344880677444,0.0,False,True,False,False,False,False,
720575940620373469,cell_class,AN,2598,400,0.25,0.02,0.05,0.02040030792917629,0.8606620477290223,0.013471901462663588,0.0026943802925327174,0.07428791377983064,0.02848344880677444,0.0,False,True,False,False,False,False,
720575940620373469,cell_class,AN,2598,400,0.25,0.02,0.1,0.02040030792917629,0.8606620477290223,0.013471901462663588,0.0026943802925327174,0.07428791377983064,0.02848344880677444,0.0,False,False,False,False,False,False,
720575940620373469,cell_class,AN,2598,400,0.25,0.01,0.01,0.02040030792917629,0.8606620477290223,0.013471901462663588,0.0026943802925327174,0.07428791377983064,0.02848344880677444,0.0,False,True,False,False,False,False,
720575940620373469,cell_class,AN,2598,400,0.25,0.01,0.05,0.02040030792917629,0.8606620477290223,0.013471901462663588,0.0026943802925327174,0.07428791377983064,0.02848344880677444,0.0,False,False,False,False,False,False,
720575940620373469,cell_class,AN,2598,400,0.25,0.01,0.1,0.02040030792917629,0.8606620477290223,0.013471901462663588,0.0026943802925327174,0.07428791377983064,0.02848344880677444,0.0,False,False,False,False,False,False,
720575940613266026,cell_class,AN,477,400,0.25,0.14285714285714285,0.01,0.0041928721174004195,0.9308176100628931,0.010482180293501049,0.0,0.03773584905660377,0.016771488469601678,0.0,False,True,True,True,,True,
720575940613266026,cell_class,AN,477,400,0.25,0.14285714285714285,0.05,0.0041928721174004195,0.9308176100628931,0.010482180293501049,0.0,0.03773584905660377,0.016771488469601678,0.0,False,True,False,False,,False,
720575940613266026,cell_class,AN,477,400,0.25,0.14285714285714285,0.1,0.0041928721174004195,0.9308176100628931,0.010482180293501049,0.0,0.03773584905660377,0.016771488469601678,0.0,False,True,False,False,,False,
720575940613266026,cell_class,AN,477,400,0.25,0.04,0.01,0.0041928721174004195,0.9308176100628931,0.010482180293501049,0.0,0.03773584905660377,0.016771488469601678,0.0,False,True,False,True,,False,
720575940613266026,cell_class,AN,477,400,0.25,0.04,0.05,0.0041928721174004195,0.9308176100628931,0.010482180293501049,0.0,0.03773584905660377,0.016771488469601678,0.0,False,True,False,False,,False,
720575940613266026,cell_class,AN,477,400,0.25,0.04,0.1,0.0041928721174004195,0.9308176100628931,0.010482180293501049,0.0,0.03773584905660377,0.016771488469601678,0.0,False,True,False,False,,False,
720575940613266026,cell_class,AN,477,400,0.25,0.02,0.01,0.0041928721174004195,0.9308176100628931,0.010482180293501049,0.0,0.03773584905660377,0.016771488469601678,0.0,False,True,False,True,,False,
720575940613266026,cell_class,AN,477,400,0.25,0.02,0.05,0.0041928721174004195,0.9308176100628931,0.010482180293501049,0.0,0.03773584905660377,0.016771488469601678,0.0,False,True,False,False,,False,
720575940613266026,cell_class,AN,477,400,0.25,0.02,0.1,0.0041928721174004195,0.9308176100628931,0.010482180293501049,0.0,0.03773584905660377,0.016771488469601678,0.0,False,True,False,False,,False,
720575940613266026,cell_class,AN,477,400,0.25,0.01,0.01,0.0041928721174004195,0.9308176100628931,0.010482180293501049,0.0,0.03773584905660377,0.016771488469601678,0.0,False,True,False,False,,False,
720575940613266026,cell_class,AN,477,400,0.25,0.01,0.05,0.0041928721174004195,0.9308176100628931,0.010482180293501049,0.0,0.03773584905660377,0.016771488469601678,0.0,False,True,False,False,,False,
720575940613266026,cell_class,AN,477,400,0.25,0.01,0.1,0.0041928721174004195,0.9308176100628931,0.010482180293501049,0.0,0.03773584905660377,0.016771488469601678,0.0,False,False,False,False,,False,
720575940606346332,cell_class,AN,1288,400,0.25,0.14285714285714285,0.01,0.3416149068322981,0.03260869565217391,0.5854037267080745,0.0007763975155279503,0.031055900621118012,0.008540372670807454,0.0,True,True,True,True,,False,
720575940606346332,cell_class,AN,1288,400,0.25,0.14285714285714285,0.05,0.3416149068322981,0.03260869565217391,0.5854037267080745,0.0007763975155279503,0.031055900621118012,0.008540372670807454,0.0,True,False,True,False,,False,
720575940606346332,cell_class,AN,1288,400,0.25,0.14285714285714285,0.1,0.3416149068322981,0.03260869565217391,0.5854037267080745,0.0007763975155279503,0.031055900621118012,0.008540372670807454,0.0,True,False,True,False,,False,
720575940606346332,cell_class,AN,1288,400,0.25,0.04,0.01,0.3416149068322981,0.03260869565217391,0.5854037267080745,0.0007763975155279503,0.031055900621118012,0.008540372670807454,0.0,True,False,True,False,,False,
720575940606346332,cell_class,AN,1288,400,0.25,0.04,0.05,0.3416149068322981,0.03260869565217391,0.5854037267080745,0.0007763975155279503,0.031055900621118012,0.008540372670807454,0.0,True,False,True,False,,False,
720575940606346332,cell_class,AN,1288,400,0.25,0.04,0.1,0.3416149068322981,0.03260869565217391,0.5854037267080745,0.0007763975155279503,0.031055900621118012,0.008540372670807454,0.0,False,False,False,False,,False,
720575940606346332,cell_class,AN,1288,400,0.25,0.02,0.01,0.3416149068322981,0.03260869565217391,0.5854037267080745,0.0007763975155279503,0.031055900621118012,0.008540372670807454,0.0,True,False,True,False,,False,
720575940606346332,cell_class,AN,1288,400,0.25,0.02,0.05,0.3416149068322981,0.03260869565217391,0.5854037267080745,0.0007763975155279503,0.031055900621118012,0.008540372670807454,0.0,True,False,True,False,,False,
720575940606346332,cell_class,AN,1288,400,0.25,0.02,0.1,0.3416149068322981,0.03260869565217391,0.5854037267080745,0.0007763975155279503,0.031055900621118012,0.008540372670807454,0.0,False,False,False,False,,False,
720575940606346332,cell_class,AN,1288,400,0.25,0.01,0.01,0.3416149068322981,0.03260869565217391,0.5854037267080745,0.0007763975155279503,0.031055900621118012,0.008540372670807454,0.0,True,False,True,False,,False,
720575940606346332,cell_class,AN,1288,400,0.25,0.01,0.05,0.3416149068322981,0.03260869565217391,0.5854037267080745,0.0007763975155279503,0.031055900621118012,0.008540372670807454,0.0,False,False,False,False,,False,
720575940606346332,cell_class,AN,1288,400,0.25,0.01,0.1,0.3416149068322981,0.03260869565217391,0.5854037267080745,0.0007763975155279503,0.031055900621118012,0.008540372670807454,0.0,False,False,False,False,,False,
720575940619533483,cell_class,AN,903,400,0.25,0.14285714285714285,0.01,0.11295681063122924,0.11738648947951273,0.6666666666666666,0.005537098560354375,0.09413067552602436,0.0022148394241417496,0.0011074197120708748,True,True,True,True,False,False,
720575940619533483,cell_class,AN,903,400,0.25,0.14285714285714285,0.05,0.11295681063122924,0.11738648947951273,0.6666666666666666,0.005537098560354375,0.09413067552602436,0.0022148394241417496,0.0011074197120708748,False,True,True,False,False,False,
720575940619533483,cell_class,AN,903,400,0.25,0.14285714285714285,0.1,0.11295681063122924,0.11738648947951273,0.6666666666666666,0.005537098560354375,0.09413067552602436,0.0022148394241417496,0.0011074197120708748,False,False,True,False,False,False,
720575940619533483,cell_class,AN,903,400,0.25,0.04,0.01,0.11295681063122924,0.11738648947951273,0.6666666666666666,0.005537098560354375,0.09413067552602436,0.0022148394241417496,0.0011074197120708748,True,True,True,True,False,False,
720575940619533483,cell_class,AN,903,400,0.25,0.04,0.05,0.11295681063122924,0.11738648947951273,0.6666666666666666,0.005537098560354375,0.09413067552602436,0.0022148394241417496,0.0011074197120708748,False,False,True,False,False,False,
720575940619533483,cell_class,AN,903,400,0.25,0.04,0.1,0.11295681063122924,0.11738648947951273,0.6666666666666666,0.005537098560354375,0.09413067552602436,0.0022148394241417496,0.0011074197120708748,False,False,True,False,False,False,
720575940619533483,cell_class,AN,903,400,0.25,0.02,0.01,0.11295681063122924,0.11738648947951273,0.6666666666666666,0.005537098560354375,0.09413067552602436,0.0022148394241417496,0.0011074197120708748,True,True,True,False,False,False,
720575940619533483,cell_class,AN,903,400,0.25,0.02,0.05,0.11295681063122924,0.11738648947951273,0.6666666666666666,0.005537098560354375,0.09413067552602436,0.0022148394241417496,0.0011074197120708748,False,False,True,False,False,False,
720575940619533483,cell_class,AN,903,400,0.25,0.02,0.1,0.11295681063122924,0.11738648947951273,0.6666666666666666,0.005537098560354375,0.09413067552602436,0.0022148394241417496,0.0011074197120708748,False,False,True,False,False,False,
720575940619533483,cell_class,AN,903,400,0.25,0.01,0.01,0.11295681063122924,0.11738648947951273,0.6666666666666666,0.005537098560354375,0.09413067552602436,0.0022148394241417496,0.0011074197120708748,True,True,True,False,False,False,
720575940619533483,cell_class,AN,903,400,0.25,0.01,0.05,0.11295681063122924,0.11738648947951273,0.6666666666666666,0.005537098560354375,0.09413067552602436,0.0022148394241417496,0.0011074197120708748,False,False,True,False,False,False,
720575940619533483,cell_class,AN,903,400,0.25,0.01,0.1,0.11295681063122924,0.11738648947951273,0.6666666666666666,0.005537098560354375,0.09413067552602436,0.0022148394241417496,0.0011074197120708748,False,False,True,False,False,False,
720575940627493638,cell_class,AN,5273,400,0.25,0.14285714285714285,0.01,0.0083443959795183,0.9745875213351034,0.0018964536317087046,0.0005689360895126114,0.008723686705860042,0.0058790062582969845,0.0,False,True,False,False,False,False,
720575940627493638,cell_class,AN,5273,400,0.25,0.14285714285714285,0.05,0.0083443959795183,0.9745875213351034,0.0018964536317087046,0.0005689360895126114,0.008723686705860042,0.0058790062582969845,0.0,False,True,False,False,False,False,
720575940627493638,cell_class,AN,5273,400,0.25,0.14285714285714285,0.1,0.0083443959795183,0.9745875213351034,0.0018964536317087046,0.0005689360895126114,0.008723686705860042,0.0058790062582969845,0.0,False,True,False,False,False,False,
720575940627493638,cell_class,AN,5273,400,0.25,0.04,0.01,0.0083443959795183,0.9745875213351034,0.0018964536317087046,0.0005689360895126114,0.008723686705860042,0.0058790062582969845,0.0,False,True,False,False,False,False,
720575940627493638,cell_class,AN,5273,400,0.25,0.04,0.05,0.0083443959795183,0.9745875213351034,0.0018964536317087046,0.0005689360895126114,0.008723686705860042,0.0058790062582969845,0.0,False,True,False,False,False,False,
720575940627493638,cell_class,AN,5273,400,0.25,0.04,0.1,0.0083443959795183,0.9745875213351034,0.0018964536317087046,0.0005689360895126114,0.008723686705860042,0.0058790062582969845,0.0,False,False,False,False,False,False,
720575940627493638,cell_class,AN,5273,400,0.25,0.02,0.01,0.0083443959795183,0.9745875213351034,0.0018964536317087046,0.0005689360895126114,0.008723686705860042,0.0058790062582969845,0.0,False,True,False,False,False,False,
720575940627493638,cell_class,AN,5273,400,0.25,0.02,0.05,0.0083443959795183,0.9745875213351034,0.0018964536317087046,0.0005689360895126114,0.008723686705860042,0.0058790062582969845,0.0,False,True,False,False,False,False,
720575940627493638,cell_class,AN,5273,400,0.25,0.02,0.1,0.0083443959795183,0.9745875213351034,0.0018964536317087046,0.0005689360895126114,0.008723686705860042,0.0058790062582969845,0.0,False,False,False,False,False,False,
720575940627493638,cell_class,AN,5273,400,0.25,0.01,0.01,0.0083443959795183,0.9745875213351034,0.0018964536317087046,0.0005689360895126114,0.008723686705860042,0.0058790062582969845,0.0,False,True,False,False,False,False,
720575940627493638,cell_class,AN,5273,400,0.25,0.01,0.05,0.0083443959795183,0.9745875213351034,0.0018964536317087046,0.0005689360895126114,0.008723686705860042,0.0058790062582969845,0.0,False,False,False,False,False,False,
720575940627493638,cell_class,AN,5273,400,0.25,0.01,0.1,0.0083443959795183,0.9745875213351034,0.0018964536317087046,0.0005689360895126114,0.008723686705860042,0.0058790062582969845,0.0,False,False,False,False,False,False,
720575940611778713,cell_class,AN,1312,400,0.25,0.14285714285714285,0.01,0.003048780487804878,0.8102134146341463,0.04344512195121951,0.003048780487804878,0.09527439024390244,0.04496951219512195,0.0,False,True,True,True,False,True,
720575940611778713,cell_class,AN,1312,400,0.25,0.14285714285714285,0.05,0.003048780487804878,0.8102134146341463,0.04344512195121951,0.003048780487804878,0.09527439024390244,0.04496951219512195,0.0,False,True,False,False,False,False,
720575940611778713,cell_class,AN,1312,400,0.25,0.14285714285714285,0.1,0.003048780487804878,0.8102134146341463,0.04344512195121951,0.003048780487804878,0.09527439024390244,0.04496951219512195,0.0,False,True,False,False,False,False,
720575940611778713,cell_class,AN,1312,400,0.25,0.04,0.01,0.003048780487804878,0.8102134146341463,0.04344512195121951,0.003048780487804878,0.09527439024390244,0.04496951219512195,0.0,False,True,True,True,False,True,
720575940611778713,cell_class,AN,1312,400,0.25,0.04,0.05,0.003048780487804878,0.8102134146341463,0.04344512195121951,0.003048780487804878,0.09527439024390244,0.04496951219512195,0.0,False,True,False,False,False,False,
720575940611778713,cell_class,AN,1312,400,0.25,0.04,0.1,0.003048780487804878,0.8102134146341463,0.04344512195121951,0.003048780487804878,0.09527439024390244,0.04496951219512195,0.0,False,True,False,False,False,False,
720575940611778713,cell_class,AN,1312,400,0.25,0.02,0.01,0.003048780487804878,0.8102134146341463,0.04344512195121951,0.003048780487804878,0.09527439024390244,0.04496951219512195,0.0,False,True,False,True,False,False,
720575940611778713,cell_class,AN,1312,400,0.25,0.02,0.05,0.003048780487804878,0.8102134146341463,0.04344512195121951,0.003048780487804878,0.09527439024390244,0.04496951219512195,0.0,False,True,False,False,False,False,
720575940611778713,cell_class,AN,1312,400,0.25,0.02,0.1,0.003048780487804878,0.8102134146341463,0.04344512195121951,0.003048780487804878,0.09527439024390244,0.04496951219512195,0.0,False,False,False,False,False,False,
720575940611778713,cell_class,AN,1312,400,0.25,0.01,0.01,0.003048780487804878,0.8102134146341463,0.04344512195121951,0.003048780487804878,0.09527439024390244,0.04496951219512195,0.0,False,True,False,False,False,False,
720575940611778713,cell_class,AN,1312,400,0.25,0.01,0.05,0.003048780487804878,0.8102134146341463,0.04344512195121951,0.003048780487804878,0.09527439024390244,0.04496951219512195,0.0,False,True,False,False,False,False,
720575940611778713,cell_class,AN,1312,400,0.25,0.01,0.1,0.003048780487804878,0.8102134146341463,0.04344512195121951,0.003048780487804878,0.09527439024390244,0.04496951219512195,0.0,False,False,False,False,False,False,
720575940611904296,cell_class,AN,6775,400,0.25,0.14285714285714285,0.01,0.7294464944649447,0.2166789667896679,0.025535055350553504,0.0016236162361623616,0.02125461254612546,0.0051660516605166054,0.0002952029520295203,True,True,True,False,False,False,False
720575940611904296,cell_class,AN,6775,400,0.25,0.14285714285714285,0.05,0.7294464944649447,0.2166789667896679,0.025535055350553504,0.0016236162361623616,0.02125461254612546,0.0051660516605166054,0.0002952029520295203,True,True,False,False,False,False,False
720575940611904296,cell_class,AN,6775,400,0.25,0.14285714285714285,0.1,0.7294464944649447,0.2166789667896679,0.025535055350553504,0.0016236162361623616,0.02125461254612546,0.0051660516605166054,0.0002952029520295203,True,True,False,False,False,False,False
720575940611904296,cell_class,AN,6775,400,0.25,0.04,0.01,0.7294464944649447,0.2166789667896679,0.025535055350553504,0.0016236162361623616,0.02125461254612546,0.0051660516605166054,0.0002952029520295203,True,True,False,False,False,False,False
720575940611904296,cell_class,AN,6775,400,0.25,0.04,0.05,0.7294464944649447,0.2166789667896679,0.025535055350553504,0.0016236162361623616,0.02125461254612546,0.0051660516605166054,0.0002952029520295203,True,False,False,False,False,False,False
720575940611904296,cell_class,AN,6775,400,0.25,0.04,0.1,0.7294464944649447,0.2166789667896679,0.025535055350553504,0.0016236162361623616,0.02125461254612546,0.0051660516605166054,0.0002952029520295203,True,False,False,False,False,False,False
720575940611904296,cell_class,AN,6775,400,0.25,0.02,0.01,0.7294464944649447,0.2166789667896679,0.025535055350553504,0.0016236162361623616,0.02125461254612546,0.0051660516605166054,0.0002952029520295203,True,True,False,False,False,False,False
720575940611904296,cell_class,AN,6775,400,0.25,0.02,0.05,0.7294464944649447,0.2166789667896679,0.025535055350553504,0.0016236162361623616,0.02125461254612546,0.0051660516605166054,0.0002952029520295203,False,False,False,False,False,False,False
720575940611904296,cell_class,AN,6775,400,0.25,0.02,0.1,0.7294464944649447,0.2166789667896679,0.025535055350553504,0.0016236162361623616,0.02125461254612546,0.0051660516605166054,0.0002952029520295203,False,False,False,False,False,False,False
720575940611904296,cell_class,AN,6775,400,0.25,0.01,0.01,0.7294464944649447,0.2166789667896679,0.025535055350553504,0.0016236162361623616,0.02125461254612546,0.0051660516605166054,0.0002952029520295203,True,True,False,False,False,False,False
720575940611904296,cell_class,AN,6775,400,0.25,0.01,0.05,0.7294464944649447,0.2166789667896679,0.025535055350553504,0.0016236162361623616,0.02125461254612546,0.0051660516605166054,0.0002952029520295203,False,False,False,False,False,False,False
720575940611904296,cell_class,AN,6775,400,0.25,0.01,0.1,0.7294464944649447,0.2166789667896679,0.025535055350553504,0.0016236162361623616,0.02125461254612546,0.0051660516605166054,0.0002952029520295203,False,False,False,False,False,False,False
720575940612416766,cell_class,AN,983,400,0.25,0.14285714285714285,0.01,0.54323499491353,0.3611393692777213,0.06307222787385554,0.002034587995930824,0.015259409969481181,0.015259409969481181,0.0,True,True,True,False,False,False,
720575940612416766,cell_class,AN,983,400,0.25,0.14285714285714285,0.05,0.54323499491353,0.3611393692777213,0.06307222787385554,0.002034587995930824,0.015259409969481181,0.015259409969481181,0.0,True,True,False,False,False,False,
720575940612416766,cell_class,AN,983,400,0.25,0.14285714285714285,0.1,0.54323499491353,0.3611393692777213,0.06307222787385554,0.002034587995930824,0.015259409969481181,0.015259409969481181,0.0,True,True,False,False,False,False,
720575940612416766,cell_class,AN,983,400,0.25,0.04,0.01,0.54323499491353,0.3611393692777213,0.06307222787385554,0.002034587995930824,0.015259409969481181,0.015259409969481181,0.0,True,True,True,False,False,False,
720575940612416766,cell_class,AN,983,400,0.25,0.04,0.05,0.54323499491353,0.3611393692777213,0.06307222787385554,0.002034587995930824,0.015259409969481181,0.015259409969481181,0.0,True,True,False,False,False,False,
720575940612416766,cell_class,AN,983,400,0.25,0.04,0.1,0.54323499491353,0.3611393692777213,0.06307222787385554,0.002034587995930824,0.015259409969481181,0.015259409969481181,0.0,False,False,False,False,False,False,
720575940612416766,cell_class,AN,983,400,0.25,0.02,0.01,0.54323499491353,0.3611393692777213,0.06307222787385554,0.002034587995930824,0.015259409969481181,0.015259409969481181,0.0,True,True,True,False,False,False,
720575940612416766,cell_class,AN,983,400,0.25,0.02,0.05,0.54323499491353,0.3611393692777213,0.06307222787385554,0.002034587995930824,0.015259409969481181,0.015259409969481181,0.0,True,False,False,False,False,False,
720575940612416766,cell_class,AN,983,400,0.25,0.02,0.1,0.54323499491353,0.3611393692777213,0.06307222787385554,0.002034587995930824,0.015259409969481181,0.015259409969481181,0.0,False,False,False,False,False,False,
720575940612416766,cell_class,AN,983,400,0.25,0.01,0.01,0.54323499491353,0.3611393692777213,0.06307222787385554,0.002034587995930824,0.015259409969481181,0.015259409969481181,0.0,True,True,True,False,False,False,
720575940612416766,cell_class,AN,983,400,0.25,0.01,0.05,0.54323499491353,0.3611393692777213,0.06307222787385554,0.002034587995930824,0.015259409969481181,0.015259409969481181,0.0,False,False,False,False,False,False,
720575940612416766,cell_class,AN,983,400,0.25,0.01,0.1,0.54323499491353,0.3611393692777213,0.06307222787385554,0.002034587995930824,0.015259409969481181,0.015259409969481181,0.0,False,False,False,False,False,False,
720575940624057525,cell_class,AN,2340,400,0.25,0.14285714285714285,0.01,0.36666666666666664,0.5102564102564102,0.10897435897435898,0.00042735042735042735,0.008547008547008548,0.004700854700854701,0.00042735042735042735,True,True,True,False,,False,
720575940624057525,cell_class,AN,2340,400,0.25,0.14285714285714285,0.05,0.36666666666666664,0.5102564102564102,0.10897435897435898,0.00042735042735042735,0.008547008547008548,0.004700854700854701,0.00042735042735042735,True,True,True,False,,False,
720575940624057525,cell_class,AN,2340,400,0.25,0.14285714285714285,0.1,0.36666666666666664,0.5102564102564102,0.10897435897435898,0.00042735042735042735,0.008547008547008548,0.004700854700854701,0.00042735042735042735,True,True,False,False,,False,
720575940624057525,cell_class,AN,2340,400,0.25,0.04,0.01,0.36666666666666664,0.5102564102564102,0.10897435897435898,0.00042735042735042735,0.008547008547008548,0.004700854700854701,0.00042735042735042735,True,True,True,False,,False,
720575940624057525,cell_class,AN,2340,400,0.25,0.04,0.05,0.36666666666666664,0.5102564102564102,0.10897435897435898,0.00042735042735042735,0.008547008547008548,0.004700854700854701,0.00042735042735042735,True,True,False,False,,False,
720575940624057525,cell_class,AN,2340,400,0.25,0.04,0.1,0.36666666666666664,0.5102564102564102,0.10897435897435898,0.00042735042735042735,0.008547008547008548,0.004700854700854701,0.00042735042735042735,False,False,False,False,,False,
720575940624057525,cell_class,AN,2340,400,0.25,0.02,0.01,0.36666666666666664,0.5102564102564102,0.10897435897435898,0.00042735042735042735,0.008547008547008548,0.004700854700854701,0.00042735042735042735,True,True,True,False,,False,
720575940624057525,cell_class,AN,2340,400,0.25,0.02,0.05,0.36666666666666664,0.5102564102564102,0.10897435897435898,0.00042735042735042735,0.008547008547008548,0.004700854700854701,0.00042735042735042735,False,True,False,False,,False,
720575940624057525,cell_class,AN,2340,400,0.25,0.02,0.1,0.36666666666666664,0.5102564102564102,0.10897435897435898,0.00042735042735042735,0.008547008547008548,0.004700854700854701,0.00042735042735042735,False,False,False,False,,False,
720575940624057525,cell_class,AN,2340,400,0.25,0.01,0.01,0.36666666666666664,0.5102564102564102,0.10897435897435898,0.00042735042735042735,0.008547008547008548,0.004700854700854701,0.00042735042735042735,True,True,False,False,,False,
720575940624057525,cell_class,AN,2340,400,0.25,0.01,0.05,0.36666666666666664,0.5102564102564102,0.10897435897435898,0.00042735042735042735,0.008547008547008548,0.004700854700854701,0.00042735042735042735,False,False,False,False,,False,
720575940624057525,cell_class,AN,2340,400,0.25,0.01,0.1,0.36666666666666664,0.5102564102564102,0.10897435897435898,0.00042735042735042735,0.008547008547008548,0.004700854700854701,0.00042735042735042735,False,False,False,False,,False,
720575940635905893,cell_class,AN,722,400,0.25,0.14285714285714285,0.01,0.0,0.9515235457063712,0.002770083102493075,0.004155124653739612,0.029085872576177285,0.012465373961218837,0.0,,True,False,True,False,False,
720575940635905893,cell_class,AN,722,400,0.25,0.14285714285714285,0.05,0.0,0.9515235457063712,0.002770083102493075,0.004155124653739612,0.029085872576177285,0.012465373961218837,0.0,,True,False,False,False,False,
720575940635905893,cell_class,AN,722,400,0.25,0.14285714285714285,0.1,0.0,0.9515235457063712,0.002770083102493075,0.004155124653739612,0.029085872576177285,0.012465373961218837,0.0,,True,False,False,False,False,
720575940635905893,cell_class,AN,722,400,0.25,0.04,0.01,0.0,0.9515235457063712,0.002770083102493075,0.004155124653739612,0.029085872576177285,0.012465373961218837,0.0,,True,False,False,False,False,
720575940635905893,cell_class,AN,722,400,0.25,0.04,0.05,0.0,0.9515235457063712,0.002770083102493075,0.004155124653739612,0.029085872576177285,0.012465373961218837,0.0,,True,False,False,False,False,
720575940635905893,cell_class,AN,722,400,0.25,0.04,0.1,0.0,0.9515235457063712,0.002770083102493075,0.004155124653739612,0.029085872576177285,0.012465373961218837,0.0,,True,False,False,False,False,
720575940635905893,cell_class,AN,722,400,0.25,0.02,0.01,0.0,0.9515235457063712,0.002770083102493075,0.004155124653739612,0.029085872576177285,0.012465373961218837,0.0,,True,False,False,False,False,
720575940635905893,cell_class,AN,722,400,0.25,0.02,0.05,0.0,0.9515235457063712,0.002770083102493075,0.004155124653739612,0.029085872576177285,0.012465373961218837,0.0,,True,False,False,False,False,
720575940635905893,cell_class,AN,722,400,0.25,0.02,0.1,0.0,0.9515235457063712,0.002770083102493075,0.004155124653739612,0.029085872576177285,0.012465373961218837,0.0,,True,False,False,False,False,
720575940635905893,cell_class,AN,722,400,0.25,0.01,0.01,0.0,0.9515235457063712,0.002770083102493075,0.004155124653739612,0.029085872576177285,0.012465373961218837,0.0,,True,False,False,False,False,
720575940635905893,cell_class,AN,722,400,0.25,0.01,0.05,0.0,0.9515235457063712,0.002770083102493075,0.004155124653739612,0.029085872576177285,0.012465373961218837,0.0,,True,False,False,False,False,
720575940635905893,cell_class,AN,722,400,0.25,0.01,0.1,0.0,0.9515235457063712,0.002770083102493075,0.004155124653739612,0.029085872576177285,0.012465373961218837,0.0,,False,False,False,False,False,
720575940629901047,cell_class,AN,8995,400,0.25,0.14285714285714285,0.01,0.8301278488048917,0.05680933852140078,0.08148971650917176,0.003668704836020011,0.013229571984435798,0.01434130072262368,0.00033351862145636465,True,True,True,False,False,True,False
720575940629901047,cell_class,AN,8995,400,0.25,0.14285714285714285,0.05,0.8301278488048917,0.05680933852140078,0.08148971650917176,0.003668704836020011,0.013229571984435798,0.01434130072262368,0.00033351862145636465,True,False,True,False,False,False,False
720575940629901047,cell_class,AN,8995,400,0.25,0.14285714285714285,0.1,0.8301278488048917,0.05680933852140078,0.08148971650917176,0.003668704836020011,0.013229571984435798,0.01434130072262368,0.00033351862145636465,True,False,False,False,False,False,False
720575940629901047,cell_class,AN,8995,400,0.25,0.04,0.01,0.8301278488048917,0.05680933852140078,0.08148971650917176,0.003668704836020011,0.013229571984435798,0.01434130072262368,0.00033351862145636465,True,True,True,False,False,False,False
720575940629901047,cell_class,AN,8995,400,0.25,0.04,0.05,0.8301278488048917,0.05680933852140078,0.08148971650917176,0.003668704836020011,0.013229571984435798,0.01434130072262368,0.00033351862145636465,True,False,False,False,False,False,False
720575940629901047,cell_class,AN,8995,400,0.25,0.04,0.1,0.8301278488048917,0.05680933852140078,0.08148971650917176,0.003668704836020011,0.013229571984435798,0.01434130072262368,0.00033351862145636465,True,False,False,False,False,False,False
720575940629901047,cell_class,AN,8995,400,0.25,0.02,0.01,0.8301278488048917,0.05680933852140078,0.08148971650917176,0.003668704836020011,0.013229571984435798,0.01434130072262368,0.00033351862145636465,True,True,True,False,False,False,False
720575940629901047,cell_class,AN,8995,400,0.25,0.02,0.05,0.8301278488048917,0.05680933852140078,0.08148971650917176,0.003668704836020011,0.013229571984435798,0.01434130072262368,0.00033351862145636465,True,False,False,False,False,False,False
720575940629901047,cell_class,AN,8995,400,0.25,0.02,0.1,0.8301278488048917,0.05680933852140078,0.08148971650917176,0.003668704836020011,0.013229571984435798,0.01434130072262368,0.00033351862145636465,False,False,False,False,False,False,False
720575940629901047,cell_class,AN,8995,400,0.25,0.01,0.01,0.8301278488048917,0.05680933852140078,0.08148971650917176,0.003668704836020011,0.013229571984435798,0.01434130072262368,0.00033351862145636465,True,True,True,False,False,False,False
720575940629901047,cell_class,AN,8995,400,0.25,0.01,0.05,0.8301278488048917,0.05680933852140078,0.08148971650917176,0.003668704836020011,0.013229571984435798,0.01434130072262368,0.00033351862145636465,False,False,False,False,False,False,False
720575940629901047,cell_class,AN,8995,400,0.25,0.01,0.1,0.8301278488048917,0.05680933852140078,0.08148971650917176,0.003668704836020011,0.013229571984435798,0.01434130072262368,0.00033351862145636465,False,False,False,False,False,False,False
720575940628851984,cell_class,AN,1914,400,0.25,0.14285714285714285,0.01,0.009404388714733543,0.9435736677115988,0.025600835945663532,0.0,0.017763845350052248,0.0036572622779519333,0.0,False,True,True,True,,False,
720575940628851984,cell_class,AN,1914,400,0.25,0.14285714285714285,0.05,0.009404388714733543,0.9435736677115988,0.025600835945663532,0.0,0.017763845350052248,0.0036572622779519333,0.0,False,True,False,False,,False,
720575940628851984,cell_class,AN,1914,400,0.25,0.14285714285714285,0.1,0.009404388714733543,0.9435736677115988,0.025600835945663532,0.0,0.017763845350052248,0.0036572622779519333,0.0,False,True,False,False,,False,
720575940628851984,cell_class,AN,1914,400,0.25,0.04,0.01,0.009404388714733543,0.9435736677115988,0.025600835945663532,0.0,0.017763845350052248,0.0036572622779519333,0.0,False,True,False,False,,False,
720575940628851984,cell_class,AN,1914,400,0.25,0.04,0.05,0.009404388714733543,0.9435736677115988,0.025600835945663532,0.0,0.017763845350052248,0.0036572622779519333,0.0,False,True,False,False,,False,
720575940628851984,cell_class,AN,1914,400,0.25,0.04,0.1,0.009404388714733543,0.9435736677115988,0.025600835945663532,0.0,0.017763845350052248,0.0036572622779519333,0.0,False,False,False,False,,False,
720575940628851984,cell_class,AN,1914,400,0.25,0.02,0.01,0.009404388714733543,0.9435736677115988,0.025600835945663532,0.0,0.017763845350052248,0.0036572622779519333,0.0,False,True,False,False,,False,
720575940628851984,cell_class,AN,1914,400,0.25,0.02,0.05,0.009404388714733543,0.9435736677115988,0.025600835945663532,0.0,0.017763845350052248,0.0036572622779519333,0.0,False,True,False,False,,False,
720575940628851984,cell_class,AN,1914,400,0.25,0.02,0.1,0.009404388714733543,0.9435736677115988,0.025600835945663532,0.0,0.017763845350052248,0.0036572622779519333,0.0,False,False,False,False,,False,
720575940628851984,cell_class,AN,1914,400,0.25,0.01,0.01,0.009404388714733543,0.9435736677115988,0.025600835945663532,0.0,0.017763845350052248,0.0036572622779519333,0.0,False,True,False,False,,False,
720575940628851984,cell_class,AN,1914,400,0.25,0.01,0.05,0.009404388714733543,0.9435736677115988,0.025600835945663532,0.0,0.017763845350052248,0.0036572622779519333,0.0,False,True,False,False,,False,
720575940628851984,cell_class,AN,1914,400,0.25,0.01,0.1,0.009404388714733543,0.9435736677115988,0.025600835945663532,0.0,0.017763845350052248,0.0036572622779519333,0.0,False,False,False,False,,False,
720575940623060883,cell_class,AN,985,400,0.25,0.14285714285714285,0.01,0.048730964467005075,0.7949238578680203,0.027411167512690356,0.014213197969543147,0.11370558375634518,0.0,0.0010152284263959391,True,True,True,True,False,,
720575940623060883,cell_class,AN,985,400,0.25,0.14285714285714285,0.05,0.048730964467005075,0.7949238578680203,0.027411167512690356,0.014213197969543147,0.11370558375634518,0.0,0.0010152284263959391,False,True,False,False,False,,
720575940623060883,cell_class,AN,985,400,0.25,0.14285714285714285,0.1,0.048730964467005075,0.7949238578680203,0.027411167512690356,0.014213197969543147,0.11370558375634518,0.0,0.0010152284263959391,False,True,False,False,False,,
720575940623060883,cell_class,AN,985,400,0.25,0.04,0.01,0.048730964467005075,0.7949238578680203,0.027411167512690356,0.014213197969543147,0.11370558375634518,0.0,0.0010152284263959391,True,True,False,True,False,,
720575940623060883,cell_class,AN,985,400,0.25,0.04,0.05,0.048730964467005075,0.7949238578680203,0.027411167512690356,0.014213197969543147,0.11370558375634518,0.0,0.0010152284263959391,False,True,False,False,False,,
720575940623060883,cell_class,AN,985,400,0.25,0.04,0.1,0.048730964467005075,0.7949238578680203,0.027411167512690356,0.014213197969543147,0.11370558375634518,0.0,0.0010152284263959391,False,True,False,False,False,,
720575940623060883,cell_class,AN,985,400,0.25,0.02,0.01,0.048730964467005075,0.7949238578680203,0.027411167512690356,0.014213197969543147,0.11370558375634518,0.0,0.0010152284263959391,True,True,False,True,False,,
720575940623060883,cell_class,AN,985,400,0.25,0.02,0.05,0.048730964467005075,0.7949238578680203,0.027411167512690356,0.014213197969543147,0.11370558375634518,0.0,0.0010152284263959391,False,True,False,False,False,,
720575940623060883,cell_class,AN,985,400,0.25,0.02,0.1,0.048730964467005075,0.7949238578680203,0.027411167512690356,0.014213197969543147,0.11370558375634518,0.0,0.0010152284263959391,False,True,False,False,False,,
720575940623060883,cell_class,AN,985,400,0.25,0.01,0.01,0.048730964467005075,0.7949238578680203,0.027411167512690356,0.014213197969543147,0.11370558375634518,0.0,0.0010152284263959391,True,True,False,True,False,,
720575940623060883,cell_class,AN,985,400,0.25,0.01,0.05,0.048730964467005075,0.7949238578680203,0.027411167512690356,0.014213197969543147,0.11370558375634518,0.0,0.0010152284263959391,False,True,False,False,False,,
720575940623060883,cell_class,AN,985,400,0.25,0.01,0.1,0.048730964467005075,0.7949238578680203,0.027411167512690356,0.014213197969543147,0.11370558375634518,0.0,0.0010152284263959391,False,True,False,False,False,,
720575940625101389,cell_class,AN,501,400,0.25,0.14285714285714285,0.01,0.01996007984031936,0.35528942115768464,0.12375249500998003,0.0,0.49700598802395207,0.003992015968063872,0.0,True,True,True,True,,False,
720575940625101389,cell_class,AN,501,400,0.25,0.14285714285714285,0.05,0.01996007984031936,0.35528942115768464,0.12375249500998003,0.0,0.49700598802395207,0.003992015968063872,0.0,False,True,True,True,,False,
720575940625101389,cell_class,AN,501,400,0.25,0.14285714285714285,0.1,0.01996007984031936,0.35528942115768464,0.12375249500998003,0.0,0.49700598802395207,0.003992015968063872,0.0,False,True,False,True,,False,
720575940625101389,cell_class,AN,501,400,0.25,0.04,0.01,0.01996007984031936,0.35528942115768464,0.12375249500998003,0.0,0.49700598802395207,0.003992015968063872,0.0,False,True,True,True,,False,
720575940625101389,cell_class,AN,501,400,0.25,0.04,0.05,0.01996007984031936,0.35528942115768464,0.12375249500998003,0.0,0.49700598802395207,0.003992015968063872,0.0,False,True,False,True,,False,
720575940625101389,cell_class,AN,501,400,0.25,0.04,0.1,0.01996007984031936,0.35528942115768464,0.12375249500998003,0.0,0.49700598802395207,0.003992015968063872,0.0,False,False,False,False,,False,
720575940625101389,cell_class,AN,501,400,0.25,0.02,0.01,0.01996007984031936,0.35528942115768464,0.12375249500998003,0.0,0.49700598802395207,0.003992015968063872,0.0,False,True,True,True,,False,
720575940625101389,cell_class,AN,501,400,0.25,0.02,0.05,0.01996007984031936,0.35528942115768464,0.12375249500998003,0.0,0.49700598802395207,0.003992015968063872,0.0,False,True,False,True,,False,
720575940625101389,cell_class,AN,501,400,0.25,0.02,0.1,0.01996007984031936,0.35528942115768464,0.12375249500998003,0.0,0.49700598802395207,0.003992015968063872,0.0,False,False,False,False,,False,
720575940625101389,cell_class,AN,501,400,0.25,0.01,0.01,0.01996007984031936,0.35528942115768464,0.12375249500998003,0.0,0.49700598802395207,0.003992015968063872,0.0,False,True,True,True,,False,
720575940625101389,cell_class,AN,501,400,0.25,0.01,0.05,0.01996007984031936,0.35528942115768464,0.12375249500998003,0.0,0.49700598802395207,0.003992015968063872,0.0,False,False,False,False,,False,
720575940625101389,cell_class,AN,501,400,0.25,0.01,0.1,0.01996007984031936,0.35528942115768464,0.12375249500998003,0.0,0.49700598802395207,0.003992015968063872,0.0,False,False,False,False,,False,
720575940618019207,cell_class,AN,841,400,0.25,0.14285714285714285,0.01,0.027348394768133173,0.8287752675386445,0.10463733650416171,0.0,0.034482758620689655,0.0035671819262782403,0.0011890606420927466,False,True,True,True,,False,
720575940618019207,cell_class,AN,841,400,0.25,0.14285714285714285,0.05,0.027348394768133173,0.8287752675386445,0.10463733650416171,0.0,0.034482758620689655,0.0035671819262782403,0.0011890606420927466,False,True,True,False,,False,
720575940618019207,cell_class,AN,841,400,0.25,0.14285714285714285,0.1,0.027348394768133173,0.8287752675386445,0.10463733650416171,0.0,0.034482758620689655,0.0035671819262782403,0.0011890606420927466,False,True,False,False,,False,
720575940618019207,cell_class,AN,841,400,0.25,0.04,0.01,0.027348394768133173,0.8287752675386445,0.10463733650416171,0.0,0.034482758620689655,0.0035671819262782403,0.0011890606420927466,False,True,True,False,,False,
720575940618019207,cell_class,AN,841,400,0.25,0.04,0.05,0.027348394768133173,0.8287752675386445,0.10463733650416171,0.0,0.034482758620689655,0.0035671819262782403,0.0011890606420927466,False,True,False,False,,False,
720575940618019207,cell_class,AN,841,400,0.25,0.04,0.1,0.027348394768133173,0.8287752675386445,0.10463733650416171,0.0,0.034482758620689655,0.0035671819262782403,0.0011890606420927466,False,True,False,False,,False,
720575940618019207,cell_class,AN,841,400,0.25,0.02,0.01,0.027348394768133173,0.8287752675386445,0.10463733650416171,0.0,0.034482758620689655,0.0035671819262782403,0.0011890606420927466,False,True,True,False,,False,
720575940618019207,cell_class,AN,841,400,0.25,0.02,0.05,0.027348394768133173,0.8287752675386445,0.10463733650416171,0.0,0.034482758620689655,0.0035671819262782403,0.0011890606420927466,False,True,False,False,,False,
720575940618019207,cell_class,AN,841,400,0.25,0.02,0.1,0.027348394768133173,0.8287752675386445,0.10463733650416171,0.0,0.034482758620689655,0.0035671819262782403,0.0011890606420927466,False,False,False,False,,False,
720575940618019207,cell_class,AN,841,400,0.25,0.01,0.01,0.027348394768133173,0.8287752675386445,0.10463733650416171,0.0,0.034482758620689655,0.0035671819262782403,0.0011890606420927466,False,True,True,False,,False,
720575940618019207,cell_class,AN,841,400,0.25,0.01,0.05,0.027348394768133173,0.8287752675386445,0.10463733650416171,0.0,0.034482758620689655,0.0035671819262782403,0.0011890606420927466,False,True,False,False,,False,
720575940618019207,cell_class,AN,841,400,0.25,0.01,0.1,0.027348394768133173,0.8287752675386445,0.10463733650416171,0.0,0.034482758620689655,0.0035671819262782403,0.0011890606420927466,False,False,False,False,,False,
720575940610514073,cell_class,AN,2334,400,0.25,0.14285714285714285,0.01,0.04712939160239932,0.6670951156812339,0.0715509854327335,0.05184233076263925,0.10325621251071122,0.05784061696658098,0.0012853470437017994,True,True,True,True,True,True,False
720575940610514073,cell_class,AN,2334,400,0.25,0.14285714285714285,0.05,0.04712939160239932,0.6670951156812339,0.0715509854327335,0.05184233076263925,0.10325621251071122,0.05784061696658098,0.0012853470437017994,False,True,False,False,False,False,False
720575940610514073,cell_class,AN,2334,400,0.25,0.14285714285714285,0.1,0.04712939160239932,0.6670951156812339,0.0715509854327335,0.05184233076263925,0.10325621251071122,0.05784061696658098,0.0012853470437017994,False,True,False,False,False,False,False
720575940610514073,cell_class,AN,2334,400,0.25,0.04,0.01,0.04712939160239932,0.6670951156812339,0.0715509854327335,0.05184233076263925,0.10325621251071122,0.05784061696658098,0.0012853470437017994,False,True,True,True,True,True,False
720575940610514073,cell_class,AN,2334,400,0.25,0.04,0.05,0.04712939160239932,0.6670951156812339,0.0715509854327335,0.05184233076263925,0.10325621251071122,0.05784061696658098,0.0012853470437017994,False,True,False,False,False,False,False
720575940610514073,cell_class,AN,2334,400,0.25,0.04,0.1,0.04712939160239932,0.6670951156812339,0.0715509854327335,0.05184233076263925,0.10325621251071122,0.05784061696658098,0.0012853470437017994,False,False,False,False,False,False,False
720575940610514073,cell_class,AN,2334,400,0.25,0.02,0.01,0.04712939160239932,0.6670951156812339,0.0715509854327335,0.05184233076263925,0.10325621251071122,0.05784061696658098,0.0012853470437017994,False,True,True,True,True,False,False
720575940610514073,cell_class,AN,2334,400,0.25,0.02,0.05,0.04712939160239932,0.6670951156812339,0.0715509854327335,0.05184233076263925,0.10325621251071122,0.05784061696658098,0.0012853470437017994,False,True,False,False,False,False,False
720575940610514073,cell_class,AN,2334,400,0.25,0.02,0.1,0.04712939160239932,0.6670951156812339,0.0715509854327335,0.05184233076263925,0.10325621251071122,0.05784061696658098,0.0012853470437017994,False,False,False,False,False,False,False
720575940610514073,cell_class,AN,2334,400,0.25,0.01,0.01,0.04712939160239932,0.6670951156812339,0.0715509854327335,0.05184233076263925,0.10325621251071122,0.05784061696658098,0.0012853470437017994,False,True,False,False,True,False,False
720575940610514073,cell_class,AN,2334,400,0.25,0.01,0.05,0.04712939160239932,0.6670951156812339,0.0715509854327335,0.05184233076263925,0.10325621251071122,0.05784061696658098,0.0012853470437017994,False,True,False,False,False,False,False
720575940610514073,cell_class,AN,2334,400,0.25,0.01,0.1,0.04712939160239932,0.6670951156812339,0.0715509854327335,0.05184233076263925,0.10325621251071122,0.05784061696658098,0.0012853470437017994,False,False,False,False,False,False,False
720575940628515115,cell_class,AN,632,400,0.25,0.14285714285714285,0.01,0.0031645569620253164,0.569620253164557,0.06329113924050633,0.056962025316455694,0.30063291139240506,0.006329113924050633,0.0,False,True,True,True,True,False,
720575940628515115,cell_class,AN,632,400,0.25,0.14285714285714285,0.05,0.0031645569620253164,0.569620253164557,0.06329113924050633,0.056962025316455694,0.30063291139240506,0.006329113924050633,0.0,False,True,False,True,True,False,
720575940628515115,cell_class,AN,632,400,0.25,0.14285714285714285,0.1,0.0031645569620253164,0.569620253164557,0.06329113924050633,0.056962025316455694,0.30063291139240506,0.006329113924050633,0.0,False,True,False,True,False,False,
720575940628515115,cell_class,AN,632,400,0.25,0.04,0.01,0.0031645569620253164,0.569620253164557,0.06329113924050633,0.056962025316455694,0.30063291139240506,0.006329113924050633,0.0,False,True,True,True,True,False,
720575940628515115,cell_class,AN,632,400,0.25,0.04,0.05,0.0031645569620253164,0.569620253164557,0.06329113924050633,0.056962025316455694,0.30063291139240506,0.006329113924050633,0.0,False,True,False,True,False,False,
720575940628515115,cell_class,AN,632,400,0.25,0.04,0.1,0.0031645569620253164,0.569620253164557,0.06329113924050633,0.056962025316455694,0.30063291139240506,0.006329113924050633,0.0,False,True,False,False,False,False,
720575940628515115,cell_class,AN,632,400,0.25,0.02,0.01,0.0031645569620253164,0.569620253164557,0.06329113924050633,0.056962025316455694,0.30063291139240506,0.006329113924050633,0.0,False,True,True,True,True,False,
720575940628515115,cell_class,AN,632,400,0.25,0.02,0.05,0.0031645569620253164,0.569620253164557,0.06329113924050633,0.056962025316455694,0.30063291139240506,0.006329113924050633,0.0,False,True,False,False,False,False,
720575940628515115,cell_class,AN,632,400,0.25,0.02,0.1,0.0031645569620253164,0.569620253164557,0.06329113924050633,0.056962025316455694,0.30063291139240506,0.006329113924050633,0.0,False,False,False,False,False,False,
720575940628515115,cell_class,AN,632,400,0.25,0.01,0.01,0.0031645569620253164,0.569620253164557,0.06329113924050633,0.056962025316455694,0.30063291139240506,0.006329113924050633,0.0,False,True,True,True,True,False,
720575940628515115,cell_class,AN,632,400,0.25,0.01,0.05,0.0031645569620253164,0.569620253164557,0.06329113924050633,0.056962025316455694,0.30063291139240506,0.006329113924050633,0.0,False,False,False,False,False,False,
720575940628515115,cell_class,AN,632,400,0.25,0.01,0.1,0.0031645569620253164,0.569620253164557,0.06329113924050633,0.056962025316455694,0.30063291139240506,0.006329113924050633,0.0,False,False,False,False,False,False,
720575940623302988,cell_class,AN,16622,400,0.25,0.14285714285714285,0.01,0.0052941884249789435,0.8205390446396342,0.0066778967633257125,0.0072795090843460475,0.1508843701118999,0.009024184815305017,0.00030080616051016726,False,True,False,True,False,False,False
720575940623302988,cell_class,AN,16622,400,0.25,0.14285714285714285,0.05,0.0052941884249789435,0.8205390446396342,0.0066778967633257125,0.0072795090843460475,0.1508843701118999,0.009024184815305017,0.00030080616051016726,False,True,False,True,False,False,False
720575940623302988,cell_class,AN,16622,400,0.25,0.14285714285714285,0.1,0.0052941884249789435,0.8205390446396342,0.0066778967633257125,0.0072795090843460475,0.1508843701118999,0.009024184815305017,0.00030080616051016726,False,True,False,False,False,False,False
720575940623302988,cell_class,AN,16622,400,0.25,0.04,0.01,0.0052941884249789435,0.8205390446396342,0.0066778967633257125,0.0072795090843460475,0.1508843701118999,0.009024184815305017,0.00030080616051016726,False,True,False,True,False,False,False
720575940623302988,cell_class,AN,16622,400,0.25,0.04,0.05,0.0052941884249789435,0.8205390446396342,0.0066778967633257125,0.0072795090843460475,0.1508843701118999,0.009024184815305017,0.00030080616051016726,False,True,False,False,False,False,False
720575940623302988,cell_class,AN,16622,400,0.25,0.04,0.1,0.0052941884249789435,0.8205390446396342,0.0066778967633257125,0.0072795090843460475,0.1508843701118999,0.009024184815305017,0.00030080616051016726,False,True,False,False,False,False,False
720575940623302988,cell_class,AN,16622,400,0.25,0.02,0.01,0.0052941884249789435,0.8205390446396342,0.0066778967633257125,0.0072795090843460475,0.1508843701118999,0.009024184815305017,0.00030080616051016726,False,True,False,True,False,False,False
720575940623302988,cell_class,AN,16622,400,0.25,0.02,0.05,0.0052941884249789435,0.8205390446396342,0.0066778967633257125,0.0072795090843460475,0.1508843701118999,0.009024184815305017,0.00030080616051016726,False,True,False,False,False,False,False
720575940623302988,cell_class,AN,16622,400,0.25,0.02,0.1,0.0052941884249789435,0.8205390446396342,0.0066778967633257125,0.0072795090843460475,0.1508843701118999,0.009024184815305017,0.00030080616051016726,False,False,False,False,False,False,False
720575940623302988,cell_class,AN,16622,400,0.25,0.01,0.01,0.0052941884249789435,0.8205390446396342,0.0066778967633257125,0.0072795090843460475,0.1508843701118999,0.009024184815305017,0.00030080616051016726,False,True,False,True,False,False,False
720575940623302988,cell_class,AN,16622,400,0.25,0.01,0.05,0.0052941884249789435,0.8205390446396342,0.0066778967633257125,0.0072795090843460475,0.1508843701118999,0.009024184815305017,0.00030080616051016726,False,False,False,False,False,False,False
720575940623302988,cell_class,AN,16622,400,0.25,0.01,0.1,0.0052941884249789435,0.8205390446396342,0.0066778967633257125,0.0072795090843460475,0.1508843701118999,0.009024184815305017,0.00030080616051016726,False,False,False,False,False,False,False
720575940624910128,cell_class,AN,3317,400,0.25,0.14285714285714285,0.01,0.00964727163099186,0.8926741031052156,0.03165511003919204,0.006632499246306904,0.0413023816701839,0.01808863430810974,0.0,False,True,True,True,False,False,
720575940624910128,cell_class,AN,3317,400,0.25,0.14285714285714285,0.05,0.00964727163099186,0.8926741031052156,0.03165511003919204,0.006632499246306904,0.0413023816701839,0.01808863430810974,0.0,False,True,False,False,False,False,
720575940624910128,cell_class,AN,3317,400,0.25,0.14285714285714285,0.1,0.00964727163099186,0.8926741031052156,0.03165511003919204,0.006632499246306904,0.0413023816701839,0.01808863430810974,0.0,False,True,False,False,False,False,
720575940624910128,cell_class,AN,3317,400,0.25,0.04,0.01,0.00964727163099186,0.8926741031052156,0.03165511003919204,0.006632499246306904,0.0413023816701839,0.01808863430810974,0.0,False,True,True,False,False,False,
720575940624910128,cell_class,AN,3317,400,0.25,0.04,0.05,0.00964727163099186,0.8926741031052156,0.03165511003919204,0.006632499246306904,0.0413023816701839,0.01808863430810974,0.0,False,True,False,False,False,False,
720575940624910128,cell_class,AN,3317,400,0.25,0.04,0.1,0.00964727163099186,0.8926741031052156,0.03165511003919204,0.006632499246306904,0.0413023816701839,0.01808863430810974,0.0,False,True,False,False,False,False,
720575940624910128,cell_class,AN,3317,400,0.25,0.02,0.01,0.00964727163099186,0.8926741031052156,0.03165511003919204,0.006632499246306904,0.0413023816701839,0.01808863430810974,0.0,False,True,False,False,False,False,
720575940624910128,cell_class,AN,3317,400,0.25,0.02,0.05,0.00964727163099186,0.8926741031052156,0.03165511003919204,0.006632499246306904,0.0413023816701839,0.01808863430810974,0.0,False,True,False,False,False,False,
720575940624910128,cell_class,AN,3317,400,0.25,0.02,0.1,0.00964727163099186,0.8926741031052156,0.03165511003919204,0.006632499246306904,0.0413023816701839,0.01808863430810974,0.0,False,True,False,False,False,False,
720575940624910128,cell_class,AN,3317,400,0.25,0.01,0.01,0.00964727163099186,0.8926741031052156,0.03165511003919204,0.006632499246306904,0.0413023816701839,0.01808863430810974,0.0,False,True,False,False,False,False,
720575940624910128,cell_class,AN,3317,400,0.25,0.01,0.05,0.00964727163099186,0.8926741031052156,0.03165511003919204,0.006632499246306904,0.0413023816701839,0.01808863430810974,0.0,False,True,False,False,False,False,
720575940624910128,cell_class,AN,3317,400,0.25,0.01,0.1,0.00964727163099186,0.8926741031052156,0.03165511003919204,0.006632499246306904,0.0413023816701839,0.01808863430810974,0.0,False,False,False,False,False,False,
720575940611123093,cell_class,AN,3034,400,0.25,0.14285714285714285,0.01,0.6924851680949242,0.17699406723796968,0.1094264996704021,0.0006591957811470006,0.010876730388925511,0.00922874093605801,0.0003295978905735003,True,True,True,False,False,False,
720575940611123093,cell_class,AN,3034,400,0.25,0.14285714285714285,0.05,0.6924851680949242,0.17699406723796968,0.1094264996704021,0.0006591957811470006,0.010876730388925511,0.00922874093605801,0.0003295978905735003,True,True,False,False,False,False,
720575940611123093,cell_class,AN,3034,400,0.25,0.14285714285714285,0.1,0.6924851680949242,0.17699406723796968,0.1094264996704021,0.0006591957811470006,0.010876730388925511,0.00922874093605801,0.0003295978905735003,True,False,False,False,False,False,
720575940611123093,cell_class,AN,3034,400,0.25,0.04,0.01,0.6924851680949242,0.17699406723796968,0.1094264996704021,0.0006591957811470006,0.010876730388925511,0.00922874093605801,0.0003295978905735003,True,True,True,False,False,False,
720575940611123093,cell_class,AN,3034,400,0.25,0.04,0.05,0.6924851680949242,0.17699406723796968,0.1094264996704021,0.0006591957811470006,0.010876730388925511,0.00922874093605801,0.0003295978905735003,True,False,False,False,False,False,
720575940611123093,cell_class,AN,3034,400,0.25,0.04,0.1,0.6924851680949242,0.17699406723796968,0.1094264996704021,0.0006591957811470006,0.010876730388925511,0.00922874093605801,0.0003295978905735003,False,False,False,False,False,False,
720575940611123093,cell_class,AN,3034,400,0.25,0.02,0.01,0.6924851680949242,0.17699406723796968,0.1094264996704021,0.0006591957811470006,0.010876730388925511,0.00922874093605801,0.0003295978905735003,True,True,False,False,False,False,
720575940611123093,cell_class,AN,3034,400,0.25,0.02,0.05,0.6924851680949242,0.17699406723796968,0.1094264996704021,0.0006591957811470006,0.010876730388925511,0.00922874093605801,0.0003295978905735003,True,False,False,False,False,False,
720575940611123093,cell_class,AN,3034,400,0.25,0.02,0.1,0.6924851680949242,0.17699406723796968,0.1094264996704021,0.0006591957811470006,0.010876730388925511,0.00922874093605801,0.0003295978905735003,False,False,False,False,False,False,
720575940611123093,cell_class,AN,3034,400,0.25,0.01,0.01,0.6924851680949242,0.17699406723796968,0.1094264996704021,0.0006591957811470006,0.010876730388925511,0.00922874093605801,0.0003295978905735003,True,True,False,False,False,False,
720575940611123093,cell_class,AN,3034,400,0.25,0.01,0.05,0.6924851680949242,0.17699406723796968,0.1094264996704021,0.0006591957811470006,0.010876730388925511,0.00922874093605801,0.0003295978905735003,False,False,False,False,False,False,
720575940611123093,cell_class,AN,3034,400,0.25,0.01,0.1,0.6924851680949242,0.17699406723796968,0.1094264996704021,0.0006591957811470006,0.010876730388925511,0.00922874093605801,0.0003295978905735003,False,False,False,False,False,False,
720575940620811656,cell_class,AN,1733,400,0.25,0.14285714285714285,0.01,0.25389497980380843,0.1984997114829775,0.517599538372764,0.002308136180034622,0.013848817080207732,0.013271783035199077,0.0005770340450086555,True,True,True,False,False,False,
720575940620811656,cell_class,AN,1733,400,0.25,0.14285714285714285,0.05,0.25389497980380843,0.1984997114829775,0.517599538372764,0.002308136180034622,0.013848817080207732,0.013271783035199077,0.0005770340450086555,True,True,True,False,False,False,
720575940620811656,cell_class,AN,1733,400,0.25,0.14285714285714285,0.1,0.25389497980380843,0.1984997114829775,0.517599538372764,0.002308136180034622,0.013848817080207732,0.013271783035199077,0.0005770340450086555,False,False,True,False,False,False,
720575940620811656,cell_class,AN,1733,400,0.25,0.04,0.01,0.25389497980380843,0.1984997114829775,0.517599538372764,0.002308136180034622,0.013848817080207732,0.013271783035199077,0.0005770340450086555,True,True,True,False,False,False,
720575940620811656,cell_class,AN,1733,400,0.25,0.04,0.05,0.25389497980380843,0.1984997114829775,0.517599538372764,0.002308136180034622,0.013848817080207732,0.013271783035199077,0.0005770340450086555,False,False,True,False,False,False,
720575940620811656,cell_class,AN,1733,400,0.25,0.04,0.1,0.25389497980380843,0.1984997114829775,0.517599538372764,0.002308136180034622,0.013848817080207732,0.013271783035199077,0.0005770340450086555,False,False,False,False,False,False,
720575940620811656,cell_class,AN,1733,400,0.25,0.02,0.01,0.25389497980380843,0.1984997114829775,0.517599538372764,0.002308136180034622,0.013848817080207732,0.013271783035199077,0.0005770340450086555,True,True,True,False,False,False,
720575940620811656,cell_class,AN,1733,400,0.25,0.02,0.05,0.25389497980380843,0.1984997114829775,0.517599538372764,0.002308136180034622,0.013848817080207732,0.013271783035199077,0.0005770340450086555,False,False,True,False,False,False,
720575940620811656,cell_class,AN,1733,400,0.25,0.02,0.1,0.25389497980380843,0.1984997114829775,0.517599538372764,0.002308136180034622,0.013848817080207732,0.013271783035199077,0.0005770340450086555,False,False,False,False,False,False,
720575940620811656,cell_class,AN,1733,400,0.25,0.01,0.01,0.25389497980380843,0.1984997114829775,0.517599538372764,0.002308136180034622,0.013848817080207732,0.013271783035199077,0.0005770340450086555,True,True,True,False,False,False,
720575940620811656,cell_class,AN,1733,400,0.25,0.01,0.05,0.25389497980380843,0.1984997114829775,0.517599538372764,0.002308136180034622,0.013848817080207732,0.013271783035199077,0.0005770340450086555,False,False,False,False,False,False,
720575940620811656,cell_class,AN,1733,400,0.25,0.01,0.1,0.25389497980380843,0.1984997114829775,0.517599538372764,0.002308136180034622,0.013848817080207732,0.013271783035199077,0.0005770340450086555,False,False,False,False,False,False,
720575940643683744,cell_class,AN,14543,400,0.25,0.14285714285714285,0.01,0.014439936739324762,0.9100598225950629,0.028879873478649523,0.006463590730935846,0.01877191776112219,0.021178573884342983,0.0002062848105617823,True,True,True,False,False,True,False
720575940643683744,cell_class,AN,14543,400,0.25,0.14285714285714285,0.05,0.014439936739324762,0.9100598225950629,0.028879873478649523,0.006463590730935846,0.01877191776112219,0.021178573884342983,0.0002062848105617823,False,True,False,False,False,False,False
720575940643683744,cell_class,AN,14543,400,0.25,0.14285714285714285,0.1,0.014439936739324762,0.9100598225950629,0.028879873478649523,0.006463590730935846,0.01877191776112219,0.021178573884342983,0.0002062848105617823,False,True,False,False,False,False,False
720575940643683744,cell_class,AN,14543,400,0.25,0.04,0.01,0.014439936739324762,0.9100598225950629,0.028879873478649523,0.006463590730935846,0.01877191776112219,0.021178573884342983,0.0002062848105617823,False,True,False,False,False,False,False
720575940643683744,cell_class,AN,14543,400,0.25,0.04,0.05,0.014439936739324762,0.9100598225950629,0.028879873478649523,0.006463590730935846,0.01877191776112219,0.021178573884342983,0.0002062848105617823,False,True,False,False,False,False,False
720575940643683744,cell_class,AN,14543,400,0.25,0.04,0.1,0.014439936739324762,0.9100598225950629,0.028879873478649523,0.006463590730935846,0.01877191776112219,0.021178573884342983,0.0002062848105617823,False,True,False,False,False,False,False
720575940643683744,cell_class,AN,14543,400,0.25,0.02,0.01,0.014439936739324762,0.9100598225950629,0.028879873478649523,0.006463590730935846,0.01877191776112219,0.021178573884342983,0.0002062848105617823,False,True,False,False,False,False,False
720575940643683744,cell_class,AN,14543,400,0.25,0.02,0.05,0.014439936739324762,0.9100598225950629,0.028879873478649523,0.006463590730935846,0.01877191776112219,0.021178573884342983,0.0002062848105617823,False,True,False,False,False,False,False
720575940643683744,cell_class,AN,14543,400,0.25,0.02,0.1,0.014439936739324762,0.9100598225950629,0.028879873478649523,0.006463590730935846,0.01877191776112219,0.021178573884342983,0.0002062848105617823,False,False,False,False,False,False,False
720575940643683744,cell_class,AN,14543,400,0.25,0.01,0.01,0.014439936739324762,0.9100598225950629,0.028879873478649523,0.006463590730935846,0.01877191776112219,0.021178573884342983,0.0002062848105617823,False,True,False,False,False,False,False
720575940643683744,cell_class,AN,14543,400,0.25,0.01,0.05,0.014439936739324762,0.9100598225950629,0.028879873478649523,0.006463590730935846,0.01877191776112219,0.021178573884342983,0.0002062848105617823,False,False,False,False,False,False,False
720575940643683744,cell_class,AN,14543,400,0.25,0.01,0.1,0.014439936739324762,0.9100598225950629,0.028879873478649523,0.006463590730935846,0.01877191776112219,0.021178573884342983,0.0002062848105617823,False,False,False,False,False,False,False
720575940633884512,cell_class,AN,5107,400,0.25,0.14285714285714285,0.01,0.8347366359898178,0.07558253377716859,0.052868611709418444,0.005678480516937537,0.027217544546700608,0.003720383786959076,0.00019580967299784609,True,True,True,False,False,False,
720575940633884512,cell_class,AN,5107,400,0.25,0.14285714285714285,0.05,0.8347366359898178,0.07558253377716859,0.052868611709418444,0.005678480516937537,0.027217544546700608,0.003720383786959076,0.00019580967299784609,True,False,False,False,False,False,
720575940633884512,cell_class,AN,5107,400,0.25,0.14285714285714285,0.1,0.8347366359898178,0.07558253377716859,0.052868611709418444,0.005678480516937537,0.027217544546700608,0.003720383786959076,0.00019580967299784609,True,False,False,False,False,False,
720575940633884512,cell_class,AN,5107,400,0.25,0.04,0.01,0.8347366359898178,0.07558253377716859,0.052868611709418444,0.005678480516937537,0.027217544546700608,0.003720383786959076,0.00019580967299784609,True,True,True,False,False,False,
720575940633884512,cell_class,AN,5107,400,0.25,0.04,0.05,0.8347366359898178,0.07558253377716859,0.052868611709418444,0.005678480516937537,0.027217544546700608,0.003720383786959076,0.00019580967299784609,True,False,False,False,False,False,
720575940633884512,cell_class,AN,5107,400,0.25,0.04,0.1,0.8347366359898178,0.07558253377716859,0.052868611709418444,0.005678480516937537,0.027217544546700608,0.003720383786959076,0.00019580967299784609,False,False,False,False,False,False,
720575940633884512,cell_class,AN,5107,400,0.25,0.02,0.01,0.8347366359898178,0.07558253377716859,0.052868611709418444,0.005678480516937537,0.027217544546700608,0.003720383786959076,0.00019580967299784609,True,True,False,False,False,False,
720575940633884512,cell_class,AN,5107,400,0.25,0.02,0.05,0.8347366359898178,0.07558253377716859,0.052868611709418444,0.005678480516937537,0.027217544546700608,0.003720383786959076,0.00019580967299784609,True,False,False,False,False,False,
720575940633884512,cell_class,AN,5107,400,0.25,0.02,0.1,0.8347366359898178,0.07558253377716859,0.052868611709418444,0.005678480516937537,0.027217544546700608,0.003720383786959076,0.00019580967299784609,False,False,False,False,False,False,
720575940633884512,cell_class,AN,5107,400,0.25,0.01,0.01,0.8347366359898178,0.07558253377716859,0.052868611709418444,0.005678480516937537,0.027217544546700608,0.003720383786959076,0.00019580967299784609,True,False,False,False,False,False,
720575940633884512,cell_class,AN,5107,400,0.25,0.01,0.05,0.8347366359898178,0.07558253377716859,0.052868611709418444,0.005678480516937537,0.027217544546700608,0.003720383786959076,0.00019580967299784609,False,False,False,False,False,False,
720575940633884512,cell_class,AN,5107,400,0.25,0.01,0.1,0.8347366359898178,0.07558253377716859,0.052868611709418444,0.005678480516937537,0.027217544546700608,0.003720383786959076,0.00019580967299784609,False,False,False,False,False,False,
720575940609651758,cell_class,AN,2334,400,0.25,0.14285714285714285,0.01,0.23093401885175663,0.6589545844044559,0.05698371893744644,0.017994858611825194,0.02313624678663239,0.011139674378748929,0.000856898029134533,True,True,True,False,False,False,False
720575940609651758,cell_class,AN,2334,400,0.25,0.14285714285714285,0.05,0.23093401885175663,0.6589545844044559,0.05698371893744644,0.017994858611825194,0.02313624678663239,0.011139674378748929,0.000856898029134533,True,True,False,False,False,False,False
720575940609651758,cell_class,AN,2334,400,0.25,0.14285714285714285,0.1,0.23093401885175663,0.6589545844044559,0.05698371893744644,0.017994858611825194,0.02313624678663239,0.011139674378748929,0.000856898029134533,True,True,False,False,False,False,False
720575940609651758,cell_class,AN,2334,400,0.25,0.04,0.01,0.23093401885175663,0.6589545844044559,0.05698371893744644,0.017994858611825194,0.02313624678663239,0.011139674378748929,0.000856898029134533,True,True,True,False,False,False,False
720575940609651758,cell_class,AN,2334,400,0.25,0.04,0.05,0.23093401885175663,0.6589545844044559,0.05698371893744644,0.017994858611825194,0.02313624678663239,0.011139674378748929,0.000856898029134533,True,True,False,False,False,False,False
720575940609651758,cell_class,AN,2334,400,0.25,0.04,0.1,0.23093401885175663,0.6589545844044559,0.05698371893744644,0.017994858611825194,0.02313624678663239,0.011139674378748929,0.000856898029134533,False,True,False,False,False,False,False
720575940609651758,cell_class,AN,2334,400,0.25,0.02,0.01,0.23093401885175663,0.6589545844044559,0.05698371893744644,0.017994858611825194,0.02313624678663239,0.011139674378748929,0.000856898029134533,True,True,False,False,False,False,False
720575940609651758,cell_class,AN,2334,400,0.25,0.02,0.05,0.23093401885175663,0.6589545844044559,0.05698371893744644,0.017994858611825194,0.02313624678663239,0.011139674378748929,0.000856898029134533,True,True,False,False,False,False,False
720575940609651758,cell_class,AN,2334,400,0.25,0.02,0.1,0.23093401885175663,0.6589545844044559,0.05698371893744644,0.017994858611825194,0.02313624678663239,0.011139674378748929,0.000856898029134533,False,False,False,False,False,False,False
720575940609651758,cell_class,AN,2334,400,0.25,0.01,0.01,0.23093401885175663,0.6589545844044559,0.05698371893744644,0.017994858611825194,0.02313624678663239,0.011139674378748929,0.000856898029134533,True,True,False,False,False,False,False
720575940609651758,cell_class,AN,2334,400,0.25,0.01,0.05,0.23093401885175663,0.6589545844044559,0.05698371893744644,0.017994858611825194,0.02313624678663239,0.011139674378748929,0.000856898029134533,True,True,False,False,False,False,False
720575940609651758,cell_class,AN,2334,400,0.25,0.01,0.1,0.23093401885175663,0.6589545844044559,0.05698371893744644,0.017994858611825194,0.02313624678663239,0.011139674378748929,0.000856898029134533,False,False,False,False,False,False,False
720575940620631974,cell_class,AN,3234,400,0.25,0.14285714285714285,0.01,0.032158317872603585,0.6963512677798392,0.09183673469387756,0.00927643784786642,0.16481137909709337,0.00463821892393321,0.0009276437847866419,True,True,True,True,False,False,False
720575940620631974,cell_class,AN,3234,400,0.25,0.14285714285714285,0.05,0.032158317872603585,0.6963512677798392,0.09183673469387756,0.00927643784786642,0.16481137909709337,0.00463821892393321,0.0009276437847866419,False,True,False,True,False,False,False
720575940620631974,cell_class,AN,3234,400,0.25,0.14285714285714285,0.1,0.032158317872603585,0.6963512677798392,0.09183673469387756,0.00927643784786642,0.16481137909709337,0.00463821892393321,0.0009276437847866419,False,True,False,False,False,False,False
720575940620631974,cell_class,AN,3234,400,0.25,0.04,0.01,0.032158317872603585,0.6963512677798392,0.09183673469387756,0.00927643784786642,0.16481137909709337,0.00463821892393321,0.0009276437847866419,False,True,True,True,False,False,False
720575940620631974,cell_class,AN,3234,400,0.25,0.04,0.05,0.032158317872603585,0.6963512677798392,0.09183673469387756,0.00927643784786642,0.16481137909709337,0.00463821892393321,0.0009276437847866419,False,True,False,False,False,False,False
720575940620631974,cell_class,AN,3234,400,0.25,0.04,0.1,0.032158317872603585,0.6963512677798392,0.09183673469387756,0.00927643784786642,0.16481137909709337,0.00463821892393321,0.0009276437847866419,False,True,False,False,False,False,False
720575940620631974,cell_class,AN,3234,400,0.25,0.02,0.01,0.032158317872603585,0.6963512677798392,0.09183673469387756,0.00927643784786642,0.16481137909709337,0.00463821892393321,0.0009276437847866419,False,True,True,True,False,False,False
720575940620631974,cell_class,AN,3234,400,0.25,0.02,0.05,0.032158317872603585,0.6963512677798392,0.09183673469387756,0.00927643784786642,0.16481137909709337,0.00463821892393321,0.0009276437847866419,False,False,False,False,False,False,False
720575940620631974,cell_class,AN,3234,400,0.25,0.02,0.1,0.032158317872603585,0.6963512677798392,0.09183673469387756,0.00927643784786642,0.16481137909709337,0.00463821892393321,0.0009276437847866419,False,False,False,False,False,False,False
720575940620631974,cell_class,AN,3234,400,0.25,0.01,0.01,0.032158317872603585,0.6963512677798392,0.09183673469387756,0.00927643784786642,0.16481137909709337,0.00463821892393321,0.0009276437847866419,False,True,False,False,False,False,False
720575940620631974,cell_class,AN,3234,400,0.25,0.01,0.05,0.032158317872603585,0.6963512677798392,0.09183673469387756,0.00927643784786642,0.16481137909709337,0.00463821892393321,0.0009276437847866419,False,False,False,False,False,False,False
720575940620631974,cell_class,AN,3234,400,0.25,0.01,0.1,0.032158317872603585,0.6963512677798392,0.09183673469387756,0.00927643784786642,0.16481137909709337,0.00463821892393321,0.0009276437847866419,False,False,False,False,False,False,False
720575940619373703,cell_class,AN,13105,400,0.25,0.14285714285714285,0.01,0.011064479206409768,0.9210225104921785,0.024723388019839757,0.008698969858832506,0.021060663868752386,0.012972148035101107,0.0004578405188859214,False,True,True,True,False,False,False
720575940619373703,cell_class,AN,13105,400,0.25,0.14285714285714285,0.05,0.011064479206409768,0.9210225104921785,0.024723388019839757,0.008698969858832506,0.021060663868752386,0.012972148035101107,0.0004578405188859214,False,True,False,False,False,False,False
720575940619373703,cell_class,AN,13105,400,0.25,0.14285714285714285,0.1,0.011064479206409768,0.9210225104921785,0.024723388019839757,0.008698969858832506,0.021060663868752386,0.012972148035101107,0.0004578405188859214,False,True,False,False,False,False,False
720575940619373703,cell_class,AN,13105,400,0.25,0.04,0.01,0.011064479206409768,0.9210225104921785,0.024723388019839757,0.008698969858832506,0.021060663868752386,0.012972148035101107,0.0004578405188859214,False,True,False,False,False,False,False
720575940619373703,cell_class,AN,13105,400,0.25,0.04,0.05,0.011064479206409768,0.9210225104921785,0.024723388019839757,0.008698969858832506,0.021060663868752386,0.012972148035101107,0.0004578405188859214,False,True,False,False,False,False,False
720575940619373703,cell_class,AN,13105,400,0.25,0.04,0.1,0.011064479206409768,0.9210225104921785,0.024723388019839757,0.008698969858832506,0.021060663868752386,0.012972148035101107,0.0004578405188859214,False,True,False,False,False,False,False
720575940619373703,cell_class,AN,13105,400,0.25,0.02,0.01,0.011064479206409768,0.9210225104921785,0.024723388019839757,0.008698969858832506,0.021060663868752386,0.012972148035101107,0.0004578405188859214,False,True,False,False,False,False,False
720575940619373703,cell_class,AN,13105,400,0.25,0.02,0.05,0.011064479206409768,0.9210225104921785,0.024723388019839757,0.008698969858832506,0.021060663868752386,0.012972148035101107,0.0004578405188859214,False,True,False,False,False,False,False
720575940619373703,cell_class,AN,13105,400,0.25,0.02,0.1,0.011064479206409768,0.9210225104921785,0.024723388019839757,0.008698969858832506,0.021060663868752386,0.012972148035101107,0.0004578405188859214,False,False,False,False,False,False,False
720575940619373703,cell_class,AN,13105,400,0.25,0.01,0.01,0.011064479206409768,0.9210225104921785,0.024723388019839757,0.008698969858832506,0.021060663868752386,0.012972148035101107,0.0004578405188859214,False,True,False,False,False,False,False
720575940619373703,cell_class,AN,13105,400,0.25,0.01,0.05,0.011064479206409768,0.9210225104921785,0.024723388019839757,0.008698969858832506,0.021060663868752386,0.012972148035101107,0.0004578405188859214,False,True,False,False,False,False,False
720575940619373703,cell_class,AN,13105,400,0.25,0.01,0.1,0.011064479206409768,0.9210225104921785,0.024723388019839757,0.008698969858832506,0.021060663868752386,0.012972148035101107,0.0004578405188859214,False,False,False,False,False,False,False
720575940610784370,cell_class,AN,4318,400,0.25,0.14285714285714285,0.01,0.6245947197776749,0.3434460398332561,0.020611394163964798,0.0002315886984715146,0.007874015748031496,0.003242241778601204,0.0,True,True,True,False,,False,
720575940610784370,cell_class,AN,4318,400,0.25,0.14285714285714285,0.05,0.6245947197776749,0.3434460398332561,0.020611394163964798,0.0002315886984715146,0.007874015748031496,0.003242241778601204,0.0,True,True,False,False,,False,
720575940610784370,cell_class,AN,4318,400,0.25,0.14285714285714285,0.1,0.6245947197776749,0.3434460398332561,0.020611394163964798,0.0002315886984715146,0.007874015748031496,0.003242241778601204,0.0,True,True,False,False,,False,
720575940610784370,cell_class,AN,4318,400,0.25,0.04,0.01,0.6245947197776749,0.3434460398332561,0.020611394163964798,0.0002315886984715146,0.007874015748031496,0.003242241778601204,0.0,True,True,False,False,,False,
720575940610784370,cell_class,AN,4318,400,0.25,0.04,0.05,0.6245947197776749,0.3434460398332561,0.020611394163964798,0.0002315886984715146,0.007874015748031496,0.003242241778601204,0.0,True,True,False,False,,False,
720575940610784370,cell_class,AN,4318,400,0.25,0.04,0.1,0.6245947197776749,0.3434460398332561,0.020611394163964798,0.0002315886984715146,0.007874015748031496,0.003242241778601204,0.0,False,False,False,False,,False,
720575940610784370,cell_class,AN,4318,400,0.25,0.02,0.01,0.6245947197776749,0.3434460398332561,0.020611394163964798,0.0002315886984715146,0.007874015748031496,0.003242241778601204,0.0,True,True,False,False,,False,
720575940610784370,cell_class,AN,4318,400,0.25,0.02,0.05,0.6245947197776749,0.3434460398332561,0.020611394163964798,0.0002315886984715146,0.007874015748031496,0.003242241778601204,0.0,False,False,False,False,,False,
720575940610784370,cell_class,AN,4318,400,0.25,0.02,0.1,0.6245947197776749,0.3434460398332561,0.020611394163964798,0.0002315886984715146,0.007874015748031496,0.003242241778601204,0.0,False,False,False,False,,False,
720575940610784370,cell_class,AN,4318,400,0.25,0.01,0.01,0.6245947197776749,0.3434460398332561,0.020611394163964798,0.0002315886984715146,0.007874015748031496,0.003242241778601204,0.0,True,True,False,False,,False,
720575940610784370,cell_class,AN,4318,400,0.25,0.01,0.05,0.6245947197776749,0.3434460398332561,0.020611394163964798,0.0002315886984715146,0.007874015748031496,0.003242241778601204,0.0,False,False,False,False,,False,
720575940610784370,cell_class,AN,4318,400,0.25,0.01,0.1,0.6245947197776749,0.3434460398332561,0.020611394163964798,0.0002315886984715146,0.007874015748031496,0.003242241778601204,0.0,False,False,False,False,,False,
720575940639811024,cell_class,AN,2696,400,0.25,0.14285714285714285,0.01,0.00741839762611276,0.9655044510385756,0.0033382789317507417,0.001112759643916914,0.009643916913946587,0.012611275964391691,0.000370919881305638,False,True,False,False,False,False,
720575940639811024,cell_class,AN,2696,400,0.25,0.14285714285714285,0.05,0.00741839762611276,0.9655044510385756,0.0033382789317507417,0.001112759643916914,0.009643916913946587,0.012611275964391691,0.000370919881305638,False,True,False,False,False,False,
720575940639811024,cell_class,AN,2696,400,0.25,0.14285714285714285,0.1,0.00741839762611276,0.9655044510385756,0.0033382789317507417,0.001112759643916914,0.009643916913946587,0.012611275964391691,0.000370919881305638,False,True,False,False,False,False,
720575940639811024,cell_class,AN,2696,400,0.25,0.04,0.01,0.00741839762611276,0.9655044510385756,0.0033382789317507417,0.001112759643916914,0.009643916913946587,0.012611275964391691,0.000370919881305638,False,True,False,False,False,False,
720575940639811024,cell_class,AN,2696,400,0.25,0.04,0.05,0.00741839762611276,0.9655044510385756,0.0033382789317507417,0.001112759643916914,0.009643916913946587,0.012611275964391691,0.000370919881305638,False,True,False,False,False,False,
720575940639811024,cell_class,AN,2696,400,0.25,0.04,0.1,0.00741839762611276,0.9655044510385756,0.0033382789317507417,0.001112759643916914,0.009643916913946587,0.012611275964391691,0.000370919881305638,False,True,False,False,False,False,
720575940639811024,cell_class,AN,2696,400,0.25,0.02,0.01,0.00741839762611276,0.9655044510385756,0.0033382789317507417,0.001112759643916914,0.009643916913946587,0.012611275964391691,0.000370919881305638,False,True,False,False,False,False,
720575940639811024,cell_class,AN,2696,400,0.25,0.02,0.05,0.00741839762611276,0.9655044510385756,0.0033382789317507417,0.001112759643916914,0.009643916913946587,0.012611275964391691,0.000370919881305638,False,True,False,False,False,False,
720575940639811024,cell_class,AN,2696,400,0.25,0.02,0.1,0.00741839762611276,0.9655044510385756,0.0033382789317507417,0.001112759643916914,0.009643916913946587,0.012611275964391691,0.000370919881305638,False,False,False,False,False,False,
720575940639811024,cell_class,AN,2696,400,0.25,0.01,0.01,0.00741839762611276,0.9655044510385756,0.0033382789317507417,0.001112759643916914,0.009643916913946587,0.012611275964391691,0.000370919881305638,False,True,False,False,False,False,
720575940639811024,cell_class,AN,2696,400,0.25,0.01,0.05,0.00741839762611276,0.9655044510385756,0.0033382789317507417,0.001112759643916914,0.009643916913946587,0.012611275964391691,0.000370919881305638,False,False,False,False,False,False,
720575940639811024,cell_class,AN,2696,400,0.25,0.01,0.1,0.00741839762611276,0.9655044510385756,0.0033382789317507417,0.001112759643916914,0.009643916913946587,0.012611275964391691,0.000370919881305638,False,False,False,False,False,False,
720575940621057285,cell_class,AN,8273,400,0.25,0.14285714285714285,0.01,0.017647769853741085,0.9489906926145292,0.012329263870421854,0.004835005439381119,0.012450139006406383,0.0035053789435513117,0.00024175027196905597,True,True,False,False,False,False,False
720575940621057285,cell_class,AN,8273,400,0.25,0.14285714285714285,0.05,0.017647769853741085,0.9489906926145292,0.012329263870421854,0.004835005439381119,0.012450139006406383,0.0035053789435513117,0.00024175027196905597,False,True,False,False,False,False,False
720575940621057285,cell_class,AN,8273,400,0.25,0.14285714285714285,0.1,0.017647769853741085,0.9489906926145292,0.012329263870421854,0.004835005439381119,0.012450139006406383,0.0035053789435513117,0.00024175027196905597,False,True,False,False,False,False,False
720575940621057285,cell_class,AN,8273,400,0.25,0.04,0.01,0.017647769853741085,0.9489906926145292,0.012329263870421854,0.004835005439381119,0.012450139006406383,0.0035053789435513117,0.00024175027196905597,False,True,False,False,False,False,False
720575940621057285,cell_class,AN,8273,400,0.25,0.04,0.05,0.017647769853741085,0.9489906926145292,0.012329263870421854,0.004835005439381119,0.012450139006406383,0.0035053789435513117,0.00024175027196905597,False,True,False,False,False,False,False
720575940621057285,cell_class,AN,8273,400,0.25,0.04,0.1,0.017647769853741085,0.9489906926145292,0.012329263870421854,0.004835005439381119,0.012450139006406383,0.0035053789435513117,0.00024175027196905597,False,True,False,False,False,False,False
720575940621057285,cell_class,AN,8273,400,0.25,0.02,0.01,0.017647769853741085,0.9489906926145292,0.012329263870421854,0.004835005439381119,0.012450139006406383,0.0035053789435513117,0.00024175027196905597,False,True,False,False,False,False,False
720575940621057285,cell_class,AN,8273,400,0.25,0.02,0.05,0.017647769853741085,0.9489906926145292,0.012329263870421854,0.004835005439381119,0.012450139006406383,0.0035053789435513117,0.00024175027196905597,False,True,False,False,False,False,False
720575940621057285,cell_class,AN,8273,400,0.25,0.02,0.1,0.017647769853741085,0.9489906926145292,0.012329263870421854,0.004835005439381119,0.012450139006406383,0.0035053789435513117,0.00024175027196905597,False,False,False,False,False,False,False
720575940621057285,cell_class,AN,8273,400,0.25,0.01,0.01,0.017647769853741085,0.9489906926145292,0.012329263870421854,0.004835005439381119,0.012450139006406383,0.0035053789435513117,0.00024175027196905597,False,True,False,False,False,False,False
720575940621057285,cell_class,AN,8273,400,0.25,0.01,0.05,0.017647769853741085,0.9489906926145292,0.012329263870421854,0.004835005439381119,0.012450139006406383,0.0035053789435513117,0.00024175027196905597,False,False,False,False,False,False,False
720575940621057285,cell_class,AN,8273,400,0.25,0.01,0.1,0.017647769853741085,0.9489906926145292,0.012329263870421854,0.004835005439381119,0.012450139006406383,0.0035053789435513117,0.00024175027196905597,False,False,False,False,False,False,False
720575940629185084,cell_class,AN,1607,400,0.25,0.14285714285714285,0.01,0.0074673304293715,0.05102675793403858,0.8867454884878656,0.0006222775357809583,0.019912881144990666,0.03360298693217175,0.0006222775357809583,False,True,True,False,,True,
720575940629185084,cell_class,AN,1607,400,0.25,0.14285714285714285,0.05,0.0074673304293715,0.05102675793403858,0.8867454884878656,0.0006222775357809583,0.019912881144990666,0.03360298693217175,0.0006222775357809583,False,False,True,False,,False,
720575940629185084,cell_class,AN,1607,400,0.25,0.14285714285714285,0.1,0.0074673304293715,0.05102675793403858,0.8867454884878656,0.0006222775357809583,0.019912881144990666,0.03360298693217175,0.0006222775357809583,False,False,True,False,,False,
720575940629185084,cell_class,AN,1607,400,0.25,0.04,0.01,0.0074673304293715,0.05102675793403858,0.8867454884878656,0.0006222775357809583,0.019912881144990666,0.03360298693217175,0.0006222775357809583,False,False,True,False,,False,
720575940629185084,cell_class,AN,1607,400,0.25,0.04,0.05,0.0074673304293715,0.05102675793403858,0.8867454884878656,0.0006222775357809583,0.019912881144990666,0.03360298693217175,0.0006222775357809583,False,False,True,False,,False,
720575940629185084,cell_class,AN,1607,400,0.25,0.04,0.1,0.0074673304293715,0.05102675793403858,0.8867454884878656,0.0006222775357809583,0.019912881144990666,0.03360298693217175,0.0006222775357809583,False,False,False,False,,False,
720575940629185084,cell_class,AN,1607,400,0.25,0.02,0.01,0.0074673304293715,0.05102675793403858,0.8867454884878656,0.0006222775357809583,0.019912881144990666,0.03360298693217175,0.0006222775357809583,False,False,True,False,,False,
720575940629185084,cell_class,AN,1607,400,0.25,0.02,0.05,0.0074673304293715,0.05102675793403858,0.8867454884878656,0.0006222775357809583,0.019912881144990666,0.03360298693217175,0.0006222775357809583,False,False,True,False,,False,
720575940629185084,cell_class,AN,1607,400,0.25,0.02,0.1,0.0074673304293715,0.05102675793403858,0.8867454884878656,0.0006222775357809583,0.019912881144990666,0.03360298693217175,0.0006222775357809583,False,False,False,False,,False,
720575940629185084,cell_class,AN,1607,400,0.25,0.01,0.01,0.0074673304293715,0.05102675793403858,0.8867454884878656,0.0006222775357809583,0.019912881144990666,0.03360298693217175,0.0006222775357809583,False,False,True,False,,False,
720575940629185084,cell_class,AN,1607,400,0.25,0.01,0.05,0.0074673304293715,0.05102675793403858,0.8867454884878656,0.0006222775357809583,0.019912881144990666,0.03360298693217175,0.0006222775357809583,False,False,False,False,,False,
720575940629185084,cell_class,AN,1607,400,0.25,0.01,0.1,0.0074673304293715,0.05102675793403858,0.8867454884878656,0.0006222775357809583,0.019912881144990666,0.03360298693217175,0.0006222775357809583,False,False,False,False,,False,
720575940622401267,cell_class,AN,925,400,0.25,0.14285714285714285,0.01,0.0075675675675675675,0.8724324324324324,0.046486486486486484,0.0,0.032432432432432434,0.04,0.001081081081081081,False,True,True,False,,True,
720575940622401267,cell_class,AN,925,400,0.25,0.14285714285714285,0.05,0.0075675675675675675,0.8724324324324324,0.046486486486486484,0.0,0.032432432432432434,0.04,0.001081081081081081,False,True,False,False,,False,
720575940622401267,cell_class,AN,925,400,0.25,0.14285714285714285,0.1,0.0075675675675675675,0.8724324324324324,0.046486486486486484,0.0,0.032432432432432434,0.04,0.001081081081081081,False,True,False,False,,False,
720575940622401267,cell_class,AN,925,400,0.25,0.04,0.01,0.0075675675675675675,0.8724324324324324,0.046486486486486484,0.0,0.032432432432432434,0.04,0.001081081081081081,False,True,True,False,,True,
720575940622401267,cell_class,AN,925,400,0.25,0.04,0.05,0.0075675675675675675,0.8724324324324324,0.046486486486486484,0.0,0.032432432432432434,0.04,0.001081081081081081,False,True,False,False,,False,
720575940622401267,cell_class,AN,925,400,0.25,0.04,0.1,0.0075675675675675675,0.8724324324324324,0.046486486486486484,0.0,0.032432432432432434,0.04,0.001081081081081081,False,True,False,False,,False,
720575940622401267,cell_class,AN,925,400,0.25,0.02,0.01,0.0075675675675675675,0.8724324324324324,0.046486486486486484,0.0,0.032432432432432434,0.04,0.001081081081081081,False,True,True,False,,True,
720575940622401267,cell_class,AN,925,400,0.25,0.02,0.05,0.0075675675675675675,0.8724324324324324,0.046486486486486484,0.0,0.032432432432432434,0.04,0.001081081081081081,False,True,False,False,,False,
720575940622401267,cell_class,AN,925,400,0.25,0.02,0.1,0.0075675675675675675,0.8724324324324324,0.046486486486486484,0.0,0.032432432432432434,0.04,0.001081081081081081,False,False,False,False,,False,
720575940622401267,cell_class,AN,925,400,0.25,0.01,0.01,0.0075675675675675675,0.8724324324324324,0.046486486486486484,0.0,0.032432432432432434,0.04,0.001081081081081081,False,True,False,False,,False,
720575940622401267,cell_class,AN,925,400,0.25,0.01,0.05,0.0075675675675675675,0.8724324324324324,0.046486486486486484,0.0,0.032432432432432434,0.04,0.001081081081081081,False,False,False,False,,False,
720575940622401267,cell_class,AN,925,400,0.25,0.01,0.1,0.0075675675675675675,0.8724324324324324,0.046486486486486484,0.0,0.032432432432432434,0.04,0.001081081081081081,False,False,False,False,,False,
720575940623777061,cell_class,AN,503,400,0.25,0.14285714285714285,0.01,0.0019880715705765406,0.9761431411530815,0.0019880715705765406,0.0,0.019880715705765408,0.0,0.0,,True,,False,,,
720575940623777061,cell_class,AN,503,400,0.25,0.14285714285714285,0.05,0.0019880715705765406,0.9761431411530815,0.0019880715705765406,0.0,0.019880715705765408,0.0,0.0,,True,,False,,,
720575940623777061,cell_class,AN,503,400,0.25,0.14285714285714285,0.1,0.0019880715705765406,0.9761431411530815,0.0019880715705765406,0.0,0.019880715705765408,0.0,0.0,,True,,False,,,
720575940623777061,cell_class,AN,503,400,0.25,0.04,0.01,0.0019880715705765406,0.9761431411530815,0.0019880715705765406,0.0,0.019880715705765408,0.0,0.0,,True,,False,,,
720575940623777061,cell_class,AN,503,400,0.25,0.04,0.05,0.0019880715705765406,0.9761431411530815,0.0019880715705765406,0.0,0.019880715705765408,0.0,0.0,,True,,False,,,
720575940623777061,cell_class,AN,503,400,0.25,0.04,0.1,0.0019880715705765406,0.9761431411530815,0.0019880715705765406,0.0,0.019880715705765408,0.0,0.0,,True,,False,,,
720575940623777061,cell_class,AN,503,400,0.25,0.02,0.01,0.0019880715705765406,0.9761431411530815,0.0019880715705765406,0.0,0.019880715705765408,0.0,0.0,,True,,False,,,
720575940623777061,cell_class,AN,503,400,0.25,0.02,0.05,0.0019880715705765406,0.9761431411530815,0.0019880715705765406,0.0,0.019880715705765408,0.0,0.0,,True,,False,,,
720575940623777061,cell_class,AN,503,400,0.25,0.02,0.1,0.0019880715705765406,0.9761431411530815,0.0019880715705765406,0.0,0.019880715705765408,0.0,0.0,,False,,False,,,
720575940623777061,cell_class,AN,503,400,0.25,0.01,0.01,0.0019880715705765406,0.9761431411530815,0.0019880715705765406,0.0,0.019880715705765408,0.0,0.0,,True,,False,,,
720575940623777061,cell_class,AN,503,400,0.25,0.01,0.05,0.0019880715705765406,0.9761431411530815,0.0019880715705765406,0.0,0.019880715705765408,0.0,0.0,,False,,False,,,
720575940623777061,cell_class,AN,503,400,0.25,0.01,0.1,0.0019880715705765406,0.9761431411530815,0.0019880715705765406,0.0,0.019880715705765408,0.0,0.0,,False,,False,,,
720575940603814060,cell_class,AN,2386,400,0.25,0.14285714285714285,0.01,0.5972338642078793,0.057418273260687346,0.3101424979044426,0.003352891869237217,0.016764459346186086,0.015088013411567477,0.0,True,True,True,False,False,False,
720575940603814060,cell_class,AN,2386,400,0.25,0.14285714285714285,0.05,0.5972338642078793,0.057418273260687346,0.3101424979044426,0.003352891869237217,0.016764459346186086,0.015088013411567477,0.0,True,False,True,False,False,False,
720575940603814060,cell_class,AN,2386,400,0.25,0.14285714285714285,0.1,0.5972338642078793,0.057418273260687346,0.3101424979044426,0.003352891869237217,0.016764459346186086,0.015088013411567477,0.0,True,False,True,False,False,False,
720575940603814060,cell_class,AN,2386,400,0.25,0.04,0.01,0.5972338642078793,0.057418273260687346,0.3101424979044426,0.003352891869237217,0.016764459346186086,0.015088013411567477,0.0,True,True,True,False,False,False,
720575940603814060,cell_class,AN,2386,400,0.25,0.04,0.05,0.5972338642078793,0.057418273260687346,0.3101424979044426,0.003352891869237217,0.016764459346186086,0.015088013411567477,0.0,True,False,False,False,False,False,
720575940603814060,cell_class,AN,2386,400,0.25,0.04,0.1,0.5972338642078793,0.057418273260687346,0.3101424979044426,0.003352891869237217,0.016764459346186086,0.015088013411567477,0.0,False,False,False,False,False,False,
720575940603814060,cell_class,AN,2386,400,0.25,0.02,0.01,0.5972338642078793,0.057418273260687346,0.3101424979044426,0.003352891869237217,0.016764459346186086,0.015088013411567477,0.0,True,False,True,False,False,False,
720575940603814060,cell_class,AN,2386,400,0.25,0.02,0.05,0.5972338642078793,0.057418273260687346,0.3101424979044426,0.003352891869237217,0.016764459346186086,0.015088013411567477,0.0,True,False,False,False,False,False,
720575940603814060,cell_class,AN,2386,400,0.25,0.02,0.1,0.5972338642078793,0.057418273260687346,0.3101424979044426,0.003352891869237217,0.016764459346186086,0.015088013411567477,0.0,False,False,False,False,False,False,
720575940603814060,cell_class,AN,2386,400,0.25,0.01,0.01,0.5972338642078793,0.057418273260687346,0.3101424979044426,0.003352891869237217,0.016764459346186086,0.015088013411567477,0.0,True,False,True,False,False,False,
720575940603814060,cell_class,AN,2386,400,0.25,0.01,0.05,0.5972338642078793,0.057418273260687346,0.3101424979044426,0.003352891869237217,0.016764459346186086,0.015088013411567477,0.0,False,False,False,False,False,False,
720575940603814060,cell_class,AN,2386,400,0.25,0.01,0.1,0.5972338642078793,0.057418273260687346,0.3101424979044426,0.003352891869237217,0.016764459346186086,0.015088013411567477,0.0,False,False,False,False,False,False,
720575940627403719,cell_class,AN,2005,400,0.25,0.14285714285714285,0.01,0.0029925187032418953,0.8997506234413966,0.0199501246882793,0.00199501246882793,0.04937655860349127,0.02593516209476309,0.0,False,True,False,True,False,False,
720575940627403719,cell_class,AN,2005,400,0.25,0.14285714285714285,0.05,0.0029925187032418953,0.8997506234413966,0.0199501246882793,0.00199501246882793,0.04937655860349127,0.02593516209476309,0.0,False,True,False,False,False,False,
720575940627403719,cell_class,AN,2005,400,0.25,0.14285714285714285,0.1,0.0029925187032418953,0.8997506234413966,0.0199501246882793,0.00199501246882793,0.04937655860349127,0.02593516209476309,0.0,False,True,False,False,False,False,
720575940627403719,cell_class,AN,2005,400,0.25,0.04,0.01,0.0029925187032418953,0.8997506234413966,0.0199501246882793,0.00199501246882793,0.04937655860349127,0.02593516209476309,0.0,False,True,False,False,False,False,
720575940627403719,cell_class,AN,2005,400,0.25,0.04,0.05,0.0029925187032418953,0.8997506234413966,0.0199501246882793,0.00199501246882793,0.04937655860349127,0.02593516209476309,0.0,False,True,False,False,False,False,
720575940627403719,cell_class,AN,2005,400,0.25,0.04,0.1,0.0029925187032418953,0.8997506234413966,0.0199501246882793,0.00199501246882793,0.04937655860349127,0.02593516209476309,0.0,False,False,False,False,False,False,
720575940627403719,cell_class,AN,2005,400,0.25,0.02,0.01,0.0029925187032418953,0.8997506234413966,0.0199501246882793,0.00199501246882793,0.04937655860349127,0.02593516209476309,0.0,False,True,False,False,False,False,
720575940627403719,cell_class,AN,2005,400,0.25,0.02,0.05,0.0029925187032418953,0.8997506234413966,0.0199501246882793,0.00199501246882793,0.04937655860349127,0.02593516209476309,0.0,False,False,False,False,False,False,
720575940627403719,cell_class,AN,2005,400,0.25,0.02,0.1,0.0029925187032418953,0.8997506234413966,0.0199501246882793,0.00199501246882793,0.04937655860349127,0.02593516209476309,0.0,False,False,False,False,False,False,
720575940627403719,cell_class,AN,2005,400,0.25,0.01,0.01,0.0029925187032418953,0.8997506234413966,0.0199501246882793,0.00199501246882793,0.04937655860349127,0.02593516209476309,0.0,False,True,False,False,False,False,
720575940627403719,cell_class,AN,2005,400,0.25,0.01,0.05,0.0029925187032418953,0.8997506234413966,0.0199501246882793,0.00199501246882793,0.04937655860349127,0.02593516209476309,0.0,False,False,False,False,False,False,
720575940627403719,cell_class,AN,2005,400,0.25,0.01,0.1,0.0029925187032418953,0.8997506234413966,0.0199501246882793,0.00199501246882793,0.04937655860349127,0.02593516209476309,0.0,False,False,False,False,False,False,
720575940619003969,cell_class,AN,1605,400,0.25,0.14285714285714285,0.01,0.0012461059190031153,0.8672897196261682,0.12274143302180686,0.0,0.001869158878504673,0.006853582554517134,0.0,False,True,True,False,,False,
720575940619003969,cell_class,AN,1605,400,0.25,0.14285714285714285,0.05,0.0012461059190031153,0.8672897196261682,0.12274143302180686,0.0,0.001869158878504673,0.006853582554517134,0.0,False,True,True,False,,False,
720575940619003969,cell_class,AN,1605,400,0.25,0.14285714285714285,0.1,0.0012461059190031153,0.8672897196261682,0.12274143302180686,0.0,0.001869158878504673,0.006853582554517134,0.0,False,True,False,False,,False,
720575940619003969,cell_class,AN,1605,400,0.25,0.04,0.01,0.0012461059190031153,0.8672897196261682,0.12274143302180686,0.0,0.001869158878504673,0.006853582554517134,0.0,False,True,True,False,,False,
720575940619003969,cell_class,AN,1605,400,0.25,0.04,0.05,0.0012461059190031153,0.8672897196261682,0.12274143302180686,0.0,0.001869158878504673,0.006853582554517134,0.0,False,True,False,False,,False,
720575940619003969,cell_class,AN,1605,400,0.25,0.04,0.1,0.0012461059190031153,0.8672897196261682,0.12274143302180686,0.0,0.001869158878504673,0.006853582554517134,0.0,False,False,False,False,,False,
720575940619003969,cell_class,AN,1605,400,0.25,0.02,0.01,0.0012461059190031153,0.8672897196261682,0.12274143302180686,0.0,0.001869158878504673,0.006853582554517134,0.0,False,True,True,False,,False,
720575940619003969,cell_class,AN,1605,400,0.25,0.02,0.05,0.0012461059190031153,0.8672897196261682,0.12274143302180686,0.0,0.001869158878504673,0.006853582554517134,0.0,False,True,False,False,,False,
720575940619003969,cell_class,AN,1605,400,0.25,0.02,0.1,0.0012461059190031153,0.8672897196261682,0.12274143302180686,0.0,0.001869158878504673,0.006853582554517134,0.0,False,False,False,False,,False,
720575940619003969,cell_class,AN,1605,400,0.25,0.01,0.01,0.0012461059190031153,0.8672897196261682,0.12274143302180686,0.0,0.001869158878504673,0.006853582554517134,0.0,False,True,True,False,,False,
720575940619003969,cell_class,AN,1605,400,0.25,0.01,0.05,0.0012461059190031153,0.8672897196261682,0.12274143302180686,0.0,0.001869158878504673,0.006853582554517134,0.0,False,False,False,False,,False,
720575940619003969,cell_class,AN,1605,400,0.25,0.01,0.1,0.0012461059190031153,0.8672897196261682,0.12274143302180686,0.0,0.001869158878504673,0.006853582554517134,0.0,False,False,False,False,,False,
720575940635029146,cell_class,AN,4492,400,0.25,0.14285714285714285,0.01,0.7526714158504008,0.18967052537845058,0.03695458593054319,0.001558325912733749,0.00578806767586821,0.01313446126447017,0.0002226179875333927,True,True,True,False,False,False,
720575940635029146,cell_class,AN,4492,400,0.25,0.14285714285714285,0.05,0.7526714158504008,0.18967052537845058,0.03695458593054319,0.001558325912733749,0.00578806767586821,0.01313446126447017,0.0002226179875333927,True,True,False,False,False,False,
720575940635029146,cell_class,AN,4492,400,0.25,0.14285714285714285,0.1,0.7526714158504008,0.18967052537845058,0.03695458593054319,0.001558325912733749,0.00578806767586821,0.01313446126447017,0.0002226179875333927,True,False,False,False,False,False,
720575940635029146,cell_class,AN,4492,400,0.25,0.04,0.01,0.7526714158504008,0.18967052537845058,0.03695458593054319,0.001558325912733749,0.00578806767586821,0.01313446126447017,0.0002226179875333927,True,True,False,False,False,False,
720575940635029146,cell_class,AN,4492,400,0.25,0.04,0.05,0.7526714158504008,0.18967052537845058,0.03695458593054319,0.001558325912733749,0.00578806767586821,0.01313446126447017,0.0002226179875333927,True,False,False,False,False,False,
720575940635029146,cell_class,AN,4492,400,0.25,0.04,0.1,0.7526714158504008,0.18967052537845058,0.03695458593054319,0.001558325912733749,0.00578806767586821,0.01313446126447017,0.0002226179875333927,True,False,False,False,False,False,
720575940635029146,cell_class,AN,4492,400,0.25,0.02,0.01,0.7526714158504008,0.18967052537845058,0.03695458593054319,0.001558325912733749,0.00578806767586821,0.01313446126447017,0.0002226179875333927,True,True,False,False,False,False,
720575940635029146,cell_class,AN,4492,400,0.25,0.02,0.05,0.7526714158504008,0.18967052537845058,0.03695458593054319,0.001558325912733749,0.00578806767586821,0.01313446126447017,0.0002226179875333927,False,False,False,False,False,False,
720575940635029146,cell_class,AN,4492,400,0.25,0.02,0.1,0.7526714158504008,0.18967052537845058,0.03695458593054319,0.001558325912733749,0.00578806767586821,0.01313446126447017,0.0002226179875333927,False,False,False,False,False,False,
720575940635029146,cell_class,AN,4492,400,0.25,0.01,0.01,0.7526714158504008,0.18967052537845058,0.03695458593054319,0.001558325912733749,0.00578806767586821,0.01313446126447017,0.0002226179875333927,True,True,False,False,False,False,
720575940635029146,cell_class,AN,4492,400,0.25,0.01,0.05,0.7526714158504008,0.18967052537845058,0.03695458593054319,0.001558325912733749,0.00578806767586821,0.01313446126447017,0.0002226179875333927,False,False,False,False,False,False,
720575940635029146,cell_class,AN,4492,400,0.25,0.01,0.1,0.7526714158504008,0.18967052537845058,0.03695458593054319,0.001558325912733749,0.00578806767586821,0.01313446126447017,0.0002226179875333927,False,False,False,False,False,False,
720575940640396173,cell_class,AN,2025,400,0.25,0.14285714285714285,0.01,0.012839506172839505,0.6745679012345679,0.03209876543209877,0.0019753086419753087,0.22567901234567903,0.05283950617283951,0.0,True,True,True,True,False,True,
720575940640396173,cell_class,AN,2025,400,0.25,0.14285714285714285,0.05,0.012839506172839505,0.6745679012345679,0.03209876543209877,0.0019753086419753087,0.22567901234567903,0.05283950617283951,0.0,False,True,False,True,False,False,
720575940640396173,cell_class,AN,2025,400,0.25,0.14285714285714285,0.1,0.012839506172839505,0.6745679012345679,0.03209876543209877,0.0019753086419753087,0.22567901234567903,0.05283950617283951,0.0,False,True,False,False,False,False,
720575940640396173,cell_class,AN,2025,400,0.25,0.04,0.01,0.012839506172839505,0.6745679012345679,0.03209876543209877,0.0019753086419753087,0.22567901234567903,0.05283950617283951,0.0,True,True,True,True,False,True,
720575940640396173,cell_class,AN,2025,400,0.25,0.04,0.05,0.012839506172839505,0.6745679012345679,0.03209876543209877,0.0019753086419753087,0.22567901234567903,0.05283950617283951,0.0,False,True,False,True,False,False,
720575940640396173,cell_class,AN,2025,400,0.25,0.04,0.1,0.012839506172839505,0.6745679012345679,0.03209876543209877,0.0019753086419753087,0.22567901234567903,0.05283950617283951,0.0,False,True,False,False,False,False,
720575940640396173,cell_class,AN,2025,400,0.25,0.02,0.01,0.012839506172839505,0.6745679012345679,0.03209876543209877,0.0019753086419753087,0.22567901234567903,0.05283950617283951,0.0,True,True,False,True,False,False,
720575940640396173,cell_class,AN,2025,400,0.25,0.02,0.05,0.012839506172839505,0.6745679012345679,0.03209876543209877,0.0019753086419753087,0.22567901234567903,0.05283950617283951,0.0,False,False,False,False,False,False,
720575940640396173,cell_class,AN,2025,400,0.25,0.02,0.1,0.012839506172839505,0.6745679012345679,0.03209876543209877,0.0019753086419753087,0.22567901234567903,0.05283950617283951,0.0,False,False,False,False,False,False,
720575940640396173,cell_class,AN,2025,400,0.25,0.01,0.01,0.012839506172839505,0.6745679012345679,0.03209876543209877,0.0019753086419753087,0.22567901234567903,0.05283950617283951,0.0,True,True,False,True,False,False,
720575940640396173,cell_class,AN,2025,400,0.25,0.01,0.05,0.012839506172839505,0.6745679012345679,0.03209876543209877,0.0019753086419753087,0.22567901234567903,0.05283950617283951,0.0,False,False,False,False,False,False,
720575940640396173,cell_class,AN,2025,400,0.25,0.01,0.1,0.012839506172839505,0.6745679012345679,0.03209876543209877,0.0019753086419753087,0.22567901234567903,0.05283950617283951,0.0,False,False,False,False,False,False,
720575940625429647,cell_class,AN,912,400,0.25,0.14285714285714285,0.01,0.023026315789473683,0.9462719298245614,0.01206140350877193,0.0010964912280701754,0.006578947368421052,0.010964912280701754,0.0,True,True,False,False,,False,
720575940625429647,cell_class,AN,912,400,0.25,0.14285714285714285,0.05,0.023026315789473683,0.9462719298245614,0.01206140350877193,0.0010964912280701754,0.006578947368421052,0.010964912280701754,0.0,False,True,False,False,,False,
720575940625429647,cell_class,AN,912,400,0.25,0.14285714285714285,0.1,0.023026315789473683,0.9462719298245614,0.01206140350877193,0.0010964912280701754,0.006578947368421052,0.010964912280701754,0.0,False,True,False,False,,False,
720575940625429647,cell_class,AN,912,400,0.25,0.04,0.01,0.023026315789473683,0.9462719298245614,0.01206140350877193,0.0010964912280701754,0.006578947368421052,0.010964912280701754,0.0,False,True,False,False,,False,
720575940625429647,cell_class,AN,912,400,0.25,0.04,0.05,0.023026315789473683,0.9462719298245614,0.01206140350877193,0.0010964912280701754,0.006578947368421052,0.010964912280701754,0.0,False,True,False,False,,False,
720575940625429647,cell_class,AN,912,400,0.25,0.04,0.1,0.023026315789473683,0.9462719298245614,0.01206140350877193,0.0010964912280701754,0.006578947368421052,0.010964912280701754,0.0,False,True,False,False,,False,
720575940625429647,cell_class,AN,912,400,0.25,0.02,0.01,0.023026315789473683,0.9462719298245614,0.01206140350877193,0.0010964912280701754,0.006578947368421052,0.010964912280701754,0.0,False,True,False,False,,False,
720575940625429647,cell_class,AN,912,400,0.25,0.02,0.05,0.023026315789473683,0.9462719298245614,0.01206140350877193,0.0010964912280701754,0.006578947368421052,0.010964912280701754,0.0,False,True,False,False,,False,
720575940625429647,cell_class,AN,912,400,0.25,0.02,0.1,0.023026315789473683,0.9462719298245614,0.01206140350877193,0.0010964912280701754,0.006578947368421052,0.010964912280701754,0.0,False,True,False,False,,False,
720575940625429647,cell_class,AN,912,400,0.25,0.01,0.01,0.023026315789473683,0.9462719298245614,0.01206140350877193,0.0010964912280701754,0.006578947368421052,0.010964912280701754,0.0,False,True,False,False,,False,
720575940625429647,cell_class,AN,912,400,0.25,0.01,0.05,0.023026315789473683,0.9462719298245614,0.01206140350877193,0.0010964912280701754,0.006578947368421052,0.010964912280701754,0.0,False,False,False,False,,False,
720575940625429647,cell_class,AN,912,400,0.25,0.01,0.1,0.023026315789473683,0.9462719298245614,0.01206140350877193,0.0010964912280701754,0.006578947368421052,0.010964912280701754,0.0,False,False,False,False,,False,
720575940625486357,cell_class,AN,2240,400,0.25,0.14285714285714285,0.01,0.01830357142857143,0.8982142857142857,0.011160714285714286,0.0035714285714285713,0.04375,0.024553571428571428,0.0004464285714285714,False,True,False,True,False,True,
720575940625486357,cell_class,AN,2240,400,0.25,0.14285714285714285,0.05,0.01830357142857143,0.8982142857142857,0.011160714285714286,0.0035714285714285713,0.04375,0.024553571428571428,0.0004464285714285714,False,True,False,False,False,False,
720575940625486357,cell_class,AN,2240,400,0.25,0.14285714285714285,0.1,0.01830357142857143,0.8982142857142857,0.011160714285714286,0.0035714285714285713,0.04375,0.024553571428571428,0.0004464285714285714,False,True,False,False,False,False,
720575940625486357,cell_class,AN,2240,400,0.25,0.04,0.01,0.01830357142857143,0.8982142857142857,0.011160714285714286,0.0035714285714285713,0.04375,0.024553571428571428,0.0004464285714285714,False,True,False,False,False,True,
720575940625486357,cell_class,AN,2240,400,0.25,0.04,0.05,0.01830357142857143,0.8982142857142857,0.011160714285714286,0.0035714285714285713,0.04375,0.024553571428571428,0.0004464285714285714,False,True,False,False,False,False,
720575940625486357,cell_class,AN,2240,400,0.25,0.04,0.1,0.01830357142857143,0.8982142857142857,0.011160714285714286,0.0035714285714285713,0.04375,0.024553571428571428,0.0004464285714285714,False,True,False,False,False,False,
720575940625486357,cell_class,AN,2240,400,0.25,0.02,0.01,0.01830357142857143,0.8982142857142857,0.011160714285714286,0.0035714285714285713,0.04375,0.024553571428571428,0.0004464285714285714,False,True,False,False,False,False,
720575940625486357,cell_class,AN,2240,400,0.25,0.02,0.05,0.01830357142857143,0.8982142857142857,0.011160714285714286,0.0035714285714285713,0.04375,0.024553571428571428,0.0004464285714285714,False,True,False,False,False,False,
720575940625486357,cell_class,AN,2240,400,0.25,0.02,0.1,0.01830357142857143,0.8982142857142857,0.011160714285714286,0.0035714285714285713,0.04375,0.024553571428571428,0.0004464285714285714,False,False,False,False,False,False,
720575940625486357,cell_class,AN,2240,400,0.25,0.01,0.01,0.01830357142857143,0.8982142857142857,0.011160714285714286,0.0035714285714285713,0.04375,0.024553571428571428,0.0004464285714285714,False,True,False,False,False,False,
720575940625486357,cell_class,AN,2240,400,0.25,0.01,0.05,0.01830357142857143,0.8982142857142857,0.011160714285714286,0.0035714285714285713,0.04375,0.024553571428571428,0.0004464285714285714,False,False,False,False,False,False,
720575940625486357,cell_class,AN,2240,400,0.25,0.01,0.1,0.01830357142857143,0.8982142857142857,0.011160714285714286,0.0035714285714285713,0.04375,0.024553571428571428,0.0004464285714285714,False,False,False,False,False,False,
720575940612887080,cell_class,AN,7102,400,0.25,0.14285714285714285,0.01,0.8489157983666573,0.08434243874964799,0.05547733032948465,0.001126443255421008,0.005913827090960293,0.003942551393973529,0.000281610813855252,True,True,True,False,False,False,False
720575940612887080,cell_class,AN,7102,400,0.25,0.14285714285714285,0.05,0.8489157983666573,0.08434243874964799,0.05547733032948465,0.001126443255421008,0.005913827090960293,0.003942551393973529,0.000281610813855252,True,False,False,False,False,False,False
720575940612887080,cell_class,AN,7102,400,0.25,0.14285714285714285,0.1,0.8489157983666573,0.08434243874964799,0.05547733032948465,0.001126443255421008,0.005913827090960293,0.003942551393973529,0.000281610813855252,True,False,False,False,False,False,False
720575940612887080,cell_class,AN,7102,400,0.25,0.04,0.01,0.8489157983666573,0.08434243874964799,0.05547733032948465,0.001126443255421008,0.005913827090960293,0.003942551393973529,0.000281610813855252,True,True,True,False,False,False,False
720575940612887080,cell_class,AN,7102,400,0.25,0.04,0.05,0.8489157983666573,0.08434243874964799,0.05547733032948465,0.001126443255421008,0.005913827090960293,0.003942551393973529,0.000281610813855252,True,False,False,False,False,False,False
720575940612887080,cell_class,AN,7102,400,0.25,0.04,0.1,0.8489157983666573,0.08434243874964799,0.05547733032948465,0.001126443255421008,0.005913827090960293,0.003942551393973529,0.000281610813855252,True,False,False,False,False,False,False
720575940612887080,cell_class,AN,7102,400,0.25,0.02,0.01,0.8489157983666573,0.08434243874964799,0.05547733032948465,0.001126443255421008,0.005913827090960293,0.003942551393973529,0.000281610813855252,True,False,True,False,False,False,False
720575940612887080,cell_class,AN,7102,400,0.25,0.02,0.05,0.8489157983666573,0.08434243874964799,0.05547733032948465,0.001126443255421008,0.005913827090960293,0.003942551393973529,0.000281610813855252,True,False,False,False,False,False,False
720575940612887080,cell_class,AN,7102,400,0.25,0.02,0.1,0.8489157983666573,0.08434243874964799,0.05547733032948465,0.001126443255421008,0.005913827090960293,0.003942551393973529,0.000281610813855252,False,False,False,False,False,False,False
720575940612887080,cell_class,AN,7102,400,0.25,0.01,0.01,0.8489157983666573,0.08434243874964799,0.05547733032948465,0.001126443255421008,0.005913827090960293,0.003942551393973529,0.000281610813855252,True,False,False,False,False,False,False
720575940612887080,cell_class,AN,7102,400,0.25,0.01,0.05,0.8489157983666573,0.08434243874964799,0.05547733032948465,0.001126443255421008,0.005913827090960293,0.003942551393973529,0.000281610813855252,False,False,False,False,False,False,False
720575940612887080,cell_class,AN,7102,400,0.25,0.01,0.1,0.8489157983666573,0.08434243874964799,0.05547733032948465,0.001126443255421008,0.005913827090960293,0.003942551393973529,0.000281610813855252,False,False,False,False,False,False,False
720575940614678751,cell_class,AN,1322,400,0.25,0.14285714285714285,0.01,0.3585476550680787,0.028744326777609682,0.5816944024205749,0.0015128593040847202,0.018910741301059002,0.01059001512859304,0.0,True,True,True,False,False,False,
720575940614678751,cell_class,AN,1322,400,0.25,0.14285714285714285,0.05,0.3585476550680787,0.028744326777609682,0.5816944024205749,0.0015128593040847202,0.018910741301059002,0.01059001512859304,0.0,True,False,True,False,False,False,
720575940614678751,cell_class,AN,1322,400,0.25,0.14285714285714285,0.1,0.3585476550680787,0.028744326777609682,0.5816944024205749,0.0015128593040847202,0.018910741301059002,0.01059001512859304,0.0,True,False,True,False,False,False,
720575940614678751,cell_class,AN,1322,400,0.25,0.04,0.01,0.3585476550680787,0.028744326777609682,0.5816944024205749,0.0015128593040847202,0.018910741301059002,0.01059001512859304,0.0,True,True,True,False,False,False,
720575940614678751,cell_class,AN,1322,400,0.25,0.04,0.05,0.3585476550680787,0.028744326777609682,0.5816944024205749,0.0015128593040847202,0.018910741301059002,0.01059001512859304,0.0,True,False,True,False,False,False,
720575940614678751,cell_class,AN,1322,400,0.25,0.04,0.1,0.3585476550680787,0.028744326777609682,0.5816944024205749,0.0015128593040847202,0.018910741301059002,0.01059001512859304,0.0,False,False,False,False,False,False,
720575940614678751,cell_class,AN,1322,400,0.25,0.02,0.01,0.3585476550680787,0.028744326777609682,0.5816944024205749,0.0015128593040847202,0.018910741301059002,0.01059001512859304,0.0,True,True,True,False,False,False,
720575940614678751,cell_class,AN,1322,400,0.25,0.02,0.05,0.3585476550680787,0.028744326777609682,0.5816944024205749,0.0015128593040847202,0.018910741301059002,0.01059001512859304,0.0,True,False,True,False,False,False,
720575940614678751,cell_class,AN,1322,400,0.25,0.02,0.1,0.3585476550680787,0.028744326777609682,0.5816944024205749,0.0015128593040847202,0.018910741301059002,0.01059001512859304,0.0,False,False,False,False,False,False,
720575940614678751,cell_class,AN,1322,400,0.25,0.01,0.01,0.3585476550680787,0.028744326777609682,0.5816944024205749,0.0015128593040847202,0.018910741301059002,0.01059001512859304,0.0,True,True,True,False,False,False,
720575940614678751,cell_class,AN,1322,400,0.25,0.01,0.05,0.3585476550680787,0.028744326777609682,0.5816944024205749,0.0015128593040847202,0.018910741301059002,0.01059001512859304,0.0,False,False,False,False,False,False,
720575940614678751,cell_class,AN,1322,400,0.25,0.01,0.1,0.3585476550680787,0.028744326777609682,0.5816944024205749,0.0015128593040847202,0.018910741301059002,0.01059001512859304,0.0,False,False,False,False,False,False,
720575940612608790,cell_class,AN,904,400,0.25,0.14285714285714285,0.01,0.014380530973451327,0.8761061946902655,0.05420353982300885,0.012168141592920354,0.01327433628318584,0.02654867256637168,0.00331858407079646,False,True,True,False,True,True,False
720575940612608790,cell_class,AN,904,400,0.25,0.14285714285714285,0.05,0.014380530973451327,0.8761061946902655,0.05420353982300885,0.012168141592920354,0.01327433628318584,0.02654867256637168,0.00331858407079646,False,True,False,False,False,False,False
720575940612608790,cell_class,AN,904,400,0.25,0.14285714285714285,0.1,0.014380530973451327,0.8761061946902655,0.05420353982300885,0.012168141592920354,0.01327433628318584,0.02654867256637168,0.00331858407079646,False,True,False,False,False,False,False
720575940612608790,cell_class,AN,904,400,0.25,0.04,0.01,0.014380530973451327,0.8761061946902655,0.05420353982300885,0.012168141592920354,0.01327433628318584,0.02654867256637168,0.00331858407079646,False,True,True,False,False,False,False
720575940612608790,cell_class,AN,904,400,0.25,0.04,0.05,0.014380530973451327,0.8761061946902655,0.05420353982300885,0.012168141592920354,0.01327433628318584,0.02654867256637168,0.00331858407079646,False,True,False,False,False,False,False
720575940612608790,cell_class,AN,904,400,0.25,0.04,0.1,0.014380530973451327,0.8761061946902655,0.05420353982300885,0.012168141592920354,0.01327433628318584,0.02654867256637168,0.00331858407079646,False,False,False,False,False,False,False
720575940612608790,cell_class,AN,904,400,0.25,0.02,0.01,0.014380530973451327,0.8761061946902655,0.05420353982300885,0.012168141592920354,0.01327433628318584,0.02654867256637168,0.00331858407079646,False,True,True,False,False,False,False
720575940612608790,cell_class,AN,904,400,0.25,0.02,0.05,0.014380530973451327,0.8761061946902655,0.05420353982300885,0.012168141592920354,0.01327433628318584,0.02654867256637168,0.00331858407079646,False,True,False,False,False,False,False
720575940612608790,cell_class,AN,904,400,0.25,0.02,0.1,0.014380530973451327,0.8761061946902655,0.05420353982300885,0.012168141592920354,0.01327433628318584,0.02654867256637168,0.00331858407079646,False,False,False,False,False,False,False
720575940612608790,cell_class,AN,904,400,0.25,0.01,0.01,0.014380530973451327,0.8761061946902655,0.05420353982300885,0.012168141592920354,0.01327433628318584,0.02654867256637168,0.00331858407079646,False,True,True,False,False,False,False
720575940612608790,cell_class,AN,904,400,0.25,0.01,0.05,0.014380530973451327,0.8761061946902655,0.05420353982300885,0.012168141592920354,0.01327433628318584,0.02654867256637168,0.00331858407079646,False,False,False,False,False,False,False
720575940612608790,cell_class,AN,904,400,0.25,0.01,0.1,0.014380530973451327,0.8761061946902655,0.05420353982300885,0.012168141592920354,0.01327433628318584,0.02654867256637168,0.00331858407079646,False,False,False,False,False,False,False
720575940637106295,cell_class,AN,1701,400,0.25,0.14285714285714285,0.01,0.2863021751910641,0.07818930041152264,0.13580246913580246,0.027630805408583186,0.3915343915343915,0.0805408583186361,0.0,True,True,True,True,True,True,
720575940637106295,cell_class,AN,1701,400,0.25,0.14285714285714285,0.05,0.2863021751910641,0.07818930041152264,0.13580246913580246,0.027630805408583186,0.3915343915343915,0.0805408583186361,0.0,True,False,False,True,False,False,
720575940637106295,cell_class,AN,1701,400,0.25,0.14285714285714285,0.1,0.2863021751910641,0.07818930041152264,0.13580246913580246,0.027630805408583186,0.3915343915343915,0.0805408583186361,0.0,True,False,False,True,False,False,
720575940637106295,cell_class,AN,1701,400,0.25,0.04,0.01,0.2863021751910641,0.07818930041152264,0.13580246913580246,0.027630805408583186,0.3915343915343915,0.0805408583186361,0.0,True,True,True,True,False,False,
720575940637106295,cell_class,AN,1701,400,0.25,0.04,0.05,0.2863021751910641,0.07818930041152264,0.13580246913580246,0.027630805408583186,0.3915343915343915,0.0805408583186361,0.0,True,False,False,True,False,False,
720575940637106295,cell_class,AN,1701,400,0.25,0.04,0.1,0.2863021751910641,0.07818930041152264,0.13580246913580246,0.027630805408583186,0.3915343915343915,0.0805408583186361,0.0,False,False,False,False,False,False,
720575940637106295,cell_class,AN,1701,400,0.25,0.02,0.01,0.2863021751910641,0.07818930041152264,0.13580246913580246,0.027630805408583186,0.3915343915343915,0.0805408583186361,0.0,True,True,True,True,False,False,
720575940637106295,cell_class,AN,1701,400,0.25,0.02,0.05,0.2863021751910641,0.07818930041152264,0.13580246913580246,0.027630805408583186,0.3915343915343915,0.0805408583186361,0.0,False,False,False,False,False,False,
720575940637106295,cell_class,AN,1701,400,0.25,0.02,0.1,0.2863021751910641,0.07818930041152264,0.13580246913580246,0.027630805408583186,0.3915343915343915,0.0805408583186361,0.0,False,False,False,False,False,False,
720575940637106295,cell_class,AN,1701,400,0.25,0.01,0.01,0.2863021751910641,0.07818930041152264,0.13580246913580246,0.027630805408583186,0.3915343915343915,0.0805408583186361,0.0,True,True,True,True,False,False,
720575940637106295,cell_class,AN,1701,400,0.25,0.01,0.05,0.2863021751910641,0.07818930041152264,0.13580246913580246,0.027630805408583186,0.3915343915343915,0.0805408583186361,0.0,False,False,False,False,False,False,
720575940637106295,cell_class,AN,1701,400,0.25,0.01,0.1,0.2863021751910641,0.07818930041152264,0.13580246913580246,0.027630805408583186,0.3915343915343915,0.0805408583186361,0.0,False,False,False,False,False,False,
720575940610906773,cell_class,AN,944,400,0.25,0.14285714285714285,0.01,0.573093220338983,0.0614406779661017,0.3220338983050847,0.00211864406779661,0.0211864406779661,0.020127118644067795,0.0,True,True,True,False,False,True,
720575940610906773,cell_class,AN,944,400,0.25,0.14285714285714285,0.05,0.573093220338983,0.0614406779661017,0.3220338983050847,0.00211864406779661,0.0211864406779661,0.020127118644067795,0.0,True,False,True,False,False,False,
720575940610906773,cell_class,AN,944,400,0.25,0.14285714285714285,0.1,0.573093220338983,0.0614406779661017,0.3220338983050847,0.00211864406779661,0.0211864406779661,0.020127118644067795,0.0,True,False,False,False,False,False,
720575940610906773,cell_class,AN,944,400,0.25,0.04,0.01,0.573093220338983,0.0614406779661017,0.3220338983050847,0.00211864406779661,0.0211864406779661,0.020127118644067795,0.0,True,True,True,False,False,False,
720575940610906773,cell_class,AN,944,400,0.25,0.04,0.05,0.573093220338983,0.0614406779661017,0.3220338983050847,0.00211864406779661,0.0211864406779661,0.020127118644067795,0.0,True,False,False,False,False,False,
720575940610906773,cell_class,AN,944,400,0.25,0.04,0.1,0.573093220338983,0.0614406779661017,0.3220338983050847,0.00211864406779661,0.0211864406779661,0.020127118644067795,0.0,True,False,False,False,False,False,
720575940610906773,cell_class,AN,944,400,0.25,0.02,0.01,0.573093220338983,0.0614406779661017,0.3220338983050847,0.00211864406779661,0.0211864406779661,0.020127118644067795,0.0,True,True,True,False,False,False,
720575940610906773,cell_class,AN,944,400,0.25,0.02,0.05,0.573093220338983,0.0614406779661017,0.3220338983050847,0.00211864406779661,0.0211864406779661,0.020127118644067795,0.0,True,False,False,False,False,False,
720575940610906773,cell_class,AN,944,400,0.25,0.02,0.1,0.573093220338983,0.0614406779661017,0.3220338983050847,0.00211864406779661,0.0211864406779661,0.020127118644067795,0.0,True,False,False,False,False,False,
720575940610906773,cell_class,AN,944,400,0.25,0.01,0.01,0.573093220338983,0.0614406779661017,0.3220338983050847,0.00211864406779661,0.0211864406779661,0.020127118644067795,0.0,True,True,True,False,False,False,
720575940610906773,cell_class,AN,944,400,0.25,0.01,0.05,0.573093220338983,0.0614406779661017,0.3220338983050847,0.00211864406779661,0.0211864406779661,0.020127118644067795,0.0,True,False,False,False,False,False,
720575940610906773,cell_class,AN,944,400,0.25,0.01,0.1,0.573093220338983,0.0614406779661017,0.3220338983050847,0.00211864406779661,0.0211864406779661,0.020127118644067795,0.0,False,False,False,False,False,False,
720575940608729795,cell_class,AN,2361,400,0.25,0.14285714285714285,0.01,0.7645065650148243,0.07496823379923762,0.13468869123252858,0.0016941973739940702,0.005929690808979246,0.017789072426937738,0.00042354934349851756,True,True,True,False,False,True,
720575940608729795,cell_class,AN,2361,400,0.25,0.14285714285714285,0.05,0.7645065650148243,0.07496823379923762,0.13468869123252858,0.0016941973739940702,0.005929690808979246,0.017789072426937738,0.00042354934349851756,True,False,False,False,False,False,
720575940608729795,cell_class,AN,2361,400,0.25,0.14285714285714285,0.1,0.7645065650148243,0.07496823379923762,0.13468869123252858,0.0016941973739940702,0.005929690808979246,0.017789072426937738,0.00042354934349851756,True,False,False,False,False,False,
720575940608729795,cell_class,AN,2361,400,0.25,0.04,0.01,0.7645065650148243,0.07496823379923762,0.13468869123252858,0.0016941973739940702,0.005929690808979246,0.017789072426937738,0.00042354934349851756,True,True,True,False,False,False,
720575940608729795,cell_class,AN,2361,400,0.25,0.04,0.05,0.7645065650148243,0.07496823379923762,0.13468869123252858,0.0016941973739940702,0.005929690808979246,0.017789072426937738,0.00042354934349851756,True,False,False,False,False,False,
720575940608729795,cell_class,AN,2361,400,0.25,0.04,0.1,0.7645065650148243,0.07496823379923762,0.13468869123252858,0.0016941973739940702,0.005929690808979246,0.017789072426937738,0.00042354934349851756,True,False,False,False,False,False,
720575940608729795,cell_class,AN,2361,400,0.25,0.02,0.01,0.7645065650148243,0.07496823379923762,0.13468869123252858,0.0016941973739940702,0.005929690808979246,0.017789072426937738,0.00042354934349851756,True,False,True,False,False,False,
720575940608729795,cell_class,AN,2361,400,0.25,0.02,0.05,0.7645065650148243,0.07496823379923762,0.13468869123252858,0.0016941973739940702,0.005929690808979246,0.017789072426937738,0.00042354934349851756,True,False,False,False,False,False,
720575940608729795,cell_class,AN,2361,400,0.25,0.02,0.1,0.7645065650148243,0.07496823379923762,0.13468869123252858,0.0016941973739940702,0.005929690808979246,0.017789072426937738,0.00042354934349851756,False,False,False,False,False,False,
720575940608729795,cell_class,AN,2361,400,0.25,0.01,0.01,0.7645065650148243,0.07496823379923762,0.13468869123252858,0.0016941973739940702,0.005929690808979246,0.017789072426937738,0.00042354934349851756,True,False,True,False,False,False,
720575940608729795,cell_class,AN,2361,400,0.25,0.01,0.05,0.7645065650148243,0.07496823379923762,0.13468869123252858,0.0016941973739940702,0.005929690808979246,0.017789072426937738,0.00042354934349851756,False,False,False,False,False,False,
720575940608729795,cell_class,AN,2361,400,0.25,0.01,0.1,0.7645065650148243,0.07496823379923762,0.13468869123252858,0.0016941973739940702,0.005929690808979246,0.017789072426937738,0.00042354934349851756,False,False,False,False,False,False,
720575940627560386,cell_class,AN,1907,400,0.25,0.14285714285714285,0.01,0.6334556895647614,0.06869428421604615,0.2611431567907708,0.018353434714210803,0.0057682223387519665,0.012585212375458836,0.0,True,True,True,False,True,False,
720575940627560386,cell_class,AN,1907,400,0.25,0.14285714285714285,0.05,0.6334556895647614,0.06869428421604615,0.2611431567907708,0.018353434714210803,0.0057682223387519665,0.012585212375458836,0.0,True,False,True,False,False,False,
720575940627560386,cell_class,AN,1907,400,0.25,0.14285714285714285,0.1,0.6334556895647614,0.06869428421604615,0.2611431567907708,0.018353434714210803,0.0057682223387519665,0.012585212375458836,0.0,True,False,False,False,False,False,
720575940627560386,cell_class,AN,1907,400,0.25,0.04,0.01,0.6334556895647614,0.06869428421604615,0.2611431567907708,0.018353434714210803,0.0057682223387519665,0.012585212375458836,0.0,True,True,True,False,False,False,
720575940627560386,cell_class,AN,1907,400,0.25,0.04,0.05,0.6334556895647614,0.06869428421604615,0.2611431567907708,0.018353434714210803,0.0057682223387519665,0.012585212375458836,0.0,True,False,False,False,False,False,
720575940627560386,cell_class,AN,1907,400,0.25,0.04,0.1,0.6334556895647614,0.06869428421604615,0.2611431567907708,0.018353434714210803,0.0057682223387519665,0.012585212375458836,0.0,False,False,False,False,False,False,
720575940627560386,cell_class,AN,1907,400,0.25,0.02,0.01,0.6334556895647614,0.06869428421604615,0.2611431567907708,0.018353434714210803,0.0057682223387519665,0.012585212375458836,0.0,True,True,True,False,False,False,
720575940627560386,cell_class,AN,1907,400,0.25,0.02,0.05,0.6334556895647614,0.06869428421604615,0.2611431567907708,0.018353434714210803,0.0057682223387519665,0.012585212375458836,0.0,False,False,False,False,False,False,
720575940627560386,cell_class,AN,1907,400,0.25,0.02,0.1,0.6334556895647614,0.06869428421604615,0.2611431567907708,0.018353434714210803,0.0057682223387519665,0.012585212375458836,0.0,False,False,False,False,False,False,
720575940627560386,cell_class,AN,1907,400,0.25,0.01,0.01,0.6334556895647614,0.06869428421604615,0.2611431567907708,0.018353434714210803,0.0057682223387519665,0.012585212375458836,0.0,True,False,True,False,False,False,
720575940627560386,cell_class,AN,1907,400,0.25,0.01,0.05,0.6334556895647614,0.06869428421604615,0.2611431567907708,0.018353434714210803,0.0057682223387519665,0.012585212375458836,0.0,False,False,False,False,False,False,
720575940627560386,cell_class,AN,1907,400,0.25,0.01,0.1,0.6334556895647614,0.06869428421604615,0.2611431567907708,0.018353434714210803,0.0057682223387519665,0.012585212375458836,0.0,False,False,False,False,False,False,
720575940628962891,cell_class,AN,665,400,0.25,0.14285714285714285,0.01,0.16691729323308271,0.07067669172932331,0.12781954887218044,0.058646616541353384,0.4180451127819549,0.15789473684210525,0.0,True,True,True,True,True,True,
720575940628962891,cell_class,AN,665,400,0.25,0.14285714285714285,0.05,0.16691729323308271,0.07067669172932331,0.12781954887218044,0.058646616541353384,0.4180451127819549,0.15789473684210525,0.0,True,False,True,True,False,True,
720575940628962891,cell_class,AN,665,400,0.25,0.14285714285714285,0.1,0.16691729323308271,0.07067669172932331,0.12781954887218044,0.058646616541353384,0.4180451127819549,0.15789473684210525,0.0,False,False,False,True,False,False,
720575940628962891,cell_class,AN,665,400,0.25,0.04,0.01,0.16691729323308271,0.07067669172932331,0.12781954887218044,0.058646616541353384,0.4180451127819549,0.15789473684210525,0.0,True,True,True,True,True,True,
720575940628962891,cell_class,AN,665,400,0.25,0.04,0.05,0.16691729323308271,0.07067669172932331,0.12781954887218044,0.058646616541353384,0.4180451127819549,0.15789473684210525,0.0,False,False,False,True,False,False,
720575940628962891,cell_class,AN,665,400,0.25,0.04,0.1,0.16691729323308271,0.07067669172932331,0.12781954887218044,0.058646616541353384,0.4180451127819549,0.15789473684210525,0.0,False,False,False,False,False,False,
720575940628962891,cell_class,AN,665,400,0.25,0.02,0.01,0.16691729323308271,0.07067669172932331,0.12781954887218044,0.058646616541353384,0.4180451127819549,0.15789473684210525,0.0,True,True,True,True,True,True,
720575940628962891,cell_class,AN,665,400,0.25,0.02,0.05,0.16691729323308271,0.07067669172932331,0.12781954887218044,0.058646616541353384,0.4180451127819549,0.15789473684210525,0.0,False,False,False,False,False,False,
720575940628962891,cell_class,AN,665,400,0.25,0.02,0.1,0.16691729323308271,0.07067669172932331,0.12781954887218044,0.058646616541353384,0.4180451127819549,0.15789473684210525,0.0,False,False,False,False,False,False,
720575940628962891,cell_class,AN,665,400,0.25,0.01,0.01,0.16691729323308271,0.07067669172932331,0.12781954887218044,0.058646616541353384,0.4180451127819549,0.15789473684210525,0.0,True,True,True,True,True,True,
720575940628962891,cell_class,AN,665,400,0.25,0.01,0.05,0.16691729323308271,0.07067669172932331,0.12781954887218044,0.058646616541353384,0.4180451127819549,0.15789473684210525,0.0,False,False,False,False,False,False,
720575940628962891,cell_class,AN,665,400,0.25,0.01,0.1,0.16691729323308271,0.07067669172932331,0.12781954887218044,0.058646616541353384,0.4180451127819549,0.15789473684210525,0.0,False,False,False,False,False,False,
720575940617050196,cell_class,AN,843,400,0.25,0.14285714285714285,0.01,0.6476868327402135,0.3107947805456702,0.02491103202846975,0.0,0.014234875444839857,0.002372479240806643,0.0,True,True,True,False,,False,
720575940617050196,cell_class,AN,843,400,0.25,0.14285714285714285,0.05,0.6476868327402135,0.3107947805456702,0.02491103202846975,0.0,0.014234875444839857,0.002372479240806643,0.0,True,True,False,False,,False,
720575940617050196,cell_class,AN,843,400,0.25,0.14285714285714285,0.1,0.6476868327402135,0.3107947805456702,0.02491103202846975,0.0,0.014234875444839857,0.002372479240806643,0.0,True,True,False,False,,False,
720575940617050196,cell_class,AN,843,400,0.25,0.04,0.01,0.6476868327402135,0.3107947805456702,0.02491103202846975,0.0,0.014234875444839857,0.002372479240806643,0.0,True,True,False,False,,False,
720575940617050196,cell_class,AN,843,400,0.25,0.04,0.05,0.6476868327402135,0.3107947805456702,0.02491103202846975,0.0,0.014234875444839857,0.002372479240806643,0.0,True,True,False,False,,False,
720575940617050196,cell_class,AN,843,400,0.25,0.04,0.1,0.6476868327402135,0.3107947805456702,0.02491103202846975,0.0,0.014234875444839857,0.002372479240806643,0.0,False,False,False,False,,False,
720575940617050196,cell_class,AN,843,400,0.25,0.02,0.01,0.6476868327402135,0.3107947805456702,0.02491103202846975,0.0,0.014234875444839857,0.002372479240806643,0.0,True,True,False,False,,False,
720575940617050196,cell_class,AN,843,400,0.25,0.02,0.05,0.6476868327402135,0.3107947805456702,0.02491103202846975,0.0,0.014234875444839857,0.002372479240806643,0.0,True,True,False,False,,False,
720575940617050196,cell_class,AN,843,400,0.25,0.02,0.1,0.6476868327402135,0.3107947805456702,0.02491103202846975,0.0,0.014234875444839857,0.002372479240806643,0.0,False,False,False,False,,False,
720575940617050196,cell_class,AN,843,400,0.25,0.01,0.01,0.6476868327402135,0.3107947805456702,0.02491103202846975,0.0,0.014234875444839857,0.002372479240806643,0.0,True,True,False,False,,False,
720575940617050196,cell_class,AN,843,400,0.25,0.01,0.05,0.6476868327402135,0.3107947805456702,0.02491103202846975,0.0,0.014234875444839857,0.002372479240806643,0.0,True,False,False,False,,False,
720575940617050196,cell_class,AN,843,400,0.25,0.01,0.1,0.6476868327402135,0.3107947805456702,0.02491103202846975,0.0,0.014234875444839857,0.002372479240806643,0.0,False,False,False,False,,False,
720575940630126161,cell_class,AN,1542,400,0.25,0.14285714285714285,0.01,0.6212710765239948,0.2788586251621271,0.07392996108949416,0.0038910505836575876,0.009727626459143969,0.01232166018158236,0.0,True,True,True,False,False,False,
720575940630126161,cell_class,AN,1542,400,0.25,0.14285714285714285,0.05,0.6212710765239948,0.2788586251621271,0.07392996108949416,0.0038910505836575876,0.009727626459143969,0.01232166018158236,0.0,True,True,False,False,False,False,
720575940630126161,cell_class,AN,1542,400,0.25,0.14285714285714285,0.1,0.6212710765239948,0.2788586251621271,0.07392996108949416,0.0038910505836575876,0.009727626459143969,0.01232166018158236,0.0,True,True,False,False,False,False,
720575940630126161,cell_class,AN,1542,400,0.25,0.04,0.01,0.6212710765239948,0.2788586251621271,0.07392996108949416,0.0038910505836575876,0.009727626459143969,0.01232166018158236,0.0,True,True,True,False,False,False,
720575940630126161,cell_class,AN,1542,400,0.25,0.04,0.05,0.6212710765239948,0.2788586251621271,0.07392996108949416,0.0038910505836575876,0.009727626459143969,0.01232166018158236,0.0,True,False,False,False,False,False,
720575940630126161,cell_class,AN,1542,400,0.25,0.04,0.1,0.6212710765239948,0.2788586251621271,0.07392996108949416,0.0038910505836575876,0.009727626459143969,0.01232166018158236,0.0,False,False,False,False,False,False,
720575940630126161,cell_class,AN,1542,400,0.25,0.02,0.01,0.6212710765239948,0.2788586251621271,0.07392996108949416,0.0038910505836575876,0.009727626459143969,0.01232166018158236,0.0,True,True,True,False,False,False,
720575940630126161,cell_class,AN,1542,400,0.25,0.02,0.05,0.6212710765239948,0.2788586251621271,0.07392996108949416,0.0038910505836575876,0.009727626459143969,0.01232166018158236,0.0,True,False,False,False,False,False,
720575940630126161,cell_class,AN,1542,400,0.25,0.02,0.1,0.6212710765239948,0.2788586251621271,0.07392996108949416,0.0038910505836575876,0.009727626459143969,0.01232166018158236,0.0,False,False,False,False,False,False,
720575940630126161,cell_class,AN,1542,400,0.25,0.01,0.01,0.6212710765239948,0.2788586251621271,0.07392996108949416,0.0038910505836575876,0.009727626459143969,0.01232166018158236,0.0,True,True,True,False,False,False,
720575940630126161,cell_class,AN,1542,400,0.25,0.01,0.05,0.6212710765239948,0.2788586251621271,0.07392996108949416,0.0038910505836575876,0.009727626459143969,0.01232166018158236,0.0,True,False,False,False,False,False,
720575940630126161,cell_class,AN,1542,400,0.25,0.01,0.1,0.6212710765239948,0.2788586251621271,0.07392996108949416,0.0038910505836575876,0.009727626459143969,0.01232166018158236,0.0,False,False,False,False,False,False,
720575940627313180,cell_class,AN,6100,400,0.25,0.14285714285714285,0.01,0.02,0.9437704918032787,0.014918032786885246,0.0021311475409836068,0.01737704918032787,0.0018032786885245902,0.0,False,True,False,False,False,False,
720575940627313180,cell_class,AN,6100,400,0.25,0.14285714285714285,0.05,0.02,0.9437704918032787,0.014918032786885246,0.0021311475409836068,0.01737704918032787,0.0018032786885245902,0.0,False,True,False,False,False,False,
720575940627313180,cell_class,AN,6100,400,0.25,0.14285714285714285,0.1,0.02,0.9437704918032787,0.014918032786885246,0.0021311475409836068,0.01737704918032787,0.0018032786885245902,0.0,False,True,False,False,False,False,
720575940627313180,cell_class,AN,6100,400,0.25,0.04,0.01,0.02,0.9437704918032787,0.014918032786885246,0.0021311475409836068,0.01737704918032787,0.0018032786885245902,0.0,False,True,False,False,False,False,
720575940627313180,cell_class,AN,6100,400,0.25,0.04,0.05,0.02,0.9437704918032787,0.014918032786885246,0.0021311475409836068,0.01737704918032787,0.0018032786885245902,0.0,False,True,False,False,False,False,
720575940627313180,cell_class,AN,6100,400,0.25,0.04,0.1,0.02,0.9437704918032787,0.014918032786885246,0.0021311475409836068,0.01737704918032787,0.0018032786885245902,0.0,False,True,False,False,False,False,
720575940627313180,cell_class,AN,6100,400,0.25,0.02,0.01,0.02,0.9437704918032787,0.014918032786885246,0.0021311475409836068,0.01737704918032787,0.0018032786885245902,0.0,False,True,False,False,False,False,
720575940627313180,cell_class,AN,6100,400,0.25,0.02,0.05,0.02,0.9437704918032787,0.014918032786885246,0.0021311475409836068,0.01737704918032787,0.0018032786885245902,0.0,False,True,False,False,False,False,
720575940627313180,cell_class,AN,6100,400,0.25,0.02,0.1,0.02,0.9437704918032787,0.014918032786885246,0.0021311475409836068,0.01737704918032787,0.0018032786885245902,0.0,False,False,False,False,False,False,
720575940627313180,cell_class,AN,6100,400,0.25,0.01,0.01,0.02,0.9437704918032787,0.014918032786885246,0.0021311475409836068,0.01737704918032787,0.0018032786885245902,0.0,False,True,False,False,False,False,
720575940627313180,cell_class,AN,6100,400,0.25,0.01,0.05,0.02,0.9437704918032787,0.014918032786885246,0.0021311475409836068,0.01737704918032787,0.0018032786885245902,0.0,False,False,False,False,False,False,
720575940627313180,cell_class,AN,6100,400,0.25,0.01,0.1,0.02,0.9437704918032787,0.014918032786885246,0.0021311475409836068,0.01737704918032787,0.0018032786885245902,0.0,False,False,False,False,False,False,
720575940632786586,cell_class,AN,1518,400,0.25,0.14285714285714285,0.01,0.005270092226613966,0.3715415019762846,0.1686429512516469,0.012516469038208168,0.3254281949934124,0.11594202898550725,0.0006587615283267457,False,True,True,True,False,True,
720575940632786586,cell_class,AN,1518,400,0.25,0.14285714285714285,0.05,0.005270092226613966,0.3715415019762846,0.1686429512516469,0.012516469038208168,0.3254281949934124,0.11594202898550725,0.0006587615283267457,False,True,True,True,False,True,
720575940632786586,cell_class,AN,1518,400,0.25,0.14285714285714285,0.1,0.005270092226613966,0.3715415019762846,0.1686429512516469,0.012516469038208168,0.3254281949934124,0.11594202898550725,0.0006587615283267457,False,True,False,False,False,False,
720575940632786586,cell_class,AN,1518,400,0.25,0.04,0.01,0.005270092226613966,0.3715415019762846,0.1686429512516469,0.012516469038208168,0.3254281949934124,0.11594202898550725,0.0006587615283267457,False,True,True,True,False,True,
720575940632786586,cell_class,AN,1518,400,0.25,0.04,0.05,0.005270092226613966,0.3715415019762846,0.1686429512516469,0.012516469038208168,0.3254281949934124,0.11594202898550725,0.0006587615283267457,False,True,False,False,False,False,
720575940632786586,cell_class,AN,1518,400,0.25,0.04,0.1,0.005270092226613966,0.3715415019762846,0.1686429512516469,0.012516469038208168,0.3254281949934124,0.11594202898550725,0.0006587615283267457,False,False,False,False,False,False,
720575940632786586,cell_class,AN,1518,400,0.25,0.02,0.01,0.005270092226613966,0.3715415019762846,0.1686429512516469,0.012516469038208168,0.3254281949934124,0.11594202898550725,0.0006587615283267457,False,True,True,True,False,True,
720575940632786586,cell_class,AN,1518,400,0.25,0.02,0.05,0.005270092226613966,0.3715415019762846,0.1686429512516469,0.012516469038208168,0.3254281949934124,0.11594202898550725,0.0006587615283267457,False,False,False,False,False,False,
720575940632786586,cell_class,AN,1518,400,0.25,0.02,0.1,0.005270092226613966,0.3715415019762846,0.1686429512516469,0.012516469038208168,0.3254281949934124,0.11594202898550725,0.0006587615283267457,False,False,False,False,False,False,
720575940632786586,cell_class,AN,1518,400,0.25,0.01,0.01,0.005270092226613966,0.3715415019762846,0.1686429512516469,0.012516469038208168,0.3254281949934124,0.11594202898550725,0.0006587615283267457,False,True,True,True,False,False,
720575940632786586,cell_class,AN,1518,400,0.25,0.01,0.05,0.005270092226613966,0.3715415019762846,0.1686429512516469,0.012516469038208168,0.3254281949934124,0.11594202898550725,0.0006587615283267457,False,False,False,False,False,False,
720575940632786586,cell_class,AN,1518,400,0.25,0.01,0.1,0.005270092226613966,0.3715415019762846,0.1686429512516469,0.012516469038208168,0.3254281949934124,0.11594202898550725,0.0006587615283267457,False,False,False,False,False,False,
720575940632834911,cell_class,AN,3295,400,0.25,0.14285714285714285,0.01,0.5289833080424886,0.18877086494688922,0.2716236722306525,0.00030349013657056146,0.007890743550834597,0.0021244309559939304,0.00030349013657056146,True,True,True,False,,False,
720575940632834911,cell_class,AN,3295,400,0.25,0.14285714285714285,0.05,0.5289833080424886,0.18877086494688922,0.2716236722306525,0.00030349013657056146,0.007890743550834597,0.0021244309559939304,0.00030349013657056146,True,True,True,False,,False,
720575940632834911,cell_class,AN,3295,400,0.25,0.14285714285714285,0.1,0.5289833080424886,0.18877086494688922,0.2716236722306525,0.00030349013657056146,0.007890743550834597,0.0021244309559939304,0.00030349013657056146,True,False,False,False,,False,
720575940632834911,cell_class,AN,3295,400,0.25,0.04,0.01,0.5289833080424886,0.18877086494688922,0.2716236722306525,0.00030349013657056146,0.007890743550834597,0.0021244309559939304,0.00030349013657056146,True,True,True,False,,False,
720575940632834911,cell_class,AN,3295,400,0.25,0.04,0.05,0.5289833080424886,0.18877086494688922,0.2716236722306525,0.00030349013657056146,0.007890743550834597,0.0021244309559939304,0.00030349013657056146,True,False,False,False,,False,
720575940632834911,cell_class,AN,3295,400,0.25,0.04,0.1,0.5289833080424886,0.18877086494688922,0.2716236722306525,0.00030349013657056146,0.007890743550834597,0.0021244309559939304,0.00030349013657056146,True,False,False,False,,False,
720575940632834911,cell_class,AN,3295,400,0.25,0.02,0.01,0.5289833080424886,0.18877086494688922,0.2716236722306525,0.00030349013657056146,0.007890743550834597,0.0021244309559939304,0.00030349013657056146,True,True,True,False,,False,
720575940632834911,cell_class,AN,3295,400,0.25,0.02,0.05,0.5289833080424886,0.18877086494688922,0.2716236722306525,0.00030349013657056146,0.007890743550834597,0.0021244309559939304,0.00030349013657056146,False,False,False,False,,False,
720575940632834911,cell_class,AN,3295,400,0.25,0.02,0.1,0.5289833080424886,0.18877086494688922,0.2716236722306525,0.00030349013657056146,0.007890743550834597,0.0021244309559939304,0.00030349013657056146,False,False,False,False,,False,
720575940632834911,cell_class,AN,3295,400,0.25,0.01,0.01,0.5289833080424886,0.18877086494688922,0.2716236722306525,0.00030349013657056146,0.007890743550834597,0.0021244309559939304,0.00030349013657056146,True,True,True,False,,False,
720575940632834911,cell_class,AN,3295,400,0.25,0.01,0.05,0.5289833080424886,0.18877086494688922,0.2716236722306525,0.00030349013657056146,0.007890743550834597,0.0021244309559939304,0.00030349013657056146,False,False,False,False,,False,
720575940632834911,cell_class,AN,3295,400,0.25,0.01,0.1,0.5289833080424886,0.18877086494688922,0.2716236722306525,0.00030349013657056146,0.007890743550834597,0.0021244309559939304,0.00030349013657056146,False,False,False,False,,False,
720575940633387768,cell_class,AN,1282,400,0.25,0.14285714285714285,0.01,0.4781591263650546,0.1357254290171607,0.3221528861154446,0.0,0.04758190327613104,0.015600624024960999,0.00078003120124805,True,True,True,True,,False,
720575940633387768,cell_class,AN,1282,400,0.25,0.14285714285714285,0.05,0.4781591263650546,0.1357254290171607,0.3221528861154446,0.0,0.04758190327613104,0.015600624024960999,0.00078003120124805,True,False,True,False,,False,
720575940633387768,cell_class,AN,1282,400,0.25,0.14285714285714285,0.1,0.4781591263650546,0.1357254290171607,0.3221528861154446,0.0,0.04758190327613104,0.015600624024960999,0.00078003120124805,True,False,True,False,,False,
720575940633387768,cell_class,AN,1282,400,0.25,0.04,0.01,0.4781591263650546,0.1357254290171607,0.3221528861154446,0.0,0.04758190327613104,0.015600624024960999,0.00078003120124805,True,True,True,True,,False,
720575940633387768,cell_class,AN,1282,400,0.25,0.04,0.05,0.4781591263650546,0.1357254290171607,0.3221528861154446,0.0,0.04758190327613104,0.015600624024960999,0.00078003120124805,True,False,True,False,,False,
720575940633387768,cell_class,AN,1282,400,0.25,0.04,0.1,0.4781591263650546,0.1357254290171607,0.3221528861154446,0.0,0.04758190327613104,0.015600624024960999,0.00078003120124805,False,False,False,False,,False,
720575940633387768,cell_class,AN,1282,400,0.25,0.02,0.01,0.4781591263650546,0.1357254290171607,0.3221528861154446,0.0,0.04758190327613104,0.015600624024960999,0.00078003120124805,True,True,True,True,,False,
720575940633387768,cell_class,AN,1282,400,0.25,0.02,0.05,0.4781591263650546,0.1357254290171607,0.3221528861154446,0.0,0.04758190327613104,0.015600624024960999,0.00078003120124805,False,False,False,False,,False,
720575940633387768,cell_class,AN,1282,400,0.25,0.02,0.1,0.4781591263650546,0.1357254290171607,0.3221528861154446,0.0,0.04758190327613104,0.015600624024960999,0.00078003120124805,False,False,False,False,,False,
720575940633387768,cell_class,AN,1282,400,0.25,0.01,0.01,0.4781591263650546,0.1357254290171607,0.3221528861154446,0.0,0.04758190327613104,0.015600624024960999,0.00078003120124805,True,True,True,False,,False,
720575940633387768,cell_class,AN,1282,400,0.25,0.01,0.05,0.4781591263650546,0.1357254290171607,0.3221528861154446,0.0,0.04758190327613104,0.015600624024960999,0.00078003120124805,False,False,False,False,,False,
720575940633387768,cell_class,AN,1282,400,0.25,0.01,0.1,0.4781591263650546,0.1357254290171607,0.3221528861154446,0.0,0.04758190327613104,0.015600624024960999,0.00078003120124805,False,False,False,False,,False,
720575940614997555,cell_class,AN,2098,400,0.25,0.14285714285714285,0.01,0.023355576739752144,0.04909437559580553,0.06387035271687322,0.07483317445185891,0.4542421353670162,0.334604385128694,0.0,False,True,True,True,True,True,
720575940614997555,cell_class,AN,2098,400,0.25,0.14285714285714285,0.05,0.023355576739752144,0.04909437559580553,0.06387035271687322,0.07483317445185891,0.4542421353670162,0.334604385128694,0.0,False,False,False,True,False,True,
720575940614997555,cell_class,AN,2098,400,0.25,0.14285714285714285,0.1,0.023355576739752144,0.04909437559580553,0.06387035271687322,0.07483317445185891,0.4542421353670162,0.334604385128694,0.0,False,False,False,True,False,True,
720575940614997555,cell_class,AN,2098,400,0.25,0.04,0.01,0.023355576739752144,0.04909437559580553,0.06387035271687322,0.07483317445185891,0.4542421353670162,0.334604385128694,0.0,False,True,True,True,True,True,
720575940614997555,cell_class,AN,2098,400,0.25,0.04,0.05,0.023355576739752144,0.04909437559580553,0.06387035271687322,0.07483317445185891,0.4542421353670162,0.334604385128694,0.0,False,False,False,False,False,True,
720575940614997555,cell_class,AN,2098,400,0.25,0.04,0.1,0.023355576739752144,0.04909437559580553,0.06387035271687322,0.07483317445185891,0.4542421353670162,0.334604385128694,0.0,False,False,False,False,False,False,
720575940614997555,cell_class,AN,2098,400,0.25,0.02,0.01,0.023355576739752144,0.04909437559580553,0.06387035271687322,0.07483317445185891,0.4542421353670162,0.334604385128694,0.0,False,False,True,True,False,True,
720575940614997555,cell_class,AN,2098,400,0.25,0.02,0.05,0.023355576739752144,0.04909437559580553,0.06387035271687322,0.07483317445185891,0.4542421353670162,0.334604385128694,0.0,False,False,False,False,False,False,
720575940614997555,cell_class,AN,2098,400,0.25,0.02,0.1,0.023355576739752144,0.04909437559580553,0.06387035271687322,0.07483317445185891,0.4542421353670162,0.334604385128694,0.0,False,False,False,False,False,False,
720575940614997555,cell_class,AN,2098,400,0.25,0.01,0.01,0.023355576739752144,0.04909437559580553,0.06387035271687322,0.07483317445185891,0.4542421353670162,0.334604385128694,0.0,False,False,True,True,False,True,
720575940614997555,cell_class,AN,2098,400,0.25,0.01,0.05,0.023355576739752144,0.04909437559580553,0.06387035271687322,0.07483317445185891,0.4542421353670162,0.334604385128694,0.0,False,False,False,False,False,False,
720575940614997555,cell_class,AN,2098,400,0.25,0.01,0.1,0.023355576739752144,0.04909437559580553,0.06387035271687322,0.07483317445185891,0.4542421353670162,0.334604385128694,0.0,False,False,False,False,False,False,
720575940637396851,cell_class,AN,1232,400,0.25,0.14285714285714285,0.01,0.003246753246753247,0.049512987012987016,0.8206168831168831,0.002435064935064935,0.07711038961038962,0.04383116883116883,0.003246753246753247,False,True,True,True,False,True,False
720575940637396851,cell_class,AN,1232,400,0.25,0.14285714285714285,0.05,0.003246753246753247,0.049512987012987016,0.8206168831168831,0.002435064935064935,0.07711038961038962,0.04383116883116883,0.003246753246753247,False,False,True,False,False,False,False
720575940637396851,cell_class,AN,1232,400,0.25,0.14285714285714285,0.1,0.003246753246753247,0.049512987012987016,0.8206168831168831,0.002435064935064935,0.07711038961038962,0.04383116883116883,0.003246753246753247,False,False,True,False,False,False,False
720575940637396851,cell_class,AN,1232,400,0.25,0.04,0.01,0.003246753246753247,0.049512987012987016,0.8206168831168831,0.002435064935064935,0.07711038961038962,0.04383116883116883,0.003246753246753247,False,True,True,True,False,True,False
720575940637396851,cell_class,AN,1232,400,0.25,0.04,0.05,0.003246753246753247,0.049512987012987016,0.8206168831168831,0.002435064935064935,0.07711038961038962,0.04383116883116883,0.003246753246753247,False,False,True,False,False,False,False
720575940637396851,cell_class,AN,1232,400,0.25,0.04,0.1,0.003246753246753247,0.049512987012987016,0.8206168831168831,0.002435064935064935,0.07711038961038962,0.04383116883116883,0.003246753246753247,False,False,False,False,False,False,False
720575940637396851,cell_class,AN,1232,400,0.25,0.02,0.01,0.003246753246753247,0.049512987012987016,0.8206168831168831,0.002435064935064935,0.07711038961038962,0.04383116883116883,0.003246753246753247,False,True,True,True,False,False,False
720575940637396851,cell_class,AN,1232,400,0.25,0.02,0.05,0.003246753246753247,0.049512987012987016,0.8206168831168831,0.002435064935064935,0.07711038961038962,0.04383116883116883,0.003246753246753247,False,False,True,False,False,False,False
720575940637396851,cell_class,AN,1232,400,0.25,0.02,0.1,0.003246753246753247,0.049512987012987016,0.8206168831168831,0.002435064935064935,0.07711038961038962,0.04383116883116883,0.003246753246753247,False,False,False,False,False,False,False
720575940637396851,cell_class,AN,1232,400,0.25,0.01,0.01,0.003246753246753247,0.049512987012987016,0.8206168831168831,0.002435064935064935,0.07711038961038962,0.04383116883116883,0.003246753246753247,False,True,True,True,False,False,False
720575940637396851,cell_class,AN,1232,400,0.25,0.01,0.05,0.003246753246753247,0.049512987012987016,0.8206168831168831,0.002435064935064935,0.07711038961038962,0.04383116883116883,0.003246753246753247,False,False,False,False,False,False,False
720575940637396851,cell_class,AN,1232,400,0.25,0.01,0.1,0.003246753246753247,0.049512987012987016,0.8206168831168831,0.002435064935064935,0.07711038961038962,0.04383116883116883,0.003246753246753247,False,False,False,False,False,False,False
720575940611255475,cell_class,AN,4638,400,0.25,0.14285714285714285,0.01,0.008840017248814143,0.9215178956446745,0.04161276412246658,0.003234152652005175,0.01121172919361794,0.013367830961621389,0.00021561017680034498,False,True,True,False,False,False,
720575940611255475,cell_class,AN,4638,400,0.25,0.14285714285714285,0.05,0.008840017248814143,0.9215178956446745,0.04161276412246658,0.003234152652005175,0.01121172919361794,0.013367830961621389,0.00021561017680034498,False,True,False,False,False,False,
720575940611255475,cell_class,AN,4638,400,0.25,0.14285714285714285,0.1,0.008840017248814143,0.9215178956446745,0.04161276412246658,0.003234152652005175,0.01121172919361794,0.013367830961621389,0.00021561017680034498,False,True,False,False,False,False,
720575940611255475,cell_class,AN,4638,400,0.25,0.04,0.01,0.008840017248814143,0.9215178956446745,0.04161276412246658,0.003234152652005175,0.01121172919361794,0.013367830961621389,0.00021561017680034498,False,True,True,False,False,False,
720575940611255475,cell_class,AN,4638,400,0.25,0.04,0.05,0.008840017248814143,0.9215178956446745,0.04161276412246658,0.003234152652005175,0.01121172919361794,0.013367830961621389,0.00021561017680034498,False,True,False,False,False,False,
720575940611255475,cell_class,AN,4638,400,0.25,0.04,0.1,0.008840017248814143,0.9215178956446745,0.04161276412246658,0.003234152652005175,0.01121172919361794,0.013367830961621389,0.00021561017680034498,False,True,False,False,False,False,
720575940611255475,cell_class,AN,4638,400,0.25,0.02,0.01,0.008840017248814143,0.9215178956446745,0.04161276412246658,0.003234152652005175,0.01121172919361794,0.013367830961621389,0.00021561017680034498,False,True,False,False,False,False,
720575940611255475,cell_class,AN,4638,400,0.25,0.02,0.05,0.008840017248814143,0.9215178956446745,0.04161276412246658,0.003234152652005175,0.01121172919361794,0.013367830961621389,0.00021561017680034498,False,True,False,False,False,False,
720575940611255475,cell_class,AN,4638,400,0.25,0.02,0.1,0.008840017248814143,0.9215178956446745,0.04161276412246658,0.003234152652005175,0.01121172919361794,0.013367830961621389,0.00021561017680034498,False,False,False,False,False,False,
720575940611255475,cell_class,AN,4638,400,0.25,0.01,0.01,0.008840017248814143,0.9215178956446745,0.04161276412246658,0.003234152652005175,0.01121172919361794,0.013367830961621389,0.00021561017680034498,False,True,False,False,False,False,
720575940611255475,cell_class,AN,4638,400,0.25,0.01,0.05,0.008840017248814143,0.9215178956446745,0.04161276412246658,0.003234152652005175,0.01121172919361794,0.013367830961621389,0.00021561017680034498,False,False,False,False,False,False,
720575940611255475,cell_class,AN,4638,400,0.25,0.01,0.1,0.008840017248814143,0.9215178956446745,0.04161276412246658,0.003234152652005175,0.01121172919361794,0.013367830961621389,0.00021561017680034498,False,False,False,False,False,False,
720575940637507645,cell_class,AN,1800,400,0.25,0.14285714285714285,0.01,0.0077777777777777776,0.8072222222222222,0.002777777777777778,0.002777777777777778,0.09388888888888888,0.08555555555555555,0.0,False,True,False,True,False,True,
720575940637507645,cell_class,AN,1800,400,0.25,0.14285714285714285,0.05,0.0077777777777777776,0.8072222222222222,0.002777777777777778,0.002777777777777778,0.09388888888888888,0.08555555555555555,0.0,False,True,False,True,False,False,
720575940637507645,cell_class,AN,1800,400,0.25,0.14285714285714285,0.1,0.0077777777777777776,0.8072222222222222,0.002777777777777778,0.002777777777777778,0.09388888888888888,0.08555555555555555,0.0,False,True,False,False,False,False,
720575940637507645,cell_class,AN,1800,400,0.25,0.04,0.01,0.0077777777777777776,0.8072222222222222,0.002777777777777778,0.002777777777777778,0.09388888888888888,0.08555555555555555,0.0,False,True,False,True,False,True,
720575940637507645,cell_class,AN,1800,400,0.25,0.04,0.05,0.0077777777777777776,0.8072222222222222,0.002777777777777778,0.002777777777777778,0.09388888888888888,0.08555555555555555,0.0,False,True,False,False,False,False,
720575940637507645,cell_class,AN,1800,400,0.25,0.04,0.1,0.0077777777777777776,0.8072222222222222,0.002777777777777778,0.002777777777777778,0.09388888888888888,0.08555555555555555,0.0,False,False,False,False,False,False,
720575940637507645,cell_class,AN,1800,400,0.25,0.02,0.01,0.0077777777777777776,0.8072222222222222,0.002777777777777778,0.002777777777777778,0.09388888888888888,0.08555555555555555,0.0,False,True,False,True,False,True,
720575940637507645,cell_class,AN,1800,400,0.25,0.02,0.05,0.0077777777777777776,0.8072222222222222,0.002777777777777778,0.002777777777777778,0.09388888888888888,0.08555555555555555,0.0,False,True,False,False,False,False,
720575940637507645,cell_class,AN,1800,400,0.25,0.02,0.1,0.0077777777777777776,0.8072222222222222,0.002777777777777778,0.002777777777777778,0.09388888888888888,0.08555555555555555,0.0,False,False,False,False,False,False,
720575940637507645,cell_class,AN,1800,400,0.25,0.01,0.01,0.0077777777777777776,0.8072222222222222,0.002777777777777778,0.002777777777777778,0.09388888888888888,0.08555555555555555,0.0,False,True,False,True,False,False,
720575940637507645,cell_class,AN,1800,400,0.25,0.01,0.05,0.0077777777777777776,0.8072222222222222,0.002777777777777778,0.002777777777777778,0.09388888888888888,0.08555555555555555,0.0,False,True,False,False,False,False,
720575940637507645,cell_class,AN,1800,400,0.25,0.01,0.1,0.0077777777777777776,0.8072222222222222,0.002777777777777778,0.002777777777777778,0.09388888888888888,0.08555555555555555,0.0,False,False,False,False,False,False,
720575940623234567,cell_class,AN,2794,400,0.25,0.14285714285714285,0.01,0.01395848246241947,0.9570508231925555,0.013242662848962061,0.0007158196134574087,0.007516105941302791,0.007516105941302791,0.0,False,True,False,False,False,False,
720575940623234567,cell_class,AN,2794,400,0.25,0.14285714285714285,0.05,0.01395848246241947,0.9570508231925555,0.013242662848962061,0.0007158196134574087,0.007516105941302791,0.007516105941302791,0.0,False,True,False,False,False,False,
720575940623234567,cell_class,AN,2794,400,0.25,0.14285714285714285,0.1,0.01395848246241947,0.9570508231925555,0.013242662848962061,0.0007158196134574087,0.007516105941302791,0.007516105941302791,0.0,False,True,False,False,False,False,
720575940623234567,cell_class,AN,2794,400,0.25,0.04,0.01,0.01395848246241947,0.9570508231925555,0.013242662848962061,0.0007158196134574087,0.007516105941302791,0.007516105941302791,0.0,False,True,False,False,False,False,
720575940623234567,cell_class,AN,2794,400,0.25,0.04,0.05,0.01395848246241947,0.9570508231925555,0.013242662848962061,0.0007158196134574087,0.007516105941302791,0.007516105941302791,0.0,False,True,False,False,False,False,
720575940623234567,cell_class,AN,2794,400,0.25,0.04,0.1,0.01395848246241947,0.9570508231925555,0.013242662848962061,0.0007158196134574087,0.007516105941302791,0.007516105941302791,0.0,False,True,False,False,False,False,
720575940623234567,cell_class,AN,2794,400,0.25,0.02,0.01,0.01395848246241947,0.9570508231925555,0.013242662848962061,0.0007158196134574087,0.007516105941302791,0.007516105941302791,0.0,False,True,False,False,False,False,
720575940623234567,cell_class,AN,2794,400,0.25,0.02,0.05,0.01395848246241947,0.9570508231925555,0.013242662848962061,0.0007158196134574087,0.007516105941302791,0.007516105941302791,0.0,False,True,False,False,False,False,
720575940623234567,cell_class,AN,2794,400,0.25,0.02,0.1,0.01395848246241947,0.9570508231925555,0.013242662848962061,0.0007158196134574087,0.007516105941302791,0.007516105941302791,0.0,False,False,False,False,False,False,
720575940623234567,cell_class,AN,2794,400,0.25,0.01,0.01,0.01395848246241947,0.9570508231925555,0.013242662848962061,0.0007158196134574087,0.007516105941302791,0.007516105941302791,0.0,False,True,False,False,False,False,
720575940623234567,cell_class,AN,2794,400,0.25,0.01,0.05,0.01395848246241947,0.9570508231925555,0.013242662848962061,0.0007158196134574087,0.007516105941302791,0.007516105941302791,0.0,False,True,False,False,False,False,
720575940623234567,cell_class,AN,2794,400,0.25,0.01,0.1,0.01395848246241947,0.9570508231925555,0.013242662848962061,0.0007158196134574087,0.007516105941302791,0.007516105941302791,0.0,False,False,False,False,False,False,
720575940635668622,cell_class,AN,8996,400,0.25,0.14285714285714285,0.01,0.023788350377945754,0.9336371720764784,0.02678968430413517,0.00377945753668297,0.009670964873277012,0.0022232103156958646,0.00011116051578479324,True,True,True,False,False,False,
720575940635668622,cell_class,AN,8996,400,0.25,0.14285714285714285,0.05,0.023788350377945754,0.9336371720764784,0.02678968430413517,0.00377945753668297,0.009670964873277012,0.0022232103156958646,0.00011116051578479324,False,True,False,False,False,False,
720575940635668622,cell_class,AN,8996,400,0.25,0.14285714285714285,0.1,0.023788350377945754,0.9336371720764784,0.02678968430413517,0.00377945753668297,0.009670964873277012,0.0022232103156958646,0.00011116051578479324,False,True,False,False,False,False,
720575940635668622,cell_class,AN,8996,400,0.25,0.04,0.01,0.023788350377945754,0.9336371720764784,0.02678968430413517,0.00377945753668297,0.009670964873277012,0.0022232103156958646,0.00011116051578479324,False,True,False,False,False,False,
720575940635668622,cell_class,AN,8996,400,0.25,0.04,0.05,0.023788350377945754,0.9336371720764784,0.02678968430413517,0.00377945753668297,0.009670964873277012,0.0022232103156958646,0.00011116051578479324,False,True,False,False,False,False,
720575940635668622,cell_class,AN,8996,400,0.25,0.04,0.1,0.023788350377945754,0.9336371720764784,0.02678968430413517,0.00377945753668297,0.009670964873277012,0.0022232103156958646,0.00011116051578479324,False,True,False,False,False,False,
720575940635668622,cell_class,AN,8996,400,0.25,0.02,0.01,0.023788350377945754,0.9336371720764784,0.02678968430413517,0.00377945753668297,0.009670964873277012,0.0022232103156958646,0.00011116051578479324,False,True,False,False,False,False,
720575940635668622,cell_class,AN,8996,400,0.25,0.02,0.05,0.023788350377945754,0.9336371720764784,0.02678968430413517,0.00377945753668297,0.009670964873277012,0.0022232103156958646,0.00011116051578479324,False,True,False,False,False,False,
720575940635668622,cell_class,AN,8996,400,0.25,0.02,0.1,0.023788350377945754,0.9336371720764784,0.02678968430413517,0.00377945753668297,0.009670964873277012,0.0022232103156958646,0.00011116051578479324,False,False,False,False,False,False,
720575940635668622,cell_class,AN,8996,400,0.25,0.01,0.01,0.023788350377945754,0.9336371720764784,0.02678968430413517,0.00377945753668297,0.009670964873277012,0.0022232103156958646,0.00011116051578479324,False,True,False,False,False,False,
720575940635668622,cell_class,AN,8996,400,0.25,0.01,0.05,0.023788350377945754,0.9336371720764784,0.02678968430413517,0.00377945753668297,0.009670964873277012,0.0022232103156958646,0.00011116051578479324,False,False,False,False,False,False,
720575940635668622,cell_class,AN,8996,400,0.25,0.01,0.1,0.023788350377945754,0.9336371720764784,0.02678968430413517,0.00377945753668297,0.009670964873277012,0.0022232103156958646,0.00011116051578479324,False,False,False,False,False,False,
720575940641824200,cell_class,AN,841,400,0.25,0.14285714285714285,0.01,0.0,0.7859690844233056,0.11533888228299644,0.0023781212841854932,0.07966706302021404,0.015457788347205707,0.0011890606420927466,,True,True,True,False,False,
720575940641824200,cell_class,AN,841,400,0.25,0.14285714285714285,0.05,0.0,0.7859690844233056,0.11533888228299644,0.0023781212841854932,0.07966706302021404,0.015457788347205707,0.0011890606420927466,,True,False,False,False,False,
720575940641824200,cell_class,AN,841,400,0.25,0.14285714285714285,0.1,0.0,0.7859690844233056,0.11533888228299644,0.0023781212841854932,0.07966706302021404,0.015457788347205707,0.0011890606420927466,,True,False,False,False,False,
720575940641824200,cell_class,AN,841,400,0.25,0.04,0.01,0.0,0.7859690844233056,0.11533888228299644,0.0023781212841854932,0.07966706302021404,0.015457788347205707,0.0011890606420927466,,True,True,True,False,False,
720575940641824200,cell_class,AN,841,400,0.25,0.04,0.05,0.0,0.7859690844233056,0.11533888228299644,0.0023781212841854932,0.07966706302021404,0.015457788347205707,0.0011890606420927466,,True,False,False,False,False,
720575940641824200,cell_class,AN,841,400,0.25,0.04,0.1,0.0,0.7859690844233056,0.11533888228299644,0.0023781212841854932,0.07966706302021404,0.015457788347205707,0.0011890606420927466,,True,False,False,False,False,
720575940641824200,cell_class,AN,841,400,0.25,0.02,0.01,0.0,0.7859690844233056,0.11533888228299644,0.0023781212841854932,0.07966706302021404,0.015457788347205707,0.0011890606420927466,,True,True,True,False,False,
720575940641824200,cell_class,AN,841,400,0.25,0.02,0.05,0.0,0.7859690844233056,0.11533888228299644,0.0023781212841854932,0.07966706302021404,0.015457788347205707,0.0011890606420927466,,True,False,False,False,False,
720575940641824200,cell_class,AN,841,400,0.25,0.02,0.1,0.0,0.7859690844233056,0.11533888228299644,0.0023781212841854932,0.07966706302021404,0.015457788347205707,0.0011890606420927466,,False,False,False,False,False,
720575940641824200,cell_class,AN,841,400,0.25,0.01,0.01,0.0,0.7859690844233056,0.11533888228299644,0.0023781212841854932,0.07966706302021404,0.015457788347205707,0.0011890606420927466,,True,True,True,False,False,
720575940641824200,cell_class,AN,841,400,0.25,0.01,0.05,0.0,0.7859690844233056,0.11533888228299644,0.0023781212841854932,0.07966706302021404,0.015457788347205707,0.0011890606420927466,,True,False,False,False,False,
720575940641824200,cell_class,AN,841,400,0.25,0.01,0.1,0.0,0.7859690844233056,0.11533888228299644,0.0023781212841854932,0.07966706302021404,0.015457788347205707,0.0011890606420927466,,False,False,False,False,False,
720575940605707198,cell_class,AN,11352,400,0.25,0.14285714285714285,0.01,0.007928118393234672,0.9053911205073996,0.041666666666666664,0.00616631430584919,0.015063424947145878,0.023608174770965468,0.00017618040873854828,False,True,True,False,False,True,False
720575940605707198,cell_class,AN,11352,400,0.25,0.14285714285714285,0.05,0.007928118393234672,0.9053911205073996,0.041666666666666664,0.00616631430584919,0.015063424947145878,0.023608174770965468,0.00017618040873854828,False,True,False,False,False,False,False
720575940605707198,cell_class,AN,11352,400,0.25,0.14285714285714285,0.1,0.007928118393234672,0.9053911205073996,0.041666666666666664,0.00616631430584919,0.015063424947145878,0.023608174770965468,0.00017618040873854828,False,True,False,False,False,False,False
720575940605707198,cell_class,AN,11352,400,0.25,0.04,0.01,0.007928118393234672,0.9053911205073996,0.041666666666666664,0.00616631430584919,0.015063424947145878,0.023608174770965468,0.00017618040873854828,False,True,True,False,False,False,False
720575940605707198,cell_class,AN,11352,400,0.25,0.04,0.05,0.007928118393234672,0.9053911205073996,0.041666666666666664,0.00616631430584919,0.015063424947145878,0.023608174770965468,0.00017618040873854828,False,True,False,False,False,False,False
720575940605707198,cell_class,AN,11352,400,0.25,0.04,0.1,0.007928118393234672,0.9053911205073996,0.041666666666666664,0.00616631430584919,0.015063424947145878,0.023608174770965468,0.00017618040873854828,False,True,False,False,False,False,False
720575940605707198,cell_class,AN,11352,400,0.25,0.02,0.01,0.007928118393234672,0.9053911205073996,0.041666666666666664,0.00616631430584919,0.015063424947145878,0.023608174770965468,0.00017618040873854828,False,True,True,False,False,False,False
720575940605707198,cell_class,AN,11352,400,0.25,0.02,0.05,0.007928118393234672,0.9053911205073996,0.041666666666666664,0.00616631430584919,0.015063424947145878,0.023608174770965468,0.00017618040873854828,False,True,False,False,False,False,False
720575940605707198,cell_class,AN,11352,400,0.25,0.02,0.1,0.007928118393234672,0.9053911205073996,0.041666666666666664,0.00616631430584919,0.015063424947145878,0.023608174770965468,0.00017618040873854828,False,False,False,False,False,False,False
720575940605707198,cell_class,AN,11352,400,0.25,0.01,0.01,0.007928118393234672,0.9053911205073996,0.041666666666666664,0.00616631430584919,0.015063424947145878,0.023608174770965468,0.00017618040873854828,False,True,False,False,False,False,False
720575940605707198,cell_class,AN,11352,400,0.25,0.01,0.05,0.007928118393234672,0.9053911205073996,0.041666666666666664,0.00616631430584919,0.015063424947145878,0.023608174770965468,0.00017618040873854828,False,False,False,False,False,False,False
720575940605707198,cell_class,AN,11352,400,0.25,0.01,0.1,0.007928118393234672,0.9053911205073996,0.041666666666666664,0.00616631430584919,0.015063424947145878,0.023608174770965468,0.00017618040873854828,False,False,False,False,False,False,False
720575940628337511,cell_class,AN,2488,400,0.25,0.14285714285714285,0.01,0.05265273311897106,0.17363344051446947,0.5912379421221865,0.03295819935691318,0.14188102893890675,0.007234726688102894,0.00040192926045016077,True,True,True,True,True,False,
720575940628337511,cell_class,AN,2488,400,0.25,0.14285714285714285,0.05,0.05265273311897106,0.17363344051446947,0.5912379421221865,0.03295819935691318,0.14188102893890675,0.007234726688102894,0.00040192926045016077,False,False,True,True,False,False,
720575940628337511,cell_class,AN,2488,400,0.25,0.14285714285714285,0.1,0.05265273311897106,0.17363344051446947,0.5912379421221865,0.03295819935691318,0.14188102893890675,0.007234726688102894,0.00040192926045016077,False,False,True,False,False,False,
720575940628337511,cell_class,AN,2488,400,0.25,0.04,0.01,0.05265273311897106,0.17363344051446947,0.5912379421221865,0.03295819935691318,0.14188102893890675,0.007234726688102894,0.00040192926045016077,False,True,True,True,True,False,
720575940628337511,cell_class,AN,2488,400,0.25,0.04,0.05,0.05265273311897106,0.17363344051446947,0.5912379421221865,0.03295819935691318,0.14188102893890675,0.007234726688102894,0.00040192926045016077,False,False,True,False,False,False,
720575940628337511,cell_class,AN,2488,400,0.25,0.04,0.1,0.05265273311897106,0.17363344051446947,0.5912379421221865,0.03295819935691318,0.14188102893890675,0.007234726688102894,0.00040192926045016077,False,False,False,False,False,False,
720575940628337511,cell_class,AN,2488,400,0.25,0.02,0.01,0.05265273311897106,0.17363344051446947,0.5912379421221865,0.03295819935691318,0.14188102893890675,0.007234726688102894,0.00040192926045016077,False,True,True,True,False,False,
720575940628337511,cell_class,AN,2488,400,0.25,0.02,0.05,0.05265273311897106,0.17363344051446947,0.5912379421221865,0.03295819935691318,0.14188102893890675,0.007234726688102894,0.00040192926045016077,False,False,False,False,False,False,
720575940628337511,cell_class,AN,2488,400,0.25,0.02,0.1,0.05265273311897106,0.17363344051446947,0.5912379421221865,0.03295819935691318,0.14188102893890675,0.007234726688102894,0.00040192926045016077,False,False,False,False,False,False,
720575940628337511,cell_class,AN,2488,400,0.25,0.01,0.01,0.05265273311897106,0.17363344051446947,0.5912379421221865,0.03295819935691318,0.14188102893890675,0.007234726688102894,0.00040192926045016077,False,True,True,True,False,False,
720575940628337511,cell_class,AN,2488,400,0.25,0.01,0.05,0.05265273311897106,0.17363344051446947,0.5912379421221865,0.03295819935691318,0.14188102893890675,0.007234726688102894,0.00040192926045016077,False,False,False,False,False,False,
720575940628337511,cell_class,AN,2488,400,0.25,0.01,0.1,0.05265273311897106,0.17363344051446947,0.5912379421221865,0.03295819935691318,0.14188102893890675,0.007234726688102894,0.00040192926045016077,False,False,False,False,False,False,
720575940604926082,cell_class,AN,790,400,0.25,0.14285714285714285,0.01,0.20126582278481012,0.17468354430379746,0.36075949367088606,0.007594936708860759,0.23291139240506328,0.0189873417721519,0.0037974683544303796,True,True,True,True,False,False,False
720575940604926082,cell_class,AN,790,400,0.25,0.14285714285714285,0.05,0.20126582278481012,0.17468354430379746,0.36075949367088606,0.007594936708860759,0.23291139240506328,0.0189873417721519,0.0037974683544303796,True,True,True,True,False,False,False
720575940604926082,cell_class,AN,790,400,0.25,0.14285714285714285,0.1,0.20126582278481012,0.17468354430379746,0.36075949367088606,0.007594936708860759,0.23291139240506328,0.0189873417721519,0.0037974683544303796,False,True,True,False,False,False,False
720575940604926082,cell_class,AN,790,400,0.25,0.04,0.01,0.20126582278481012,0.17468354430379746,0.36075949367088606,0.007594936708860759,0.23291139240506328,0.0189873417721519,0.0037974683544303796,True,True,True,True,False,False,False
720575940604926082,cell_class,AN,790,400,0.25,0.04,0.05,0.20126582278481012,0.17468354430379746,0.36075949367088606,0.007594936708860759,0.23291139240506328,0.0189873417721519,0.0037974683544303796,False,False,True,False,False,False,False
720575940604926082,cell_class,AN,790,400,0.25,0.04,0.1,0.20126582278481012,0.17468354430379746,0.36075949367088606,0.007594936708860759,0.23291139240506328,0.0189873417721519,0.0037974683544303796,False,False,False,False,False,False,False
720575940604926082,cell_class,AN,790,400,0.25,0.02,0.01,0.20126582278481012,0.17468354430379746,0.36075949367088606,0.007594936708860759,0.23291139240506328,0.0189873417721519,0.0037974683544303796,True,True,True,True,False,False,False
720575940604926082,cell_class,AN,790,400,0.25,0.02,0.05,0.20126582278481012,0.17468354430379746,0.36075949367088606,0.007594936708860759,0.23291139240506328,0.0189873417721519,0.0037974683544303796,False,False,False,False,False,False,False
720575940604926082,cell_class,AN,790,400,0.25,0.02,0.1,0.20126582278481012,0.17468354430379746,0.36075949367088606,0.007594936708860759,0.23291139240506328,0.0189873417721519,0.0037974683544303796,False,False,False,False,False,False,False
720575940604926082,cell_class,AN,790,400,0.25,0.01,0.01,0.20126582278481012,0.17468354430379746,0.36075949367088606,0.007594936708860759,0.23291139240506328,0.0189873417721519,0.0037974683544303796,True,True,True,True,False,False,False
720575940604926082,cell_class,AN,790,400,0.25,0.01,0.05,0.20126582278481012,0.17468354430379746,0.36075949367088606,0.007594936708860759,0.23291139240506328,0.0189873417721519,0.0037974683544303796,False,False,False,False,False,False,False
720575940604926082,cell_class,AN,790,400,0.25,0.01,0.1,0.20126582278481012,0.17468354430379746,0.36075949367088606,0.007594936708860759,0.23291139240506328,0.0189873417721519,0.0037974683544303796,False,False,False,False,False,False,False
720575940637149006,cell_class,AN,476,400,0.25,0.14285714285714285,0.01,0.008403361344537815,0.9810924369747899,0.0,0.0,0.008403361344537815,0.0021008403361344537,0.0,False,True,,False,,,
720575940637149006,cell_class,AN,476,400,0.25,0.14285714285714285,0.05,0.008403361344537815,0.9810924369747899,0.0,0.0,0.008403361344537815,0.0021008403361344537,0.0,False,True,,False,,,
720575940637149006,cell_class,AN,476,400,0.25,0.14285714285714285,0.1,0.008403361344537815,0.9810924369747899,0.0,0.0,0.008403361344537815,0.0021008403361344537,0.0,False,True,,False,,,
720575940637149006,cell_class,AN,476,400,0.25,0.04,0.01,0.008403361344537815,0.9810924369747899,0.0,0.0,0.008403361344537815,0.0021008403361344537,0.0,False,True,,False,,,
720575940637149006,cell_class,AN,476,400,0.25,0.04,0.05,0.008403361344537815,0.9810924369747899,0.0,0.0,0.008403361344537815,0.0021008403361344537,0.0,False,True,,False,,,
720575940637149006,cell_class,AN,476,400,0.25,0.04,0.1,0.008403361344537815,0.9810924369747899,0.0,0.0,0.008403361344537815,0.0021008403361344537,0.0,False,True,,False,,,
720575940637149006,cell_class,AN,476,400,0.25,0.02,0.01,0.008403361344537815,0.9810924369747899,0.0,0.0,0.008403361344537815,0.0021008403361344537,0.0,False,True,,False,,,
720575940637149006,cell_class,AN,476,400,0.25,0.02,0.05,0.008403361344537815,0.9810924369747899,0.0,0.0,0.008403361344537815,0.0021008403361344537,0.0,False,True,,False,,,
720575940637149006,cell_class,AN,476,400,0.25,0.02,0.1,0.008403361344537815,0.9810924369747899,0.0,0.0,0.008403361344537815,0.0021008403361344537,0.0,False,True,,False,,,
720575940637149006,cell_class,AN,476,400,0.25,0.01,0.01,0.008403361344537815,0.9810924369747899,0.0,0.0,0.008403361344537815,0.0021008403361344537,0.0,False,True,,False,,,
720575940637149006,cell_class,AN,476,400,0.25,0.01,0.05,0.008403361344537815,0.9810924369747899,0.0,0.0,0.008403361344537815,0.0021008403361344537,0.0,False,True,,False,,,
720575940637149006,cell_class,AN,476,400,0.25,0.01,0.1,0.008403361344537815,0.9810924369747899,0.0,0.0,0.008403361344537815,0.0021008403361344537,0.0,False,False,,False,,,
720575940622109769,cell_class,AN,610,400,0.25,0.14285714285714285,0.01,0.05573770491803279,0.05081967213114754,0.4737704918032787,0.003278688524590164,0.4065573770491803,0.00819672131147541,0.001639344262295082,True,True,True,True,False,False,
720575940622109769,cell_class,AN,610,400,0.25,0.14285714285714285,0.05,0.05573770491803279,0.05081967213114754,0.4737704918032787,0.003278688524590164,0.4065573770491803,0.00819672131147541,0.001639344262295082,False,False,True,True,False,False,
720575940622109769,cell_class,AN,610,400,0.25,0.14285714285714285,0.1,0.05573770491803279,0.05081967213114754,0.4737704918032787,0.003278688524590164,0.4065573770491803,0.00819672131147541,0.001639344262295082,False,False,True,True,False,False,
720575940622109769,cell_class,AN,610,400,0.25,0.04,0.01,0.05573770491803279,0.05081967213114754,0.4737704918032787,0.003278688524590164,0.4065573770491803,0.00819672131147541,0.001639344262295082,True,True,True,True,False,False,
720575940622109769,cell_class,AN,610,400,0.25,0.04,0.05,0.05573770491803279,0.05081967213114754,0.4737704918032787,0.003278688524590164,0.4065573770491803,0.00819672131147541,0.001639344262295082,False,False,True,True,False,False,
720575940622109769,cell_class,AN,610,400,0.25,0.04,0.1,0.05573770491803279,0.05081967213114754,0.4737704918032787,0.003278688524590164,0.4065573770491803,0.00819672131147541,0.001639344262295082,False,False,False,False,False,False,
720575940622109769,cell_class,AN,610,400,0.25,0.02,0.01,0.05573770491803279,0.05081967213114754,0.4737704918032787,0.003278688524590164,0.4065573770491803,0.00819672131147541,0.001639344262295082,True,True,True,True,False,False,
720575940622109769,cell_class,AN,610,400,0.25,0.02,0.05,0.05573770491803279,0.05081967213114754,0.4737704918032787,0.003278688524590164,0.4065573770491803,0.00819672131147541,0.001639344262295082,False,False,False,False,False,False,
720575940622109769,cell_class,AN,610,400,0.25,0.02,0.1,0.05573770491803279,0.05081967213114754,0.4737704918032787,0.003278688524590164,0.4065573770491803,0.00819672131147541,0.001639344262295082,False,False,False,False,False,False,
720575940622109769,cell_class,AN,610,400,0.25,0.01,0.01,0.05573770491803279,0.05081967213114754,0.4737704918032787,0.003278688524590164,0.4065573770491803,0.00819672131147541,0.001639344262295082,True,True,True,True,False,False,
720575940622109769,cell_class,AN,610,400,0.25,0.01,0.05,0.05573770491803279,0.05081967213114754,0.4737704918032787,0.003278688524590164,0.4065573770491803,0.00819672131147541,0.001639344262295082,False,False,False,False,False,False,
720575940622109769,cell_class,AN,610,400,0.25,0.01,0.1,0.05573770491803279,0.05081967213114754,0.4737704918032787,0.003278688524590164,0.4065573770491803,0.00819672131147541,0.001639344262295082,False,False,False,False,False,False,
720575940622102182,cell_class,AN,2244,400,0.25,0.14285714285714285,0.01,0.035650623885918005,0.7642602495543672,0.04946524064171123,0.03832442067736185,0.07932263814616755,0.031194295900178252,0.0017825311942959,True,True,True,True,True,True,False
720575940622102182,cell_class,AN,2244,400,0.25,0.14285714285714285,0.05,0.035650623885918005,0.7642602495543672,0.04946524064171123,0.03832442067736185,0.07932263814616755,0.031194295900178252,0.0017825311942959,False,True,False,False,False,False,False
720575940622102182,cell_class,AN,2244,400,0.25,0.14285714285714285,0.1,0.035650623885918005,0.7642602495543672,0.04946524064171123,0.03832442067736185,0.07932263814616755,0.031194295900178252,0.0017825311942959,False,True,False,False,False,False,False
720575940622102182,cell_class,AN,2244,400,0.25,0.04,0.01,0.035650623885918005,0.7642602495543672,0.04946524064171123,0.03832442067736185,0.07932263814616755,0.031194295900178252,0.0017825311942959,False,True,True,False,True,False,False
720575940622102182,cell_class,AN,2244,400,0.25,0.04,0.05,0.035650623885918005,0.7642602495543672,0.04946524064171123,0.03832442067736185,0.07932263814616755,0.031194295900178252,0.0017825311942959,False,True,False,False,False,False,False
720575940622102182,cell_class,AN,2244,400,0.25,0.04,0.1,0.035650623885918005,0.7642602495543672,0.04946524064171123,0.03832442067736185,0.07932263814616755,0.031194295900178252,0.0017825311942959,False,False,False,False,False,False,False
720575940622102182,cell_class,AN,2244,400,0.25,0.02,0.01,0.035650623885918005,0.7642602495543672,0.04946524064171123,0.03832442067736185,0.07932263814616755,0.031194295900178252,0.0017825311942959,False,True,False,False,True,False,False
720575940622102182,cell_class,AN,2244,400,0.25,0.02,0.05,0.035650623885918005,0.7642602495543672,0.04946524064171123,0.03832442067736185,0.07932263814616755,0.031194295900178252,0.0017825311942959,False,True,False,False,False,False,False
720575940622102182,cell_class,AN,2244,400,0.25,0.02,0.1,0.035650623885918005,0.7642602495543672,0.04946524064171123,0.03832442067736185,0.07932263814616755,0.031194295900178252,0.0017825311942959,False,False,False,False,False,False,False
720575940622102182,cell_class,AN,2244,400,0.25,0.01,0.01,0.035650623885918005,0.7642602495543672,0.04946524064171123,0.03832442067736185,0.07932263814616755,0.031194295900178252,0.0017825311942959,False,True,False,False,False,False,False
720575940622102182,cell_class,AN,2244,400,0.25,0.01,0.05,0.035650623885918005,0.7642602495543672,0.04946524064171123,0.03832442067736185,0.07932263814616755,0.031194295900178252,0.0017825311942959,False,True,False,False,False,False,False
720575940622102182,cell_class,AN,2244,400,0.25,0.01,0.1,0.035650623885918005,0.7642602495543672,0.04946524064171123,0.03832442067736185,0.07932263814616755,0.031194295900178252,0.0017825311942959,False,False,False,False,False,False,False
720575940633183559,cell_class,AN,1292,400,0.25,0.14285714285714285,0.01,0.005417956656346749,0.9388544891640866,0.02863777089783282,0.0023219814241486067,0.015479876160990712,0.008513931888544891,0.0007739938080495357,False,True,True,False,False,False,
720575940633183559,cell_class,AN,1292,400,0.25,0.14285714285714285,0.05,0.005417956656346749,0.9388544891640866,0.02863777089783282,0.0023219814241486067,0.015479876160990712,0.008513931888544891,0.0007739938080495357,False,True,False,False,False,False,
720575940633183559,cell_class,AN,1292,400,0.25,0.14285714285714285,0.1,0.005417956656346749,0.9388544891640866,0.02863777089783282,0.0023219814241486067,0.015479876160990712,0.008513931888544891,0.0007739938080495357,False,True,False,False,False,False,
720575940633183559,cell_class,AN,1292,400,0.25,0.04,0.01,0.005417956656346749,0.9388544891640866,0.02863777089783282,0.0023219814241486067,0.015479876160990712,0.008513931888544891,0.0007739938080495357,False,True,False,False,False,False,
720575940633183559,cell_class,AN,1292,400,0.25,0.04,0.05,0.005417956656346749,0.9388544891640866,0.02863777089783282,0.0023219814241486067,0.015479876160990712,0.008513931888544891,0.0007739938080495357,False,True,False,False,False,False,
720575940633183559,cell_class,AN,1292,400,0.25,0.04,0.1,0.005417956656346749,0.9388544891640866,0.02863777089783282,0.0023219814241486067,0.015479876160990712,0.008513931888544891,0.0007739938080495357,False,True,False,False,False,False,
720575940633183559,cell_class,AN,1292,400,0.25,0.02,0.01,0.005417956656346749,0.9388544891640866,0.02863777089783282,0.0023219814241486067,0.015479876160990712,0.008513931888544891,0.0007739938080495357,False,True,False,False,False,False,
720575940633183559,cell_class,AN,1292,400,0.25,0.02,0.05,0.005417956656346749,0.9388544891640866,0.02863777089783282,0.0023219814241486067,0.015479876160990712,0.008513931888544891,0.0007739938080495357,False,True,False,False,False,False,
720575940633183559,cell_class,AN,1292,400,0.25,0.02,0.1,0.005417956656346749,0.9388544891640866,0.02863777089783282,0.0023219814241486067,0.015479876160990712,0.008513931888544891,0.0007739938080495357,False,False,False,False,False,False,
720575940633183559,cell_class,AN,1292,400,0.25,0.01,0.01,0.005417956656346749,0.9388544891640866,0.02863777089783282,0.0023219814241486067,0.015479876160990712,0.008513931888544891,0.0007739938080495357,False,True,False,False,False,False,
720575940633183559,cell_class,AN,1292,400,0.25,0.01,0.05,0.005417956656346749,0.9388544891640866,0.02863777089783282,0.0023219814241486067,0.015479876160990712,0.008513931888544891,0.0007739938080495357,False,False,False,False,False,False,
720575940633183559,cell_class,AN,1292,400,0.25,0.01,0.1,0.005417956656346749,0.9388544891640866,0.02863777089783282,0.0023219814241486067,0.015479876160990712,0.008513931888544891,0.0007739938080495357,False,False,False,False,False,False,
720575940629416266,cell_class,AN,4876,400,0.25,0.14285714285714285,0.01,0.006562756357670222,0.7391304347826086,0.041427399507793276,0.008613617719442166,0.17042657916324858,0.03342904019688269,0.00041017227235438887,False,True,True,True,False,True,False
720575940629416266,cell_class,AN,4876,400,0.25,0.14285714285714285,0.05,0.006562756357670222,0.7391304347826086,0.041427399507793276,0.008613617719442166,0.17042657916324858,0.03342904019688269,0.00041017227235438887,False,True,False,True,False,False,False
720575940629416266,cell_class,AN,4876,400,0.25,0.14285714285714285,0.1,0.006562756357670222,0.7391304347826086,0.041427399507793276,0.008613617719442166,0.17042657916324858,0.03342904019688269,0.00041017227235438887,False,True,False,False,False,False,False
720575940629416266,cell_class,AN,4876,400,0.25,0.04,0.01,0.006562756357670222,0.7391304347826086,0.041427399507793276,0.008613617719442166,0.17042657916324858,0.03342904019688269,0.00041017227235438887,False,True,True,True,False,False,False
720575940629416266,cell_class,AN,4876,400,0.25,0.04,0.05,0.006562756357670222,0.7391304347826086,0.041427399507793276,0.008613617719442166,0.17042657916324858,0.03342904019688269,0.00041017227235438887,False,True,False,False,False,False,False
720575940629416266,cell_class,AN,4876,400,0.25,0.04,0.1,0.006562756357670222,0.7391304347826086,0.041427399507793276,0.008613617719442166,0.17042657916324858,0.03342904019688269,0.00041017227235438887,False,True,False,False,False,False,False
720575940629416266,cell_class,AN,4876,400,0.25,0.02,0.01,0.006562756357670222,0.7391304347826086,0.041427399507793276,0.008613617719442166,0.17042657916324858,0.03342904019688269,0.00041017227235438887,False,True,False,True,False,False,False
720575940629416266,cell_class,AN,4876,400,0.25,0.02,0.05,0.006562756357670222,0.7391304347826086,0.041427399507793276,0.008613617719442166,0.17042657916324858,0.03342904019688269,0.00041017227235438887,False,True,False,False,False,False,False
720575940629416266,cell_class,AN,4876,400,0.25,0.02,0.1,0.006562756357670222,0.7391304347826086,0.041427399507793276,0.008613617719442166,0.17042657916324858,0.03342904019688269,0.00041017227235438887,False,False,False,False,False,False,False
720575940629416266,cell_class,AN,4876,400,0.25,0.01,0.01,0.006562756357670222,0.7391304347826086,0.041427399507793276,0.008613617719442166,0.17042657916324858,0.03342904019688269,0.00041017227235438887,False,True,False,True,False,False,False
720575940629416266,cell_class,AN,4876,400,0.25,0.01,0.05,0.006562756357670222,0.7391304347826086,0.041427399507793276,0.008613617719442166,0.17042657916324858,0.03342904019688269,0.00041017227235438887,False,False,False,False,False,False,False
720575940629416266,cell_class,AN,4876,400,0.25,0.01,0.1,0.006562756357670222,0.7391304347826086,0.041427399507793276,0.008613617719442166,0.17042657916324858,0.03342904019688269,0.00041017227235438887,False,False,False,False,False,False,False
720575940618459485,cell_class,AN,662,400,0.25,0.14285714285714285,0.01,0.6027190332326284,0.19788519637462235,0.08308157099697885,0.013595166163141994,0.061933534743202415,0.03927492447129909,0.0015105740181268882,True,True,True,True,False,True,
720575940618459485,cell_class,AN,662,400,0.25,0.14285714285714285,0.05,0.6027190332326284,0.19788519637462235,0.08308157099697885,0.013595166163141994,0.061933534743202415,0.03927492447129909,0.0015105740181268882,True,True,False,False,False,False,
720575940618459485,cell_class,AN,662,400,0.25,0.14285714285714285,0.1,0.6027190332326284,0.19788519637462235,0.08308157099697885,0.013595166163141994,0.061933534743202415,0.03927492447129909,0.0015105740181268882,True,False,False,False,False,False,
720575940618459485,cell_class,AN,662,400,0.25,0.04,0.01,0.6027190332326284,0.19788519637462235,0.08308157099697885,0.013595166163141994,0.061933534743202415,0.03927492447129909,0.0015105740181268882,True,True,True,False,False,True,
720575940618459485,cell_class,AN,662,400,0.25,0.04,0.05,0.6027190332326284,0.19788519637462235,0.08308157099697885,0.013595166163141994,0.061933534743202415,0.03927492447129909,0.0015105740181268882,True,False,False,False,False,False,
720575940618459485,cell_class,AN,662,400,0.25,0.04,0.1,0.6027190332326284,0.19788519637462235,0.08308157099697885,0.013595166163141994,0.061933534743202415,0.03927492447129909,0.0015105740181268882,False,False,False,False,False,False,
720575940618459485,cell_class,AN,662,400,0.25,0.02,0.01,0.6027190332326284,0.19788519637462235,0.08308157099697885,0.013595166163141994,0.061933534743202415,0.03927492447129909,0.0015105740181268882,True,True,True,False,False,False,
720575940618459485,cell_class,AN,662,400,0.25,0.02,0.05,0.6027190332326284,0.19788519637462235,0.08308157099697885,0.013595166163141994,0.061933534743202415,0.03927492447129909,0.0015105740181268882,True,False,False,False,False,False,
720575940618459485,cell_class,AN,662,400,0.25,0.02,0.1,0.6027190332326284,0.19788519637462235,0.08308157099697885,0.013595166163141994,0.061933534743202415,0.03927492447129909,0.0015105740181268882,False,False,False,False,False,False,
720575940618459485,cell_class,AN,662,400,0.25,0.01,0.01,0.6027190332326284,0.19788519637462235,0.08308157099697885,0.013595166163141994,0.061933534743202415,0.03927492447129909,0.0015105740181268882,True,True,True,False,False,False,
720575940618459485,cell_class,AN,662,400,0.25,0.01,0.05,0.6027190332326284,0.19788519637462235,0.08308157099697885,0.013595166163141994,0.061933534743202415,0.03927492447129909,0.0015105740181268882,False,False,False,False,False,False,
720575940618459485,cell_class,AN,662,400,0.25,0.01,0.1,0.6027190332326284,0.19788519637462235,0.08308157099697885,0.013595166163141994,0.061933534743202415,0.03927492447129909,0.0015105740181268882,False,False,False,False,False,False,
720575940621749697,cell_class,AN,2630,400,0.25,0.14285714285714285,0.01,0.016730038022813688,0.018631178707224333,0.8771863117870723,0.005703422053231939,0.04524714828897338,0.03612167300380228,0.00038022813688212925,True,False,True,True,False,True,
720575940621749697,cell_class,AN,2630,400,0.25,0.14285714285714285,0.05,0.016730038022813688,0.018631178707224333,0.8771863117870723,0.005703422053231939,0.04524714828897338,0.03612167300380228,0.00038022813688212925,False,False,True,False,False,False,
720575940621749697,cell_class,AN,2630,400,0.25,0.14285714285714285,0.1,0.016730038022813688,0.018631178707224333,0.8771863117870723,0.005703422053231939,0.04524714828897338,0.03612167300380228,0.00038022813688212925,False,False,True,False,False,False,
720575940621749697,cell_class,AN,2630,400,0.25,0.04,0.01,0.016730038022813688,0.018631178707224333,0.8771863117870723,0.005703422053231939,0.04524714828897338,0.03612167300380228,0.00038022813688212925,True,False,True,False,False,False,
720575940621749697,cell_class,AN,2630,400,0.25,0.04,0.05,0.016730038022813688,0.018631178707224333,0.8771863117870723,0.005703422053231939,0.04524714828897338,0.03612167300380228,0.00038022813688212925,False,False,True,False,False,False,
720575940621749697,cell_class,AN,2630,400,0.25,0.04,0.1,0.016730038022813688,0.018631178707224333,0.8771863117870723,0.005703422053231939,0.04524714828897338,0.03612167300380228,0.00038022813688212925,False,False,True,False,False,False,
720575940621749697,cell_class,AN,2630,400,0.25,0.02,0.01,0.016730038022813688,0.018631178707224333,0.8771863117870723,0.005703422053231939,0.04524714828897338,0.03612167300380228,0.00038022813688212925,False,False,True,False,False,False,
720575940621749697,cell_class,AN,2630,400,0.25,0.02,0.05,0.016730038022813688,0.018631178707224333,0.8771863117870723,0.005703422053231939,0.04524714828897338,0.03612167300380228,0.00038022813688212925,False,False,True,False,False,False,
720575940621749697,cell_class,AN,2630,400,0.25,0.02,0.1,0.016730038022813688,0.018631178707224333,0.8771863117870723,0.005703422053231939,0.04524714828897338,0.03612167300380228,0.00038022813688212925,False,False,False,False,False,False,
720575940621749697,cell_class,AN,2630,400,0.25,0.01,0.01,0.016730038022813688,0.018631178707224333,0.8771863117870723,0.005703422053231939,0.04524714828897338,0.03612167300380228,0.00038022813688212925,False,False,True,False,False,False,
720575940621749697,cell_class,AN,2630,400,0.25,0.01,0.05,0.016730038022813688,0.018631178707224333,0.8771863117870723,0.005703422053231939,0.04524714828897338,0.03612167300380228,0.00038022813688212925,False,False,False,False,False,False,
720575940621749697,cell_class,AN,2630,400,0.25,0.01,0.1,0.016730038022813688,0.018631178707224333,0.8771863117870723,0.005703422053231939,0.04524714828897338,0.03612167300380228,0.00038022813688212925,False,False,False,False,False,False,
720575940611603502,cell_class,AN,6268,400,0.25,0.14285714285714285,0.01,0.05264837268666241,0.8410976388002552,0.05280791320995533,0.023771537970644543,0.02568602425015954,0.0033503509891512446,0.0006381620931716656,True,True,True,True,True,False,False
720575940611603502,cell_class,AN,6268,400,0.25,0.14285714285714285,0.05,0.05264837268666241,0.8410976388002552,0.05280791320995533,0.023771537970644543,0.02568602425015954,0.0033503509891512446,0.0006381620931716656,False,True,False,False,False,False,False
720575940611603502,cell_class,AN,6268,400,0.25,0.14285714285714285,0.1,0.05264837268666241,0.8410976388002552,0.05280791320995533,0.023771537970644543,0.02568602425015954,0.0033503509891512446,0.0006381620931716656,False,True,False,False,False,False,False
720575940611603502,cell_class,AN,6268,400,0.25,0.04,0.01,0.05264837268666241,0.8410976388002552,0.05280791320995533,0.023771537970644543,0.02568602425015954,0.0033503509891512446,0.0006381620931716656,True,True,True,False,False,False,False
720575940611603502,cell_class,AN,6268,400,0.25,0.04,0.05,0.05264837268666241,0.8410976388002552,0.05280791320995533,0.023771537970644543,0.02568602425015954,0.0033503509891512446,0.0006381620931716656,False,True,False,False,False,False,False
720575940611603502,cell_class,AN,6268,400,0.25,0.04,0.1,0.05264837268666241,0.8410976388002552,0.05280791320995533,0.023771537970644543,0.02568602425015954,0.0033503509891512446,0.0006381620931716656,False,True,False,False,False,False,False
720575940611603502,cell_class,AN,6268,400,0.25,0.02,0.01,0.05264837268666241,0.8410976388002552,0.05280791320995533,0.023771537970644543,0.02568602425015954,0.0033503509891512446,0.0006381620931716656,False,True,True,False,False,False,False
720575940611603502,cell_class,AN,6268,400,0.25,0.02,0.05,0.05264837268666241,0.8410976388002552,0.05280791320995533,0.023771537970644543,0.02568602425015954,0.0033503509891512446,0.0006381620931716656,False,True,False,False,False,False,False
720575940611603502,cell_class,AN,6268,400,0.25,0.02,0.1,0.05264837268666241,0.8410976388002552,0.05280791320995533,0.023771537970644543,0.02568602425015954,0.0033503509891512446,0.0006381620931716656,False,False,False,False,False,False,False
720575940611603502,cell_class,AN,6268,400,0.25,0.01,0.01,0.05264837268666241,0.8410976388002552,0.05280791320995533,0.023771537970644543,0.02568602425015954,0.0033503509891512446,0.0006381620931716656,False,True,False,False,False,False,False
720575940611603502,cell_class,AN,6268,400,0.25,0.01,0.05,0.05264837268666241,0.8410976388002552,0.05280791320995533,0.023771537970644543,0.02568602425015954,0.0033503509891512446,0.0006381620931716656,False,True,False,False,False,False,False
720575940611603502,cell_class,AN,6268,400,0.25,0.01,0.1,0.05264837268666241,0.8410976388002552,0.05280791320995533,0.023771537970644543,0.02568602425015954,0.0033503509891512446,0.0006381620931716656,False,False,False,False,False,False,False
720575940634725345,cell_class,AN,1604,400,0.25,0.14285714285714285,0.01,0.7581047381546134,0.06608478802992519,0.12718204488778054,0.0024937655860349127,0.00685785536159601,0.03865336658354115,0.0006234413965087282,True,True,True,False,False,True,
720575940634725345,cell_class,AN,1604,400,0.25,0.14285714285714285,0.05,0.7581047381546134,0.06608478802992519,0.12718204488778054,0.0024937655860349127,0.00685785536159601,0.03865336658354115,0.0006234413965087282,True,False,False,False,False,False,
720575940634725345,cell_class,AN,1604,400,0.25,0.14285714285714285,0.1,0.7581047381546134,0.06608478802992519,0.12718204488778054,0.0024937655860349127,0.00685785536159601,0.03865336658354115,0.0006234413965087282,True,False,False,False,False,False,
720575940634725345,cell_class,AN,1604,400,0.25,0.04,0.01,0.7581047381546134,0.06608478802992519,0.12718204488778054,0.0024937655860349127,0.00685785536159601,0.03865336658354115,0.0006234413965087282,True,True,True,False,False,True,
720575940634725345,cell_class,AN,1604,400,0.25,0.04,0.05,0.7581047381546134,0.06608478802992519,0.12718204488778054,0.0024937655860349127,0.00685785536159601,0.03865336658354115,0.0006234413965087282,True,False,False,False,False,False,
720575940634725345,cell_class,AN,1604,400,0.25,0.04,0.1,0.7581047381546134,0.06608478802992519,0.12718204488778054,0.0024937655860349127,0.00685785536159601,0.03865336658354115,0.0006234413965087282,False,False,False,False,False,False,
720575940634725345,cell_class,AN,1604,400,0.25,0.02,0.01,0.7581047381546134,0.06608478802992519,0.12718204488778054,0.0024937655860349127,0.00685785536159601,0.03865336658354115,0.0006234413965087282,True,True,True,False,False,True,
720575940634725345,cell_class,AN,1604,400,0.25,0.02,0.05,0.7581047381546134,0.06608478802992519,0.12718204488778054,0.0024937655860349127,0.00685785536159601,0.03865336658354115,0.0006234413965087282,True,False,False,False,False,False,
720575940634725345,cell_class,AN,1604,400,0.25,0.02,0.1,0.7581047381546134,0.06608478802992519,0.12718204488778054,0.0024937655860349127,0.00685785536159601,0.03865336658354115,0.0006234413965087282,False,False,False,False,False,False,
720575940634725345,cell_class,AN,1604,400,0.25,0.01,0.01,0.7581047381546134,0.06608478802992519,0.12718204488778054,0.0024937655860349127,0.00685785536159601,0.03865336658354115,0.0006234413965087282,True,False,True,False,False,True,
720575940634725345,cell_class,AN,1604,400,0.25,0.01,0.05,0.7581047381546134,0.06608478802992519,0.12718204488778054,0.0024937655860349127,0.00685785536159601,0.03865336658354115,0.0006234413965087282,False,False,False,False,False,False,
720575940634725345,cell_class,AN,1604,400,0.25,0.01,0.1,0.7581047381546134,0.06608478802992519,0.12718204488778054,0.0024937655860349127,0.00685785536159601,0.03865336658354115,0.0006234413965087282,False,False,False,False,False,False,
720575940635591776,cell_class,AN,13471,400,0.25,0.14285714285714285,0.01,0.03874990720807661,0.8809294039046841,0.016554079132952267,0.03926954197906614,0.021305025610570856,0.002746640932373246,0.00044540123227674265,False,True,False,False,True,False,False
720575940635591776,cell_class,AN,13471,400,0.25,0.14285714285714285,0.05,0.03874990720807661,0.8809294039046841,0.016554079132952267,0.03926954197906614,0.021305025610570856,0.002746640932373246,0.00044540123227674265,False,True,False,False,False,False,False
720575940635591776,cell_class,AN,13471,400,0.25,0.14285714285714285,0.1,0.03874990720807661,0.8809294039046841,0.016554079132952267,0.03926954197906614,0.021305025610570856,0.002746640932373246,0.00044540123227674265,False,True,False,False,False,False,False
720575940635591776,cell_class,AN,13471,400,0.25,0.04,0.01,0.03874990720807661,0.8809294039046841,0.016554079132952267,0.03926954197906614,0.021305025610570856,0.002746640932373246,0.00044540123227674265,False,True,False,False,True,False,False
720575940635591776,cell_class,AN,13471,400,0.25,0.04,0.05,0.03874990720807661,0.8809294039046841,0.016554079132952267,0.03926954197906614,0.021305025610570856,0.002746640932373246,0.00044540123227674265,False,True,False,False,False,False,False
720575940635591776,cell_class,AN,13471,400,0.25,0.04,0.1,0.03874990720807661,0.8809294039046841,0.016554079132952267,0.03926954197906614,0.021305025610570856,0.002746640932373246,0.00044540123227674265,False,True,False,False,False,False,False
720575940635591776,cell_class,AN,13471,400,0.25,0.02,0.01,0.03874990720807661,0.8809294039046841,0.016554079132952267,0.03926954197906614,0.021305025610570856,0.002746640932373246,0.00044540123227674265,False,True,False,False,False,False,False
720575940635591776,cell_class,AN,13471,400,0.25,0.02,0.05,0.03874990720807661,0.8809294039046841,0.016554079132952267,0.03926954197906614,0.021305025610570856,0.002746640932373246,0.00044540123227674265,False,True,False,False,False,False,False
720575940635591776,cell_class,AN,13471,400,0.25,0.02,0.1,0.03874990720807661,0.8809294039046841,0.016554079132952267,0.03926954197906614,0.021305025610570856,0.002746640932373246,0.00044540123227674265,False,False,False,False,False,False,False
720575940635591776,cell_class,AN,13471,400,0.25,0.01,0.01,0.03874990720807661,0.8809294039046841,0.016554079132952267,0.03926954197906614,0.021305025610570856,0.002746640932373246,0.00044540123227674265,False,True,False,False,False,False,False
720575940635591776,cell_class,AN,13471,400,0.25,0.01,0.05,0.03874990720807661,0.8809294039046841,0.016554079132952267,0.03926954197906614,0.021305025610570856,0.002746640932373246,0.00044540123227674265,False,False,False,False,False,False,False
720575940635591776,cell_class,AN,13471,400,0.25,0.01,0.1,0.03874990720807661,0.8809294039046841,0.016554079132952267,0.03926954197906614,0.021305025610570856,0.002746640932373246,0.00044540123227674265,False,False,False,False,False,False,False
720575940645704996,cell_class,AN,8046,400,0.25,0.14285714285714285,0.01,0.037161322396221726,0.905170270942083,0.024608501118568233,0.007208550832711907,0.01963708675118071,0.00571712652249565,0.0004971414367387521,True,True,True,False,False,False,False
720575940645704996,cell_class,AN,8046,400,0.25,0.14285714285714285,0.05,0.037161322396221726,0.905170270942083,0.024608501118568233,0.007208550832711907,0.01963708675118071,0.00571712652249565,0.0004971414367387521,False,True,False,False,False,False,False
720575940645704996,cell_class,AN,8046,400,0.25,0.14285714285714285,0.1,0.037161322396221726,0.905170270942083,0.024608501118568233,0.007208550832711907,0.01963708675118071,0.00571712652249565,0.0004971414367387521,False,True,False,False,False,False,False
720575940645704996,cell_class,AN,8046,400,0.25,0.04,0.01,0.037161322396221726,0.905170270942083,0.024608501118568233,0.007208550832711907,0.01963708675118071,0.00571712652249565,0.0004971414367387521,False,True,True,False,False,False,False
720575940645704996,cell_class,AN,8046,400,0.25,0.04,0.05,0.037161322396221726,0.905170270942083,0.024608501118568233,0.007208550832711907,0.01963708675118071,0.00571712652249565,0.0004971414367387521,False,True,False,False,False,False,False
720575940645704996,cell_class,AN,8046,400,0.25,0.04,0.1,0.037161322396221726,0.905170270942083,0.024608501118568233,0.007208550832711907,0.01963708675118071,0.00571712652249565,0.0004971414367387521,False,True,False,False,False,False,False
720575940645704996,cell_class,AN,8046,400,0.25,0.02,0.01,0.037161322396221726,0.905170270942083,0.024608501118568233,0.007208550832711907,0.01963708675118071,0.00571712652249565,0.0004971414367387521,False,True,False,False,False,False,False
720575940645704996,cell_class,AN,8046,400,0.25,0.02,0.05,0.037161322396221726,0.905170270942083,0.024608501118568233,0.007208550832711907,0.01963708675118071,0.00571712652249565,0.0004971414367387521,False,True,False,False,False,False,False
720575940645704996,cell_class,AN,8046,400,0.25,0.02,0.1,0.037161322396221726,0.905170270942083,0.024608501118568233,0.007208550832711907,0.01963708675118071,0.00571712652249565,0.0004971414367387521,False,False,False,False,False,False,False
720575940645704996,cell_class,AN,8046,400,0.25,0.01,0.01,0.037161322396221726,0.905170270942083,0.024608501118568233,0.007208550832711907,0.01963708675118071,0.00571712652249565,0.0004971414367387521,False,True,False,False,False,False,False
720575940645704996,cell_class,AN,8046,400,0.25,0.01,0.05,0.037161322396221726,0.905170270942083,0.024608501118568233,0.007208550832711907,0.01963708675118071,0.00571712652249565,0.0004971414367387521,False,False,False,False,False,False,False
720575940645704996,cell_class,AN,8046,400,0.25,0.01,0.1,0.037161322396221726,0.905170270942083,0.024608501118568233,0.007208550832711907,0.01963708675118071,0.00571712652249565,0.0004971414367387521,False,False,False,False,False,False,False
720575940620096926,cell_class,AN,2152,400,0.25,0.14285714285714285,0.01,0.5934014869888475,0.05390334572490706,0.2513940520446097,0.0032527881040892194,0.056691449814126396,0.040427509293680296,0.0009293680297397769,True,True,True,True,False,True,False
720575940620096926,cell_class,AN,2152,400,0.25,0.14285714285714285,0.05,0.5934014869888475,0.05390334572490706,0.2513940520446097,0.0032527881040892194,0.056691449814126396,0.040427509293680296,0.0009293680297397769,True,False,True,False,False,False,False
720575940620096926,cell_class,AN,2152,400,0.25,0.14285714285714285,0.1,0.5934014869888475,0.05390334572490706,0.2513940520446097,0.0032527881040892194,0.056691449814126396,0.040427509293680296,0.0009293680297397769,True,False,False,False,False,False,False
720575940620096926,cell_class,AN,2152,400,0.25,0.04,0.01,0.5934014869888475,0.05390334572490706,0.2513940520446097,0.0032527881040892194,0.056691449814126396,0.040427509293680296,0.0009293680297397769,True,False,True,False,False,False,False
720575940620096926,cell_class,AN,2152,400,0.25,0.04,0.05,0.5934014869888475,0.05390334572490706,0.2513940520446097,0.0032527881040892194,0.056691449814126396,0.040427509293680296,0.0009293680297397769,True,False,False,False,False,False,False
720575940620096926,cell_class,AN,2152,400,0.25,0.04,0.1,0.5934014869888475,0.05390334572490706,0.2513940520446097,0.0032527881040892194,0.056691449814126396,0.040427509293680296,0.0009293680297397769,True,False,False,False,False,False,False
720575940620096926,cell_class,AN,2152,400,0.25,0.02,0.01,0.5934014869888475,0.05390334572490706,0.2513940520446097,0.0032527881040892194,0.056691449814126396,0.040427509293680296,0.0009293680297397769,True,False,True,False,False,False,False
720575940620096926,cell_class,AN,2152,400,0.25,0.02,0.05,0.5934014869888475,0.05390334572490706,0.2513940520446097,0.0032527881040892194,0.056691449814126396,0.040427509293680296,0.0009293680297397769,True,False,False,False,False,False,False
720575940620096926,cell_class,AN,2152,400,0.25,0.02,0.1,0.5934014869888475,0.05390334572490706,0.2513940520446097,0.0032527881040892194,0.056691449814126396,0.040427509293680296,0.0009293680297397769,False,False,False,False,False,False,False
720575940620096926,cell_class,AN,2152,400,0.25,0.01,0.01,0.5934014869888475,0.05390334572490706,0.2513940520446097,0.0032527881040892194,0.056691449814126396,0.040427509293680296,0.0009293680297397769,True,False,True,False,False,False,False
720575940620096926,cell_class,AN,2152,400,0.25,0.01,0.05,0.5934014869888475,0.05390334572490706,0.2513940520446097,0.0032527881040892194,0.056691449814126396,0.040427509293680296,0.0009293680297397769,False,False,False,False,False,False,False
720575940620096926,cell_class,AN,2152,400,0.25,0.01,0.1,0.5934014869888475,0.05390334572490706,0.2513940520446097,0.0032527881040892194,0.056691449814126396,0.040427509293680296,0.0009293680297397769,False,False,False,False,False,False,False
720575940627200004,cell_class,AN,2430,400,0.25,0.14285714285714285,0.01,0.019753086419753086,0.9119341563786009,0.01440329218106996,0.008641975308641974,0.0448559670781893,0.00041152263374485596,0.0,False,True,False,True,False,,
720575940627200004,cell_class,AN,2430,400,0.25,0.14285714285714285,0.05,0.019753086419753086,0.9119341563786009,0.01440329218106996,0.008641975308641974,0.0448559670781893,0.00041152263374485596,0.0,False,True,False,False,False,,
720575940627200004,cell_class,AN,2430,400,0.25,0.14285714285714285,0.1,0.019753086419753086,0.9119341563786009,0.01440329218106996,0.008641975308641974,0.0448559670781893,0.00041152263374485596,0.0,False,True,False,False,False,,
720575940627200004,cell_class,AN,2430,400,0.25,0.04,0.01,0.019753086419753086,0.9119341563786009,0.01440329218106996,0.008641975308641974,0.0448559670781893,0.00041152263374485596,0.0,False,True,False,False,False,,
720575940627200004,cell_class,AN,2430,400,0.25,0.04,0.05,0.019753086419753086,0.9119341563786009,0.01440329218106996,0.008641975308641974,0.0448559670781893,0.00041152263374485596,0.0,False,True,False,False,False,,
720575940627200004,cell_class,AN,2430,400,0.25,0.04,0.1,0.019753086419753086,0.9119341563786009,0.01440329218106996,0.008641975308641974,0.0448559670781893,0.00041152263374485596,0.0,False,False,False,False,False,,
720575940627200004,cell_class,AN,2430,400,0.25,0.02,0.01,0.019753086419753086,0.9119341563786009,0.01440329218106996,0.008641975308641974,0.0448559670781893,0.00041152263374485596,0.0,False,True,False,False,False,,
720575940627200004,cell_class,AN,2430,400,0.25,0.02,0.05,0.019753086419753086,0.9119341563786009,0.01440329218106996,0.008641975308641974,0.0448559670781893,0.00041152263374485596,0.0,False,True,False,False,False,,
720575940627200004,cell_class,AN,2430,400,0.25,0.02,0.1,0.019753086419753086,0.9119341563786009,0.01440329218106996,0.008641975308641974,0.0448559670781893,0.00041152263374485596,0.0,False,False,False,False,False,,
720575940627200004,cell_class,AN,2430,400,0.25,0.01,0.01,0.019753086419753086,0.9119341563786009,0.01440329218106996,0.008641975308641974,0.0448559670781893,0.00041152263374485596,0.0,False,True,False,False,False,,
720575940627200004,cell_class,AN,2430,400,0.25,0.01,0.05,0.019753086419753086,0.9119341563786009,0.01440329218106996,0.008641975308641974,0.0448559670781893,0.00041152263374485596,0.0,False,True,False,False,False,,
720575940627200004,cell_class,AN,2430,400,0.25,0.01,0.1,0.019753086419753086,0.9119341563786009,0.01440329218106996,0.008641975308641974,0.0448559670781893,0.00041152263374485596,0.0,False,False,False,False,False,,
720575940621765813,cell_class,AN,2470,400,0.25,0.14285714285714285,0.01,0.03441295546558704,0.10404858299595142,0.8380566801619433,0.0016194331983805667,0.012145748987854251,0.009716599190283401,0.0,True,True,True,False,False,False,
720575940621765813,cell_class,AN,2470,400,0.25,0.14285714285714285,0.05,0.03441295546558704,0.10404858299595142,0.8380566801619433,0.0016194331983805667,0.012145748987854251,0.009716599190283401,0.0,False,False,True,False,False,False,
720575940621765813,cell_class,AN,2470,400,0.25,0.14285714285714285,0.1,0.03441295546558704,0.10404858299595142,0.8380566801619433,0.0016194331983805667,0.012145748987854251,0.009716599190283401,0.0,False,False,True,False,False,False,
720575940621765813,cell_class,AN,2470,400,0.25,0.04,0.01,0.03441295546558704,0.10404858299595142,0.8380566801619433,0.0016194331983805667,0.012145748987854251,0.009716599190283401,0.0,False,True,True,False,False,False,
720575940621765813,cell_class,AN,2470,400,0.25,0.04,0.05,0.03441295546558704,0.10404858299595142,0.8380566801619433,0.0016194331983805667,0.012145748987854251,0.009716599190283401,0.0,False,False,True,False,False,False,
720575940621765813,cell_class,AN,2470,400,0.25,0.04,0.1,0.03441295546558704,0.10404858299595142,0.8380566801619433,0.0016194331983805667,0.012145748987854251,0.009716599190283401,0.0,False,False,False,False,False,False,
720575940621765813,cell_class,AN,2470,400,0.25,0.02,0.01,0.03441295546558704,0.10404858299595142,0.8380566801619433,0.0016194331983805667,0.012145748987854251,0.009716599190283401,0.0,False,True,True,False,False,False,
720575940621765813,cell_class,AN,2470,400,0.25,0.02,0.05,0.03441295546558704,0.10404858299595142,0.8380566801619433,0.0016194331983805667,0.012145748987854251,0.009716599190283401,0.0,False,False,True,False,False,False,
720575940621765813,cell_class,AN,2470,400,0.25,0.02,0.1,0.03441295546558704,0.10404858299595142,0.8380566801619433,0.0016194331983805667,0.012145748987854251,0.009716599190283401,0.0,False,False,False,False,False,False,
720575940621765813,cell_class,AN,2470,400,0.25,0.01,0.01,0.03441295546558704,0.10404858299595142,0.8380566801619433,0.0016194331983805667,0.012145748987854251,0.009716599190283401,0.0,False,True,True,False,False,False,
720575940621765813,cell_class,AN,2470,400,0.25,0.01,0.05,0.03441295546558704,0.10404858299595142,0.8380566801619433,0.0016194331983805667,0.012145748987854251,0.009716599190283401,0.0,False,False,False,False,False,False,
720575940621765813,cell_class,AN,2470,400,0.25,0.01,0.1,0.03441295546558704,0.10404858299595142,0.8380566801619433,0.0016194331983805667,0.012145748987854251,0.009716599190283401,0.0,False,False,False,False,False,False,
720575940623758377,cell_class,AN,4154,400,0.25,0.14285714285714285,0.01,0.025517573423206548,0.07246027924891671,0.07486759749638902,0.061386615310544054,0.5796822339913337,0.18078960038517092,0.005296100144439095,False,True,True,True,True,True,False
720575940623758377,cell_class,AN,4154,400,0.25,0.14285714285714285,0.05,0.025517573423206548,0.07246027924891671,0.07486759749638902,0.061386615310544054,0.5796822339913337,0.18078960038517092,0.005296100144439095,False,False,False,True,False,True,False
720575940623758377,cell_class,AN,4154,400,0.25,0.14285714285714285,0.1,0.025517573423206548,0.07246027924891671,0.07486759749638902,0.061386615310544054,0.5796822339913337,0.18078960038517092,0.005296100144439095,False,False,False,True,False,False,False
720575940623758377,cell_class,AN,4154,400,0.25,0.04,0.01,0.025517573423206548,0.07246027924891671,0.07486759749638902,0.061386615310544054,0.5796822339913337,0.18078960038517092,0.005296100144439095,False,True,True,True,True,True,False
720575940623758377,cell_class,AN,4154,400,0.25,0.04,0.05,0.025517573423206548,0.07246027924891671,0.07486759749638902,0.061386615310544054,0.5796822339913337,0.18078960038517092,0.005296100144439095,False,False,False,True,False,False,False
720575940623758377,cell_class,AN,4154,400,0.25,0.04,0.1,0.025517573423206548,0.07246027924891671,0.07486759749638902,0.061386615310544054,0.5796822339913337,0.18078960038517092,0.005296100144439095,False,False,False,True,False,False,False
720575940623758377,cell_class,AN,4154,400,0.25,0.02,0.01,0.025517573423206548,0.07246027924891671,0.07486759749638902,0.061386615310544054,0.5796822339913337,0.18078960038517092,0.005296100144439095,False,True,True,True,True,True,False
720575940623758377,cell_class,AN,4154,400,0.25,0.02,0.05,0.025517573423206548,0.07246027924891671,0.07486759749638902,0.061386615310544054,0.5796822339913337,0.18078960038517092,0.005296100144439095,False,False,False,True,False,False,False
720575940623758377,cell_class,AN,4154,400,0.25,0.02,0.1,0.025517573423206548,0.07246027924891671,0.07486759749638902,0.061386615310544054,0.5796822339913337,0.18078960038517092,0.005296100144439095,False,False,False,False,False,False,False
720575940623758377,cell_class,AN,4154,400,0.25,0.01,0.01,0.025517573423206548,0.07246027924891671,0.07486759749638902,0.061386615310544054,0.5796822339913337,0.18078960038517092,0.005296100144439095,False,False,False,True,False,True,False
720575940623758377,cell_class,AN,4154,400,0.25,0.01,0.05,0.025517573423206548,0.07246027924891671,0.07486759749638902,0.061386615310544054,0.5796822339913337,0.18078960038517092,0.005296100144439095,False,False,False,True,False,False,False
720575940623758377,cell_class,AN,4154,400,0.25,0.01,0.1,0.025517573423206548,0.07246027924891671,0.07486759749638902,0.061386615310544054,0.5796822339913337,0.18078960038517092,0.005296100144439095,False,False,False,False,False,False,False
720575940627490065,cell_class,AN,2818,400,0.25,0.14285714285714285,0.01,0.007097232079488999,0.19517388218594747,0.1596877217885025,0.0046132008516678496,0.6000709723207949,0.0333569907735983,0.0,False,True,True,True,False,True,
720575940627490065,cell_class,AN,2818,400,0.25,0.14285714285714285,0.05,0.007097232079488999,0.19517388218594747,0.1596877217885025,0.0046132008516678496,0.6000709723207949,0.0333569907735983,0.0,False,True,True,True,False,False,
720575940627490065,cell_class,AN,2818,400,0.25,0.14285714285714285,0.1,0.007097232079488999,0.19517388218594747,0.1596877217885025,0.0046132008516678496,0.6000709723207949,0.0333569907735983,0.0,False,True,False,True,False,False,
720575940627490065,cell_class,AN,2818,400,0.25,0.04,0.01,0.007097232079488999,0.19517388218594747,0.1596877217885025,0.0046132008516678496,0.6000709723207949,0.0333569907735983,0.0,False,True,True,True,False,False,
720575940627490065,cell_class,AN,2818,400,0.25,0.04,0.05,0.007097232079488999,0.19517388218594747,0.1596877217885025,0.0046132008516678496,0.6000709723207949,0.0333569907735983,0.0,False,True,False,True,False,False,
720575940627490065,cell_class,AN,2818,400,0.25,0.04,0.1,0.007097232079488999,0.19517388218594747,0.1596877217885025,0.0046132008516678496,0.6000709723207949,0.0333569907735983,0.0,False,True,False,True,False,False,
720575940627490065,cell_class,AN,2818,400,0.25,0.02,0.01,0.007097232079488999,0.19517388218594747,0.1596877217885025,0.0046132008516678496,0.6000709723207949,0.0333569907735983,0.0,False,True,True,True,False,False,
720575940627490065,cell_class,AN,2818,400,0.25,0.02,0.05,0.007097232079488999,0.19517388218594747,0.1596877217885025,0.0046132008516678496,0.6000709723207949,0.0333569907735983,0.0,False,True,False,True,False,False,
720575940627490065,cell_class,AN,2818,400,0.25,0.02,0.1,0.007097232079488999,0.19517388218594747,0.1596877217885025,0.0046132008516678496,0.6000709723207949,0.0333569907735983,0.0,False,True,False,False,False,False,
720575940627490065,cell_class,AN,2818,400,0.25,0.01,0.01,0.007097232079488999,0.19517388218594747,0.1596877217885025,0.0046132008516678496,0.6000709723207949,0.0333569907735983,0.0,False,True,True,True,False,False,
720575940627490065,cell_class,AN,2818,400,0.25,0.01,0.05,0.007097232079488999,0.19517388218594747,0.1596877217885025,0.0046132008516678496,0.6000709723207949,0.0333569907735983,0.0,False,False,False,False,False,False,
720575940627490065,cell_class,AN,2818,400,0.25,0.01,0.1,0.007097232079488999,0.19517388218594747,0.1596877217885025,0.0046132008516678496,0.6000709723207949,0.0333569907735983,0.0,False,False,False,False,False,False,
720575940642427789,cell_class,AN,4507,400,0.25,0.14285714285714285,0.01,0.00488129576214777,0.9511870423785223,0.007987574883514533,0.0008875083203905037,0.01730641224761482,0.01775016640781007,0.0,False,True,False,False,False,False,
720575940642427789,cell_class,AN,4507,400,0.25,0.14285714285714285,0.05,0.00488129576214777,0.9511870423785223,0.007987574883514533,0.0008875083203905037,0.01730641224761482,0.01775016640781007,0.0,False,True,False,False,False,False,
720575940642427789,cell_class,AN,4507,400,0.25,0.14285714285714285,0.1,0.00488129576214777,0.9511870423785223,0.007987574883514533,0.0008875083203905037,0.01730641224761482,0.01775016640781007,0.0,False,True,False,False,False,False,
720575940642427789,cell_class,AN,4507,400,0.25,0.04,0.01,0.00488129576214777,0.9511870423785223,0.007987574883514533,0.0008875083203905037,0.01730641224761482,0.01775016640781007,0.0,False,True,False,False,False,False,
720575940642427789,cell_class,AN,4507,400,0.25,0.04,0.05,0.00488129576214777,0.9511870423785223,0.007987574883514533,0.0008875083203905037,0.01730641224761482,0.01775016640781007,0.0,False,True,False,False,False,False,
720575940642427789,cell_class,AN,4507,400,0.25,0.04,0.1,0.00488129576214777,0.9511870423785223,0.007987574883514533,0.0008875083203905037,0.01730641224761482,0.01775016640781007,0.0,False,True,False,False,False,False,
720575940642427789,cell_class,AN,4507,400,0.25,0.02,0.01,0.00488129576214777,0.9511870423785223,0.007987574883514533,0.0008875083203905037,0.01730641224761482,0.01775016640781007,0.0,False,True,False,False,False,False,
720575940642427789,cell_class,AN,4507,400,0.25,0.02,0.05,0.00488129576214777,0.9511870423785223,0.007987574883514533,0.0008875083203905037,0.01730641224761482,0.01775016640781007,0.0,False,True,False,False,False,False,
720575940642427789,cell_class,AN,4507,400,0.25,0.02,0.1,0.00488129576214777,0.9511870423785223,0.007987574883514533,0.0008875083203905037,0.01730641224761482,0.01775016640781007,0.0,False,False,False,False,False,False,
720575940642427789,cell_class,AN,4507,400,0.25,0.01,0.01,0.00488129576214777,0.9511870423785223,0.007987574883514533,0.0008875083203905037,0.01730641224761482,0.01775016640781007,0.0,False,True,False,False,False,False,
720575940642427789,cell_class,AN,4507,400,0.25,0.01,0.05,0.00488129576214777,0.9511870423785223,0.007987574883514533,0.0008875083203905037,0.01730641224761482,0.01775016640781007,0.0,False,False,False,False,False,False,
720575940642427789,cell_class,AN,4507,400,0.25,0.01,0.1,0.00488129576214777,0.9511870423785223,0.007987574883514533,0.0008875083203905037,0.01730641224761482,0.01775016640781007,0.0,False,False,False,False,False,False,
720575940626648634,cell_class,AN,800,400,0.25,0.14285714285714285,0.01,0.0,0.92875,0.01375,0.0,0.03875,0.01875,0.0,,True,True,True,,False,
720575940626648634,cell_class,AN,800,400,0.25,0.14285714285714285,0.05,0.0,0.92875,0.01375,0.0,0.03875,0.01875,0.0,,True,False,False,,False,
720575940626648634,cell_class,AN,800,400,0.25,0.14285714285714285,0.1,0.0,0.92875,0.01375,0.0,0.03875,0.01875,0.0,,True,False,False,,False,
720575940626648634,cell_class,AN,800,400,0.25,0.04,0.01,0.0,0.92875,0.01375,0.0,0.03875,0.01875,0.0,,True,False,False,,False,
720575940626648634,cell_class,AN,800,400,0.25,0.04,0.05,0.0,0.92875,0.01375,0.0,0.03875,0.01875,0.0,,True,False,False,,False,
720575940626648634,cell_class,AN,800,400,0.25,0.04,0.1,0.0,0.92875,0.01375,0.0,0.03875,0.01875,0.0,,False,False,False,,False,
720575940626648634,cell_class,AN,800,400,0.25,0.02,0.01,0.0,0.92875,0.01375,0.0,0.03875,0.01875,0.0,,True,False,False,,False,
720575940626648634,cell_class,AN,800,400,0.25,0.02,0.05,0.0,0.92875,0.01375,0.0,0.03875,0.01875,0.0,,True,False,False,,False,
720575940626648634,cell_class,AN,800,400,0.25,0.02,0.1,0.0,0.92875,0.01375,0.0,0.03875,0.01875,0.0,,False,False,False,,False,
720575940626648634,cell_class,AN,800,400,0.25,0.01,0.01,0.0,0.92875,0.01375,0.0,0.03875,0.01875,0.0,,True,False,False,,False,
720575940626648634,cell_class,AN,800,400,0.25,0.01,0.05,0.0,0.92875,0.01375,0.0,0.03875,0.01875,0.0,,False,False,False,,False,
720575940626648634,cell_class,AN,800,400,0.25,0.01,0.1,0.0,0.92875,0.01375,0.0,0.03875,0.01875,0.0,,False,False,False,,False,
720575940605158572,cell_class,AN,2741,400,0.25,0.14285714285714285,0.01,0.581904414447282,0.25611090842758116,0.051805910251732944,0.0007296607077708865,0.030645749726377236,0.0784385260853703,0.00036483035388544326,True,True,True,False,False,True,
720575940605158572,cell_class,AN,2741,400,0.25,0.14285714285714285,0.05,0.581904414447282,0.25611090842758116,0.051805910251732944,0.0007296607077708865,0.030645749726377236,0.0784385260853703,0.00036483035388544326,True,True,False,False,False,False,
720575940605158572,cell_class,AN,2741,400,0.25,0.14285714285714285,0.1,0.581904414447282,0.25611090842758116,0.051805910251732944,0.0007296607077708865,0.030645749726377236,0.0784385260853703,0.00036483035388544326,True,True,False,False,False,False,
720575940605158572,cell_class,AN,2741,400,0.25,0.04,0.01,0.581904414447282,0.25611090842758116,0.051805910251732944,0.0007296607077708865,0.030645749726377236,0.0784385260853703,0.00036483035388544326,True,True,True,False,False,True,
720575940605158572,cell_class,AN,2741,400,0.25,0.04,0.05,0.581904414447282,0.25611090842758116,0.051805910251732944,0.0007296607077708865,0.030645749726377236,0.0784385260853703,0.00036483035388544326,True,True,False,False,False,False,
720575940605158572,cell_class,AN,2741,400,0.25,0.04,0.1,0.581904414447282,0.25611090842758116,0.051805910251732944,0.0007296607077708865,0.030645749726377236,0.0784385260853703,0.00036483035388544326,False,False,False,False,False,False,
720575940605158572,cell_class,AN,2741,400,0.25,0.02,0.01,0.581904414447282,0.25611090842758116,0.051805910251732944,0.0007296607077708865,0.030645749726377236,0.0784385260853703,0.00036483035388544326,True,True,False,False,False,False,
720575940605158572,cell_class,AN,2741,400,0.25,0.02,0.05,0.581904414447282,0.25611090842758116,0.051805910251732944,0.0007296607077708865,0.030645749726377236,0.0784385260853703,0.00036483035388544326,False,False,False,False,False,False,
720575940605158572,cell_class,AN,2741,400,0.25,0.02,0.1,0.581904414447282,0.25611090842758116,0.051805910251732944,0.0007296607077708865,0.030645749726377236,0.0784385260853703,0.00036483035388544326,False,False,False,False,False,False,
720575940605158572,cell_class,AN,2741,400,0.25,0.01,0.01,0.581904414447282,0.25611090842758116,0.051805910251732944,0.0007296607077708865,0.030645749726377236,0.0784385260853703,0.00036483035388544326,True,True,False,False,False,False,
720575940605158572,cell_class,AN,2741,400,0.25,0.01,0.05,0.581904414447282,0.25611090842758116,0.051805910251732944,0.0007296607077708865,0.030645749726377236,0.0784385260853703,0.00036483035388544326,False,False,False,False,False,False,
720575940605158572,cell_class,AN,2741,400,0.25,0.01,0.1,0.581904414447282,0.25611090842758116,0.051805910251732944,0.0007296607077708865,0.030645749726377236,0.0784385260853703,0.00036483035388544326,False,False,False,False,False,False,
720575940632001640,cell_class,AN,1974,400,0.25,0.14285714285714285,0.01,0.4072948328267477,0.3130699088145897,0.21732522796352582,0.004559270516717325,0.05116514690982776,0.0060790273556231,0.0005065856129685917,True,True,True,True,False,False,
720575940632001640,cell_class,AN,1974,400,0.25,0.14285714285714285,0.05,0.4072948328267477,0.3130699088145897,0.21732522796352582,0.004559270516717325,0.05116514690982776,0.0060790273556231,0.0005065856129685917,True,True,True,False,False,False,
720575940632001640,cell_class,AN,1974,400,0.25,0.14285714285714285,0.1,0.4072948328267477,0.3130699088145897,0.21732522796352582,0.004559270516717325,0.05116514690982776,0.0060790273556231,0.0005065856129685917,True,True,False,False,False,False,
720575940632001640,cell_class,AN,1974,400,0.25,0.04,0.01,0.4072948328267477,0.3130699088145897,0.21732522796352582,0.004559270516717325,0.05116514690982776,0.0060790273556231,0.0005065856129685917,True,True,True,False,False,False,
720575940632001640,cell_class,AN,1974,400,0.25,0.04,0.05,0.4072948328267477,0.3130699088145897,0.21732522796352582,0.004559270516717325,0.05116514690982776,0.0060790273556231,0.0005065856129685917,True,False,False,False,False,False,
720575940632001640,cell_class,AN,1974,400,0.25,0.04,0.1,0.4072948328267477,0.3130699088145897,0.21732522796352582,0.004559270516717325,0.05116514690982776,0.0060790273556231,0.0005065856129685917,False,False,False,False,False,False,
720575940632001640,cell_class,AN,1974,400,0.25,0.02,0.01,0.4072948328267477,0.3130699088145897,0.21732522796352582,0.004559270516717325,0.05116514690982776,0.0060790273556231,0.0005065856129685917,True,True,True,False,False,False,
720575940632001640,cell_class,AN,1974,400,0.25,0.02,0.05,0.4072948328267477,0.3130699088145897,0.21732522796352582,0.004559270516717325,0.05116514690982776,0.0060790273556231,0.0005065856129685917,False,False,False,False,False,False,
720575940632001640,cell_class,AN,1974,400,0.25,0.02,0.1,0.4072948328267477,0.3130699088145897,0.21732522796352582,0.004559270516717325,0.05116514690982776,0.0060790273556231,0.0005065856129685917,False,False,False,False,False,False,
720575940632001640,cell_class,AN,1974,400,0.25,0.01,0.01,0.4072948328267477,0.3130699088145897,0.21732522796352582,0.004559270516717325,0.05116514690982776,0.0060790273556231,0.0005065856129685917,True,True,True,False,False,False,
720575940632001640,cell_class,AN,1974,400,0.25,0.01,0.05,0.4072948328267477,0.3130699088145897,0.21732522796352582,0.004559270516717325,0.05116514690982776,0.0060790273556231,0.0005065856129685917,False,False,False,False,False,False,
720575940632001640,cell_class,AN,1974,400,0.25,0.01,0.1,0.4072948328267477,0.3130699088145897,0.21732522796352582,0.004559270516717325,0.05116514690982776,0.0060790273556231,0.0005065856129685917,False,False,False,False,False,False,
720575940647036724,cell_class,AN,3549,400,0.25,0.14285714285714285,0.01,0.030994646379261765,0.08227669766131304,0.006762468300929839,0.03296703296703297,0.8129050436742744,0.03409411101718794,0.0,True,True,False,True,True,True,
720575940647036724,cell_class,AN,3549,400,0.25,0.14285714285714285,0.05,0.030994646379261765,0.08227669766131304,0.006762468300929839,0.03296703296703297,0.8129050436742744,0.03409411101718794,0.0,False,False,False,True,False,False,
720575940647036724,cell_class,AN,3549,400,0.25,0.14285714285714285,0.1,0.030994646379261765,0.08227669766131304,0.006762468300929839,0.03296703296703297,0.8129050436742744,0.03409411101718794,0.0,False,False,False,True,False,False,
720575940647036724,cell_class,AN,3549,400,0.25,0.04,0.01,0.030994646379261765,0.08227669766131304,0.006762468300929839,0.03296703296703297,0.8129050436742744,0.03409411101718794,0.0,False,True,False,True,True,True,
720575940647036724,cell_class,AN,3549,400,0.25,0.04,0.05,0.030994646379261765,0.08227669766131304,0.006762468300929839,0.03296703296703297,0.8129050436742744,0.03409411101718794,0.0,False,False,False,True,False,False,
720575940647036724,cell_class,AN,3549,400,0.25,0.04,0.1,0.030994646379261765,0.08227669766131304,0.006762468300929839,0.03296703296703297,0.8129050436742744,0.03409411101718794,0.0,False,False,False,True,False,False,
720575940647036724,cell_class,AN,3549,400,0.25,0.02,0.01,0.030994646379261765,0.08227669766131304,0.006762468300929839,0.03296703296703297,0.8129050436742744,0.03409411101718794,0.0,False,True,False,True,False,False,
720575940647036724,cell_class,AN,3549,400,0.25,0.02,0.05,0.030994646379261765,0.08227669766131304,0.006762468300929839,0.03296703296703297,0.8129050436742744,0.03409411101718794,0.0,False,False,False,True,False,False,
720575940647036724,cell_class,AN,3549,400,0.25,0.02,0.1,0.030994646379261765,0.08227669766131304,0.006762468300929839,0.03296703296703297,0.8129050436742744,0.03409411101718794,0.0,False,False,False,False,False,False,
720575940647036724,cell_class,AN,3549,400,0.25,0.01,0.01,0.030994646379261765,0.08227669766131304,0.006762468300929839,0.03296703296703297,0.8129050436742744,0.03409411101718794,0.0,False,True,False,True,False,False,
720575940647036724,cell_class,AN,3549,400,0.25,0.01,0.05,0.030994646379261765,0.08227669766131304,0.006762468300929839,0.03296703296703297,0.8129050436742744,0.03409411101718794,0.0,False,False,False,False,False,False,
720575940647036724,cell_class,AN,3549,400,0.25,0.01,0.1,0.030994646379261765,0.08227669766131304,0.006762468300929839,0.03296703296703297,0.8129050436742744,0.03409411101718794,0.0,False,False,False,False,False,False,
720575940626901521,cell_class,AN,1965,400,0.25,0.14285714285714285,0.01,0.03460559796437659,0.8926208651399491,0.01272264631043257,0.0015267175572519084,0.051908396946564885,0.0055979643765903305,0.0010178117048346056,True,True,False,True,False,False,False
720575940626901521,cell_class,AN,1965,400,0.25,0.14285714285714285,0.05,0.03460559796437659,0.8926208651399491,0.01272264631043257,0.0015267175572519084,0.051908396946564885,0.0055979643765903305,0.0010178117048346056,False,True,False,False,False,False,False
720575940626901521,cell_class,AN,1965,400,0.25,0.14285714285714285,0.1,0.03460559796437659,0.8926208651399491,0.01272264631043257,0.0015267175572519084,0.051908396946564885,0.0055979643765903305,0.0010178117048346056,False,True,False,False,False,False,False
720575940626901521,cell_class,AN,1965,400,0.25,0.04,0.01,0.03460559796437659,0.8926208651399491,0.01272264631043257,0.0015267175572519084,0.051908396946564885,0.0055979643765903305,0.0010178117048346056,False,True,False,False,False,False,False
720575940626901521,cell_class,AN,1965,400,0.25,0.04,0.05,0.03460559796437659,0.8926208651399491,0.01272264631043257,0.0015267175572519084,0.051908396946564885,0.0055979643765903305,0.0010178117048346056,False,True,False,False,False,False,False
720575940626901521,cell_class,AN,1965,400,0.25,0.04,0.1,0.03460559796437659,0.8926208651399491,0.01272264631043257,0.0015267175572519084,0.051908396946564885,0.0055979643765903305,0.0010178117048346056,False,False,False,False,False,False,False
720575940626901521,cell_class,AN,1965,400,0.25,0.02,0.01,0.03460559796437659,0.8926208651399491,0.01272264631043257,0.0015267175572519084,0.051908396946564885,0.0055979643765903305,0.0010178117048346056,False,True,False,False,False,False,False
720575940626901521,cell_class,AN,1965,400,0.25,0.02,0.05,0.03460559796437659,0.8926208651399491,0.01272264631043257,0.0015267175572519084,0.051908396946564885,0.0055979643765903305,0.0010178117048346056,False,True,False,False,False,False,False
720575940626901521,cell_class,AN,1965,400,0.25,0.02,0.1,0.03460559796437659,0.8926208651399491,0.01272264631043257,0.0015267175572519084,0.051908396946564885,0.0055979643765903305,0.0010178117048346056,False,False,False,False,False,False,False
720575940626901521,cell_class,AN,1965,400,0.25,0.01,0.01,0.03460559796437659,0.8926208651399491,0.01272264631043257,0.0015267175572519084,0.051908396946564885,0.0055979643765903305,0.0010178117048346056,False,True,False,False,False,False,False
720575940626901521,cell_class,AN,1965,400,0.25,0.01,0.05,0.03460559796437659,0.8926208651399491,0.01272264631043257,0.0015267175572519084,0.051908396946564885,0.0055979643765903305,0.0010178117048346056,False,False,False,False,False,False,False
720575940626901521,cell_class,AN,1965,400,0.25,0.01,0.1,0.03460559796437659,0.8926208651399491,0.01272264631043257,0.0015267175572519084,0.051908396946564885,0.0055979643765903305,0.0010178117048346056,False,False,False,False,False,False,False
720575940627360774,cell_class,AN,2209,400,0.25,0.14285714285714285,0.01,0.015391579900407425,0.9352648257129923,0.011317338162064282,0.009506564056133997,0.02082390221819828,0.007695789950203712,0.0,False,True,False,False,False,False,
720575940627360774,cell_class,AN,2209,400,0.25,0.14285714285714285,0.05,0.015391579900407425,0.9352648257129923,0.011317338162064282,0.009506564056133997,0.02082390221819828,0.007695789950203712,0.0,False,True,False,False,False,False,
720575940627360774,cell_class,AN,2209,400,0.25,0.14285714285714285,0.1,0.015391579900407425,0.9352648257129923,0.011317338162064282,0.009506564056133997,0.02082390221819828,0.007695789950203712,0.0,False,True,False,False,False,False,
720575940627360774,cell_class,AN,2209,400,0.25,0.04,0.01,0.015391579900407425,0.9352648257129923,0.011317338162064282,0.009506564056133997,0.02082390221819828,0.007695789950203712,0.0,False,True,False,False,False,False,
720575940627360774,cell_class,AN,2209,400,0.25,0.04,0.05,0.015391579900407425,0.9352648257129923,0.011317338162064282,0.009506564056133997,0.02082390221819828,0.007695789950203712,0.0,False,True,False,False,False,False,
720575940627360774,cell_class,AN,2209,400,0.25,0.04,0.1,0.015391579900407425,0.9352648257129923,0.011317338162064282,0.009506564056133997,0.02082390221819828,0.007695789950203712,0.0,False,True,False,False,False,False,
720575940627360774,cell_class,AN,2209,400,0.25,0.02,0.01,0.015391579900407425,0.9352648257129923,0.011317338162064282,0.009506564056133997,0.02082390221819828,0.007695789950203712,0.0,False,True,False,False,False,False,
720575940627360774,cell_class,AN,2209,400,0.25,0.02,0.05,0.015391579900407425,0.9352648257129923,0.011317338162064282,0.009506564056133997,0.02082390221819828,0.007695789950203712,0.0,False,True,False,False,False,False,
720575940627360774,cell_class,AN,2209,400,0.25,0.02,0.1,0.015391579900407425,0.9352648257129923,0.011317338162064282,0.009506564056133997,0.02082390221819828,0.007695789950203712,0.0,False,True,False,False,False,False,
720575940627360774,cell_class,AN,2209,400,0.25,0.01,0.01,0.015391579900407425,0.9352648257129923,0.011317338162064282,0.009506564056133997,0.02082390221819828,0.007695789950203712,0.0,False,True,False,False,False,False,
720575940627360774,cell_class,AN,2209,400,0.25,0.01,0.05,0.015391579900407425,0.9352648257129923,0.011317338162064282,0.009506564056133997,0.02082390221819828,0.007695789950203712,0.0,False,True,False,False,False,False,
720575940627360774,cell_class,AN,2209,400,0.25,0.01,0.1,0.015391579900407425,0.9352648257129923,0.011317338162064282,0.009506564056133997,0.02082390221819828,0.007695789950203712,0.0,False,False,False,False,False,False,
720575940616553300,cell_class,AN,6305,400,0.25,0.14285714285714285,0.01,0.04742268041237113,0.7549563838223632,0.06090404440919905,0.017763679619349722,0.07343378271213323,0.04440919904837431,0.0011102299762093576,True,True,True,True,False,True,False
720575940616553300,cell_class,AN,6305,400,0.25,0.14285714285714285,0.05,0.04742268041237113,0.7549563838223632,0.06090404440919905,0.017763679619349722,0.07343378271213323,0.04440919904837431,0.0011102299762093576,False,True,False,False,False,False,False
720575940616553300,cell_class,AN,6305,400,0.25,0.14285714285714285,0.1,0.04742268041237113,0.7549563838223632,0.06090404440919905,0.017763679619349722,0.07343378271213323,0.04440919904837431,0.0011102299762093576,False,True,False,False,False,False,False
720575940616553300,cell_class,AN,6305,400,0.25,0.04,0.01,0.04742268041237113,0.7549563838223632,0.06090404440919905,0.017763679619349722,0.07343378271213323,0.04440919904837431,0.0011102299762093576,False,True,False,False,False,False,False
720575940616553300,cell_class,AN,6305,400,0.25,0.04,0.05,0.04742268041237113,0.7549563838223632,0.06090404440919905,0.017763679619349722,0.07343378271213323,0.04440919904837431,0.0011102299762093576,False,True,False,False,False,False,False
720575940616553300,cell_class,AN,6305,400,0.25,0.04,0.1,0.04742268041237113,0.7549563838223632,0.06090404440919905,0.017763679619349722,0.07343378271213323,0.04440919904837431,0.0011102299762093576,False,True,False,False,False,False,False
720575940616553300,cell_class,AN,6305,400,0.25,0.02,0.01,0.04742268041237113,0.7549563838223632,0.06090404440919905,0.017763679619349722,0.07343378271213323,0.04440919904837431,0.0011102299762093576,False,True,False,False,False,False,False
720575940616553300,cell_class,AN,6305,400,0.25,0.02,0.05,0.04742268041237113,0.7549563838223632,0.06090404440919905,0.017763679619349722,0.07343378271213323,0.04440919904837431,0.0011102299762093576,False,True,False,False,False,False,False
720575940616553300,cell_class,AN,6305,400,0.25,0.02,0.1,0.04742268041237113,0.7549563838223632,0.06090404440919905,0.017763679619349722,0.07343378271213323,0.04440919904837431,0.0011102299762093576,False,False,False,False,False,False,False
720575940616553300,cell_class,AN,6305,400,0.25,0.01,0.01,0.04742268041237113,0.7549563838223632,0.06090404440919905,0.017763679619349722,0.07343378271213323,0.04440919904837431,0.0011102299762093576,False,True,False,False,False,False,False
720575940616553300,cell_class,AN,6305,400,0.25,0.01,0.05,0.04742268041237113,0.7549563838223632,0.06090404440919905,0.017763679619349722,0.07343378271213323,0.04440919904837431,0.0011102299762093576,False,True,False,False,False,False,False
720575940616553300,cell_class,AN,6305,400,0.25,0.01,0.1,0.04742268041237113,0.7549563838223632,0.06090404440919905,0.017763679619349722,0.07343378271213323,0.04440919904837431,0.0011102299762093576,False,False,False,False,False,False,False
720575940636821616,cell_class,AN,46178,400,0.25,0.14285714285714285,0.01,0.005825284767638269,0.9619299233401186,0.01351292823422409,0.004785828749621032,0.009311793494737755,0.004439343410281953,0.00019489800337823206,False,True,False,False,False,False,False
720575940636821616,cell_class,AN,46178,400,0.25,0.14285714285714285,0.05,0.005825284767638269,0.9619299233401186,0.01351292823422409,0.004785828749621032,0.009311793494737755,0.004439343410281953,0.00019489800337823206,False,True,False,False,False,False,False
720575940636821616,cell_class,AN,46178,400,0.25,0.14285714285714285,0.1,0.005825284767638269,0.9619299233401186,0.01351292823422409,0.004785828749621032,0.009311793494737755,0.004439343410281953,0.00019489800337823206,False,True,False,False,False,False,False
720575940636821616,cell_class,AN,46178,400,0.25,0.04,0.01,0.005825284767638269,0.9619299233401186,0.01351292823422409,0.004785828749621032,0.009311793494737755,0.004439343410281953,0.00019489800337823206,False,True,False,False,False,False,False
720575940636821616,cell_class,AN,46178,400,0.25,0.04,0.05,0.005825284767638269,0.9619299233401186,0.01351292823422409,0.004785828749621032,0.009311793494737755,0.004439343410281953,0.00019489800337823206,False,True,False,False,False,False,False
720575940636821616,cell_class,AN,46178,400,0.25,0.04,0.1,0.005825284767638269,0.9619299233401186,0.01351292823422409,0.004785828749621032,0.009311793494737755,0.004439343410281953,0.00019489800337823206,False,True,False,False,False,False,False
720575940636821616,cell_class,AN,46178,400,0.25,0.02,0.01,0.005825284767638269,0.9619299233401186,0.01351292823422409,0.004785828749621032,0.009311793494737755,0.004439343410281953,0.00019489800337823206,False,True,False,False,False,False,False
720575940636821616,cell_class,AN,46178,400,0.25,0.02,0.05,0.005825284767638269,0.9619299233401186,0.01351292823422409,0.004785828749621032,0.009311793494737755,0.004439343410281953,0.00019489800337823206,False,True,False,False,False,False,False
720575940636821616,cell_class,AN,46178,400,0.25,0.02,0.1,0.005825284767638269,0.9619299233401186,0.01351292823422409,0.004785828749621032,0.009311793494737755,0.004439343410281953,0.00019489800337823206,False,False,False,False,False,False,False
720575940636821616,cell_class,AN,46178,400,0.25,0.01,0.01,0.005825284767638269,0.9619299233401186,0.01351292823422409,0.004785828749621032,0.009311793494737755,0.004439343410281953,0.00019489800337823206,False,True,False,False,False,False,False
720575940636821616,cell_class,AN,46178,400,0.25,0.01,0.05,0.005825284767638269,0.9619299233401186,0.01351292823422409,0.004785828749621032,0.009311793494737755,0.004439343410281953,0.00019489800337823206,False,False,False,False,False,False,False
720575940636821616,cell_class,AN,46178,400,0.25,0.01,0.1,0.005825284767638269,0.9619299233401186,0.01351292823422409,0.004785828749621032,0.009311793494737755,0.004439343410281953,0.00019489800337823206,False,False,False,False,False,False,False
