root_id,classification_system,cell_type,num_synapses
720575940622360358,flow,afferent,497
720575940604865312,flow,afferent,7493
720575940623064909,flow,afferent,3268
720575940615288276,flow,afferent,667
720575940624389316,flow,afferent,478
720575940623496521,flow,afferent,699
720575940624109340,flow,afferent,837
720575940615735711,flow,afferent,1288
720575940619559232,flow,afferent,3887
720575940628358533,flow,afferent,1836
720575940627271230,flow,afferent,1403
720575940653496822,flow,afferent,550
720575940618942721,flow,afferent,2709
720575940626404429,flow,afferent,1297
720575940628754453,flow,afferent,2207
720575940629591793,flow,afferent,2440
720575940640748195,flow,afferent,519
720575940612861077,flow,afferent,6541
720575940618957825,flow,afferent,7665
720575940646473838,flow,afferent,3887
720575940629941507,flow,afferent,682
720575940628285450,flow,afferent,1346
720575940642352117,flow,afferent,818
720575940621314836,flow,afferent,1611
720575940621318420,flow,afferent,973
720575940640837027,flow,afferent,794
720575940631680763,flow,afferent,746
720575940615455230,flow,afferent,419
720575940622002086,flow,afferent,2349
720575940631530348,flow,afferent,1552
720575940626767152,flow,afferent,1642
720575940633142831,flow,afferent,3058
720575940633968045,flow,afferent,1537
720575940623195725,flow,afferent,1885
720575940614332899,flow,afferent,1058
720575940640554045,flow,afferent,2426
720575940638985050,flow,afferent,2811
720575940624448138,flow,afferent,6480
720575940632381970,flow,afferent,4582
720575940632996920,flow,afferent,4749
720575940629567473,flow,afferent,1751
720575940620057502,flow,afferent,855
720575940645686564,flow,afferent,1504
720575940633895469,flow,afferent,2101
720575940632812867,flow,afferent,838
720575940613403378,flow,afferent,4581
720575940620983637,flow,afferent,523
720575940613261810,flow,afferent,7166
720575940628344074,flow,afferent,8008
720575940613608089,flow,afferent,1252
720575940637321847,flow,afferent,1749
720575940621378580,flow,afferent,721
720575940608369026,flow,afferent,630
720575940622323382,flow,afferent,4010
720575940622947333,flow,afferent,3374
720575940621590720,flow,afferent,577
720575940614381283,flow,afferent,1246
720575940636645624,flow,afferent,1322
720575940638086256,flow,afferent,2324
720575940620217782,flow,afferent,770
720575940625837799,flow,afferent,1338
720575940608324994,flow,afferent,622
720575940622685367,flow,afferent,512
720575940617143124,flow,afferent,837
720575940627177800,flow,afferent,1418
720575940622912500,flow,afferent,1465
720575940614380771,flow,afferent,945
720575940640373557,flow,afferent,1986
720575940613785041,flow,afferent,597
720575940635399160,flow,afferent,575
720575940629176007,flow,afferent,3980
720575940619051009,flow,afferent,420
720575940621079431,flow,afferent,424
720575940640912291,flow,afferent,1564
720575940616332381,flow,afferent,3894
720575940620731608,flow,afferent,3877
720575940623497340,flow,afferent,1534
720575940634733537,flow,afferent,878
720575940624045155,flow,afferent,787
720575940631317292,flow,afferent,402
720575940603801056,flow,afferent,3002
720575940645995543,flow,afferent,7037
720575940630021392,flow,afferent,3906
720575940622021117,flow,afferent,738
720575940633209996,flow,afferent,3255
720575940623997539,flow,afferent,712
720575940618112349,flow,afferent,459
720575940621459905,flow,afferent,528
720575940621931174,flow,afferent,437
720575940621958310,flow,afferent,404
720575940624033535,flow,afferent,437
720575940624033741,flow,afferent,418
720575940627009086,flow,afferent,441
720575940629309545,flow,afferent,441
720575940629749547,flow,afferent,506
720575940632930188,flow,afferent,418
720575940609573641,flow,afferent,473
720575940609692683,flow,afferent,419
720575940609781769,flow,afferent,525
720575940612920433,flow,afferent,534
720575940604934980,flow,afferent,423
720575940606387046,flow,afferent,461
720575940606409150,flow,afferent,461
720575940618356409,flow,afferent,405
720575940618367377,flow,afferent,446
720575940618398498,flow,afferent,443
720575940615041064,flow,afferent,1237
720575940619344453,flow,afferent,412
720575940616429890,flow,afferent,501
720575940616430146,flow,afferent,447
720575940613192677,flow,afferent,513
720575940613201075,flow,afferent,523
720575940613418137,flow,afferent,434
720575940610727492,flow,afferent,413
720575940621441007,flow,afferent,418
720575940621508262,flow,afferent,417
720575940616522818,flow,afferent,433
720575940616860859,flow,afferent,419
720575940616866747,flow,afferent,495
720575940616944946,flow,afferent,431
720575940616946886,flow,afferent,408
720575940618508774,flow,afferent,449
720575940618518246,flow,afferent,433
720575940618782036,flow,afferent,407
720575940618818305,flow,afferent,435
720575940619917110,flow,afferent,416
720575940619940475,flow,afferent,438
720575940615513490,flow,afferent,408
720575940621705198,flow,afferent,424
720575940613614250,flow,afferent,445
720575940611759224,flow,afferent,464
720575940611935442,flow,afferent,419
720575940618883924,flow,afferent,428
720575940618888020,flow,afferent,415
720575940617090491,flow,afferent,482
720575940617145275,flow,afferent,416
720575940617458549,flow,afferent,409
720575940617552011,flow,afferent,402
720575940617565014,flow,afferent,492
720575940617588363,flow,afferent,415
720575940617839243,flow,afferent,519
720575940617911611,flow,afferent,451
720575940609330012,flow,afferent,416
720575940615997546,flow,afferent,429
720575940612367310,flow,afferent,402
720575940612598165,flow,afferent,432
720575940621749613,flow,afferent,520
720575940621750125,flow,afferent,506
720575940621834662,flow,afferent,412
720575940620956501,flow,afferent,452
720575940631041079,flow,afferent,500
720575940634841369,flow,afferent,403
720575940634881561,flow,afferent,432
720575940635075740,flow,afferent,527
720575940627726973,flow,afferent,410
720575940626242125,flow,afferent,456
720575940626294349,flow,afferent,412
720575940626344781,flow,afferent,523
720575940626570242,flow,afferent,740
720575940626666021,flow,afferent,460
720575940621996129,flow,afferent,547
720575940622051393,flow,afferent,730
720575940633450188,flow,afferent,453
720575940635917675,flow,afferent,424
720575940640223566,flow,afferent,460
720575940633681325,flow,afferent,423
720575940629832195,flow,afferent,500
720575940629832208,flow,afferent,512
720575940629914115,flow,afferent,523
720575940629941351,flow,afferent,425
720575940631406329,flow,afferent,434
720575940631416428,flow,afferent,459
720575940622485744,flow,afferent,432
720575940622596084,flow,afferent,431
720575940626918074,flow,afferent,424
720575940628324154,flow,afferent,407
720575940636390263,flow,afferent,505
720575940636715998,flow,afferent,469
720575940640624035,flow,afferent,418
720575940641054592,flow,afferent,406
720575940641097344,flow,afferent,417
720575940634431970,flow,afferent,413
720575940634525153,flow,afferent,419
720575940622747486,flow,afferent,436
720575940622970394,flow,afferent,458
720575940622972705,flow,afferent,503
720575940630118247,flow,afferent,423
720575940630275522,flow,afferent,463
720575940642316507,flow,afferent,401
720575940642328539,flow,afferent,446
720575940637259895,flow,afferent,431
720575940630585644,flow,afferent,464
720575940630682684,flow,afferent,410
720575940630703607,flow,afferent,428
720575940643199885,flow,afferent,467
720575940624244420,flow,afferent,488
720575940624260390,flow,afferent,485
720575940624260646,flow,afferent,523
720575940625093813,flow,afferent,458
720575940628441105,flow,afferent,437
720575940628467985,flow,afferent,500
720575940628597781,flow,afferent,407
720575940628712964,flow,afferent,478
720575940637440613,flow,afferent,404
720575940637806766,flow,afferent,437
720575940637921392,flow,afferent,472
720575940638106736,flow,afferent,442
720575940625397140,flow,afferent,402
720575940625627379,flow,afferent,411
720575940645309719,flow,afferent,435
720575940628784040,flow,afferent,422
720575940632082703,flow,afferent,450
720575940632102159,flow,afferent,410
720575940632113682,flow,afferent,423
720575940632266794,flow,afferent,453
720575940638404580,flow,afferent,566
720575940638525662,flow,afferent,401
720575940638649822,flow,afferent,482
720575940625745907,flow,afferent,499
720575940647181091,flow,afferent,402
720575940648335748,flow,afferent,579
720575940624699901,flow,afferent,442
720575940623124905,flow,afferent,555
720575940629213127,flow,afferent,546
720575940629409128,flow,afferent,403
720575940629621865,flow,afferent,459
720575940639775165,flow,afferent,410
720575940632631097,flow,afferent,507
720575940632649795,flow,afferent,407
720575940632657512,flow,afferent,412
720575940632714823,flow,afferent,481
720575940625905383,flow,afferent,475
720575940625906190,flow,afferent,477
720575940625957363,flow,afferent,470
720575940624955133,flow,afferent,517
720575940624978357,flow,afferent,406
720575940623485917,flow,afferent,441
720575940623572445,flow,afferent,415
720575940640087997,flow,afferent,434
720575940623896600,flow,afferent,528
720575940613684370,flow,afferent,1168
720575940625814274,flow,afferent,838
720575940631998511,flow,afferent,496
720575940631964371,flow,afferent,1001
720575940630101497,flow,afferent,598
720575940627528964,flow,afferent,419
720575940610124868,flow,afferent,614
720575940620421255,flow,afferent,457
720575940632239661,flow,afferent,514
720575940615825211,flow,afferent,480
720575940626585481,flow,afferent,467
720575940627378950,flow,afferent,10461
720575940624180519,flow,afferent,2245
720575940627404090,flow,afferent,3274
720575940619841886,flow,afferent,1097
720575940620677302,flow,afferent,989
720575940637955968,flow,afferent,595
720575940629965932,flow,afferent,2663
720575940628548711,flow,afferent,5146
720575940627824712,flow,afferent,5270
720575940644666916,flow,afferent,2565
720575940623118029,flow,afferent,6457
720575940627348712,flow,afferent,750
720575940630763724,flow,afferent,719
720575940626339130,flow,afferent,6465
720575940642422157,flow,afferent,20573
720575940611932842,flow,afferent,8249
720575940646554659,flow,afferent,1769
720575940645413940,flow,afferent,561
720575940620670657,flow,afferent,8106
720575940611853265,flow,afferent,962
720575940629528380,flow,afferent,1014
720575940611877841,flow,afferent,7575
720575940605223601,flow,afferent,505
720575940628428443,flow,afferent,6401
720575940613439903,flow,afferent,704
720575940613882822,flow,afferent,402
720575940614438685,flow,afferent,5192
720575940628598142,flow,afferent,4746
720575940616862550,flow,afferent,519
720575940634626144,flow,afferent,3578
720575940618401605,flow,afferent,407
720575940628651369,flow,afferent,463
720575940632754003,flow,afferent,4903
720575940620718605,flow,afferent,2549
720575940620742605,flow,afferent,860
720575940627488252,flow,afferent,584
720575940621114974,flow,afferent,9520
720575940622517784,flow,afferent,750
720575940627538690,flow,afferent,2214
720575940612331618,flow,afferent,1927
720575940623567945,flow,afferent,841
720575940638607805,flow,afferent,614
720575940614880671,flow,afferent,679
720575940622363332,flow,afferent,597
720575940610724306,flow,afferent,640
720575940630257772,flow,afferent,459
720575940615747259,flow,afferent,506
720575940628132943,flow,afferent,670
720575940621585507,flow,afferent,680
720575940619277733,flow,afferent,490
720575940614174943,flow,afferent,617
720575940617056064,flow,afferent,826
720575940616417169,flow,afferent,609
720575940617234077,flow,afferent,553
720575940634023860,flow,afferent,612
720575940619804582,flow,afferent,567
720575940615903547,flow,afferent,553
720575940629296254,flow,afferent,443
720575940635978638,flow,afferent,628
720575940628981036,flow,afferent,581
720575940624369968,flow,afferent,458
720575940612105586,flow,afferent,537
720575940621315293,flow,afferent,474
720575940629707068,flow,afferent,639
720575940614427055,flow,afferent,433
720575940626111761,flow,afferent,1125
720575940629248044,flow,afferent,854
720575940639024462,flow,afferent,561
720575940617351990,flow,afferent,587
720575940626282633,flow,afferent,816
720575940631925132,flow,afferent,621
720575940638683453,flow,afferent,845
720575940624491402,flow,afferent,753
720575940622039501,flow,afferent,704
720575940623353488,flow,afferent,851
720575940614926790,flow,afferent,842
720575940617141789,flow,afferent,719
720575940616311513,flow,afferent,862
720575940617511169,flow,afferent,402
720575940633471839,flow,afferent,829
720575940628277147,flow,afferent,1372
720575940631240296,flow,afferent,883
720575940645824035,flow,afferent,839
720575940614212514,flow,afferent,745
720575940623942119,flow,afferent,810
720575940614102930,flow,afferent,850
720575940614898037,flow,afferent,1292
720575940611762329,flow,afferent,1532
720575940631960290,flow,afferent,1412
720575940620224677,flow,afferent,743
720575940634776218,flow,afferent,678
720575940620675711,flow,afferent,1060
720575940624508341,flow,afferent,443
720575940620023024,flow,afferent,1376
720575940615723350,flow,afferent,735
720575940631510865,flow,afferent,1350
720575940626179334,flow,afferent,1062
720575940629539269,flow,afferent,860
720575940610864533,flow,afferent,1595
720575940636093541,flow,afferent,752
720575940629728988,flow,afferent,801
720575940627253865,flow,afferent,779
720575940639427416,flow,afferent,782
720575940627431311,flow,afferent,852
720575940628632702,flow,afferent,850
720575940625337546,flow,afferent,803
720575940626893834,flow,afferent,666
720575940605328230,flow,afferent,871
720575940625657530,flow,afferent,1437
720575940612674257,flow,afferent,840
720575940623129587,flow,afferent,909
720575940625821758,flow,afferent,775
720575940628599595,flow,afferent,847
720575940620574305,flow,afferent,762
720575940625342648,flow,afferent,1568
720575940617067305,flow,afferent,878
720575940629232492,flow,afferent,591
720575940630511055,flow,afferent,793
720575940637472053,flow,afferent,712
720575940619280110,flow,afferent,818
720575940624689336,flow,afferent,821
720575940641979277,flow,afferent,765
720575940624037052,flow,afferent,872
720575940612455917,flow,afferent,1473
720575940630496975,flow,afferent,799
720575940641592973,flow,afferent,507
720575940632624813,flow,afferent,797
720575940647088004,flow,afferent,760
720575940623610919,flow,afferent,530
720575940645808931,flow,afferent,985
720575940614548765,flow,afferent,813
720575940618903345,flow,afferent,676
720575940619451233,flow,afferent,789
720575940619418304,flow,afferent,426
720575940616546333,flow,afferent,739
720575940643183140,flow,afferent,786
720575940617989417,flow,afferent,773
720575940617577797,flow,afferent,675
720575940639415248,flow,afferent,902
720575940625694857,flow,afferent,798
720575940628690423,flow,afferent,1436
720575940627370027,flow,afferent,1580
720575940616256059,flow,afferent,752
720575940621398366,flow,afferent,749
720575940624304432,flow,afferent,736
720575940622987007,flow,afferent,607
720575940650751873,flow,afferent,1085
720575940607459849,flow,afferent,1311
720575940618539422,flow,afferent,899
720575940622891923,flow,afferent,728
720575940622972167,flow,afferent,742
720575940619559956,flow,afferent,444
720575940609577518,flow,afferent,1451
720575940633817405,flow,afferent,767
720575940653542817,flow,afferent,456
720575940626865289,flow,afferent,791
720575940638339773,flow,afferent,1031
720575940606869513,flow,afferent,810
720575940634078303,flow,afferent,697
720575940608227541,flow,afferent,408
720575940639004032,flow,afferent,793
720575940638773693,flow,afferent,939
720575940639080526,flow,afferent,693
720575940642968776,flow,afferent,752
720575940640282869,flow,afferent,731
720575940639022414,flow,afferent,781
720575940616254016,flow,afferent,781
720575940632284717,flow,afferent,865
720575940627996315,flow,afferent,719
720575940614053149,flow,afferent,783
720575940620997409,flow,afferent,935
720575940630662737,flow,afferent,725
720575940614037533,flow,afferent,730
720575940626769304,flow,afferent,1524
720575940622276791,flow,afferent,784
720575940613885506,flow,afferent,496
720575940630664273,flow,afferent,866
720575940604352689,flow,afferent,731
720575940612160153,flow,afferent,800
720575940620133568,flow,afferent,1432
720575940620202111,flow,afferent,691
720575940627675535,flow,afferent,734
720575940616322397,flow,afferent,436
720575940633509407,flow,afferent,769
720575940622262593,flow,afferent,831
720575940622281399,flow,afferent,672
720575940623122957,flow,afferent,670
720575940623030861,flow,afferent,1006
720575940628621316,flow,afferent,805
720575940629306667,flow,afferent,3042
720575940628673474,flow,afferent,1682
720575940610460514,flow,afferent,1741
720575940616239873,flow,afferent,1068
720575940633280107,flow,afferent,1186
720575940638509952,flow,afferent,1055
720575940617969961,flow,afferent,1264
720575940630644281,flow,afferent,1138
720575940622242253,flow,afferent,3307
720575940628209801,flow,afferent,2755
720575940628644239,flow,afferent,1271
720575940623400629,flow,afferent,2770
720575940625526805,flow,afferent,1844
720575940623817776,flow,afferent,7973
720575940619202901,flow,afferent,14749
720575940629972983,flow,afferent,1304
720575940634584312,flow,afferent,3544
720575940632015699,flow,afferent,6102
720575940629630520,flow,afferent,9340
720575940616449093,flow,afferent,10284
720575940627546750,flow,afferent,3481
720575940624822003,flow,afferent,1998
720575940627108967,flow,afferent,520
720575940606401970,flow,afferent,1026
720575940620066142,flow,afferent,1813
720575940627697664,flow,afferent,5573
720575940628552054,flow,afferent,5259
720575940621013517,flow,afferent,1052
720575940631401698,flow,afferent,459
720575940619801793,flow,afferent,1424
720575940617484248,flow,afferent,1273
720575940627881728,flow,afferent,972
720575940633366498,flow,afferent,1306
720575940613706546,flow,afferent,2933
720575940620373469,flow,afferent,2598
720575940613266026,flow,afferent,477
720575940606346332,flow,afferent,1288
720575940619533483,flow,afferent,903
720575940627493638,flow,afferent,5273
720575940611778713,flow,afferent,1312
720575940611904296,flow,afferent,6775
720575940612416766,flow,afferent,983
720575940624057525,flow,afferent,2340
720575940635905893,flow,afferent,722
720575940629901047,flow,afferent,8995
720575940628851984,flow,afferent,1914
720575940623060883,flow,afferent,985
720575940625101389,flow,afferent,501
720575940618019207,flow,afferent,841
720575940610514073,flow,afferent,2334
720575940628515115,flow,afferent,632
720575940623302988,flow,afferent,16622
720575940624910128,flow,afferent,3317
720575940611123093,flow,afferent,3034
720575940620811656,flow,afferent,1733
720575940643683744,flow,afferent,14543
720575940633884512,flow,afferent,5107
720575940609651758,flow,afferent,2334
720575940620631974,flow,afferent,3234
720575940619373703,flow,afferent,13105
720575940610784370,flow,afferent,4318
720575940639811024,flow,afferent,2696
720575940621057285,flow,afferent,8273
720575940629185084,flow,afferent,1607
720575940622401267,flow,afferent,925
720575940623777061,flow,afferent,503
720575940603814060,flow,afferent,2386
720575940627403719,flow,afferent,2005
720575940619003969,flow,afferent,1605
720575940635029146,flow,afferent,4492
720575940640396173,flow,afferent,2025
720575940625429647,flow,afferent,912
720575940625486357,flow,afferent,2240
720575940612887080,flow,afferent,7102
720575940614678751,flow,afferent,1322
720575940612608790,flow,afferent,904
720575940637106295,flow,afferent,1701
720575940610906773,flow,afferent,944
720575940608729795,flow,afferent,2361
720575940627560386,flow,afferent,1907
720575940628962891,flow,afferent,665
720575940617050196,flow,afferent,843
720575940630126161,flow,afferent,1542
720575940627313180,flow,afferent,6100
720575940632786586,flow,afferent,1518
720575940632834911,flow,afferent,3295
720575940633387768,flow,afferent,1282
720575940614997555,flow,afferent,2098
720575940637396851,flow,afferent,1232
720575940611255475,flow,afferent,4638
720575940637507645,flow,afferent,1800
720575940623234567,flow,afferent,2794
720575940635668622,flow,afferent,8996
720575940641824200,flow,afferent,841
720575940605707198,flow,afferent,11352
720575940628337511,flow,afferent,2488
720575940604926082,flow,afferent,790
720575940637149006,flow,afferent,476
720575940622109769,flow,afferent,610
720575940622102182,flow,afferent,2244
720575940633183559,flow,afferent,1292
720575940629416266,flow,afferent,4876
720575940618459485,flow,afferent,662
720575940621749697,flow,afferent,2630
720575940611603502,flow,afferent,6268
720575940634725345,flow,afferent,1604
720575940635591776,flow,afferent,13471
720575940645704996,flow,afferent,8046
720575940620096926,flow,afferent,2152
720575940627200004,flow,afferent,2430
720575940621765813,flow,afferent,2470
720575940603659488,flow,afferent,493
720575940621019120,flow,afferent,410
720575940635072111,flow,afferent,603
720575940634468975,flow,afferent,558
720575940626698568,flow,afferent,659
720575940613365650,flow,afferent,440
720575940643757422,flow,afferent,566
720575940615856779,flow,afferent,515
720575940610605530,flow,afferent,488
720575940645941102,flow,afferent,471
720575940633837247,flow,afferent,616
720575940635277998,flow,afferent,495
720575940619318619,flow,afferent,403
720575940631012664,flow,afferent,466
720575940631943213,flow,afferent,606
720575940627643398,flow,afferent,562
720575940624958757,flow,afferent,660
720575940638894976,flow,afferent,722
720575940627451388,flow,afferent,497
720575940626618696,flow,afferent,642
720575940645345332,flow,afferent,615
720575940617094429,flow,afferent,539
720575940621285452,flow,afferent,498
720575940633909695,flow,afferent,423
720575940629326841,flow,afferent,594
720575940631941587,flow,afferent,520
720575940644237591,flow,afferent,492
720575940638974848,flow,afferent,699
720575940636975582,flow,afferent,763
720575940616704581,flow,afferent,511
720575940609065774,flow,afferent,534
720575940610036834,flow,afferent,557
720575940620408560,flow,afferent,464
720575940618606983,flow,afferent,693
720575940629349164,flow,afferent,551
720575940619111883,flow,afferent,561
720575940607865180,flow,afferent,604
720575940616356281,flow,afferent,931
720575940609845454,flow,afferent,511
720575940628993900,flow,afferent,635
720575940640331995,flow,afferent,483
720575940623032102,flow,afferent,555
720575940629162870,flow,afferent,578
720575940628452711,flow,afferent,669
720575940633857687,flow,afferent,530
720575940616398898,flow,afferent,498
720575940626138378,flow,afferent,494
720575940632308684,flow,afferent,505
720575940628408143,flow,afferent,533
720575940631953619,flow,afferent,517
720575940626199059,flow,afferent,995
720575940622403881,flow,afferent,491
720575940624147600,flow,afferent,584
720575940628225323,flow,afferent,431
720575940610682578,flow,afferent,525
720575940626357586,flow,afferent,480
720575940635159982,flow,afferent,948
720575940621373680,flow,afferent,415
720575940616599069,flow,afferent,438
720575940639836624,flow,afferent,502
720575940625383155,flow,afferent,414
720575940626064138,flow,afferent,431
720575940647097732,flow,afferent,522
720575940619440878,flow,afferent,430
720575940621904166,flow,afferent,476
720575940626012433,flow,afferent,429
720575940631512376,flow,afferent,491
720575940629384953,flow,afferent,563
720575940633475991,flow,afferent,519
720575940629226044,flow,afferent,425
720575940620679233,flow,afferent,605
720575940628198759,flow,afferent,452
720575940628565776,flow,afferent,439
720575940614257986,flow,afferent,619
720575940618946901,flow,afferent,417
720575940619298731,flow,afferent,410
720575940611157466,flow,afferent,420
720575940603871404,flow,afferent,465
720575940639506776,flow,afferent,504
720575940627465871,flow,afferent,552
720575940621767629,flow,afferent,580
720575940618512331,flow,afferent,472
720575940625044743,flow,afferent,520
720575940630734587,flow,afferent,510
720575940613466577,flow,afferent,775
720575940624500519,flow,afferent,498
720575940626125626,flow,afferent,1000
720575940627316303,flow,afferent,795
720575940614105342,flow,afferent,710
720575940615659381,flow,afferent,660
720575940626202237,flow,afferent,693
720575940630738171,flow,afferent,988
720575940629350782,flow,afferent,718
720575940617645652,flow,afferent,526
720575940631084684,flow,afferent,972
720575940638872629,flow,afferent,901
720575940627817260,flow,afferent,678
720575940620253311,flow,afferent,1036
720575940630696901,flow,afferent,983
720575940611845034,flow,afferent,749
720575940629343799,flow,afferent,1239
720575940648191609,flow,afferent,646
720575940617454114,flow,afferent,875
720575940620705012,flow,afferent,746
720575940618806101,flow,afferent,438
720575940612149014,flow,afferent,495
720575940609586645,flow,afferent,414
720575940623267559,flow,afferent,1212
720575940620024560,flow,afferent,565
720575940624853276,flow,afferent,675
720575940617626781,flow,afferent,441
720575940612140781,flow,afferent,592
720575940631003723,flow,afferent,695
720575940646094388,flow,afferent,509
720575940611208818,flow,afferent,922
720575940611905138,flow,afferent,676
720575940637728063,flow,afferent,685
720575940615831947,flow,afferent,759
720575940619429803,flow,afferent,861
720575940615809366,flow,afferent,1080
720575940627239848,flow,afferent,965
720575940625868184,flow,afferent,1047
720575940621897496,flow,afferent,824
720575940614053405,flow,afferent,662
720575940627787343,flow,afferent,606
720575940631474316,flow,afferent,605
720575940626856721,flow,afferent,990
720575940631413585,flow,afferent,638
720575940606974219,flow,afferent,424
720575940619430571,flow,afferent,860
720575940612700450,flow,afferent,585
720575940624849040,flow,afferent,710
720575940621137833,flow,afferent,798
720575940629724411,flow,afferent,425
720575940606001074,flow,afferent,783
720575940638165875,flow,afferent,1018
720575940604675430,flow,afferent,975
720575940611111907,flow,afferent,572
720575940609633378,flow,afferent,442
720575940624964362,flow,afferent,573
720575940635562096,flow,afferent,459
720575940628769662,flow,afferent,929
720575940631931183,flow,afferent,857
720575940626822916,flow,afferent,615
720575940631313455,flow,afferent,1055
720575940649154425,flow,afferent,1004
720575940659770497,flow,afferent,440
720575940611662706,flow,afferent,503
720575940616482363,flow,afferent,846
720575940619519727,flow,afferent,949
720575940630696645,flow,afferent,561
720575940628703993,flow,afferent,847
720575940623607527,flow,afferent,979
720575940622204612,flow,afferent,410
720575940614120190,flow,afferent,467
720575940626240522,flow,afferent,650
720575940625334424,flow,afferent,906
720575940613798195,flow,afferent,1857
720575940644667246,flow,afferent,765
720575940633422490,flow,afferent,1056
720575940654500257,flow,afferent,943
720575940638229080,flow,afferent,1031
720575940638026842,flow,afferent,620
720575940626984274,flow,afferent,459
720575940633024924,flow,afferent,814
720575940620319329,flow,afferent,476
720575940607239947,flow,afferent,705
720575940620671512,flow,afferent,592
720575940616566745,flow,afferent,601
720575940628335183,flow,afferent,560
720575940626980358,flow,afferent,862
720575940629099770,flow,afferent,555
720575940625754643,flow,afferent,1058
720575940639449507,flow,afferent,539
720575940639116496,flow,afferent,949
720575940621479295,flow,afferent,554
720575940638402357,flow,afferent,1014
720575940633509949,flow,afferent,575
720575940619150040,flow,afferent,1413
720575940630991308,flow,afferent,624
720575940631247431,flow,afferent,523
720575940631885485,flow,afferent,886
720575940631930060,flow,afferent,551
720575940637002574,flow,afferent,590
720575940627154063,flow,afferent,1040
720575940627737073,flow,afferent,703
720575940626631441,flow,afferent,912
720575940616903209,flow,afferent,539
720575940624223888,flow,afferent,866
720575940623943914,flow,afferent,757
720575940634818296,flow,afferent,1117
720575940630807619,flow,afferent,813
720575940623151339,flow,afferent,815
720575940611369938,flow,afferent,547
720575940629842681,flow,afferent,412
720575940629854953,flow,afferent,554
720575940636256398,flow,afferent,643
720575940628478251,flow,afferent,1092
720575940625162515,flow,afferent,559
720575940626630699,flow,afferent,537
720575940614184671,flow,afferent,935
720575940621611614,flow,afferent,496
720575940608273163,flow,afferent,674
720575940608508228,flow,afferent,983
720575940634057976,flow,afferent,1059
720575940620802230,flow,afferent,881
720575940644902179,flow,afferent,889
720575940622547661,flow,afferent,579
720575940614327442,flow,afferent,888
720575940626867081,flow,afferent,843
720575940628499322,flow,afferent,553
720575940620686324,flow,afferent,653
720575940631234643,flow,afferent,1052
720575940633915327,flow,afferent,923
720575940613699807,flow,afferent,487
720575940621100117,flow,afferent,720
720575940610519747,flow,afferent,821
720575940650894457,flow,afferent,554
720575940615257395,flow,afferent,628
720575940623758377,flow,afferent,4154
720575940627490065,flow,afferent,2818
720575940642427789,flow,afferent,4507
720575940626648634,flow,afferent,800
720575940605158572,flow,afferent,2741
720575940632001640,flow,afferent,1974
720575940647036724,flow,afferent,3549
720575940626901521,flow,afferent,1965
720575940627360774,flow,afferent,2209
720575940616553300,flow,afferent,6305
720575940636821616,flow,afferent,46178
720575940639264590,flow,afferent,2335
720575940620896525,flow,afferent,626
720575940629486714,flow,afferent,34805
720575940636805958,flow,afferent,1817
720575940620116001,flow,afferent,499
720575940622944915,flow,afferent,716
720575940625947335,flow,afferent,703
720575940614189310,flow,afferent,13677
720575940627230722,flow,afferent,1493
720575940632556831,flow,afferent,7968
720575940649812857,flow,afferent,3866
720575940621751792,flow,afferent,9370
720575940623467664,flow,afferent,679
720575940631011781,flow,afferent,3868
720575940623788519,flow,afferent,9454
720575940627372090,flow,afferent,9135
720575940602382304,flow,afferent,4270
720575940631106767,flow,afferent,7311
720575940602430944,flow,afferent,2280
720575940629212098,flow,afferent,3128
720575940618260500,flow,afferent,6410
720575940603456288,flow,afferent,456
720575940603460640,flow,afferent,9655
720575940603537766,flow,afferent,656
720575940627621628,flow,afferent,4555
720575940603574374,flow,afferent,756
720575940632300973,flow,afferent,6281
720575940603595366,flow,afferent,7719
720575940603599206,flow,afferent,5209
720575940611710322,flow,afferent,4772
720575940622135757,flow,afferent,6948
720575940606197193,flow,afferent,403
720575940615443805,flow,afferent,8226
720575940606310748,flow,afferent,887
720575940606567125,flow,afferent,1703
720575940603882174,flow,afferent,6159
720575940616343441,flow,afferent,11475
720575940627398855,flow,afferent,2527
720575940632987859,flow,afferent,1251
720575940626198790,flow,afferent,950
720575940639458037,flow,afferent,424
720575940607118275,flow,afferent,464
720575940607128771,flow,afferent,894
720575940607136707,flow,afferent,1227
720575940620082598,flow,afferent,1166
720575940639295347,flow,afferent,3600
720575940626319900,flow,afferent,2596
720575940645197188,flow,afferent,433
720575940608900050,flow,afferent,2448
720575940608996450,flow,afferent,1686
720575940626951513,flow,afferent,8438
720575940609187101,flow,afferent,668
720575940620193472,flow,afferent,1163
720575940610284441,flow,afferent,638
720575940638116723,flow,afferent,1349
720575940639623795,flow,afferent,5080
720575940611832490,flow,afferent,855
720575940628894251,flow,afferent,6196
720575940616475732,flow,afferent,506
720575940614742214,flow,afferent,535
720575940623981576,flow,afferent,669
720575940610033394,flow,afferent,1574
720575940626180638,flow,afferent,2878
720575940632118479,flow,afferent,2448
720575940629739068,flow,afferent,2532
720575940619985089,flow,afferent,472
720575940612066223,flow,afferent,630
720575940620807437,flow,afferent,510
720575940630137425,flow,afferent,878
720575940623210445,flow,afferent,6028
720575940614418794,flow,afferent,3346
720575940627022824,flow,afferent,6445
720575940613497395,flow,afferent,10412
720575940623700661,flow,afferent,1906
720575940640934363,flow,afferent,6676
720575940655014049,flow,afferent,5590
720575940631922489,flow,afferent,5802
720575940633302995,flow,afferent,1611
720575940619114918,flow,afferent,2416
720575940623564435,flow,afferent,461
720575940622714004,flow,afferent,2310
720575940620492246,flow,afferent,888
720575940623696362,flow,afferent,8780
720575940626035556,flow,afferent,1407
720575940626545410,flow,afferent,3175
720575940631769058,flow,afferent,467
720575940628505039,flow,afferent,2700
720575940643142560,flow,afferent,9312
720575940644376355,flow,afferent,2907
720575940623606857,flow,afferent,6816
720575940614595643,flow,afferent,2196
720575940624871710,flow,afferent,3519
720575940611772914,flow,afferent,18462
720575940627404154,flow,afferent,1767
720575940626252163,flow,afferent,7351
720575940628991051,flow,afferent,1801
720575940626750723,flow,afferent,2871
720575940637374323,flow,afferent,6237
720575940638396998,flow,afferent,5892
720575940623933626,flow,afferent,2312
720575940611061038,flow,afferent,4320
720575940618855883,flow,afferent,8352
720575940625140755,flow,afferent,983
720575940651808758,flow,afferent,11099
720575940607434564,flow,afferent,940
720575940619206772,flow,afferent,1954
720575940639843035,flow,afferent,6924
720575940607561540,flow,afferent,1071
720575940624728504,flow,afferent,3659
720575940630307639,flow,afferent,657
720575940607606852,flow,afferent,3057
720575940633119149,flow,afferent,785
720575940609311586,flow,afferent,3059
720575940629745022,flow,afferent,3795
720575940608269102,flow,afferent,417
720575940657611393,flow,afferent,959
720575940642875080,flow,afferent,5302
720575940615211195,flow,afferent,4743
720575940634525792,flow,afferent,9811
720575940606913202,flow,afferent,6076
720575940630173689,flow,afferent,525
720575940624954185,flow,afferent,2747
720575940631183330,flow,afferent,1684
720575940627684614,flow,afferent,888
720575940629321734,flow,afferent,438
720575940603789228,flow,afferent,2236
720575940623368375,flow,afferent,1319
720575940611223445,flow,afferent,441
720575940620122503,flow,afferent,5265
720575940610148505,flow,afferent,4683
720575940625346130,flow,afferent,3248
720575940610156697,flow,afferent,1270
720575940636068270,flow,afferent,784
720575940625969351,flow,afferent,5575
720575940625411109,flow,afferent,1155
720575940641702304,flow,afferent,940
720575940613958194,flow,afferent,16725
720575940610200217,flow,afferent,1648
720575940605173792,flow,afferent,3582
720575940614511614,flow,afferent,3463
720575940610264490,flow,afferent,5517
720575940633969815,flow,afferent,2594
720575940623776743,flow,afferent,7627
720575940610821654,flow,afferent,495
720575940628911620,flow,afferent,729
720575940620718472,flow,afferent,5686
720575940644446062,flow,afferent,3733
720575940639093411,flow,afferent,515
720575940622477508,flow,afferent,1055
720575940638069875,flow,afferent,424
720575940617542996,flow,afferent,415
720575940638818357,flow,afferent,647
720575940639451043,flow,afferent,542
720575940627586091,flow,afferent,545
720575940613736941,flow,afferent,663
720575940617825563,flow,afferent,650
720575940617739333,flow,afferent,737
720575940631737261,flow,afferent,577
720575940621307230,flow,afferent,956
720575940610138026,flow,afferent,585
720575940615994907,flow,afferent,474
720575940610745373,flow,afferent,3053
720575940611427697,flow,afferent,910
720575940616923945,flow,afferent,532
720575940639151960,flow,afferent,8822
720575940645246004,flow,afferent,2979
720575940629561400,flow,afferent,772
720575940629588854,flow,afferent,669
720575940627637521,flow,afferent,7987
720575940628710555,flow,afferent,1250
720575940633175196,flow,afferent,810
720575940620752408,flow,afferent,2698
720575940625176957,flow,afferent,1351
720575940625127354,flow,afferent,762
720575940615942924,flow,afferent,4350
720575940637087039,flow,afferent,921
720575940621106977,flow,afferent,9304
720575940607510027,flow,afferent,505
720575940630642447,flow,afferent,863
720575940633565536,flow,afferent,5926
720575940605916640,flow,afferent,1816
720575940619930534,flow,afferent,2976
720575940625507870,flow,afferent,565
720575940609787256,flow,afferent,7284
720575940630009794,flow,afferent,2902
720575940621375231,flow,afferent,1243
720575940635791167,flow,afferent,620
720575940629270339,flow,afferent,675
720575940617937543,flow,afferent,1455
720575940615274425,flow,afferent,1644
720575940645743412,flow,afferent,1973
720575940613061118,flow,afferent,2160
720575940624079544,flow,afferent,1588
720575940612670570,flow,afferent,1692
720575940629176663,flow,afferent,992
720575940632425919,flow,afferent,2188
720575940630233916,flow,afferent,1632
720575940622298631,flow,afferent,903
720575940609919897,flow,afferent,696
720575940621008895,flow,afferent,751
720575940626016017,flow,afferent,966
720575940610481370,flow,afferent,1117
720575940627578156,flow,afferent,1027
720575940602353632,flow,afferent,1146
720575940614281266,flow,afferent,872
720575940627490663,flow,afferent,692
720575940621502051,flow,afferent,983
720575940614273292,flow,afferent,1575
720575940618025199,flow,afferent,2316
720575940629481516,flow,afferent,1899
720575940610683315,flow,afferent,1140
720575940630968335,flow,afferent,981
720575940631914783,flow,afferent,3102
720575940607367125,flow,afferent,1752
720575940630160384,flow,afferent,7663
720575940616064546,flow,afferent,2449
720575940628159081,flow,afferent,469
720575940613304883,flow,afferent,1660
720575940631447879,flow,afferent,6869
720575940632466784,flow,afferent,681
720575940619072513,flow,afferent,1992
720575940609541917,flow,afferent,2201
720575940622297855,flow,afferent,1036
720575940636990005,flow,afferent,520
720575940617308673,flow,afferent,418
720575940623235848,flow,afferent,585
720575940633731435,flow,afferent,955
720575940613051699,flow,afferent,1031
720575940618343734,flow,afferent,952
720575940619761072,flow,afferent,481
720575940627163560,flow,afferent,743
720575940633642391,flow,afferent,908
720575940629518892,flow,afferent,937
720575940623729907,flow,afferent,449
720575940630947176,flow,afferent,849
720575940619702337,flow,afferent,852
720575940639068112,flow,afferent,502
720575940625502595,flow,afferent,629
720575940635561584,flow,afferent,442
720575940638475573,flow,afferent,814
720575940604700006,flow,afferent,639
720575940620574817,flow,afferent,585
720575940619791019,flow,afferent,837
720575940627043048,flow,afferent,636
720575940623708135,flow,afferent,730
720575940626851471,flow,afferent,664
720575940606460873,flow,afferent,445
720575940639186264,flow,afferent,475
720575940625795453,flow,afferent,488
720575940623799335,flow,afferent,645
720575940639053885,flow,afferent,911
720575940638511267,flow,afferent,1164
720575940628749111,flow,afferent,712
720575940643980910,flow,afferent,721
720575940635081464,flow,afferent,621
720575940617598621,flow,afferent,408
720575940623771580,flow,afferent,509
720575940627948111,flow,afferent,424
720575940635745855,flow,afferent,472
720575940616857757,flow,afferent,662
720575940626565907,flow,afferent,492
720575940616915753,flow,afferent,436
720575940632637139,flow,afferent,800
720575940618821067,flow,afferent,695
720575940629390970,flow,afferent,470
720575940631727308,flow,afferent,424
720575940624859834,flow,afferent,696
720575940610059726,flow,afferent,496
720575940620023261,flow,afferent,425
720575940608313611,flow,afferent,427
720575940629424195,flow,afferent,521
720575940623205705,flow,afferent,711
720575940630514191,flow,afferent,759
720575940629557292,flow,afferent,714
720575940620382704,flow,afferent,434
720575940612704802,flow,afferent,507
720575940628888375,flow,afferent,429
720575940628702658,flow,afferent,662
720575940619093524,flow,afferent,570
720575940645431075,flow,afferent,858
720575940659447937,flow,afferent,471
720575940618640542,flow,afferent,828
720575940607626453,flow,afferent,415
720575940619403028,flow,afferent,630
720575940617089876,flow,afferent,432
720575940626812072,flow,afferent,527
720575940611085518,flow,afferent,421
720575940614430102,flow,afferent,701
720575940638914648,flow,afferent,711
720575940611475370,flow,afferent,544
720575940616601345,flow,afferent,424
720575940627948367,flow,afferent,404
720575940625889625,flow,afferent,717
720575940617650407,flow,afferent,457
720575940624671490,flow,afferent,478
720575940625273116,flow,afferent,883
720575940638678179,flow,afferent,702
720575940614325138,flow,afferent,569
720575940629677509,flow,afferent,852
720575940639076669,flow,afferent,993
720575940639025998,flow,afferent,649
720575940628407375,flow,afferent,855
720575940630107131,flow,afferent,759
720575940633802045,flow,afferent,465
720575940620621665,flow,afferent,528
720575940627454888,flow,afferent,672
720575940614110375,flow,afferent,911
720575940610189358,flow,afferent,455
720575940654499745,flow,afferent,511
720575940633811005,flow,afferent,427
720575940633813309,flow,afferent,404
720575940623482355,flow,afferent,483
720575940619812487,flow,afferent,836
720575940625305884,flow,afferent,799
720575940618784891,flow,afferent,564
720575940633671319,flow,afferent,680
720575940626213642,flow,afferent,968
720575940632351513,flow,afferent,956
720575940621424397,flow,afferent,669
720575940629153274,flow,afferent,720
720575940620036417,flow,afferent,521
720575940617674141,flow,afferent,741
720575940622196518,flow,afferent,521
720575940632854156,flow,afferent,714
720575940631450764,flow,afferent,822
720575940626868361,flow,afferent,486
720575940621192436,flow,afferent,451
720575940616140171,flow,afferent,760
720575940624062612,flow,afferent,769
720575940619891041,flow,afferent,694
720575940625720890,flow,afferent,434
720575940617720221,flow,afferent,443
720575940630990756,flow,afferent,874
720575940645722660,flow,afferent,781
720575940661296001,flow,afferent,846
720575940619681600,flow,afferent,714
720575940622509203,flow,afferent,628
720575940616377942,flow,afferent,807
720575940613201814,flow,afferent,772
720575940623045117,flow,afferent,907
720575940618393398,flow,afferent,3100
720575940620580272,flow,afferent,1621
720575940632517028,flow,afferent,3806
720575940610850965,flow,afferent,1568
720575940629420135,flow,afferent,651
720575940634038041,flow,afferent,4369
720575940627803720,flow,afferent,3047
720575940608662318,flow,afferent,12502
720575940621591477,flow,afferent,3947
720575940625480394,flow,afferent,7958
720575940613693469,flow,afferent,7865
720575940621147998,flow,afferent,5083
720575940615309106,flow,afferent,4502
720575940616427357,flow,afferent,7772
720575940638453437,flow,afferent,3367
720575940623982323,flow,afferent,10780
720575940613772317,flow,afferent,1260
720575940613772829,flow,afferent,1091
720575940630798378,flow,afferent,10509
720575940639205821,flow,afferent,7684
720575940618238635,flow,afferent,12103
720575940631095289,flow,afferent,8352
720575940630300434,flow,afferent,4415
720575940618014528,flow,afferent,12402
720575940638155497,flow,afferent,1482
720575940628083516,flow,afferent,9957
720575940620245718,flow,afferent,1040
720575940623008550,flow,afferent,1199
720575940617871394,flow,afferent,3370
720575940615411161,flow,afferent,1882
720575940632847661,flow,afferent,44711
720575940630521931,flow,afferent,4218
720575940617625413,flow,afferent,1749
720575940610275192,flow,afferent,5400
720575940608655883,flow,afferent,769
720575940623743892,flow,afferent,4594
720575940627372165,flow,afferent,1920
720575940621553348,flow,afferent,8909
720575940622707592,flow,afferent,3012
720575940629312768,flow,afferent,3037
720575940619973134,flow,afferent,969
720575940612409059,flow,afferent,7643
720575940620833901,flow,afferent,14080
720575940638700707,flow,afferent,6080
720575940633416604,flow,afferent,7012
720575940645007748,flow,afferent,665
720575940616832901,flow,afferent,2120
720575940616224576,flow,afferent,1099
720575940635206763,flow,afferent,776
720575940618192694,flow,afferent,4175
720575940660211841,flow,afferent,1096
720575940611514282,flow,afferent,1779
720575940618907376,flow,afferent,1899
720575940623529354,flow,afferent,1472
720575940627410042,flow,afferent,3965
720575940616824197,flow,afferent,1625
720575940616824709,flow,afferent,1188
720575940616824965,flow,afferent,1718
720575940642468644,flow,afferent,756
720575940619655814,flow,afferent,2650
720575940611373169,flow,afferent,1630
720575940616831877,flow,afferent,1532
720575940615637334,flow,afferent,1922
720575940613771666,flow,afferent,11901
720575940629044854,flow,afferent,8538
720575940616833669,flow,afferent,5501
720575940607403275,flow,afferent,1904
720575940659063169,flow,afferent,15002
720575940633430112,flow,afferent,3625
720575940616836485,flow,afferent,1946
720575940616838789,flow,afferent,1775
720575940627744143,flow,afferent,1324
720575940636004975,flow,afferent,5754
720575940616858501,flow,afferent,941
720575940614519775,flow,afferent,5657
720575940637309924,flow,afferent,1094
720575940622399783,flow,afferent,515
720575940641679501,flow,afferent,1521
720575940626727301,flow,afferent,10705
720575940617492939,flow,afferent,598
720575940617610837,flow,afferent,585
720575940629087682,flow,afferent,857
720575940627631360,flow,afferent,3387
720575940617876455,flow,afferent,656
720575940612586905,flow,afferent,3450
720575940617997716,flow,afferent,5906
720575940614607675,flow,afferent,919
720575940618202539,flow,afferent,432
720575940623371920,flow,afferent,655
720575940625063694,flow,afferent,952
720575940619487425,flow,afferent,6784
720575940635164779,flow,afferent,6134
720575940614153937,flow,afferent,3134
720575940610244266,flow,afferent,8873
720575940625941762,flow,afferent,7140
720575940643552366,flow,afferent,2653
720575940635487845,flow,afferent,2177
720575940629247682,flow,afferent,15566
720575940603792486,flow,afferent,614
720575940628686423,flow,afferent,912
720575940613175215,flow,afferent,2961
720575940629748606,flow,afferent,3821
720575940619625703,flow,afferent,738
720575940619818876,flow,afferent,671
720575940624311369,flow,afferent,1255
720575940627417064,flow,afferent,3225
720575940623778229,flow,afferent,1118
720575940624352747,flow,afferent,1269
720575940629202114,flow,afferent,3864
720575940603453542,flow,afferent,724
720575940631004202,flow,afferent,3783
720575940605256894,flow,afferent,1227
720575940626886933,flow,afferent,545
720575940614426799,flow,afferent,776
720575940617046785,flow,afferent,565
720575940622517530,flow,afferent,719
720575940622118566,flow,afferent,1552
720575940623452540,flow,afferent,900
720575940615706018,flow,afferent,1031
720575940640773491,flow,afferent,1141
720575940612306786,flow,afferent,4305
720575940639245631,flow,afferent,1684
720575940617109004,flow,afferent,5230
720575940628400650,flow,afferent,7825
720575940620665816,flow,afferent,894
720575940622550251,flow,afferent,634
720575940626253331,flow,afferent,580
720575940611885541,flow,afferent,426
720575940603356128,flow,afferent,551
720575940613740950,flow,afferent,629
720575940638666805,flow,afferent,639
720575940616793669,flow,afferent,610
720575940630424121,flow,afferent,685
720575940627334782,flow,afferent,438
720575940653892257,flow,afferent,1222
720575940613053393,flow,afferent,705
720575940614735372,flow,afferent,582
720575940623572164,flow,afferent,436
720575940631090759,flow,afferent,822
720575940629611996,flow,afferent,619
720575940621861119,flow,afferent,1114
720575940612886695,flow,afferent,426
720575940633335450,flow,afferent,425
720575940643241508,flow,afferent,410
720575940634619759,flow,afferent,438
720575940620092656,flow,afferent,518
720575940618818580,flow,afferent,701
720575940603767473,flow,afferent,2158
720575940624012981,flow,afferent,2926
720575940617936641,flow,afferent,7701
720575940619421311,flow,afferent,1200
720575940614513662,flow,afferent,1233
720575940626622339,flow,afferent,2812
720575940618057921,flow,afferent,601
720575940620275677,flow,afferent,738
720575940602337504,flow,afferent,5898
720575940636008559,flow,afferent,1583
720575940603765937,flow,afferent,1339
720575940625164302,flow,afferent,1674
720575940640167552,flow,afferent,1342
720575940606617557,flow,afferent,1693
720575940623165965,flow,afferent,5046
720575940622262493,flow,afferent,5985
720575940606343945,flow,afferent,3357
720575940620107585,flow,afferent,15627
720575940606526421,flow,afferent,1307
720575940621062655,flow,afferent,717
720575940644275223,flow,afferent,14562
720575940630690678,flow,afferent,2707
720575940633075885,flow,afferent,2175
720575940636981070,flow,afferent,797
720575940609656689,flow,afferent,1388
720575940635473886,flow,afferent,3130
720575940622159117,flow,afferent,554
720575940625348389,flow,afferent,860
720575940632879149,flow,afferent,4427
720575940614780219,flow,afferent,539
720575940611765032,flow,afferent,1488
720575940638681919,flow,afferent,6051
720575940611817779,flow,afferent,2384
720575940625070650,flow,afferent,657
720575940616541585,flow,afferent,1992
720575940624805765,flow,afferent,1915
720575940614836027,flow,afferent,8556
720575940612487574,flow,afferent,1277
720575940619358885,flow,afferent,11065
720575940624431288,flow,afferent,7696
720575940620472956,flow,afferent,1513
720575940615137804,flow,afferent,4985
720575940629337600,flow,afferent,1539
720575940646367267,flow,afferent,1001
720575940613190978,flow,afferent,1217
720575940624789652,flow,afferent,1808
720575940634388622,flow,afferent,490
720575940613553202,flow,afferent,467
720575940631815844,flow,afferent,683
720575940631000773,flow,afferent,6482
720575940623207885,flow,afferent,5376
720575940617440029,flow,afferent,616
720575940638065469,flow,afferent,1169
720575940627764780,flow,afferent,797
720575940625821672,flow,afferent,4808
720575940620950042,flow,afferent,9555
720575940615134557,flow,afferent,3183
720575940622450924,flow,afferent,2010
720575940623863614,flow,afferent,3178
720575940623748389,flow,afferent,4270
720575940628508534,flow,afferent,1531
720575940615879965,flow,afferent,3227
720575940624807301,flow,afferent,1992
720575940617227042,flow,afferent,5192
720575940627239336,flow,afferent,1043
720575940624967305,flow,afferent,1576
720575940625021573,flow,afferent,908
720575940613580594,flow,afferent,451
720575940632678099,flow,afferent,9661
720575940605976521,flow,afferent,2867
720575940634224540,flow,afferent,1296
720575940639468160,flow,afferent,10216
720575940611835955,flow,afferent,1430
720575940612547698,flow,afferent,1997
720575940622861326,flow,afferent,1721
720575940620303380,flow,afferent,4703
720575940608601355,flow,afferent,7958
720575940618831213,flow,afferent,597
720575940625287998,flow,afferent,3478
720575940619029680,flow,afferent,5840
720575940612358642,flow,afferent,30591
720575940612950642,flow,afferent,13666
720575940619620596,flow,afferent,2687
720575940622484211,flow,afferent,509
720575940607625737,flow,afferent,2392
720575940604276652,flow,afferent,14469
720575940618220480,flow,afferent,958
720575940625760912,flow,afferent,7897
720575940630107855,flow,afferent,7063
720575940619421823,flow,afferent,3170
720575940627758833,flow,afferent,4782
720575940627480442,flow,afferent,1144
720575940636437172,flow,afferent,754
720575940620797976,flow,afferent,777
720575940622276744,flow,afferent,11073
720575940604820354,flow,afferent,1226
720575940617393435,flow,afferent,757
720575940633548128,flow,afferent,5660
720575940621651383,flow,afferent,960
720575940632000104,flow,afferent,1475
720575940619153136,flow,afferent,2693
720575940617307097,flow,afferent,8695
720575940647574916,flow,afferent,1876
720575940633662871,flow,afferent,10246
720575940645122948,flow,afferent,2704
720575940627330566,flow,afferent,6042
720575940633049963,flow,afferent,3104
720575940615333076,flow,afferent,686
720575940615961542,flow,afferent,13060
720575940637679421,flow,afferent,7770
720575940629008655,flow,afferent,1396
720575940604023724,flow,afferent,1504
720575940622913123,flow,afferent,2149
720575940639301747,flow,afferent,3011
720575940624276733,flow,afferent,3207
720575940632879405,flow,afferent,3239
720575940625857923,flow,afferent,4400
720575940605694752,flow,afferent,8402
720575940636985422,flow,afferent,1642
720575940624967561,flow,afferent,6541
720575940628797608,flow,afferent,651
720575940615677090,flow,afferent,1134
720575940613622501,flow,afferent,3340
720575940623405948,flow,afferent,772
720575940623619549,flow,afferent,1077
720575940629704297,flow,afferent,1471
720575940627331940,flow,afferent,1655
720575940610501315,flow,afferent,1194
720575940633206924,flow,afferent,2872
720575940634672610,flow,afferent,826
720575940622239553,flow,afferent,838
720575940640390709,flow,afferent,1038
720575940621098887,flow,afferent,1094
720575940630911991,flow,afferent,1674
720575940627226450,flow,afferent,2848
720575940627135306,flow,afferent,2844
720575940622489302,flow,afferent,1757
720575940637723008,flow,afferent,1876
720575940620463732,flow,afferent,5350
720575940622803859,flow,afferent,2783
720575940627572602,flow,afferent,949
720575940625632516,flow,afferent,1542
720575940610903409,flow,afferent,20506
720575940621369066,flow,afferent,413
720575940627855620,flow,afferent,2003
720575940652593398,flow,afferent,1301
720575940629041790,flow,afferent,2588
720575940615407583,flow,afferent,5220
720575940626986877,flow,afferent,1036
720575940620453040,flow,afferent,4290
720575940627575596,flow,afferent,851
720575940632815315,flow,afferent,8456
720575940627902268,flow,afferent,562
720575940615322553,flow,afferent,1565
720575940626664235,flow,afferent,5672
720575940628265467,flow,afferent,754
720575940628267259,flow,afferent,831
720575940640173184,flow,afferent,1564
720575940607375794,flow,afferent,2177
720575940620225612,flow,afferent,633
720575940628946731,flow,afferent,2364
720575940627067368,flow,afferent,1087
720575940645125508,flow,afferent,3687
720575940612435353,flow,afferent,6901
720575940628833989,flow,afferent,854
720575940620706486,flow,afferent,5843
720575940620291286,flow,afferent,462
720575940618066369,flow,afferent,4136
720575940617555897,flow,afferent,1283
720575940617556153,flow,afferent,8437
720575940648652921,flow,afferent,2967
720575940615247316,flow,afferent,526
720575940610056516,flow,afferent,5940
720575940629280835,flow,afferent,979
720575940644464919,flow,afferent,3113
720575940628952875,flow,afferent,3079
720575940626394114,flow,afferent,4933
720575940625854616,flow,afferent,7167
720575940609244110,flow,afferent,4295
720575940626522910,flow,afferent,2360
720575940617251841,flow,afferent,1901
720575940639746979,flow,afferent,1200
720575940616943572,flow,afferent,6994
720575940638631843,flow,afferent,965
720575940622155290,flow,afferent,529
720575940630058752,flow,afferent,10646
720575940632632474,flow,afferent,928
720575940625175310,flow,afferent,3703
720575940614658727,flow,afferent,1848
720575940624433027,flow,afferent,2526
720575940617674053,flow,afferent,3259
720575940633303988,flow,afferent,1196
720575940632011091,flow,afferent,3341
720575940615572597,flow,afferent,2980
720575940639232309,flow,afferent,1417
720575940635630308,flow,afferent,2469
720575940625002633,flow,afferent,5172
720575940632716698,flow,afferent,475
720575940637383027,flow,afferent,1241
720575940623901415,flow,afferent,8887
720575940637671552,flow,afferent,2059
720575940637689728,flow,afferent,1262
720575940629876473,flow,afferent,1520
720575940625809539,flow,afferent,7623
720575940639571931,flow,afferent,618
720575940630705170,flow,afferent,2379
720575940635634533,flow,afferent,9675
720575940609713710,flow,afferent,18487
720575940636538340,flow,afferent,11049
720575940659264385,flow,afferent,5894
720575940647654521,flow,afferent,604
720575940624005834,flow,afferent,6778
720575940618599150,flow,afferent,1131
720575940650082038,flow,afferent,2031
720575940657585025,flow,afferent,2596
720575940613834438,flow,afferent,1159
720575940619519092,flow,afferent,8004
720575940621650712,flow,afferent,12380
720575940626163697,flow,afferent,1103
720575940623351295,flow,afferent,3334
720575940625454162,flow,afferent,6022
720575940617539355,flow,afferent,8713
720575940621241072,flow,afferent,7893
720575940626533634,flow,afferent,9773
720575940628250076,flow,afferent,402
720575940615297681,flow,afferent,4449
720575940637464691,flow,afferent,6850
720575940631096527,flow,afferent,935
720575940636706118,flow,afferent,1294
720575940624910887,flow,afferent,10738
720575940627903804,flow,afferent,1280
720575940628391686,flow,afferent,4967
720575940619346102,flow,afferent,800
720575940618423899,flow,afferent,1825
720575940627701548,flow,afferent,563
720575940606274827,flow,afferent,623
720575940608588408,flow,afferent,1087
720575940609787285,flow,afferent,492
720575940630216735,flow,afferent,681
720575940631989817,flow,afferent,3679
720575940610487410,flow,afferent,3428
720575940627362715,flow,afferent,479
720575940612267518,flow,afferent,5133
720575940621163802,flow,afferent,5816
720575940624321538,flow,afferent,408
720575940630217503,flow,afferent,1611
720575940615598849,flow,afferent,2850
720575940615873309,flow,afferent,404
720575940622197313,flow,afferent,5321
720575940624968841,flow,afferent,1000
720575940625370194,flow,afferent,2637
720575940626953049,flow,afferent,3809
720575940617440539,flow,afferent,2578
720575940625907143,flow,afferent,1197
720575940624500313,flow,afferent,1194
720575940617415803,flow,afferent,8236
720575940632670156,flow,afferent,3949
720575940644096712,flow,afferent,6548
720575940631316281,flow,afferent,951
720575940626565455,flow,afferent,1431
720575940622730239,flow,afferent,1896
720575940620444654,flow,afferent,1072
720575940625095813,flow,afferent,775
720575940615458594,flow,afferent,727
720575940610146713,flow,afferent,610
720575940613992565,flow,afferent,856
720575940620119005,flow,afferent,631
720575940628100614,flow,afferent,558
720575940625087546,flow,afferent,433
720575940627704375,flow,afferent,404
720575940622217992,flow,afferent,537
720575940629719404,flow,afferent,509
720575940622179497,flow,afferent,805
720575940629199402,flow,afferent,716
720575940638529525,flow,afferent,406
720575940609543197,flow,afferent,431
720575940627523584,flow,afferent,529
720575940618888368,flow,afferent,566
720575940639904475,flow,afferent,1354
720575940625703434,flow,afferent,633
720575940642517284,flow,afferent,496
720575940604299454,flow,afferent,402
720575940634923621,flow,afferent,667
720575940609530653,flow,afferent,843
720575940640591861,flow,afferent,611
720575940635968745,flow,afferent,540
720575940628649465,flow,afferent,492
720575940633153375,flow,afferent,1558
720575940631098338,flow,afferent,523
720575940628978409,flow,afferent,2073
720575940628444667,flow,afferent,1577
720575940627941431,flow,afferent,1814
720575940624799290,flow,afferent,1334
720575940625962568,flow,afferent,1645
720575940611061526,flow,afferent,1711
720575940627109991,flow,afferent,904
720575940629650997,flow,afferent,987
720575940634634606,flow,afferent,1089
720575940613971485,flow,afferent,964
720575940652566177,flow,afferent,527
720575940629055721,flow,afferent,822
720575940626042149,flow,afferent,732
720575940629022149,flow,afferent,1615
720575940615848788,flow,afferent,1496
720575940614351477,flow,afferent,520
720575940624915230,flow,afferent,998
720575940615986459,flow,afferent,2059
720575940621442224,flow,afferent,1490
720575940622449388,flow,afferent,1522
720575940630059847,flow,afferent,1704
720575940611783464,flow,afferent,1573
720575940621729757,flow,afferent,1056
720575940632767383,flow,afferent,861
720575940602506208,flow,afferent,1178
720575940602132509,flow,afferent,1148
720575940630080071,flow,afferent,1769
720575940617534110,flow,afferent,557
720575940614035485,flow,afferent,720
720575940630070343,flow,afferent,448
720575940621625597,flow,afferent,1433
720575940638664437,flow,afferent,1065
720575940618941037,flow,afferent,522
720575940623312828,flow,afferent,886
720575940600646173,flow,afferent,1389
720575940620649641,flow,afferent,511
720575940635545310,flow,afferent,428
720575940622937528,flow,afferent,1414
720575940627049731,flow,afferent,1126
720575940616589878,flow,afferent,1341
720575940626309438,flow,afferent,1233
720575940615469785,flow,afferent,961
720575940628903247,flow,afferent,898
720575940625605905,flow,afferent,408
720575940632615379,flow,afferent,1357
720575940606154370,flow,afferent,599
720575940620543110,flow,afferent,856
720575940604122982,flow,afferent,426
720575940609486690,flow,afferent,917
720575940637410869,flow,afferent,669
720575940627282279,flow,afferent,1050
720575940604241510,flow,afferent,1139
720575940620332253,flow,afferent,586
720575940606699989,flow,afferent,527
720575940609019093,flow,afferent,556
720575940618339823,flow,afferent,434
720575940620983902,flow,afferent,6791
720575940632033361,flow,afferent,5058
720575940627331560,flow,afferent,8588
720575940635886682,flow,afferent,752
720575940624449881,flow,afferent,1017
720575940619644336,flow,afferent,9938
720575940619095472,flow,afferent,519
720575940626931708,flow,afferent,612
720575940621521678,flow,afferent,484
720575940618095892,flow,afferent,3989
720575940654123169,flow,afferent,7346
720575940619295728,flow,afferent,1001
720575940639740368,flow,afferent,2502
720575940624107548,flow,afferent,415
720575940627788032,flow,afferent,717
720575940617618137,flow,afferent,999
720575940635632888,flow,afferent,7694
720575940621391850,flow,afferent,948
720575940624999994,flow,afferent,667
720575940625080197,flow,afferent,699
720575940632607423,flow,afferent,556
720575940614398570,flow,afferent,1167
720575940627578306,flow,afferent,446
720575940625805288,flow,afferent,643
720575940626170865,flow,afferent,765
720575940622519591,flow,afferent,560
720575940628675945,flow,afferent,740
720575940634081655,flow,afferent,512
720575940627925564,flow,afferent,500
720575940633356280,flow,afferent,525
720575940628226012,flow,afferent,584
720575940628558679,flow,afferent,1288
720575940615385823,flow,afferent,472
720575940629999919,flow,afferent,553
720575940617686357,flow,afferent,515
720575940613171454,flow,afferent,1457
720575940630169764,flow,afferent,468
720575940630012663,flow,afferent,6508
720575940631356235,flow,afferent,3925
720575940613879227,flow,afferent,1358
720575940602444512,flow,afferent,541
720575940612836374,flow,afferent,1713
720575940628375148,flow,afferent,586
720575940620320214,flow,afferent,1262
720575940614976662,flow,afferent,489
720575940628263388,flow,afferent,430
720575940623387430,flow,afferent,545
720575940638745060,flow,afferent,6621
720575940629134080,flow,afferent,1229
720575940610916465,flow,afferent,5319
720575940629994755,flow,afferent,608
720575940610522210,flow,afferent,3592
720575940625118138,flow,afferent,1175
720575940619296752,flow,afferent,910
720575940620600929,flow,afferent,5098
720575940635768895,flow,afferent,893
720575940621512445,flow,afferent,405
720575940623865748,flow,afferent,2010
720575940619998228,flow,afferent,2963
720575940627104649,flow,afferent,407
720575940630693676,flow,afferent,736
720575940616826485,flow,afferent,420
720575940617415995,flow,afferent,410
720575940612632026,flow,afferent,443
720575940629985900,flow,afferent,581
720575940625613514,flow,afferent,421
720575940629023870,flow,afferent,1861
720575940625393189,flow,afferent,6520
720575940624461576,flow,afferent,2059
720575940623195530,flow,afferent,2143
720575940614998166,flow,afferent,6022
720575940637842246,flow,afferent,1795
720575940634126711,flow,afferent,4351
720575940618096321,flow,afferent,487
720575940625319245,flow,afferent,4980
720575940616532310,flow,afferent,599
720575940637792233,flow,afferent,536
720575940620522305,flow,afferent,1013
720575940623147959,flow,afferent,430
720575940623464683,flow,afferent,666
720575940623017769,flow,afferent,1321
720575940643240904,flow,afferent,773
720575940633058989,flow,afferent,1250
720575940629743063,flow,afferent,659
720575940611273395,flow,afferent,1442
720575940620243183,flow,afferent,1323
720575940622099405,flow,afferent,652
720575940619694040,flow,afferent,802
720575940617066653,flow,afferent,471
720575940641265549,flow,afferent,665
720575940623474871,flow,afferent,444
720575940613309359,flow,afferent,574
720575940617034713,flow,afferent,1302
720575940622638276,flow,afferent,676
720575940620805545,flow,afferent,468
720575940622479763,flow,afferent,2411
720575940630285007,flow,afferent,579
720575940631272003,flow,afferent,455
720575940630702789,flow,afferent,538
720575940622585224,flow,afferent,421
720575940621272865,flow,afferent,619
720575940627372184,flow,afferent,454
720575940623292925,flow,afferent,443
720575940629887695,flow,afferent,970
720575940612029081,flow,afferent,835
720575940623358954,flow,afferent,530
720575940605661361,flow,afferent,537
720575940608487772,flow,afferent,932
720575940630530263,flow,afferent,584
720575940624366323,flow,afferent,712
720575940637747519,flow,afferent,866
720575940625752778,flow,afferent,984
720575940621326874,flow,afferent,529
720575940628329546,flow,afferent,2456
720575940627821553,flow,afferent,1847
720575940635392910,flow,afferent,875
720575940613666666,flow,afferent,573
720575940644439860,flow,afferent,1693
720575940620937897,flow,afferent,507
720575940632293346,flow,afferent,1791
720575940629235159,flow,afferent,472
720575940621776227,flow,afferent,1363
720575940620673663,flow,afferent,3799
720575940620575579,flow,afferent,680
720575940613396130,flow,afferent,589
720575940638312262,flow,afferent,577
720575940617807227,flow,afferent,1134
720575940637078591,flow,afferent,770
720575940637107312,flow,afferent,1104
720575940629239852,flow,afferent,872
720575940621482665,flow,afferent,2323
720575940621916952,flow,afferent,6082
720575940626574108,flow,afferent,4250
720575940638214470,flow,afferent,588
720575940619652033,flow,afferent,1686
720575940626879996,flow,afferent,404
720575940611000499,flow,afferent,1825
720575940618696920,flow,afferent,689
720575940640601563,flow,afferent,7615
720575940615719029,flow,afferent,594
720575940620572933,flow,afferent,405
720575940626571592,flow,afferent,443
720575940616205405,flow,afferent,599
720575940621804329,flow,afferent,608
720575940623313961,flow,afferent,1094
720575940620856046,flow,afferent,1389
720575940622731229,flow,afferent,1300
720575940628134526,flow,afferent,1143
720575940631393484,flow,afferent,670
720575940622204585,flow,afferent,2079
720575940625472277,flow,afferent,861
720575940629388135,flow,afferent,1948
720575940632356066,flow,afferent,506
720575940617681822,flow,afferent,553
720575940639448528,flow,afferent,495
720575940610999794,flow,afferent,500
720575940625383299,flow,afferent,466
720575940637846069,flow,afferent,469
720575940626879484,flow,afferent,409
720575940619360532,flow,afferent,511
720575940629263872,flow,afferent,451
720575940610922202,flow,afferent,550
720575940626530564,flow,afferent,511
720575940625813081,flow,afferent,687
720575940638410611,flow,afferent,421
720575940614833567,flow,afferent,458
720575940621808227,flow,afferent,415
720575940638852736,flow,afferent,464
720575940629677655,flow,afferent,607
720575940628641871,flow,afferent,463
720575940620030384,flow,afferent,626
720575940646142004,flow,afferent,486
720575940640027637,flow,afferent,415
720575940620028080,flow,afferent,512
720575940646120324,flow,afferent,427
720575940636052080,flow,afferent,556
720575940614014431,flow,afferent,526
720575940645211939,flow,afferent,473
720575940631203896,flow,afferent,471
720575940622833577,flow,afferent,448
720575940633668031,flow,afferent,612
720575940620555252,flow,afferent,450
720575940611237034,flow,afferent,418
720575940631174431,flow,afferent,453
720575940625757053,flow,afferent,448
720575940622927242,flow,afferent,683
720575940611939314,flow,afferent,410
720575940646540910,flow,afferent,556
720575940622063871,flow,afferent,551
720575940632286816,flow,afferent,564
720575940614528629,flow,afferent,456
720575940644050376,flow,afferent,8515
720575940639297408,flow,afferent,4564
720575940619127472,flow,afferent,907
720575940630609170,flow,afferent,6002
720575940617582107,flow,afferent,661
720575940622867687,flow,afferent,5214
720575940622467113,flow,afferent,9091
720575940625653029,flow,afferent,959
720575940644438039,flow,afferent,1780
720575940632644639,flow,afferent,4279
720575940638836285,flow,afferent,4074
720575940625479370,flow,afferent,2646
720575940635254117,flow,afferent,1913
720575940625101360,flow,afferent,2363
720575940636263543,flow,afferent,9093
720575940620762904,flow,afferent,736
720575940630175276,flow,afferent,2298
720575940614138577,flow,afferent,26019
720575940629297664,flow,afferent,3256
720575940616892062,flow,afferent,2545
720575940626206809,flow,afferent,1368
720575940626505551,flow,afferent,655
720575940637388004,flow,afferent,21236
720575940620552326,flow,afferent,1674
720575940620809599,flow,afferent,10732
720575940647022644,flow,afferent,974
720575940613522413,flow,afferent,9821
720575940623194333,flow,afferent,2700
720575940621599741,flow,afferent,7503
720575940630693494,flow,afferent,3968
720575940618066555,flow,afferent,1977
720575940625865724,flow,afferent,664
720575940630652876,flow,afferent,11651
720575940617208065,flow,afferent,2826
720575940614004143,flow,afferent,810
720575940623264904,flow,afferent,4316
720575940607161218,flow,afferent,6556
720575940627070494,flow,afferent,3873
720575940623646963,flow,afferent,4687
720575940622665544,flow,afferent,1782
720575940622674504,flow,afferent,667
720575940622675016,flow,afferent,728
720575940622766925,flow,afferent,1323
720575940625739056,flow,afferent,1082
720575940627382405,flow,afferent,796
720575940612857055,flow,afferent,800
720575940623531301,flow,afferent,4037
720575940620862746,flow,afferent,6047
720575940618206006,flow,afferent,1597
720575940615799179,flow,afferent,12030
720575940634333338,flow,afferent,1671
720575940611227029,flow,afferent,2135
720575940611025874,flow,afferent,1440
720575940624387992,flow,afferent,3356
720575940623471044,flow,afferent,725
720575940621380220,flow,afferent,4691
720575940622870349,flow,afferent,1403
720575940633908472,flow,afferent,2906
720575940631083833,flow,afferent,6519
720575940630121078,flow,afferent,6490
720575940624568416,flow,afferent,8015
720575940629411962,flow,afferent,1605
720575940638858549,flow,afferent,3857
720575940627125842,flow,afferent,11620
720575940621567564,flow,afferent,10798
720575940603461478,flow,afferent,408
720575940609082180,flow,afferent,2122
720575940613725371,flow,afferent,503
720575940625363808,flow,afferent,1378
720575940628971008,flow,afferent,794
720575940639654515,flow,afferent,5709
720575940620589147,flow,afferent,3806
720575940625844474,flow,afferent,789
720575940626008160,flow,afferent,517
720575940613584652,flow,afferent,506
720575940637218672,flow,afferent,4501
720575940620882603,flow,afferent,7305
720575940626551707,flow,afferent,1315
720575940614132177,flow,afferent,592
720575940627245992,flow,afferent,1161
720575940618388614,flow,afferent,613
720575940627333826,flow,afferent,2390
720575940638744804,flow,afferent,1963
720575940628631639,flow,afferent,3193
720575940625729342,flow,afferent,915
720575940622871117,flow,afferent,644
720575940611932586,flow,afferent,20903
720575940628397775,flow,afferent,7362
720575940612508133,flow,afferent,2294
720575940612469654,flow,afferent,652
720575940625804008,flow,afferent,1084
720575940634243775,flow,afferent,6735
720575940638441525,flow,afferent,4482
720575940619410303,flow,afferent,1656
720575940627083080,flow,afferent,694
720575940613194818,flow,afferent,422
720575940622020613,flow,afferent,884
720575940619737876,flow,afferent,611
720575940616001036,flow,afferent,6156
720575940606603186,flow,afferent,5311
720575940652563361,flow,afferent,4482
720575940629163820,flow,afferent,1193
720575940630670893,flow,afferent,5090
720575940626271806,flow,afferent,1918
720575940621166625,flow,afferent,8131
720575940631365089,flow,afferent,778
720575940631943008,flow,afferent,980
720575940610158821,flow,afferent,473
720575940614138163,flow,afferent,5082
720575940631958368,flow,afferent,645
720575940631976544,flow,afferent,620
720575940627640817,flow,afferent,9848
720575940615646109,flow,afferent,883
720575940613586700,flow,afferent,598
720575940631978592,flow,afferent,1099
720575940622345471,flow,afferent,752
720575940628116183,flow,afferent,1371
720575940615949836,flow,afferent,8570
720575940612718563,flow,afferent,89838
720575940620637576,flow,afferent,1006
720575940624791941,flow,afferent,1176
720575940605076401,flow,afferent,7544
720575940619411327,flow,afferent,3951
720575940613981330,flow,afferent,12543
720575940633475695,flow,afferent,678
720575940628064016,flow,afferent,1906
720575940632126412,flow,afferent,4556
720575940624810270,flow,afferent,1477
720575940633507637,flow,afferent,2372
720575940633569903,flow,afferent,1351
720575940633284276,flow,afferent,2389
720575940618398878,flow,afferent,4433
720575940620294420,flow,afferent,2709
720575940637568613,flow,afferent,3476
720575940637650830,flow,afferent,7409
720575940634332570,flow,afferent,10632
720575940638637022,flow,afferent,3097
720575940619066625,flow,afferent,1122
720575940645187784,flow,afferent,7317
720575940631958615,flow,afferent,1204
720575940611444633,flow,afferent,975
720575940610624682,flow,afferent,2884
720575940608787413,flow,afferent,3404
720575940622488103,flow,afferent,2175
720575940622949820,flow,afferent,2517
720575940610039219,flow,afferent,1186
720575940615040662,flow,afferent,727
720575940627137223,flow,afferent,4555
720575940639190205,flow,afferent,2823
720575940615964614,flow,afferent,5003
720575940611562393,flow,afferent,10235
720575940634138743,flow,afferent,706
720575940612312499,flow,afferent,898
720575940644751908,flow,afferent,1077
720575940621590237,flow,afferent,2696
720575940614784710,flow,afferent,4070
720575940616414859,flow,afferent,13798
720575940639140341,flow,afferent,11192
720575940630456028,flow,afferent,2143
720575940623755312,flow,afferent,5644
720575940638800437,flow,afferent,10918
720575940622160460,flow,afferent,14239
720575940631672268,flow,afferent,6558
720575940628422139,flow,afferent,4003
720575940622756536,flow,afferent,529
720575940617076052,flow,afferent,4650
720575940638250293,flow,afferent,3382
720575940622904094,flow,afferent,1289
720575940640281653,flow,afferent,1309
720575940618647768,flow,afferent,481
720575940613524973,flow,afferent,4674
720575940622303446,flow,afferent,27244
720575940627963947,flow,afferent,1867
720575940623315856,flow,afferent,1585
720575940623426192,flow,afferent,1864
720575940623538884,flow,afferent,486
720575940623626288,flow,afferent,909
720575940612775130,flow,afferent,6495
720575940635754853,flow,afferent,7808
720575940628114684,flow,afferent,2241
720575940637160937,flow,afferent,8611
720575940619266183,flow,afferent,1845
720575940623804260,flow,afferent,4543
720575940608276949,flow,afferent,979
720575940627064420,flow,afferent,10535
720575940630461302,flow,afferent,841
720575940610610990,flow,afferent,4754
720575940626651691,flow,afferent,10645
720575940633432568,flow,afferent,752
720575940637629016,flow,afferent,2554
720575940620887536,flow,afferent,10275
720575940624912535,flow,afferent,2998
720575940609025092,flow,afferent,1108
720575940620192677,flow,afferent,8502
720575940608073602,flow,afferent,4356
720575940637993542,flow,afferent,9846
720575940626985220,flow,afferent,3097
720575940627283475,flow,afferent,1308
720575940635620709,flow,afferent,5936
720575940621523421,flow,afferent,4350
720575940659523969,flow,afferent,2181
720575940604912770,flow,afferent,917
720575940627415827,flow,afferent,1368
720575940625065786,flow,afferent,2214
720575940632879917,flow,afferent,6906
720575940629810882,flow,afferent,766
720575940625188741,flow,afferent,11621
720575940625328401,flow,afferent,869
720575940619273126,flow,afferent,2891
720575940619981550,flow,afferent,1079
720575940625575592,flow,afferent,1075
720575940631454433,flow,afferent,2896
720575940625923527,flow,afferent,521
720575940620672432,flow,afferent,5832
720575940626046282,flow,afferent,891
720575940626148520,flow,afferent,4456
720575940628005676,flow,afferent,613
720575940634325916,flow,afferent,1568
720575940611813362,flow,afferent,720
720575940626232848,flow,afferent,1380
720575940626258448,flow,afferent,1342
720575940624138569,flow,afferent,509
720575940623871015,flow,afferent,4886
720575940626654107,flow,afferent,1454
720575940626621317,flow,afferent,7536
720575940627513210,flow,afferent,3004
720575940627558082,flow,afferent,1686
720575940620232686,flow,afferent,5578
720575940632530913,flow,afferent,6472
720575940627718444,flow,afferent,1186
720575940618542808,flow,afferent,1162
720575940627904828,flow,afferent,901
720575940612669933,flow,afferent,5531
720575940628034108,flow,afferent,1352
720575940628065852,flow,afferent,1212
720575940628074556,flow,afferent,1038
720575940626239881,flow,afferent,3771
720575940613977706,flow,afferent,1720
720575940628524150,flow,afferent,2631
720575940605662822,flow,afferent,2626
720575940626022218,flow,afferent,925
720575940609265476,flow,afferent,2086
720575940628692055,flow,afferent,855
720575940633366242,flow,afferent,2005
720575940629460986,flow,afferent,915
720575940635989390,flow,afferent,1176
720575940629264938,flow,afferent,7737
720575940627137540,flow,afferent,5573
720575940605075116,flow,afferent,1051
720575940610125688,flow,afferent,20876
720575940608672092,flow,afferent,1040
720575940629593401,flow,afferent,873
720575940623900052,flow,afferent,1947
720575940624888445,flow,afferent,710
720575940629676857,flow,afferent,904
720575940631811097,flow,afferent,1652
720575940629459420,flow,afferent,1631
720575940626217744,flow,afferent,2972
720575940629810316,flow,afferent,815
720575940626582095,flow,afferent,787
720575940637635429,flow,afferent,6267
720575940623222185,flow,afferent,1322
720575940619625792,flow,afferent,1278
720575940615669826,flow,afferent,4625
720575940622915004,flow,afferent,2576
720575940654227105,flow,afferent,2275
720575940626663187,flow,afferent,1447
720575940615926796,flow,afferent,1859
720575940618208310,flow,afferent,1343
720575940650924022,flow,afferent,1249
720575940621821004,flow,afferent,476
720575940645214243,flow,afferent,590
720575940620418032,flow,afferent,690
720575940621898665,flow,afferent,770
720575940634913911,flow,afferent,507
720575940614734186,flow,afferent,1573
720575940618788944,flow,afferent,5750
720575940606126514,flow,afferent,413
720575940607152476,flow,afferent,802
720575940625173006,flow,afferent,599
720575940608763460,flow,afferent,954
720575940612420118,flow,afferent,627
720575940630734393,flow,afferent,671
720575940607811420,flow,afferent,485
720575940610981362,flow,afferent,8297
720575940646308740,flow,afferent,1103
720575940611268266,flow,afferent,506
720575940623834300,flow,afferent,4279
720575940632596449,flow,afferent,3345
720575940615650646,flow,afferent,561
720575940615879995,flow,afferent,464
720575940622371037,flow,afferent,1451
720575940616383389,flow,afferent,414
720575940631963821,flow,afferent,2077
720575940616791067,flow,afferent,529
720575940616934289,flow,afferent,2817
720575940644683031,flow,afferent,411
720575940619243691,flow,afferent,872
720575940644028452,flow,afferent,408
720575940619331163,flow,afferent,633
720575940617899584,flow,afferent,824
720575940627219272,flow,afferent,552
720575940625032548,flow,afferent,3318
720575940623511795,flow,afferent,3625
720575940623603495,flow,afferent,554
720575940627777265,flow,afferent,505
720575940614982654,flow,afferent,415
720575940608044501,flow,afferent,416
720575940626015242,flow,afferent,3887
720575940619873472,flow,afferent,435
720575940641372112,flow,afferent,412
720575940626606223,flow,afferent,456
720575940629972215,flow,afferent,565
720575940620538806,flow,afferent,577
720575940618759128,flow,afferent,520
720575940631070239,flow,afferent,1736
720575940631711021,flow,afferent,490
720575940624211640,flow,afferent,467
720575940633211031,flow,afferent,407
720575940619603024,flow,afferent,416
720575940633660314,flow,afferent,702
720575940635005303,flow,afferent,859
720575940628009771,flow,afferent,420
720575940625972261,flow,afferent,4902
720575940635739504,flow,afferent,888
720575940624990782,flow,afferent,549
720575940616196539,flow,afferent,10032
720575940638092366,flow,afferent,1816
720575940620885342,flow,afferent,694
720575940634826135,flow,afferent,6527
720575940618760432,flow,afferent,1654
720575940625040973,flow,afferent,857
720575940632743649,flow,afferent,2162
720575940639555928,flow,afferent,590
720575940620882714,flow,afferent,1008
720575940638871128,flow,afferent,546
720575940621286102,flow,afferent,2165
720575940642063245,flow,afferent,1068
720575940631467565,flow,afferent,510
720575940624598460,flow,afferent,429
720575940642669728,flow,afferent,413
720575940627368079,flow,afferent,3856
720575940653764257,flow,afferent,556
720575940632002017,flow,afferent,3098
720575940618609799,flow,afferent,2494
720575940619387814,flow,afferent,2059
720575940617121819,flow,afferent,3851
720575940631034936,flow,afferent,3816
720575940646212996,flow,afferent,2425
720575940611643033,flow,afferent,10280
720575940616287449,flow,afferent,2391
720575940615015976,flow,afferent,3545
720575940633767588,flow,afferent,4192
720575940623042539,flow,afferent,5083
720575940628677114,flow,afferent,2836
720575940638513752,flow,afferent,3235
720575940617041728,flow,afferent,3910
720575940616999069,flow,afferent,5178
720575940628953210,flow,afferent,3606
720575940608376132,flow,afferent,3354
720575940645728132,flow,afferent,3294
720575940628599296,flow,afferent,3283
720575940623087859,flow,afferent,3478
720575940617534676,flow,afferent,3307
720575940613118610,flow,afferent,3100
720575940612096370,flow,afferent,1084
720575940617433142,flow,afferent,3052
720575940618512624,flow,afferent,3167
720575940613191591,flow,afferent,4100
720575940611720362,flow,afferent,3145
720575940623793741,flow,afferent,2984
720575940631630893,flow,afferent,3038
720575940613664874,flow,afferent,2999
720575940610185221,flow,afferent,2994
720575940613794114,flow,afferent,2814
720575940627214891,flow,afferent,2813
720575940642599328,flow,afferent,2775
720575940618293883,flow,afferent,2819
720575940626811023,flow,afferent,2782
720575940623274935,flow,afferent,2773
720575940619024774,flow,afferent,2691
720575940619219627,flow,afferent,2786
720575940616039197,flow,afferent,2573
720575940609924306,flow,afferent,2608
720575940622745834,flow,afferent,2667
720575940627944464,flow,afferent,2436
720575940633367377,flow,afferent,2762
720575940621659563,flow,afferent,3287
720575940651404022,flow,afferent,1256
720575940630114079,flow,afferent,3187
720575940630151455,flow,afferent,3495
720575940630193060,flow,afferent,1122
720575940630204959,flow,afferent,4842
720575940618344606,flow,afferent,9986
720575940623158154,flow,afferent,3108
720575940654220193,flow,afferent,12279
720575940646684292,flow,afferent,1436
720575940635527092,flow,afferent,15499
720575940628115561,flow,afferent,899
720575940610083682,flow,afferent,4232
720575940611399573,flow,afferent,420
720575940639022707,flow,afferent,429
720575940621227173,flow,afferent,3808
720575940606663881,flow,afferent,8688
720575940609643017,flow,afferent,22793
720575940632805983,flow,afferent,451
720575940633059179,flow,afferent,2211
720575940626227774,flow,afferent,5023
720575940633320628,flow,afferent,1335
720575940617423105,flow,afferent,1117
720575940632664268,flow,afferent,5269
720575940620052059,flow,afferent,3814
720575940633701487,flow,afferent,2602
720575940633702511,flow,afferent,509
720575940635221172,flow,afferent,403
720575940621493068,flow,afferent,9789
720575940615903605,flow,afferent,7311
720575940615110450,flow,afferent,2312
720575940639352947,flow,afferent,3025
720575940609073506,flow,afferent,974
720575940634057335,flow,afferent,2674
720575940604891360,flow,afferent,5409
720575940634111351,flow,afferent,775
720575940618206262,flow,afferent,6301
720575940619987438,flow,afferent,5935
720575940634381454,flow,afferent,1365
720575940639057973,flow,afferent,7351
720575940634627214,flow,afferent,8522
720575940634407566,flow,afferent,727
720575940634472590,flow,afferent,2729
720575940635697380,flow,afferent,2314
720575940623202633,flow,afferent,6989
720575940626625546,flow,afferent,6579
720575940635891546,flow,afferent,2514
720575940621170721,flow,afferent,6667
720575940636444742,flow,afferent,2579
720575940637013349,flow,afferent,3084
720575940635274615,flow,afferent,3144
720575940630780589,flow,afferent,3334
720575940631041956,flow,afferent,462
720575940617597268,flow,afferent,1646
720575940617387549,flow,afferent,2327
720575940637737088,flow,afferent,450
720575940632706970,flow,afferent,1118
720575940639276349,flow,afferent,2181
720575940641285877,flow,afferent,1071
720575940609984881,flow,afferent,1868
720575940622886158,flow,afferent,2650
720575940627302908,flow,afferent,4815
720575940628177863,flow,afferent,2343
720575940626210949,flow,afferent,798
720575940613808326,flow,afferent,2311
720575940636686170,flow,afferent,6071
720575940622569255,flow,afferent,440
720575940628885264,flow,afferent,2105
720575940644555572,flow,afferent,1535
720575940629820794,flow,afferent,8877
720575940644570932,flow,afferent,2568
720575940645084548,flow,afferent,1584
720575940634523232,flow,afferent,13496
720575940645126020,flow,afferent,1073
720575940645167492,flow,afferent,432
720575940647447161,flow,afferent,1619
720575940647516025,flow,afferent,1748
720575940647523705,flow,afferent,424
720575940657653633,flow,afferent,2754
720575940624792880,flow,afferent,10051
720575940623388198,flow,afferent,567
720575940611003858,flow,afferent,3459
720575940638907108,flow,afferent,4339
720575940634614008,flow,afferent,1644
720575940630026745,flow,afferent,5371
720575940614298986,flow,afferent,12311
720575940607909899,flow,afferent,10994
720575940620860654,flow,afferent,3718
720575940638206773,flow,afferent,1022
720575940620390054,flow,afferent,9275
720575940620407105,flow,afferent,2948
720575940606762953,flow,afferent,2878
720575940630016761,flow,afferent,1552
720575940610198442,flow,afferent,603
720575940627304424,flow,afferent,3893
720575940628772034,flow,afferent,7753
720575940618395205,flow,afferent,10402
720575940619035989,flow,afferent,3086
720575940637434202,flow,afferent,2494
720575940614569944,flow,afferent,940
720575940626719621,flow,afferent,7396
720575940617611921,flow,afferent,7010
720575940611548273,flow,afferent,7992
720575940618259269,flow,afferent,10440
720575940653877409,flow,afferent,3549
720575940617884692,flow,afferent,1510
720575940617999700,flow,afferent,2467
720575940612327091,flow,afferent,7831
720575940611429489,flow,afferent,4305
720575940623324395,flow,afferent,13559
720575940618354267,flow,afferent,3051
720575940620405869,flow,afferent,2309
720575940622461636,flow,afferent,9990
720575940632519588,flow,afferent,5168
720575940632830163,flow,afferent,3827
720575940618054981,flow,afferent,6752
720575940620686360,flow,afferent,1099
720575940608321922,flow,afferent,3430
720575940626574504,flow,afferent,1157
720575940653617910,flow,afferent,3597
720575940615500798,flow,afferent,1334
720575940625530114,flow,afferent,2920
720575940626021016,flow,afferent,1386
720575940620094366,flow,afferent,1852
720575940617084673,flow,afferent,10706
720575940625836925,flow,afferent,2919
720575940624833673,flow,afferent,3769
720575940623637995,flow,afferent,940
720575940624948867,flow,afferent,3084
720575940620593840,flow,afferent,4283
720575940629009468,flow,afferent,4777
720575940619360065,flow,afferent,3129
720575940625148505,flow,afferent,3353
720575940627930630,flow,afferent,1256
720575940639196760,flow,afferent,3559
720575940627454569,flow,afferent,5100
720575940609913042,flow,afferent,8225
720575940644663332,flow,afferent,2446
720575940617828766,flow,afferent,4544
720575940639043280,flow,afferent,1977
720575940615957563,flow,afferent,2302
720575940621791664,flow,afferent,540
720575940632423394,flow,afferent,2618
720575940633791935,flow,afferent,5917
720575940621870349,flow,afferent,2382
720575940610259406,flow,afferent,2854
720575940637130985,flow,afferent,7390
720575940613698747,flow,afferent,2896
720575940633143833,flow,afferent,2174
720575940629534458,flow,afferent,783
720575940645493283,flow,afferent,2496
720575940626309509,flow,afferent,5329
720575940638419534,flow,afferent,6826
720575940613413374,flow,afferent,3445
720575940626396803,flow,afferent,2564
720575940632080671,flow,afferent,2167
720575940621717025,flow,afferent,1430
720575940630195909,flow,afferent,729
720575940625871181,flow,afferent,2498
720575940622346180,flow,afferent,3295
720575940628672122,flow,afferent,2944
720575940626093553,flow,afferent,2488
720575940645332259,flow,afferent,953
720575940606239666,flow,afferent,2839
720575940625163790,flow,afferent,3413
720575940620649972,flow,afferent,3096
720575940635960462,flow,afferent,3401
720575940624391667,flow,afferent,1989
720575940619934411,flow,afferent,3473
720575940618363072,flow,afferent,4316
720575940611018714,flow,afferent,1952
720575940615035323,flow,afferent,2581
720575940635549364,flow,afferent,2042
720575940613167766,flow,afferent,4633
720575940631291666,flow,afferent,4013
720575940635962254,flow,afferent,4142
720575940629004158,flow,afferent,3949
720575940609644498,flow,afferent,4567
720575940611630194,flow,afferent,4115
720575940629917471,flow,afferent,1555
720575940631020079,flow,afferent,726
720575940641119885,flow,afferent,510
720575940614336739,flow,afferent,3873
720575940635044344,flow,afferent,887
720575940602703072,flow,afferent,2936
720575940634629353,flow,afferent,906
720575940631505711,flow,afferent,6677
720575940628435151,flow,afferent,4812
720575940631283727,flow,afferent,4452
720575940627175445,flow,afferent,5580
720575940616194443,flow,afferent,8437
720575940622416628,flow,afferent,14274
720575940622779076,flow,afferent,3685
720575940631844300,flow,afferent,2409
720575940623396240,flow,afferent,1075
720575940624810782,flow,afferent,5415
720575940635715647,flow,afferent,2153
720575940628382875,flow,afferent,2514
720575940643001288,flow,afferent,606
720575940615990614,flow,afferent,3534
720575940615460255,flow,afferent,10599
720575940626117904,flow,afferent,592
720575940636643406,flow,afferent,567
720575940631344971,flow,afferent,1527
720575940636822069,flow,afferent,1835
720575940635462757,flow,afferent,6232
720575940612468130,flow,afferent,498
720575940603479910,flow,afferent,485
720575940611290354,flow,afferent,3285
720575940638737341,flow,afferent,1239
720575940621787371,flow,afferent,3385
720575940638604021,flow,afferent,1956
720575940608683477,flow,afferent,7327
720575940610640482,flow,afferent,47826
720575940633288372,flow,afferent,3420
720575940639787630,flow,afferent,3024
720575940639792494,flow,afferent,1096
720575940640002071,flow,afferent,1582
720575940638446032,flow,afferent,1324
720575940640962158,flow,afferent,2235
720575940623497653,flow,afferent,3927
720575940608887235,flow,afferent,4440
720575940641728712,flow,afferent,704
720575940635611060,flow,afferent,3446
720575940629524483,flow,afferent,1906
720575940642245742,flow,afferent,1135
720575940629589711,flow,afferent,10431
720575940617693264,flow,afferent,686
720575940646307574,flow,afferent,2459
720575940626484523,flow,afferent,1649
720575940628876111,flow,afferent,8831
720575940651145857,flow,afferent,5979
720575940612580067,flow,afferent,8964
720575940654759553,flow,afferent,2103
720575940638197737,flow,afferent,2132
720575940628680177,flow,afferent,2226
720575940615294609,flow,afferent,453
720575940629062162,flow,afferent,817
720575940631417057,flow,afferent,919
720575940615881501,flow,afferent,951
720575940645150852,flow,afferent,523
720575940627575495,flow,afferent,852
720575940633009121,flow,afferent,606
720575940629371960,flow,afferent,867
720575940614444959,flow,afferent,1796
720575940628074199,flow,afferent,522
720575940624108060,flow,afferent,412
720575940606303755,flow,afferent,741
720575940628884267,flow,afferent,1482
720575940627931196,flow,afferent,638
720575940621975773,flow,afferent,5016
720575940633189624,flow,afferent,919
720575940618230443,flow,afferent,3470
720575940633677167,flow,afferent,12616
720575940621846525,flow,afferent,2127
720575940626569554,flow,afferent,10402
720575940620298260,flow,afferent,1675
720575940611775717,flow,afferent,8806
720575940617932289,flow,afferent,5419
720575940621399156,flow,afferent,1421
720575940606718642,flow,afferent,1210
720575940622447309,flow,afferent,3291
720575940619037616,flow,afferent,1029
720575940626357865,flow,afferent,495
720575940615634589,flow,afferent,728
720575940625599304,flow,afferent,668
720575940623862590,flow,afferent,605
720575940617718864,flow,afferent,523
720575940638863093,flow,afferent,494
720575940613533234,flow,afferent,447
720575940613749702,flow,afferent,3342
720575940652617121,flow,afferent,1895
720575940625905660,flow,afferent,840
720575940630060831,flow,afferent,702
720575940612869087,flow,afferent,983
720575940619800560,flow,afferent,477
720575940618051237,flow,afferent,869
720575940630395852,flow,afferent,646
720575940620967679,flow,afferent,945
720575940620055454,flow,afferent,3312
720575940613603737,flow,afferent,8629
720575940627044901,flow,afferent,2469
720575940622082518,flow,afferent,2270
720575940629007230,flow,afferent,2314
720575940617986345,flow,afferent,2335
720575940646372228,flow,afferent,2965
720575940635969399,flow,afferent,2287
720575940614844994,flow,afferent,1511
720575940646785924,flow,afferent,2198
720575940621831804,flow,afferent,731
720575940631875298,flow,afferent,2102
720575940625293514,flow,afferent,3353
720575940620847086,flow,afferent,2153
720575940632913461,flow,afferent,2065
720575940617986089,flow,afferent,2112
720575940609792206,flow,afferent,1895
720575940623476661,flow,afferent,1815
720575940633059381,flow,afferent,1931
720575940630271862,flow,afferent,2012
720575940617665950,flow,afferent,1965
720575940617987113,flow,afferent,2000
720575940605264305,flow,afferent,1666
720575940614921501,flow,afferent,1917
720575940621654298,flow,afferent,1315
720575940638389437,flow,afferent,2280
720575940619385583,flow,afferent,1698
720575940627000582,flow,afferent,2988
720575940627606375,flow,afferent,1944
720575940614570793,flow,afferent,1785
720575940635767524,flow,afferent,2094
720575940624853600,flow,afferent,1945
720575940623503945,flow,afferent,1511
720575940625148174,flow,afferent,1730
720575940619419757,flow,afferent,883
720575940613637782,flow,afferent,1424
720575940618912427,flow,afferent,1889
720575940603820716,flow,afferent,1694
720575940622972820,flow,afferent,2527
720575940629693302,flow,afferent,1961
720575940631925096,flow,afferent,2042
720575940627677258,flow,afferent,2063
720575940614634786,flow,afferent,1784
720575940620634537,flow,afferent,1631
720575940635916942,flow,afferent,1441
720575940629906060,flow,afferent,1705
720575940622700749,flow,afferent,1674
720575940620602236,flow,afferent,1614
720575940620644446,flow,afferent,1609
720575940628961644,flow,afferent,1648
720575940613914774,flow,afferent,1520
720575940651079158,flow,afferent,1679
720575940611377893,flow,afferent,1642
720575940624673936,flow,afferent,1625
720575940626580361,flow,afferent,1757
720575940627264262,flow,afferent,1688
720575940616783361,flow,afferent,1620
720575940613942301,flow,afferent,1387
720575940613941533,flow,afferent,1423
720575940633670904,flow,afferent,1599
720575940626674707,flow,afferent,765
720575940627707753,flow,afferent,1420
720575940613942045,flow,afferent,1344
720575940604931249,flow,afferent,1409
720575940613942557,flow,afferent,1362
720575940624716746,flow,afferent,1604
720575940639287667,flow,afferent,1484
720575940620981274,flow,afferent,1311
720575940626553993,flow,afferent,1572
720575940628945516,flow,afferent,1485
720575940626107800,flow,afferent,1916
720575940626282298,flow,afferent,1491
720575940622211845,flow,afferent,1621
720575940634013869,flow,afferent,1630
720575940623638967,flow,afferent,1993
720575940626614405,flow,afferent,2425
720575940626726730,flow,afferent,882
720575940607960843,flow,afferent,1501
720575940624555838,flow,afferent,673
720575940622084681,flow,afferent,1470
720575940614919709,flow,afferent,1452
720575940622112726,flow,afferent,1420
720575940608053852,flow,afferent,768
720575940616653030,flow,afferent,1569
720575940626581525,flow,afferent,834
720575940622375389,flow,afferent,1323
720575940628061968,flow,afferent,801
720575940622625097,flow,afferent,1450
720575940631842119,flow,afferent,1283
720575940629275898,flow,afferent,1497
720575940625657928,flow,afferent,1201
720575940632625837,flow,afferent,1367
720575940619169985,flow,afferent,832
720575940630282297,flow,afferent,1056
720575940629918762,flow,afferent,959
720575940619725844,flow,afferent,543
720575940614711638,flow,afferent,1467
720575940629728732,flow,afferent,701
720575940618728395,flow,afferent,1493
720575940626256992,flow,afferent,1408
720575940614676447,flow,afferent,775
720575940633938657,flow,afferent,1101
720575940653829537,flow,afferent,755
720575940620714921,flow,afferent,1214
720575940606915849,flow,afferent,1689
720575940622581651,flow,afferent,1411
720575940616439697,flow,afferent,831
720575940637494837,flow,afferent,1586
720575940658539905,flow,afferent,644
720575940631450451,flow,afferent,1297
720575940628597291,flow,afferent,862
720575940621740493,flow,afferent,1904
720575940605742002,flow,afferent,743
720575940629270487,flow,afferent,1001
720575940618960555,flow,afferent,1202
720575940629154810,flow,afferent,782
720575940632014284,flow,afferent,1492
720575940623265258,flow,afferent,953
720575940634781620,flow,afferent,1238
720575940649429625,flow,afferent,603
720575940622604749,flow,afferent,955
720575940618574983,flow,afferent,1299
720575940620028788,flow,afferent,844
720575940625583204,flow,afferent,1598
720575940617695572,flow,afferent,827
720575940623065013,flow,afferent,1355
720575940632224031,flow,afferent,963
720575940629965788,flow,afferent,872
720575940623209703,flow,afferent,847
720575940619210375,flow,afferent,997
720575940628660224,flow,afferent,1625
720575940623090412,flow,afferent,1791
720575940630284306,flow,afferent,885
720575940636767856,flow,afferent,2562
720575940626737685,flow,afferent,647
720575940628601344,flow,afferent,3336
720575940618531544,flow,afferent,1583
720575940621309534,flow,afferent,950
720575940633259360,flow,afferent,782
720575940628564350,flow,afferent,1137
720575940635146926,flow,afferent,747
720575940644512791,flow,afferent,859
720575940635419237,flow,afferent,1245
720575940611056846,flow,afferent,1003
720575940637013726,flow,afferent,827
720575940628800277,flow,afferent,925
720575940630763390,flow,afferent,1376
720575940647978804,flow,afferent,1171
720575940619075073,flow,afferent,1299
720575940611990738,flow,afferent,696
720575940623363000,flow,afferent,3453
720575940614614162,flow,afferent,5909
720575940621706605,flow,afferent,2879
720575940640096976,flow,afferent,15258
720575940634615288,flow,afferent,3783
720575940623330192,flow,afferent,2138
720575940623962430,flow,afferent,1413
720575940619914581,flow,afferent,6710
720575940624846039,flow,afferent,1641
720575940630234684,flow,afferent,8185
720575940622929847,flow,afferent,3267
720575940630791597,flow,afferent,622
720575940625355920,flow,afferent,1626
720575940625100169,flow,afferent,1053
720575940608090069,flow,afferent,3906
720575940627541954,flow,afferent,2277
720575940627594540,flow,afferent,1548
720575940633299481,flow,afferent,4638
720575940617894429,flow,afferent,9455
720575940630993194,flow,afferent,7548
720575940605708478,flow,afferent,6431
720575940614648273,flow,afferent,2136
720575940628876741,flow,afferent,955
720575940630689388,flow,afferent,4647
720575940626462014,flow,afferent,95361
720575940634321855,flow,afferent,567
720575940630170421,flow,afferent,2018
720575940629183131,flow,afferent,2596
720575940606324402,flow,afferent,7195
720575940633697903,flow,afferent,1026
720575940615088434,flow,afferent,3372
720575940635416686,flow,afferent,1437
720575940637444771,flow,afferent,675
720575940639521902,flow,afferent,1224
720575940611868825,flow,afferent,1932
720575940628744023,flow,afferent,801
720575940645199748,flow,afferent,2663
720575940631244648,flow,afferent,13536
720575940626894394,flow,afferent,1929
720575940644561518,flow,afferent,2291
720575940633304601,flow,afferent,7620
720575940617593157,flow,afferent,9087
720575940633717615,flow,afferent,417
720575940615509734,flow,afferent,1316
720575940626333971,flow,afferent,4558
720575940608508681,flow,afferent,723
720575940619888622,flow,afferent,4810
720575940611900968,flow,afferent,421
720575940623161869,flow,afferent,832
720575940623854276,flow,afferent,3477
720575940614128593,flow,afferent,463
720575940626728323,flow,afferent,3203
720575940642513444,flow,afferent,2516
720575940647033396,flow,afferent,4609
720575940612303271,flow,afferent,3492
720575940627775375,flow,afferent,3797
720575940618426021,flow,afferent,7888
720575940605119776,flow,afferent,4909
720575940620769741,flow,afferent,3310
720575940625758980,flow,afferent,441
720575940623725616,flow,afferent,1182
720575940629425346,flow,afferent,576
720575940618659008,flow,afferent,1845
720575940621157364,flow,afferent,2678
720575940602893228,flow,afferent,897
720575940603600230,flow,afferent,689
720575940608664184,flow,afferent,698
720575940617301563,flow,afferent,2397
720575940626866691,flow,afferent,618
720575940610612850,flow,afferent,3056
720575940614284946,flow,afferent,771
720575940631412778,flow,afferent,5087
720575940630127660,flow,afferent,890
720575940613656557,flow,afferent,6705
720575940628552699,flow,afferent,6900
720575940612512146,flow,afferent,6420
720575940639764083,flow,afferent,431
720575940630179579,flow,afferent,686
720575940617662438,flow,afferent,2367
720575940610960021,flow,afferent,4100
720575940612341683,flow,afferent,1295
720575940626426823,flow,afferent,857
720575940622136573,flow,afferent,687
720575940606450955,flow,afferent,670
720575940638928868,flow,afferent,2174
720575940621697193,flow,afferent,1455
720575940639772221,flow,afferent,3754
720575940623695252,flow,afferent,2421
720575940622879758,flow,afferent,940
720575940623013564,flow,afferent,1069
720575940623553936,flow,afferent,628
720575940623804106,flow,afferent,2380
720575940624511833,flow,afferent,5022
720575940624309006,flow,afferent,3789
720575940626655311,flow,afferent,446
720575940627588218,flow,afferent,675
720575940636703374,flow,afferent,5304
720575940627604471,flow,afferent,481
720575940629752190,flow,afferent,5766
720575940628212695,flow,afferent,2563
720575940628249938,flow,afferent,3030
720575940622830836,flow,afferent,2891
720575940625033653,flow,afferent,946
720575940625202505,flow,afferent,1302
720575940640713843,flow,afferent,3179
720575940635329180,flow,afferent,5164
720575940626981157,flow,afferent,2484
720575940617918091,flow,afferent,3403
720575940619661888,flow,afferent,5583
720575940641259392,flow,afferent,3640
720575940622620455,flow,afferent,1184
720575940622642663,flow,afferent,1811
720575940609348676,flow,afferent,414
720575940623637482,flow,afferent,531
720575940611872149,flow,afferent,8427
720575940636556718,flow,afferent,894
720575940612786995,flow,afferent,2183
720575940622013257,flow,afferent,502
720575940628952619,flow,afferent,924
720575940614697275,flow,afferent,775
720575940612522646,flow,afferent,3887
720575940628994063,flow,afferent,497
720575940612220071,flow,afferent,755
720575940629015040,flow,afferent,7805
720575940632674003,flow,afferent,9845
720575940620252630,flow,afferent,587
720575940632648868,flow,afferent,5933
720575940628614487,flow,afferent,3650
720575940635659748,flow,afferent,2363
720575940657604225,flow,afferent,831
720575940615254782,flow,afferent,5250
720575940618447238,flow,afferent,558
720575940619932363,flow,afferent,983
720575940611905433,flow,afferent,5326
720575940615624961,flow,afferent,6715
720575940614668347,flow,afferent,10817
720575940628319335,flow,afferent,3323
720575940622166664,flow,afferent,6225
720575940631594015,flow,afferent,5934
720575940638842933,flow,afferent,923
720575940627758135,flow,afferent,1717
720575940621902085,flow,afferent,2201
720575940625481749,flow,afferent,781
720575940628641879,flow,afferent,771
720575940639971536,flow,afferent,861
720575940629971852,flow,afferent,791
720575940613148625,flow,afferent,2638
720575940629412156,flow,afferent,1231
720575940629856505,flow,afferent,817
720575940629598521,flow,afferent,1300
720575940631821891,flow,afferent,1241
720575940615537041,flow,afferent,5013
720575940628321531,flow,afferent,5641
720575940606586325,flow,afferent,2309
720575940637957446,flow,afferent,6445
720575940634360462,flow,afferent,908
720575940624208201,flow,afferent,1208
720575940627538370,flow,afferent,2238
720575940633038443,flow,afferent,1089
720575940608276181,flow,afferent,1360
720575940629670723,flow,afferent,520
720575940607380914,flow,afferent,636
720575940624901107,flow,afferent,2566
720575940625638916,flow,afferent,3075
720575940622941005,flow,afferent,712
720575940605154988,flow,afferent,3231
720575940622976845,flow,afferent,1157
720575940633251320,flow,afferent,3024
720575940612685162,flow,afferent,5092
720575940612050033,flow,afferent,1935
720575940617438016,flow,afferent,4333
720575940627663100,flow,afferent,1216
720575940625985098,flow,afferent,866
720575940624403843,flow,afferent,3067
720575940631092947,flow,afferent,1651
720575940638558953,flow,afferent,9068
720575940615222634,flow,afferent,2309
720575940627244200,flow,afferent,5857
720575940618092289,flow,afferent,3298
720575940628539735,flow,afferent,1138
720575940612102769,flow,afferent,2816
720575940615520159,flow,afferent,2884
720575940611831603,flow,afferent,1561
720575940632930711,flow,afferent,9792
720575940621708981,flow,afferent,1117
720575940626494722,flow,afferent,990
720575940622019333,flow,afferent,747
720575940632680895,flow,afferent,2312
720575940635677668,flow,afferent,1003
720575940621709237,flow,afferent,476
720575940618880865,flow,afferent,515
720575940613237654,flow,afferent,518
720575940628635751,flow,afferent,8292
720575940615133789,flow,afferent,831
720575940635197291,flow,afferent,3241
720575940624813437,flow,afferent,3108
720575940626760600,flow,afferent,3938
720575940613640429,flow,afferent,3247
720575940623224811,flow,afferent,3039
720575940625584783,flow,afferent,646
720575940618029733,flow,afferent,2649
720575940606279179,flow,afferent,1203
720575940622018565,flow,afferent,2847
720575940632974443,flow,afferent,2678
720575940621327913,flow,afferent,11055
720575940635860058,flow,afferent,3374
720575940642798359,flow,afferent,667
720575940607870749,flow,afferent,655
720575940618572270,flow,afferent,939
720575940626625179,flow,afferent,2816
720575940615915805,flow,afferent,3203
720575940630440645,flow,afferent,5980
720575940643108718,flow,afferent,1352
720575940621308933,flow,afferent,1192
720575940637415843,flow,afferent,1069
720575940622444780,flow,afferent,475
720575940615814171,flow,afferent,1313
720575940603545190,flow,afferent,5535
720575940611164634,flow,afferent,4961
720575940612268199,flow,afferent,839
720575940619822942,flow,afferent,4578
720575940612578962,flow,afferent,2941
720575940633264888,flow,afferent,2375
720575940635139439,flow,afferent,5870
720575940629946951,flow,afferent,3735
720575940634858096,flow,afferent,664
720575940623295415,flow,afferent,10597
720575940624392171,flow,afferent,9651
720575940645109124,flow,afferent,2613
720575940631269843,flow,afferent,6372
720575940626669355,flow,afferent,10543
720575940616113291,flow,afferent,3765
720575940625003653,flow,afferent,3737
720575940628233731,flow,afferent,1681
720575940628832516,flow,afferent,700
720575940627544451,flow,afferent,813
720575940607888585,flow,afferent,4300
720575940632116943,flow,afferent,2836
720575940619154203,flow,afferent,2763
720575940636656888,flow,afferent,2375
720575940610474610,flow,afferent,764
720575940613657650,flow,afferent,703
720575940615681366,flow,afferent,684
720575940604852146,flow,afferent,809
720575940623660558,flow,afferent,7065
720575940630893196,flow,afferent,7179
720575940611211417,flow,afferent,6906
720575940619928929,flow,afferent,6936
720575940616616861,flow,afferent,6223
720575940633165980,flow,afferent,5430
720575940630251095,flow,afferent,5919
720575940626217226,flow,afferent,5238
720575940626983952,flow,afferent,4303
720575940633358431,flow,afferent,5105
720575940624154928,flow,afferent,2439
720575940616885538,flow,afferent,993
720575940615097275,flow,afferent,4048
720575940621294412,flow,afferent,1890
720575940612642730,flow,afferent,4696
720575940611070020,flow,afferent,2749
720575940616286395,flow,afferent,4445
720575940638726717,flow,afferent,1195
720575940622198230,flow,afferent,1028
720575940638280270,flow,afferent,1462
720575940629358807,flow,afferent,5534
720575940626933959,flow,afferent,4930
720575940622606106,flow,afferent,5355
720575940622589419,flow,afferent,3227
720575940637619007,flow,afferent,415
720575940623729968,flow,afferent,514
720575940628131778,flow,afferent,3637
720575940620687707,flow,afferent,4406
720575940611308261,flow,afferent,3233
720575940625381397,flow,afferent,3006
720575940650760825,flow,afferent,2173
720575940639166080,flow,afferent,1280
720575940624963786,flow,afferent,1490
720575940609685624,flow,afferent,1205
720575940627854595,flow,afferent,1272
720575940622405708,flow,afferent,1152
720575940621171700,flow,afferent,1347
720575940612950568,flow,afferent,1322
720575940628996867,flow,afferent,733
720575940621805261,flow,afferent,2689
720575940626014218,flow,afferent,2708
720575940639198653,flow,afferent,2532
720575940633869281,flow,afferent,2544
720575940611132890,flow,afferent,2905
720575940622198772,flow,afferent,1372
720575940638218173,flow,afferent,1217
720575940627821896,flow,afferent,1099
720575940626988231,flow,afferent,990
720575940658442625,flow,afferent,4842
720575940637580102,flow,afferent,1166
720575940618603179,flow,afferent,978
720575940612920386,flow,afferent,1659
720575940610483162,flow,afferent,2386
720575940637019994,flow,afferent,2835
720575940627488455,flow,afferent,3265
720575940626241636,flow,afferent,1801
720575940628832256,flow,afferent,1904
720575940626857368,flow,afferent,2579
720575940625351461,flow,afferent,2516
720575940625750105,flow,afferent,2174
720575940627209734,flow,afferent,2094
720575940629941356,flow,afferent,2233
720575940628853239,flow,afferent,1902
720575940622749709,flow,afferent,419
720575940603266592,flow,afferent,2172
720575940625871248,flow,afferent,1946
720575940635086234,flow,afferent,2445
720575940617398502,flow,afferent,1753
720575940638284607,flow,afferent,3068
720575940624604560,flow,afferent,1519
720575940622447242,flow,afferent,1801
720575940618173787,flow,afferent,1985
720575940632361111,flow,afferent,1823
720575940631331855,flow,afferent,1801
720575940616167218,flow,afferent,989
720575940618558769,flow,afferent,741
720575940610259370,flow,afferent,795
720575940639972816,flow,afferent,1408
720575940627327938,flow,afferent,1948
720575940638202345,flow,afferent,1658
720575940635391845,flow,afferent,2052
720575940631406667,flow,afferent,1917
720575940614041117,flow,afferent,1720
720575940618078299,flow,afferent,2131
720575940603728561,flow,afferent,1639
720575940630098243,flow,afferent,1536
720575940625179918,flow,afferent,1743
720575940624338521,flow,afferent,1507
720575940629146711,flow,afferent,1501
720575940613425459,flow,afferent,2154
720575940618599872,flow,afferent,2005
720575940618927024,flow,afferent,2065
720575940622529939,flow,afferent,1527
720575940630574659,flow,afferent,2293
720575940633378411,flow,afferent,2079
720575940620528990,flow,afferent,2181
720575940608658205,flow,afferent,1584
720575940627274578,flow,afferent,2150
720575940626031548,flow,afferent,4223
720575940639259967,flow,afferent,2125
720575940620421153,flow,afferent,1915
720575940626779644,flow,afferent,873
720575940635757936,flow,afferent,910
720575940646514740,flow,afferent,714
720575940628290895,flow,afferent,814
720575940629710444,flow,afferent,668
720575940628431671,flow,afferent,1008
720575940637887872,flow,afferent,1042
720575940626976522,flow,afferent,851
720575940628429056,flow,afferent,903
720575940610686162,flow,afferent,1407
720575940622651389,flow,afferent,851
720575940614155882,flow,afferent,1034
720575940643842340,flow,afferent,809
720575940624030734,flow,afferent,992
720575940643977070,flow,afferent,957
720575940607927817,flow,afferent,828
720575940653295009,flow,afferent,1013
720575940628624956,flow,afferent,959
720575940642284704,flow,afferent,827
720575940628976887,flow,afferent,1355
720575940624030478,flow,afferent,843
720575940619844534,flow,afferent,781
720575940614236575,flow,afferent,871
720575940643707246,flow,afferent,1068
720575940635345519,flow,afferent,1039
720575940638431029,flow,afferent,1032
720575940628527439,flow,afferent,1041
720575940645728803,flow,afferent,1380
720575940625003964,flow,afferent,507
720575940615060290,flow,afferent,1101
720575940632765388,flow,afferent,423
720575940655071905,flow,afferent,3821
720575940609289284,flow,afferent,838
720575940618293406,flow,afferent,731
720575940631463495,flow,afferent,605
720575940628962407,flow,afferent,587
720575940625489764,flow,afferent,1208
720575940628495447,flow,afferent,893
720575940631370336,flow,afferent,939
720575940618861873,flow,afferent,1106
720575940605929161,flow,afferent,625
720575940615923131,flow,afferent,430
720575940610788069,flow,afferent,1302
720575940638064100,flow,afferent,632
720575940620071872,flow,afferent,922
720575940654849697,flow,afferent,408
720575940632618148,flow,afferent,599
720575940639601752,flow,afferent,665
720575940609393732,flow,afferent,438
720575940632108205,flow,afferent,555
720575940608305161,flow,afferent,1282
720575940629531095,flow,afferent,1003
720575940637896245,flow,afferent,1442
720575940632192799,flow,afferent,1375
720575940617245908,flow,afferent,487
720575940617000768,flow,afferent,1172
720575940621244510,flow,afferent,431
720575940630174268,flow,afferent,421
720575940614280554,flow,afferent,486
720575940613783038,flow,afferent,603
720575940614803266,flow,afferent,631
720575940634891700,flow,afferent,527
720575940611114389,flow,afferent,433
720575940625946430,flow,afferent,623
720575940630425285,flow,afferent,822
720575940628218011,flow,afferent,937
720575940620953254,flow,afferent,807
720575940610296622,flow,afferent,673
720575940643000480,flow,afferent,477
720575940623160202,flow,afferent,514
720575940622631382,flow,afferent,2183
720575940631622681,flow,afferent,502
720575940634332773,flow,afferent,995
720575940632533203,flow,afferent,5767
720575940641703584,flow,afferent,1152
720575940641781152,flow,afferent,1378
720575940636709958,flow,afferent,1123
720575940652663457,flow,afferent,738
720575940639137955,flow,afferent,2270
720575940606224318,flow,afferent,5028
720575940626890027,flow,afferent,2474
720575940622803494,flow,afferent,988
720575940632164772,flow,afferent,1018
720575940616793300,flow,afferent,473
720575940622683174,flow,afferent,980
720575940607166731,flow,afferent,1745
720575940615276661,flow,afferent,965
720575940616886228,flow,afferent,438
720575940637568838,flow,afferent,1010
720575940630597839,flow,afferent,1557
720575940624227509,flow,afferent,614
720575940635672677,flow,afferent,1353
720575940628054760,flow,afferent,921
720575940634640091,flow,afferent,802
720575940622853011,flow,afferent,1503
720575940635959919,flow,afferent,408
720575940609065173,flow,afferent,580
720575940615263188,flow,afferent,1233
720575940639041443,flow,afferent,920
720575940623300137,flow,afferent,436
720575940617426973,flow,afferent,427
720575940633759840,flow,afferent,3476
720575940606205897,flow,afferent,1081
720575940607853833,flow,afferent,447
720575940607208114,flow,afferent,563
720575940639339392,flow,afferent,802
720575940619663239,flow,afferent,802
720575940611029858,flow,afferent,676
720575940606357122,flow,afferent,570
720575940626270236,flow,afferent,537
720575940623928812,flow,afferent,454
720575940627085199,flow,afferent,464
720575940631539001,flow,afferent,1221
720575940615024543,flow,afferent,574
720575940618737954,flow,afferent,1268
720575940630145311,flow,afferent,479
720575940628746690,flow,afferent,4660
720575940608646665,flow,afferent,9054
720575940626768442,flow,afferent,47988
720575940630391639,flow,afferent,3698
720575940614642491,flow,afferent,3006
720575940625086666,flow,afferent,1939
720575940626494210,flow,afferent,578
720575940622443007,flow,afferent,7950
720575940622137443,flow,afferent,2763
720575940614773307,flow,afferent,489
720575940633362719,flow,afferent,927
720575940625897603,flow,afferent,880
720575940617940359,flow,afferent,502
720575940633726575,flow,afferent,703
720575940621833933,flow,afferent,718
720575940620705240,flow,afferent,4655
720575940621044048,flow,afferent,2301
720575940614211295,flow,afferent,1656
720575940620303732,flow,afferent,1732
720575940635136880,flow,afferent,1784
720575940620658310,flow,afferent,1353
720575940619789248,flow,afferent,722
720575940618078635,flow,afferent,1150
720575940634682815,flow,afferent,784
720575940616224117,flow,afferent,1564
720575940615555257,flow,afferent,918
720575940645760820,flow,afferent,882
720575940629250775,flow,afferent,924
720575940623172843,flow,afferent,924
720575940624910373,flow,afferent,1857
720575940617613392,flow,afferent,1847
720575940629748891,flow,afferent,533
720575940640075608,flow,afferent,591
720575940606127537,flow,afferent,558
720575940645108936,flow,afferent,2236
720575940611849178,flow,afferent,1582
720575940638813016,flow,afferent,1667
720575940630062587,flow,afferent,452
720575940632679379,flow,afferent,457
720575940630996072,flow,afferent,455
720575940658814849,flow,afferent,447
720575940628909623,flow,afferent,406
720575940622198664,flow,afferent,517
720575940616670242,flow,afferent,567
720575940614569414,flow,afferent,456
720575940631406673,flow,afferent,513
720575940623747086,flow,afferent,434
720575940621263457,flow,afferent,509
720575940619498887,flow,afferent,467
720575940629266767,flow,afferent,458
720575940629511383,flow,afferent,461
720575940622383338,flow,afferent,431
720575940644530030,flow,afferent,513
720575940646583172,flow,afferent,407
720575940624266061,flow,afferent,5480
720575940622457028,flow,afferent,682
720575940636878254,flow,afferent,3150
720575940619729835,flow,afferent,891
720575940613934965,flow,afferent,551
720575940614427195,flow,afferent,427
720575940604531229,flow,afferent,1174
720575940638681845,flow,afferent,1433
720575940612409885,flow,afferent,513
720575940630122015,flow,afferent,903
720575940609565230,flow,afferent,509
720575940614842262,flow,afferent,1072
720575940624274924,flow,afferent,755
720575940622264444,flow,afferent,2931
720575940621009023,flow,afferent,1064
720575940630552151,flow,afferent,458
720575940614188149,flow,afferent,1319
720575940615809349,flow,afferent,1313
720575940630564179,flow,afferent,1190
720575940620410177,flow,afferent,550
720575940645466500,flow,afferent,1116
720575940622344170,flow,afferent,551
720575940620382889,flow,afferent,970
720575940622300429,flow,afferent,14449
720575940604753437,flow,afferent,681
720575940641921421,flow,afferent,1094
720575940637054835,flow,afferent,709
720575940614060829,flow,afferent,1027
720575940625797617,flow,afferent,965
720575940618684481,flow,afferent,807
720575940610018266,flow,afferent,1126
720575940628101126,flow,afferent,1036
720575940609522461,flow,afferent,1091
720575940630960911,flow,afferent,784
720575940609306563,flow,afferent,460
720575940630667587,flow,afferent,412
720575940629416318,flow,afferent,515
720575940610801250,flow,afferent,493
720575940614163367,flow,afferent,1139
720575940628951287,flow,afferent,1281
720575940605695665,flow,afferent,700
720575940613347474,flow,afferent,3420
720575940609645124,flow,afferent,850
720575940616163701,flow,afferent,440
720575940630992557,flow,afferent,789
720575940619793940,flow,afferent,453
720575940608295689,flow,afferent,435
720575940630462172,flow,afferent,530
720575940614996018,flow,afferent,488
720575940616486795,flow,afferent,482
720575940622271684,flow,afferent,783
720575940620910716,flow,afferent,1836
720575940626540821,flow,afferent,584
720575940619479979,flow,afferent,861
720575940626169481,flow,afferent,2035
720575940616938470,flow,afferent,807
720575940622236671,flow,afferent,1895
720575940616971035,flow,afferent,1725
720575940624882471,flow,afferent,668
720575940611985174,flow,afferent,555
720575940614147178,flow,afferent,458
720575940638719064,flow,afferent,490
720575940625708554,flow,afferent,590
720575940616480852,flow,afferent,560
720575940636193758,flow,afferent,685
720575940625291964,flow,afferent,636
720575940628031505,flow,afferent,600
720575940615394463,flow,afferent,413
720575940630174208,flow,afferent,451
720575940604782624,flow,afferent,650
720575940631288850,flow,afferent,3024
720575940625293084,flow,afferent,1104
720575940617559481,flow,afferent,1200
720575940637022298,flow,afferent,888
720575940621044863,flow,afferent,557
720575940631966791,flow,afferent,411
720575940611878258,flow,afferent,2894
720575940629486018,flow,afferent,547
720575940627107271,flow,afferent,3939
720575940637096026,flow,afferent,422
720575940611499669,flow,afferent,755
720575940660292225,flow,afferent,628
720575940612422579,flow,afferent,524
720575940626188490,flow,afferent,732
720575940624903757,flow,afferent,507
720575940620289701,flow,afferent,582
720575940627394376,flow,afferent,570
720575940624186602,flow,afferent,487
720575940624379400,flow,afferent,983
720575940633579360,flow,afferent,1715
720575940642413604,flow,afferent,1733
720575940614485307,flow,afferent,1691
720575940638357813,flow,afferent,2306
720575940628198503,flow,afferent,1455
720575940615089369,flow,afferent,1528
720575940627402568,flow,afferent,1510
720575940626200457,flow,afferent,1715
720575940620589838,flow,afferent,1460
720575940630962280,flow,afferent,1790
720575940617303857,flow,afferent,1662
720575940609476562,flow,afferent,1385
720575940629824378,flow,afferent,1715
720575940607635012,flow,afferent,1631
720575940620185515,flow,afferent,1405
720575940617738325,flow,afferent,1755
720575940606801282,flow,afferent,1281
720575940620719743,flow,afferent,699
720575940617859486,flow,afferent,1586
720575940631429707,flow,afferent,4447
720575940622340137,flow,afferent,1398
720575940612626538,flow,afferent,1514
720575940636542565,flow,afferent,1680
720575940629440067,flow,afferent,1420
720575940630299084,flow,afferent,1613
720575940633625455,flow,afferent,1407
720575940630806267,flow,afferent,2881
720575940616837277,flow,afferent,1631
720575940622486922,flow,afferent,1300
720575940635032986,flow,afferent,1610
720575940623183083,flow,afferent,1829
720575940626646787,flow,afferent,1394
720575940613004402,flow,afferent,2294
720575940626679317,flow,afferent,1524
720575940627981211,flow,afferent,1292
720575940631082124,flow,afferent,1147
720575940627444746,flow,afferent,1952
720575940625450498,flow,afferent,1091
720575940610253432,flow,afferent,1735
720575940616308921,flow,afferent,1245
720575940635172191,flow,afferent,1169
720575940604781158,flow,afferent,1590
720575940627172751,flow,afferent,1327
720575940620998253,flow,afferent,1636
720575940629906223,flow,afferent,1285
720575940636356678,flow,afferent,1278
720575940619287278,flow,afferent,1119
720575940631069255,flow,afferent,1221
720575940624324248,flow,afferent,1193
720575940628790142,flow,afferent,402
720575940630451141,flow,afferent,1207
720575940630253420,flow,afferent,989
720575940632889389,flow,afferent,969
720575940618207936,flow,afferent,991
720575940636943849,flow,afferent,1377
720575940626270266,flow,afferent,1138
720575940615261073,flow,afferent,961
720575940631559884,flow,afferent,959
720575940615335458,flow,afferent,955
720575940606986691,flow,afferent,1046
720575940618887217,flow,afferent,1035
720575940654069409,flow,afferent,476
720575940611345813,flow,afferent,999
720575940628533591,flow,afferent,952
720575940620699162,flow,afferent,902
720575940622665801,flow,afferent,948
720575940644965399,flow,afferent,1076
720575940610768738,flow,afferent,672
720575940642936520,flow,afferent,549
720575940625031610,flow,afferent,4221
720575940627177359,flow,afferent,1232
720575940623189739,flow,afferent,1225
720575940629355064,flow,afferent,920
720575940611168921,flow,afferent,882
720575940610213785,flow,afferent,1181
720575940645504878,flow,afferent,2390
720575940636487598,flow,afferent,909
720575940643906340,flow,afferent,1493
720575940637445183,flow,afferent,1039
720575940632880173,flow,afferent,544
720575940633311328,flow,afferent,525
720575940629977559,flow,afferent,591
720575940627979782,flow,afferent,1499
720575940610108002,flow,afferent,688
720575940622358057,flow,afferent,1650
720575940626748232,flow,afferent,1461
720575940629453116,flow,afferent,1511
720575940612585577,flow,afferent,643
720575940620886704,flow,afferent,573
720575940620919578,flow,afferent,650
720575940659164545,flow,afferent,1591
720575940632623524,flow,afferent,1072
720575940631423263,flow,afferent,707
720575940611056482,flow,afferent,1558
720575940617857694,flow,afferent,913
720575940623165709,flow,afferent,1224
720575940611545011,flow,afferent,1156
720575940632458195,flow,afferent,616
720575940631049064,flow,afferent,1787
720575940614597644,flow,afferent,918
720575940639332736,flow,afferent,937
720575940618357126,flow,afferent,885
720575940623629292,flow,afferent,1016
720575940632494818,flow,afferent,912
720575940622267260,flow,afferent,972
720575940618950480,flow,afferent,928
720575940625861168,flow,afferent,852
720575940616183483,flow,afferent,1006
720575940629510338,flow,afferent,754
720575940613996959,flow,afferent,813
720575940622340393,flow,afferent,941
720575940612010137,flow,afferent,961
720575940622902535,flow,afferent,853
720575940628979218,flow,afferent,857
720575940630174223,flow,afferent,929
720575940617020699,flow,afferent,1036
720575940640649691,flow,afferent,800
720575940632634911,flow,afferent,1393
720575940633634199,flow,afferent,848
720575940611184819,flow,afferent,766
720575940622406694,flow,afferent,920
720575940628977170,flow,afferent,866
720575940623138485,flow,afferent,832
720575940610103906,flow,afferent,918
720575940639711566,flow,afferent,1566
720575940635990896,flow,afferent,805
720575940620744728,flow,afferent,832
720575940635176366,flow,afferent,763
720575940613080751,flow,afferent,805
720575940622604109,flow,afferent,880
720575940624606140,flow,afferent,942
720575940631205580,flow,afferent,739
720575940632309841,flow,afferent,862
720575940632510479,flow,afferent,867
720575940619686208,flow,afferent,915
720575940621754367,flow,afferent,702
720575940624989223,flow,afferent,807
720575940607500297,flow,afferent,791
720575940629620731,flow,afferent,494
720575940627562472,flow,afferent,803
720575940622413508,flow,afferent,614
720575940630050668,flow,afferent,1162
720575940616177458,flow,afferent,971
720575940616742657,flow,afferent,945
720575940629152060,flow,afferent,938
720575940627036746,flow,afferent,663
720575940627116858,flow,afferent,642
720575940638682787,flow,afferent,722
720575940629884119,flow,afferent,607
720575940615641798,flow,afferent,676
720575940627343125,flow,afferent,822
720575940613851699,flow,afferent,758
720575940654562209,flow,afferent,897
720575940642361485,flow,afferent,1243
720575940620698136,flow,afferent,739
720575940620332404,flow,afferent,739
720575940627467779,flow,afferent,647
720575940612819763,flow,afferent,768
720575940624976572,flow,afferent,824
720575940618466384,flow,afferent,648
720575940611351193,flow,afferent,849
720575940617873566,flow,afferent,650
720575940634574004,flow,afferent,441
720575940637650522,flow,afferent,888
720575940629025324,flow,afferent,649
720575940622313971,flow,afferent,701
720575940626922771,flow,afferent,696
720575940645035287,flow,afferent,913
720575940630797113,flow,afferent,853
720575940624015543,flow,afferent,623
720575940616811265,flow,afferent,706
720575940638817725,flow,afferent,1193
720575940604027168,flow,afferent,749
720575940612208406,flow,afferent,851
720575940631898285,flow,afferent,728
720575940622289919,flow,afferent,430
720575940629387902,flow,afferent,1249
720575940604018208,flow,afferent,682
720575940627110672,flow,afferent,661
720575940616395101,flow,afferent,1074
720575940632463919,flow,afferent,627
720575940620556680,flow,afferent,758
720575940617668662,flow,afferent,812
720575940625741114,flow,afferent,677
720575940619161479,flow,afferent,926
720575940633733601,flow,afferent,679
720575940613601698,flow,afferent,764
720575940626674182,flow,afferent,658
720575940630597177,flow,afferent,605
720575940621103201,flow,afferent,816
720575940622382285,flow,afferent,911
720575940616264788,flow,afferent,621
720575940624792197,flow,afferent,615
720575940654611617,flow,afferent,753
720575940605426110,flow,afferent,461
720575940604590048,flow,afferent,1361
720575940631147148,flow,afferent,909
720575940611106453,flow,afferent,716
720575940625203504,flow,afferent,788
720575940620926234,flow,afferent,794
720575940624352643,flow,afferent,580
720575940632467923,flow,afferent,709
720575940633300636,flow,afferent,930
720575940634228124,flow,afferent,1929
720575940615855499,flow,afferent,766
720575940626520402,flow,afferent,2026
720575940641764552,flow,afferent,649
720575940631204163,flow,afferent,768
720575940631575627,flow,afferent,585
720575940610649442,flow,afferent,628
720575940635425893,flow,afferent,574
720575940614534623,flow,afferent,425
720575940626284036,flow,afferent,601
720575940607737099,flow,afferent,459
720575940608296917,flow,afferent,744
720575940629852866,flow,afferent,888
720575940614691690,flow,afferent,836
720575940612612581,flow,afferent,677
720575940638054197,flow,afferent,563
720575940632463663,flow,afferent,483
720575940627357256,flow,afferent,761
720575940617094208,flow,afferent,586
720575940624355051,flow,afferent,548
720575940604714528,flow,afferent,607
720575940620459702,flow,afferent,565
720575940609610564,flow,afferent,669
720575940614641202,flow,afferent,2039
720575940630044409,flow,afferent,682
720575940632475859,flow,afferent,1432
720575940626534226,flow,afferent,902
720575940609533230,flow,afferent,814
720575940610849649,flow,afferent,2089
720575940638183652,flow,afferent,2658
720575940619697134,flow,afferent,1568
720575940619197093,flow,afferent,2022
720575940611875570,flow,afferent,1408
720575940619896047,flow,afferent,557
720575940633978207,flow,afferent,915
720575940623173470,flow,afferent,726
720575940634667234,flow,afferent,910
720575940614808844,flow,afferent,4835
720575940629249591,flow,afferent,690
720575940634991215,flow,afferent,478
720575940622886663,flow,afferent,1012
720575940634796536,flow,afferent,1210
720575940629211607,flow,afferent,1604
720575940626471185,flow,afferent,983
720575940612579053,flow,afferent,1135
720575940628923639,flow,afferent,507
720575940610148306,flow,afferent,537
720575940617181725,flow,afferent,608
720575940620296641,flow,afferent,522
720575940624305812,flow,afferent,1043
720575940619864596,flow,afferent,503
720575940626795909,flow,afferent,460
720575940610716770,flow,afferent,751
720575940628669289,flow,afferent,705
720575940623990763,flow,afferent,466
720575940623971848,flow,afferent,740
720575940645611652,flow,afferent,528
720575940624310345,flow,afferent,681
720575940625696601,flow,afferent,1382
720575940626472721,flow,afferent,474
720575940632474835,flow,afferent,479
720575940626132508,flow,afferent,599
720575940642088333,flow,afferent,974
720575940624311881,flow,afferent,613
720575940617433830,flow,afferent,757
720575940624683152,flow,afferent,531
720575940613786774,flow,afferent,590
720575940626483985,flow,afferent,809
720575940640240885,flow,afferent,522
720575940613019373,flow,afferent,800
720575940627270406,flow,afferent,524
720575940634683743,flow,afferent,1240
720575940611385829,flow,afferent,565
720575940630741701,flow,afferent,985
720575940622185430,flow,afferent,530
720575940625718576,flow,afferent,1007
720575940629761017,flow,afferent,563
720575940624377579,flow,afferent,626
720575940626109982,flow,afferent,4318
720575940607347634,flow,afferent,638
720575940637258206,flow,afferent,1334
720575940638909749,flow,afferent,639
720575940620156763,flow,afferent,414
720575940619630982,flow,afferent,488
720575940620356468,flow,afferent,547
720575940631970144,flow,afferent,831
720575940635247284,flow,afferent,670
720575940627314088,flow,afferent,793
720575940608292361,flow,afferent,562
720575940622378281,flow,afferent,583
720575940628891774,flow,afferent,571
720575940630800658,flow,afferent,613
720575940617239197,flow,afferent,832
720575940625012938,flow,afferent,642
720575940625559358,flow,afferent,1028
720575940659056001,flow,afferent,779
720575940622030806,flow,afferent,490
720575940611672538,flow,afferent,588
720575940621848781,flow,afferent,575
720575940640611803,flow,afferent,432
720575940625070067,flow,afferent,1122
720575940634859188,flow,afferent,482
720575940626607626,flow,afferent,445
720575940623458633,flow,afferent,709
720575940613078993,flow,afferent,465
720575940622961961,flow,afferent,406
720575940635618793,flow,afferent,1337
720575940605697824,flow,afferent,2175
720575940631957218,flow,afferent,2068
720575940637084762,flow,afferent,1238
720575940638957400,flow,afferent,445
720575940621629189,flow,afferent,424
720575940609590596,flow,afferent,474
720575940615302879,flow,afferent,883
720575940612019442,flow,afferent,495
720575940615427734,flow,afferent,558
720575940634614367,flow,afferent,434
720575940631159633,flow,afferent,431
720575940616866049,flow,afferent,524
720575940643477796,flow,afferent,436
720575940636436916,flow,afferent,1148
720575940627213736,flow,afferent,486
720575940646088324,flow,afferent,517
720575940605513417,flow,afferent,416
720575940624442000,flow,afferent,433
720575940638881907,flow,afferent,506
720575940621860009,flow,afferent,468
720575940629253948,flow,afferent,432
720575940631014703,flow,afferent,528
720575940625028380,flow,afferent,455
720575940638487384,flow,afferent,421
720575940608667460,flow,afferent,479
720575940619638950,flow,afferent,572
720575940631041071,flow,afferent,403
720575940614831291,flow,afferent,409
720575940627598891,flow,afferent,415
720575940628044560,flow,afferent,450
720575940619320768,flow,afferent,424
720575940620110830,flow,afferent,490
720575940631296204,flow,afferent,486
720575940630411339,flow,afferent,470
720575940623787445,flow,afferent,421
720575940620148059,flow,afferent,1206
720575940616923905,flow,afferent,1058
720575940622977799,flow,afferent,1278
720575940624739728,flow,afferent,1173
720575940620392374,flow,afferent,971
720575940632091951,flow,afferent,1407
720575940622332771,flow,afferent,551
720575940623646537,flow,afferent,423
720575940629265602,flow,afferent,444
720575940627595024,flow,afferent,751
720575940607869788,flow,afferent,621
720575940607932885,flow,afferent,567
720575940628391323,flow,afferent,471
720575940624878992,flow,afferent,814
720575940638564797,flow,afferent,830
720575940621166719,flow,afferent,1034
720575940653913505,flow,afferent,1039
720575940612615149,flow,afferent,776
720575940628707600,flow,afferent,665
720575940635114347,flow,afferent,1189
720575940625215416,flow,afferent,416
720575940638822515,flow,afferent,407
720575940638434357,flow,afferent,498
720575940619514816,flow,afferent,418
720575940622687880,flow,afferent,428
720575940615987083,flow,afferent,450
720575940603911340,flow,afferent,638
720575940628599746,flow,afferent,758
720575940634860143,flow,afferent,682
720575940624121358,flow,afferent,665
720575940632404706,flow,afferent,764
720575940616924701,flow,afferent,703
720575940639487440,flow,afferent,749
720575940621286405,flow,afferent,557
720575940619761473,flow,afferent,466
720575940618738853,flow,afferent,442
720575940620511732,flow,afferent,462
720575940612901807,flow,afferent,429
720575940615398075,flow,afferent,889
720575940625709720,flow,afferent,563
720575940605309542,flow,afferent,709
720575940648681860,flow,afferent,672
720575940622705335,flow,afferent,606
720575940618802123,flow,afferent,424
720575940638772387,flow,afferent,417
720575940634648568,flow,afferent,421
720575940631494687,flow,afferent,482
720575940626849423,flow,afferent,447
720575940625728899,flow,afferent,603
720575940625136228,flow,afferent,437
720575940631737005,flow,afferent,568
720575940620250294,flow,afferent,404
720575940633313376,flow,afferent,461
720575940626582088,flow,afferent,414
720575940638422387,flow,afferent,447
720575940626860487,flow,afferent,405
720575940622268454,flow,afferent,463
720575940622655782,flow,afferent,404
720575940638860672,flow,afferent,409
720575940622230310,flow,afferent,451
720575940638645592,flow,afferent,568
720575940617496886,flow,afferent,435
720575940613337086,flow,afferent,540
720575940620783898,flow,afferent,442
720575940619297963,flow,afferent,462
720575940626584904,flow,afferent,452
720575940631201311,flow,afferent,483
720575940623706867,flow,afferent,461
720575940619434689,flow,afferent,451
720575940628953088,flow,afferent,509
720575940622288008,flow,afferent,604
720575940614778124,flow,afferent,657
720575940611068053,flow,afferent,744
720575940620386742,flow,afferent,598
720575940652064502,flow,afferent,543
720575940610287566,flow,afferent,849
720575940617007453,flow,afferent,518
720575940611773354,flow,afferent,502
720575940633080033,flow,afferent,554
720575940616815005,flow,afferent,565
720575940623721703,flow,afferent,523
720575940622526355,flow,afferent,448
720575940622961604,flow,afferent,511
720575940639619792,flow,afferent,568
720575940615833174,flow,afferent,616
720575940633991263,flow,afferent,535
720575940626997912,flow,afferent,534
720575940627060476,flow,afferent,490
720575940612559587,flow,afferent,564
720575940604704870,flow,afferent,557
720575940624641680,flow,afferent,408
720575940642936264,flow,afferent,574
720575940622736934,flow,afferent,613
720575940617362150,flow,afferent,440
720575940651553014,flow,afferent,525
720575940619314964,flow,afferent,486
720575940631595562,flow,afferent,599
720575940629373148,flow,afferent,471
720575940642780832,flow,afferent,662
720575940623302669,flow,afferent,1333
720575940627950312,flow,afferent,460
720575940619445464,flow,afferent,494
720575940620269039,flow,afferent,437
720575940632432184,flow,afferent,488
720575940626601093,flow,afferent,594
720575940621396044,flow,afferent,524
720575940629178108,flow,afferent,865
720575940621844137,flow,afferent,436
720575940619591872,flow,afferent,464
720575940627048018,flow,afferent,476
720575940621873677,flow,afferent,714
720575940634483704,flow,afferent,437
720575940629098618,flow,afferent,626
720575940629009786,flow,afferent,533
720575940613011375,flow,afferent,432
720575940630132754,flow,afferent,550
720575940610015586,flow,afferent,822
720575940619674840,flow,afferent,494
720575940619410123,flow,afferent,480
720575940625611139,flow,afferent,412
720575940638249917,flow,afferent,858
720575940613911186,flow,afferent,421
720575940622441107,flow,afferent,403
720575940625520412,flow,afferent,430
720575940611984114,flow,afferent,444
720575940629337470,flow,afferent,426
720575940632731105,flow,afferent,446
720575940629587031,flow,afferent,483
720575940637771829,flow,afferent,421
720575940610756814,flow,afferent,988
720575940649098105,flow,afferent,885
720575940629075191,flow,afferent,436
720575940626354954,flow,afferent,468
720575940626048637,flow,afferent,455
720575940632920545,flow,afferent,561
720575940621429068,flow,afferent,516
720575940605929394,flow,afferent,480
720575940636809950,flow,afferent,457
720575940611430117,flow,afferent,413
720575940629151031,flow,afferent,637
720575940615146562,flow,afferent,1590
720575940620912086,flow,afferent,820
720575940620015201,flow,afferent,824
720575940643002528,flow,afferent,753
720575940630846019,flow,afferent,599
720575940629000318,flow,afferent,660
720575940616151638,flow,afferent,571
720575940621182889,flow,afferent,853
720575940610873237,flow,afferent,814
720575940616275174,flow,afferent,737
720575940633213591,flow,afferent,505
720575940641174747,flow,afferent,639
720575940635170679,flow,afferent,435
720575940628673786,flow,afferent,599
720575940629049335,flow,afferent,553
720575940631638034,flow,afferent,512
720575940636599182,flow,afferent,600
720575940617874150,flow,afferent,531
720575940628372635,flow,afferent,543
720575940615767739,flow,afferent,447
720575940620603489,flow,afferent,437
720575940638804669,flow,afferent,581
720575940607641557,flow,afferent,543
720575940624595132,flow,afferent,576
720575940652101622,flow,afferent,503
720575940631934023,flow,afferent,502
720575940616179286,flow,afferent,468
720575940630196588,flow,afferent,652
720575940631353764,flow,afferent,652
720575940631239076,flow,afferent,563
720575940610318542,flow,afferent,569
720575940619188139,flow,afferent,478
720575940631620177,flow,afferent,517
720575940631620712,flow,afferent,479
720575940639246195,flow,afferent,611
720575940630532439,flow,afferent,419
720575940631498040,flow,afferent,464
720575940630105851,flow,afferent,413
720575940628210255,flow,afferent,473
720575940624066279,flow,afferent,437
720575940623594248,flow,afferent,542
720575940639443328,flow,afferent,496
720575940630093174,flow,afferent,571
720575940623085495,flow,afferent,508
720575940625360784,flow,afferent,519
720575940622039551,flow,afferent,444
720575940616713473,flow,afferent,621
720575940611696370,flow,afferent,449
720575940623062749,flow,afferent,519
720575940635094426,flow,afferent,604
720575940636741488,flow,afferent,450
720575940620932717,flow,afferent,455
720575940638576829,flow,afferent,463
720575940613437359,flow,afferent,441
720575940631295116,flow,afferent,473
720575940630612280,flow,afferent,500
720575940622099294,flow,afferent,427
720575940616203067,flow,afferent,508
720575940655010209,flow,afferent,448
720575940628677626,flow,afferent,616
720575940622440840,flow,afferent,502
720575940654194337,flow,afferent,491
720575940621325338,flow,afferent,486
720575940631228719,flow,afferent,496
720575940635184485,flow,afferent,553
720575940626147971,flow,afferent,478
720575940624951020,flow,afferent,481
720575940649134969,flow,afferent,559
720575940606698882,flow,afferent,468
720575940620577217,flow,afferent,495
720575940625825820,flow,afferent,407
720575940614522847,flow,afferent,834
720575940636187054,flow,afferent,773
720575940627526735,flow,afferent,607
720575940614559163,flow,afferent,898
720575940622564621,flow,afferent,736
720575940618645963,flow,afferent,404
720575940621943139,flow,afferent,469
720575940630704953,flow,afferent,570
720575940625855833,flow,afferent,453
720575940635596901,flow,afferent,404
720575940621456349,flow,afferent,486
720575940607818965,flow,afferent,401
720575940622492637,flow,afferent,471
720575940621072297,flow,afferent,722
720575940610081746,flow,afferent,460
720575940617034013,flow,afferent,544
720575940625589593,flow,afferent,471
720575940629528827,flow,afferent,490
720575940651502070,flow,afferent,469
720575940636998463,flow,afferent,567
720575940625884541,flow,afferent,528
720575940621914381,flow,afferent,533
720575940631639570,flow,afferent,474
720575940611117425,flow,afferent,614
720575940627397386,flow,afferent,478
720575940630726095,flow,afferent,562
720575940621291852,flow,afferent,535
720575940625671426,flow,afferent,500
720575940609114436,flow,afferent,694
720575940627363349,flow,afferent,618
720575940625341880,flow,afferent,688
720575940626589053,flow,afferent,878
720575940619675056,flow,afferent,692
720575940615089970,flow,afferent,692
720575940621639133,flow,afferent,904
720575940637742911,flow,afferent,1028
720575940630308567,flow,afferent,881
720575940618467195,flow,afferent,804
720575940646039092,flow,afferent,1826
720575940637330921,flow,afferent,5010
720575940632341452,flow,afferent,1799
720575940626769064,flow,afferent,607
720575940619659861,flow,afferent,552
720575940617340646,flow,afferent,767
720575940622061132,flow,afferent,548
720575940604340448,flow,afferent,509
720575940611261098,flow,afferent,772
720575940611388595,flow,afferent,468
720575940616508555,flow,afferent,431
720575940630434616,flow,afferent,663
720575940612556402,flow,afferent,1456
720575940631455140,flow,afferent,4755
720575940617672093,flow,afferent,695
720575940639361664,flow,afferent,3975
720575940624905572,flow,afferent,1761
720575940618156315,flow,afferent,401
720575940621218985,flow,afferent,648
720575940616017676,flow,afferent,635
720575940637128538,flow,afferent,728
720575940636530921,flow,afferent,1154
720575940622667032,flow,afferent,1003
720575940620585933,flow,afferent,941
720575940657445249,flow,afferent,1137
720575940658990721,flow,afferent,1151
720575940611343853,flow,afferent,840
720575940648095097,flow,afferent,931
720575940629752204,flow,afferent,642
720575940623512317,flow,afferent,687
720575940619686689,flow,afferent,1088
720575940623624084,flow,afferent,1430
720575940626690120,flow,afferent,1403
720575940637030975,flow,afferent,1383
720575940633294527,flow,afferent,439
720575940622444938,flow,afferent,1233
720575940618903888,flow,afferent,1203
720575940614363970,flow,afferent,1308
720575940625359741,flow,afferent,3706
720575940627774287,flow,afferent,3356
720575940612969169,flow,afferent,3089
720575940604425644,flow,afferent,5656
720575940626733967,flow,afferent,3664
720575940609547549,flow,afferent,1472
720575940631081356,flow,afferent,996
720575940633125624,flow,afferent,937
720575940627105864,flow,afferent,1032
720575940611938001,flow,afferent,896
720575940620879808,flow,afferent,1058
720575940619800001,flow,afferent,1057
720575940611528410,flow,afferent,1653
720575940622357740,flow,afferent,507
720575940621730557,flow,afferent,1364
720575940633475424,flow,afferent,1335
720575940614056733,flow,afferent,829
720575940629365760,flow,afferent,691
720575940630487594,flow,afferent,1182
720575940612344306,flow,afferent,4054
720575940632816339,flow,afferent,1409
720575940643141024,flow,afferent,1228
720575940624496280,flow,afferent,757
720575940639169597,flow,afferent,786
720575940628896759,flow,afferent,1528
720575940623836222,flow,afferent,645
720575940614454870,flow,afferent,632
720575940620879552,flow,afferent,1386
720575940620860766,flow,afferent,2145
720575940629235084,flow,afferent,875
720575940608990306,flow,afferent,555
720575940630539023,flow,afferent,428
720575940613194143,flow,afferent,514
720575940634379918,flow,afferent,490
720575940607770972,flow,afferent,454
720575940626049098,flow,afferent,617
720575940633364984,flow,afferent,671
720575940630544967,flow,afferent,1071
720575940630229007,flow,afferent,1737
720575940618889931,flow,afferent,924
720575940631694069,flow,afferent,1553
720575940617945246,flow,afferent,743
720575940637012196,flow,afferent,404
720575940627438906,flow,afferent,942
720575940624724458,flow,afferent,1395
720575940616889915,flow,afferent,403
720575940618056753,flow,afferent,1499
720575940621864060,flow,afferent,528
720575940612445938,flow,afferent,488
720575940610255058,flow,afferent,482
720575940616098354,flow,afferent,712
720575940646736772,flow,afferent,421
720575940630899513,flow,afferent,480
720575940627397263,flow,afferent,1637
720575940628306784,flow,afferent,1393
720575940631106664,flow,afferent,1644
720575940631044059,flow,afferent,1305
720575940617095005,flow,afferent,1773
720575940615380530,flow,afferent,767
720575940615629173,flow,afferent,529
720575940625825538,flow,afferent,415
720575940618706811,flow,afferent,445
720575940634085786,flow,afferent,2069
720575940634714075,flow,afferent,1254
720575940618646744,flow,afferent,1977
720575940616345049,flow,afferent,1708
720575940618051485,flow,afferent,1241
720575940628616271,flow,afferent,509
720575940632040749,flow,afferent,916
720575940613142191,flow,afferent,1756
720575940620136545,flow,afferent,903
720575940634984372,flow,afferent,476
720575940619932654,flow,afferent,1356
720575940611723473,flow,afferent,872
720575940629253431,flow,afferent,851
720575940610773090,flow,afferent,1685
720575940637616094,flow,afferent,1003
720575940606002609,flow,afferent,765
720575940629967663,flow,afferent,984
720575940630882039,flow,afferent,650
720575940644676900,flow,afferent,2004
720575940636241264,flow,afferent,4764
720575940629237036,flow,afferent,720
720575940638332494,flow,afferent,701
720575940614831558,flow,afferent,1712
720575940627810347,flow,afferent,1452
720575940636498907,flow,afferent,1493
720575940634186091,flow,afferent,1577
720575940623334891,flow,afferent,1766
720575940636013966,flow,afferent,434
720575940611959011,flow,afferent,1714
720575940627989609,flow,afferent,1602
720575940633810111,flow,afferent,2079
720575940633524443,flow,afferent,546
720575940613428945,flow,afferent,881
720575940659479937,flow,afferent,722
720575940628874395,flow,afferent,1905
720575940621314593,flow,afferent,431
720575940619632148,flow,afferent,1439
720575940628258715,flow,afferent,836
720575940622199977,flow,afferent,1233
720575940619235920,flow,afferent,892
720575940606912386,flow,afferent,561
720575940617801499,flow,afferent,541
720575940613915089,flow,afferent,664
720575940622443400,flow,afferent,875
720575940626543768,flow,afferent,563
720575940627977457,flow,afferent,630
720575940640952027,flow,afferent,881
720575940633221090,flow,afferent,1145
720575940621778381,flow,afferent,2129
720575940614866242,flow,afferent,1036
720575940612307478,flow,afferent,476
720575940618682747,flow,afferent,1179
720575940631285571,flow,afferent,461
720575940630309847,flow,afferent,681
720575940627150991,flow,afferent,1577
720575940611161237,flow,afferent,823
720575940608884931,flow,afferent,613
720575940616162235,flow,afferent,428
720575940633883744,flow,afferent,3255
720575940623367607,flow,afferent,539
720575940628978450,flow,afferent,1323
720575940648377209,flow,afferent,1574
720575940621689880,flow,afferent,3308
720575940616562150,flow,afferent,1755
720575940630094325,flow,afferent,1423
720575940621076458,flow,afferent,1744
720575940634599643,flow,afferent,1348
720575940631326751,flow,afferent,1291
720575940631368544,flow,afferent,849
720575940605997233,flow,afferent,1547
720575940628315232,flow,afferent,990
720575940604879025,flow,afferent,1128
720575940631367264,flow,afferent,1173
720575940633129683,flow,afferent,1954
720575940629591746,flow,afferent,494
720575940607651083,flow,afferent,1146
720575940626753809,flow,afferent,1150
720575940629380034,flow,afferent,585
720575940631284511,flow,afferent,934
720575940631367776,flow,afferent,800
720575940626606211,flow,afferent,898
720575940626524805,flow,afferent,1130
720575940624137656,flow,afferent,732
720575940626673490,flow,afferent,1109
720575940614830239,flow,afferent,8156
720575940625841241,flow,afferent,5654
720575940634278295,flow,afferent,1893
720575940633194029,flow,afferent,945
720575940617212134,flow,afferent,487
720575940631318609,flow,afferent,402
720575940604211628,flow,afferent,1331
720575940632154285,flow,afferent,675
720575940624502269,flow,afferent,2092
720575940610261346,flow,afferent,623
720575940640719861,flow,afferent,431
720575940622136022,flow,afferent,486
720575940637389534,flow,afferent,635
720575940647084164,flow,afferent,692
720575940627356072,flow,afferent,1626
720575940605161388,flow,afferent,1124
720575940637255743,flow,afferent,506
720575940625785731,flow,afferent,1190
720575940621674108,flow,afferent,679
720575940616831349,flow,afferent,464
720575940643065032,flow,afferent,1098
720575940631639058,flow,afferent,569
720575940622144648,flow,afferent,771
720575940624428728,flow,afferent,635
720575940627542769,flow,afferent,786
720575940617038593,flow,afferent,515
720575940628349446,flow,afferent,557
720575940616040587,flow,afferent,754
720575940626666066,flow,afferent,785
720575940637165028,flow,afferent,818
720575940621106465,flow,afferent,948
720575940623951591,flow,afferent,2571
720575940638608803,flow,afferent,1800
720575940606163842,flow,afferent,2495
720575940623153149,flow,afferent,1706
720575940621218729,flow,afferent,1205
720575940633553820,flow,afferent,489
720575940632175268,flow,afferent,462
720575940622575754,flow,afferent,892
720575940622591049,flow,afferent,516
720575940622234211,flow,afferent,652
720575940619083349,flow,afferent,423
720575940645483555,flow,afferent,708
720575940631393823,flow,afferent,411
720575940630678009,flow,afferent,2740
720575940612439958,flow,afferent,1297
720575940604976318,flow,afferent,490
720575940641403021,flow,afferent,418
720575940621417421,flow,afferent,411
720575940621207517,flow,afferent,919
720575940634609115,flow,afferent,943
720575940607765259,flow,afferent,736
720575940631399008,flow,afferent,769
720575940621005677,flow,afferent,670
720575940641396078,flow,afferent,541
720575940609934365,flow,afferent,594
720575940612407581,flow,afferent,511
720575940616080212,flow,afferent,548
720575940620940276,flow,afferent,792
720575940628969984,flow,afferent,499
720575940625866789,flow,afferent,436
720575940618896624,flow,afferent,671
720575940637418549,flow,afferent,768
720575940643903904,flow,afferent,727
720575940628941762,flow,afferent,419
720575940616951124,flow,afferent,1134
720575940612256938,flow,afferent,1612
720575940625615705,flow,afferent,1504
720575940613669357,flow,afferent,1593
720575940631957344,flow,afferent,1484
720575940631367520,flow,afferent,1258
720575940637039962,flow,afferent,1449
720575940616479121,flow,afferent,1206
720575940622825736,flow,afferent,933
720575940611830937,flow,afferent,833
720575940637062975,flow,afferent,1012
720575940630650130,flow,afferent,598
720575940600433181,flow,afferent,763
720575940619028208,flow,afferent,860
720575940613469545,flow,afferent,875
720575940613641915,flow,afferent,719
720575940630969051,flow,afferent,780
720575940630472727,flow,afferent,757
720575940616612025,flow,afferent,717
720575940609527069,flow,afferent,629
720575940623401128,flow,afferent,610
720575940623587780,flow,afferent,832
720575940621506943,flow,afferent,571
720575940611437973,flow,afferent,422
720575940622281352,flow,afferent,551
720575940631412832,flow,afferent,522
720575940609691075,flow,afferent,716
720575940642582039,flow,afferent,448
720575940620422938,flow,afferent,418
720575940627883087,flow,afferent,401
720575940636104846,flow,afferent,831
720575940628908670,flow,afferent,604
720575940618130334,flow,afferent,1363
720575940631572141,flow,afferent,1630
720575940606254002,flow,afferent,1857
720575940612478181,flow,afferent,1256
720575940628194647,flow,afferent,1338
720575940622946963,flow,afferent,1732
720575940628210272,flow,afferent,1252
720575940650244342,flow,afferent,988
720575940641058523,flow,afferent,1282
720575940636395866,flow,afferent,1127
720575940634605531,flow,afferent,1230
720575940626287336,flow,afferent,804
720575940612453526,flow,afferent,821
720575940632692378,flow,afferent,689
720575940620031341,flow,afferent,539
720575940638694307,flow,afferent,712
720575940621862605,flow,afferent,528
720575940638636533,flow,afferent,561
720575940629860089,flow,afferent,604
720575940636241038,flow,afferent,892
720575940638256949,flow,afferent,695
720575940612647166,flow,afferent,408
720575940615222201,flow,afferent,420
720575940608975371,flow,afferent,692
720575940619465131,flow,afferent,691
720575940626162378,flow,afferent,859
720575940609314243,flow,afferent,870
720575940644036644,flow,afferent,464
720575940615926982,flow,afferent,616
720575940653233569,flow,afferent,2829
720575940625941022,flow,afferent,1600
720575940622199593,flow,afferent,3274
720575940631049002,flow,afferent,462
720575940622202858,flow,afferent,1535
720575940638243645,flow,afferent,1379
720575940621431247,flow,afferent,1521
720575940611684787,flow,afferent,1183
720575940618255936,flow,afferent,431
720575940613803293,flow,afferent,1186
720575940631191367,flow,afferent,1132
720575940628160617,flow,afferent,860
720575940636410869,flow,afferent,1148
720575940614830604,flow,afferent,880
720575940612235439,flow,afferent,625
720575940617803803,flow,afferent,750
720575940635290231,flow,afferent,1109
720575940613924271,flow,afferent,674
720575940625587970,flow,afferent,545
720575940610079857,flow,afferent,471
720575940608893623,flow,afferent,462
720575940613127314,flow,afferent,577
720575940610759634,flow,afferent,536
720575940630964187,flow,afferent,475
720575940627775943,flow,afferent,428
720575940624111177,flow,afferent,415
720575940610236740,flow,afferent,669
720575940615171084,flow,afferent,426
720575940628355846,flow,afferent,808
720575940610702968,flow,afferent,676
720575940630960325,flow,afferent,437
720575940623988971,flow,afferent,1065
720575940619235486,flow,afferent,550
720575940639375182,flow,afferent,671
720575940624770540,flow,afferent,795
720575940659131009,flow,afferent,486
720575940615676334,flow,afferent,528
720575940613127343,flow,afferent,456
720575940625442192,flow,afferent,457
720575940632043832,flow,afferent,463
720575940627120536,flow,afferent,503
720575940611045781,flow,afferent,743
720575940644366536,flow,afferent,414
720575940613875858,flow,afferent,525
720575940639195776,flow,afferent,877
720575940639260032,flow,afferent,439
720575940623056422,flow,afferent,550
720575940631616056,flow,afferent,404
720575940617514653,flow,afferent,458
720575940617058521,flow,afferent,594
720575940613153320,flow,afferent,534
720575940632112429,flow,afferent,5564
720575940605682790,flow,afferent,4424
720575940638190414,flow,afferent,2675
720575940627265265,flow,afferent,1897
720575940631412576,flow,afferent,1136
720575940614166495,flow,afferent,1197
720575940614178302,flow,afferent,1423
720575940608283147,flow,afferent,416
720575940614715295,flow,afferent,693
720575940631866508,flow,afferent,670
720575940621397417,flow,afferent,650
720575940634249567,flow,afferent,696
720575940614014614,flow,afferent,728
720575940636753118,flow,afferent,425
720575940631923816,flow,afferent,493
720575940632364881,flow,afferent,431
720575940621981464,flow,afferent,1326
720575940620055617,flow,afferent,1064
720575940618706043,flow,afferent,633
720575940629199810,flow,afferent,474
720575940637226212,flow,afferent,453
720575940611197107,flow,afferent,1117
720575940604355872,flow,afferent,720
720575940629918459,flow,afferent,459
720575940630553415,flow,afferent,1135
720575940617504027,flow,afferent,465
720575940629172218,flow,afferent,707
720575940621010352,flow,afferent,837
720575940630654539,flow,afferent,1425
720575940614647658,flow,afferent,510
720575940632146340,flow,afferent,1291
720575940626625822,flow,afferent,412
720575940605915872,flow,afferent,514
720575940627606394,flow,afferent,556
720575940612281086,flow,afferent,479
720575940612335102,flow,afferent,2100
720575940612446866,flow,afferent,1929
720575940620539563,flow,afferent,5555
720575940614990486,flow,afferent,2165
720575940615394527,flow,afferent,3565
720575940616348480,flow,afferent,482
720575940617992000,flow,afferent,1435
720575940619145045,flow,afferent,4967
720575940619066881,flow,afferent,1029
720575940618388463,flow,afferent,636
720575940612599215,flow,afferent,8162
720575940624471683,flow,afferent,1339
720575940613770182,flow,afferent,411
720575940614190709,flow,afferent,1001
720575940636812772,flow,afferent,2747
720575940630598671,flow,afferent,1684
720575940619696133,flow,afferent,679
720575940619273398,flow,afferent,4673
720575940623685193,flow,afferent,11865
720575940613598514,flow,afferent,1855
720575940612018545,flow,afferent,1801
720575940628347471,flow,afferent,3168
720575940620122561,flow,afferent,1814
720575940625161530,flow,afferent,1874
720575940651689206,flow,afferent,901
720575940620181825,flow,afferent,7977
720575940632875746,flow,afferent,5933
720575940612713322,flow,afferent,1124
720575940631240403,flow,afferent,8028
720575940627734293,flow,afferent,5713
720575940615660033,flow,afferent,958
720575940626444051,flow,afferent,5365
720575940632958253,flow,afferent,4230
720575940606635186,flow,afferent,1227
720575940615853851,flow,afferent,1036
720575940619048315,flow,afferent,5172
720575940634557594,flow,afferent,1668
720575940615903259,flow,afferent,1536
720575940629850105,flow,afferent,10568
720575940615929373,flow,afferent,1368
720575940630513060,flow,afferent,1016
720575940618586862,flow,afferent,995
720575940612195495,flow,afferent,2430
720575940631372088,flow,afferent,11402
720575940616169787,flow,afferent,976
720575940627377285,flow,afferent,2740
720575940620079440,flow,afferent,8760
720575940654222241,flow,afferent,5960
720575940608969938,flow,afferent,905
720575940621970445,flow,afferent,7730
720575940628975107,flow,afferent,2624
720575940608958788,flow,afferent,1774
720575940626044418,flow,afferent,3458
720575940613527021,flow,afferent,844
720575940616195467,flow,afferent,1100
720575940659379073,flow,afferent,3579
720575940627699599,flow,afferent,1741
720575940618422875,flow,afferent,2556
720575940604091308,flow,afferent,1398
720575940619657972,flow,afferent,1426
720575940622259811,flow,afferent,3277
720575940618608110,flow,afferent,1579
720575940617422941,flow,afferent,1295
720575940618699841,flow,afferent,493
720575940618899041,flow,afferent,644
720575940612373362,flow,afferent,1025
720575940629439043,flow,afferent,6888
720575940619079152,flow,afferent,411
720575940630424407,flow,afferent,3888
720575940640177280,flow,afferent,1445
720575940619241456,flow,afferent,1337
720575940633764247,flow,afferent,5075
720575940633292769,flow,afferent,676
720575940639606747,flow,afferent,4610
720575940614633122,flow,afferent,12450
720575940619668741,flow,afferent,1107
720575940639429504,flow,afferent,5627
720575940622025989,flow,afferent,650
720575940612422654,flow,afferent,4685
720575940604843710,flow,afferent,4130
720575940617378843,flow,afferent,991
720575940623747984,flow,afferent,10262
720575940629449027,flow,afferent,2742
720575940644733988,flow,afferent,2599
720575940620189004,flow,afferent,2893
720575940620228428,flow,afferent,459
720575940636674190,flow,afferent,2500
720575940620257750,flow,afferent,891
720575940630137655,flow,afferent,3783
720575940620303830,flow,afferent,865
720575940630404311,flow,afferent,4749
720575940623225549,flow,afferent,577
720575940620015787,flow,afferent,5877
720575940632466643,flow,afferent,1134
720575940627754496,flow,afferent,2639
720575940628030972,flow,afferent,1324
720575940619891591,flow,afferent,9203
720575940621082623,flow,afferent,1196
720575940635968319,flow,afferent,1978
720575940637562469,flow,afferent,1170
720575940631295703,flow,afferent,1270
720575940615689634,flow,afferent,1470
720575940633185676,flow,afferent,1979
720575940629717097,flow,afferent,1163
720575940628361554,flow,afferent,1233
720575940633206831,flow,afferent,1196
720575940631262252,flow,afferent,2393
720575940629921835,flow,afferent,645
720575940629725033,flow,afferent,5307
720575940650875769,flow,afferent,1892
720575940650882937,flow,afferent,797
720575940639652678,flow,afferent,3790
720575940623147802,flow,afferent,4152
720575940617716566,flow,afferent,1898
720575940639786830,flow,afferent,3460
720575940624664468,flow,afferent,893
720575940628202089,flow,afferent,1766
720575940622219478,flow,afferent,424
720575940618497616,flow,afferent,1223
720575940626311049,flow,afferent,2661
720575940631971911,flow,afferent,649
720575940623938795,flow,afferent,1355
720575940630834683,flow,afferent,455
720575940628769239,flow,afferent,527
720575940626242191,flow,afferent,403
720575940633057943,flow,afferent,635
720575940614544582,flow,afferent,405
720575940628184040,flow,afferent,534
720575940639296189,flow,afferent,584
720575940624686268,flow,afferent,421
720575940620249734,flow,afferent,542
720575940619341105,flow,afferent,421
720575940622419165,flow,afferent,563
720575940606612937,flow,afferent,432
720575940608554052,flow,afferent,697
720575940615972027,flow,afferent,730
720575940619869120,flow,afferent,459
720575940627195691,flow,afferent,634
720575940619508033,flow,afferent,455
720575940619218078,flow,afferent,547
720575940633129171,flow,afferent,1839
720575940605919334,flow,afferent,769
720575940628553731,flow,afferent,519
720575940613036914,flow,afferent,430
720575940627142666,flow,afferent,706
720575940624670759,flow,afferent,427
720575940626269468,flow,afferent,402
720575940642163341,flow,afferent,449
720575940622706653,flow,afferent,504
720575940631997580,flow,afferent,464
720575940626983293,flow,afferent,459
720575940642309261,flow,afferent,412
720575940639161909,flow,afferent,438
720575940640713680,flow,afferent,577
720575940623291945,flow,afferent,474
720575940624334827,flow,afferent,574
720575940623979959,flow,afferent,487
720575940631863883,flow,afferent,423
720575940621229409,flow,afferent,720
720575940643956896,flow,afferent,610
720575940612789401,flow,afferent,641
720575940632292748,flow,afferent,608
720575940614913698,flow,afferent,575
720575940607493554,flow,afferent,454
720575940627157534,flow,afferent,539
720575940605867040,flow,afferent,447
720575940622322857,flow,afferent,524
720575940633305261,flow,afferent,603
720575940638342628,flow,afferent,547
720575940639391165,flow,afferent,432
720575940646679587,flow,afferent,503
720575940621581409,flow,afferent,453
720575940630572855,flow,afferent,518
720575940617889169,flow,afferent,940
720575940645299735,flow,afferent,501
720575940640289443,flow,afferent,643
720575940620491028,flow,afferent,734
720575940623948170,flow,afferent,567
720575940632258872,flow,afferent,430
720575940610434372,flow,afferent,577
720575940641888731,flow,afferent,489
720575940618432769,flow,afferent,493
720575940640274803,flow,afferent,501
720575940660566913,flow,afferent,562
720575940619556150,flow,afferent,517
720575940620375637,flow,afferent,742
720575940631834386,flow,afferent,408
720575940639579581,flow,afferent,408
720575940618631965,flow,afferent,596
720575940619694512,flow,afferent,514
720575940611177586,flow,afferent,404
720575940608457483,flow,afferent,438
720575940628356358,flow,afferent,875
720575940618770625,flow,afferent,444
720575940605860710,flow,afferent,472
720575940612279731,flow,afferent,577
720575940620543067,flow,afferent,478
720575940636332663,flow,afferent,593
720575940612136666,flow,afferent,573
720575940612341490,flow,afferent,515
720575940621870576,flow,afferent,746
720575940612567449,flow,afferent,507
720575940617945684,flow,afferent,431
720575940636768613,flow,afferent,780
720575940622163020,flow,afferent,634
720575940621172545,flow,afferent,686
720575940617668537,flow,afferent,483
720575940623412360,flow,afferent,441
720575940640651325,flow,afferent,539
720575940630721910,flow,afferent,902
720575940622295585,flow,afferent,427
720575940615750318,flow,afferent,526
720575940639298237,flow,afferent,520
720575940624167093,flow,afferent,554
720575940632022888,flow,afferent,753
720575940632252661,flow,afferent,462
720575940628218976,flow,afferent,401
720575940628162300,flow,afferent,775
720575940612800153,flow,afferent,581
720575940615657119,flow,afferent,892
720575940630424631,flow,afferent,402
720575940633082157,flow,afferent,415
720575940610464195,flow,afferent,909
720575940615752095,flow,afferent,526
720575940633169177,flow,afferent,523
720575940615613855,flow,afferent,626
720575940624483475,flow,afferent,423
720575940622294221,flow,afferent,446
720575940640159293,flow,afferent,444
720575940628767899,flow,afferent,444
720575940631374843,flow,afferent,447
720575940634319827,flow,afferent,560
720575940622393357,flow,afferent,448
720575940631163715,flow,afferent,434
720575940629673004,flow,afferent,420
720575940630369743,flow,afferent,462
720575940619446357,flow,afferent,407
720575940637167582,flow,afferent,560
720575940619880758,flow,afferent,409
720575940627271037,flow,afferent,480
720575940625448968,flow,afferent,402
720575940641200512,flow,afferent,503
720575940625075464,flow,afferent,443
720575940623123881,flow,afferent,497
720575940612572529,flow,afferent,507
720575940614724915,flow,afferent,407
720575940645059784,flow,afferent,485
720575940622614260,flow,afferent,469
720575940648236676,flow,afferent,423
720575940621109419,flow,afferent,416
720575940634206690,flow,afferent,459
720575940641063632,flow,afferent,449
720575940636063339,flow,afferent,470
720575940624989960,flow,afferent,406
720575940606524337,flow,afferent,470
720575940626644068,flow,afferent,562
720575940628073554,flow,afferent,502
720575940614762035,flow,afferent,411
720575940626364976,flow,afferent,560
720575940631433785,flow,afferent,418
720575940617360982,flow,afferent,401
720575940624267667,flow,afferent,506
720575940629228137,flow,afferent,462
720575940626774064,flow,afferent,424
720575940625161545,flow,afferent,470
720575940634801844,flow,afferent,429
720575940629315371,flow,afferent,535
720575940619901598,flow,afferent,405
720575940614528749,flow,afferent,414
720575940636160504,flow,afferent,419
720575940611495174,flow,afferent,425
720575940615199143,flow,afferent,421
720575940633478829,flow,afferent,558
720575940609942211,flow,afferent,414
720575940640795043,flow,afferent,534
720575940635654039,flow,afferent,541
720575940645689892,flow,afferent,539
720575940626044348,flow,afferent,404
720575940630958454,flow,afferent,422
720575940633839021,flow,afferent,443
720575940647041315,flow,afferent,432
720575940630316158,flow,afferent,427
720575940627497609,flow,afferent,515
720575940633292461,flow,afferent,513
720575940624637522,flow,afferent,426
720575940639279686,flow,afferent,422
720575940621264722,flow,afferent,434
720575940624836937,flow,afferent,598
720575940628898792,flow,afferent,426
720575940620910160,flow,afferent,429
720575940631853007,flow,afferent,405
720575940639319622,flow,afferent,448
720575940621545819,flow,afferent,463
720575940640214643,flow,afferent,470
720575940627970898,flow,afferent,459
720575940606531811,flow,afferent,442
720575940613520498,flow,afferent,407
720575940612445107,flow,afferent,611
720575940625383572,flow,afferent,436
720575940634232290,flow,afferent,431
720575940619909359,flow,afferent,511
720575940629083377,flow,afferent,427
720575940650440313,flow,afferent,407
720575940621581421,flow,afferent,477
720575940623885448,flow,afferent,414
720575940629012732,flow,afferent,408
720575940630223771,flow,afferent,427
720575940617035788,flow,afferent,463
720575940616946630,flow,afferent,512
720575940627307097,flow,afferent,429
720575940624349674,flow,afferent,526
720575940635080985,flow,afferent,517
720575940611818594,flow,afferent,534
720575940627945042,flow,afferent,481
720575940621555565,flow,afferent,764
720575940624717565,flow,afferent,469
720575940628640252,flow,afferent,503
720575940614944209,flow,afferent,503
720575940618834203,flow,afferent,487
720575940617300054,flow,afferent,451
720575940627709565,flow,afferent,421
720575940621922998,flow,afferent,458
720575940625272980,flow,afferent,418
720575940618991429,flow,afferent,410
720575940630134887,flow,afferent,461
720575940620950406,flow,afferent,453
720575940622269424,flow,afferent,443
720575940621579885,flow,afferent,470
720575940621304558,flow,afferent,417
720575940621457012,flow,afferent,438
720575940627104284,flow,afferent,513
720575940630611712,flow,afferent,457
720575940626956837,flow,afferent,487
720575940643239821,flow,afferent,521
720575940615343250,flow,afferent,404
720575940620131121,flow,afferent,452
720575940627424542,flow,afferent,478
720575940615934943,flow,afferent,441
720575940620605831,flow,afferent,401
720575940656027553,flow,afferent,411
720575940624253930,flow,afferent,553
720575940615130110,flow,afferent,431
720575940629373937,flow,afferent,489
720575940614156072,flow,afferent,514
720575940611742818,flow,afferent,417
720575940618528347,flow,afferent,436
720575940628518287,flow,afferent,565
720575940635525995,flow,afferent,548
720575940607231945,flow,afferent,422
720575940619326262,flow,afferent,493
720575940620979282,flow,afferent,452
720575940612983978,flow,afferent,516
720575940634173153,flow,afferent,441
720575940614925054,flow,afferent,496
720575940623710249,flow,afferent,406
720575940637042533,flow,afferent,413
720575940621668120,flow,afferent,448
720575940632230418,flow,afferent,482
720575940627824912,flow,afferent,495
720575940635494810,flow,afferent,433
720575940614850479,flow,afferent,421
720575940632021867,flow,afferent,648
720575940635445695,flow,afferent,455
720575940606814897,flow,afferent,415
720575940622616581,flow,afferent,439
720575940613636266,flow,afferent,691
720575940644449480,flow,afferent,475
720575940613704726,flow,afferent,423
720575940637611632,flow,afferent,449
720575940606471345,flow,afferent,513
720575940627537497,flow,afferent,524
720575940631140919,flow,afferent,430
720575940621117121,flow,afferent,466
720575940612468942,flow,afferent,508
720575940633157919,flow,afferent,36543
720575940617953241,flow,afferent,2675
720575940618762397,flow,afferent,468
720575940623901843,flow,afferent,436
720575940634577377,flow,afferent,442
720575940620088478,flow,afferent,755
720575940632869423,flow,afferent,439
720575940612992149,flow,afferent,455
720575940627958936,flow,afferent,548
720575940622474868,flow,afferent,2441
720575940624153226,flow,afferent,512
720575940631242700,flow,afferent,415
720575940625602023,flow,afferent,491
720575940623934600,flow,afferent,3376
720575940628595944,flow,afferent,8683
720575940614291181,flow,afferent,3433
720575940612087758,flow,afferent,10002
720575940629847451,flow,afferent,4054
720575940613510002,flow,afferent,6369
720575940619643771,flow,afferent,1753
720575940615307154,flow,afferent,3704
720575940640413043,flow,afferent,2639
720575940635047068,flow,afferent,4054
720575940631274745,flow,afferent,7988
720575940618106553,flow,afferent,1660
720575940614501672,flow,afferent,9087
720575940617286517,flow,afferent,9677
720575940631558597,flow,afferent,7209
720575940636168628,flow,afferent,2245
720575940625147883,flow,afferent,11295
720575940641229520,flow,afferent,1699
720575940629075697,flow,afferent,2188
720575940628264721,flow,afferent,2578
720575940615696490,flow,afferent,2292
720575940631217782,flow,afferent,903
720575940625154283,flow,afferent,1418
720575940624096708,flow,afferent,478
720575940638708058,flow,afferent,1838
720575940630724652,flow,afferent,1905
720575940640515699,flow,afferent,1485
720575940613632997,flow,afferent,7812
720575940620928647,flow,afferent,2054
720575940609228809,flow,afferent,896
720575940629002570,flow,afferent,472
720575940622807209,flow,afferent,411
720575940615197950,flow,afferent,784
720575940624684725,flow,afferent,430
720575940612853234,flow,afferent,431
720575940660740481,flow,afferent,460
720575940621843632,flow,afferent,437
720575940639790013,flow,afferent,432
720575940630490106,flow,afferent,431
720575940622890828,flow,afferent,409
720575940623790797,flow,afferent,404
720575940605645536,flow,afferent,419
720575940634656793,flow,afferent,418
720575940615856345,flow,afferent,4479
720575940615076418,flow,afferent,1782
720575940616835717,flow,afferent,11048
720575940605699104,flow,afferent,3117
720575940614548253,flow,afferent,669
720575940631295506,flow,afferent,8793
720575940628299834,flow,afferent,565
720575940606401507,flow,afferent,491
720575940628189256,flow,afferent,439
720575940630171959,flow,afferent,572
720575940631008824,flow,afferent,6570
