root_id,classification_system,cell_type,num_synapses,min_synapses,softmax_threshold,ratio_threshold,bandwidth_quantile_value,min_synapses_ratio_value,GABA,ACh,Glut,Oct,Ser,DA,Unknown
720575940610784370,flow,afferent,4318,400,0.25,0.16,0.14285714285714285,0.01,True,True,True,False,False,False,False
720575940610784370,flow,afferent,4318,400,0.25,0.16,0.04,0.01,True,True,False,False,False,False,False
720575940639811024,flow,afferent,2696,400,0.25,0.16,0.14285714285714285,0.01,False,True,False,False,False,False,False
720575940639811024,flow,afferent,2696,400,0.25,0.16,0.04,0.01,False,True,False,False,False,False,False
720575940621057285,flow,afferent,8273,400,0.25,0.16,0.14285714285714285,0.01,True,True,False,False,False,False,False
720575940621057285,flow,afferent,8273,400,0.25,0.16,0.04,0.01,False,True,False,False,False,False,False
720575940629185084,flow,afferent,1607,400,0.25,0.16,0.14285714285714285,0.01,False,True,True,False,False,True,False
720575940629185084,flow,afferent,1607,400,0.25,0.16,0.04,0.01,False,False,True,False,False,False,False
720575940622401267,flow,afferent,925,400,0.25,0.16,0.14285714285714285,0.01,False,True,True,False,False,True,False
720575940622401267,flow,afferent,925,400,0.25,0.16,0.04,0.01,False,True,True,False,False,True,False
720575940623777061,flow,afferent,503,400,0.25,0.16,0.14285714285714285,0.01,False,True,False,False,False,False,False
720575940623777061,flow,afferent,503,400,0.25,0.16,0.04,0.01,False,True,False,False,False,False,False
720575940603814060,flow,afferent,2386,400,0.25,0.16,0.14285714285714285,0.01,True,True,True,False,False,False,False
720575940603814060,flow,afferent,2386,400,0.25,0.16,0.04,0.01,True,True,True,False,False,False,False
720575940627403719,flow,afferent,2005,400,0.25,0.16,0.14285714285714285,0.01,False,True,False,False,True,False,False
720575940627403719,flow,afferent,2005,400,0.25,0.16,0.04,0.01,False,True,False,False,False,False,False
720575940619003969,flow,afferent,1605,400,0.25,0.16,0.14285714285714285,0.01,False,True,True,False,False,False,False
720575940619003969,flow,afferent,1605,400,0.25,0.16,0.04,0.01,False,True,True,False,False,False,False
720575940635029146,flow,afferent,4492,400,0.25,0.16,0.14285714285714285,0.01,True,True,True,False,False,False,False
720575940635029146,flow,afferent,4492,400,0.25,0.16,0.04,0.01,True,True,False,False,False,False,False
720575940640396173,flow,afferent,2025,400,0.25,0.16,0.14285714285714285,0.01,True,True,True,False,True,True,False
720575940640396173,flow,afferent,2025,400,0.25,0.16,0.04,0.01,True,True,True,False,True,True,False
720575940625429647,flow,afferent,912,400,0.25,0.16,0.14285714285714285,0.01,True,True,False,False,False,False,False
720575940625429647,flow,afferent,912,400,0.25,0.16,0.04,0.01,False,True,False,False,False,False,False
720575940625486357,flow,afferent,2240,400,0.25,0.16,0.14285714285714285,0.01,False,True,False,False,True,True,False
720575940625486357,flow,afferent,2240,400,0.25,0.16,0.04,0.01,False,True,False,False,False,True,False
720575940612887080,flow,afferent,7102,400,0.25,0.16,0.14285714285714285,0.01,True,True,True,False,False,False,False
720575940612887080,flow,afferent,7102,400,0.25,0.16,0.04,0.01,True,True,True,False,False,False,False
720575940614678751,flow,afferent,1322,400,0.25,0.16,0.14285714285714285,0.01,True,True,True,False,False,False,False
720575940614678751,flow,afferent,1322,400,0.25,0.16,0.04,0.01,True,True,True,False,False,False,False
720575940612608790,flow,afferent,904,400,0.25,0.16,0.14285714285714285,0.01,False,True,True,True,False,True,False
720575940612608790,flow,afferent,904,400,0.25,0.16,0.04,0.01,False,True,True,False,False,False,False
720575940637106295,flow,afferent,1701,400,0.25,0.16,0.14285714285714285,0.01,True,True,True,True,True,True,False
720575940637106295,flow,afferent,1701,400,0.25,0.16,0.04,0.01,True,True,True,False,True,False,False
720575940610906773,flow,afferent,944,400,0.25,0.16,0.14285714285714285,0.01,True,True,True,False,False,True,False
720575940610906773,flow,afferent,944,400,0.25,0.16,0.04,0.01,True,True,True,False,False,False,False
720575940608729795,flow,afferent,2361,400,0.25,0.16,0.14285714285714285,0.01,True,True,True,False,False,True,False
720575940608729795,flow,afferent,2361,400,0.25,0.16,0.04,0.01,True,True,True,False,False,False,False
720575940627560386,flow,afferent,1907,400,0.25,0.16,0.14285714285714285,0.01,True,True,True,True,False,False,False
720575940627560386,flow,afferent,1907,400,0.25,0.16,0.04,0.01,True,True,True,False,False,False,False
720575940628962891,flow,afferent,665,400,0.25,0.16,0.14285714285714285,0.01,True,True,True,True,True,True,False
720575940628962891,flow,afferent,665,400,0.25,0.16,0.04,0.01,True,True,True,True,True,True,False
720575940617050196,flow,afferent,843,400,0.25,0.16,0.14285714285714285,0.01,True,True,True,False,False,False,False
720575940617050196,flow,afferent,843,400,0.25,0.16,0.04,0.01,True,True,False,False,False,False,False
720575940630126161,flow,afferent,1542,400,0.25,0.16,0.14285714285714285,0.01,True,True,True,False,False,False,False
720575940630126161,flow,afferent,1542,400,0.25,0.16,0.04,0.01,True,True,True,False,False,False,False
720575940627313180,flow,afferent,6100,400,0.25,0.16,0.14285714285714285,0.01,False,True,False,False,False,False,False
720575940627313180,flow,afferent,6100,400,0.25,0.16,0.04,0.01,False,True,False,False,False,False,False
720575940632786586,flow,afferent,1518,400,0.25,0.16,0.14285714285714285,0.01,False,True,True,False,True,True,False
720575940632786586,flow,afferent,1518,400,0.25,0.16,0.04,0.01,False,True,True,False,True,True,False
720575940632834911,flow,afferent,3295,400,0.25,0.16,0.14285714285714285,0.01,True,True,True,False,False,False,False
720575940632834911,flow,afferent,3295,400,0.25,0.16,0.04,0.01,True,True,True,False,False,False,False
720575940633387768,flow,afferent,1282,400,0.25,0.16,0.14285714285714285,0.01,True,True,True,False,True,False,False
720575940633387768,flow,afferent,1282,400,0.25,0.16,0.04,0.01,True,True,True,False,True,False,False
720575940614997555,flow,afferent,2098,400,0.25,0.16,0.14285714285714285,0.01,False,True,True,True,True,True,False
720575940614997555,flow,afferent,2098,400,0.25,0.16,0.04,0.01,False,True,True,True,True,True,False
720575940637396851,flow,afferent,1232,400,0.25,0.16,0.14285714285714285,0.01,False,True,True,False,True,True,False
720575940637396851,flow,afferent,1232,400,0.25,0.16,0.04,0.01,False,True,True,False,True,True,False
720575940611255475,flow,afferent,4638,400,0.25,0.16,0.14285714285714285,0.01,False,True,True,False,False,False,False
720575940611255475,flow,afferent,4638,400,0.25,0.16,0.04,0.01,False,True,True,False,False,False,False
720575940637507645,flow,afferent,1800,400,0.25,0.16,0.14285714285714285,0.01,False,True,False,False,True,True,False
720575940637507645,flow,afferent,1800,400,0.25,0.16,0.04,0.01,False,True,False,False,True,True,False
720575940623234567,flow,afferent,2794,400,0.25,0.16,0.14285714285714285,0.01,False,True,False,False,False,False,False
720575940623234567,flow,afferent,2794,400,0.25,0.16,0.04,0.01,False,True,False,False,False,False,False
720575940635668622,flow,afferent,8996,400,0.25,0.16,0.14285714285714285,0.01,True,True,True,False,False,False,False
720575940635668622,flow,afferent,8996,400,0.25,0.16,0.04,0.01,False,True,False,False,False,False,False
720575940641824200,flow,afferent,841,400,0.25,0.16,0.14285714285714285,0.01,False,True,True,False,True,False,False
720575940641824200,flow,afferent,841,400,0.25,0.16,0.04,0.01,False,True,True,False,True,False,False
720575940605707198,flow,afferent,11352,400,0.25,0.16,0.14285714285714285,0.01,False,True,True,False,False,True,False
720575940605707198,flow,afferent,11352,400,0.25,0.16,0.04,0.01,False,True,True,False,False,False,False
720575940628337511,flow,afferent,2488,400,0.25,0.16,0.14285714285714285,0.01,True,True,True,True,True,False,False
720575940628337511,flow,afferent,2488,400,0.25,0.16,0.04,0.01,False,True,True,True,True,False,False
720575940604926082,flow,afferent,790,400,0.25,0.16,0.14285714285714285,0.01,True,True,True,False,True,False,False
720575940604926082,flow,afferent,790,400,0.25,0.16,0.04,0.01,True,True,True,False,True,False,False
720575940637149006,flow,afferent,476,400,0.25,0.16,0.14285714285714285,0.01,False,True,False,False,False,False,False
720575940637149006,flow,afferent,476,400,0.25,0.16,0.04,0.01,False,True,False,False,False,False,False
720575940622109769,flow,afferent,610,400,0.25,0.16,0.14285714285714285,0.01,True,True,True,False,True,False,False
720575940622109769,flow,afferent,610,400,0.25,0.16,0.04,0.01,True,True,True,False,True,False,False
720575940622102182,flow,afferent,2244,400,0.25,0.16,0.14285714285714285,0.01,True,True,True,True,True,True,False
720575940622102182,flow,afferent,2244,400,0.25,0.16,0.04,0.01,False,True,True,True,False,False,False
720575940633183559,flow,afferent,1292,400,0.25,0.16,0.14285714285714285,0.01,False,True,True,False,False,False,False
720575940633183559,flow,afferent,1292,400,0.25,0.16,0.04,0.01,False,True,False,False,False,False,False
720575940629416266,flow,afferent,4876,400,0.25,0.16,0.14285714285714285,0.01,False,True,True,False,True,True,False
720575940629416266,flow,afferent,4876,400,0.25,0.16,0.04,0.01,False,True,True,False,True,False,False
720575940618459485,flow,afferent,662,400,0.25,0.16,0.14285714285714285,0.01,True,True,True,False,True,True,False
720575940618459485,flow,afferent,662,400,0.25,0.16,0.04,0.01,True,True,True,False,False,True,False
720575940621749697,flow,afferent,2630,400,0.25,0.16,0.14285714285714285,0.01,True,False,True,False,True,True,False
720575940621749697,flow,afferent,2630,400,0.25,0.16,0.04,0.01,True,False,True,False,False,False,False
720575940611603502,flow,afferent,6268,400,0.25,0.16,0.14285714285714285,0.01,True,True,True,True,True,False,False
720575940611603502,flow,afferent,6268,400,0.25,0.16,0.04,0.01,True,True,True,False,False,False,False
720575940634725345,flow,afferent,1604,400,0.25,0.16,0.14285714285714285,0.01,True,True,True,False,False,True,False
720575940634725345,flow,afferent,1604,400,0.25,0.16,0.04,0.01,True,True,True,False,False,True,False
720575940635591776,flow,afferent,13471,400,0.25,0.16,0.14285714285714285,0.01,False,True,False,True,False,False,False
720575940635591776,flow,afferent,13471,400,0.25,0.16,0.04,0.01,False,True,False,True,False,False,False
720575940645704996,flow,afferent,8046,400,0.25,0.16,0.14285714285714285,0.01,True,True,True,False,False,False,False
720575940645704996,flow,afferent,8046,400,0.25,0.16,0.04,0.01,False,True,True,False,False,False,False
720575940620096926,flow,afferent,2152,400,0.25,0.16,0.14285714285714285,0.01,True,True,True,False,True,True,False
720575940620096926,flow,afferent,2152,400,0.25,0.16,0.04,0.01,True,False,True,False,False,False,False
720575940627200004,flow,afferent,2430,400,0.25,0.16,0.14285714285714285,0.01,False,True,False,False,True,False,False
720575940627200004,flow,afferent,2430,400,0.25,0.16,0.04,0.01,False,True,False,False,False,False,False
720575940621765813,flow,afferent,2470,400,0.25,0.16,0.14285714285714285,0.01,True,True,True,False,False,False,False
720575940621765813,flow,afferent,2470,400,0.25,0.16,0.04,0.01,False,True,True,False,False,False,False
720575940603659488,flow,afferent,493,400,0.25,0.16,0.14285714285714285,0.01,True,True,False,False,True,True,False
720575940603659488,flow,afferent,493,400,0.25,0.16,0.04,0.01,True,True,False,False,True,False,False
720575940621019120,flow,afferent,410,400,0.25,0.16,0.14285714285714285,0.01,True,True,False,False,True,True,False
720575940621019120,flow,afferent,410,400,0.25,0.16,0.04,0.01,True,True,False,False,True,False,False
720575940635072111,flow,afferent,603,400,0.25,0.16,0.14285714285714285,0.01,False,True,False,False,True,True,False
720575940635072111,flow,afferent,603,400,0.25,0.16,0.04,0.01,False,True,False,False,True,True,False
720575940634468975,flow,afferent,558,400,0.25,0.16,0.14285714285714285,0.01,True,True,False,False,True,True,False
720575940634468975,flow,afferent,558,400,0.25,0.16,0.04,0.01,False,True,False,False,True,True,False
720575940626698568,flow,afferent,659,400,0.25,0.16,0.14285714285714285,0.01,False,True,False,False,True,True,False
720575940626698568,flow,afferent,659,400,0.25,0.16,0.04,0.01,False,True,False,False,True,True,False
720575940613365650,flow,afferent,440,400,0.25,0.16,0.14285714285714285,0.01,False,True,False,False,True,True,False
720575940613365650,flow,afferent,440,400,0.25,0.16,0.04,0.01,False,True,False,False,True,True,False
720575940643757422,flow,afferent,566,400,0.25,0.16,0.14285714285714285,0.01,False,True,False,False,True,True,False
720575940643757422,flow,afferent,566,400,0.25,0.16,0.04,0.01,False,True,False,False,True,True,False
720575940615856779,flow,afferent,515,400,0.25,0.16,0.14285714285714285,0.01,True,True,False,False,True,True,False
720575940615856779,flow,afferent,515,400,0.25,0.16,0.04,0.01,True,True,False,False,True,True,False
720575940610605530,flow,afferent,488,400,0.25,0.16,0.14285714285714285,0.01,False,True,False,False,True,True,False
720575940610605530,flow,afferent,488,400,0.25,0.16,0.04,0.01,False,True,False,False,True,True,False
720575940645941102,flow,afferent,471,400,0.25,0.16,0.14285714285714285,0.01,True,True,False,False,True,True,False
720575940645941102,flow,afferent,471,400,0.25,0.16,0.04,0.01,True,True,False,False,True,True,False
720575940633837247,flow,afferent,616,400,0.25,0.16,0.14285714285714285,0.01,True,True,False,False,True,True,False
720575940633837247,flow,afferent,616,400,0.25,0.16,0.04,0.01,True,True,False,False,True,True,False
720575940635277998,flow,afferent,495,400,0.25,0.16,0.14285714285714285,0.01,True,True,False,False,True,True,False
720575940635277998,flow,afferent,495,400,0.25,0.16,0.04,0.01,True,True,False,False,True,True,False
720575940619318619,flow,afferent,403,400,0.25,0.16,0.14285714285714285,0.01,True,True,True,False,True,True,False
720575940619318619,flow,afferent,403,400,0.25,0.16,0.04,0.01,True,True,True,False,True,True,False
720575940631012664,flow,afferent,466,400,0.25,0.16,0.14285714285714285,0.01,True,True,False,False,True,False,False
720575940631012664,flow,afferent,466,400,0.25,0.16,0.04,0.01,True,True,False,False,True,False,False
720575940631943213,flow,afferent,606,400,0.25,0.16,0.14285714285714285,0.01,False,True,False,False,True,True,False
720575940631943213,flow,afferent,606,400,0.25,0.16,0.04,0.01,False,True,False,False,True,True,False
720575940627643398,flow,afferent,562,400,0.25,0.16,0.14285714285714285,0.01,True,True,False,False,True,True,False
720575940627643398,flow,afferent,562,400,0.25,0.16,0.04,0.01,True,True,False,False,True,True,False
720575940624958757,flow,afferent,660,400,0.25,0.16,0.14285714285714285,0.01,False,True,False,False,True,True,False
720575940624958757,flow,afferent,660,400,0.25,0.16,0.04,0.01,False,True,False,False,True,True,False
720575940638894976,flow,afferent,722,400,0.25,0.16,0.14285714285714285,0.01,True,True,False,False,True,True,False
720575940638894976,flow,afferent,722,400,0.25,0.16,0.04,0.01,True,True,False,False,True,True,False
720575940627451388,flow,afferent,497,400,0.25,0.16,0.14285714285714285,0.01,True,True,False,False,True,True,False
720575940627451388,flow,afferent,497,400,0.25,0.16,0.04,0.01,True,True,False,False,True,True,False
720575940626618696,flow,afferent,642,400,0.25,0.16,0.14285714285714285,0.01,True,True,True,False,True,True,False
720575940626618696,flow,afferent,642,400,0.25,0.16,0.04,0.01,True,True,True,False,True,True,False
720575940645345332,flow,afferent,615,400,0.25,0.16,0.14285714285714285,0.01,True,True,False,False,True,True,False
720575940645345332,flow,afferent,615,400,0.25,0.16,0.04,0.01,False,True,False,False,True,False,False
720575940617094429,flow,afferent,539,400,0.25,0.16,0.14285714285714285,0.01,False,True,False,False,True,True,False
720575940617094429,flow,afferent,539,400,0.25,0.16,0.04,0.01,False,True,False,False,True,False,False
720575940621285452,flow,afferent,498,400,0.25,0.16,0.14285714285714285,0.01,True,True,True,False,True,True,False
720575940621285452,flow,afferent,498,400,0.25,0.16,0.04,0.01,True,True,True,False,True,True,False
720575940633909695,flow,afferent,423,400,0.25,0.16,0.14285714285714285,0.01,True,True,True,False,True,True,False
720575940633909695,flow,afferent,423,400,0.25,0.16,0.04,0.01,False,True,True,False,True,True,False
720575940629326841,flow,afferent,594,400,0.25,0.16,0.14285714285714285,0.01,True,True,False,False,True,True,False
720575940629326841,flow,afferent,594,400,0.25,0.16,0.04,0.01,False,True,False,False,True,True,False
720575940631941587,flow,afferent,520,400,0.25,0.16,0.14285714285714285,0.01,False,True,False,False,True,True,False
720575940631941587,flow,afferent,520,400,0.25,0.16,0.04,0.01,False,True,False,False,True,True,False
720575940644237591,flow,afferent,492,400,0.25,0.16,0.14285714285714285,0.01,False,True,False,True,True,True,False
720575940644237591,flow,afferent,492,400,0.25,0.16,0.04,0.01,False,True,False,True,True,True,False
720575940638974848,flow,afferent,699,400,0.25,0.16,0.14285714285714285,0.01,True,True,False,False,True,True,False
720575940638974848,flow,afferent,699,400,0.25,0.16,0.04,0.01,False,True,False,False,True,True,False
720575940636975582,flow,afferent,763,400,0.25,0.16,0.14285714285714285,0.01,True,True,False,False,True,True,False
720575940636975582,flow,afferent,763,400,0.25,0.16,0.04,0.01,True,True,False,False,True,True,False
720575940616704581,flow,afferent,511,400,0.25,0.16,0.14285714285714285,0.01,True,True,False,False,True,True,False
720575940616704581,flow,afferent,511,400,0.25,0.16,0.04,0.01,True,True,False,False,True,True,False
720575940609065774,flow,afferent,534,400,0.25,0.16,0.14285714285714285,0.01,True,True,False,False,True,True,False
720575940609065774,flow,afferent,534,400,0.25,0.16,0.04,0.01,True,True,False,False,True,True,False
720575940610036834,flow,afferent,557,400,0.25,0.16,0.14285714285714285,0.01,False,True,False,False,True,True,False
720575940610036834,flow,afferent,557,400,0.25,0.16,0.04,0.01,False,True,False,False,True,True,False
720575940620408560,flow,afferent,464,400,0.25,0.16,0.14285714285714285,0.01,True,True,False,False,True,True,False
720575940620408560,flow,afferent,464,400,0.25,0.16,0.04,0.01,True,True,False,False,True,True,False
720575940618606983,flow,afferent,693,400,0.25,0.16,0.14285714285714285,0.01,True,True,False,False,True,True,False
720575940618606983,flow,afferent,693,400,0.25,0.16,0.04,0.01,True,True,False,False,True,True,False
720575940629349164,flow,afferent,551,400,0.25,0.16,0.14285714285714285,0.01,True,True,False,False,True,True,False
720575940629349164,flow,afferent,551,400,0.25,0.16,0.04,0.01,False,True,False,False,True,True,False
720575940619111883,flow,afferent,561,400,0.25,0.16,0.14285714285714285,0.01,True,True,False,False,True,True,False
720575940619111883,flow,afferent,561,400,0.25,0.16,0.04,0.01,True,True,False,False,True,False,False
720575940607865180,flow,afferent,604,400,0.25,0.16,0.14285714285714285,0.01,True,True,False,False,True,True,False
720575940607865180,flow,afferent,604,400,0.25,0.16,0.04,0.01,True,True,False,False,True,True,False
720575940616356281,flow,afferent,931,400,0.25,0.16,0.14285714285714285,0.01,True,True,False,False,True,False,False
720575940616356281,flow,afferent,931,400,0.25,0.16,0.04,0.01,True,True,False,False,True,False,False
720575940609845454,flow,afferent,511,400,0.25,0.16,0.14285714285714285,0.01,True,True,False,False,True,True,False
720575940609845454,flow,afferent,511,400,0.25,0.16,0.04,0.01,True,True,False,False,True,True,False
720575940628993900,flow,afferent,635,400,0.25,0.16,0.14285714285714285,0.01,False,True,False,False,True,True,False
720575940628993900,flow,afferent,635,400,0.25,0.16,0.04,0.01,False,True,False,False,True,True,False
720575940640331995,flow,afferent,483,400,0.25,0.16,0.14285714285714285,0.01,True,True,False,False,True,False,False
720575940640331995,flow,afferent,483,400,0.25,0.16,0.04,0.01,True,True,False,False,True,False,False
720575940623032102,flow,afferent,555,400,0.25,0.16,0.14285714285714285,0.01,False,True,False,False,True,True,False
720575940623032102,flow,afferent,555,400,0.25,0.16,0.04,0.01,False,True,False,False,True,True,False
720575940629162870,flow,afferent,578,400,0.25,0.16,0.14285714285714285,0.01,True,True,False,False,True,True,False
720575940629162870,flow,afferent,578,400,0.25,0.16,0.04,0.01,True,True,False,False,True,True,False
720575940628452711,flow,afferent,669,400,0.25,0.16,0.14285714285714285,0.01,True,True,False,False,True,True,False
720575940628452711,flow,afferent,669,400,0.25,0.16,0.04,0.01,True,True,False,False,True,True,False
720575940633857687,flow,afferent,530,400,0.25,0.16,0.14285714285714285,0.01,False,True,False,True,True,True,False
720575940633857687,flow,afferent,530,400,0.25,0.16,0.04,0.01,False,True,False,True,True,True,False
720575940616398898,flow,afferent,498,400,0.25,0.16,0.14285714285714285,0.01,True,True,True,False,True,True,False
720575940616398898,flow,afferent,498,400,0.25,0.16,0.04,0.01,True,True,True,False,True,True,False
720575940626138378,flow,afferent,494,400,0.25,0.16,0.14285714285714285,0.01,False,True,False,False,True,True,False
720575940626138378,flow,afferent,494,400,0.25,0.16,0.04,0.01,False,True,False,False,True,True,False
720575940632308684,flow,afferent,505,400,0.25,0.16,0.14285714285714285,0.01,True,True,False,False,True,True,False
720575940632308684,flow,afferent,505,400,0.25,0.16,0.04,0.01,True,True,False,False,True,True,False
720575940628408143,flow,afferent,533,400,0.25,0.16,0.14285714285714285,0.01,True,True,False,False,True,True,False
720575940628408143,flow,afferent,533,400,0.25,0.16,0.04,0.01,True,True,False,False,True,True,False
720575940631953619,flow,afferent,517,400,0.25,0.16,0.14285714285714285,0.01,True,True,False,False,True,True,False
720575940631953619,flow,afferent,517,400,0.25,0.16,0.04,0.01,True,True,False,False,True,True,False
720575940626199059,flow,afferent,995,400,0.25,0.16,0.14285714285714285,0.01,True,True,False,False,True,True,False
720575940626199059,flow,afferent,995,400,0.25,0.16,0.04,0.01,False,True,False,False,True,True,False
720575940622403881,flow,afferent,491,400,0.25,0.16,0.14285714285714285,0.01,False,True,False,False,True,True,False
720575940622403881,flow,afferent,491,400,0.25,0.16,0.04,0.01,False,True,False,False,True,False,False
720575940624147600,flow,afferent,584,400,0.25,0.16,0.14285714285714285,0.01,True,True,False,False,True,True,False
720575940624147600,flow,afferent,584,400,0.25,0.16,0.04,0.01,False,True,False,False,True,True,False
720575940628225323,flow,afferent,431,400,0.25,0.16,0.14285714285714285,0.01,True,True,False,False,True,True,False
720575940628225323,flow,afferent,431,400,0.25,0.16,0.04,0.01,True,True,False,False,True,True,False
720575940610682578,flow,afferent,525,400,0.25,0.16,0.14285714285714285,0.01,False,True,False,False,True,True,False
720575940610682578,flow,afferent,525,400,0.25,0.16,0.04,0.01,False,True,False,False,True,True,False
720575940626357586,flow,afferent,480,400,0.25,0.16,0.14285714285714285,0.01,False,True,False,False,True,True,False
720575940626357586,flow,afferent,480,400,0.25,0.16,0.04,0.01,False,True,False,False,True,True,False
720575940635159982,flow,afferent,948,400,0.25,0.16,0.14285714285714285,0.01,True,True,False,False,True,True,False
720575940635159982,flow,afferent,948,400,0.25,0.16,0.04,0.01,True,True,False,False,True,True,False
720575940621373680,flow,afferent,415,400,0.25,0.16,0.14285714285714285,0.01,True,True,True,False,True,True,False
720575940621373680,flow,afferent,415,400,0.25,0.16,0.04,0.01,True,True,False,False,True,True,False
720575940616599069,flow,afferent,438,400,0.25,0.16,0.14285714285714285,0.01,True,True,False,False,True,True,False
720575940616599069,flow,afferent,438,400,0.25,0.16,0.04,0.01,True,True,False,False,True,True,False
720575940639836624,flow,afferent,502,400,0.25,0.16,0.14285714285714285,0.01,True,True,False,False,True,True,False
720575940639836624,flow,afferent,502,400,0.25,0.16,0.04,0.01,True,True,False,False,True,True,False
720575940625383155,flow,afferent,414,400,0.25,0.16,0.14285714285714285,0.01,True,True,True,False,True,True,False
720575940625383155,flow,afferent,414,400,0.25,0.16,0.04,0.01,True,True,False,False,True,True,False
720575940626064138,flow,afferent,431,400,0.25,0.16,0.14285714285714285,0.01,True,True,False,False,True,True,False
720575940626064138,flow,afferent,431,400,0.25,0.16,0.04,0.01,False,True,False,False,True,True,False
720575940647097732,flow,afferent,522,400,0.25,0.16,0.14285714285714285,0.01,False,True,False,False,True,True,False
720575940647097732,flow,afferent,522,400,0.25,0.16,0.04,0.01,False,True,False,False,True,True,False
720575940619440878,flow,afferent,430,400,0.25,0.16,0.14285714285714285,0.01,True,True,False,False,True,True,False
720575940619440878,flow,afferent,430,400,0.25,0.16,0.04,0.01,True,True,False,False,True,True,False
720575940621904166,flow,afferent,476,400,0.25,0.16,0.14285714285714285,0.01,True,True,False,False,True,True,False
720575940621904166,flow,afferent,476,400,0.25,0.16,0.04,0.01,True,True,False,False,True,True,False
720575940626012433,flow,afferent,429,400,0.25,0.16,0.14285714285714285,0.01,True,True,False,False,True,True,False
720575940626012433,flow,afferent,429,400,0.25,0.16,0.04,0.01,False,True,False,False,True,True,False
720575940631512376,flow,afferent,491,400,0.25,0.16,0.14285714285714285,0.01,True,True,False,False,True,True,False
720575940631512376,flow,afferent,491,400,0.25,0.16,0.04,0.01,True,True,False,False,True,True,False
720575940629384953,flow,afferent,563,400,0.25,0.16,0.14285714285714285,0.01,True,True,False,False,True,True,False
720575940629384953,flow,afferent,563,400,0.25,0.16,0.04,0.01,False,True,False,False,True,True,False
720575940633475991,flow,afferent,519,400,0.25,0.16,0.14285714285714285,0.01,True,True,False,False,True,True,False
720575940633475991,flow,afferent,519,400,0.25,0.16,0.04,0.01,True,True,False,False,True,False,False
720575940629226044,flow,afferent,425,400,0.25,0.16,0.14285714285714285,0.01,True,True,False,False,True,False,False
720575940629226044,flow,afferent,425,400,0.25,0.16,0.04,0.01,True,True,False,False,True,False,False
720575940620679233,flow,afferent,605,400,0.25,0.16,0.14285714285714285,0.01,True,True,False,False,True,True,False
720575940620679233,flow,afferent,605,400,0.25,0.16,0.04,0.01,False,True,False,False,True,True,False
720575940628198759,flow,afferent,452,400,0.25,0.16,0.14285714285714285,0.01,True,True,False,False,True,True,False
720575940628198759,flow,afferent,452,400,0.25,0.16,0.04,0.01,True,True,False,False,True,True,False
720575940628565776,flow,afferent,439,400,0.25,0.16,0.14285714285714285,0.01,True,True,False,False,True,True,False
720575940628565776,flow,afferent,439,400,0.25,0.16,0.04,0.01,True,True,False,False,True,True,False
720575940614257986,flow,afferent,619,400,0.25,0.16,0.14285714285714285,0.01,True,True,False,False,True,True,False
720575940614257986,flow,afferent,619,400,0.25,0.16,0.04,0.01,True,True,False,False,True,True,False
720575940618946901,flow,afferent,417,400,0.25,0.16,0.14285714285714285,0.01,True,True,False,True,True,True,False
720575940618946901,flow,afferent,417,400,0.25,0.16,0.04,0.01,True,True,False,True,True,True,False
720575940619298731,flow,afferent,410,400,0.25,0.16,0.14285714285714285,0.01,True,True,True,True,True,True,False
720575940619298731,flow,afferent,410,400,0.25,0.16,0.04,0.01,True,True,False,True,True,True,False
720575940611157466,flow,afferent,420,400,0.25,0.16,0.14285714285714285,0.01,True,True,True,False,True,True,False
720575940611157466,flow,afferent,420,400,0.25,0.16,0.04,0.01,True,True,True,False,True,True,False
720575940603871404,flow,afferent,465,400,0.25,0.16,0.14285714285714285,0.01,True,True,False,False,True,True,False
720575940603871404,flow,afferent,465,400,0.25,0.16,0.04,0.01,True,True,False,False,True,True,False
720575940639506776,flow,afferent,504,400,0.25,0.16,0.14285714285714285,0.01,True,True,False,False,True,True,False
720575940639506776,flow,afferent,504,400,0.25,0.16,0.04,0.01,False,True,False,False,True,True,False
720575940627465871,flow,afferent,552,400,0.25,0.16,0.14285714285714285,0.01,True,True,False,False,True,True,False
720575940627465871,flow,afferent,552,400,0.25,0.16,0.04,0.01,True,True,False,False,True,True,False
720575940621767629,flow,afferent,580,400,0.25,0.16,0.14285714285714285,0.01,True,True,False,False,True,True,False
720575940621767629,flow,afferent,580,400,0.25,0.16,0.04,0.01,True,True,False,False,True,True,False
720575940618512331,flow,afferent,472,400,0.25,0.16,0.14285714285714285,0.01,True,True,False,False,True,True,False
720575940618512331,flow,afferent,472,400,0.25,0.16,0.04,0.01,True,True,False,False,True,True,False
720575940625044743,flow,afferent,520,400,0.25,0.16,0.14285714285714285,0.01,True,True,False,False,True,True,False
720575940625044743,flow,afferent,520,400,0.25,0.16,0.04,0.01,True,True,False,False,True,True,False
720575940630734587,flow,afferent,510,400,0.25,0.16,0.14285714285714285,0.01,True,True,False,False,True,True,False
720575940630734587,flow,afferent,510,400,0.25,0.16,0.04,0.01,True,True,False,False,True,True,False
720575940613466577,flow,afferent,775,400,0.25,0.16,0.14285714285714285,0.01,True,True,False,False,True,True,False
720575940613466577,flow,afferent,775,400,0.25,0.16,0.04,0.01,False,True,False,False,True,True,False
720575940624500519,flow,afferent,498,400,0.25,0.16,0.14285714285714285,0.01,False,True,False,True,True,True,False
720575940624500519,flow,afferent,498,400,0.25,0.16,0.04,0.01,False,True,False,True,True,True,False
720575940626125626,flow,afferent,1000,400,0.25,0.16,0.14285714285714285,0.01,True,True,False,True,True,False,False
720575940626125626,flow,afferent,1000,400,0.25,0.16,0.04,0.01,True,True,False,True,True,False,False
720575940627316303,flow,afferent,795,400,0.25,0.16,0.14285714285714285,0.01,True,True,False,False,True,True,False
720575940627316303,flow,afferent,795,400,0.25,0.16,0.04,0.01,False,True,False,False,True,True,False
720575940614105342,flow,afferent,710,400,0.25,0.16,0.14285714285714285,0.01,True,True,False,True,True,True,False
720575940614105342,flow,afferent,710,400,0.25,0.16,0.04,0.01,True,True,False,True,True,True,False
720575940615659381,flow,afferent,660,400,0.25,0.16,0.14285714285714285,0.01,True,True,False,False,True,True,False
720575940615659381,flow,afferent,660,400,0.25,0.16,0.04,0.01,True,True,False,False,True,True,False
720575940626202237,flow,afferent,693,400,0.25,0.16,0.14285714285714285,0.01,True,True,False,False,True,True,False
720575940626202237,flow,afferent,693,400,0.25,0.16,0.04,0.01,True,True,False,False,True,True,False
720575940630738171,flow,afferent,988,400,0.25,0.16,0.14285714285714285,0.01,True,True,False,False,True,True,False
720575940630738171,flow,afferent,988,400,0.25,0.16,0.04,0.01,True,True,False,False,True,True,False
720575940629350782,flow,afferent,718,400,0.25,0.16,0.14285714285714285,0.01,True,True,True,False,True,True,False
720575940629350782,flow,afferent,718,400,0.25,0.16,0.04,0.01,False,True,False,False,True,True,False
720575940617645652,flow,afferent,526,400,0.25,0.16,0.14285714285714285,0.01,True,True,False,False,True,True,False
720575940617645652,flow,afferent,526,400,0.25,0.16,0.04,0.01,True,True,False,False,True,True,False
720575940631084684,flow,afferent,972,400,0.25,0.16,0.14285714285714285,0.01,True,True,False,False,True,False,False
720575940631084684,flow,afferent,972,400,0.25,0.16,0.04,0.01,False,True,False,False,True,False,False
720575940638872629,flow,afferent,901,400,0.25,0.16,0.14285714285714285,0.01,True,True,False,False,True,True,False
720575940638872629,flow,afferent,901,400,0.25,0.16,0.04,0.01,False,True,False,False,True,True,False
720575940627817260,flow,afferent,678,400,0.25,0.16,0.14285714285714285,0.01,True,True,True,False,True,True,False
720575940627817260,flow,afferent,678,400,0.25,0.16,0.04,0.01,True,True,False,False,True,True,False
720575940620253311,flow,afferent,1036,400,0.25,0.16,0.14285714285714285,0.01,True,True,False,False,True,True,False
720575940620253311,flow,afferent,1036,400,0.25,0.16,0.04,0.01,True,True,False,False,True,True,False
720575940630696901,flow,afferent,983,400,0.25,0.16,0.14285714285714285,0.01,False,True,False,False,True,True,False
720575940630696901,flow,afferent,983,400,0.25,0.16,0.04,0.01,False,True,False,False,True,True,False
720575940611845034,flow,afferent,749,400,0.25,0.16,0.14285714285714285,0.01,False,True,False,False,True,True,False
720575940611845034,flow,afferent,749,400,0.25,0.16,0.04,0.01,False,True,False,False,True,True,False
720575940629343799,flow,afferent,1239,400,0.25,0.16,0.14285714285714285,0.01,True,True,False,False,True,True,False
720575940629343799,flow,afferent,1239,400,0.25,0.16,0.04,0.01,True,True,False,False,True,False,False
720575940648191609,flow,afferent,646,400,0.25,0.16,0.14285714285714285,0.01,True,True,False,False,True,True,False
720575940648191609,flow,afferent,646,400,0.25,0.16,0.04,0.01,True,True,False,False,True,True,False
720575940617454114,flow,afferent,875,400,0.25,0.16,0.14285714285714285,0.01,True,True,False,False,True,True,False
720575940617454114,flow,afferent,875,400,0.25,0.16,0.04,0.01,False,True,False,False,True,True,False
720575940620705012,flow,afferent,746,400,0.25,0.16,0.14285714285714285,0.01,True,True,False,False,True,False,False
720575940620705012,flow,afferent,746,400,0.25,0.16,0.04,0.01,True,True,False,False,True,False,False
720575940618806101,flow,afferent,438,400,0.25,0.16,0.14285714285714285,0.01,True,True,False,False,True,True,False
720575940618806101,flow,afferent,438,400,0.25,0.16,0.04,0.01,True,True,False,False,True,True,False
720575940612149014,flow,afferent,495,400,0.25,0.16,0.14285714285714285,0.01,True,True,False,False,True,True,False
720575940612149014,flow,afferent,495,400,0.25,0.16,0.04,0.01,True,True,False,False,True,True,False
720575940609586645,flow,afferent,414,400,0.25,0.16,0.14285714285714285,0.01,False,True,False,False,True,True,False
720575940609586645,flow,afferent,414,400,0.25,0.16,0.04,0.01,False,True,False,False,True,True,False
720575940623267559,flow,afferent,1212,400,0.25,0.16,0.14285714285714285,0.01,True,True,False,False,True,False,False
720575940623267559,flow,afferent,1212,400,0.25,0.16,0.04,0.01,False,True,False,False,True,False,False
720575940620024560,flow,afferent,565,400,0.25,0.16,0.14285714285714285,0.01,True,True,True,False,True,True,False
720575940620024560,flow,afferent,565,400,0.25,0.16,0.04,0.01,True,True,True,False,True,True,False
720575940624853276,flow,afferent,675,400,0.25,0.16,0.14285714285714285,0.01,True,True,False,False,True,True,False
720575940624853276,flow,afferent,675,400,0.25,0.16,0.04,0.01,False,True,False,False,True,True,False
720575940617626781,flow,afferent,441,400,0.25,0.16,0.14285714285714285,0.01,True,True,False,False,True,True,False
720575940617626781,flow,afferent,441,400,0.25,0.16,0.04,0.01,True,True,False,False,True,True,False
720575940612140781,flow,afferent,592,400,0.25,0.16,0.14285714285714285,0.01,True,True,False,False,True,True,False
720575940612140781,flow,afferent,592,400,0.25,0.16,0.04,0.01,True,True,False,False,True,True,False
720575940631003723,flow,afferent,695,400,0.25,0.16,0.14285714285714285,0.01,True,True,False,True,True,True,False
720575940631003723,flow,afferent,695,400,0.25,0.16,0.04,0.01,True,True,False,True,True,True,False
720575940646094388,flow,afferent,509,400,0.25,0.16,0.14285714285714285,0.01,True,True,False,False,True,True,False
720575940646094388,flow,afferent,509,400,0.25,0.16,0.04,0.01,True,True,False,False,True,True,False
720575940611208818,flow,afferent,922,400,0.25,0.16,0.14285714285714285,0.01,True,True,False,False,True,True,False
720575940611208818,flow,afferent,922,400,0.25,0.16,0.04,0.01,True,True,False,False,True,True,False
720575940611905138,flow,afferent,676,400,0.25,0.16,0.14285714285714285,0.01,True,True,False,False,True,True,False
720575940611905138,flow,afferent,676,400,0.25,0.16,0.04,0.01,False,True,False,False,True,True,False
720575940637728063,flow,afferent,685,400,0.25,0.16,0.14285714285714285,0.01,True,True,False,True,True,True,False
720575940637728063,flow,afferent,685,400,0.25,0.16,0.04,0.01,True,True,False,False,True,True,False
720575940615831947,flow,afferent,759,400,0.25,0.16,0.14285714285714285,0.01,True,True,False,False,True,False,False
720575940615831947,flow,afferent,759,400,0.25,0.16,0.04,0.01,True,True,False,False,False,False,False
720575940619429803,flow,afferent,861,400,0.25,0.16,0.14285714285714285,0.01,True,True,False,False,False,False,False
720575940619429803,flow,afferent,861,400,0.25,0.16,0.04,0.01,True,True,False,False,False,False,False
720575940615809366,flow,afferent,1080,400,0.25,0.16,0.14285714285714285,0.01,True,True,False,False,True,True,False
720575940615809366,flow,afferent,1080,400,0.25,0.16,0.04,0.01,True,True,False,False,True,True,False
720575940627239848,flow,afferent,965,400,0.25,0.16,0.14285714285714285,0.01,True,True,False,False,True,True,False
720575940627239848,flow,afferent,965,400,0.25,0.16,0.04,0.01,False,True,False,False,True,False,False
720575940625868184,flow,afferent,1047,400,0.25,0.16,0.14285714285714285,0.01,False,True,False,False,True,False,False
720575940625868184,flow,afferent,1047,400,0.25,0.16,0.04,0.01,False,True,False,False,True,False,False
720575940621897496,flow,afferent,824,400,0.25,0.16,0.14285714285714285,0.01,True,True,False,False,True,True,False
720575940621897496,flow,afferent,824,400,0.25,0.16,0.04,0.01,False,True,False,False,True,True,False
720575940614053405,flow,afferent,662,400,0.25,0.16,0.14285714285714285,0.01,True,True,True,True,True,True,False
720575940614053405,flow,afferent,662,400,0.25,0.16,0.04,0.01,True,True,False,False,True,True,False
720575940627787343,flow,afferent,606,400,0.25,0.16,0.14285714285714285,0.01,True,True,False,False,True,True,False
720575940627787343,flow,afferent,606,400,0.25,0.16,0.04,0.01,True,True,False,False,True,True,False
720575940631474316,flow,afferent,605,400,0.25,0.16,0.14285714285714285,0.01,True,True,False,True,True,True,False
720575940631474316,flow,afferent,605,400,0.25,0.16,0.04,0.01,False,True,False,True,True,True,False
720575940626856721,flow,afferent,990,400,0.25,0.16,0.14285714285714285,0.01,True,True,False,False,True,True,False
720575940626856721,flow,afferent,990,400,0.25,0.16,0.04,0.01,True,True,False,False,True,True,False
720575940631413585,flow,afferent,638,400,0.25,0.16,0.14285714285714285,0.01,True,True,False,False,True,True,False
720575940631413585,flow,afferent,638,400,0.25,0.16,0.04,0.01,True,True,False,False,False,True,False
720575940606974219,flow,afferent,424,400,0.25,0.16,0.14285714285714285,0.01,True,True,False,False,True,True,False
720575940606974219,flow,afferent,424,400,0.25,0.16,0.04,0.01,True,True,False,False,True,True,False
720575940619430571,flow,afferent,860,400,0.25,0.16,0.14285714285714285,0.01,True,True,False,False,True,True,False
720575940619430571,flow,afferent,860,400,0.25,0.16,0.04,0.01,False,True,False,False,True,True,False
720575940612700450,flow,afferent,585,400,0.25,0.16,0.14285714285714285,0.01,True,True,True,True,True,True,False
720575940612700450,flow,afferent,585,400,0.25,0.16,0.04,0.01,True,True,True,True,True,True,False
720575940624849040,flow,afferent,710,400,0.25,0.16,0.14285714285714285,0.01,True,True,True,False,True,False,False
720575940624849040,flow,afferent,710,400,0.25,0.16,0.04,0.01,True,True,True,False,True,False,False
720575940621137833,flow,afferent,798,400,0.25,0.16,0.14285714285714285,0.01,False,True,False,False,True,True,False
720575940621137833,flow,afferent,798,400,0.25,0.16,0.04,0.01,False,True,False,False,False,True,False
720575940629724411,flow,afferent,425,400,0.25,0.16,0.14285714285714285,0.01,True,True,False,False,True,True,False
720575940629724411,flow,afferent,425,400,0.25,0.16,0.04,0.01,False,True,False,False,True,True,False
720575940606001074,flow,afferent,783,400,0.25,0.16,0.14285714285714285,0.01,True,True,True,False,True,True,False
720575940606001074,flow,afferent,783,400,0.25,0.16,0.04,0.01,False,True,False,False,True,True,False
720575940638165875,flow,afferent,1018,400,0.25,0.16,0.14285714285714285,0.01,False,True,False,False,True,True,False
720575940638165875,flow,afferent,1018,400,0.25,0.16,0.04,0.01,False,True,False,False,True,True,False
720575940604675430,flow,afferent,975,400,0.25,0.16,0.14285714285714285,0.01,True,True,False,False,True,True,False
720575940604675430,flow,afferent,975,400,0.25,0.16,0.04,0.01,True,True,False,False,True,True,False
720575940611111907,flow,afferent,572,400,0.25,0.16,0.14285714285714285,0.01,True,True,True,False,True,True,False
720575940611111907,flow,afferent,572,400,0.25,0.16,0.04,0.01,False,True,True,False,True,True,False
720575940609633378,flow,afferent,442,400,0.25,0.16,0.14285714285714285,0.01,False,True,False,False,True,True,False
720575940609633378,flow,afferent,442,400,0.25,0.16,0.04,0.01,False,True,False,False,True,True,False
720575940624964362,flow,afferent,573,400,0.25,0.16,0.14285714285714285,0.01,True,True,True,True,True,True,False
720575940624964362,flow,afferent,573,400,0.25,0.16,0.04,0.01,True,True,True,True,True,True,False
720575940635562096,flow,afferent,459,400,0.25,0.16,0.14285714285714285,0.01,True,True,True,True,True,True,False
720575940635562096,flow,afferent,459,400,0.25,0.16,0.04,0.01,True,True,True,True,True,True,False
720575940628769662,flow,afferent,929,400,0.25,0.16,0.14285714285714285,0.01,True,True,False,False,True,False,False
720575940628769662,flow,afferent,929,400,0.25,0.16,0.04,0.01,False,True,False,False,True,False,False
720575940631931183,flow,afferent,857,400,0.25,0.16,0.14285714285714285,0.01,True,True,False,False,True,True,False
720575940631931183,flow,afferent,857,400,0.25,0.16,0.04,0.01,False,True,False,False,True,True,False
720575940626822916,flow,afferent,615,400,0.25,0.16,0.14285714285714285,0.01,True,True,True,True,True,True,False
720575940626822916,flow,afferent,615,400,0.25,0.16,0.04,0.01,True,True,False,False,True,True,False
720575940631313455,flow,afferent,1055,400,0.25,0.16,0.14285714285714285,0.01,True,True,True,False,True,True,False
720575940631313455,flow,afferent,1055,400,0.25,0.16,0.04,0.01,True,True,True,False,True,False,False
720575940649154425,flow,afferent,1004,400,0.25,0.16,0.14285714285714285,0.01,True,True,False,False,True,True,False
720575940649154425,flow,afferent,1004,400,0.25,0.16,0.04,0.01,True,True,False,False,True,True,False
720575940659770497,flow,afferent,440,400,0.25,0.16,0.14285714285714285,0.01,True,True,False,False,True,True,False
720575940659770497,flow,afferent,440,400,0.25,0.16,0.04,0.01,True,True,False,False,True,True,False
720575940611662706,flow,afferent,503,400,0.25,0.16,0.14285714285714285,0.01,True,True,False,False,True,True,False
720575940611662706,flow,afferent,503,400,0.25,0.16,0.04,0.01,True,True,False,False,True,True,False
720575940616482363,flow,afferent,846,400,0.25,0.16,0.14285714285714285,0.01,False,True,False,False,True,True,False
720575940616482363,flow,afferent,846,400,0.25,0.16,0.04,0.01,False,True,False,False,True,True,False
720575940619519727,flow,afferent,949,400,0.25,0.16,0.14285714285714285,0.01,True,True,False,False,True,True,False
720575940619519727,flow,afferent,949,400,0.25,0.16,0.04,0.01,False,True,False,False,True,True,False
720575940630696645,flow,afferent,561,400,0.25,0.16,0.14285714285714285,0.01,True,True,True,False,True,True,False
720575940630696645,flow,afferent,561,400,0.25,0.16,0.04,0.01,True,True,False,False,True,True,False
720575940628703993,flow,afferent,847,400,0.25,0.16,0.14285714285714285,0.01,True,True,False,False,True,False,False
720575940628703993,flow,afferent,847,400,0.25,0.16,0.04,0.01,True,True,False,False,True,False,False
720575940623607527,flow,afferent,979,400,0.25,0.16,0.14285714285714285,0.01,True,True,False,False,True,False,False
720575940623607527,flow,afferent,979,400,0.25,0.16,0.04,0.01,True,True,False,False,True,False,False
720575940622204612,flow,afferent,410,400,0.25,0.16,0.14285714285714285,0.01,True,True,False,False,True,True,False
720575940622204612,flow,afferent,410,400,0.25,0.16,0.04,0.01,True,True,False,False,True,True,False
720575940614120190,flow,afferent,467,400,0.25,0.16,0.14285714285714285,0.01,True,True,False,False,True,True,False
720575940614120190,flow,afferent,467,400,0.25,0.16,0.04,0.01,True,True,False,False,True,True,False
720575940626240522,flow,afferent,650,400,0.25,0.16,0.14285714285714285,0.01,True,True,False,False,True,True,False
720575940626240522,flow,afferent,650,400,0.25,0.16,0.04,0.01,True,True,False,False,True,True,False
720575940625334424,flow,afferent,906,400,0.25,0.16,0.14285714285714285,0.01,True,True,False,False,True,True,False
720575940625334424,flow,afferent,906,400,0.25,0.16,0.04,0.01,True,True,False,False,True,True,False
720575940613798195,flow,afferent,1857,400,0.25,0.16,0.14285714285714285,0.01,True,True,False,False,True,False,False
720575940613798195,flow,afferent,1857,400,0.25,0.16,0.04,0.01,False,True,False,False,False,False,False
720575940644667246,flow,afferent,765,400,0.25,0.16,0.14285714285714285,0.01,True,True,False,False,True,False,False
720575940644667246,flow,afferent,765,400,0.25,0.16,0.04,0.01,False,True,False,False,True,False,False
720575940633422490,flow,afferent,1056,400,0.25,0.16,0.14285714285714285,0.01,True,True,False,False,True,True,False
720575940633422490,flow,afferent,1056,400,0.25,0.16,0.04,0.01,False,True,False,False,True,True,False
720575940654500257,flow,afferent,943,400,0.25,0.16,0.14285714285714285,0.01,True,True,False,False,True,True,False
720575940654500257,flow,afferent,943,400,0.25,0.16,0.04,0.01,False,True,False,False,True,True,False
720575940638229080,flow,afferent,1031,400,0.25,0.16,0.14285714285714285,0.01,True,True,True,False,True,True,False
720575940638229080,flow,afferent,1031,400,0.25,0.16,0.04,0.01,True,True,False,False,True,True,False
720575940638026842,flow,afferent,620,400,0.25,0.16,0.14285714285714285,0.01,True,True,False,True,True,True,False
720575940638026842,flow,afferent,620,400,0.25,0.16,0.04,0.01,True,True,False,True,True,True,False
720575940626984274,flow,afferent,459,400,0.25,0.16,0.14285714285714285,0.01,True,True,False,False,True,True,False
720575940626984274,flow,afferent,459,400,0.25,0.16,0.04,0.01,True,True,False,False,True,True,False
720575940633024924,flow,afferent,814,400,0.25,0.16,0.14285714285714285,0.01,True,True,False,False,True,True,False
720575940633024924,flow,afferent,814,400,0.25,0.16,0.04,0.01,False,True,False,False,True,True,False
720575940620319329,flow,afferent,476,400,0.25,0.16,0.14285714285714285,0.01,True,True,False,False,True,True,False
720575940620319329,flow,afferent,476,400,0.25,0.16,0.04,0.01,True,True,False,False,True,True,False
720575940607239947,flow,afferent,705,400,0.25,0.16,0.14285714285714285,0.01,True,True,True,True,True,True,False
720575940607239947,flow,afferent,705,400,0.25,0.16,0.04,0.01,True,True,False,False,True,True,False
720575940620671512,flow,afferent,592,400,0.25,0.16,0.14285714285714285,0.01,True,True,False,False,True,True,False
720575940620671512,flow,afferent,592,400,0.25,0.16,0.04,0.01,True,True,False,False,True,True,False
720575940616566745,flow,afferent,601,400,0.25,0.16,0.14285714285714285,0.01,False,True,False,False,True,True,False
720575940616566745,flow,afferent,601,400,0.25,0.16,0.04,0.01,False,True,False,False,True,True,False
720575940628335183,flow,afferent,560,400,0.25,0.16,0.14285714285714285,0.01,False,True,True,False,True,True,False
720575940628335183,flow,afferent,560,400,0.25,0.16,0.04,0.01,False,True,False,False,True,True,False
720575940626980358,flow,afferent,862,400,0.25,0.16,0.14285714285714285,0.01,False,True,False,False,True,True,False
720575940626980358,flow,afferent,862,400,0.25,0.16,0.04,0.01,False,True,False,False,True,True,False
720575940629099770,flow,afferent,555,400,0.25,0.16,0.14285714285714285,0.01,True,True,False,False,True,True,False
720575940629099770,flow,afferent,555,400,0.25,0.16,0.04,0.01,True,True,False,False,True,True,False
720575940625754643,flow,afferent,1058,400,0.25,0.16,0.14285714285714285,0.01,True,True,False,False,True,True,False
720575940625754643,flow,afferent,1058,400,0.25,0.16,0.04,0.01,True,True,False,False,True,True,False
720575940639449507,flow,afferent,539,400,0.25,0.16,0.14285714285714285,0.01,True,True,True,False,True,True,False
720575940639449507,flow,afferent,539,400,0.25,0.16,0.04,0.01,True,True,True,False,True,True,False
720575940639116496,flow,afferent,949,400,0.25,0.16,0.14285714285714285,0.01,True,True,False,False,True,True,False
720575940639116496,flow,afferent,949,400,0.25,0.16,0.04,0.01,True,True,False,False,True,True,False
720575940621479295,flow,afferent,554,400,0.25,0.16,0.14285714285714285,0.01,True,True,True,False,True,True,False
720575940621479295,flow,afferent,554,400,0.25,0.16,0.04,0.01,True,True,False,False,True,True,False
720575940638402357,flow,afferent,1014,400,0.25,0.16,0.14285714285714285,0.01,True,True,False,False,True,True,False
720575940638402357,flow,afferent,1014,400,0.25,0.16,0.04,0.01,True,True,False,False,True,True,False
720575940633509949,flow,afferent,575,400,0.25,0.16,0.14285714285714285,0.01,True,True,True,True,True,True,False
720575940633509949,flow,afferent,575,400,0.25,0.16,0.04,0.01,True,True,True,True,True,True,False
720575940619150040,flow,afferent,1413,400,0.25,0.16,0.14285714285714285,0.01,True,True,False,False,True,True,False
720575940619150040,flow,afferent,1413,400,0.25,0.16,0.04,0.01,True,True,False,False,True,False,False
720575940630991308,flow,afferent,624,400,0.25,0.16,0.14285714285714285,0.01,True,True,False,False,True,True,False
720575940630991308,flow,afferent,624,400,0.25,0.16,0.04,0.01,True,True,False,False,True,True,False
720575940631247431,flow,afferent,523,400,0.25,0.16,0.14285714285714285,0.01,False,True,False,False,True,True,False
720575940631247431,flow,afferent,523,400,0.25,0.16,0.04,0.01,False,True,False,False,True,True,False
720575940631885485,flow,afferent,886,400,0.25,0.16,0.14285714285714285,0.01,True,True,False,False,True,False,False
720575940631885485,flow,afferent,886,400,0.25,0.16,0.04,0.01,False,True,False,False,True,False,False
720575940631930060,flow,afferent,551,400,0.25,0.16,0.14285714285714285,0.01,False,True,False,False,True,True,False
720575940631930060,flow,afferent,551,400,0.25,0.16,0.04,0.01,False,True,False,False,True,True,False
720575940637002574,flow,afferent,590,400,0.25,0.16,0.14285714285714285,0.01,False,True,False,False,True,True,False
720575940637002574,flow,afferent,590,400,0.25,0.16,0.04,0.01,False,True,False,False,True,True,False
720575940627154063,flow,afferent,1040,400,0.25,0.16,0.14285714285714285,0.01,False,True,False,False,True,True,False
720575940627154063,flow,afferent,1040,400,0.25,0.16,0.04,0.01,False,True,False,False,True,True,False
720575940627737073,flow,afferent,703,400,0.25,0.16,0.14285714285714285,0.01,True,True,False,False,True,True,False
720575940627737073,flow,afferent,703,400,0.25,0.16,0.04,0.01,False,True,False,False,True,True,False
720575940626631441,flow,afferent,912,400,0.25,0.16,0.14285714285714285,0.01,True,True,False,False,True,True,False
720575940626631441,flow,afferent,912,400,0.25,0.16,0.04,0.01,True,True,False,False,True,True,False
720575940616903209,flow,afferent,539,400,0.25,0.16,0.14285714285714285,0.01,False,True,True,False,True,True,False
720575940616903209,flow,afferent,539,400,0.25,0.16,0.04,0.01,False,True,True,False,True,True,False
720575940624223888,flow,afferent,866,400,0.25,0.16,0.14285714285714285,0.01,False,True,False,False,True,True,False
720575940624223888,flow,afferent,866,400,0.25,0.16,0.04,0.01,False,True,False,False,True,True,False
720575940623943914,flow,afferent,757,400,0.25,0.16,0.14285714285714285,0.01,True,True,True,False,True,True,False
720575940623943914,flow,afferent,757,400,0.25,0.16,0.04,0.01,False,True,True,False,False,False,False
720575940634818296,flow,afferent,1117,400,0.25,0.16,0.14285714285714285,0.01,False,True,False,False,True,True,False
720575940634818296,flow,afferent,1117,400,0.25,0.16,0.04,0.01,False,True,False,False,True,True,False
720575940630807619,flow,afferent,813,400,0.25,0.16,0.14285714285714285,0.01,False,True,False,False,True,True,False
720575940630807619,flow,afferent,813,400,0.25,0.16,0.04,0.01,False,True,False,False,True,True,False
720575940623151339,flow,afferent,815,400,0.25,0.16,0.14285714285714285,0.01,True,True,False,False,True,True,False
720575940623151339,flow,afferent,815,400,0.25,0.16,0.04,0.01,True,True,False,False,True,True,False
720575940611369938,flow,afferent,547,400,0.25,0.16,0.14285714285714285,0.01,True,True,False,False,True,True,False
720575940611369938,flow,afferent,547,400,0.25,0.16,0.04,0.01,True,True,False,False,True,True,False
720575940629842681,flow,afferent,412,400,0.25,0.16,0.14285714285714285,0.01,True,True,False,False,True,True,False
720575940629842681,flow,afferent,412,400,0.25,0.16,0.04,0.01,True,True,False,False,True,True,False
720575940629854953,flow,afferent,554,400,0.25,0.16,0.14285714285714285,0.01,True,True,False,False,True,True,False
720575940629854953,flow,afferent,554,400,0.25,0.16,0.04,0.01,True,True,False,False,True,True,False
720575940636256398,flow,afferent,643,400,0.25,0.16,0.14285714285714285,0.01,True,True,False,False,True,True,False
720575940636256398,flow,afferent,643,400,0.25,0.16,0.04,0.01,True,True,False,False,True,True,False
720575940628478251,flow,afferent,1092,400,0.25,0.16,0.14285714285714285,0.01,True,True,False,False,True,True,False
720575940628478251,flow,afferent,1092,400,0.25,0.16,0.04,0.01,False,True,False,False,True,True,False
720575940625162515,flow,afferent,559,400,0.25,0.16,0.14285714285714285,0.01,True,True,True,True,True,True,False
720575940625162515,flow,afferent,559,400,0.25,0.16,0.04,0.01,True,True,False,True,True,True,False
720575940626630699,flow,afferent,537,400,0.25,0.16,0.14285714285714285,0.01,True,True,True,False,True,True,False
720575940626630699,flow,afferent,537,400,0.25,0.16,0.04,0.01,True,True,True,False,True,True,False
720575940614184671,flow,afferent,935,400,0.25,0.16,0.14285714285714285,0.01,True,True,False,False,True,True,False
720575940614184671,flow,afferent,935,400,0.25,0.16,0.04,0.01,False,True,False,False,True,True,False
720575940621611614,flow,afferent,496,400,0.25,0.16,0.14285714285714285,0.01,True,True,False,False,True,True,False
720575940621611614,flow,afferent,496,400,0.25,0.16,0.04,0.01,True,True,False,False,True,True,False
720575940608273163,flow,afferent,674,400,0.25,0.16,0.14285714285714285,0.01,True,True,False,False,True,True,False
720575940608273163,flow,afferent,674,400,0.25,0.16,0.04,0.01,True,True,False,False,True,True,False
720575940608508228,flow,afferent,983,400,0.25,0.16,0.14285714285714285,0.01,False,True,False,False,True,True,False
720575940608508228,flow,afferent,983,400,0.25,0.16,0.04,0.01,False,True,False,False,True,True,False
720575940634057976,flow,afferent,1059,400,0.25,0.16,0.14285714285714285,0.01,False,True,False,False,True,True,False
720575940634057976,flow,afferent,1059,400,0.25,0.16,0.04,0.01,False,True,False,False,True,True,False
720575940620802230,flow,afferent,881,400,0.25,0.16,0.14285714285714285,0.01,True,True,False,False,True,True,False
720575940620802230,flow,afferent,881,400,0.25,0.16,0.04,0.01,True,True,False,False,True,True,False
720575940644902179,flow,afferent,889,400,0.25,0.16,0.14285714285714285,0.01,True,True,False,False,True,True,False
720575940644902179,flow,afferent,889,400,0.25,0.16,0.04,0.01,True,True,False,False,True,True,False
720575940622547661,flow,afferent,579,400,0.25,0.16,0.14285714285714285,0.01,True,True,False,False,True,True,False
720575940622547661,flow,afferent,579,400,0.25,0.16,0.04,0.01,True,True,False,False,True,True,False
720575940614327442,flow,afferent,888,400,0.25,0.16,0.14285714285714285,0.01,True,True,False,False,True,True,False
720575940614327442,flow,afferent,888,400,0.25,0.16,0.04,0.01,False,True,False,False,True,True,False
720575940626867081,flow,afferent,843,400,0.25,0.16,0.14285714285714285,0.01,True,True,False,False,True,True,False
720575940626867081,flow,afferent,843,400,0.25,0.16,0.04,0.01,False,True,False,False,True,True,False
720575940628499322,flow,afferent,553,400,0.25,0.16,0.14285714285714285,0.01,True,True,True,True,True,True,False
720575940628499322,flow,afferent,553,400,0.25,0.16,0.04,0.01,True,True,True,True,True,True,False
720575940620686324,flow,afferent,653,400,0.25,0.16,0.14285714285714285,0.01,True,True,False,False,True,True,False
720575940620686324,flow,afferent,653,400,0.25,0.16,0.04,0.01,True,True,False,False,True,True,False
720575940631234643,flow,afferent,1052,400,0.25,0.16,0.14285714285714285,0.01,False,True,False,False,True,True,False
720575940631234643,flow,afferent,1052,400,0.25,0.16,0.04,0.01,False,True,False,False,True,False,False
720575940633915327,flow,afferent,923,400,0.25,0.16,0.14285714285714285,0.01,True,True,False,False,True,False,False
720575940633915327,flow,afferent,923,400,0.25,0.16,0.04,0.01,False,True,False,False,True,False,False
720575940613699807,flow,afferent,487,400,0.25,0.16,0.14285714285714285,0.01,True,True,True,True,True,True,False
720575940613699807,flow,afferent,487,400,0.25,0.16,0.04,0.01,True,True,True,False,True,True,False
720575940621100117,flow,afferent,720,400,0.25,0.16,0.14285714285714285,0.01,True,True,False,False,True,True,False
720575940621100117,flow,afferent,720,400,0.25,0.16,0.04,0.01,True,True,False,False,True,True,False
720575940610519747,flow,afferent,821,400,0.25,0.16,0.14285714285714285,0.01,True,True,False,False,True,False,False
720575940610519747,flow,afferent,821,400,0.25,0.16,0.04,0.01,False,True,False,False,True,False,False
720575940650894457,flow,afferent,554,400,0.25,0.16,0.14285714285714285,0.01,False,True,True,False,True,True,False
720575940650894457,flow,afferent,554,400,0.25,0.16,0.04,0.01,False,True,False,False,True,True,False
720575940615257395,flow,afferent,628,400,0.25,0.16,0.14285714285714285,0.01,True,True,False,False,True,True,False
720575940615257395,flow,afferent,628,400,0.25,0.16,0.04,0.01,True,True,False,False,True,False,False
720575940623758377,flow,afferent,4154,400,0.25,0.16,0.14285714285714285,0.01,False,True,True,True,True,True,False
720575940623758377,flow,afferent,4154,400,0.25,0.16,0.04,0.01,False,True,True,True,True,True,False
720575940627490065,flow,afferent,2818,400,0.25,0.16,0.14285714285714285,0.01,False,True,True,False,True,True,False
720575940627490065,flow,afferent,2818,400,0.25,0.16,0.04,0.01,False,True,True,False,True,False,False
720575940642427789,flow,afferent,4507,400,0.25,0.16,0.14285714285714285,0.01,False,True,False,False,False,False,False
720575940642427789,flow,afferent,4507,400,0.25,0.16,0.04,0.01,False,True,False,False,False,False,False
720575940626648634,flow,afferent,800,400,0.25,0.16,0.14285714285714285,0.01,False,True,True,False,True,False,False
720575940626648634,flow,afferent,800,400,0.25,0.16,0.04,0.01,False,True,False,False,False,False,False
720575940605158572,flow,afferent,2741,400,0.25,0.16,0.14285714285714285,0.01,True,True,True,False,False,True,False
720575940605158572,flow,afferent,2741,400,0.25,0.16,0.04,0.01,True,True,True,False,False,True,False
720575940632001640,flow,afferent,1974,400,0.25,0.16,0.14285714285714285,0.01,True,True,True,False,True,False,False
720575940632001640,flow,afferent,1974,400,0.25,0.16,0.04,0.01,True,True,True,False,False,False,False
720575940647036724,flow,afferent,3549,400,0.25,0.16,0.14285714285714285,0.01,True,True,False,True,True,True,False
720575940647036724,flow,afferent,3549,400,0.25,0.16,0.04,0.01,False,True,False,True,True,True,False
720575940626901521,flow,afferent,1965,400,0.25,0.16,0.14285714285714285,0.01,True,True,False,False,True,False,False
720575940626901521,flow,afferent,1965,400,0.25,0.16,0.04,0.01,False,True,False,False,False,False,False
720575940627360774,flow,afferent,2209,400,0.25,0.16,0.14285714285714285,0.01,False,True,False,False,False,False,False
720575940627360774,flow,afferent,2209,400,0.25,0.16,0.04,0.01,False,True,False,False,False,False,False
720575940616553300,flow,afferent,6305,400,0.25,0.16,0.14285714285714285,0.01,True,True,True,False,True,True,False
720575940616553300,flow,afferent,6305,400,0.25,0.16,0.04,0.01,False,True,False,False,False,False,False
720575940636821616,flow,afferent,46178,400,0.25,0.16,0.14285714285714285,0.01,False,True,False,False,False,False,False
720575940636821616,flow,afferent,46178,400,0.25,0.16,0.04,0.01,False,True,False,False,False,False,False
720575940639264590,flow,afferent,2335,400,0.25,0.16,0.14285714285714285,0.01,False,True,True,True,True,True,False
720575940639264590,flow,afferent,2335,400,0.25,0.16,0.04,0.01,False,True,True,False,True,True,False
720575940620896525,flow,afferent,626,400,0.25,0.16,0.14285714285714285,0.01,True,True,True,True,True,False,False
720575940620896525,flow,afferent,626,400,0.25,0.16,0.04,0.01,True,True,True,True,True,False,False
720575940629486714,flow,afferent,34805,400,0.25,0.16,0.14285714285714285,0.01,True,True,True,False,True,False,False
720575940629486714,flow,afferent,34805,400,0.25,0.16,0.04,0.01,True,True,True,False,False,False,False
720575940636805958,flow,afferent,1817,400,0.25,0.16,0.14285714285714285,0.01,True,True,False,False,True,True,False
720575940636805958,flow,afferent,1817,400,0.25,0.16,0.04,0.01,True,True,False,False,True,True,False
720575940620116001,flow,afferent,499,400,0.25,0.16,0.14285714285714285,0.01,False,True,True,True,True,False,False
720575940620116001,flow,afferent,499,400,0.25,0.16,0.04,0.01,False,True,True,True,True,False,False
720575940622944915,flow,afferent,716,400,0.25,0.16,0.14285714285714285,0.01,False,True,True,False,True,False,False
720575940622944915,flow,afferent,716,400,0.25,0.16,0.04,0.01,False,True,True,False,True,False,False
720575940625947335,flow,afferent,703,400,0.25,0.16,0.14285714285714285,0.01,True,True,True,False,True,True,False
720575940625947335,flow,afferent,703,400,0.25,0.16,0.04,0.01,True,True,True,False,True,False,False
720575940614189310,flow,afferent,13677,400,0.25,0.16,0.14285714285714285,0.01,False,True,False,False,False,False,False
720575940614189310,flow,afferent,13677,400,0.25,0.16,0.04,0.01,False,True,False,False,False,False,False
720575940627230722,flow,afferent,1493,400,0.25,0.16,0.14285714285714285,0.01,False,True,True,False,True,True,False
720575940627230722,flow,afferent,1493,400,0.25,0.16,0.04,0.01,False,True,True,False,True,False,False
720575940632556831,flow,afferent,7968,400,0.25,0.16,0.14285714285714285,0.01,False,True,False,False,True,True,False
720575940632556831,flow,afferent,7968,400,0.25,0.16,0.04,0.01,False,True,False,False,True,False,False
720575940649812857,flow,afferent,3866,400,0.25,0.16,0.14285714285714285,0.01,False,True,False,False,False,False,False
720575940649812857,flow,afferent,3866,400,0.25,0.16,0.04,0.01,False,True,False,False,False,False,False
720575940621751792,flow,afferent,9370,400,0.25,0.16,0.14285714285714285,0.01,False,True,False,False,True,False,False
720575940621751792,flow,afferent,9370,400,0.25,0.16,0.04,0.01,False,True,False,False,False,False,False
720575940623467664,flow,afferent,679,400,0.25,0.16,0.14285714285714285,0.01,True,True,True,False,False,False,False
720575940623467664,flow,afferent,679,400,0.25,0.16,0.04,0.01,True,True,False,False,False,False,False
720575940631011781,flow,afferent,3868,400,0.25,0.16,0.14285714285714285,0.01,False,True,False,False,False,False,False
720575940631011781,flow,afferent,3868,400,0.25,0.16,0.04,0.01,False,True,False,False,False,False,False
720575940623788519,flow,afferent,9454,400,0.25,0.16,0.14285714285714285,0.01,False,True,True,False,False,False,False
720575940623788519,flow,afferent,9454,400,0.25,0.16,0.04,0.01,False,True,False,False,False,False,False
720575940627372090,flow,afferent,9135,400,0.25,0.16,0.14285714285714285,0.01,True,True,True,False,True,False,False
720575940627372090,flow,afferent,9135,400,0.25,0.16,0.04,0.01,True,True,True,False,False,False,False
720575940602382304,flow,afferent,4270,400,0.25,0.16,0.14285714285714285,0.01,False,True,False,False,True,False,False
720575940602382304,flow,afferent,4270,400,0.25,0.16,0.04,0.01,False,True,False,False,True,False,False
720575940631106767,flow,afferent,7311,400,0.25,0.16,0.14285714285714285,0.01,False,True,True,False,True,False,False
720575940631106767,flow,afferent,7311,400,0.25,0.16,0.04,0.01,False,True,False,False,False,False,False
720575940602430944,flow,afferent,2280,400,0.25,0.16,0.14285714285714285,0.01,False,True,False,False,False,True,False
720575940602430944,flow,afferent,2280,400,0.25,0.16,0.04,0.01,False,True,False,False,False,False,False
720575940629212098,flow,afferent,3128,400,0.25,0.16,0.14285714285714285,0.01,False,True,False,False,False,False,False
720575940629212098,flow,afferent,3128,400,0.25,0.16,0.04,0.01,False,True,False,False,False,False,False
720575940618260500,flow,afferent,6410,400,0.25,0.16,0.14285714285714285,0.01,True,True,True,False,False,False,False
720575940618260500,flow,afferent,6410,400,0.25,0.16,0.04,0.01,True,True,False,False,False,False,False
720575940603456288,flow,afferent,456,400,0.25,0.16,0.14285714285714285,0.01,False,True,False,False,True,True,False
720575940603456288,flow,afferent,456,400,0.25,0.16,0.04,0.01,False,True,False,False,True,False,False
720575940603460640,flow,afferent,9655,400,0.25,0.16,0.14285714285714285,0.01,True,True,True,False,False,False,False
720575940603460640,flow,afferent,9655,400,0.25,0.16,0.04,0.01,False,True,False,False,False,False,False
720575940603537766,flow,afferent,656,400,0.25,0.16,0.14285714285714285,0.01,True,True,True,False,True,True,False
720575940603537766,flow,afferent,656,400,0.25,0.16,0.04,0.01,True,True,True,False,True,True,False
720575940627621628,flow,afferent,4555,400,0.25,0.16,0.14285714285714285,0.01,True,True,True,False,True,False,False
720575940627621628,flow,afferent,4555,400,0.25,0.16,0.04,0.01,False,True,False,False,False,False,False
720575940603574374,flow,afferent,756,400,0.25,0.16,0.14285714285714285,0.01,False,True,False,False,False,False,False
720575940603574374,flow,afferent,756,400,0.25,0.16,0.04,0.01,False,True,False,False,False,False,False
720575940632300973,flow,afferent,6281,400,0.25,0.16,0.14285714285714285,0.01,False,True,False,False,False,False,False
720575940632300973,flow,afferent,6281,400,0.25,0.16,0.04,0.01,False,True,False,False,False,False,False
720575940603595366,flow,afferent,7719,400,0.25,0.16,0.14285714285714285,0.01,True,True,False,False,False,False,False
720575940603595366,flow,afferent,7719,400,0.25,0.16,0.04,0.01,False,True,False,False,False,False,False
720575940603599206,flow,afferent,5209,400,0.25,0.16,0.14285714285714285,0.01,False,True,False,False,False,False,False
720575940603599206,flow,afferent,5209,400,0.25,0.16,0.04,0.01,False,True,False,False,False,False,False
720575940611710322,flow,afferent,4772,400,0.25,0.16,0.14285714285714285,0.01,False,True,True,False,False,False,False
720575940611710322,flow,afferent,4772,400,0.25,0.16,0.04,0.01,False,True,False,False,False,False,False
720575940622135757,flow,afferent,6948,400,0.25,0.16,0.14285714285714285,0.01,False,True,False,False,False,False,False
720575940622135757,flow,afferent,6948,400,0.25,0.16,0.04,0.01,False,True,False,False,False,False,False
720575940606197193,flow,afferent,403,400,0.25,0.16,0.14285714285714285,0.01,True,True,True,False,True,True,False
720575940606197193,flow,afferent,403,400,0.25,0.16,0.04,0.01,True,True,True,False,True,True,False
720575940615443805,flow,afferent,8226,400,0.25,0.16,0.14285714285714285,0.01,False,True,True,False,False,False,False
720575940615443805,flow,afferent,8226,400,0.25,0.16,0.04,0.01,False,True,True,False,False,False,False
720575940606310748,flow,afferent,887,400,0.25,0.16,0.14285714285714285,0.01,True,True,True,False,True,True,False
720575940606310748,flow,afferent,887,400,0.25,0.16,0.04,0.01,True,True,True,False,False,True,False
720575940606567125,flow,afferent,1703,400,0.25,0.16,0.14285714285714285,0.01,True,True,False,False,False,False,False
720575940606567125,flow,afferent,1703,400,0.25,0.16,0.04,0.01,False,True,False,False,False,False,False
720575940603882174,flow,afferent,6159,400,0.25,0.16,0.14285714285714285,0.01,False,True,True,False,True,True,False
720575940603882174,flow,afferent,6159,400,0.25,0.16,0.04,0.01,False,True,False,False,False,False,False
720575940616343441,flow,afferent,11475,400,0.25,0.16,0.14285714285714285,0.01,True,True,False,False,True,True,False
720575940616343441,flow,afferent,11475,400,0.25,0.16,0.04,0.01,False,True,False,False,True,False,False
720575940627398855,flow,afferent,2527,400,0.25,0.16,0.14285714285714285,0.01,True,True,True,False,False,False,False
720575940627398855,flow,afferent,2527,400,0.25,0.16,0.04,0.01,True,True,False,False,False,False,False
720575940632987859,flow,afferent,1251,400,0.25,0.16,0.14285714285714285,0.01,True,True,True,False,False,False,False
720575940632987859,flow,afferent,1251,400,0.25,0.16,0.04,0.01,True,True,True,False,False,False,False
720575940626198790,flow,afferent,950,400,0.25,0.16,0.14285714285714285,0.01,False,True,True,False,True,True,False
720575940626198790,flow,afferent,950,400,0.25,0.16,0.04,0.01,False,True,True,False,True,True,False
720575940639458037,flow,afferent,424,400,0.25,0.16,0.14285714285714285,0.01,True,True,True,False,True,True,False
720575940639458037,flow,afferent,424,400,0.25,0.16,0.04,0.01,True,True,True,False,True,True,False
720575940607118275,flow,afferent,464,400,0.25,0.16,0.14285714285714285,0.01,True,False,True,False,True,True,False
720575940607118275,flow,afferent,464,400,0.25,0.16,0.04,0.01,True,False,True,False,True,False,False
720575940607128771,flow,afferent,894,400,0.25,0.16,0.14285714285714285,0.01,True,True,False,False,False,True,False
720575940607128771,flow,afferent,894,400,0.25,0.16,0.04,0.01,True,True,False,False,False,True,False
720575940607136707,flow,afferent,1227,400,0.25,0.16,0.14285714285714285,0.01,False,True,False,False,False,False,False
720575940607136707,flow,afferent,1227,400,0.25,0.16,0.04,0.01,False,True,False,False,False,False,False
720575940620082598,flow,afferent,1166,400,0.25,0.16,0.14285714285714285,0.01,True,True,True,False,True,False,False
720575940620082598,flow,afferent,1166,400,0.25,0.16,0.04,0.01,True,True,True,False,True,False,False
720575940639295347,flow,afferent,3600,400,0.25,0.16,0.14285714285714285,0.01,False,True,True,False,True,False,False
720575940639295347,flow,afferent,3600,400,0.25,0.16,0.04,0.01,False,True,True,False,True,False,False
720575940626319900,flow,afferent,2596,400,0.25,0.16,0.14285714285714285,0.01,True,True,True,False,True,True,False
720575940626319900,flow,afferent,2596,400,0.25,0.16,0.04,0.01,False,True,False,False,True,True,False
720575940645197188,flow,afferent,433,400,0.25,0.16,0.14285714285714285,0.01,True,True,False,False,True,True,False
720575940645197188,flow,afferent,433,400,0.25,0.16,0.04,0.01,True,True,False,False,True,True,False
720575940608900050,flow,afferent,2448,400,0.25,0.16,0.14285714285714285,0.01,True,True,True,False,True,True,False
720575940608900050,flow,afferent,2448,400,0.25,0.16,0.04,0.01,True,True,True,False,False,False,False
720575940608996450,flow,afferent,1686,400,0.25,0.16,0.14285714285714285,0.01,False,True,True,False,True,True,False
720575940608996450,flow,afferent,1686,400,0.25,0.16,0.04,0.01,False,True,True,False,True,False,False
720575940626951513,flow,afferent,8438,400,0.25,0.16,0.14285714285714285,0.01,False,True,False,False,True,False,False
720575940626951513,flow,afferent,8438,400,0.25,0.16,0.04,0.01,False,True,False,False,False,False,False
720575940609187101,flow,afferent,668,400,0.25,0.16,0.14285714285714285,0.01,True,True,True,False,True,True,False
720575940609187101,flow,afferent,668,400,0.25,0.16,0.04,0.01,True,True,True,False,True,True,False
720575940620193472,flow,afferent,1163,400,0.25,0.16,0.14285714285714285,0.01,True,True,False,False,True,False,False
720575940620193472,flow,afferent,1163,400,0.25,0.16,0.04,0.01,True,True,False,False,True,False,False
720575940610284441,flow,afferent,638,400,0.25,0.16,0.14285714285714285,0.01,False,True,True,False,True,False,False
720575940610284441,flow,afferent,638,400,0.25,0.16,0.04,0.01,False,True,True,False,True,False,False
720575940638116723,flow,afferent,1349,400,0.25,0.16,0.14285714285714285,0.01,True,True,False,False,True,False,False
720575940638116723,flow,afferent,1349,400,0.25,0.16,0.04,0.01,True,True,False,False,True,False,False
720575940639623795,flow,afferent,5080,400,0.25,0.16,0.14285714285714285,0.01,False,True,False,False,False,False,False
720575940639623795,flow,afferent,5080,400,0.25,0.16,0.04,0.01,False,True,False,False,False,False,False
720575940611832490,flow,afferent,855,400,0.25,0.16,0.14285714285714285,0.01,False,True,False,False,True,True,False
720575940611832490,flow,afferent,855,400,0.25,0.16,0.04,0.01,False,True,False,False,True,False,False
720575940628894251,flow,afferent,6196,400,0.25,0.16,0.14285714285714285,0.01,True,True,False,False,False,False,False
720575940628894251,flow,afferent,6196,400,0.25,0.16,0.04,0.01,True,True,False,False,False,False,False
720575940616475732,flow,afferent,506,400,0.25,0.16,0.14285714285714285,0.01,True,True,False,False,True,True,False
720575940616475732,flow,afferent,506,400,0.25,0.16,0.04,0.01,True,True,False,False,True,True,False
720575940614742214,flow,afferent,535,400,0.25,0.16,0.14285714285714285,0.01,True,True,False,False,True,True,False
720575940614742214,flow,afferent,535,400,0.25,0.16,0.04,0.01,True,True,False,False,True,True,False
720575940623981576,flow,afferent,669,400,0.25,0.16,0.14285714285714285,0.01,True,True,False,False,True,True,False
720575940623981576,flow,afferent,669,400,0.25,0.16,0.04,0.01,True,True,False,False,True,True,False
720575940610033394,flow,afferent,1574,400,0.25,0.16,0.14285714285714285,0.01,True,True,True,True,True,False,False
720575940610033394,flow,afferent,1574,400,0.25,0.16,0.04,0.01,False,True,False,False,True,False,False
720575940626180638,flow,afferent,2878,400,0.25,0.16,0.14285714285714285,0.01,True,True,True,False,False,True,False
720575940626180638,flow,afferent,2878,400,0.25,0.16,0.04,0.01,True,True,True,False,False,False,False
720575940632118479,flow,afferent,2448,400,0.25,0.16,0.14285714285714285,0.01,True,True,False,False,False,False,False
720575940632118479,flow,afferent,2448,400,0.25,0.16,0.04,0.01,False,True,False,False,False,False,False
720575940629739068,flow,afferent,2532,400,0.25,0.16,0.14285714285714285,0.01,False,True,True,False,True,False,False
720575940629739068,flow,afferent,2532,400,0.25,0.16,0.04,0.01,False,True,False,False,False,False,False
720575940619985089,flow,afferent,472,400,0.25,0.16,0.14285714285714285,0.01,False,True,False,True,True,True,False
720575940619985089,flow,afferent,472,400,0.25,0.16,0.04,0.01,False,True,False,True,True,True,False
720575940612066223,flow,afferent,630,400,0.25,0.16,0.14285714285714285,0.01,False,True,True,False,True,False,False
720575940612066223,flow,afferent,630,400,0.25,0.16,0.04,0.01,False,True,True,False,True,False,False
720575940620807437,flow,afferent,510,400,0.25,0.16,0.14285714285714285,0.01,False,True,True,False,True,False,False
720575940620807437,flow,afferent,510,400,0.25,0.16,0.04,0.01,False,True,True,False,True,False,False
720575940630137425,flow,afferent,878,400,0.25,0.16,0.14285714285714285,0.01,False,True,True,False,True,False,False
720575940630137425,flow,afferent,878,400,0.25,0.16,0.04,0.01,False,True,True,False,True,False,False
720575940623210445,flow,afferent,6028,400,0.25,0.16,0.14285714285714285,0.01,False,True,False,False,False,False,False
720575940623210445,flow,afferent,6028,400,0.25,0.16,0.04,0.01,False,True,False,False,False,False,False
720575940614418794,flow,afferent,3346,400,0.25,0.16,0.14285714285714285,0.01,False,True,False,False,True,True,False
720575940614418794,flow,afferent,3346,400,0.25,0.16,0.04,0.01,False,True,False,False,True,False,False
720575940627022824,flow,afferent,6445,400,0.25,0.16,0.14285714285714285,0.01,True,True,False,False,False,False,False
720575940627022824,flow,afferent,6445,400,0.25,0.16,0.04,0.01,True,True,False,False,False,False,False
720575940613497395,flow,afferent,10412,400,0.25,0.16,0.14285714285714285,0.01,True,True,True,True,True,False,False
720575940613497395,flow,afferent,10412,400,0.25,0.16,0.04,0.01,True,True,True,True,False,False,False
720575940623700661,flow,afferent,1906,400,0.25,0.16,0.14285714285714285,0.01,True,True,True,True,True,False,False
720575940623700661,flow,afferent,1906,400,0.25,0.16,0.04,0.01,False,True,True,False,True,False,False
720575940640934363,flow,afferent,6676,400,0.25,0.16,0.14285714285714285,0.01,False,True,False,False,False,False,False
720575940640934363,flow,afferent,6676,400,0.25,0.16,0.04,0.01,False,True,False,False,False,False,False
720575940655014049,flow,afferent,5590,400,0.25,0.16,0.14285714285714285,0.01,False,True,False,False,True,True,False
720575940655014049,flow,afferent,5590,400,0.25,0.16,0.04,0.01,False,True,False,False,False,False,False
720575940631922489,flow,afferent,5802,400,0.25,0.16,0.14285714285714285,0.01,False,True,False,False,True,True,False
720575940631922489,flow,afferent,5802,400,0.25,0.16,0.04,0.01,False,True,False,False,True,False,False
720575940633302995,flow,afferent,1611,400,0.25,0.16,0.14285714285714285,0.01,False,True,False,False,True,True,False
720575940633302995,flow,afferent,1611,400,0.25,0.16,0.04,0.01,False,True,False,False,True,False,False
720575940619114918,flow,afferent,2416,400,0.25,0.16,0.14285714285714285,0.01,True,True,True,True,True,True,False
720575940619114918,flow,afferent,2416,400,0.25,0.16,0.04,0.01,True,True,True,True,True,True,False
720575940623564435,flow,afferent,461,400,0.25,0.16,0.14285714285714285,0.01,True,True,True,False,True,True,False
720575940623564435,flow,afferent,461,400,0.25,0.16,0.04,0.01,True,True,True,False,True,True,False
720575940622714004,flow,afferent,2310,400,0.25,0.16,0.14285714285714285,0.01,True,True,True,False,True,False,False
720575940622714004,flow,afferent,2310,400,0.25,0.16,0.04,0.01,True,True,True,False,False,False,False
720575940620492246,flow,afferent,888,400,0.25,0.16,0.14285714285714285,0.01,False,True,True,False,True,False,False
720575940620492246,flow,afferent,888,400,0.25,0.16,0.04,0.01,False,True,True,False,True,False,False
720575940623696362,flow,afferent,8780,400,0.25,0.16,0.14285714285714285,0.01,True,True,True,False,False,True,False
720575940623696362,flow,afferent,8780,400,0.25,0.16,0.04,0.01,True,True,True,False,False,False,False
720575940626035556,flow,afferent,1407,400,0.25,0.16,0.14285714285714285,0.01,False,True,False,True,True,False,False
720575940626035556,flow,afferent,1407,400,0.25,0.16,0.04,0.01,False,True,False,False,True,False,False
720575940626545410,flow,afferent,3175,400,0.25,0.16,0.14285714285714285,0.01,False,True,True,False,True,False,False
720575940626545410,flow,afferent,3175,400,0.25,0.16,0.04,0.01,False,True,True,False,True,False,False
720575940631769058,flow,afferent,467,400,0.25,0.16,0.14285714285714285,0.01,False,True,True,True,True,False,False
720575940631769058,flow,afferent,467,400,0.25,0.16,0.04,0.01,False,True,True,False,True,False,False
720575940628505039,flow,afferent,2700,400,0.25,0.16,0.14285714285714285,0.01,True,True,True,False,True,False,False
720575940628505039,flow,afferent,2700,400,0.25,0.16,0.04,0.01,True,False,True,False,False,False,False
720575940643142560,flow,afferent,9312,400,0.25,0.16,0.14285714285714285,0.01,True,True,False,False,False,False,False
720575940643142560,flow,afferent,9312,400,0.25,0.16,0.04,0.01,False,True,False,False,False,False,False
720575940644376355,flow,afferent,2907,400,0.25,0.16,0.14285714285714285,0.01,False,True,False,False,False,True,False
720575940644376355,flow,afferent,2907,400,0.25,0.16,0.04,0.01,False,True,False,False,False,False,False
720575940623606857,flow,afferent,6816,400,0.25,0.16,0.14285714285714285,0.01,True,True,True,False,False,False,False
720575940623606857,flow,afferent,6816,400,0.25,0.16,0.04,0.01,True,True,True,False,False,False,False
720575940614595643,flow,afferent,2196,400,0.25,0.16,0.14285714285714285,0.01,False,True,False,True,True,True,False
720575940614595643,flow,afferent,2196,400,0.25,0.16,0.04,0.01,False,True,False,True,True,False,False
720575940624871710,flow,afferent,3519,400,0.25,0.16,0.14285714285714285,0.01,True,True,True,False,True,True,False
720575940624871710,flow,afferent,3519,400,0.25,0.16,0.04,0.01,False,True,False,False,False,False,False
720575940611772914,flow,afferent,18462,400,0.25,0.16,0.14285714285714285,0.01,False,True,True,False,False,False,False
720575940611772914,flow,afferent,18462,400,0.25,0.16,0.04,0.01,False,True,False,False,False,False,False
720575940627404154,flow,afferent,1767,400,0.25,0.16,0.14285714285714285,0.01,False,True,True,False,False,False,False
720575940627404154,flow,afferent,1767,400,0.25,0.16,0.04,0.01,False,True,True,False,False,False,False
720575940626252163,flow,afferent,7351,400,0.25,0.16,0.14285714285714285,0.01,True,True,True,False,True,False,False
720575940626252163,flow,afferent,7351,400,0.25,0.16,0.04,0.01,True,True,True,False,False,False,False
720575940628991051,flow,afferent,1801,400,0.25,0.16,0.14285714285714285,0.01,False,True,True,False,True,True,False
720575940628991051,flow,afferent,1801,400,0.25,0.16,0.04,0.01,False,True,True,False,True,False,False
720575940626750723,flow,afferent,2871,400,0.25,0.16,0.14285714285714285,0.01,True,True,True,False,True,True,False
720575940626750723,flow,afferent,2871,400,0.25,0.16,0.04,0.01,True,True,True,False,True,False,False
720575940637374323,flow,afferent,6237,400,0.25,0.16,0.14285714285714285,0.01,True,True,True,False,True,False,False
720575940637374323,flow,afferent,6237,400,0.25,0.16,0.04,0.01,False,True,True,False,False,False,False
720575940638396998,flow,afferent,5892,400,0.25,0.16,0.14285714285714285,0.01,False,True,True,False,True,True,False
720575940638396998,flow,afferent,5892,400,0.25,0.16,0.04,0.01,False,True,False,False,True,True,False
720575940623933626,flow,afferent,2312,400,0.25,0.16,0.14285714285714285,0.01,True,True,True,False,True,False,False
720575940623933626,flow,afferent,2312,400,0.25,0.16,0.04,0.01,True,False,True,False,True,False,False
720575940611061038,flow,afferent,4320,400,0.25,0.16,0.14285714285714285,0.01,False,True,False,False,False,False,False
720575940611061038,flow,afferent,4320,400,0.25,0.16,0.04,0.01,False,True,False,False,False,False,False
720575940618855883,flow,afferent,8352,400,0.25,0.16,0.14285714285714285,0.01,False,True,True,False,False,False,False
720575940618855883,flow,afferent,8352,400,0.25,0.16,0.04,0.01,False,True,True,False,False,False,False
720575940625140755,flow,afferent,983,400,0.25,0.16,0.14285714285714285,0.01,True,True,True,False,False,True,False
720575940625140755,flow,afferent,983,400,0.25,0.16,0.04,0.01,True,True,True,False,False,True,False
720575940651808758,flow,afferent,11099,400,0.25,0.16,0.14285714285714285,0.01,False,True,False,False,False,False,False
720575940651808758,flow,afferent,11099,400,0.25,0.16,0.04,0.01,False,True,False,False,False,False,False
720575940607434564,flow,afferent,940,400,0.25,0.16,0.14285714285714285,0.01,True,True,True,False,True,False,False
720575940607434564,flow,afferent,940,400,0.25,0.16,0.04,0.01,True,True,True,False,False,False,False
720575940619206772,flow,afferent,1954,400,0.25,0.16,0.14285714285714285,0.01,False,True,False,False,True,True,False
720575940619206772,flow,afferent,1954,400,0.25,0.16,0.04,0.01,False,True,False,False,True,False,False
720575940639843035,flow,afferent,6924,400,0.25,0.16,0.14285714285714285,0.01,False,True,False,False,True,True,False
720575940639843035,flow,afferent,6924,400,0.25,0.16,0.04,0.01,False,True,False,False,True,False,False
720575940607561540,flow,afferent,1071,400,0.25,0.16,0.14285714285714285,0.01,False,True,False,False,False,False,False
720575940607561540,flow,afferent,1071,400,0.25,0.16,0.04,0.01,False,True,False,False,False,False,False
720575940624728504,flow,afferent,3659,400,0.25,0.16,0.14285714285714285,0.01,False,True,False,False,True,False,False
720575940624728504,flow,afferent,3659,400,0.25,0.16,0.04,0.01,False,True,False,False,False,False,False
720575940630307639,flow,afferent,657,400,0.25,0.16,0.14285714285714285,0.01,False,True,True,False,True,False,False
720575940630307639,flow,afferent,657,400,0.25,0.16,0.04,0.01,False,True,True,False,True,False,False
720575940607606852,flow,afferent,3057,400,0.25,0.16,0.14285714285714285,0.01,False,True,True,False,False,False,False
720575940607606852,flow,afferent,3057,400,0.25,0.16,0.04,0.01,False,True,False,False,False,False,False
720575940633119149,flow,afferent,785,400,0.25,0.16,0.14285714285714285,0.01,False,True,True,False,True,False,False
720575940633119149,flow,afferent,785,400,0.25,0.16,0.04,0.01,False,True,True,False,True,False,False
720575940609311586,flow,afferent,3059,400,0.25,0.16,0.14285714285714285,0.01,False,True,True,False,False,False,False
720575940609311586,flow,afferent,3059,400,0.25,0.16,0.04,0.01,False,True,False,False,False,False,False
720575940629745022,flow,afferent,3795,400,0.25,0.16,0.14285714285714285,0.01,False,True,True,False,True,True,False
720575940629745022,flow,afferent,3795,400,0.25,0.16,0.04,0.01,False,True,True,False,False,False,False
720575940608269102,flow,afferent,417,400,0.25,0.16,0.14285714285714285,0.01,False,True,False,False,True,True,False
720575940608269102,flow,afferent,417,400,0.25,0.16,0.04,0.01,False,True,False,False,True,True,False
720575940657611393,flow,afferent,959,400,0.25,0.16,0.14285714285714285,0.01,True,True,True,False,True,False,False
720575940657611393,flow,afferent,959,400,0.25,0.16,0.04,0.01,True,True,True,False,False,False,False
720575940642875080,flow,afferent,5302,400,0.25,0.16,0.14285714285714285,0.01,True,True,True,False,False,False,False
720575940642875080,flow,afferent,5302,400,0.25,0.16,0.04,0.01,True,True,True,False,False,False,False
720575940615211195,flow,afferent,4743,400,0.25,0.16,0.14285714285714285,0.01,False,True,True,False,False,False,False
720575940615211195,flow,afferent,4743,400,0.25,0.16,0.04,0.01,False,True,False,False,False,False,False
720575940634525792,flow,afferent,9811,400,0.25,0.16,0.14285714285714285,0.01,False,True,True,False,True,False,False
720575940634525792,flow,afferent,9811,400,0.25,0.16,0.04,0.01,False,True,True,False,True,False,False
720575940606913202,flow,afferent,6076,400,0.25,0.16,0.14285714285714285,0.01,False,True,True,False,True,True,False
720575940606913202,flow,afferent,6076,400,0.25,0.16,0.04,0.01,False,True,True,False,True,False,False
720575940630173689,flow,afferent,525,400,0.25,0.16,0.14285714285714285,0.01,False,True,True,False,True,True,False
720575940630173689,flow,afferent,525,400,0.25,0.16,0.04,0.01,False,True,False,False,True,True,False
720575940624954185,flow,afferent,2747,400,0.25,0.16,0.14285714285714285,0.01,True,True,True,True,True,True,False
720575940624954185,flow,afferent,2747,400,0.25,0.16,0.04,0.01,True,True,True,True,True,True,False
720575940631183330,flow,afferent,1684,400,0.25,0.16,0.14285714285714285,0.01,False,True,True,False,True,True,False
720575940631183330,flow,afferent,1684,400,0.25,0.16,0.04,0.01,False,True,True,False,False,True,False
720575940627684614,flow,afferent,888,400,0.25,0.16,0.14285714285714285,0.01,False,True,False,False,True,False,False
720575940627684614,flow,afferent,888,400,0.25,0.16,0.04,0.01,False,True,False,False,True,False,False
720575940629321734,flow,afferent,438,400,0.25,0.16,0.14285714285714285,0.01,False,True,True,False,True,True,False
720575940629321734,flow,afferent,438,400,0.25,0.16,0.04,0.01,False,True,True,False,True,True,False
720575940603789228,flow,afferent,2236,400,0.25,0.16,0.14285714285714285,0.01,False,True,False,False,True,True,False
720575940603789228,flow,afferent,2236,400,0.25,0.16,0.04,0.01,False,True,False,False,True,False,False
720575940623368375,flow,afferent,1319,400,0.25,0.16,0.14285714285714285,0.01,False,True,False,False,False,True,False
720575940623368375,flow,afferent,1319,400,0.25,0.16,0.04,0.01,False,True,False,False,False,False,False
720575940611223445,flow,afferent,441,400,0.25,0.16,0.14285714285714285,0.01,True,True,True,False,True,False,False
720575940611223445,flow,afferent,441,400,0.25,0.16,0.04,0.01,True,True,True,False,True,False,False
720575940620122503,flow,afferent,5265,400,0.25,0.16,0.14285714285714285,0.01,False,True,True,False,True,False,False
720575940620122503,flow,afferent,5265,400,0.25,0.16,0.04,0.01,False,True,False,False,True,False,False
720575940610148505,flow,afferent,4683,400,0.25,0.16,0.14285714285714285,0.01,True,True,True,False,False,False,False
720575940610148505,flow,afferent,4683,400,0.25,0.16,0.04,0.01,True,True,True,False,False,False,False
720575940625346130,flow,afferent,3248,400,0.25,0.16,0.14285714285714285,0.01,False,True,False,False,False,False,False
720575940625346130,flow,afferent,3248,400,0.25,0.16,0.04,0.01,False,True,False,False,False,False,False
720575940610156697,flow,afferent,1270,400,0.25,0.16,0.14285714285714285,0.01,False,False,False,True,True,False,False
720575940610156697,flow,afferent,1270,400,0.25,0.16,0.04,0.01,False,False,False,False,True,False,False
720575940636068270,flow,afferent,784,400,0.25,0.16,0.14285714285714285,0.01,True,True,True,False,True,False,False
720575940636068270,flow,afferent,784,400,0.25,0.16,0.04,0.01,True,True,False,False,True,False,False
720575940625969351,flow,afferent,5575,400,0.25,0.16,0.14285714285714285,0.01,False,True,False,False,False,False,False
720575940625969351,flow,afferent,5575,400,0.25,0.16,0.04,0.01,False,True,False,False,False,False,False
720575940625411109,flow,afferent,1155,400,0.25,0.16,0.14285714285714285,0.01,False,True,False,False,True,False,False
720575940625411109,flow,afferent,1155,400,0.25,0.16,0.04,0.01,False,True,False,False,True,False,False
720575940641702304,flow,afferent,940,400,0.25,0.16,0.14285714285714285,0.01,False,True,True,False,True,False,False
720575940641702304,flow,afferent,940,400,0.25,0.16,0.04,0.01,False,True,True,False,True,False,False
720575940613958194,flow,afferent,16725,400,0.25,0.16,0.14285714285714285,0.01,True,True,True,False,False,False,False
720575940613958194,flow,afferent,16725,400,0.25,0.16,0.04,0.01,True,True,True,False,False,False,False
720575940610200217,flow,afferent,1648,400,0.25,0.16,0.14285714285714285,0.01,True,True,False,False,False,False,False
720575940610200217,flow,afferent,1648,400,0.25,0.16,0.04,0.01,True,True,False,False,False,False,False
720575940605173792,flow,afferent,3582,400,0.25,0.16,0.14285714285714285,0.01,False,True,False,False,True,True,False
720575940605173792,flow,afferent,3582,400,0.25,0.16,0.04,0.01,False,True,False,False,True,False,False
720575940614511614,flow,afferent,3463,400,0.25,0.16,0.14285714285714285,0.01,False,True,False,False,False,False,False
720575940614511614,flow,afferent,3463,400,0.25,0.16,0.04,0.01,False,True,False,False,False,False,False
720575940610264490,flow,afferent,5517,400,0.25,0.16,0.14285714285714285,0.01,True,True,True,False,False,False,False
720575940610264490,flow,afferent,5517,400,0.25,0.16,0.04,0.01,True,True,True,False,False,False,False
720575940633969815,flow,afferent,2594,400,0.25,0.16,0.14285714285714285,0.01,True,True,True,False,False,False,False
720575940633969815,flow,afferent,2594,400,0.25,0.16,0.04,0.01,True,True,True,False,False,False,False
720575940623776743,flow,afferent,7627,400,0.25,0.16,0.14285714285714285,0.01,True,True,True,False,False,True,False
720575940623776743,flow,afferent,7627,400,0.25,0.16,0.04,0.01,False,True,True,False,False,False,False
720575940610821654,flow,afferent,495,400,0.25,0.16,0.14285714285714285,0.01,False,True,True,False,True,True,False
720575940610821654,flow,afferent,495,400,0.25,0.16,0.04,0.01,False,True,True,False,True,False,False
720575940628911620,flow,afferent,729,400,0.25,0.16,0.14285714285714285,0.01,False,True,True,False,True,False,False
720575940628911620,flow,afferent,729,400,0.25,0.16,0.04,0.01,False,True,False,False,True,False,False
720575940620718472,flow,afferent,5686,400,0.25,0.16,0.14285714285714285,0.01,True,True,True,False,True,False,False
720575940620718472,flow,afferent,5686,400,0.25,0.16,0.04,0.01,True,True,True,False,True,False,False
720575940644446062,flow,afferent,3733,400,0.25,0.16,0.14285714285714285,0.01,False,True,True,False,True,True,False
720575940644446062,flow,afferent,3733,400,0.25,0.16,0.04,0.01,False,True,False,False,True,True,False
720575940639093411,flow,afferent,515,400,0.25,0.16,0.14285714285714285,0.01,False,True,True,False,True,True,False
720575940639093411,flow,afferent,515,400,0.25,0.16,0.04,0.01,False,True,True,False,True,True,False
720575940622477508,flow,afferent,1055,400,0.25,0.16,0.14285714285714285,0.01,True,True,False,False,True,False,False
720575940622477508,flow,afferent,1055,400,0.25,0.16,0.04,0.01,True,True,False,False,True,False,False
720575940638069875,flow,afferent,424,400,0.25,0.16,0.14285714285714285,0.01,True,True,False,False,True,True,False
720575940638069875,flow,afferent,424,400,0.25,0.16,0.04,0.01,False,True,False,False,True,True,False
720575940617542996,flow,afferent,415,400,0.25,0.16,0.14285714285714285,0.01,True,True,False,False,True,True,False
720575940617542996,flow,afferent,415,400,0.25,0.16,0.04,0.01,True,True,False,False,True,True,False
720575940638818357,flow,afferent,647,400,0.25,0.16,0.14285714285714285,0.01,True,True,False,False,True,False,False
720575940638818357,flow,afferent,647,400,0.25,0.16,0.04,0.01,True,True,False,False,False,False,False
720575940639451043,flow,afferent,542,400,0.25,0.16,0.14285714285714285,0.01,True,True,False,True,True,False,False
720575940639451043,flow,afferent,542,400,0.25,0.16,0.04,0.01,True,True,False,True,True,False,False
720575940627586091,flow,afferent,545,400,0.25,0.16,0.14285714285714285,0.01,True,True,False,False,True,True,False
720575940627586091,flow,afferent,545,400,0.25,0.16,0.04,0.01,True,True,False,False,True,True,False
720575940613736941,flow,afferent,663,400,0.25,0.16,0.14285714285714285,0.01,True,True,False,False,True,False,False
720575940613736941,flow,afferent,663,400,0.25,0.16,0.04,0.01,True,True,False,False,True,False,False
720575940617825563,flow,afferent,650,400,0.25,0.16,0.14285714285714285,0.01,True,True,False,False,True,True,False
720575940617825563,flow,afferent,650,400,0.25,0.16,0.04,0.01,True,True,False,False,True,False,False
720575940617739333,flow,afferent,737,400,0.25,0.16,0.14285714285714285,0.01,False,True,False,False,True,True,False
720575940617739333,flow,afferent,737,400,0.25,0.16,0.04,0.01,False,True,False,False,True,True,False
720575940631737261,flow,afferent,577,400,0.25,0.16,0.14285714285714285,0.01,True,True,False,False,True,True,False
720575940631737261,flow,afferent,577,400,0.25,0.16,0.04,0.01,True,True,False,False,True,True,False
720575940621307230,flow,afferent,956,400,0.25,0.16,0.14285714285714285,0.01,True,True,False,False,True,True,False
720575940621307230,flow,afferent,956,400,0.25,0.16,0.04,0.01,True,True,False,False,True,True,False
720575940610138026,flow,afferent,585,400,0.25,0.16,0.14285714285714285,0.01,True,True,True,False,True,True,False
720575940610138026,flow,afferent,585,400,0.25,0.16,0.04,0.01,True,True,True,False,True,True,False
720575940615994907,flow,afferent,474,400,0.25,0.16,0.14285714285714285,0.01,True,True,True,False,True,True,False
720575940615994907,flow,afferent,474,400,0.25,0.16,0.04,0.01,True,True,True,False,True,True,False
720575940610745373,flow,afferent,3053,400,0.25,0.16,0.14285714285714285,0.01,True,True,True,False,False,False,False
720575940610745373,flow,afferent,3053,400,0.25,0.16,0.04,0.01,True,False,True,False,False,False,False
720575940611427697,flow,afferent,910,400,0.25,0.16,0.14285714285714285,0.01,False,True,False,False,False,False,False
720575940611427697,flow,afferent,910,400,0.25,0.16,0.04,0.01,False,True,False,False,False,False,False
720575940616923945,flow,afferent,532,400,0.25,0.16,0.14285714285714285,0.01,True,True,False,True,True,True,False
720575940616923945,flow,afferent,532,400,0.25,0.16,0.04,0.01,True,True,False,True,True,True,False
720575940639151960,flow,afferent,8822,400,0.25,0.16,0.14285714285714285,0.01,False,True,True,False,False,False,False
720575940639151960,flow,afferent,8822,400,0.25,0.16,0.04,0.01,False,True,False,False,False,False,False
720575940645246004,flow,afferent,2979,400,0.25,0.16,0.14285714285714285,0.01,True,True,True,False,False,False,False
720575940645246004,flow,afferent,2979,400,0.25,0.16,0.04,0.01,True,True,True,False,False,False,False
720575940629561400,flow,afferent,772,400,0.25,0.16,0.14285714285714285,0.01,False,True,False,False,False,False,False
720575940629561400,flow,afferent,772,400,0.25,0.16,0.04,0.01,False,True,False,False,False,False,False
720575940629588854,flow,afferent,669,400,0.25,0.16,0.14285714285714285,0.01,False,True,False,False,True,True,False
720575940629588854,flow,afferent,669,400,0.25,0.16,0.04,0.01,False,True,False,False,True,True,False
720575940627637521,flow,afferent,7987,400,0.25,0.16,0.14285714285714285,0.01,False,True,False,False,True,False,False
720575940627637521,flow,afferent,7987,400,0.25,0.16,0.04,0.01,False,True,False,False,False,False,False
720575940628710555,flow,afferent,1250,400,0.25,0.16,0.14285714285714285,0.01,True,True,True,False,True,False,False
720575940628710555,flow,afferent,1250,400,0.25,0.16,0.04,0.01,True,True,True,False,True,False,False
720575940633175196,flow,afferent,810,400,0.25,0.16,0.14285714285714285,0.01,True,True,False,False,True,True,False
720575940633175196,flow,afferent,810,400,0.25,0.16,0.04,0.01,True,True,False,False,True,True,False
720575940620752408,flow,afferent,2698,400,0.25,0.16,0.14285714285714285,0.01,True,True,True,False,False,False,False
720575940620752408,flow,afferent,2698,400,0.25,0.16,0.04,0.01,True,True,True,False,False,False,False
720575940625176957,flow,afferent,1351,400,0.25,0.16,0.14285714285714285,0.01,True,True,True,False,True,False,False
720575940625176957,flow,afferent,1351,400,0.25,0.16,0.04,0.01,True,True,True,False,True,False,False
720575940625127354,flow,afferent,762,400,0.25,0.16,0.14285714285714285,0.01,True,True,False,True,True,True,False
720575940625127354,flow,afferent,762,400,0.25,0.16,0.04,0.01,True,True,False,True,True,True,False
720575940615942924,flow,afferent,4350,400,0.25,0.16,0.14285714285714285,0.01,True,True,True,False,False,False,False
720575940615942924,flow,afferent,4350,400,0.25,0.16,0.04,0.01,True,True,True,False,False,False,False
720575940637087039,flow,afferent,921,400,0.25,0.16,0.14285714285714285,0.01,True,True,False,False,True,True,False
720575940637087039,flow,afferent,921,400,0.25,0.16,0.04,0.01,False,True,False,False,True,True,False
720575940621106977,flow,afferent,9304,400,0.25,0.16,0.14285714285714285,0.01,True,True,True,False,False,False,False
720575940621106977,flow,afferent,9304,400,0.25,0.16,0.04,0.01,True,True,False,False,False,False,False
720575940607510027,flow,afferent,505,400,0.25,0.16,0.14285714285714285,0.01,True,True,True,False,True,True,False
720575940607510027,flow,afferent,505,400,0.25,0.16,0.04,0.01,True,True,False,False,True,True,False
720575940630642447,flow,afferent,863,400,0.25,0.16,0.14285714285714285,0.01,True,True,False,False,True,True,False
720575940630642447,flow,afferent,863,400,0.25,0.16,0.04,0.01,True,True,False,False,False,True,False
720575940633565536,flow,afferent,5926,400,0.25,0.16,0.14285714285714285,0.01,True,True,True,False,False,False,False
720575940633565536,flow,afferent,5926,400,0.25,0.16,0.04,0.01,True,True,True,False,False,False,False
720575940605916640,flow,afferent,1816,400,0.25,0.16,0.14285714285714285,0.01,False,True,False,False,True,True,False
720575940605916640,flow,afferent,1816,400,0.25,0.16,0.04,0.01,False,True,False,False,True,False,False
720575940619930534,flow,afferent,2976,400,0.25,0.16,0.14285714285714285,0.01,True,True,False,False,True,False,False
720575940619930534,flow,afferent,2976,400,0.25,0.16,0.04,0.01,False,True,False,False,True,False,False
720575940625507870,flow,afferent,565,400,0.25,0.16,0.14285714285714285,0.01,True,True,True,False,True,True,False
720575940625507870,flow,afferent,565,400,0.25,0.16,0.04,0.01,True,True,True,False,False,True,False
720575940609787256,flow,afferent,7284,400,0.25,0.16,0.14285714285714285,0.01,True,True,True,False,False,False,False
720575940609787256,flow,afferent,7284,400,0.25,0.16,0.04,0.01,True,True,False,False,False,False,False
720575940630009794,flow,afferent,2902,400,0.25,0.16,0.14285714285714285,0.01,False,True,True,False,True,True,False
720575940630009794,flow,afferent,2902,400,0.25,0.16,0.04,0.01,False,True,False,False,False,True,False
720575940621375231,flow,afferent,1243,400,0.25,0.16,0.14285714285714285,0.01,False,True,False,False,True,True,False
720575940621375231,flow,afferent,1243,400,0.25,0.16,0.04,0.01,False,True,False,False,True,True,False
720575940635791167,flow,afferent,620,400,0.25,0.16,0.14285714285714285,0.01,False,True,False,False,False,True,False
720575940635791167,flow,afferent,620,400,0.25,0.16,0.04,0.01,False,True,False,False,False,True,False
720575940629270339,flow,afferent,675,400,0.25,0.16,0.14285714285714285,0.01,True,True,True,False,True,True,False
720575940629270339,flow,afferent,675,400,0.25,0.16,0.04,0.01,False,True,False,False,True,True,False
720575940617937543,flow,afferent,1455,400,0.25,0.16,0.14285714285714285,0.01,False,True,True,False,True,True,False
720575940617937543,flow,afferent,1455,400,0.25,0.16,0.04,0.01,False,True,True,False,True,True,False
720575940615274425,flow,afferent,1644,400,0.25,0.16,0.14285714285714285,0.01,False,True,False,False,True,True,False
720575940615274425,flow,afferent,1644,400,0.25,0.16,0.04,0.01,False,True,False,False,True,True,False
720575940645743412,flow,afferent,1973,400,0.25,0.16,0.14285714285714285,0.01,False,True,True,False,True,True,False
720575940645743412,flow,afferent,1973,400,0.25,0.16,0.04,0.01,False,True,True,False,True,True,False
720575940613061118,flow,afferent,2160,400,0.25,0.16,0.14285714285714285,0.01,False,True,True,False,True,True,False
720575940613061118,flow,afferent,2160,400,0.25,0.16,0.04,0.01,False,True,True,False,True,True,False
720575940624079544,flow,afferent,1588,400,0.25,0.16,0.14285714285714285,0.01,False,True,True,False,True,True,False
720575940624079544,flow,afferent,1588,400,0.25,0.16,0.04,0.01,False,True,True,False,False,True,False
720575940612670570,flow,afferent,1692,400,0.25,0.16,0.14285714285714285,0.01,True,True,True,False,True,True,False
720575940612670570,flow,afferent,1692,400,0.25,0.16,0.04,0.01,True,True,True,False,True,True,False
720575940629176663,flow,afferent,992,400,0.25,0.16,0.14285714285714285,0.01,False,True,True,False,True,True,False
720575940629176663,flow,afferent,992,400,0.25,0.16,0.04,0.01,False,True,True,False,True,True,False
720575940632425919,flow,afferent,2188,400,0.25,0.16,0.14285714285714285,0.01,False,True,True,False,True,True,False
720575940632425919,flow,afferent,2188,400,0.25,0.16,0.04,0.01,False,True,True,False,False,True,False
720575940630233916,flow,afferent,1632,400,0.25,0.16,0.14285714285714285,0.01,True,True,True,False,True,True,False
720575940630233916,flow,afferent,1632,400,0.25,0.16,0.04,0.01,False,True,True,False,True,True,False
720575940622298631,flow,afferent,903,400,0.25,0.16,0.14285714285714285,0.01,False,True,True,False,True,True,False
720575940622298631,flow,afferent,903,400,0.25,0.16,0.04,0.01,False,True,False,False,True,True,False
720575940609919897,flow,afferent,696,400,0.25,0.16,0.14285714285714285,0.01,False,True,True,False,True,True,False
720575940609919897,flow,afferent,696,400,0.25,0.16,0.04,0.01,False,True,True,False,True,True,False
720575940621008895,flow,afferent,751,400,0.25,0.16,0.14285714285714285,0.01,False,True,False,False,True,True,False
720575940621008895,flow,afferent,751,400,0.25,0.16,0.04,0.01,False,True,False,False,True,True,False
720575940626016017,flow,afferent,966,400,0.25,0.16,0.14285714285714285,0.01,False,True,False,False,True,True,False
720575940626016017,flow,afferent,966,400,0.25,0.16,0.04,0.01,False,True,False,False,True,True,False
720575940610481370,flow,afferent,1117,400,0.25,0.16,0.14285714285714285,0.01,False,True,True,False,True,True,False
720575940610481370,flow,afferent,1117,400,0.25,0.16,0.04,0.01,False,True,True,False,True,True,False
720575940627578156,flow,afferent,1027,400,0.25,0.16,0.14285714285714285,0.01,False,True,True,False,True,True,False
720575940627578156,flow,afferent,1027,400,0.25,0.16,0.04,0.01,False,True,True,False,True,True,False
720575940602353632,flow,afferent,1146,400,0.25,0.16,0.14285714285714285,0.01,True,True,False,False,True,True,False
720575940602353632,flow,afferent,1146,400,0.25,0.16,0.04,0.01,False,True,False,False,True,True,False
720575940614281266,flow,afferent,872,400,0.25,0.16,0.14285714285714285,0.01,False,True,True,True,True,True,False
720575940614281266,flow,afferent,872,400,0.25,0.16,0.04,0.01,False,True,False,False,True,True,False
720575940627490663,flow,afferent,692,400,0.25,0.16,0.14285714285714285,0.01,False,True,False,False,True,True,False
720575940627490663,flow,afferent,692,400,0.25,0.16,0.04,0.01,False,True,False,False,True,True,False
720575940621502051,flow,afferent,983,400,0.25,0.16,0.14285714285714285,0.01,False,True,True,False,True,True,False
720575940621502051,flow,afferent,983,400,0.25,0.16,0.04,0.01,False,True,True,False,True,True,False
720575940614273292,flow,afferent,1575,400,0.25,0.16,0.14285714285714285,0.01,False,True,True,False,True,True,False
720575940614273292,flow,afferent,1575,400,0.25,0.16,0.04,0.01,False,True,False,False,False,True,False
720575940618025199,flow,afferent,2316,400,0.25,0.16,0.14285714285714285,0.01,False,True,True,False,True,True,False
720575940618025199,flow,afferent,2316,400,0.25,0.16,0.04,0.01,False,True,True,False,True,True,False
720575940629481516,flow,afferent,1899,400,0.25,0.16,0.14285714285714285,0.01,False,True,True,False,True,True,False
720575940629481516,flow,afferent,1899,400,0.25,0.16,0.04,0.01,False,True,False,False,True,True,False
720575940610683315,flow,afferent,1140,400,0.25,0.16,0.14285714285714285,0.01,True,True,False,False,True,True,False
720575940610683315,flow,afferent,1140,400,0.25,0.16,0.04,0.01,False,True,False,False,True,True,False
720575940630968335,flow,afferent,981,400,0.25,0.16,0.14285714285714285,0.01,True,True,True,True,True,True,False
720575940630968335,flow,afferent,981,400,0.25,0.16,0.04,0.01,True,True,True,True,True,True,False
720575940631914783,flow,afferent,3102,400,0.25,0.16,0.14285714285714285,0.01,True,True,True,False,True,False,False
720575940631914783,flow,afferent,3102,400,0.25,0.16,0.04,0.01,True,True,True,False,False,False,False
720575940607367125,flow,afferent,1752,400,0.25,0.16,0.14285714285714285,0.01,False,True,False,False,True,False,False
720575940607367125,flow,afferent,1752,400,0.25,0.16,0.04,0.01,False,True,False,False,False,False,False
720575940630160384,flow,afferent,7663,400,0.25,0.16,0.14285714285714285,0.01,True,True,True,False,False,False,False
720575940630160384,flow,afferent,7663,400,0.25,0.16,0.04,0.01,False,True,True,False,False,False,False
720575940616064546,flow,afferent,2449,400,0.25,0.16,0.14285714285714285,0.01,False,True,True,False,True,False,False
720575940616064546,flow,afferent,2449,400,0.25,0.16,0.04,0.01,False,True,False,False,False,False,False
720575940628159081,flow,afferent,469,400,0.25,0.16,0.14285714285714285,0.01,True,True,True,False,True,True,False
720575940628159081,flow,afferent,469,400,0.25,0.16,0.04,0.01,True,True,True,False,False,True,False
720575940613304883,flow,afferent,1660,400,0.25,0.16,0.14285714285714285,0.01,True,True,True,False,True,False,False
720575940613304883,flow,afferent,1660,400,0.25,0.16,0.04,0.01,True,True,True,False,True,False,False
720575940631447879,flow,afferent,6869,400,0.25,0.16,0.14285714285714285,0.01,True,True,False,False,False,False,False
720575940631447879,flow,afferent,6869,400,0.25,0.16,0.04,0.01,False,True,False,False,False,False,False
720575940632466784,flow,afferent,681,400,0.25,0.16,0.14285714285714285,0.01,True,True,True,False,True,False,False
720575940632466784,flow,afferent,681,400,0.25,0.16,0.04,0.01,False,True,False,False,True,False,False
720575940619072513,flow,afferent,1992,400,0.25,0.16,0.14285714285714285,0.01,False,True,True,False,True,True,False
720575940619072513,flow,afferent,1992,400,0.25,0.16,0.04,0.01,False,True,True,False,True,True,False
720575940609541917,flow,afferent,2201,400,0.25,0.16,0.14285714285714285,0.01,False,True,True,False,False,False,False
720575940609541917,flow,afferent,2201,400,0.25,0.16,0.04,0.01,False,True,True,False,False,False,False
720575940622297855,flow,afferent,1036,400,0.25,0.16,0.14285714285714285,0.01,True,True,True,False,False,False,False
720575940622297855,flow,afferent,1036,400,0.25,0.16,0.04,0.01,True,True,True,False,False,False,False
720575940636990005,flow,afferent,520,400,0.25,0.16,0.14285714285714285,0.01,True,True,False,False,False,True,False
720575940636990005,flow,afferent,520,400,0.25,0.16,0.04,0.01,True,True,False,False,False,True,False
720575940617308673,flow,afferent,418,400,0.25,0.16,0.14285714285714285,0.01,True,True,False,False,True,True,False
720575940617308673,flow,afferent,418,400,0.25,0.16,0.04,0.01,False,True,False,False,True,True,False
720575940623235848,flow,afferent,585,400,0.25,0.16,0.14285714285714285,0.01,True,True,False,False,True,True,False
720575940623235848,flow,afferent,585,400,0.25,0.16,0.04,0.01,True,True,False,False,True,True,False
720575940633731435,flow,afferent,955,400,0.25,0.16,0.14285714285714285,0.01,True,True,False,False,True,True,False
720575940633731435,flow,afferent,955,400,0.25,0.16,0.04,0.01,True,True,False,False,True,True,False
720575940613051699,flow,afferent,1031,400,0.25,0.16,0.14285714285714285,0.01,True,True,False,False,True,True,False
720575940613051699,flow,afferent,1031,400,0.25,0.16,0.04,0.01,True,True,False,False,True,True,False
720575940618343734,flow,afferent,952,400,0.25,0.16,0.14285714285714285,0.01,True,True,False,False,True,True,False
720575940618343734,flow,afferent,952,400,0.25,0.16,0.04,0.01,False,True,False,False,True,True,False
720575940619761072,flow,afferent,481,400,0.25,0.16,0.14285714285714285,0.01,True,True,False,False,True,True,False
720575940619761072,flow,afferent,481,400,0.25,0.16,0.04,0.01,True,True,False,False,True,True,False
720575940627163560,flow,afferent,743,400,0.25,0.16,0.14285714285714285,0.01,True,True,False,False,True,True,False
720575940627163560,flow,afferent,743,400,0.25,0.16,0.04,0.01,True,True,False,False,True,True,False
720575940633642391,flow,afferent,908,400,0.25,0.16,0.14285714285714285,0.01,False,True,False,False,True,False,False
720575940633642391,flow,afferent,908,400,0.25,0.16,0.04,0.01,False,True,False,False,True,False,False
720575940629518892,flow,afferent,937,400,0.25,0.16,0.14285714285714285,0.01,False,True,False,False,True,True,False
720575940629518892,flow,afferent,937,400,0.25,0.16,0.04,0.01,False,True,False,False,True,True,False
720575940623729907,flow,afferent,449,400,0.25,0.16,0.14285714285714285,0.01,True,True,False,False,True,True,False
720575940623729907,flow,afferent,449,400,0.25,0.16,0.04,0.01,True,True,False,False,True,True,False
720575940630947176,flow,afferent,849,400,0.25,0.16,0.14285714285714285,0.01,True,True,False,False,True,True,False
720575940630947176,flow,afferent,849,400,0.25,0.16,0.04,0.01,False,True,False,False,True,True,False
720575940619702337,flow,afferent,852,400,0.25,0.16,0.14285714285714285,0.01,True,True,False,False,True,True,False
720575940619702337,flow,afferent,852,400,0.25,0.16,0.04,0.01,False,True,False,False,True,True,False
720575940639068112,flow,afferent,502,400,0.25,0.16,0.14285714285714285,0.01,True,True,False,False,True,True,False
720575940639068112,flow,afferent,502,400,0.25,0.16,0.04,0.01,True,True,False,False,True,True,False
720575940625502595,flow,afferent,629,400,0.25,0.16,0.14285714285714285,0.01,True,True,False,False,True,True,False
720575940625502595,flow,afferent,629,400,0.25,0.16,0.04,0.01,True,True,False,False,True,True,False
720575940635561584,flow,afferent,442,400,0.25,0.16,0.14285714285714285,0.01,False,True,False,False,True,True,False
720575940635561584,flow,afferent,442,400,0.25,0.16,0.04,0.01,False,True,False,False,True,True,False
720575940638475573,flow,afferent,814,400,0.25,0.16,0.14285714285714285,0.01,False,True,False,False,True,True,False
720575940638475573,flow,afferent,814,400,0.25,0.16,0.04,0.01,False,True,False,False,True,True,False
720575940604700006,flow,afferent,639,400,0.25,0.16,0.14285714285714285,0.01,False,True,False,False,True,False,False
720575940604700006,flow,afferent,639,400,0.25,0.16,0.04,0.01,False,True,False,False,False,False,False
720575940620574817,flow,afferent,585,400,0.25,0.16,0.14285714285714285,0.01,True,True,False,False,True,True,False
720575940620574817,flow,afferent,585,400,0.25,0.16,0.04,0.01,False,True,False,False,True,True,False
720575940619791019,flow,afferent,837,400,0.25,0.16,0.14285714285714285,0.01,True,True,False,False,True,True,False
720575940619791019,flow,afferent,837,400,0.25,0.16,0.04,0.01,False,True,False,False,True,True,False
720575940627043048,flow,afferent,636,400,0.25,0.16,0.14285714285714285,0.01,True,True,False,False,True,True,False
720575940627043048,flow,afferent,636,400,0.25,0.16,0.04,0.01,True,True,False,False,False,True,False
720575940623708135,flow,afferent,730,400,0.25,0.16,0.14285714285714285,0.01,False,True,False,False,True,True,False
720575940623708135,flow,afferent,730,400,0.25,0.16,0.04,0.01,False,True,False,False,False,True,False
720575940626851471,flow,afferent,664,400,0.25,0.16,0.14285714285714285,0.01,True,True,False,False,True,True,False
720575940626851471,flow,afferent,664,400,0.25,0.16,0.04,0.01,True,True,False,False,True,True,False
720575940606460873,flow,afferent,445,400,0.25,0.16,0.14285714285714285,0.01,False,True,True,False,True,True,False
720575940606460873,flow,afferent,445,400,0.25,0.16,0.04,0.01,False,True,True,False,True,True,False
720575940639186264,flow,afferent,475,400,0.25,0.16,0.14285714285714285,0.01,True,True,True,False,True,True,False
720575940639186264,flow,afferent,475,400,0.25,0.16,0.04,0.01,True,True,True,False,True,True,False
720575940625795453,flow,afferent,488,400,0.25,0.16,0.14285714285714285,0.01,True,True,False,True,True,True,False
720575940625795453,flow,afferent,488,400,0.25,0.16,0.04,0.01,True,True,False,False,True,True,False
720575940623799335,flow,afferent,645,400,0.25,0.16,0.14285714285714285,0.01,True,True,False,False,True,True,False
720575940623799335,flow,afferent,645,400,0.25,0.16,0.04,0.01,True,True,False,False,True,True,False
720575940639053885,flow,afferent,911,400,0.25,0.16,0.14285714285714285,0.01,False,True,False,False,True,True,False
720575940639053885,flow,afferent,911,400,0.25,0.16,0.04,0.01,False,True,False,False,True,True,False
720575940638511267,flow,afferent,1164,400,0.25,0.16,0.14285714285714285,0.01,True,True,False,False,True,False,False
720575940638511267,flow,afferent,1164,400,0.25,0.16,0.04,0.01,True,True,False,False,True,False,False
720575940628749111,flow,afferent,712,400,0.25,0.16,0.14285714285714285,0.01,False,True,False,False,True,True,False
720575940628749111,flow,afferent,712,400,0.25,0.16,0.04,0.01,False,True,False,False,True,False,False
720575940643980910,flow,afferent,721,400,0.25,0.16,0.14285714285714285,0.01,False,True,False,False,True,True,False
720575940643980910,flow,afferent,721,400,0.25,0.16,0.04,0.01,False,True,False,False,True,True,False
720575940635081464,flow,afferent,621,400,0.25,0.16,0.14285714285714285,0.01,False,True,False,False,True,False,False
720575940635081464,flow,afferent,621,400,0.25,0.16,0.04,0.01,False,True,False,False,True,False,False
720575940617598621,flow,afferent,408,400,0.25,0.16,0.14285714285714285,0.01,False,True,False,False,True,True,False
720575940617598621,flow,afferent,408,400,0.25,0.16,0.04,0.01,False,True,False,False,True,True,False
720575940623771580,flow,afferent,509,400,0.25,0.16,0.14285714285714285,0.01,True,True,True,True,True,True,False
720575940623771580,flow,afferent,509,400,0.25,0.16,0.04,0.01,True,True,False,True,True,True,False
720575940627948111,flow,afferent,424,400,0.25,0.16,0.14285714285714285,0.01,True,True,False,False,True,True,False
720575940627948111,flow,afferent,424,400,0.25,0.16,0.04,0.01,True,True,False,False,True,True,False
720575940635745855,flow,afferent,472,400,0.25,0.16,0.14285714285714285,0.01,True,True,False,False,True,True,False
720575940635745855,flow,afferent,472,400,0.25,0.16,0.04,0.01,False,True,False,False,True,True,False
720575940616857757,flow,afferent,662,400,0.25,0.16,0.14285714285714285,0.01,True,True,False,False,True,False,False
720575940616857757,flow,afferent,662,400,0.25,0.16,0.04,0.01,False,True,False,False,True,False,False
720575940626565907,flow,afferent,492,400,0.25,0.16,0.14285714285714285,0.01,True,True,False,False,True,True,False
720575940626565907,flow,afferent,492,400,0.25,0.16,0.04,0.01,True,True,False,False,True,False,False
720575940616915753,flow,afferent,436,400,0.25,0.16,0.14285714285714285,0.01,False,True,True,False,True,True,False
720575940616915753,flow,afferent,436,400,0.25,0.16,0.04,0.01,False,True,False,False,True,True,False
720575940632637139,flow,afferent,800,400,0.25,0.16,0.14285714285714285,0.01,True,True,False,False,True,True,False
720575940632637139,flow,afferent,800,400,0.25,0.16,0.04,0.01,False,True,False,False,True,True,False
720575940618821067,flow,afferent,695,400,0.25,0.16,0.14285714285714285,0.01,False,True,False,False,True,True,False
720575940618821067,flow,afferent,695,400,0.25,0.16,0.04,0.01,False,True,False,False,True,True,False
720575940629390970,flow,afferent,470,400,0.25,0.16,0.14285714285714285,0.01,True,True,False,False,True,True,False
720575940629390970,flow,afferent,470,400,0.25,0.16,0.04,0.01,True,True,False,False,True,True,False
720575940631727308,flow,afferent,424,400,0.25,0.16,0.14285714285714285,0.01,True,True,False,False,True,True,False
720575940631727308,flow,afferent,424,400,0.25,0.16,0.04,0.01,True,True,False,False,True,True,False
720575940624859834,flow,afferent,696,400,0.25,0.16,0.14285714285714285,0.01,True,True,False,False,True,True,False
720575940624859834,flow,afferent,696,400,0.25,0.16,0.04,0.01,True,True,False,False,True,False,False
720575940610059726,flow,afferent,496,400,0.25,0.16,0.14285714285714285,0.01,False,True,False,False,True,True,False
720575940610059726,flow,afferent,496,400,0.25,0.16,0.04,0.01,False,True,False,False,True,True,False
720575940620023261,flow,afferent,425,400,0.25,0.16,0.14285714285714285,0.01,True,True,False,False,True,True,False
720575940620023261,flow,afferent,425,400,0.25,0.16,0.04,0.01,True,True,False,False,True,True,False
720575940608313611,flow,afferent,427,400,0.25,0.16,0.14285714285714285,0.01,False,True,False,False,True,True,False
720575940608313611,flow,afferent,427,400,0.25,0.16,0.04,0.01,False,True,False,False,True,True,False
720575940629424195,flow,afferent,521,400,0.25,0.16,0.14285714285714285,0.01,True,True,True,True,True,True,False
720575940629424195,flow,afferent,521,400,0.25,0.16,0.04,0.01,True,True,True,True,True,True,False
720575940623205705,flow,afferent,711,400,0.25,0.16,0.14285714285714285,0.01,False,True,False,False,True,True,False
720575940623205705,flow,afferent,711,400,0.25,0.16,0.04,0.01,False,True,False,False,True,True,False
720575940630514191,flow,afferent,759,400,0.25,0.16,0.14285714285714285,0.01,True,True,False,False,True,False,False
720575940630514191,flow,afferent,759,400,0.25,0.16,0.04,0.01,True,True,False,False,True,False,False
720575940629557292,flow,afferent,714,400,0.25,0.16,0.14285714285714285,0.01,False,True,False,False,True,True,False
720575940629557292,flow,afferent,714,400,0.25,0.16,0.04,0.01,False,True,False,False,True,True,False
720575940620382704,flow,afferent,434,400,0.25,0.16,0.14285714285714285,0.01,True,True,False,False,True,False,False
720575940620382704,flow,afferent,434,400,0.25,0.16,0.04,0.01,True,True,False,False,True,False,False
720575940612704802,flow,afferent,507,400,0.25,0.16,0.14285714285714285,0.01,True,True,True,True,True,True,False
720575940612704802,flow,afferent,507,400,0.25,0.16,0.04,0.01,True,True,True,False,True,True,False
720575940628888375,flow,afferent,429,400,0.25,0.16,0.14285714285714285,0.01,True,True,True,False,True,True,False
720575940628888375,flow,afferent,429,400,0.25,0.16,0.04,0.01,True,True,True,False,True,True,False
720575940628702658,flow,afferent,662,400,0.25,0.16,0.14285714285714285,0.01,True,True,False,False,True,False,False
720575940628702658,flow,afferent,662,400,0.25,0.16,0.04,0.01,True,True,False,False,True,False,False
720575940619093524,flow,afferent,570,400,0.25,0.16,0.14285714285714285,0.01,True,True,False,False,True,True,False
720575940619093524,flow,afferent,570,400,0.25,0.16,0.04,0.01,True,True,False,False,True,True,False
720575940645431075,flow,afferent,858,400,0.25,0.16,0.14285714285714285,0.01,True,True,False,False,True,True,False
720575940645431075,flow,afferent,858,400,0.25,0.16,0.04,0.01,False,True,False,False,True,True,False
720575940659447937,flow,afferent,471,400,0.25,0.16,0.14285714285714285,0.01,True,True,False,False,True,True,False
720575940659447937,flow,afferent,471,400,0.25,0.16,0.04,0.01,True,True,False,False,True,True,False
720575940618640542,flow,afferent,828,400,0.25,0.16,0.14285714285714285,0.01,True,True,False,False,True,True,False
720575940618640542,flow,afferent,828,400,0.25,0.16,0.04,0.01,False,True,False,False,True,True,False
720575940607626453,flow,afferent,415,400,0.25,0.16,0.14285714285714285,0.01,True,True,True,False,True,False,False
720575940607626453,flow,afferent,415,400,0.25,0.16,0.04,0.01,True,True,True,False,True,False,False
720575940619403028,flow,afferent,630,400,0.25,0.16,0.14285714285714285,0.01,True,True,False,False,True,True,False
720575940619403028,flow,afferent,630,400,0.25,0.16,0.04,0.01,True,True,False,False,True,True,False
720575940617089876,flow,afferent,432,400,0.25,0.16,0.14285714285714285,0.01,True,True,False,False,True,True,False
720575940617089876,flow,afferent,432,400,0.25,0.16,0.04,0.01,True,True,False,False,True,True,False
720575940626812072,flow,afferent,527,400,0.25,0.16,0.14285714285714285,0.01,True,True,False,False,True,True,False
720575940626812072,flow,afferent,527,400,0.25,0.16,0.04,0.01,False,True,False,False,True,True,False
720575940611085518,flow,afferent,421,400,0.25,0.16,0.14285714285714285,0.01,False,True,True,False,True,True,False
720575940611085518,flow,afferent,421,400,0.25,0.16,0.04,0.01,False,True,True,False,True,True,False
720575940614430102,flow,afferent,701,400,0.25,0.16,0.14285714285714285,0.01,True,True,False,False,False,True,False
720575940614430102,flow,afferent,701,400,0.25,0.16,0.04,0.01,True,True,False,False,False,False,False
720575940638914648,flow,afferent,711,400,0.25,0.16,0.14285714285714285,0.01,True,True,True,False,True,True,False
720575940638914648,flow,afferent,711,400,0.25,0.16,0.04,0.01,True,True,True,False,True,True,False
720575940611475370,flow,afferent,544,400,0.25,0.16,0.14285714285714285,0.01,True,True,False,False,True,True,False
720575940611475370,flow,afferent,544,400,0.25,0.16,0.04,0.01,True,True,False,False,True,True,False
720575940616601345,flow,afferent,424,400,0.25,0.16,0.14285714285714285,0.01,True,True,False,False,True,True,False
720575940616601345,flow,afferent,424,400,0.25,0.16,0.04,0.01,True,True,False,False,True,True,False
720575940627948367,flow,afferent,404,400,0.25,0.16,0.14285714285714285,0.01,True,True,True,False,True,True,False
720575940627948367,flow,afferent,404,400,0.25,0.16,0.04,0.01,True,True,True,False,True,True,False
720575940625889625,flow,afferent,717,400,0.25,0.16,0.14285714285714285,0.01,True,True,False,False,True,True,False
720575940625889625,flow,afferent,717,400,0.25,0.16,0.04,0.01,False,True,False,False,True,True,False
720575940617650407,flow,afferent,457,400,0.25,0.16,0.14285714285714285,0.01,True,True,True,True,True,True,False
720575940617650407,flow,afferent,457,400,0.25,0.16,0.04,0.01,True,True,True,True,True,True,False
720575940624671490,flow,afferent,478,400,0.25,0.16,0.14285714285714285,0.01,True,True,False,False,True,True,False
720575940624671490,flow,afferent,478,400,0.25,0.16,0.04,0.01,True,True,False,False,True,True,False
720575940625273116,flow,afferent,883,400,0.25,0.16,0.14285714285714285,0.01,True,True,False,False,True,True,False
720575940625273116,flow,afferent,883,400,0.25,0.16,0.04,0.01,True,True,False,False,True,True,False
720575940638678179,flow,afferent,702,400,0.25,0.16,0.14285714285714285,0.01,False,True,False,False,True,False,False
720575940638678179,flow,afferent,702,400,0.25,0.16,0.04,0.01,False,True,False,False,True,False,False
720575940614325138,flow,afferent,569,400,0.25,0.16,0.14285714285714285,0.01,True,True,False,False,True,False,False
720575940614325138,flow,afferent,569,400,0.25,0.16,0.04,0.01,True,True,False,False,True,False,False
720575940629677509,flow,afferent,852,400,0.25,0.16,0.14285714285714285,0.01,True,True,False,False,True,False,False
720575940629677509,flow,afferent,852,400,0.25,0.16,0.04,0.01,True,True,False,False,False,False,False
720575940639076669,flow,afferent,993,400,0.25,0.16,0.14285714285714285,0.01,True,True,False,False,True,True,False
720575940639076669,flow,afferent,993,400,0.25,0.16,0.04,0.01,True,True,False,False,True,True,False
720575940639025998,flow,afferent,649,400,0.25,0.16,0.14285714285714285,0.01,True,True,False,False,True,True,False
720575940639025998,flow,afferent,649,400,0.25,0.16,0.04,0.01,True,True,False,False,True,True,False
720575940628407375,flow,afferent,855,400,0.25,0.16,0.14285714285714285,0.01,True,True,False,False,True,True,False
720575940628407375,flow,afferent,855,400,0.25,0.16,0.04,0.01,False,True,False,False,True,True,False
720575940630107131,flow,afferent,759,400,0.25,0.16,0.14285714285714285,0.01,False,True,False,False,True,True,False
720575940630107131,flow,afferent,759,400,0.25,0.16,0.04,0.01,False,True,False,False,False,True,False
720575940633802045,flow,afferent,465,400,0.25,0.16,0.14285714285714285,0.01,True,True,True,True,True,True,False
720575940633802045,flow,afferent,465,400,0.25,0.16,0.04,0.01,True,True,True,True,True,True,False
720575940620621665,flow,afferent,528,400,0.25,0.16,0.14285714285714285,0.01,False,True,False,False,True,True,False
720575940620621665,flow,afferent,528,400,0.25,0.16,0.04,0.01,False,True,False,False,True,True,False
720575940627454888,flow,afferent,672,400,0.25,0.16,0.14285714285714285,0.01,False,True,False,False,True,True,False
720575940627454888,flow,afferent,672,400,0.25,0.16,0.04,0.01,False,True,False,False,True,True,False
720575940614110375,flow,afferent,911,400,0.25,0.16,0.14285714285714285,0.01,False,True,False,False,True,True,False
720575940614110375,flow,afferent,911,400,0.25,0.16,0.04,0.01,False,True,False,False,True,True,False
720575940610189358,flow,afferent,455,400,0.25,0.16,0.14285714285714285,0.01,True,True,True,False,True,True,False
720575940610189358,flow,afferent,455,400,0.25,0.16,0.04,0.01,True,True,True,False,True,True,False
720575940654499745,flow,afferent,511,400,0.25,0.16,0.14285714285714285,0.01,True,True,False,False,True,True,False
720575940654499745,flow,afferent,511,400,0.25,0.16,0.04,0.01,True,True,False,False,True,True,False
720575940633811005,flow,afferent,427,400,0.25,0.16,0.14285714285714285,0.01,False,True,False,False,True,True,False
720575940633811005,flow,afferent,427,400,0.25,0.16,0.04,0.01,False,True,False,False,True,True,False
720575940633813309,flow,afferent,404,400,0.25,0.16,0.14285714285714285,0.01,False,True,False,False,True,True,False
720575940633813309,flow,afferent,404,400,0.25,0.16,0.04,0.01,False,True,False,False,True,True,False
720575940623482355,flow,afferent,483,400,0.25,0.16,0.14285714285714285,0.01,True,True,False,False,True,True,False
720575940623482355,flow,afferent,483,400,0.25,0.16,0.04,0.01,True,True,False,False,True,True,False
720575940619812487,flow,afferent,836,400,0.25,0.16,0.14285714285714285,0.01,False,True,False,False,True,True,False
720575940619812487,flow,afferent,836,400,0.25,0.16,0.04,0.01,False,True,False,False,True,True,False
720575940625305884,flow,afferent,799,400,0.25,0.16,0.14285714285714285,0.01,True,True,False,False,True,True,False
720575940625305884,flow,afferent,799,400,0.25,0.16,0.04,0.01,True,True,False,False,True,True,False
720575940618784891,flow,afferent,564,400,0.25,0.16,0.14285714285714285,0.01,True,True,False,False,True,True,False
720575940618784891,flow,afferent,564,400,0.25,0.16,0.04,0.01,True,True,False,False,True,True,False
720575940633671319,flow,afferent,680,400,0.25,0.16,0.14285714285714285,0.01,False,True,False,False,True,True,False
720575940633671319,flow,afferent,680,400,0.25,0.16,0.04,0.01,False,True,False,False,True,True,False
720575940626213642,flow,afferent,968,400,0.25,0.16,0.14285714285714285,0.01,True,True,False,False,True,True,False
720575940626213642,flow,afferent,968,400,0.25,0.16,0.04,0.01,True,True,False,False,True,True,False
720575940632351513,flow,afferent,956,400,0.25,0.16,0.14285714285714285,0.01,True,True,False,False,True,True,False
720575940632351513,flow,afferent,956,400,0.25,0.16,0.04,0.01,False,True,False,False,True,True,False
720575940621424397,flow,afferent,669,400,0.25,0.16,0.14285714285714285,0.01,False,True,False,False,True,True,False
720575940621424397,flow,afferent,669,400,0.25,0.16,0.04,0.01,False,True,False,False,True,True,False
720575940629153274,flow,afferent,720,400,0.25,0.16,0.14285714285714285,0.01,False,True,False,False,True,True,False
720575940629153274,flow,afferent,720,400,0.25,0.16,0.04,0.01,False,True,False,False,True,False,False
720575940620036417,flow,afferent,521,400,0.25,0.16,0.14285714285714285,0.01,False,True,False,False,True,True,False
720575940620036417,flow,afferent,521,400,0.25,0.16,0.04,0.01,False,True,False,False,True,True,False
720575940617674141,flow,afferent,741,400,0.25,0.16,0.14285714285714285,0.01,True,True,False,False,True,True,False
720575940617674141,flow,afferent,741,400,0.25,0.16,0.04,0.01,True,True,False,False,True,True,False
720575940622196518,flow,afferent,521,400,0.25,0.16,0.14285714285714285,0.01,True,True,False,False,True,True,False
720575940622196518,flow,afferent,521,400,0.25,0.16,0.04,0.01,True,True,False,False,True,True,False
720575940632854156,flow,afferent,714,400,0.25,0.16,0.14285714285714285,0.01,False,True,False,False,True,True,False
720575940632854156,flow,afferent,714,400,0.25,0.16,0.04,0.01,False,True,False,False,True,True,False
720575940631450764,flow,afferent,822,400,0.25,0.16,0.14285714285714285,0.01,False,True,False,False,True,True,False
720575940631450764,flow,afferent,822,400,0.25,0.16,0.04,0.01,False,True,False,False,True,True,False
720575940626868361,flow,afferent,486,400,0.25,0.16,0.14285714285714285,0.01,False,True,False,False,True,True,False
720575940626868361,flow,afferent,486,400,0.25,0.16,0.04,0.01,False,True,False,False,True,False,False
720575940621192436,flow,afferent,451,400,0.25,0.16,0.14285714285714285,0.01,True,True,True,True,True,True,False
720575940621192436,flow,afferent,451,400,0.25,0.16,0.04,0.01,True,True,True,True,True,True,False
720575940616140171,flow,afferent,760,400,0.25,0.16,0.14285714285714285,0.01,False,True,False,False,True,True,False
720575940616140171,flow,afferent,760,400,0.25,0.16,0.04,0.01,False,True,False,False,True,True,False
720575940624062612,flow,afferent,769,400,0.25,0.16,0.14285714285714285,0.01,True,True,False,False,True,False,False
720575940624062612,flow,afferent,769,400,0.25,0.16,0.04,0.01,True,True,False,False,False,False,False
720575940619891041,flow,afferent,694,400,0.25,0.16,0.14285714285714285,0.01,True,True,False,True,True,True,False
720575940619891041,flow,afferent,694,400,0.25,0.16,0.04,0.01,False,True,False,True,True,True,False
720575940625720890,flow,afferent,434,400,0.25,0.16,0.14285714285714285,0.01,True,True,False,False,True,True,False
720575940625720890,flow,afferent,434,400,0.25,0.16,0.04,0.01,False,True,False,False,True,True,False
720575940617720221,flow,afferent,443,400,0.25,0.16,0.14285714285714285,0.01,True,True,False,False,True,True,False
720575940617720221,flow,afferent,443,400,0.25,0.16,0.04,0.01,True,True,False,False,True,False,False
720575940630990756,flow,afferent,874,400,0.25,0.16,0.14285714285714285,0.01,True,True,False,False,True,True,False
720575940630990756,flow,afferent,874,400,0.25,0.16,0.04,0.01,True,True,False,False,True,True,False
720575940645722660,flow,afferent,781,400,0.25,0.16,0.14285714285714285,0.01,True,True,False,False,True,False,False
720575940645722660,flow,afferent,781,400,0.25,0.16,0.04,0.01,True,True,False,False,True,False,False
720575940661296001,flow,afferent,846,400,0.25,0.16,0.14285714285714285,0.01,False,True,False,False,True,True,False
720575940661296001,flow,afferent,846,400,0.25,0.16,0.04,0.01,False,True,False,False,True,True,False
720575940619681600,flow,afferent,714,400,0.25,0.16,0.14285714285714285,0.01,True,True,False,False,True,True,False
720575940619681600,flow,afferent,714,400,0.25,0.16,0.04,0.01,True,True,False,False,True,False,False
720575940622509203,flow,afferent,628,400,0.25,0.16,0.14285714285714285,0.01,True,True,False,False,True,True,False
720575940622509203,flow,afferent,628,400,0.25,0.16,0.04,0.01,True,True,False,False,True,False,False
720575940616377942,flow,afferent,807,400,0.25,0.16,0.14285714285714285,0.01,False,True,False,False,True,True,False
720575940616377942,flow,afferent,807,400,0.25,0.16,0.04,0.01,False,True,False,False,True,True,False
720575940613201814,flow,afferent,772,400,0.25,0.16,0.14285714285714285,0.01,True,True,False,False,True,True,False
720575940613201814,flow,afferent,772,400,0.25,0.16,0.04,0.01,True,True,False,False,True,True,False
720575940623045117,flow,afferent,907,400,0.25,0.16,0.14285714285714285,0.01,True,True,False,False,True,True,False
720575940623045117,flow,afferent,907,400,0.25,0.16,0.04,0.01,True,True,False,False,True,True,False
720575940618393398,flow,afferent,3100,400,0.25,0.16,0.14285714285714285,0.01,False,True,True,False,True,False,False
720575940618393398,flow,afferent,3100,400,0.25,0.16,0.04,0.01,False,True,True,False,False,False,False
720575940620580272,flow,afferent,1621,400,0.25,0.16,0.14285714285714285,0.01,False,True,False,False,False,False,False
720575940620580272,flow,afferent,1621,400,0.25,0.16,0.04,0.01,False,True,False,False,False,False,False
720575940632517028,flow,afferent,3806,400,0.25,0.16,0.14285714285714285,0.01,False,True,False,False,True,False,False
720575940632517028,flow,afferent,3806,400,0.25,0.16,0.04,0.01,False,True,False,False,True,False,False
720575940610850965,flow,afferent,1568,400,0.25,0.16,0.14285714285714285,0.01,False,True,False,False,False,False,False
720575940610850965,flow,afferent,1568,400,0.25,0.16,0.04,0.01,False,True,False,False,False,False,False
720575940629420135,flow,afferent,651,400,0.25,0.16,0.14285714285714285,0.01,False,True,True,False,True,False,False
720575940629420135,flow,afferent,651,400,0.25,0.16,0.04,0.01,False,True,True,False,True,False,False
720575940634038041,flow,afferent,4369,400,0.25,0.16,0.14285714285714285,0.01,False,True,True,False,True,False,False
720575940634038041,flow,afferent,4369,400,0.25,0.16,0.04,0.01,False,True,False,False,True,False,False
720575940627803720,flow,afferent,3047,400,0.25,0.16,0.14285714285714285,0.01,True,True,True,False,False,False,False
720575940627803720,flow,afferent,3047,400,0.25,0.16,0.04,0.01,True,True,True,False,False,False,False
720575940608662318,flow,afferent,12502,400,0.25,0.16,0.14285714285714285,0.01,False,True,True,False,True,True,False
720575940608662318,flow,afferent,12502,400,0.25,0.16,0.04,0.01,False,True,False,False,False,False,False
720575940621591477,flow,afferent,3947,400,0.25,0.16,0.14285714285714285,0.01,True,True,True,False,False,False,False
720575940621591477,flow,afferent,3947,400,0.25,0.16,0.04,0.01,False,True,True,False,False,False,False
720575940625480394,flow,afferent,7958,400,0.25,0.16,0.14285714285714285,0.01,False,True,False,False,False,False,False
720575940625480394,flow,afferent,7958,400,0.25,0.16,0.04,0.01,False,True,False,False,False,False,False
720575940613693469,flow,afferent,7865,400,0.25,0.16,0.14285714285714285,0.01,True,True,True,False,False,False,False
720575940613693469,flow,afferent,7865,400,0.25,0.16,0.04,0.01,True,False,True,False,False,False,False
720575940621147998,flow,afferent,5083,400,0.25,0.16,0.14285714285714285,0.01,True,True,False,False,False,False,False
720575940621147998,flow,afferent,5083,400,0.25,0.16,0.04,0.01,True,True,False,False,False,False,False
720575940615309106,flow,afferent,4502,400,0.25,0.16,0.14285714285714285,0.01,False,True,True,False,False,True,False
720575940615309106,flow,afferent,4502,400,0.25,0.16,0.04,0.01,False,True,False,False,False,False,False
720575940616427357,flow,afferent,7772,400,0.25,0.16,0.14285714285714285,0.01,True,True,True,False,False,True,False
720575940616427357,flow,afferent,7772,400,0.25,0.16,0.04,0.01,False,True,True,False,False,True,False
720575940638453437,flow,afferent,3367,400,0.25,0.16,0.14285714285714285,0.01,False,True,True,False,False,True,False
720575940638453437,flow,afferent,3367,400,0.25,0.16,0.04,0.01,False,True,True,False,False,False,False
720575940623982323,flow,afferent,10780,400,0.25,0.16,0.14285714285714285,0.01,False,True,False,False,False,True,False
720575940623982323,flow,afferent,10780,400,0.25,0.16,0.04,0.01,False,True,False,False,False,False,False
720575940613772317,flow,afferent,1260,400,0.25,0.16,0.14285714285714285,0.01,False,True,False,False,False,False,False
720575940613772317,flow,afferent,1260,400,0.25,0.16,0.04,0.01,False,True,False,False,False,False,False
720575940613772829,flow,afferent,1091,400,0.25,0.16,0.14285714285714285,0.01,False,True,False,False,True,False,False
720575940613772829,flow,afferent,1091,400,0.25,0.16,0.04,0.01,False,True,False,False,False,False,False
720575940630798378,flow,afferent,10509,400,0.25,0.16,0.14285714285714285,0.01,True,True,False,False,False,False,False
720575940630798378,flow,afferent,10509,400,0.25,0.16,0.04,0.01,False,True,False,False,False,False,False
720575940639205821,flow,afferent,7684,400,0.25,0.16,0.14285714285714285,0.01,True,True,False,False,True,False,False
720575940639205821,flow,afferent,7684,400,0.25,0.16,0.04,0.01,True,True,False,False,False,False,False
720575940618238635,flow,afferent,12103,400,0.25,0.16,0.14285714285714285,0.01,True,True,True,False,False,True,False
720575940618238635,flow,afferent,12103,400,0.25,0.16,0.04,0.01,True,True,False,False,False,False,False
720575940631095289,flow,afferent,8352,400,0.25,0.16,0.14285714285714285,0.01,False,True,False,False,False,True,False
720575940631095289,flow,afferent,8352,400,0.25,0.16,0.04,0.01,False,True,False,False,False,False,False
720575940630300434,flow,afferent,4415,400,0.25,0.16,0.14285714285714285,0.01,False,True,False,False,False,False,False
720575940630300434,flow,afferent,4415,400,0.25,0.16,0.04,0.01,False,True,False,False,False,False,False
720575940618014528,flow,afferent,12402,400,0.25,0.16,0.14285714285714285,0.01,True,True,True,False,False,False,False
720575940618014528,flow,afferent,12402,400,0.25,0.16,0.04,0.01,True,True,True,False,False,False,False
720575940638155497,flow,afferent,1482,400,0.25,0.16,0.14285714285714285,0.01,True,True,True,False,True,True,False
720575940638155497,flow,afferent,1482,400,0.25,0.16,0.04,0.01,True,True,True,False,True,False,False
720575940628083516,flow,afferent,9957,400,0.25,0.16,0.14285714285714285,0.01,True,True,True,False,False,True,False
720575940628083516,flow,afferent,9957,400,0.25,0.16,0.04,0.01,False,True,True,False,False,True,False
720575940620245718,flow,afferent,1040,400,0.25,0.16,0.14285714285714285,0.01,True,True,True,False,True,False,False
720575940620245718,flow,afferent,1040,400,0.25,0.16,0.04,0.01,True,True,True,False,False,False,False
720575940623008550,flow,afferent,1199,400,0.25,0.16,0.14285714285714285,0.01,True,True,True,False,True,True,False
720575940623008550,flow,afferent,1199,400,0.25,0.16,0.04,0.01,True,True,True,False,True,True,False
720575940617871394,flow,afferent,3370,400,0.25,0.16,0.14285714285714285,0.01,True,True,True,False,False,False,False
720575940617871394,flow,afferent,3370,400,0.25,0.16,0.04,0.01,True,True,True,False,False,False,False
720575940615411161,flow,afferent,1882,400,0.25,0.16,0.14285714285714285,0.01,True,True,True,True,True,True,False
720575940615411161,flow,afferent,1882,400,0.25,0.16,0.04,0.01,False,True,True,True,True,True,False
720575940632847661,flow,afferent,44711,400,0.25,0.16,0.14285714285714285,0.01,True,True,True,False,True,False,False
720575940632847661,flow,afferent,44711,400,0.25,0.16,0.04,0.01,False,False,True,False,True,False,False
720575940630521931,flow,afferent,4218,400,0.25,0.16,0.14285714285714285,0.01,False,True,True,False,False,False,False
720575940630521931,flow,afferent,4218,400,0.25,0.16,0.04,0.01,False,True,False,False,False,False,False
720575940617625413,flow,afferent,1749,400,0.25,0.16,0.14285714285714285,0.01,True,True,False,False,False,False,False
720575940617625413,flow,afferent,1749,400,0.25,0.16,0.04,0.01,False,True,False,False,False,False,False
720575940610275192,flow,afferent,5400,400,0.25,0.16,0.14285714285714285,0.01,True,True,False,False,False,False,False
720575940610275192,flow,afferent,5400,400,0.25,0.16,0.04,0.01,False,True,False,False,False,False,False
720575940608655883,flow,afferent,769,400,0.25,0.16,0.14285714285714285,0.01,False,True,True,False,True,False,False
720575940608655883,flow,afferent,769,400,0.25,0.16,0.04,0.01,False,True,True,False,True,False,False
720575940623743892,flow,afferent,4594,400,0.25,0.16,0.14285714285714285,0.01,True,True,True,False,True,False,False
720575940623743892,flow,afferent,4594,400,0.25,0.16,0.04,0.01,True,True,True,False,False,False,False
720575940627372165,flow,afferent,1920,400,0.25,0.16,0.14285714285714285,0.01,False,True,True,False,False,True,False
720575940627372165,flow,afferent,1920,400,0.25,0.16,0.04,0.01,False,True,False,False,False,False,False
720575940621553348,flow,afferent,8909,400,0.25,0.16,0.14285714285714285,0.01,False,True,False,False,True,True,False
720575940621553348,flow,afferent,8909,400,0.25,0.16,0.04,0.01,False,True,False,False,False,False,False
720575940622707592,flow,afferent,3012,400,0.25,0.16,0.14285714285714285,0.01,True,True,True,False,True,False,False
720575940622707592,flow,afferent,3012,400,0.25,0.16,0.04,0.01,True,True,True,False,False,False,False
720575940629312768,flow,afferent,3037,400,0.25,0.16,0.14285714285714285,0.01,False,True,True,False,False,False,False
720575940629312768,flow,afferent,3037,400,0.25,0.16,0.04,0.01,False,True,True,False,False,False,False
720575940619973134,flow,afferent,969,400,0.25,0.16,0.14285714285714285,0.01,True,True,True,False,False,True,False
720575940619973134,flow,afferent,969,400,0.25,0.16,0.04,0.01,True,True,True,False,False,True,False
720575940612409059,flow,afferent,7643,400,0.25,0.16,0.14285714285714285,0.01,True,True,False,False,True,False,False
720575940612409059,flow,afferent,7643,400,0.25,0.16,0.04,0.01,True,True,False,False,False,False,False
720575940620833901,flow,afferent,14080,400,0.25,0.16,0.14285714285714285,0.01,False,True,True,True,True,True,False
720575940620833901,flow,afferent,14080,400,0.25,0.16,0.04,0.01,False,True,False,True,True,False,False
720575940638700707,flow,afferent,6080,400,0.25,0.16,0.14285714285714285,0.01,False,True,True,False,True,False,False
720575940638700707,flow,afferent,6080,400,0.25,0.16,0.04,0.01,False,True,True,False,False,False,False
720575940633416604,flow,afferent,7012,400,0.25,0.16,0.14285714285714285,0.01,False,True,True,False,False,False,False
720575940633416604,flow,afferent,7012,400,0.25,0.16,0.04,0.01,False,True,False,False,False,False,False
720575940645007748,flow,afferent,665,400,0.25,0.16,0.14285714285714285,0.01,True,True,True,False,True,True,False
720575940645007748,flow,afferent,665,400,0.25,0.16,0.04,0.01,True,True,True,False,True,True,False
720575940616832901,flow,afferent,2120,400,0.25,0.16,0.14285714285714285,0.01,True,True,True,False,False,False,False
720575940616832901,flow,afferent,2120,400,0.25,0.16,0.04,0.01,True,True,True,False,False,False,False
720575940616224576,flow,afferent,1099,400,0.25,0.16,0.14285714285714285,0.01,True,True,False,False,True,True,False
720575940616224576,flow,afferent,1099,400,0.25,0.16,0.04,0.01,True,True,False,False,True,False,False
720575940635206763,flow,afferent,776,400,0.25,0.16,0.14285714285714285,0.01,False,True,False,False,False,True,False
720575940635206763,flow,afferent,776,400,0.25,0.16,0.04,0.01,False,True,False,False,False,False,False
720575940618192694,flow,afferent,4175,400,0.25,0.16,0.14285714285714285,0.01,False,True,False,False,False,False,False
720575940618192694,flow,afferent,4175,400,0.25,0.16,0.04,0.01,False,True,False,False,False,False,False
720575940660211841,flow,afferent,1096,400,0.25,0.16,0.14285714285714285,0.01,False,True,False,False,True,False,False
720575940660211841,flow,afferent,1096,400,0.25,0.16,0.04,0.01,False,True,False,False,False,False,False
720575940611514282,flow,afferent,1779,400,0.25,0.16,0.14285714285714285,0.01,False,True,True,False,True,True,False
720575940611514282,flow,afferent,1779,400,0.25,0.16,0.04,0.01,False,True,False,False,True,False,False
720575940618907376,flow,afferent,1899,400,0.25,0.16,0.14285714285714285,0.01,False,True,True,False,True,True,False
720575940618907376,flow,afferent,1899,400,0.25,0.16,0.04,0.01,False,True,False,False,True,False,False
720575940623529354,flow,afferent,1472,400,0.25,0.16,0.14285714285714285,0.01,True,True,True,False,False,True,False
720575940623529354,flow,afferent,1472,400,0.25,0.16,0.04,0.01,False,True,True,False,False,False,False
720575940627410042,flow,afferent,3965,400,0.25,0.16,0.14285714285714285,0.01,False,True,True,False,False,False,False
720575940627410042,flow,afferent,3965,400,0.25,0.16,0.04,0.01,False,True,True,False,False,False,False
720575940616824197,flow,afferent,1625,400,0.25,0.16,0.14285714285714285,0.01,False,True,False,False,False,False,False
720575940616824197,flow,afferent,1625,400,0.25,0.16,0.04,0.01,False,True,False,False,False,False,False
720575940616824709,flow,afferent,1188,400,0.25,0.16,0.14285714285714285,0.01,False,True,False,False,False,False,False
720575940616824709,flow,afferent,1188,400,0.25,0.16,0.04,0.01,False,True,False,False,False,False,False
720575940616824965,flow,afferent,1718,400,0.25,0.16,0.14285714285714285,0.01,False,True,False,False,False,False,False
720575940616824965,flow,afferent,1718,400,0.25,0.16,0.04,0.01,False,True,False,False,False,False,False
720575940642468644,flow,afferent,756,400,0.25,0.16,0.14285714285714285,0.01,False,True,False,False,True,True,False
720575940642468644,flow,afferent,756,400,0.25,0.16,0.04,0.01,False,True,False,False,True,True,False
720575940619655814,flow,afferent,2650,400,0.25,0.16,0.14285714285714285,0.01,True,True,False,False,False,False,False
720575940619655814,flow,afferent,2650,400,0.25,0.16,0.04,0.01,False,True,False,False,False,False,False
720575940611373169,flow,afferent,1630,400,0.25,0.16,0.14285714285714285,0.01,False,True,False,False,True,False,False
720575940611373169,flow,afferent,1630,400,0.25,0.16,0.04,0.01,False,True,False,False,False,False,False
720575940616831877,flow,afferent,1532,400,0.25,0.16,0.14285714285714285,0.01,True,True,False,False,True,False,False
720575940616831877,flow,afferent,1532,400,0.25,0.16,0.04,0.01,False,True,False,False,False,False,False
720575940615637334,flow,afferent,1922,400,0.25,0.16,0.14285714285714285,0.01,False,True,True,False,True,True,False
720575940615637334,flow,afferent,1922,400,0.25,0.16,0.04,0.01,False,True,False,False,True,False,False
720575940613771666,flow,afferent,11901,400,0.25,0.16,0.14285714285714285,0.01,True,True,True,False,False,False,False
720575940613771666,flow,afferent,11901,400,0.25,0.16,0.04,0.01,False,True,True,False,False,False,False
720575940629044854,flow,afferent,8538,400,0.25,0.16,0.14285714285714285,0.01,False,True,True,False,False,True,False
720575940629044854,flow,afferent,8538,400,0.25,0.16,0.04,0.01,False,True,True,False,False,False,False
720575940616833669,flow,afferent,5501,400,0.25,0.16,0.14285714285714285,0.01,False,True,False,False,False,False,False
720575940616833669,flow,afferent,5501,400,0.25,0.16,0.04,0.01,False,True,False,False,False,False,False
720575940607403275,flow,afferent,1904,400,0.25,0.16,0.14285714285714285,0.01,False,True,False,False,True,False,False
720575940607403275,flow,afferent,1904,400,0.25,0.16,0.04,0.01,False,True,False,False,False,False,False
720575940659063169,flow,afferent,15002,400,0.25,0.16,0.14285714285714285,0.01,False,True,True,False,False,True,False
720575940659063169,flow,afferent,15002,400,0.25,0.16,0.04,0.01,False,True,False,False,False,False,False
720575940633430112,flow,afferent,3625,400,0.25,0.16,0.14285714285714285,0.01,False,True,True,False,False,False,False
720575940633430112,flow,afferent,3625,400,0.25,0.16,0.04,0.01,False,True,True,False,False,False,False
720575940616836485,flow,afferent,1946,400,0.25,0.16,0.14285714285714285,0.01,False,True,False,False,False,False,False
720575940616836485,flow,afferent,1946,400,0.25,0.16,0.04,0.01,False,True,False,False,False,False,False
720575940616838789,flow,afferent,1775,400,0.25,0.16,0.14285714285714285,0.01,True,True,True,False,False,False,False
720575940616838789,flow,afferent,1775,400,0.25,0.16,0.04,0.01,True,True,True,False,False,False,False
720575940627744143,flow,afferent,1324,400,0.25,0.16,0.14285714285714285,0.01,False,True,False,False,False,False,False
720575940627744143,flow,afferent,1324,400,0.25,0.16,0.04,0.01,False,True,False,False,False,False,False
720575940636004975,flow,afferent,5754,400,0.25,0.16,0.14285714285714285,0.01,False,True,True,False,False,False,False
720575940636004975,flow,afferent,5754,400,0.25,0.16,0.04,0.01,False,True,True,False,False,False,False
720575940616858501,flow,afferent,941,400,0.25,0.16,0.14285714285714285,0.01,False,True,False,False,False,False,False
720575940616858501,flow,afferent,941,400,0.25,0.16,0.04,0.01,False,True,False,False,False,False,False
720575940614519775,flow,afferent,5657,400,0.25,0.16,0.14285714285714285,0.01,False,True,True,False,True,True,False
720575940614519775,flow,afferent,5657,400,0.25,0.16,0.04,0.01,False,True,False,False,True,True,False
720575940637309924,flow,afferent,1094,400,0.25,0.16,0.14285714285714285,0.01,False,True,False,False,True,False,False
720575940637309924,flow,afferent,1094,400,0.25,0.16,0.04,0.01,False,True,False,False,True,False,False
720575940622399783,flow,afferent,515,400,0.25,0.16,0.14285714285714285,0.01,False,True,True,False,False,True,False
720575940622399783,flow,afferent,515,400,0.25,0.16,0.04,0.01,False,True,True,False,False,True,False
720575940641679501,flow,afferent,1521,400,0.25,0.16,0.14285714285714285,0.01,True,True,True,False,True,False,False
720575940641679501,flow,afferent,1521,400,0.25,0.16,0.04,0.01,False,True,False,False,False,False,False
720575940626727301,flow,afferent,10705,400,0.25,0.16,0.14285714285714285,0.01,True,True,True,False,True,False,False
720575940626727301,flow,afferent,10705,400,0.25,0.16,0.04,0.01,False,True,True,False,True,False,False
720575940617492939,flow,afferent,598,400,0.25,0.16,0.14285714285714285,0.01,True,True,True,False,True,False,False
720575940617492939,flow,afferent,598,400,0.25,0.16,0.04,0.01,True,True,True,False,False,False,False
720575940617610837,flow,afferent,585,400,0.25,0.16,0.14285714285714285,0.01,True,True,True,True,True,True,False
720575940617610837,flow,afferent,585,400,0.25,0.16,0.04,0.01,False,True,True,False,False,True,False
720575940629087682,flow,afferent,857,400,0.25,0.16,0.14285714285714285,0.01,False,True,True,False,True,True,False
720575940629087682,flow,afferent,857,400,0.25,0.16,0.04,0.01,False,True,False,False,False,False,False
720575940627631360,flow,afferent,3387,400,0.25,0.16,0.14285714285714285,0.01,True,True,True,False,False,False,False
720575940627631360,flow,afferent,3387,400,0.25,0.16,0.04,0.01,False,True,True,False,False,False,False
720575940617876455,flow,afferent,656,400,0.25,0.16,0.14285714285714285,0.01,False,True,True,False,True,False,False
720575940617876455,flow,afferent,656,400,0.25,0.16,0.04,0.01,False,True,True,False,False,False,False
720575940612586905,flow,afferent,3450,400,0.25,0.16,0.14285714285714285,0.01,False,True,True,False,True,True,False
720575940612586905,flow,afferent,3450,400,0.25,0.16,0.04,0.01,False,True,False,False,True,False,False
720575940617997716,flow,afferent,5906,400,0.25,0.16,0.14285714285714285,0.01,False,True,False,False,False,False,False
720575940617997716,flow,afferent,5906,400,0.25,0.16,0.04,0.01,False,True,False,False,False,False,False
720575940614607675,flow,afferent,919,400,0.25,0.16,0.14285714285714285,0.01,False,True,False,False,False,False,False
720575940614607675,flow,afferent,919,400,0.25,0.16,0.04,0.01,False,True,False,False,False,False,False
720575940618202539,flow,afferent,432,400,0.25,0.16,0.14285714285714285,0.01,False,True,True,False,True,True,False
720575940618202539,flow,afferent,432,400,0.25,0.16,0.04,0.01,False,True,True,False,True,True,False
720575940623371920,flow,afferent,655,400,0.25,0.16,0.14285714285714285,0.01,False,True,True,False,True,False,False
720575940623371920,flow,afferent,655,400,0.25,0.16,0.04,0.01,False,True,True,False,True,False,False
720575940625063694,flow,afferent,952,400,0.25,0.16,0.14285714285714285,0.01,False,True,True,False,True,True,False
720575940625063694,flow,afferent,952,400,0.25,0.16,0.04,0.01,False,True,True,False,False,True,False
720575940619487425,flow,afferent,6784,400,0.25,0.16,0.14285714285714285,0.01,False,True,True,False,False,True,False
720575940619487425,flow,afferent,6784,400,0.25,0.16,0.04,0.01,False,True,True,False,False,False,False
720575940635164779,flow,afferent,6134,400,0.25,0.16,0.14285714285714285,0.01,True,True,True,False,False,False,False
720575940635164779,flow,afferent,6134,400,0.25,0.16,0.04,0.01,True,True,True,False,False,False,False
720575940614153937,flow,afferent,3134,400,0.25,0.16,0.14285714285714285,0.01,False,True,False,False,False,True,False
720575940614153937,flow,afferent,3134,400,0.25,0.16,0.04,0.01,False,True,False,False,False,False,False
720575940610244266,flow,afferent,8873,400,0.25,0.16,0.14285714285714285,0.01,True,True,True,False,False,True,False
720575940610244266,flow,afferent,8873,400,0.25,0.16,0.04,0.01,False,True,True,False,False,False,False
720575940625941762,flow,afferent,7140,400,0.25,0.16,0.14285714285714285,0.01,True,True,True,False,False,False,False
720575940625941762,flow,afferent,7140,400,0.25,0.16,0.04,0.01,True,True,False,False,False,False,False
720575940643552366,flow,afferent,2653,400,0.25,0.16,0.14285714285714285,0.01,True,True,True,False,False,True,False
720575940643552366,flow,afferent,2653,400,0.25,0.16,0.04,0.01,True,True,True,False,False,True,False
720575940635487845,flow,afferent,2177,400,0.25,0.16,0.14285714285714285,0.01,True,True,True,False,True,False,False
720575940635487845,flow,afferent,2177,400,0.25,0.16,0.04,0.01,True,True,True,False,True,False,False
720575940629247682,flow,afferent,15566,400,0.25,0.16,0.14285714285714285,0.01,False,True,False,False,True,False,False
720575940629247682,flow,afferent,15566,400,0.25,0.16,0.04,0.01,False,True,False,False,True,False,False
720575940603792486,flow,afferent,614,400,0.25,0.16,0.14285714285714285,0.01,False,True,True,False,False,True,False
720575940603792486,flow,afferent,614,400,0.25,0.16,0.04,0.01,False,True,True,False,False,True,False
720575940628686423,flow,afferent,912,400,0.25,0.16,0.14285714285714285,0.01,False,True,True,False,True,False,False
720575940628686423,flow,afferent,912,400,0.25,0.16,0.04,0.01,False,True,True,False,True,False,False
720575940613175215,flow,afferent,2961,400,0.25,0.16,0.14285714285714285,0.01,True,True,False,False,False,False,False
720575940613175215,flow,afferent,2961,400,0.25,0.16,0.04,0.01,True,True,False,False,False,False,False
720575940629748606,flow,afferent,3821,400,0.25,0.16,0.14285714285714285,0.01,False,True,False,False,True,False,False
720575940629748606,flow,afferent,3821,400,0.25,0.16,0.04,0.01,False,True,False,False,True,False,False
720575940619625703,flow,afferent,738,400,0.25,0.16,0.14285714285714285,0.01,False,True,True,False,False,False,False
720575940619625703,flow,afferent,738,400,0.25,0.16,0.04,0.01,False,True,True,False,False,False,False
720575940619818876,flow,afferent,671,400,0.25,0.16,0.14285714285714285,0.01,False,True,False,False,True,True,False
720575940619818876,flow,afferent,671,400,0.25,0.16,0.04,0.01,False,True,False,False,True,True,False
720575940624311369,flow,afferent,1255,400,0.25,0.16,0.14285714285714285,0.01,False,True,False,False,False,False,False
720575940624311369,flow,afferent,1255,400,0.25,0.16,0.04,0.01,False,True,False,False,False,False,False
720575940627417064,flow,afferent,3225,400,0.25,0.16,0.14285714285714285,0.01,False,True,True,False,True,False,False
720575940627417064,flow,afferent,3225,400,0.25,0.16,0.04,0.01,False,True,False,False,True,False,False
720575940623778229,flow,afferent,1118,400,0.25,0.16,0.14285714285714285,0.01,False,True,True,False,True,False,False
720575940623778229,flow,afferent,1118,400,0.25,0.16,0.04,0.01,False,True,False,False,True,False,False
720575940624352747,flow,afferent,1269,400,0.25,0.16,0.14285714285714285,0.01,True,True,True,False,False,False,False
720575940624352747,flow,afferent,1269,400,0.25,0.16,0.04,0.01,True,True,True,False,False,False,False
720575940629202114,flow,afferent,3864,400,0.25,0.16,0.14285714285714285,0.01,True,True,True,False,True,True,False
720575940629202114,flow,afferent,3864,400,0.25,0.16,0.04,0.01,False,False,True,False,True,False,False
720575940603453542,flow,afferent,724,400,0.25,0.16,0.14285714285714285,0.01,True,True,False,False,False,True,False
720575940603453542,flow,afferent,724,400,0.25,0.16,0.04,0.01,True,True,False,False,False,True,False
720575940631004202,flow,afferent,3783,400,0.25,0.16,0.14285714285714285,0.01,True,True,True,False,True,True,False
720575940631004202,flow,afferent,3783,400,0.25,0.16,0.04,0.01,False,True,False,False,True,False,False
720575940605256894,flow,afferent,1227,400,0.25,0.16,0.14285714285714285,0.01,False,True,False,False,True,True,False
720575940605256894,flow,afferent,1227,400,0.25,0.16,0.04,0.01,False,True,False,False,False,False,False
720575940626886933,flow,afferent,545,400,0.25,0.16,0.14285714285714285,0.01,True,True,True,False,True,True,False
720575940626886933,flow,afferent,545,400,0.25,0.16,0.04,0.01,True,True,True,False,True,True,False
720575940614426799,flow,afferent,776,400,0.25,0.16,0.14285714285714285,0.01,True,True,False,False,True,True,False
720575940614426799,flow,afferent,776,400,0.25,0.16,0.04,0.01,True,True,False,False,True,False,False
720575940617046785,flow,afferent,565,400,0.25,0.16,0.14285714285714285,0.01,False,True,False,False,True,True,False
720575940617046785,flow,afferent,565,400,0.25,0.16,0.04,0.01,False,True,False,False,True,False,False
720575940622517530,flow,afferent,719,400,0.25,0.16,0.14285714285714285,0.01,True,True,False,False,True,False,False
720575940622517530,flow,afferent,719,400,0.25,0.16,0.04,0.01,False,True,False,False,True,False,False
720575940622118566,flow,afferent,1552,400,0.25,0.16,0.14285714285714285,0.01,False,True,True,False,True,True,False
720575940622118566,flow,afferent,1552,400,0.25,0.16,0.04,0.01,False,True,True,False,True,True,False
720575940623452540,flow,afferent,900,400,0.25,0.16,0.14285714285714285,0.01,True,True,True,False,True,True,False
720575940623452540,flow,afferent,900,400,0.25,0.16,0.04,0.01,True,True,True,False,True,True,False
720575940615706018,flow,afferent,1031,400,0.25,0.16,0.14285714285714285,0.01,False,True,True,False,True,True,False
720575940615706018,flow,afferent,1031,400,0.25,0.16,0.04,0.01,False,True,False,False,True,False,False
720575940640773491,flow,afferent,1141,400,0.25,0.16,0.14285714285714285,0.01,False,True,False,False,False,True,False
720575940640773491,flow,afferent,1141,400,0.25,0.16,0.04,0.01,False,True,False,False,False,False,False
720575940612306786,flow,afferent,4305,400,0.25,0.16,0.14285714285714285,0.01,False,True,False,False,False,False,False
720575940612306786,flow,afferent,4305,400,0.25,0.16,0.04,0.01,False,True,False,False,False,False,False
720575940639245631,flow,afferent,1684,400,0.25,0.16,0.14285714285714285,0.01,False,True,True,False,False,False,False
720575940639245631,flow,afferent,1684,400,0.25,0.16,0.04,0.01,False,True,True,False,False,False,False
720575940617109004,flow,afferent,5230,400,0.25,0.16,0.14285714285714285,0.01,True,True,True,False,False,False,False
720575940617109004,flow,afferent,5230,400,0.25,0.16,0.04,0.01,True,False,True,False,False,False,False
720575940628400650,flow,afferent,7825,400,0.25,0.16,0.14285714285714285,0.01,False,True,False,False,False,False,False
720575940628400650,flow,afferent,7825,400,0.25,0.16,0.04,0.01,False,True,False,False,False,False,False
720575940620665816,flow,afferent,894,400,0.25,0.16,0.14285714285714285,0.01,True,True,True,False,True,False,False
720575940620665816,flow,afferent,894,400,0.25,0.16,0.04,0.01,True,True,True,False,True,False,False
720575940622550251,flow,afferent,634,400,0.25,0.16,0.14285714285714285,0.01,True,True,False,False,False,True,False
720575940622550251,flow,afferent,634,400,0.25,0.16,0.04,0.01,True,True,False,False,False,True,False
720575940626253331,flow,afferent,580,400,0.25,0.16,0.14285714285714285,0.01,True,True,False,False,True,True,False
720575940626253331,flow,afferent,580,400,0.25,0.16,0.04,0.01,True,True,False,False,True,True,False
720575940611885541,flow,afferent,426,400,0.25,0.16,0.14285714285714285,0.01,False,True,True,False,True,True,False
720575940611885541,flow,afferent,426,400,0.25,0.16,0.04,0.01,False,True,True,False,True,True,False
720575940603356128,flow,afferent,551,400,0.25,0.16,0.14285714285714285,0.01,False,True,False,False,True,True,False
720575940603356128,flow,afferent,551,400,0.25,0.16,0.04,0.01,False,True,False,False,True,True,False
720575940613740950,flow,afferent,629,400,0.25,0.16,0.14285714285714285,0.01,True,True,False,False,True,True,False
720575940613740950,flow,afferent,629,400,0.25,0.16,0.04,0.01,True,True,False,False,True,True,False
720575940638666805,flow,afferent,639,400,0.25,0.16,0.14285714285714285,0.01,True,True,False,False,True,True,False
720575940638666805,flow,afferent,639,400,0.25,0.16,0.04,0.01,True,True,False,False,True,True,False
720575940616793669,flow,afferent,610,400,0.25,0.16,0.14285714285714285,0.01,True,True,False,False,True,True,False
720575940616793669,flow,afferent,610,400,0.25,0.16,0.04,0.01,True,True,False,False,True,False,False
720575940630424121,flow,afferent,685,400,0.25,0.16,0.14285714285714285,0.01,True,True,False,False,True,False,False
720575940630424121,flow,afferent,685,400,0.25,0.16,0.04,0.01,False,True,False,False,True,False,False
720575940627334782,flow,afferent,438,400,0.25,0.16,0.14285714285714285,0.01,True,True,False,False,True,True,False
720575940627334782,flow,afferent,438,400,0.25,0.16,0.04,0.01,True,True,False,False,True,True,False
720575940653892257,flow,afferent,1222,400,0.25,0.16,0.14285714285714285,0.01,True,True,False,False,True,False,False
720575940653892257,flow,afferent,1222,400,0.25,0.16,0.04,0.01,True,True,False,False,True,False,False
720575940613053393,flow,afferent,705,400,0.25,0.16,0.14285714285714285,0.01,True,True,False,False,True,True,False
720575940613053393,flow,afferent,705,400,0.25,0.16,0.04,0.01,True,True,False,False,True,True,False
720575940614735372,flow,afferent,582,400,0.25,0.16,0.14285714285714285,0.01,False,True,True,False,True,True,False
720575940614735372,flow,afferent,582,400,0.25,0.16,0.04,0.01,False,True,False,False,True,True,False
720575940623572164,flow,afferent,436,400,0.25,0.16,0.14285714285714285,0.01,True,True,False,False,True,True,False
720575940623572164,flow,afferent,436,400,0.25,0.16,0.04,0.01,True,True,False,False,True,True,False
720575940631090759,flow,afferent,822,400,0.25,0.16,0.14285714285714285,0.01,False,True,False,False,True,False,False
720575940631090759,flow,afferent,822,400,0.25,0.16,0.04,0.01,False,True,False,False,True,False,False
720575940629611996,flow,afferent,619,400,0.25,0.16,0.14285714285714285,0.01,True,True,False,False,True,False,False
720575940629611996,flow,afferent,619,400,0.25,0.16,0.04,0.01,True,True,False,False,True,False,False
720575940621861119,flow,afferent,1114,400,0.25,0.16,0.14285714285714285,0.01,False,True,True,True,True,True,False
720575940621861119,flow,afferent,1114,400,0.25,0.16,0.04,0.01,False,True,True,False,True,True,False
720575940612886695,flow,afferent,426,400,0.25,0.16,0.14285714285714285,0.01,True,True,True,False,True,True,False
720575940612886695,flow,afferent,426,400,0.25,0.16,0.04,0.01,True,True,True,False,True,True,False
720575940633335450,flow,afferent,425,400,0.25,0.16,0.14285714285714285,0.01,False,True,True,True,True,True,False
720575940633335450,flow,afferent,425,400,0.25,0.16,0.04,0.01,False,True,True,True,True,True,False
720575940643241508,flow,afferent,410,400,0.25,0.16,0.14285714285714285,0.01,False,True,True,True,True,True,False
720575940643241508,flow,afferent,410,400,0.25,0.16,0.04,0.01,False,True,True,True,True,True,False
720575940634619759,flow,afferent,438,400,0.25,0.16,0.14285714285714285,0.01,True,True,True,True,True,True,False
720575940634619759,flow,afferent,438,400,0.25,0.16,0.04,0.01,False,True,True,False,True,True,False
720575940620092656,flow,afferent,518,400,0.25,0.16,0.14285714285714285,0.01,False,True,True,False,True,True,False
720575940620092656,flow,afferent,518,400,0.25,0.16,0.04,0.01,False,True,True,False,True,True,False
720575940618818580,flow,afferent,701,400,0.25,0.16,0.14285714285714285,0.01,False,True,True,True,True,True,False
720575940618818580,flow,afferent,701,400,0.25,0.16,0.04,0.01,False,True,True,False,True,True,False
720575940603767473,flow,afferent,2158,400,0.25,0.16,0.14285714285714285,0.01,True,True,True,False,False,False,False
720575940603767473,flow,afferent,2158,400,0.25,0.16,0.04,0.01,True,True,True,False,False,False,False
720575940624012981,flow,afferent,2926,400,0.25,0.16,0.14285714285714285,0.01,True,True,True,False,True,False,False
720575940624012981,flow,afferent,2926,400,0.25,0.16,0.04,0.01,False,True,False,False,True,False,False
720575940617936641,flow,afferent,7701,400,0.25,0.16,0.14285714285714285,0.01,False,True,False,False,False,False,False
720575940617936641,flow,afferent,7701,400,0.25,0.16,0.04,0.01,False,True,False,False,False,False,False
720575940619421311,flow,afferent,1200,400,0.25,0.16,0.14285714285714285,0.01,False,True,False,True,True,False,False
720575940619421311,flow,afferent,1200,400,0.25,0.16,0.04,0.01,False,True,False,True,True,False,False
720575940614513662,flow,afferent,1233,400,0.25,0.16,0.14285714285714285,0.01,False,True,True,False,True,False,False
720575940614513662,flow,afferent,1233,400,0.25,0.16,0.04,0.01,False,True,True,False,True,False,False
720575940626622339,flow,afferent,2812,400,0.25,0.16,0.14285714285714285,0.01,True,True,True,False,False,True,False
720575940626622339,flow,afferent,2812,400,0.25,0.16,0.04,0.01,True,True,True,False,False,True,False
720575940618057921,flow,afferent,601,400,0.25,0.16,0.14285714285714285,0.01,True,True,True,False,True,True,False
720575940618057921,flow,afferent,601,400,0.25,0.16,0.04,0.01,True,True,True,False,True,True,False
720575940620275677,flow,afferent,738,400,0.25,0.16,0.14285714285714285,0.01,True,True,False,False,True,False,False
720575940620275677,flow,afferent,738,400,0.25,0.16,0.04,0.01,False,True,False,False,True,False,False
720575940602337504,flow,afferent,5898,400,0.25,0.16,0.14285714285714285,0.01,False,True,False,False,False,False,False
720575940602337504,flow,afferent,5898,400,0.25,0.16,0.04,0.01,False,True,False,False,False,False,False
720575940636008559,flow,afferent,1583,400,0.25,0.16,0.14285714285714285,0.01,False,True,True,False,True,True,False
720575940636008559,flow,afferent,1583,400,0.25,0.16,0.04,0.01,False,True,False,False,True,True,False
720575940603765937,flow,afferent,1339,400,0.25,0.16,0.14285714285714285,0.01,True,True,False,False,True,True,False
720575940603765937,flow,afferent,1339,400,0.25,0.16,0.04,0.01,True,True,False,False,True,True,False
720575940625164302,flow,afferent,1674,400,0.25,0.16,0.14285714285714285,0.01,True,True,True,True,True,True,False
720575940625164302,flow,afferent,1674,400,0.25,0.16,0.04,0.01,True,True,True,True,True,True,False
720575940640167552,flow,afferent,1342,400,0.25,0.16,0.14285714285714285,0.01,True,True,True,False,True,True,False
720575940640167552,flow,afferent,1342,400,0.25,0.16,0.04,0.01,True,True,True,False,False,False,False
720575940606617557,flow,afferent,1693,400,0.25,0.16,0.14285714285714285,0.01,True,True,True,False,False,False,False
720575940606617557,flow,afferent,1693,400,0.25,0.16,0.04,0.01,True,True,True,False,False,False,False
720575940623165965,flow,afferent,5046,400,0.25,0.16,0.14285714285714285,0.01,False,True,True,False,True,True,False
720575940623165965,flow,afferent,5046,400,0.25,0.16,0.04,0.01,False,True,False,False,False,False,False
720575940622262493,flow,afferent,5985,400,0.25,0.16,0.14285714285714285,0.01,True,True,True,False,True,False,False
720575940622262493,flow,afferent,5985,400,0.25,0.16,0.04,0.01,True,True,True,False,False,False,False
720575940606343945,flow,afferent,3357,400,0.25,0.16,0.14285714285714285,0.01,False,True,True,False,True,True,False
720575940606343945,flow,afferent,3357,400,0.25,0.16,0.04,0.01,False,True,False,False,True,True,False
720575940620107585,flow,afferent,15627,400,0.25,0.16,0.14285714285714285,0.01,True,True,False,False,False,False,False
720575940620107585,flow,afferent,15627,400,0.25,0.16,0.04,0.01,True,True,False,False,False,False,False
720575940606526421,flow,afferent,1307,400,0.25,0.16,0.14285714285714285,0.01,True,True,True,False,False,True,False
720575940606526421,flow,afferent,1307,400,0.25,0.16,0.04,0.01,True,True,True,False,False,False,False
720575940621062655,flow,afferent,717,400,0.25,0.16,0.14285714285714285,0.01,False,True,True,False,True,False,False
720575940621062655,flow,afferent,717,400,0.25,0.16,0.04,0.01,False,True,True,False,True,False,False
720575940644275223,flow,afferent,14562,400,0.25,0.16,0.14285714285714285,0.01,False,True,False,False,False,True,False
720575940644275223,flow,afferent,14562,400,0.25,0.16,0.04,0.01,False,True,False,False,False,False,False
720575940630690678,flow,afferent,2707,400,0.25,0.16,0.14285714285714285,0.01,True,True,True,False,True,True,False
720575940630690678,flow,afferent,2707,400,0.25,0.16,0.04,0.01,True,True,True,False,True,True,False
720575940633075885,flow,afferent,2175,400,0.25,0.16,0.14285714285714285,0.01,False,True,False,False,True,True,False
720575940633075885,flow,afferent,2175,400,0.25,0.16,0.04,0.01,False,True,False,False,True,True,False
720575940636981070,flow,afferent,797,400,0.25,0.16,0.14285714285714285,0.01,True,True,True,False,True,True,False
720575940636981070,flow,afferent,797,400,0.25,0.16,0.04,0.01,True,True,True,False,False,True,False
720575940609656689,flow,afferent,1388,400,0.25,0.16,0.14285714285714285,0.01,True,True,True,False,True,False,False
720575940609656689,flow,afferent,1388,400,0.25,0.16,0.04,0.01,True,True,True,False,True,False,False
720575940635473886,flow,afferent,3130,400,0.25,0.16,0.14285714285714285,0.01,True,True,True,False,False,False,False
720575940635473886,flow,afferent,3130,400,0.25,0.16,0.04,0.01,True,True,True,False,False,False,False
720575940622159117,flow,afferent,554,400,0.25,0.16,0.14285714285714285,0.01,True,True,True,False,False,True,False
720575940622159117,flow,afferent,554,400,0.25,0.16,0.04,0.01,True,True,True,False,False,True,False
720575940625348389,flow,afferent,860,400,0.25,0.16,0.14285714285714285,0.01,True,True,True,False,False,False,False
720575940625348389,flow,afferent,860,400,0.25,0.16,0.04,0.01,True,True,True,False,False,False,False
720575940632879149,flow,afferent,4427,400,0.25,0.16,0.14285714285714285,0.01,False,True,False,False,True,False,False
720575940632879149,flow,afferent,4427,400,0.25,0.16,0.04,0.01,False,True,False,False,True,False,False
720575940614780219,flow,afferent,539,400,0.25,0.16,0.14285714285714285,0.01,False,True,True,False,True,False,False
720575940614780219,flow,afferent,539,400,0.25,0.16,0.04,0.01,False,True,True,False,True,False,False
720575940611765032,flow,afferent,1488,400,0.25,0.16,0.14285714285714285,0.01,True,True,False,False,True,False,False
720575940611765032,flow,afferent,1488,400,0.25,0.16,0.04,0.01,False,True,False,False,True,False,False
720575940638681919,flow,afferent,6051,400,0.25,0.16,0.14285714285714285,0.01,False,True,False,False,True,True,False
720575940638681919,flow,afferent,6051,400,0.25,0.16,0.04,0.01,False,True,False,False,True,False,False
720575940611817779,flow,afferent,2384,400,0.25,0.16,0.14285714285714285,0.01,True,True,True,False,True,False,False
720575940611817779,flow,afferent,2384,400,0.25,0.16,0.04,0.01,True,False,True,False,False,False,False
720575940625070650,flow,afferent,657,400,0.25,0.16,0.14285714285714285,0.01,True,True,True,False,True,True,False
720575940625070650,flow,afferent,657,400,0.25,0.16,0.04,0.01,True,True,True,False,True,True,False
720575940616541585,flow,afferent,1992,400,0.25,0.16,0.14285714285714285,0.01,False,True,False,False,True,False,False
720575940616541585,flow,afferent,1992,400,0.25,0.16,0.04,0.01,False,True,False,False,True,False,False
720575940624805765,flow,afferent,1915,400,0.25,0.16,0.14285714285714285,0.01,False,True,False,False,True,True,False
720575940624805765,flow,afferent,1915,400,0.25,0.16,0.04,0.01,False,True,False,False,False,False,False
720575940614836027,flow,afferent,8556,400,0.25,0.16,0.14285714285714285,0.01,False,True,True,False,False,True,False
720575940614836027,flow,afferent,8556,400,0.25,0.16,0.04,0.01,False,True,True,False,False,False,False
720575940612487574,flow,afferent,1277,400,0.25,0.16,0.14285714285714285,0.01,False,False,False,True,True,False,False
720575940612487574,flow,afferent,1277,400,0.25,0.16,0.04,0.01,False,False,False,False,True,False,False
720575940619358885,flow,afferent,11065,400,0.25,0.16,0.14285714285714285,0.01,True,True,True,False,False,False,False
720575940619358885,flow,afferent,11065,400,0.25,0.16,0.04,0.01,True,True,True,False,False,False,False
720575940624431288,flow,afferent,7696,400,0.25,0.16,0.14285714285714285,0.01,False,True,False,False,False,False,False
720575940624431288,flow,afferent,7696,400,0.25,0.16,0.04,0.01,False,True,False,False,False,False,False
720575940620472956,flow,afferent,1513,400,0.25,0.16,0.14285714285714285,0.01,False,True,True,False,True,True,False
720575940620472956,flow,afferent,1513,400,0.25,0.16,0.04,0.01,False,True,True,False,True,True,False
720575940615137804,flow,afferent,4985,400,0.25,0.16,0.14285714285714285,0.01,False,True,False,False,False,False,False
720575940615137804,flow,afferent,4985,400,0.25,0.16,0.04,0.01,False,True,False,False,False,False,False
720575940629337600,flow,afferent,1539,400,0.25,0.16,0.14285714285714285,0.01,False,True,True,False,False,True,False
720575940629337600,flow,afferent,1539,400,0.25,0.16,0.04,0.01,False,True,True,False,False,False,False
720575940646367267,flow,afferent,1001,400,0.25,0.16,0.14285714285714285,0.01,True,True,True,False,False,True,False
720575940646367267,flow,afferent,1001,400,0.25,0.16,0.04,0.01,True,True,True,False,False,False,False
720575940613190978,flow,afferent,1217,400,0.25,0.16,0.14285714285714285,0.01,True,True,True,True,True,True,False
720575940613190978,flow,afferent,1217,400,0.25,0.16,0.04,0.01,True,False,True,False,True,True,False
720575940624789652,flow,afferent,1808,400,0.25,0.16,0.14285714285714285,0.01,True,True,True,False,True,False,False
720575940624789652,flow,afferent,1808,400,0.25,0.16,0.04,0.01,True,True,True,False,True,False,False
720575940634388622,flow,afferent,490,400,0.25,0.16,0.14285714285714285,0.01,False,True,True,True,True,False,False
720575940634388622,flow,afferent,490,400,0.25,0.16,0.04,0.01,False,True,True,True,True,False,False
720575940613553202,flow,afferent,467,400,0.25,0.16,0.14285714285714285,0.01,True,True,True,True,True,True,False
720575940613553202,flow,afferent,467,400,0.25,0.16,0.04,0.01,True,True,True,True,True,True,False
720575940631815844,flow,afferent,683,400,0.25,0.16,0.14285714285714285,0.01,True,True,True,False,True,True,False
720575940631815844,flow,afferent,683,400,0.25,0.16,0.04,0.01,True,True,False,False,True,True,False
720575940631000773,flow,afferent,6482,400,0.25,0.16,0.14285714285714285,0.01,False,True,False,False,False,False,False
720575940631000773,flow,afferent,6482,400,0.25,0.16,0.04,0.01,False,True,False,False,False,False,False
720575940623207885,flow,afferent,5376,400,0.25,0.16,0.14285714285714285,0.01,True,True,True,False,True,True,False
720575940623207885,flow,afferent,5376,400,0.25,0.16,0.04,0.01,True,True,True,False,False,False,False
720575940617440029,flow,afferent,616,400,0.25,0.16,0.14285714285714285,0.01,True,True,True,False,True,True,False
720575940617440029,flow,afferent,616,400,0.25,0.16,0.04,0.01,True,True,True,False,True,False,False
720575940638065469,flow,afferent,1169,400,0.25,0.16,0.14285714285714285,0.01,False,True,True,False,True,True,False
720575940638065469,flow,afferent,1169,400,0.25,0.16,0.04,0.01,False,True,True,False,True,True,False
720575940627764780,flow,afferent,797,400,0.25,0.16,0.14285714285714285,0.01,True,True,True,False,True,True,False
720575940627764780,flow,afferent,797,400,0.25,0.16,0.04,0.01,True,True,True,False,True,True,False
720575940625821672,flow,afferent,4808,400,0.25,0.16,0.14285714285714285,0.01,True,True,True,False,False,False,False
720575940625821672,flow,afferent,4808,400,0.25,0.16,0.04,0.01,True,True,True,False,False,False,False
720575940620950042,flow,afferent,9555,400,0.25,0.16,0.14285714285714285,0.01,False,True,False,False,False,False,False
720575940620950042,flow,afferent,9555,400,0.25,0.16,0.04,0.01,False,True,False,False,False,False,False
720575940615134557,flow,afferent,3183,400,0.25,0.16,0.14285714285714285,0.01,False,True,False,False,True,False,False
720575940615134557,flow,afferent,3183,400,0.25,0.16,0.04,0.01,False,True,False,False,True,False,False
720575940622450924,flow,afferent,2010,400,0.25,0.16,0.14285714285714285,0.01,True,True,False,False,False,False,False
720575940622450924,flow,afferent,2010,400,0.25,0.16,0.04,0.01,False,True,False,False,False,False,False
720575940623863614,flow,afferent,3178,400,0.25,0.16,0.14285714285714285,0.01,False,True,True,False,False,False,False
720575940623863614,flow,afferent,3178,400,0.25,0.16,0.04,0.01,False,True,True,False,False,False,False
720575940623748389,flow,afferent,4270,400,0.25,0.16,0.14285714285714285,0.01,True,True,True,False,False,False,False
720575940623748389,flow,afferent,4270,400,0.25,0.16,0.04,0.01,False,True,True,False,False,False,False
720575940628508534,flow,afferent,1531,400,0.25,0.16,0.14285714285714285,0.01,True,True,True,False,True,True,False
720575940628508534,flow,afferent,1531,400,0.25,0.16,0.04,0.01,True,True,True,False,False,True,False
720575940615879965,flow,afferent,3227,400,0.25,0.16,0.14285714285714285,0.01,True,True,True,False,False,False,False
720575940615879965,flow,afferent,3227,400,0.25,0.16,0.04,0.01,True,True,True,False,False,False,False
720575940624807301,flow,afferent,1992,400,0.25,0.16,0.14285714285714285,0.01,True,True,True,False,False,True,False
720575940624807301,flow,afferent,1992,400,0.25,0.16,0.04,0.01,True,True,True,False,False,False,False
720575940617227042,flow,afferent,5192,400,0.25,0.16,0.14285714285714285,0.01,True,True,True,False,False,False,False
720575940617227042,flow,afferent,5192,400,0.25,0.16,0.04,0.01,True,True,False,False,False,False,False
720575940627239336,flow,afferent,1043,400,0.25,0.16,0.14285714285714285,0.01,False,True,True,False,False,True,False
720575940627239336,flow,afferent,1043,400,0.25,0.16,0.04,0.01,False,True,True,False,False,False,False
720575940624967305,flow,afferent,1576,400,0.25,0.16,0.14285714285714285,0.01,False,True,True,False,False,False,False
720575940624967305,flow,afferent,1576,400,0.25,0.16,0.04,0.01,False,True,True,False,False,False,False
720575940625021573,flow,afferent,908,400,0.25,0.16,0.14285714285714285,0.01,False,True,False,False,True,True,False
720575940625021573,flow,afferent,908,400,0.25,0.16,0.04,0.01,False,True,False,False,True,True,False
720575940613580594,flow,afferent,451,400,0.25,0.16,0.14285714285714285,0.01,False,True,True,False,False,False,False
720575940613580594,flow,afferent,451,400,0.25,0.16,0.04,0.01,False,True,True,False,False,False,False
720575940632678099,flow,afferent,9661,400,0.25,0.16,0.14285714285714285,0.01,False,True,False,False,False,False,False
720575940632678099,flow,afferent,9661,400,0.25,0.16,0.04,0.01,False,True,False,False,False,False,False
720575940605976521,flow,afferent,2867,400,0.25,0.16,0.14285714285714285,0.01,False,True,True,False,True,False,False
720575940605976521,flow,afferent,2867,400,0.25,0.16,0.04,0.01,False,True,False,False,True,False,False
720575940634224540,flow,afferent,1296,400,0.25,0.16,0.14285714285714285,0.01,True,True,True,False,True,True,False
720575940634224540,flow,afferent,1296,400,0.25,0.16,0.04,0.01,True,True,True,False,False,False,False
720575940639468160,flow,afferent,10216,400,0.25,0.16,0.14285714285714285,0.01,True,True,True,False,False,False,False
720575940639468160,flow,afferent,10216,400,0.25,0.16,0.04,0.01,True,True,False,False,False,False,False
720575940611835955,flow,afferent,1430,400,0.25,0.16,0.14285714285714285,0.01,False,True,True,False,False,False,False
720575940611835955,flow,afferent,1430,400,0.25,0.16,0.04,0.01,False,True,False,False,False,False,False
720575940612547698,flow,afferent,1997,400,0.25,0.16,0.14285714285714285,0.01,True,True,True,False,False,False,False
720575940612547698,flow,afferent,1997,400,0.25,0.16,0.04,0.01,True,True,True,False,False,False,False
720575940622861326,flow,afferent,1721,400,0.25,0.16,0.14285714285714285,0.01,True,True,True,False,False,False,False
720575940622861326,flow,afferent,1721,400,0.25,0.16,0.04,0.01,False,True,True,False,False,False,False
720575940620303380,flow,afferent,4703,400,0.25,0.16,0.14285714285714285,0.01,False,True,False,False,False,False,False
720575940620303380,flow,afferent,4703,400,0.25,0.16,0.04,0.01,False,True,False,False,False,False,False
720575940608601355,flow,afferent,7958,400,0.25,0.16,0.14285714285714285,0.01,True,True,True,False,True,True,False
720575940608601355,flow,afferent,7958,400,0.25,0.16,0.04,0.01,False,True,False,False,True,False,False
720575940618831213,flow,afferent,597,400,0.25,0.16,0.14285714285714285,0.01,False,True,False,True,True,True,False
720575940618831213,flow,afferent,597,400,0.25,0.16,0.04,0.01,False,True,False,True,True,True,False
720575940625287998,flow,afferent,3478,400,0.25,0.16,0.14285714285714285,0.01,False,True,True,False,True,True,False
720575940625287998,flow,afferent,3478,400,0.25,0.16,0.04,0.01,False,True,True,False,True,True,False
720575940619029680,flow,afferent,5840,400,0.25,0.16,0.14285714285714285,0.01,True,True,True,False,False,False,False
720575940619029680,flow,afferent,5840,400,0.25,0.16,0.04,0.01,False,True,True,False,False,False,False
720575940612358642,flow,afferent,30591,400,0.25,0.16,0.14285714285714285,0.01,False,True,True,False,False,False,False
720575940612358642,flow,afferent,30591,400,0.25,0.16,0.04,0.01,False,True,True,False,False,False,False
720575940612950642,flow,afferent,13666,400,0.25,0.16,0.14285714285714285,0.01,False,True,False,False,False,False,False
720575940612950642,flow,afferent,13666,400,0.25,0.16,0.04,0.01,False,True,False,False,False,False,False
720575940619620596,flow,afferent,2687,400,0.25,0.16,0.14285714285714285,0.01,False,True,False,False,True,True,False
720575940619620596,flow,afferent,2687,400,0.25,0.16,0.04,0.01,False,True,False,False,True,True,False
720575940622484211,flow,afferent,509,400,0.25,0.16,0.14285714285714285,0.01,True,True,True,False,True,False,False
720575940622484211,flow,afferent,509,400,0.25,0.16,0.04,0.01,True,True,True,False,True,False,False
720575940607625737,flow,afferent,2392,400,0.25,0.16,0.14285714285714285,0.01,True,True,True,False,False,False,False
720575940607625737,flow,afferent,2392,400,0.25,0.16,0.04,0.01,True,True,True,False,False,False,False
720575940604276652,flow,afferent,14469,400,0.25,0.16,0.14285714285714285,0.01,False,True,False,False,False,False,False
720575940604276652,flow,afferent,14469,400,0.25,0.16,0.04,0.01,False,True,False,False,False,False,False
720575940618220480,flow,afferent,958,400,0.25,0.16,0.14285714285714285,0.01,False,False,False,False,True,False,False
720575940618220480,flow,afferent,958,400,0.25,0.16,0.04,0.01,False,False,False,False,True,False,False
720575940625760912,flow,afferent,7897,400,0.25,0.16,0.14285714285714285,0.01,False,True,False,False,False,False,False
720575940625760912,flow,afferent,7897,400,0.25,0.16,0.04,0.01,False,True,False,False,False,False,False
720575940630107855,flow,afferent,7063,400,0.25,0.16,0.14285714285714285,0.01,True,True,True,False,False,True,False
720575940630107855,flow,afferent,7063,400,0.25,0.16,0.04,0.01,True,True,True,False,False,False,False
720575940619421823,flow,afferent,3170,400,0.25,0.16,0.14285714285714285,0.01,False,True,False,False,True,False,False
720575940619421823,flow,afferent,3170,400,0.25,0.16,0.04,0.01,False,True,False,False,False,False,False
720575940627758833,flow,afferent,4782,400,0.25,0.16,0.14285714285714285,0.01,False,True,False,False,False,False,False
720575940627758833,flow,afferent,4782,400,0.25,0.16,0.04,0.01,False,True,False,False,False,False,False
720575940627480442,flow,afferent,1144,400,0.25,0.16,0.14285714285714285,0.01,False,True,False,False,True,False,False
720575940627480442,flow,afferent,1144,400,0.25,0.16,0.04,0.01,False,True,False,False,True,False,False
720575940636437172,flow,afferent,754,400,0.25,0.16,0.14285714285714285,0.01,True,True,True,False,True,True,False
720575940636437172,flow,afferent,754,400,0.25,0.16,0.04,0.01,True,False,False,False,True,True,False
720575940620797976,flow,afferent,777,400,0.25,0.16,0.14285714285714285,0.01,False,True,False,False,True,True,False
720575940620797976,flow,afferent,777,400,0.25,0.16,0.04,0.01,False,True,False,False,True,True,False
720575940622276744,flow,afferent,11073,400,0.25,0.16,0.14285714285714285,0.01,True,True,True,False,False,False,False
720575940622276744,flow,afferent,11073,400,0.25,0.16,0.04,0.01,True,True,True,False,False,False,False
720575940604820354,flow,afferent,1226,400,0.25,0.16,0.14285714285714285,0.01,False,True,True,False,True,True,False
720575940604820354,flow,afferent,1226,400,0.25,0.16,0.04,0.01,False,True,True,False,True,False,False
720575940617393435,flow,afferent,757,400,0.25,0.16,0.14285714285714285,0.01,True,True,True,False,True,True,False
720575940617393435,flow,afferent,757,400,0.25,0.16,0.04,0.01,True,True,True,False,True,True,False
720575940633548128,flow,afferent,5660,400,0.25,0.16,0.14285714285714285,0.01,True,True,True,False,True,True,False
720575940633548128,flow,afferent,5660,400,0.25,0.16,0.04,0.01,True,True,True,False,True,False,False
720575940621651383,flow,afferent,960,400,0.25,0.16,0.14285714285714285,0.01,False,True,True,False,True,True,False
720575940621651383,flow,afferent,960,400,0.25,0.16,0.04,0.01,False,True,True,False,True,True,False
720575940632000104,flow,afferent,1475,400,0.25,0.16,0.14285714285714285,0.01,True,True,True,False,True,True,False
720575940632000104,flow,afferent,1475,400,0.25,0.16,0.04,0.01,True,True,True,False,True,True,False
720575940619153136,flow,afferent,2693,400,0.25,0.16,0.14285714285714285,0.01,True,True,False,False,True,True,False
720575940619153136,flow,afferent,2693,400,0.25,0.16,0.04,0.01,False,True,False,False,True,False,False
720575940617307097,flow,afferent,8695,400,0.25,0.16,0.14285714285714285,0.01,False,True,True,False,False,False,False
720575940617307097,flow,afferent,8695,400,0.25,0.16,0.04,0.01,False,True,False,False,False,False,False
720575940647574916,flow,afferent,1876,400,0.25,0.16,0.14285714285714285,0.01,False,True,True,False,True,False,False
720575940647574916,flow,afferent,1876,400,0.25,0.16,0.04,0.01,False,True,True,False,True,False,False
720575940633662871,flow,afferent,10246,400,0.25,0.16,0.14285714285714285,0.01,False,True,False,False,False,False,False
720575940633662871,flow,afferent,10246,400,0.25,0.16,0.04,0.01,False,True,False,False,False,False,False
720575940645122948,flow,afferent,2704,400,0.25,0.16,0.14285714285714285,0.01,False,True,False,False,False,True,False
720575940645122948,flow,afferent,2704,400,0.25,0.16,0.04,0.01,False,True,False,False,False,False,False
720575940627330566,flow,afferent,6042,400,0.25,0.16,0.14285714285714285,0.01,False,True,True,False,True,True,False
720575940627330566,flow,afferent,6042,400,0.25,0.16,0.04,0.01,False,True,False,False,False,False,False
720575940633049963,flow,afferent,3104,400,0.25,0.16,0.14285714285714285,0.01,True,True,True,False,True,False,False
720575940633049963,flow,afferent,3104,400,0.25,0.16,0.04,0.01,True,True,True,False,False,False,False
720575940615333076,flow,afferent,686,400,0.25,0.16,0.14285714285714285,0.01,True,True,True,False,True,True,False
720575940615333076,flow,afferent,686,400,0.25,0.16,0.04,0.01,True,True,True,False,False,True,False
720575940615961542,flow,afferent,13060,400,0.25,0.16,0.14285714285714285,0.01,False,True,False,False,False,False,False
720575940615961542,flow,afferent,13060,400,0.25,0.16,0.04,0.01,False,True,False,False,False,False,False
720575940637679421,flow,afferent,7770,400,0.25,0.16,0.14285714285714285,0.01,False,True,True,False,False,True,False
720575940637679421,flow,afferent,7770,400,0.25,0.16,0.04,0.01,False,True,True,False,False,False,False
720575940629008655,flow,afferent,1396,400,0.25,0.16,0.14285714285714285,0.01,True,True,True,False,True,True,False
720575940629008655,flow,afferent,1396,400,0.25,0.16,0.04,0.01,False,True,True,False,True,False,False
720575940604023724,flow,afferent,1504,400,0.25,0.16,0.14285714285714285,0.01,True,True,True,False,False,False,False
720575940604023724,flow,afferent,1504,400,0.25,0.16,0.04,0.01,True,True,True,False,False,False,False
720575940622913123,flow,afferent,2149,400,0.25,0.16,0.14285714285714285,0.01,False,True,True,True,True,True,False
720575940622913123,flow,afferent,2149,400,0.25,0.16,0.04,0.01,False,True,True,False,True,False,False
720575940639301747,flow,afferent,3011,400,0.25,0.16,0.14285714285714285,0.01,True,True,True,False,True,True,False
720575940639301747,flow,afferent,3011,400,0.25,0.16,0.04,0.01,True,True,True,False,False,False,False
720575940624276733,flow,afferent,3207,400,0.25,0.16,0.14285714285714285,0.01,True,True,True,False,True,True,False
720575940624276733,flow,afferent,3207,400,0.25,0.16,0.04,0.01,True,True,True,False,False,True,False
720575940632879405,flow,afferent,3239,400,0.25,0.16,0.14285714285714285,0.01,False,True,False,False,True,False,False
720575940632879405,flow,afferent,3239,400,0.25,0.16,0.04,0.01,False,True,False,False,True,False,False
720575940625857923,flow,afferent,4400,400,0.25,0.16,0.14285714285714285,0.01,False,True,False,False,True,False,False
720575940625857923,flow,afferent,4400,400,0.25,0.16,0.04,0.01,False,True,False,False,False,False,False
720575940605694752,flow,afferent,8402,400,0.25,0.16,0.14285714285714285,0.01,False,True,False,False,False,False,False
720575940605694752,flow,afferent,8402,400,0.25,0.16,0.04,0.01,False,True,False,False,False,False,False
720575940636985422,flow,afferent,1642,400,0.25,0.16,0.14285714285714285,0.01,True,True,True,False,False,False,False
720575940636985422,flow,afferent,1642,400,0.25,0.16,0.04,0.01,True,True,True,False,False,False,False
720575940624967561,flow,afferent,6541,400,0.25,0.16,0.14285714285714285,0.01,False,True,False,False,False,False,False
720575940624967561,flow,afferent,6541,400,0.25,0.16,0.04,0.01,False,True,False,False,False,False,False
720575940628797608,flow,afferent,651,400,0.25,0.16,0.14285714285714285,0.01,True,True,True,False,True,True,False
720575940628797608,flow,afferent,651,400,0.25,0.16,0.04,0.01,True,True,True,False,False,True,False
720575940615677090,flow,afferent,1134,400,0.25,0.16,0.14285714285714285,0.01,False,True,True,False,True,True,False
720575940615677090,flow,afferent,1134,400,0.25,0.16,0.04,0.01,False,True,True,False,True,True,False
720575940613622501,flow,afferent,3340,400,0.25,0.16,0.14285714285714285,0.01,False,True,False,False,True,False,False
720575940613622501,flow,afferent,3340,400,0.25,0.16,0.04,0.01,False,True,False,False,True,False,False
720575940623405948,flow,afferent,772,400,0.25,0.16,0.14285714285714285,0.01,True,True,True,False,True,True,False
720575940623405948,flow,afferent,772,400,0.25,0.16,0.04,0.01,True,True,False,False,True,True,False
720575940623619549,flow,afferent,1077,400,0.25,0.16,0.14285714285714285,0.01,False,True,False,False,True,True,False
720575940623619549,flow,afferent,1077,400,0.25,0.16,0.04,0.01,False,True,False,False,True,True,False
720575940629704297,flow,afferent,1471,400,0.25,0.16,0.14285714285714285,0.01,False,True,True,False,True,True,False
720575940629704297,flow,afferent,1471,400,0.25,0.16,0.04,0.01,False,True,True,False,True,True,False
720575940627331940,flow,afferent,1655,400,0.25,0.16,0.14285714285714285,0.01,True,True,True,False,True,False,False
720575940627331940,flow,afferent,1655,400,0.25,0.16,0.04,0.01,True,True,True,False,False,False,False
720575940610501315,flow,afferent,1194,400,0.25,0.16,0.14285714285714285,0.01,False,True,False,False,False,True,False
720575940610501315,flow,afferent,1194,400,0.25,0.16,0.04,0.01,False,True,False,False,False,True,False
720575940633206924,flow,afferent,2872,400,0.25,0.16,0.14285714285714285,0.01,False,True,True,False,True,True,False
720575940633206924,flow,afferent,2872,400,0.25,0.16,0.04,0.01,False,True,True,False,True,True,False
720575940634672610,flow,afferent,826,400,0.25,0.16,0.14285714285714285,0.01,True,True,False,False,True,True,False
720575940634672610,flow,afferent,826,400,0.25,0.16,0.04,0.01,True,True,False,False,True,True,False
720575940622239553,flow,afferent,838,400,0.25,0.16,0.14285714285714285,0.01,False,True,True,False,True,True,False
720575940622239553,flow,afferent,838,400,0.25,0.16,0.04,0.01,False,True,True,False,False,True,False
720575940640390709,flow,afferent,1038,400,0.25,0.16,0.14285714285714285,0.01,True,True,False,False,True,True,False
720575940640390709,flow,afferent,1038,400,0.25,0.16,0.04,0.01,False,True,False,False,True,True,False
720575940621098887,flow,afferent,1094,400,0.25,0.16,0.14285714285714285,0.01,False,True,True,False,True,True,False
720575940621098887,flow,afferent,1094,400,0.25,0.16,0.04,0.01,False,True,True,False,True,False,False
720575940630911991,flow,afferent,1674,400,0.25,0.16,0.14285714285714285,0.01,True,True,True,False,False,True,False
720575940630911991,flow,afferent,1674,400,0.25,0.16,0.04,0.01,True,True,True,False,False,False,False
720575940627226450,flow,afferent,2848,400,0.25,0.16,0.14285714285714285,0.01,True,True,True,False,False,False,False
720575940627226450,flow,afferent,2848,400,0.25,0.16,0.04,0.01,True,False,True,False,False,False,False
720575940627135306,flow,afferent,2844,400,0.25,0.16,0.14285714285714285,0.01,True,True,False,False,True,False,False
720575940627135306,flow,afferent,2844,400,0.25,0.16,0.04,0.01,True,True,False,False,True,False,False
720575940622489302,flow,afferent,1757,400,0.25,0.16,0.14285714285714285,0.01,False,False,False,False,True,False,False
720575940622489302,flow,afferent,1757,400,0.25,0.16,0.04,0.01,False,False,False,False,True,False,False
720575940637723008,flow,afferent,1876,400,0.25,0.16,0.14285714285714285,0.01,False,True,True,False,True,True,False
720575940637723008,flow,afferent,1876,400,0.25,0.16,0.04,0.01,False,True,False,False,True,False,False
720575940620463732,flow,afferent,5350,400,0.25,0.16,0.14285714285714285,0.01,True,True,False,True,False,False,False
720575940620463732,flow,afferent,5350,400,0.25,0.16,0.04,0.01,False,True,False,False,False,False,False
720575940622803859,flow,afferent,2783,400,0.25,0.16,0.14285714285714285,0.01,True,True,True,False,False,False,False
720575940622803859,flow,afferent,2783,400,0.25,0.16,0.04,0.01,True,False,True,False,False,False,False
720575940627572602,flow,afferent,949,400,0.25,0.16,0.14285714285714285,0.01,False,True,True,True,True,True,False
720575940627572602,flow,afferent,949,400,0.25,0.16,0.04,0.01,False,True,True,True,True,True,False
720575940625632516,flow,afferent,1542,400,0.25,0.16,0.14285714285714285,0.01,True,True,True,False,False,False,False
720575940625632516,flow,afferent,1542,400,0.25,0.16,0.04,0.01,False,True,True,False,False,False,False
720575940610903409,flow,afferent,20506,400,0.25,0.16,0.14285714285714285,0.01,False,True,True,False,False,False,False
720575940610903409,flow,afferent,20506,400,0.25,0.16,0.04,0.01,False,True,True,False,False,False,False
720575940621369066,flow,afferent,413,400,0.25,0.16,0.14285714285714285,0.01,True,True,False,False,True,True,False
720575940621369066,flow,afferent,413,400,0.25,0.16,0.04,0.01,True,True,False,False,True,False,False
720575940627855620,flow,afferent,2003,400,0.25,0.16,0.14285714285714285,0.01,False,True,True,False,True,True,False
720575940627855620,flow,afferent,2003,400,0.25,0.16,0.04,0.01,False,False,True,False,True,True,False
720575940652593398,flow,afferent,1301,400,0.25,0.16,0.14285714285714285,0.01,True,True,True,False,True,True,False
720575940652593398,flow,afferent,1301,400,0.25,0.16,0.04,0.01,True,True,True,False,True,False,False
720575940629041790,flow,afferent,2588,400,0.25,0.16,0.14285714285714285,0.01,False,True,True,False,True,True,False
720575940629041790,flow,afferent,2588,400,0.25,0.16,0.04,0.01,False,True,False,False,True,False,False
720575940615407583,flow,afferent,5220,400,0.25,0.16,0.14285714285714285,0.01,False,True,False,False,True,False,False
720575940615407583,flow,afferent,5220,400,0.25,0.16,0.04,0.01,False,True,False,False,True,False,False
720575940626986877,flow,afferent,1036,400,0.25,0.16,0.14285714285714285,0.01,False,True,True,False,True,True,False
720575940626986877,flow,afferent,1036,400,0.25,0.16,0.04,0.01,False,True,True,False,True,True,False
720575940620453040,flow,afferent,4290,400,0.25,0.16,0.14285714285714285,0.01,True,True,True,False,False,False,False
720575940620453040,flow,afferent,4290,400,0.25,0.16,0.04,0.01,True,True,False,False,False,False,False
720575940627575596,flow,afferent,851,400,0.25,0.16,0.14285714285714285,0.01,False,False,False,False,True,False,False
720575940627575596,flow,afferent,851,400,0.25,0.16,0.04,0.01,False,False,False,False,True,False,False
720575940632815315,flow,afferent,8456,400,0.25,0.16,0.14285714285714285,0.01,True,True,True,False,False,False,False
720575940632815315,flow,afferent,8456,400,0.25,0.16,0.04,0.01,False,True,False,False,False,False,False
720575940627902268,flow,afferent,562,400,0.25,0.16,0.14285714285714285,0.01,True,True,False,False,True,True,False
720575940627902268,flow,afferent,562,400,0.25,0.16,0.04,0.01,False,True,False,False,True,True,False
720575940615322553,flow,afferent,1565,400,0.25,0.16,0.14285714285714285,0.01,True,True,True,False,False,False,False
720575940615322553,flow,afferent,1565,400,0.25,0.16,0.04,0.01,True,True,True,False,False,False,False
720575940626664235,flow,afferent,5672,400,0.25,0.16,0.14285714285714285,0.01,False,True,False,False,False,False,False
720575940626664235,flow,afferent,5672,400,0.25,0.16,0.04,0.01,False,True,False,False,False,False,False
720575940628265467,flow,afferent,754,400,0.25,0.16,0.14285714285714285,0.01,True,True,True,False,True,True,False
720575940628265467,flow,afferent,754,400,0.25,0.16,0.04,0.01,False,True,True,False,True,True,False
720575940628267259,flow,afferent,831,400,0.25,0.16,0.14285714285714285,0.01,False,True,True,False,True,False,False
720575940628267259,flow,afferent,831,400,0.25,0.16,0.04,0.01,False,True,True,False,True,False,False
720575940640173184,flow,afferent,1564,400,0.25,0.16,0.14285714285714285,0.01,True,True,True,False,True,True,False
720575940640173184,flow,afferent,1564,400,0.25,0.16,0.04,0.01,True,True,True,False,False,False,False
720575940607375794,flow,afferent,2177,400,0.25,0.16,0.14285714285714285,0.01,False,True,False,False,True,False,False
720575940607375794,flow,afferent,2177,400,0.25,0.16,0.04,0.01,False,True,False,False,True,False,False
720575940620225612,flow,afferent,633,400,0.25,0.16,0.14285714285714285,0.01,False,True,True,False,True,False,False
720575940620225612,flow,afferent,633,400,0.25,0.16,0.04,0.01,False,True,True,False,True,False,False
720575940628946731,flow,afferent,2364,400,0.25,0.16,0.14285714285714285,0.01,True,True,True,False,True,True,False
720575940628946731,flow,afferent,2364,400,0.25,0.16,0.04,0.01,True,True,True,False,True,True,False
720575940627067368,flow,afferent,1087,400,0.25,0.16,0.14285714285714285,0.01,False,True,False,False,False,True,False
720575940627067368,flow,afferent,1087,400,0.25,0.16,0.04,0.01,False,True,False,False,False,False,False
720575940645125508,flow,afferent,3687,400,0.25,0.16,0.14285714285714285,0.01,False,True,True,False,False,False,False
720575940645125508,flow,afferent,3687,400,0.25,0.16,0.04,0.01,False,True,False,False,False,False,False
720575940612435353,flow,afferent,6901,400,0.25,0.16,0.14285714285714285,0.01,False,True,True,False,False,True,False
720575940612435353,flow,afferent,6901,400,0.25,0.16,0.04,0.01,False,True,False,False,False,False,False
720575940628833989,flow,afferent,854,400,0.25,0.16,0.14285714285714285,0.01,True,True,True,False,False,False,False
720575940628833989,flow,afferent,854,400,0.25,0.16,0.04,0.01,True,True,True,False,False,False,False
720575940620706486,flow,afferent,5843,400,0.25,0.16,0.14285714285714285,0.01,True,True,True,False,False,False,False
720575940620706486,flow,afferent,5843,400,0.25,0.16,0.04,0.01,True,True,False,False,False,False,False
720575940620291286,flow,afferent,462,400,0.25,0.16,0.14285714285714285,0.01,False,True,True,False,True,True,False
720575940620291286,flow,afferent,462,400,0.25,0.16,0.04,0.01,False,True,True,False,True,True,False
720575940618066369,flow,afferent,4136,400,0.25,0.16,0.14285714285714285,0.01,False,True,True,False,True,True,False
720575940618066369,flow,afferent,4136,400,0.25,0.16,0.04,0.01,False,True,True,False,False,False,False
720575940617555897,flow,afferent,1283,400,0.25,0.16,0.14285714285714285,0.01,False,True,False,False,True,True,False
720575940617555897,flow,afferent,1283,400,0.25,0.16,0.04,0.01,False,True,False,False,True,True,False
720575940617556153,flow,afferent,8437,400,0.25,0.16,0.14285714285714285,0.01,True,True,True,False,True,False,False
720575940617556153,flow,afferent,8437,400,0.25,0.16,0.04,0.01,True,True,True,False,False,False,False
720575940648652921,flow,afferent,2967,400,0.25,0.16,0.14285714285714285,0.01,False,True,True,False,True,False,False
720575940648652921,flow,afferent,2967,400,0.25,0.16,0.04,0.01,False,True,False,False,True,False,False
720575940615247316,flow,afferent,526,400,0.25,0.16,0.14285714285714285,0.01,False,True,False,False,True,True,False
720575940615247316,flow,afferent,526,400,0.25,0.16,0.04,0.01,False,True,False,False,True,True,False
720575940610056516,flow,afferent,5940,400,0.25,0.16,0.14285714285714285,0.01,False,True,True,False,False,True,False
720575940610056516,flow,afferent,5940,400,0.25,0.16,0.04,0.01,False,True,False,False,False,False,False
720575940629280835,flow,afferent,979,400,0.25,0.16,0.14285714285714285,0.01,False,True,True,False,True,False,False
720575940629280835,flow,afferent,979,400,0.25,0.16,0.04,0.01,False,True,True,False,True,False,False
720575940644464919,flow,afferent,3113,400,0.25,0.16,0.14285714285714285,0.01,False,True,False,False,True,False,False
720575940644464919,flow,afferent,3113,400,0.25,0.16,0.04,0.01,False,True,False,False,False,False,False
720575940628952875,flow,afferent,3079,400,0.25,0.16,0.14285714285714285,0.01,False,True,False,False,True,False,False
720575940628952875,flow,afferent,3079,400,0.25,0.16,0.04,0.01,False,True,False,False,False,False,False
720575940626394114,flow,afferent,4933,400,0.25,0.16,0.14285714285714285,0.01,False,True,False,False,True,True,False
720575940626394114,flow,afferent,4933,400,0.25,0.16,0.04,0.01,False,True,False,False,True,False,False
720575940625854616,flow,afferent,7167,400,0.25,0.16,0.14285714285714285,0.01,False,True,False,False,False,False,False
720575940625854616,flow,afferent,7167,400,0.25,0.16,0.04,0.01,False,True,False,False,False,False,False
720575940609244110,flow,afferent,4295,400,0.25,0.16,0.14285714285714285,0.01,False,True,True,False,True,False,False
720575940609244110,flow,afferent,4295,400,0.25,0.16,0.04,0.01,False,True,True,False,True,False,False
720575940626522910,flow,afferent,2360,400,0.25,0.16,0.14285714285714285,0.01,False,True,False,True,True,False,False
720575940626522910,flow,afferent,2360,400,0.25,0.16,0.04,0.01,False,False,False,True,True,False,False
720575940617251841,flow,afferent,1901,400,0.25,0.16,0.14285714285714285,0.01,False,True,False,False,True,True,False
720575940617251841,flow,afferent,1901,400,0.25,0.16,0.04,0.01,False,True,False,False,True,False,False
720575940639746979,flow,afferent,1200,400,0.25,0.16,0.14285714285714285,0.01,True,True,True,False,True,True,False
720575940639746979,flow,afferent,1200,400,0.25,0.16,0.04,0.01,False,True,True,False,False,False,False
720575940616943572,flow,afferent,6994,400,0.25,0.16,0.14285714285714285,0.01,False,True,True,False,False,False,False
720575940616943572,flow,afferent,6994,400,0.25,0.16,0.04,0.01,False,True,True,False,False,False,False
720575940638631843,flow,afferent,965,400,0.25,0.16,0.14285714285714285,0.01,False,True,False,False,True,True,False
720575940638631843,flow,afferent,965,400,0.25,0.16,0.04,0.01,False,True,False,False,True,True,False
720575940622155290,flow,afferent,529,400,0.25,0.16,0.14285714285714285,0.01,True,True,True,False,True,True,False
720575940622155290,flow,afferent,529,400,0.25,0.16,0.04,0.01,True,True,True,False,True,True,False
720575940630058752,flow,afferent,10646,400,0.25,0.16,0.14285714285714285,0.01,True,True,True,False,False,False,False
720575940630058752,flow,afferent,10646,400,0.25,0.16,0.04,0.01,True,True,True,False,False,False,False
720575940632632474,flow,afferent,928,400,0.25,0.16,0.14285714285714285,0.01,False,True,True,False,False,True,False
720575940632632474,flow,afferent,928,400,0.25,0.16,0.04,0.01,False,True,True,False,False,True,False
720575940625175310,flow,afferent,3703,400,0.25,0.16,0.14285714285714285,0.01,True,True,False,True,True,True,False
720575940625175310,flow,afferent,3703,400,0.25,0.16,0.04,0.01,True,True,False,False,True,False,False
720575940614658727,flow,afferent,1848,400,0.25,0.16,0.14285714285714285,0.01,True,True,True,False,False,False,False
720575940614658727,flow,afferent,1848,400,0.25,0.16,0.04,0.01,True,True,False,False,False,False,False
720575940624433027,flow,afferent,2526,400,0.25,0.16,0.14285714285714285,0.01,True,True,True,False,False,True,False
720575940624433027,flow,afferent,2526,400,0.25,0.16,0.04,0.01,True,True,True,False,False,False,False
720575940617674053,flow,afferent,3259,400,0.25,0.16,0.14285714285714285,0.01,False,True,False,False,True,False,False
720575940617674053,flow,afferent,3259,400,0.25,0.16,0.04,0.01,False,True,False,False,True,False,False
720575940633303988,flow,afferent,1196,400,0.25,0.16,0.14285714285714285,0.01,True,True,True,False,False,True,False
720575940633303988,flow,afferent,1196,400,0.25,0.16,0.04,0.01,True,True,True,False,False,True,False
720575940632011091,flow,afferent,3341,400,0.25,0.16,0.14285714285714285,0.01,True,True,False,False,False,False,False
720575940632011091,flow,afferent,3341,400,0.25,0.16,0.04,0.01,True,True,False,False,False,False,False
720575940615572597,flow,afferent,2980,400,0.25,0.16,0.14285714285714285,0.01,False,True,False,False,True,False,False
720575940615572597,flow,afferent,2980,400,0.25,0.16,0.04,0.01,False,True,False,False,False,False,False
720575940639232309,flow,afferent,1417,400,0.25,0.16,0.14285714285714285,0.01,True,True,True,False,True,False,False
720575940639232309,flow,afferent,1417,400,0.25,0.16,0.04,0.01,True,True,False,False,False,False,False
720575940635630308,flow,afferent,2469,400,0.25,0.16,0.14285714285714285,0.01,True,True,True,False,False,False,False
720575940635630308,flow,afferent,2469,400,0.25,0.16,0.04,0.01,False,True,True,False,False,False,False
720575940625002633,flow,afferent,5172,400,0.25,0.16,0.14285714285714285,0.01,True,True,True,False,False,False,False
720575940625002633,flow,afferent,5172,400,0.25,0.16,0.04,0.01,True,True,True,False,False,False,False
720575940632716698,flow,afferent,475,400,0.25,0.16,0.14285714285714285,0.01,False,True,True,False,True,False,False
720575940632716698,flow,afferent,475,400,0.25,0.16,0.04,0.01,False,True,True,False,True,False,False
720575940637383027,flow,afferent,1241,400,0.25,0.16,0.14285714285714285,0.01,False,True,False,False,False,False,False
720575940637383027,flow,afferent,1241,400,0.25,0.16,0.04,0.01,False,True,False,False,False,False,False
720575940623901415,flow,afferent,8887,400,0.25,0.16,0.14285714285714285,0.01,False,True,True,False,False,False,False
720575940623901415,flow,afferent,8887,400,0.25,0.16,0.04,0.01,False,True,False,False,False,False,False
720575940637671552,flow,afferent,2059,400,0.25,0.16,0.14285714285714285,0.01,True,True,True,True,True,True,False
720575940637671552,flow,afferent,2059,400,0.25,0.16,0.04,0.01,False,True,False,False,True,True,False
720575940637689728,flow,afferent,1262,400,0.25,0.16,0.14285714285714285,0.01,True,True,True,False,True,True,False
720575940637689728,flow,afferent,1262,400,0.25,0.16,0.04,0.01,True,True,False,False,True,True,False
720575940629876473,flow,afferent,1520,400,0.25,0.16,0.14285714285714285,0.01,False,False,True,False,True,False,False
720575940629876473,flow,afferent,1520,400,0.25,0.16,0.04,0.01,False,False,True,False,True,False,False
720575940625809539,flow,afferent,7623,400,0.25,0.16,0.14285714285714285,0.01,False,True,True,False,False,False,False
720575940625809539,flow,afferent,7623,400,0.25,0.16,0.04,0.01,False,True,False,False,False,False,False
720575940639571931,flow,afferent,618,400,0.25,0.16,0.14285714285714285,0.01,True,True,True,False,True,True,False
720575940639571931,flow,afferent,618,400,0.25,0.16,0.04,0.01,True,True,True,False,False,True,False
720575940630705170,flow,afferent,2379,400,0.25,0.16,0.14285714285714285,0.01,True,True,True,False,True,False,False
720575940630705170,flow,afferent,2379,400,0.25,0.16,0.04,0.01,True,True,True,False,False,False,False
720575940635634533,flow,afferent,9675,400,0.25,0.16,0.14285714285714285,0.01,True,True,True,False,False,False,False
720575940635634533,flow,afferent,9675,400,0.25,0.16,0.04,0.01,False,True,True,False,False,False,False
720575940609713710,flow,afferent,18487,400,0.25,0.16,0.14285714285714285,0.01,False,True,True,False,False,False,False
720575940609713710,flow,afferent,18487,400,0.25,0.16,0.04,0.01,False,True,True,False,False,False,False
720575940636538340,flow,afferent,11049,400,0.25,0.16,0.14285714285714285,0.01,True,True,True,False,False,False,False
720575940636538340,flow,afferent,11049,400,0.25,0.16,0.04,0.01,False,True,True,False,False,False,False
720575940659264385,flow,afferent,5894,400,0.25,0.16,0.14285714285714285,0.01,False,True,True,False,False,False,False
720575940659264385,flow,afferent,5894,400,0.25,0.16,0.04,0.01,False,True,False,False,False,False,False
720575940647654521,flow,afferent,604,400,0.25,0.16,0.14285714285714285,0.01,False,False,True,False,True,True,False
720575940647654521,flow,afferent,604,400,0.25,0.16,0.04,0.01,False,False,True,False,True,True,False
720575940624005834,flow,afferent,6778,400,0.25,0.16,0.14285714285714285,0.01,True,True,True,False,False,False,False
720575940624005834,flow,afferent,6778,400,0.25,0.16,0.04,0.01,True,True,False,False,False,False,False
720575940618599150,flow,afferent,1131,400,0.25,0.16,0.14285714285714285,0.01,False,True,False,False,False,False,False
720575940618599150,flow,afferent,1131,400,0.25,0.16,0.04,0.01,False,True,False,False,False,False,False
720575940650082038,flow,afferent,2031,400,0.25,0.16,0.14285714285714285,0.01,True,True,True,False,False,False,False
720575940650082038,flow,afferent,2031,400,0.25,0.16,0.04,0.01,True,True,False,False,False,False,False
720575940657585025,flow,afferent,2596,400,0.25,0.16,0.14285714285714285,0.01,True,True,True,False,False,False,False
720575940657585025,flow,afferent,2596,400,0.25,0.16,0.04,0.01,True,True,True,False,False,False,False
720575940613834438,flow,afferent,1159,400,0.25,0.16,0.14285714285714285,0.01,True,True,True,False,False,False,False
720575940613834438,flow,afferent,1159,400,0.25,0.16,0.04,0.01,True,True,True,False,False,False,False
720575940619519092,flow,afferent,8004,400,0.25,0.16,0.14285714285714285,0.01,True,True,True,False,True,True,False
720575940619519092,flow,afferent,8004,400,0.25,0.16,0.04,0.01,False,True,False,False,False,False,False
720575940621650712,flow,afferent,12380,400,0.25,0.16,0.14285714285714285,0.01,False,True,False,False,False,False,False
720575940621650712,flow,afferent,12380,400,0.25,0.16,0.04,0.01,False,True,False,False,False,False,False
720575940626163697,flow,afferent,1103,400,0.25,0.16,0.14285714285714285,0.01,False,True,False,False,True,True,False
720575940626163697,flow,afferent,1103,400,0.25,0.16,0.04,0.01,False,True,False,False,True,True,False
720575940623351295,flow,afferent,3334,400,0.25,0.16,0.14285714285714285,0.01,True,True,True,False,True,True,False
720575940623351295,flow,afferent,3334,400,0.25,0.16,0.04,0.01,True,True,True,False,True,True,False
720575940625454162,flow,afferent,6022,400,0.25,0.16,0.14285714285714285,0.01,False,True,True,False,True,True,False
720575940625454162,flow,afferent,6022,400,0.25,0.16,0.04,0.01,False,True,True,False,False,True,False
720575940617539355,flow,afferent,8713,400,0.25,0.16,0.14285714285714285,0.01,True,True,True,False,True,False,False
720575940617539355,flow,afferent,8713,400,0.25,0.16,0.04,0.01,True,True,True,False,False,False,False
720575940621241072,flow,afferent,7893,400,0.25,0.16,0.14285714285714285,0.01,True,True,True,False,False,False,False
720575940621241072,flow,afferent,7893,400,0.25,0.16,0.04,0.01,False,True,False,False,False,False,False
720575940626533634,flow,afferent,9773,400,0.25,0.16,0.14285714285714285,0.01,True,True,False,False,False,False,False
720575940626533634,flow,afferent,9773,400,0.25,0.16,0.04,0.01,False,True,False,False,False,False,False
720575940628250076,flow,afferent,402,400,0.25,0.16,0.14285714285714285,0.01,True,True,True,False,True,False,False
720575940628250076,flow,afferent,402,400,0.25,0.16,0.04,0.01,False,True,True,False,True,False,False
720575940615297681,flow,afferent,4449,400,0.25,0.16,0.14285714285714285,0.01,False,True,False,False,False,False,False
720575940615297681,flow,afferent,4449,400,0.25,0.16,0.04,0.01,False,True,False,False,False,False,False
720575940637464691,flow,afferent,6850,400,0.25,0.16,0.14285714285714285,0.01,True,True,True,False,True,True,False
720575940637464691,flow,afferent,6850,400,0.25,0.16,0.04,0.01,False,True,True,False,False,False,False
720575940631096527,flow,afferent,935,400,0.25,0.16,0.14285714285714285,0.01,False,True,True,False,True,True,False
720575940631096527,flow,afferent,935,400,0.25,0.16,0.04,0.01,False,False,True,False,True,True,False
720575940636706118,flow,afferent,1294,400,0.25,0.16,0.14285714285714285,0.01,False,True,False,False,True,False,False
720575940636706118,flow,afferent,1294,400,0.25,0.16,0.04,0.01,False,True,False,False,True,False,False
720575940624910887,flow,afferent,10738,400,0.25,0.16,0.14285714285714285,0.01,True,True,True,True,True,False,False
720575940624910887,flow,afferent,10738,400,0.25,0.16,0.04,0.01,True,True,True,False,False,False,False
720575940627903804,flow,afferent,1280,400,0.25,0.16,0.14285714285714285,0.01,True,True,True,False,False,False,False
720575940627903804,flow,afferent,1280,400,0.25,0.16,0.04,0.01,True,True,False,False,False,False,False
720575940628391686,flow,afferent,4967,400,0.25,0.16,0.14285714285714285,0.01,False,True,False,False,True,False,False
720575940628391686,flow,afferent,4967,400,0.25,0.16,0.04,0.01,False,True,False,False,False,False,False
720575940619346102,flow,afferent,800,400,0.25,0.16,0.14285714285714285,0.01,False,True,True,True,True,False,False
720575940619346102,flow,afferent,800,400,0.25,0.16,0.04,0.01,False,True,True,True,True,False,False
720575940618423899,flow,afferent,1825,400,0.25,0.16,0.14285714285714285,0.01,False,True,True,False,True,True,False
720575940618423899,flow,afferent,1825,400,0.25,0.16,0.04,0.01,False,True,True,False,True,True,False
720575940627701548,flow,afferent,563,400,0.25,0.16,0.14285714285714285,0.01,False,True,True,False,True,True,False
720575940627701548,flow,afferent,563,400,0.25,0.16,0.04,0.01,False,True,True,False,True,True,False
720575940606274827,flow,afferent,623,400,0.25,0.16,0.14285714285714285,0.01,False,True,True,False,False,False,False
720575940606274827,flow,afferent,623,400,0.25,0.16,0.04,0.01,False,True,True,False,False,False,False
720575940608588408,flow,afferent,1087,400,0.25,0.16,0.14285714285714285,0.01,False,True,False,False,True,False,False
720575940608588408,flow,afferent,1087,400,0.25,0.16,0.04,0.01,False,True,False,False,False,False,False
720575940609787285,flow,afferent,492,400,0.25,0.16,0.14285714285714285,0.01,True,True,True,False,True,True,False
720575940609787285,flow,afferent,492,400,0.25,0.16,0.04,0.01,True,True,True,False,False,True,False
720575940630216735,flow,afferent,681,400,0.25,0.16,0.14285714285714285,0.01,True,True,True,False,True,False,False
720575940630216735,flow,afferent,681,400,0.25,0.16,0.04,0.01,False,True,True,False,True,False,False
720575940631989817,flow,afferent,3679,400,0.25,0.16,0.14285714285714285,0.01,False,True,True,False,True,False,False
720575940631989817,flow,afferent,3679,400,0.25,0.16,0.04,0.01,False,True,True,False,False,False,False
720575940610487410,flow,afferent,3428,400,0.25,0.16,0.14285714285714285,0.01,False,True,True,False,False,False,False
720575940610487410,flow,afferent,3428,400,0.25,0.16,0.04,0.01,False,True,False,False,False,False,False
720575940627362715,flow,afferent,479,400,0.25,0.16,0.14285714285714285,0.01,True,True,True,False,True,False,False
720575940627362715,flow,afferent,479,400,0.25,0.16,0.04,0.01,True,True,True,False,True,False,False
720575940612267518,flow,afferent,5133,400,0.25,0.16,0.14285714285714285,0.01,False,True,True,False,False,True,False
720575940612267518,flow,afferent,5133,400,0.25,0.16,0.04,0.01,False,True,False,False,False,False,False
720575940621163802,flow,afferent,5816,400,0.25,0.16,0.14285714285714285,0.01,False,True,False,False,False,False,False
720575940621163802,flow,afferent,5816,400,0.25,0.16,0.04,0.01,False,True,False,False,False,False,False
720575940624321538,flow,afferent,408,400,0.25,0.16,0.14285714285714285,0.01,True,True,True,False,True,False,False
720575940624321538,flow,afferent,408,400,0.25,0.16,0.04,0.01,True,True,True,False,True,False,False
720575940630217503,flow,afferent,1611,400,0.25,0.16,0.14285714285714285,0.01,False,True,True,False,False,False,False
720575940630217503,flow,afferent,1611,400,0.25,0.16,0.04,0.01,False,True,True,False,False,False,False
720575940615598849,flow,afferent,2850,400,0.25,0.16,0.14285714285714285,0.01,True,True,True,False,True,True,False
720575940615598849,flow,afferent,2850,400,0.25,0.16,0.04,0.01,True,True,True,False,True,False,False
720575940615873309,flow,afferent,404,400,0.25,0.16,0.14285714285714285,0.01,False,True,True,False,True,False,False
720575940615873309,flow,afferent,404,400,0.25,0.16,0.04,0.01,False,True,True,False,True,False,False
720575940622197313,flow,afferent,5321,400,0.25,0.16,0.14285714285714285,0.01,True,True,False,False,True,False,False
720575940622197313,flow,afferent,5321,400,0.25,0.16,0.04,0.01,False,True,False,False,False,False,False
720575940624968841,flow,afferent,1000,400,0.25,0.16,0.14285714285714285,0.01,False,True,False,False,True,True,False
720575940624968841,flow,afferent,1000,400,0.25,0.16,0.04,0.01,False,True,False,False,True,True,False
720575940625370194,flow,afferent,2637,400,0.25,0.16,0.14285714285714285,0.01,True,False,True,False,False,False,False
720575940625370194,flow,afferent,2637,400,0.25,0.16,0.04,0.01,True,False,True,False,False,False,False
720575940626953049,flow,afferent,3809,400,0.25,0.16,0.14285714285714285,0.01,False,True,False,False,False,False,False
720575940626953049,flow,afferent,3809,400,0.25,0.16,0.04,0.01,False,True,False,False,False,False,False
720575940617440539,flow,afferent,2578,400,0.25,0.16,0.14285714285714285,0.01,False,True,True,False,False,False,False
720575940617440539,flow,afferent,2578,400,0.25,0.16,0.04,0.01,False,True,True,False,False,False,False
720575940625907143,flow,afferent,1197,400,0.25,0.16,0.14285714285714285,0.01,True,True,True,False,True,True,False
720575940625907143,flow,afferent,1197,400,0.25,0.16,0.04,0.01,False,True,False,False,True,True,False
720575940624500313,flow,afferent,1194,400,0.25,0.16,0.14285714285714285,0.01,True,True,True,False,True,True,False
720575940624500313,flow,afferent,1194,400,0.25,0.16,0.04,0.01,True,True,True,False,True,True,False
720575940617415803,flow,afferent,8236,400,0.25,0.16,0.14285714285714285,0.01,True,True,True,False,False,False,False
720575940617415803,flow,afferent,8236,400,0.25,0.16,0.04,0.01,True,False,True,False,False,False,False
720575940632670156,flow,afferent,3949,400,0.25,0.16,0.14285714285714285,0.01,False,True,False,False,True,False,False
720575940632670156,flow,afferent,3949,400,0.25,0.16,0.04,0.01,False,True,False,False,False,False,False
720575940644096712,flow,afferent,6548,400,0.25,0.16,0.14285714285714285,0.01,True,True,True,False,True,False,False
720575940644096712,flow,afferent,6548,400,0.25,0.16,0.04,0.01,True,True,True,False,True,False,False
720575940631316281,flow,afferent,951,400,0.25,0.16,0.14285714285714285,0.01,False,True,True,True,True,False,False
720575940631316281,flow,afferent,951,400,0.25,0.16,0.04,0.01,False,True,True,True,True,False,False
720575940626565455,flow,afferent,1431,400,0.25,0.16,0.14285714285714285,0.01,True,True,False,False,True,False,False
720575940626565455,flow,afferent,1431,400,0.25,0.16,0.04,0.01,False,True,False,False,False,False,False
720575940622730239,flow,afferent,1896,400,0.25,0.16,0.14285714285714285,0.01,False,True,False,False,True,False,False
720575940622730239,flow,afferent,1896,400,0.25,0.16,0.04,0.01,False,True,False,False,False,False,False
720575940620444654,flow,afferent,1072,400,0.25,0.16,0.14285714285714285,0.01,True,True,False,False,True,False,False
720575940620444654,flow,afferent,1072,400,0.25,0.16,0.04,0.01,False,True,False,False,True,False,False
720575940625095813,flow,afferent,775,400,0.25,0.16,0.14285714285714285,0.01,False,True,True,False,True,True,False
720575940625095813,flow,afferent,775,400,0.25,0.16,0.04,0.01,False,True,True,False,True,True,False
720575940615458594,flow,afferent,727,400,0.25,0.16,0.14285714285714285,0.01,False,True,True,True,True,True,False
720575940615458594,flow,afferent,727,400,0.25,0.16,0.04,0.01,False,True,True,False,True,True,False
720575940610146713,flow,afferent,610,400,0.25,0.16,0.14285714285714285,0.01,True,True,True,True,True,True,False
720575940610146713,flow,afferent,610,400,0.25,0.16,0.04,0.01,False,True,True,False,True,False,False
720575940613992565,flow,afferent,856,400,0.25,0.16,0.14285714285714285,0.01,False,True,True,True,True,True,False
720575940613992565,flow,afferent,856,400,0.25,0.16,0.04,0.01,False,True,False,False,True,False,False
720575940620119005,flow,afferent,631,400,0.25,0.16,0.14285714285714285,0.01,False,True,True,True,True,True,False
720575940620119005,flow,afferent,631,400,0.25,0.16,0.04,0.01,False,True,False,True,True,False,False
720575940628100614,flow,afferent,558,400,0.25,0.16,0.14285714285714285,0.01,False,True,False,True,True,True,False
720575940628100614,flow,afferent,558,400,0.25,0.16,0.04,0.01,False,True,False,True,True,True,False
720575940625087546,flow,afferent,433,400,0.25,0.16,0.14285714285714285,0.01,True,True,True,False,True,True,False
720575940625087546,flow,afferent,433,400,0.25,0.16,0.04,0.01,True,True,False,False,True,True,False
720575940627704375,flow,afferent,404,400,0.25,0.16,0.14285714285714285,0.01,True,True,True,False,True,True,False
720575940627704375,flow,afferent,404,400,0.25,0.16,0.04,0.01,True,True,True,False,True,True,False
720575940622217992,flow,afferent,537,400,0.25,0.16,0.14285714285714285,0.01,False,True,True,True,True,True,False
720575940622217992,flow,afferent,537,400,0.25,0.16,0.04,0.01,False,True,False,True,True,True,False
720575940629719404,flow,afferent,509,400,0.25,0.16,0.14285714285714285,0.01,True,True,False,False,True,True,False
720575940629719404,flow,afferent,509,400,0.25,0.16,0.04,0.01,True,True,False,False,True,False,False
720575940622179497,flow,afferent,805,400,0.25,0.16,0.14285714285714285,0.01,False,True,True,False,True,True,False
720575940622179497,flow,afferent,805,400,0.25,0.16,0.04,0.01,False,True,True,False,True,True,False
720575940629199402,flow,afferent,716,400,0.25,0.16,0.14285714285714285,0.01,False,True,True,True,True,True,False
720575940629199402,flow,afferent,716,400,0.25,0.16,0.04,0.01,False,True,True,False,True,False,False
720575940638529525,flow,afferent,406,400,0.25,0.16,0.14285714285714285,0.01,False,True,True,False,True,True,False
720575940638529525,flow,afferent,406,400,0.25,0.16,0.04,0.01,False,True,True,False,True,True,False
720575940609543197,flow,afferent,431,400,0.25,0.16,0.14285714285714285,0.01,False,True,True,False,True,True,False
720575940609543197,flow,afferent,431,400,0.25,0.16,0.04,0.01,False,True,True,False,True,True,False
720575940627523584,flow,afferent,529,400,0.25,0.16,0.14285714285714285,0.01,False,True,True,False,True,True,False
720575940627523584,flow,afferent,529,400,0.25,0.16,0.04,0.01,False,True,False,False,True,True,False
720575940618888368,flow,afferent,566,400,0.25,0.16,0.14285714285714285,0.01,False,True,True,False,True,True,False
720575940618888368,flow,afferent,566,400,0.25,0.16,0.04,0.01,False,True,False,False,True,True,False
720575940639904475,flow,afferent,1354,400,0.25,0.16,0.14285714285714285,0.01,False,True,True,False,False,True,False
720575940639904475,flow,afferent,1354,400,0.25,0.16,0.04,0.01,False,True,True,False,False,False,False
720575940625703434,flow,afferent,633,400,0.25,0.16,0.14285714285714285,0.01,True,True,True,False,True,True,False
720575940625703434,flow,afferent,633,400,0.25,0.16,0.04,0.01,False,True,True,False,True,True,False
720575940642517284,flow,afferent,496,400,0.25,0.16,0.14285714285714285,0.01,True,True,True,False,True,False,False
720575940642517284,flow,afferent,496,400,0.25,0.16,0.04,0.01,True,True,True,False,True,False,False
720575940604299454,flow,afferent,402,400,0.25,0.16,0.14285714285714285,0.01,True,True,True,True,True,False,False
720575940604299454,flow,afferent,402,400,0.25,0.16,0.04,0.01,True,True,True,True,True,False,False
720575940634923621,flow,afferent,667,400,0.25,0.16,0.14285714285714285,0.01,True,True,True,False,True,True,False
720575940634923621,flow,afferent,667,400,0.25,0.16,0.04,0.01,True,True,True,False,True,True,False
720575940609530653,flow,afferent,843,400,0.25,0.16,0.14285714285714285,0.01,False,True,True,False,True,True,False
720575940609530653,flow,afferent,843,400,0.25,0.16,0.04,0.01,False,True,True,False,False,False,False
720575940640591861,flow,afferent,611,400,0.25,0.16,0.14285714285714285,0.01,True,True,True,True,True,False,False
720575940640591861,flow,afferent,611,400,0.25,0.16,0.04,0.01,True,True,True,True,True,False,False
720575940635968745,flow,afferent,540,400,0.25,0.16,0.14285714285714285,0.01,True,True,False,False,True,True,False
720575940635968745,flow,afferent,540,400,0.25,0.16,0.04,0.01,True,True,False,False,True,True,False
720575940628649465,flow,afferent,492,400,0.25,0.16,0.14285714285714285,0.01,False,True,False,False,True,True,False
720575940628649465,flow,afferent,492,400,0.25,0.16,0.04,0.01,False,True,False,False,False,True,False
720575940633153375,flow,afferent,1558,400,0.25,0.16,0.14285714285714285,0.01,False,True,False,False,False,False,False
720575940633153375,flow,afferent,1558,400,0.25,0.16,0.04,0.01,False,True,False,False,False,False,False
720575940631098338,flow,afferent,523,400,0.25,0.16,0.14285714285714285,0.01,True,True,True,False,True,False,False
720575940631098338,flow,afferent,523,400,0.25,0.16,0.04,0.01,True,True,True,False,True,False,False
720575940628978409,flow,afferent,2073,400,0.25,0.16,0.14285714285714285,0.01,False,True,True,False,True,True,False
720575940628978409,flow,afferent,2073,400,0.25,0.16,0.04,0.01,False,True,True,False,False,False,False
720575940628444667,flow,afferent,1577,400,0.25,0.16,0.14285714285714285,0.01,False,True,False,False,True,False,False
720575940628444667,flow,afferent,1577,400,0.25,0.16,0.04,0.01,False,True,False,False,False,False,False
720575940627941431,flow,afferent,1814,400,0.25,0.16,0.14285714285714285,0.01,True,True,False,False,False,False,False
720575940627941431,flow,afferent,1814,400,0.25,0.16,0.04,0.01,False,True,False,False,False,False,False
720575940624799290,flow,afferent,1334,400,0.25,0.16,0.14285714285714285,0.01,False,True,True,False,True,True,False
720575940624799290,flow,afferent,1334,400,0.25,0.16,0.04,0.01,False,True,False,False,False,False,False
720575940625962568,flow,afferent,1645,400,0.25,0.16,0.14285714285714285,0.01,True,True,True,False,True,False,False
720575940625962568,flow,afferent,1645,400,0.25,0.16,0.04,0.01,False,True,False,False,False,False,False
720575940611061526,flow,afferent,1711,400,0.25,0.16,0.14285714285714285,0.01,True,True,False,False,False,False,False
720575940611061526,flow,afferent,1711,400,0.25,0.16,0.04,0.01,True,True,False,False,False,False,False
720575940627109991,flow,afferent,904,400,0.25,0.16,0.14285714285714285,0.01,True,True,True,False,True,False,False
720575940627109991,flow,afferent,904,400,0.25,0.16,0.04,0.01,True,True,True,False,True,False,False
720575940629650997,flow,afferent,987,400,0.25,0.16,0.14285714285714285,0.01,True,True,True,False,False,False,False
720575940629650997,flow,afferent,987,400,0.25,0.16,0.04,0.01,False,True,True,False,False,False,False
720575940634634606,flow,afferent,1089,400,0.25,0.16,0.14285714285714285,0.01,True,True,True,False,False,True,False
720575940634634606,flow,afferent,1089,400,0.25,0.16,0.04,0.01,False,True,True,False,False,False,False
720575940613971485,flow,afferent,964,400,0.25,0.16,0.14285714285714285,0.01,True,True,True,False,False,False,False
720575940613971485,flow,afferent,964,400,0.25,0.16,0.04,0.01,True,True,True,False,False,False,False
720575940652566177,flow,afferent,527,400,0.25,0.16,0.14285714285714285,0.01,True,True,True,False,True,True,False
720575940652566177,flow,afferent,527,400,0.25,0.16,0.04,0.01,False,True,True,False,True,False,False
720575940629055721,flow,afferent,822,400,0.25,0.16,0.14285714285714285,0.01,True,True,True,False,False,False,False
720575940629055721,flow,afferent,822,400,0.25,0.16,0.04,0.01,False,True,True,False,False,False,False
720575940626042149,flow,afferent,732,400,0.25,0.16,0.14285714285714285,0.01,False,True,True,False,True,True,False
720575940626042149,flow,afferent,732,400,0.25,0.16,0.04,0.01,False,True,True,False,True,True,False
720575940629022149,flow,afferent,1615,400,0.25,0.16,0.14285714285714285,0.01,False,True,False,False,False,False,False
720575940629022149,flow,afferent,1615,400,0.25,0.16,0.04,0.01,False,True,False,False,False,False,False
720575940615848788,flow,afferent,1496,400,0.25,0.16,0.14285714285714285,0.01,True,True,True,False,False,False,False
720575940615848788,flow,afferent,1496,400,0.25,0.16,0.04,0.01,True,True,True,False,False,False,False
720575940614351477,flow,afferent,520,400,0.25,0.16,0.14285714285714285,0.01,True,True,True,True,True,False,False
720575940614351477,flow,afferent,520,400,0.25,0.16,0.04,0.01,True,True,True,True,False,False,False
720575940624915230,flow,afferent,998,400,0.25,0.16,0.14285714285714285,0.01,True,True,True,False,True,False,False
720575940624915230,flow,afferent,998,400,0.25,0.16,0.04,0.01,True,True,True,False,True,False,False
720575940615986459,flow,afferent,2059,400,0.25,0.16,0.14285714285714285,0.01,False,True,True,False,False,False,False
720575940615986459,flow,afferent,2059,400,0.25,0.16,0.04,0.01,False,True,True,False,False,False,False
720575940621442224,flow,afferent,1490,400,0.25,0.16,0.14285714285714285,0.01,True,True,True,False,True,True,False
720575940621442224,flow,afferent,1490,400,0.25,0.16,0.04,0.01,True,True,True,False,False,False,False
720575940622449388,flow,afferent,1522,400,0.25,0.16,0.14285714285714285,0.01,True,True,True,False,False,False,False
720575940622449388,flow,afferent,1522,400,0.25,0.16,0.04,0.01,False,True,False,False,False,False,False
720575940630059847,flow,afferent,1704,400,0.25,0.16,0.14285714285714285,0.01,True,True,True,False,False,False,False
720575940630059847,flow,afferent,1704,400,0.25,0.16,0.04,0.01,False,True,True,False,False,False,False
720575940611783464,flow,afferent,1573,400,0.25,0.16,0.14285714285714285,0.01,True,True,False,False,False,False,False
720575940611783464,flow,afferent,1573,400,0.25,0.16,0.04,0.01,False,True,False,False,False,False,False
720575940621729757,flow,afferent,1056,400,0.25,0.16,0.14285714285714285,0.01,True,True,True,False,True,False,False
720575940621729757,flow,afferent,1056,400,0.25,0.16,0.04,0.01,True,True,False,False,False,False,False
720575940632767383,flow,afferent,861,400,0.25,0.16,0.14285714285714285,0.01,True,True,True,False,True,False,False
720575940632767383,flow,afferent,861,400,0.25,0.16,0.04,0.01,True,True,False,False,False,False,False
720575940602506208,flow,afferent,1178,400,0.25,0.16,0.14285714285714285,0.01,True,True,False,False,False,False,False
720575940602506208,flow,afferent,1178,400,0.25,0.16,0.04,0.01,True,True,False,False,False,False,False
720575940602132509,flow,afferent,1148,400,0.25,0.16,0.14285714285714285,0.01,True,True,True,False,False,False,False
720575940602132509,flow,afferent,1148,400,0.25,0.16,0.04,0.01,False,True,False,False,False,False,False
720575940630080071,flow,afferent,1769,400,0.25,0.16,0.14285714285714285,0.01,False,True,True,False,True,False,False
720575940630080071,flow,afferent,1769,400,0.25,0.16,0.04,0.01,False,True,True,False,False,False,False
720575940617534110,flow,afferent,557,400,0.25,0.16,0.14285714285714285,0.01,True,True,True,True,True,False,False
720575940617534110,flow,afferent,557,400,0.25,0.16,0.04,0.01,True,True,True,True,True,False,False
720575940614035485,flow,afferent,720,400,0.25,0.16,0.14285714285714285,0.01,True,True,True,False,False,True,False
720575940614035485,flow,afferent,720,400,0.25,0.16,0.04,0.01,True,True,True,False,False,False,False
720575940630070343,flow,afferent,448,400,0.25,0.16,0.14285714285714285,0.01,True,True,True,False,True,True,False
720575940630070343,flow,afferent,448,400,0.25,0.16,0.04,0.01,True,True,True,False,True,False,False
720575940621625597,flow,afferent,1433,400,0.25,0.16,0.14285714285714285,0.01,True,True,True,False,False,False,False
720575940621625597,flow,afferent,1433,400,0.25,0.16,0.04,0.01,False,True,True,False,False,False,False
720575940638664437,flow,afferent,1065,400,0.25,0.16,0.14285714285714285,0.01,True,True,True,False,True,False,False
720575940638664437,flow,afferent,1065,400,0.25,0.16,0.04,0.01,True,True,True,False,True,False,False
720575940618941037,flow,afferent,522,400,0.25,0.16,0.14285714285714285,0.01,True,True,True,False,True,False,False
720575940618941037,flow,afferent,522,400,0.25,0.16,0.04,0.01,True,True,True,False,True,False,False
720575940623312828,flow,afferent,886,400,0.25,0.16,0.14285714285714285,0.01,True,True,False,False,True,False,False
720575940623312828,flow,afferent,886,400,0.25,0.16,0.04,0.01,True,True,False,False,True,False,False
720575940600646173,flow,afferent,1389,400,0.25,0.16,0.14285714285714285,0.01,True,True,True,False,True,False,False
720575940600646173,flow,afferent,1389,400,0.25,0.16,0.04,0.01,True,True,True,False,False,False,False
720575940620649641,flow,afferent,511,400,0.25,0.16,0.14285714285714285,0.01,True,True,True,True,True,False,False
720575940620649641,flow,afferent,511,400,0.25,0.16,0.04,0.01,True,True,True,True,True,False,False
720575940635545310,flow,afferent,428,400,0.25,0.16,0.14285714285714285,0.01,True,True,True,False,True,False,False
720575940635545310,flow,afferent,428,400,0.25,0.16,0.04,0.01,False,True,True,False,True,False,False
720575940622937528,flow,afferent,1414,400,0.25,0.16,0.14285714285714285,0.01,True,True,False,False,True,False,False
720575940622937528,flow,afferent,1414,400,0.25,0.16,0.04,0.01,True,True,False,False,False,False,False
720575940627049731,flow,afferent,1126,400,0.25,0.16,0.14285714285714285,0.01,False,True,True,False,False,False,False
720575940627049731,flow,afferent,1126,400,0.25,0.16,0.04,0.01,False,True,True,False,False,False,False
720575940616589878,flow,afferent,1341,400,0.25,0.16,0.14285714285714285,0.01,True,True,True,False,False,True,False
720575940616589878,flow,afferent,1341,400,0.25,0.16,0.04,0.01,False,True,True,False,False,False,False
720575940626309438,flow,afferent,1233,400,0.25,0.16,0.14285714285714285,0.01,True,True,True,False,True,False,False
720575940626309438,flow,afferent,1233,400,0.25,0.16,0.04,0.01,False,True,False,False,False,False,False
720575940615469785,flow,afferent,961,400,0.25,0.16,0.14285714285714285,0.01,True,True,True,False,True,False,False
720575940615469785,flow,afferent,961,400,0.25,0.16,0.04,0.01,True,True,False,False,True,False,False
720575940628903247,flow,afferent,898,400,0.25,0.16,0.14285714285714285,0.01,True,True,True,False,False,False,False
720575940628903247,flow,afferent,898,400,0.25,0.16,0.04,0.01,True,True,True,False,False,False,False
720575940625605905,flow,afferent,408,400,0.25,0.16,0.14285714285714285,0.01,True,True,True,False,True,False,False
720575940625605905,flow,afferent,408,400,0.25,0.16,0.04,0.01,True,True,True,False,True,False,False
720575940632615379,flow,afferent,1357,400,0.25,0.16,0.14285714285714285,0.01,True,True,False,False,True,False,False
720575940632615379,flow,afferent,1357,400,0.25,0.16,0.04,0.01,True,True,False,False,False,False,False
720575940606154370,flow,afferent,599,400,0.25,0.16,0.14285714285714285,0.01,True,True,True,False,True,False,False
720575940606154370,flow,afferent,599,400,0.25,0.16,0.04,0.01,True,True,False,False,True,False,False
720575940620543110,flow,afferent,856,400,0.25,0.16,0.14285714285714285,0.01,True,True,True,False,True,False,False
720575940620543110,flow,afferent,856,400,0.25,0.16,0.04,0.01,True,True,False,False,True,False,False
720575940604122982,flow,afferent,426,400,0.25,0.16,0.14285714285714285,0.01,True,True,True,True,True,False,False
720575940604122982,flow,afferent,426,400,0.25,0.16,0.04,0.01,True,True,True,True,True,False,False
720575940609486690,flow,afferent,917,400,0.25,0.16,0.14285714285714285,0.01,True,True,True,False,False,False,False
720575940609486690,flow,afferent,917,400,0.25,0.16,0.04,0.01,True,True,True,False,False,False,False
720575940637410869,flow,afferent,669,400,0.25,0.16,0.14285714285714285,0.01,True,True,True,False,True,False,False
720575940637410869,flow,afferent,669,400,0.25,0.16,0.04,0.01,False,True,True,False,True,False,False
720575940627282279,flow,afferent,1050,400,0.25,0.16,0.14285714285714285,0.01,True,True,True,False,False,False,False
720575940627282279,flow,afferent,1050,400,0.25,0.16,0.04,0.01,True,True,False,False,False,False,False
720575940604241510,flow,afferent,1139,400,0.25,0.16,0.14285714285714285,0.01,False,True,True,False,True,True,False
720575940604241510,flow,afferent,1139,400,0.25,0.16,0.04,0.01,False,True,True,False,True,True,False
720575940620332253,flow,afferent,586,400,0.25,0.16,0.14285714285714285,0.01,False,True,False,True,True,True,False
720575940620332253,flow,afferent,586,400,0.25,0.16,0.04,0.01,False,True,False,True,True,True,False
720575940606699989,flow,afferent,527,400,0.25,0.16,0.14285714285714285,0.01,False,True,True,False,True,False,False
720575940606699989,flow,afferent,527,400,0.25,0.16,0.04,0.01,False,True,True,False,True,False,False
720575940609019093,flow,afferent,556,400,0.25,0.16,0.14285714285714285,0.01,True,True,False,False,True,True,False
720575940609019093,flow,afferent,556,400,0.25,0.16,0.04,0.01,True,True,False,False,True,True,False
720575940618339823,flow,afferent,434,400,0.25,0.16,0.14285714285714285,0.01,False,True,True,False,True,True,False
720575940618339823,flow,afferent,434,400,0.25,0.16,0.04,0.01,False,True,True,False,True,True,False
720575940620983902,flow,afferent,6791,400,0.25,0.16,0.14285714285714285,0.01,False,True,True,False,False,False,False
720575940620983902,flow,afferent,6791,400,0.25,0.16,0.04,0.01,False,True,True,False,False,False,False
720575940632033361,flow,afferent,5058,400,0.25,0.16,0.14285714285714285,0.01,True,True,True,False,False,False,False
720575940632033361,flow,afferent,5058,400,0.25,0.16,0.04,0.01,True,True,True,False,False,False,False
720575940627331560,flow,afferent,8588,400,0.25,0.16,0.14285714285714285,0.01,False,True,False,False,False,False,False
720575940627331560,flow,afferent,8588,400,0.25,0.16,0.04,0.01,False,True,False,False,False,False,False
720575940635886682,flow,afferent,752,400,0.25,0.16,0.14285714285714285,0.01,True,True,True,False,False,False,False
720575940635886682,flow,afferent,752,400,0.25,0.16,0.04,0.01,True,True,True,False,False,False,False
720575940624449881,flow,afferent,1017,400,0.25,0.16,0.14285714285714285,0.01,False,True,False,False,True,True,False
720575940624449881,flow,afferent,1017,400,0.25,0.16,0.04,0.01,False,True,False,False,True,True,False
720575940619644336,flow,afferent,9938,400,0.25,0.16,0.14285714285714285,0.01,False,True,False,False,False,False,False
720575940619644336,flow,afferent,9938,400,0.25,0.16,0.04,0.01,False,True,False,False,False,False,False
720575940619095472,flow,afferent,519,400,0.25,0.16,0.14285714285714285,0.01,True,True,True,False,True,True,False
720575940619095472,flow,afferent,519,400,0.25,0.16,0.04,0.01,True,True,True,False,True,True,False
720575940626931708,flow,afferent,612,400,0.25,0.16,0.14285714285714285,0.01,True,True,True,False,True,False,False
720575940626931708,flow,afferent,612,400,0.25,0.16,0.04,0.01,True,True,False,False,True,False,False
720575940621521678,flow,afferent,484,400,0.25,0.16,0.14285714285714285,0.01,True,True,True,False,True,True,False
720575940621521678,flow,afferent,484,400,0.25,0.16,0.04,0.01,True,True,True,False,True,True,False
720575940618095892,flow,afferent,3989,400,0.25,0.16,0.14285714285714285,0.01,True,True,True,False,True,False,False
720575940618095892,flow,afferent,3989,400,0.25,0.16,0.04,0.01,False,True,True,False,False,False,False
720575940654123169,flow,afferent,7346,400,0.25,0.16,0.14285714285714285,0.01,False,True,True,False,True,False,False
720575940654123169,flow,afferent,7346,400,0.25,0.16,0.04,0.01,False,True,False,False,True,False,False
720575940619295728,flow,afferent,1001,400,0.25,0.16,0.14285714285714285,0.01,False,True,True,False,False,False,False
720575940619295728,flow,afferent,1001,400,0.25,0.16,0.04,0.01,False,True,True,False,False,False,False
720575940639740368,flow,afferent,2502,400,0.25,0.16,0.14285714285714285,0.01,True,True,True,False,False,False,False
720575940639740368,flow,afferent,2502,400,0.25,0.16,0.04,0.01,True,True,True,False,False,False,False
720575940624107548,flow,afferent,415,400,0.25,0.16,0.14285714285714285,0.01,True,True,True,False,True,True,False
720575940624107548,flow,afferent,415,400,0.25,0.16,0.04,0.01,False,True,True,False,True,True,False
720575940627788032,flow,afferent,717,400,0.25,0.16,0.14285714285714285,0.01,False,True,False,False,True,False,False
720575940627788032,flow,afferent,717,400,0.25,0.16,0.04,0.01,False,True,False,False,False,False,False
720575940617618137,flow,afferent,999,400,0.25,0.16,0.14285714285714285,0.01,False,True,False,False,False,False,False
720575940617618137,flow,afferent,999,400,0.25,0.16,0.04,0.01,False,True,False,False,False,False,False
720575940635632888,flow,afferent,7694,400,0.25,0.16,0.14285714285714285,0.01,True,True,False,False,True,False,False
720575940635632888,flow,afferent,7694,400,0.25,0.16,0.04,0.01,True,True,False,False,True,False,False
720575940621391850,flow,afferent,948,400,0.25,0.16,0.14285714285714285,0.01,True,True,True,False,False,True,False
720575940621391850,flow,afferent,948,400,0.25,0.16,0.04,0.01,True,True,True,False,False,True,False
720575940624999994,flow,afferent,667,400,0.25,0.16,0.14285714285714285,0.01,False,True,True,False,True,True,False
720575940624999994,flow,afferent,667,400,0.25,0.16,0.04,0.01,False,True,True,False,True,False,False
720575940625080197,flow,afferent,699,400,0.25,0.16,0.14285714285714285,0.01,True,True,True,False,True,True,False
720575940625080197,flow,afferent,699,400,0.25,0.16,0.04,0.01,True,True,True,False,True,True,False
720575940632607423,flow,afferent,556,400,0.25,0.16,0.14285714285714285,0.01,True,True,False,False,True,False,False
720575940632607423,flow,afferent,556,400,0.25,0.16,0.04,0.01,True,True,False,False,True,False,False
720575940614398570,flow,afferent,1167,400,0.25,0.16,0.14285714285714285,0.01,True,True,True,False,False,True,False
720575940614398570,flow,afferent,1167,400,0.25,0.16,0.04,0.01,True,True,True,False,False,False,False
720575940627578306,flow,afferent,446,400,0.25,0.16,0.14285714285714285,0.01,True,True,True,False,True,False,False
720575940627578306,flow,afferent,446,400,0.25,0.16,0.04,0.01,True,True,True,False,True,False,False
720575940625805288,flow,afferent,643,400,0.25,0.16,0.14285714285714285,0.01,False,True,True,False,True,False,False
720575940625805288,flow,afferent,643,400,0.25,0.16,0.04,0.01,False,True,True,False,True,False,False
720575940626170865,flow,afferent,765,400,0.25,0.16,0.14285714285714285,0.01,False,True,True,False,True,False,False
720575940626170865,flow,afferent,765,400,0.25,0.16,0.04,0.01,False,True,True,False,True,False,False
720575940622519591,flow,afferent,560,400,0.25,0.16,0.14285714285714285,0.01,True,True,True,False,True,False,False
720575940622519591,flow,afferent,560,400,0.25,0.16,0.04,0.01,True,True,True,False,True,False,False
720575940628675945,flow,afferent,740,400,0.25,0.16,0.14285714285714285,0.01,False,True,True,False,True,True,False
720575940628675945,flow,afferent,740,400,0.25,0.16,0.04,0.01,False,True,False,False,True,False,False
720575940634081655,flow,afferent,512,400,0.25,0.16,0.14285714285714285,0.01,False,True,True,False,True,True,False
720575940634081655,flow,afferent,512,400,0.25,0.16,0.04,0.01,False,True,True,False,True,True,False
720575940627925564,flow,afferent,500,400,0.25,0.16,0.14285714285714285,0.01,True,True,True,False,True,False,False
720575940627925564,flow,afferent,500,400,0.25,0.16,0.04,0.01,False,True,True,False,True,False,False
720575940633356280,flow,afferent,525,400,0.25,0.16,0.14285714285714285,0.01,False,True,True,False,True,True,False
720575940633356280,flow,afferent,525,400,0.25,0.16,0.04,0.01,False,True,True,False,True,False,False
720575940628226012,flow,afferent,584,400,0.25,0.16,0.14285714285714285,0.01,False,True,True,False,True,True,False
720575940628226012,flow,afferent,584,400,0.25,0.16,0.04,0.01,False,True,True,False,True,True,False
720575940628558679,flow,afferent,1288,400,0.25,0.16,0.14285714285714285,0.01,True,True,True,False,False,False,False
720575940628558679,flow,afferent,1288,400,0.25,0.16,0.04,0.01,True,True,True,False,False,False,False
720575940615385823,flow,afferent,472,400,0.25,0.16,0.14285714285714285,0.01,False,True,False,False,True,False,False
720575940615385823,flow,afferent,472,400,0.25,0.16,0.04,0.01,False,True,False,False,True,False,False
720575940629999919,flow,afferent,553,400,0.25,0.16,0.14285714285714285,0.01,False,True,True,False,True,True,False
720575940629999919,flow,afferent,553,400,0.25,0.16,0.04,0.01,False,True,True,False,True,True,False
720575940617686357,flow,afferent,515,400,0.25,0.16,0.14285714285714285,0.01,False,True,True,False,True,False,False
720575940617686357,flow,afferent,515,400,0.25,0.16,0.04,0.01,False,True,False,False,True,False,False
720575940613171454,flow,afferent,1457,400,0.25,0.16,0.14285714285714285,0.01,False,True,False,False,False,False,False
720575940613171454,flow,afferent,1457,400,0.25,0.16,0.04,0.01,False,True,False,False,False,False,False
720575940630169764,flow,afferent,468,400,0.25,0.16,0.14285714285714285,0.01,True,True,True,False,True,True,False
720575940630169764,flow,afferent,468,400,0.25,0.16,0.04,0.01,True,True,True,False,True,True,False
720575940630012663,flow,afferent,6508,400,0.25,0.16,0.14285714285714285,0.01,False,True,True,True,True,False,False
720575940630012663,flow,afferent,6508,400,0.25,0.16,0.04,0.01,False,True,False,False,False,False,False
720575940631356235,flow,afferent,3925,400,0.25,0.16,0.14285714285714285,0.01,False,True,True,False,True,False,False
720575940631356235,flow,afferent,3925,400,0.25,0.16,0.04,0.01,False,True,True,False,True,False,False
720575940613879227,flow,afferent,1358,400,0.25,0.16,0.14285714285714285,0.01,False,True,True,False,True,False,False
720575940613879227,flow,afferent,1358,400,0.25,0.16,0.04,0.01,False,True,True,False,False,False,False
720575940602444512,flow,afferent,541,400,0.25,0.16,0.14285714285714285,0.01,True,True,True,False,True,True,False
720575940602444512,flow,afferent,541,400,0.25,0.16,0.04,0.01,True,True,True,False,True,True,False
720575940612836374,flow,afferent,1713,400,0.25,0.16,0.14285714285714285,0.01,False,True,False,False,True,False,False
720575940612836374,flow,afferent,1713,400,0.25,0.16,0.04,0.01,False,True,False,False,False,False,False
720575940628375148,flow,afferent,586,400,0.25,0.16,0.14285714285714285,0.01,False,True,True,False,False,True,False
720575940628375148,flow,afferent,586,400,0.25,0.16,0.04,0.01,False,True,True,False,False,True,False
720575940620320214,flow,afferent,1262,400,0.25,0.16,0.14285714285714285,0.01,False,True,False,False,False,False,False
720575940620320214,flow,afferent,1262,400,0.25,0.16,0.04,0.01,False,True,False,False,False,False,False
720575940614976662,flow,afferent,489,400,0.25,0.16,0.14285714285714285,0.01,True,True,True,False,True,True,False
720575940614976662,flow,afferent,489,400,0.25,0.16,0.04,0.01,True,True,True,False,True,True,False
720575940628263388,flow,afferent,430,400,0.25,0.16,0.14285714285714285,0.01,True,True,True,True,True,False,False
720575940628263388,flow,afferent,430,400,0.25,0.16,0.04,0.01,True,True,True,False,True,False,False
720575940623387430,flow,afferent,545,400,0.25,0.16,0.14285714285714285,0.01,True,True,True,False,True,False,False
720575940623387430,flow,afferent,545,400,0.25,0.16,0.04,0.01,False,True,True,False,True,False,False
720575940638745060,flow,afferent,6621,400,0.25,0.16,0.14285714285714285,0.01,False,True,False,False,False,False,False
720575940638745060,flow,afferent,6621,400,0.25,0.16,0.04,0.01,False,True,False,False,False,False,False
720575940629134080,flow,afferent,1229,400,0.25,0.16,0.14285714285714285,0.01,True,True,True,False,True,True,False
720575940629134080,flow,afferent,1229,400,0.25,0.16,0.04,0.01,True,True,True,False,True,False,False
720575940610916465,flow,afferent,5319,400,0.25,0.16,0.14285714285714285,0.01,True,True,True,False,True,True,False
720575940610916465,flow,afferent,5319,400,0.25,0.16,0.04,0.01,True,True,True,False,False,True,False
720575940629994755,flow,afferent,608,400,0.25,0.16,0.14285714285714285,0.01,True,True,True,False,False,False,False
720575940629994755,flow,afferent,608,400,0.25,0.16,0.04,0.01,True,True,True,False,False,False,False
720575940610522210,flow,afferent,3592,400,0.25,0.16,0.14285714285714285,0.01,True,True,True,False,False,True,False
720575940610522210,flow,afferent,3592,400,0.25,0.16,0.04,0.01,True,True,False,False,False,False,False
720575940625118138,flow,afferent,1175,400,0.25,0.16,0.14285714285714285,0.01,True,True,True,False,True,False,False
720575940625118138,flow,afferent,1175,400,0.25,0.16,0.04,0.01,True,True,True,False,False,False,False
720575940619296752,flow,afferent,910,400,0.25,0.16,0.14285714285714285,0.01,False,True,True,False,False,True,False
720575940619296752,flow,afferent,910,400,0.25,0.16,0.04,0.01,False,True,True,False,False,False,False
720575940620600929,flow,afferent,5098,400,0.25,0.16,0.14285714285714285,0.01,True,True,True,False,True,False,False
720575940620600929,flow,afferent,5098,400,0.25,0.16,0.04,0.01,False,True,False,False,False,False,False
720575940635768895,flow,afferent,893,400,0.25,0.16,0.14285714285714285,0.01,False,True,False,True,True,True,False
720575940635768895,flow,afferent,893,400,0.25,0.16,0.04,0.01,False,False,False,True,True,False,False
720575940621512445,flow,afferent,405,400,0.25,0.16,0.14285714285714285,0.01,True,True,True,False,True,True,False
720575940621512445,flow,afferent,405,400,0.25,0.16,0.04,0.01,True,True,True,False,True,True,False
720575940623865748,flow,afferent,2010,400,0.25,0.16,0.14285714285714285,0.01,True,True,True,False,True,True,False
720575940623865748,flow,afferent,2010,400,0.25,0.16,0.04,0.01,True,False,False,False,False,False,False
720575940619998228,flow,afferent,2963,400,0.25,0.16,0.14285714285714285,0.01,False,True,True,False,True,True,False
720575940619998228,flow,afferent,2963,400,0.25,0.16,0.04,0.01,False,True,True,False,False,True,False
720575940627104649,flow,afferent,407,400,0.25,0.16,0.14285714285714285,0.01,True,True,True,False,True,False,False
720575940627104649,flow,afferent,407,400,0.25,0.16,0.04,0.01,True,True,True,False,True,False,False
720575940630693676,flow,afferent,736,400,0.25,0.16,0.14285714285714285,0.01,True,True,True,True,True,True,False
720575940630693676,flow,afferent,736,400,0.25,0.16,0.04,0.01,True,True,True,True,True,True,False
720575940616826485,flow,afferent,420,400,0.25,0.16,0.14285714285714285,0.01,True,True,True,False,True,True,False
720575940616826485,flow,afferent,420,400,0.25,0.16,0.04,0.01,True,True,True,False,True,True,False
720575940617415995,flow,afferent,410,400,0.25,0.16,0.14285714285714285,0.01,True,True,False,True,True,True,False
720575940617415995,flow,afferent,410,400,0.25,0.16,0.04,0.01,True,True,False,True,True,True,False
720575940612632026,flow,afferent,443,400,0.25,0.16,0.14285714285714285,0.01,True,True,True,True,True,True,False
720575940612632026,flow,afferent,443,400,0.25,0.16,0.04,0.01,True,True,True,True,True,True,False
720575940629985900,flow,afferent,581,400,0.25,0.16,0.14285714285714285,0.01,True,True,True,False,True,False,False
720575940629985900,flow,afferent,581,400,0.25,0.16,0.04,0.01,True,True,True,False,True,False,False
720575940625613514,flow,afferent,421,400,0.25,0.16,0.14285714285714285,0.01,False,True,False,False,True,True,False
720575940625613514,flow,afferent,421,400,0.25,0.16,0.04,0.01,False,True,False,False,True,True,False
720575940629023870,flow,afferent,1861,400,0.25,0.16,0.14285714285714285,0.01,False,True,True,False,True,False,False
720575940629023870,flow,afferent,1861,400,0.25,0.16,0.04,0.01,False,True,False,False,False,False,False
720575940625393189,flow,afferent,6520,400,0.25,0.16,0.14285714285714285,0.01,False,True,False,False,True,False,False
720575940625393189,flow,afferent,6520,400,0.25,0.16,0.04,0.01,False,True,False,False,True,False,False
720575940624461576,flow,afferent,2059,400,0.25,0.16,0.14285714285714285,0.01,True,True,True,False,True,True,False
720575940624461576,flow,afferent,2059,400,0.25,0.16,0.04,0.01,True,True,True,False,False,False,False
720575940623195530,flow,afferent,2143,400,0.25,0.16,0.14285714285714285,0.01,True,True,True,False,True,True,False
720575940623195530,flow,afferent,2143,400,0.25,0.16,0.04,0.01,True,True,True,False,True,True,False
720575940614998166,flow,afferent,6022,400,0.25,0.16,0.14285714285714285,0.01,False,True,False,False,False,False,False
720575940614998166,flow,afferent,6022,400,0.25,0.16,0.04,0.01,False,True,False,False,False,False,False
720575940637842246,flow,afferent,1795,400,0.25,0.16,0.14285714285714285,0.01,True,True,True,False,False,False,False
720575940637842246,flow,afferent,1795,400,0.25,0.16,0.04,0.01,True,True,True,False,False,False,False
720575940634126711,flow,afferent,4351,400,0.25,0.16,0.14285714285714285,0.01,False,True,False,False,False,False,False
720575940634126711,flow,afferent,4351,400,0.25,0.16,0.04,0.01,False,True,False,False,False,False,False
720575940618096321,flow,afferent,487,400,0.25,0.16,0.14285714285714285,0.01,False,True,False,False,True,True,False
720575940618096321,flow,afferent,487,400,0.25,0.16,0.04,0.01,False,True,False,False,True,True,False
720575940625319245,flow,afferent,4980,400,0.25,0.16,0.14285714285714285,0.01,True,True,True,False,True,True,False
720575940625319245,flow,afferent,4980,400,0.25,0.16,0.04,0.01,False,True,False,False,True,True,False
720575940616532310,flow,afferent,599,400,0.25,0.16,0.14285714285714285,0.01,True,True,False,False,True,False,False
720575940616532310,flow,afferent,599,400,0.25,0.16,0.04,0.01,True,True,False,False,True,False,False
720575940637792233,flow,afferent,536,400,0.25,0.16,0.14285714285714285,0.01,False,True,True,False,True,True,False
720575940637792233,flow,afferent,536,400,0.25,0.16,0.04,0.01,False,True,True,False,True,True,False
720575940620522305,flow,afferent,1013,400,0.25,0.16,0.14285714285714285,0.01,False,True,False,True,True,True,False
720575940620522305,flow,afferent,1013,400,0.25,0.16,0.04,0.01,False,True,False,False,True,False,False
720575940623147959,flow,afferent,430,400,0.25,0.16,0.14285714285714285,0.01,True,True,False,False,True,True,False
720575940623147959,flow,afferent,430,400,0.25,0.16,0.04,0.01,True,True,False,False,True,True,False
720575940623464683,flow,afferent,666,400,0.25,0.16,0.14285714285714285,0.01,True,True,False,False,True,False,False
720575940623464683,flow,afferent,666,400,0.25,0.16,0.04,0.01,True,True,False,False,True,False,False
720575940623017769,flow,afferent,1321,400,0.25,0.16,0.14285714285714285,0.01,False,True,True,True,True,False,False
720575940623017769,flow,afferent,1321,400,0.25,0.16,0.04,0.01,False,True,True,True,True,False,False
720575940643240904,flow,afferent,773,400,0.25,0.16,0.14285714285714285,0.01,False,True,False,False,True,False,False
720575940643240904,flow,afferent,773,400,0.25,0.16,0.04,0.01,False,True,False,False,True,False,False
720575940633058989,flow,afferent,1250,400,0.25,0.16,0.14285714285714285,0.01,True,True,True,False,True,False,False
720575940633058989,flow,afferent,1250,400,0.25,0.16,0.04,0.01,True,True,True,False,False,False,False
720575940629743063,flow,afferent,659,400,0.25,0.16,0.14285714285714285,0.01,True,True,True,False,True,False,False
720575940629743063,flow,afferent,659,400,0.25,0.16,0.04,0.01,True,True,True,False,False,False,False
720575940611273395,flow,afferent,1442,400,0.25,0.16,0.14285714285714285,0.01,True,True,False,False,False,False,False
720575940611273395,flow,afferent,1442,400,0.25,0.16,0.04,0.01,False,True,False,False,False,False,False
720575940620243183,flow,afferent,1323,400,0.25,0.16,0.14285714285714285,0.01,False,True,True,False,True,True,False
720575940620243183,flow,afferent,1323,400,0.25,0.16,0.04,0.01,False,True,True,False,False,True,False
720575940622099405,flow,afferent,652,400,0.25,0.16,0.14285714285714285,0.01,True,True,True,False,True,False,False
720575940622099405,flow,afferent,652,400,0.25,0.16,0.04,0.01,True,True,True,False,True,False,False
720575940619694040,flow,afferent,802,400,0.25,0.16,0.14285714285714285,0.01,True,True,True,False,True,False,False
720575940619694040,flow,afferent,802,400,0.25,0.16,0.04,0.01,True,True,True,False,True,False,False
720575940617066653,flow,afferent,471,400,0.25,0.16,0.14285714285714285,0.01,True,True,True,False,True,False,False
720575940617066653,flow,afferent,471,400,0.25,0.16,0.04,0.01,True,True,True,False,True,False,False
720575940641265549,flow,afferent,665,400,0.25,0.16,0.14285714285714285,0.01,True,True,True,False,True,True,False
720575940641265549,flow,afferent,665,400,0.25,0.16,0.04,0.01,False,True,True,False,True,False,False
720575940623474871,flow,afferent,444,400,0.25,0.16,0.14285714285714285,0.01,True,True,True,False,True,True,False
720575940623474871,flow,afferent,444,400,0.25,0.16,0.04,0.01,False,True,True,False,True,True,False
720575940613309359,flow,afferent,574,400,0.25,0.16,0.14285714285714285,0.01,True,True,True,False,True,False,False
720575940613309359,flow,afferent,574,400,0.25,0.16,0.04,0.01,True,True,True,False,True,False,False
720575940617034713,flow,afferent,1302,400,0.25,0.16,0.14285714285714285,0.01,True,True,True,False,True,False,False
720575940617034713,flow,afferent,1302,400,0.25,0.16,0.04,0.01,True,True,True,False,True,False,False
720575940622638276,flow,afferent,676,400,0.25,0.16,0.14285714285714285,0.01,True,True,True,False,True,False,False
720575940622638276,flow,afferent,676,400,0.25,0.16,0.04,0.01,True,True,True,False,False,False,False
720575940620805545,flow,afferent,468,400,0.25,0.16,0.14285714285714285,0.01,False,True,False,False,True,True,False
720575940620805545,flow,afferent,468,400,0.25,0.16,0.04,0.01,False,True,False,False,True,True,False
720575940622479763,flow,afferent,2411,400,0.25,0.16,0.14285714285714285,0.01,False,True,True,False,True,True,False
720575940622479763,flow,afferent,2411,400,0.25,0.16,0.04,0.01,False,True,True,False,True,True,False
720575940630285007,flow,afferent,579,400,0.25,0.16,0.14285714285714285,0.01,True,True,False,False,True,False,False
720575940630285007,flow,afferent,579,400,0.25,0.16,0.04,0.01,True,True,False,False,True,False,False
720575940631272003,flow,afferent,455,400,0.25,0.16,0.14285714285714285,0.01,False,True,True,False,True,True,False
720575940631272003,flow,afferent,455,400,0.25,0.16,0.04,0.01,False,True,True,False,True,True,False
720575940630702789,flow,afferent,538,400,0.25,0.16,0.14285714285714285,0.01,True,True,True,False,True,True,False
720575940630702789,flow,afferent,538,400,0.25,0.16,0.04,0.01,False,True,True,False,True,True,False
720575940622585224,flow,afferent,421,400,0.25,0.16,0.14285714285714285,0.01,True,True,True,False,True,False,False
720575940622585224,flow,afferent,421,400,0.25,0.16,0.04,0.01,True,True,True,False,True,False,False
720575940621272865,flow,afferent,619,400,0.25,0.16,0.14285714285714285,0.01,False,True,True,False,True,True,False
720575940621272865,flow,afferent,619,400,0.25,0.16,0.04,0.01,False,True,True,False,False,True,False
720575940627372184,flow,afferent,454,400,0.25,0.16,0.14285714285714285,0.01,True,True,True,True,True,True,False
720575940627372184,flow,afferent,454,400,0.25,0.16,0.04,0.01,True,True,True,True,True,True,False
720575940623292925,flow,afferent,443,400,0.25,0.16,0.14285714285714285,0.01,True,True,True,False,True,False,False
720575940623292925,flow,afferent,443,400,0.25,0.16,0.04,0.01,False,True,True,False,True,False,False
720575940629887695,flow,afferent,970,400,0.25,0.16,0.14285714285714285,0.01,True,True,True,False,True,False,False
720575940629887695,flow,afferent,970,400,0.25,0.16,0.04,0.01,True,True,True,False,True,False,False
720575940612029081,flow,afferent,835,400,0.25,0.16,0.14285714285714285,0.01,False,True,True,False,True,False,False
720575940612029081,flow,afferent,835,400,0.25,0.16,0.04,0.01,False,True,True,False,True,False,False
720575940623358954,flow,afferent,530,400,0.25,0.16,0.14285714285714285,0.01,False,True,False,False,True,False,False
720575940623358954,flow,afferent,530,400,0.25,0.16,0.04,0.01,False,True,False,False,True,False,False
720575940605661361,flow,afferent,537,400,0.25,0.16,0.14285714285714285,0.01,True,True,False,False,True,True,False
720575940605661361,flow,afferent,537,400,0.25,0.16,0.04,0.01,False,True,False,False,True,False,False
720575940608487772,flow,afferent,932,400,0.25,0.16,0.14285714285714285,0.01,True,True,True,False,True,False,False
720575940608487772,flow,afferent,932,400,0.25,0.16,0.04,0.01,True,True,False,False,True,False,False
720575940630530263,flow,afferent,584,400,0.25,0.16,0.14285714285714285,0.01,True,True,True,True,True,True,False
720575940630530263,flow,afferent,584,400,0.25,0.16,0.04,0.01,True,True,True,True,True,False,False
720575940624366323,flow,afferent,712,400,0.25,0.16,0.14285714285714285,0.01,True,True,False,False,True,False,False
720575940624366323,flow,afferent,712,400,0.25,0.16,0.04,0.01,False,True,False,False,True,False,False
720575940637747519,flow,afferent,866,400,0.25,0.16,0.14285714285714285,0.01,True,True,True,False,True,True,False
720575940637747519,flow,afferent,866,400,0.25,0.16,0.04,0.01,True,True,True,False,True,True,False
720575940625752778,flow,afferent,984,400,0.25,0.16,0.14285714285714285,0.01,False,True,True,False,True,True,False
720575940625752778,flow,afferent,984,400,0.25,0.16,0.04,0.01,False,True,True,False,True,True,False
720575940621326874,flow,afferent,529,400,0.25,0.16,0.14285714285714285,0.01,True,True,False,True,True,True,False
720575940621326874,flow,afferent,529,400,0.25,0.16,0.04,0.01,True,True,False,True,True,False,False
720575940628329546,flow,afferent,2456,400,0.25,0.16,0.14285714285714285,0.01,False,True,False,False,True,True,False
720575940628329546,flow,afferent,2456,400,0.25,0.16,0.04,0.01,False,True,False,False,False,False,False
720575940627821553,flow,afferent,1847,400,0.25,0.16,0.14285714285714285,0.01,False,True,True,True,True,True,False
720575940627821553,flow,afferent,1847,400,0.25,0.16,0.04,0.01,False,True,True,False,True,True,False
720575940635392910,flow,afferent,875,400,0.25,0.16,0.14285714285714285,0.01,False,True,False,False,True,True,False
720575940635392910,flow,afferent,875,400,0.25,0.16,0.04,0.01,False,True,False,False,True,True,False
720575940613666666,flow,afferent,573,400,0.25,0.16,0.14285714285714285,0.01,True,True,True,False,True,True,False
720575940613666666,flow,afferent,573,400,0.25,0.16,0.04,0.01,True,True,True,False,True,True,False
720575940644439860,flow,afferent,1693,400,0.25,0.16,0.14285714285714285,0.01,False,True,True,False,True,True,False
720575940644439860,flow,afferent,1693,400,0.25,0.16,0.04,0.01,False,True,True,False,False,False,False
720575940620937897,flow,afferent,507,400,0.25,0.16,0.14285714285714285,0.01,False,True,True,False,True,True,False
720575940620937897,flow,afferent,507,400,0.25,0.16,0.04,0.01,False,True,True,False,True,True,False
720575940632293346,flow,afferent,1791,400,0.25,0.16,0.14285714285714285,0.01,True,True,True,False,True,True,False
720575940632293346,flow,afferent,1791,400,0.25,0.16,0.04,0.01,True,True,True,False,True,True,False
720575940629235159,flow,afferent,472,400,0.25,0.16,0.14285714285714285,0.01,True,True,False,False,True,True,False
720575940629235159,flow,afferent,472,400,0.25,0.16,0.04,0.01,True,True,False,False,True,True,False
720575940621776227,flow,afferent,1363,400,0.25,0.16,0.14285714285714285,0.01,False,True,True,False,True,True,False
720575940621776227,flow,afferent,1363,400,0.25,0.16,0.04,0.01,False,True,True,False,True,True,False
720575940620673663,flow,afferent,3799,400,0.25,0.16,0.14285714285714285,0.01,False,True,True,False,False,True,False
720575940620673663,flow,afferent,3799,400,0.25,0.16,0.04,0.01,False,True,True,False,False,False,False
720575940620575579,flow,afferent,680,400,0.25,0.16,0.14285714285714285,0.01,True,True,True,False,True,True,False
720575940620575579,flow,afferent,680,400,0.25,0.16,0.04,0.01,True,True,True,False,True,False,False
720575940613396130,flow,afferent,589,400,0.25,0.16,0.14285714285714285,0.01,True,True,False,False,True,True,False
720575940613396130,flow,afferent,589,400,0.25,0.16,0.04,0.01,True,True,False,False,True,False,False
720575940638312262,flow,afferent,577,400,0.25,0.16,0.14285714285714285,0.01,False,True,True,False,True,True,False
720575940638312262,flow,afferent,577,400,0.25,0.16,0.04,0.01,False,True,False,False,True,True,False
720575940617807227,flow,afferent,1134,400,0.25,0.16,0.14285714285714285,0.01,True,True,True,False,True,False,False
720575940617807227,flow,afferent,1134,400,0.25,0.16,0.04,0.01,True,True,False,False,False,False,False
720575940637078591,flow,afferent,770,400,0.25,0.16,0.14285714285714285,0.01,False,True,True,False,True,True,False
720575940637078591,flow,afferent,770,400,0.25,0.16,0.04,0.01,False,True,True,False,True,True,False
720575940637107312,flow,afferent,1104,400,0.25,0.16,0.14285714285714285,0.01,False,True,True,False,True,True,False
720575940637107312,flow,afferent,1104,400,0.25,0.16,0.04,0.01,False,True,True,False,True,True,False
720575940629239852,flow,afferent,872,400,0.25,0.16,0.14285714285714285,0.01,False,True,False,False,True,False,False
720575940629239852,flow,afferent,872,400,0.25,0.16,0.04,0.01,False,True,False,False,True,False,False
720575940621482665,flow,afferent,2323,400,0.25,0.16,0.14285714285714285,0.01,True,True,False,False,True,True,False
720575940621482665,flow,afferent,2323,400,0.25,0.16,0.04,0.01,True,True,False,False,True,False,False
720575940621916952,flow,afferent,6082,400,0.25,0.16,0.14285714285714285,0.01,True,True,True,False,False,True,False
720575940621916952,flow,afferent,6082,400,0.25,0.16,0.04,0.01,False,True,False,False,False,False,False
720575940626574108,flow,afferent,4250,400,0.25,0.16,0.14285714285714285,0.01,False,True,True,False,False,True,False
720575940626574108,flow,afferent,4250,400,0.25,0.16,0.04,0.01,False,True,True,False,False,False,False
720575940638214470,flow,afferent,588,400,0.25,0.16,0.14285714285714285,0.01,True,True,False,False,True,True,False
720575940638214470,flow,afferent,588,400,0.25,0.16,0.04,0.01,True,True,False,False,True,True,False
720575940619652033,flow,afferent,1686,400,0.25,0.16,0.14285714285714285,0.01,True,True,False,False,True,True,False
720575940619652033,flow,afferent,1686,400,0.25,0.16,0.04,0.01,True,True,False,False,True,False,False
720575940626879996,flow,afferent,404,400,0.25,0.16,0.14285714285714285,0.01,True,True,False,False,True,True,False
720575940626879996,flow,afferent,404,400,0.25,0.16,0.04,0.01,True,True,False,False,True,True,False
720575940611000499,flow,afferent,1825,400,0.25,0.16,0.14285714285714285,0.01,False,True,True,False,True,False,False
720575940611000499,flow,afferent,1825,400,0.25,0.16,0.04,0.01,False,True,True,False,False,False,False
720575940618696920,flow,afferent,689,400,0.25,0.16,0.14285714285714285,0.01,True,True,True,False,True,True,False
720575940618696920,flow,afferent,689,400,0.25,0.16,0.04,0.01,True,True,True,False,True,True,False
720575940640601563,flow,afferent,7615,400,0.25,0.16,0.14285714285714285,0.01,False,True,False,False,True,False,False
720575940640601563,flow,afferent,7615,400,0.25,0.16,0.04,0.01,False,True,False,False,False,False,False
720575940615719029,flow,afferent,594,400,0.25,0.16,0.14285714285714285,0.01,True,True,True,False,True,True,False
720575940615719029,flow,afferent,594,400,0.25,0.16,0.04,0.01,True,True,False,False,True,True,False
720575940620572933,flow,afferent,405,400,0.25,0.16,0.14285714285714285,0.01,True,True,False,False,True,True,False
720575940620572933,flow,afferent,405,400,0.25,0.16,0.04,0.01,True,True,False,False,True,True,False
720575940626571592,flow,afferent,443,400,0.25,0.16,0.14285714285714285,0.01,True,True,False,True,True,True,False
720575940626571592,flow,afferent,443,400,0.25,0.16,0.04,0.01,True,True,False,False,True,True,False
720575940616205405,flow,afferent,599,400,0.25,0.16,0.14285714285714285,0.01,True,True,False,False,True,True,False
720575940616205405,flow,afferent,599,400,0.25,0.16,0.04,0.01,True,True,False,False,True,True,False
720575940621804329,flow,afferent,608,400,0.25,0.16,0.14285714285714285,0.01,True,True,False,False,True,True,False
720575940621804329,flow,afferent,608,400,0.25,0.16,0.04,0.01,True,True,False,False,True,True,False
720575940623313961,flow,afferent,1094,400,0.25,0.16,0.14285714285714285,0.01,False,True,True,False,True,True,False
720575940623313961,flow,afferent,1094,400,0.25,0.16,0.04,0.01,False,True,True,False,True,True,False
720575940620856046,flow,afferent,1389,400,0.25,0.16,0.14285714285714285,0.01,True,True,True,False,True,True,False
720575940620856046,flow,afferent,1389,400,0.25,0.16,0.04,0.01,True,True,False,False,True,True,False
720575940622731229,flow,afferent,1300,400,0.25,0.16,0.14285714285714285,0.01,True,True,True,False,True,True,False
720575940622731229,flow,afferent,1300,400,0.25,0.16,0.04,0.01,False,True,True,False,True,True,False
720575940628134526,flow,afferent,1143,400,0.25,0.16,0.14285714285714285,0.01,False,True,True,False,True,True,False
720575940628134526,flow,afferent,1143,400,0.25,0.16,0.04,0.01,False,True,False,False,True,True,False
720575940631393484,flow,afferent,670,400,0.25,0.16,0.14285714285714285,0.01,False,True,True,False,True,True,False
720575940631393484,flow,afferent,670,400,0.25,0.16,0.04,0.01,False,True,True,False,True,True,False
720575940622204585,flow,afferent,2079,400,0.25,0.16,0.14285714285714285,0.01,False,True,True,False,True,False,False
720575940622204585,flow,afferent,2079,400,0.25,0.16,0.04,0.01,False,True,True,False,True,False,False
720575940625472277,flow,afferent,861,400,0.25,0.16,0.14285714285714285,0.01,False,True,True,False,True,True,False
720575940625472277,flow,afferent,861,400,0.25,0.16,0.04,0.01,False,True,True,False,False,True,False
720575940629388135,flow,afferent,1948,400,0.25,0.16,0.14285714285714285,0.01,True,True,True,False,True,True,False
720575940629388135,flow,afferent,1948,400,0.25,0.16,0.04,0.01,False,True,True,False,True,True,False
720575940632356066,flow,afferent,506,400,0.25,0.16,0.14285714285714285,0.01,True,True,True,False,True,True,False
720575940632356066,flow,afferent,506,400,0.25,0.16,0.04,0.01,True,True,True,False,True,True,False
720575940617681822,flow,afferent,553,400,0.25,0.16,0.14285714285714285,0.01,True,True,True,False,True,True,False
720575940617681822,flow,afferent,553,400,0.25,0.16,0.04,0.01,True,True,True,False,True,True,False
720575940639448528,flow,afferent,495,400,0.25,0.16,0.14285714285714285,0.01,False,True,False,True,True,True,False
720575940639448528,flow,afferent,495,400,0.25,0.16,0.04,0.01,False,True,False,False,True,True,False
720575940610999794,flow,afferent,500,400,0.25,0.16,0.14285714285714285,0.01,True,True,False,False,True,True,False
720575940610999794,flow,afferent,500,400,0.25,0.16,0.04,0.01,True,True,False,False,True,True,False
720575940625383299,flow,afferent,466,400,0.25,0.16,0.14285714285714285,0.01,True,True,True,True,True,True,False
720575940625383299,flow,afferent,466,400,0.25,0.16,0.04,0.01,True,True,True,True,True,True,False
720575940637846069,flow,afferent,469,400,0.25,0.16,0.14285714285714285,0.01,True,True,False,False,True,True,False
720575940637846069,flow,afferent,469,400,0.25,0.16,0.04,0.01,False,True,False,False,True,True,False
720575940626879484,flow,afferent,409,400,0.25,0.16,0.14285714285714285,0.01,True,True,False,False,True,True,False
720575940626879484,flow,afferent,409,400,0.25,0.16,0.04,0.01,True,True,False,False,True,True,False
720575940619360532,flow,afferent,511,400,0.25,0.16,0.14285714285714285,0.01,True,True,True,True,True,True,False
720575940619360532,flow,afferent,511,400,0.25,0.16,0.04,0.01,True,True,True,False,True,True,False
720575940629263872,flow,afferent,451,400,0.25,0.16,0.14285714285714285,0.01,True,True,False,False,True,True,False
720575940629263872,flow,afferent,451,400,0.25,0.16,0.04,0.01,True,True,False,False,True,True,False
720575940610922202,flow,afferent,550,400,0.25,0.16,0.14285714285714285,0.01,True,True,False,False,True,True,False
720575940610922202,flow,afferent,550,400,0.25,0.16,0.04,0.01,False,True,False,False,True,True,False
720575940626530564,flow,afferent,511,400,0.25,0.16,0.14285714285714285,0.01,True,True,False,False,True,True,False
720575940626530564,flow,afferent,511,400,0.25,0.16,0.04,0.01,True,True,False,False,True,True,False
720575940625813081,flow,afferent,687,400,0.25,0.16,0.14285714285714285,0.01,True,True,False,False,True,False,False
720575940625813081,flow,afferent,687,400,0.25,0.16,0.04,0.01,True,True,False,False,False,False,False
720575940638410611,flow,afferent,421,400,0.25,0.16,0.14285714285714285,0.01,True,True,False,True,True,True,False
720575940638410611,flow,afferent,421,400,0.25,0.16,0.04,0.01,True,True,False,False,True,False,False
720575940614833567,flow,afferent,458,400,0.25,0.16,0.14285714285714285,0.01,True,True,False,False,True,True,False
720575940614833567,flow,afferent,458,400,0.25,0.16,0.04,0.01,True,True,False,False,True,True,False
720575940621808227,flow,afferent,415,400,0.25,0.16,0.14285714285714285,0.01,True,True,False,False,True,True,False
720575940621808227,flow,afferent,415,400,0.25,0.16,0.04,0.01,True,True,False,False,True,True,False
720575940638852736,flow,afferent,464,400,0.25,0.16,0.14285714285714285,0.01,True,True,False,True,True,True,False
720575940638852736,flow,afferent,464,400,0.25,0.16,0.04,0.01,True,True,False,True,True,True,False
720575940629677655,flow,afferent,607,400,0.25,0.16,0.14285714285714285,0.01,True,True,True,False,True,True,False
720575940629677655,flow,afferent,607,400,0.25,0.16,0.04,0.01,True,True,False,False,True,True,False
720575940628641871,flow,afferent,463,400,0.25,0.16,0.14285714285714285,0.01,True,True,False,True,True,True,False
720575940628641871,flow,afferent,463,400,0.25,0.16,0.04,0.01,True,True,False,True,True,True,False
720575940620030384,flow,afferent,626,400,0.25,0.16,0.14285714285714285,0.01,True,True,False,False,True,True,False
720575940620030384,flow,afferent,626,400,0.25,0.16,0.04,0.01,True,True,False,False,True,False,False
720575940646142004,flow,afferent,486,400,0.25,0.16,0.14285714285714285,0.01,True,True,False,True,True,True,False
720575940646142004,flow,afferent,486,400,0.25,0.16,0.04,0.01,True,True,False,True,True,True,False
720575940640027637,flow,afferent,415,400,0.25,0.16,0.14285714285714285,0.01,True,True,False,False,True,True,False
720575940640027637,flow,afferent,415,400,0.25,0.16,0.04,0.01,True,True,False,False,True,True,False
720575940620028080,flow,afferent,512,400,0.25,0.16,0.14285714285714285,0.01,True,True,False,False,True,True,False
720575940620028080,flow,afferent,512,400,0.25,0.16,0.04,0.01,True,True,False,False,True,True,False
720575940646120324,flow,afferent,427,400,0.25,0.16,0.14285714285714285,0.01,True,True,False,False,True,True,False
720575940646120324,flow,afferent,427,400,0.25,0.16,0.04,0.01,False,True,False,False,True,True,False
720575940636052080,flow,afferent,556,400,0.25,0.16,0.14285714285714285,0.01,True,True,False,True,True,True,False
720575940636052080,flow,afferent,556,400,0.25,0.16,0.04,0.01,True,True,False,False,True,True,False
720575940614014431,flow,afferent,526,400,0.25,0.16,0.14285714285714285,0.01,True,True,False,False,True,True,False
720575940614014431,flow,afferent,526,400,0.25,0.16,0.04,0.01,True,True,False,False,True,True,False
720575940645211939,flow,afferent,473,400,0.25,0.16,0.14285714285714285,0.01,True,True,False,False,True,True,False
720575940645211939,flow,afferent,473,400,0.25,0.16,0.04,0.01,True,True,False,False,True,True,False
720575940631203896,flow,afferent,471,400,0.25,0.16,0.14285714285714285,0.01,True,True,False,False,True,True,False
720575940631203896,flow,afferent,471,400,0.25,0.16,0.04,0.01,True,True,False,False,True,True,False
720575940622833577,flow,afferent,448,400,0.25,0.16,0.14285714285714285,0.01,True,True,False,False,True,True,False
720575940622833577,flow,afferent,448,400,0.25,0.16,0.04,0.01,True,True,False,False,True,True,False
720575940633668031,flow,afferent,612,400,0.25,0.16,0.14285714285714285,0.01,True,True,False,False,True,True,False
720575940633668031,flow,afferent,612,400,0.25,0.16,0.04,0.01,True,True,False,False,True,True,False
720575940620555252,flow,afferent,450,400,0.25,0.16,0.14285714285714285,0.01,True,True,True,True,True,True,False
720575940620555252,flow,afferent,450,400,0.25,0.16,0.04,0.01,True,True,True,True,True,True,False
720575940611237034,flow,afferent,418,400,0.25,0.16,0.14285714285714285,0.01,True,True,False,False,True,True,False
720575940611237034,flow,afferent,418,400,0.25,0.16,0.04,0.01,True,True,False,False,True,True,False
720575940631174431,flow,afferent,453,400,0.25,0.16,0.14285714285714285,0.01,True,True,False,True,True,True,False
720575940631174431,flow,afferent,453,400,0.25,0.16,0.04,0.01,True,True,False,False,True,True,False
720575940625757053,flow,afferent,448,400,0.25,0.16,0.14285714285714285,0.01,True,True,False,True,True,True,False
720575940625757053,flow,afferent,448,400,0.25,0.16,0.04,0.01,True,True,False,True,True,True,False
720575940622927242,flow,afferent,683,400,0.25,0.16,0.14285714285714285,0.01,False,True,True,False,True,True,False
720575940622927242,flow,afferent,683,400,0.25,0.16,0.04,0.01,False,True,True,False,True,True,False
720575940611939314,flow,afferent,410,400,0.25,0.16,0.14285714285714285,0.01,False,True,True,True,True,True,False
720575940611939314,flow,afferent,410,400,0.25,0.16,0.04,0.01,False,True,True,True,True,True,False
720575940646540910,flow,afferent,556,400,0.25,0.16,0.14285714285714285,0.01,True,True,False,False,True,True,False
720575940646540910,flow,afferent,556,400,0.25,0.16,0.04,0.01,True,True,False,False,True,True,False
720575940622063871,flow,afferent,551,400,0.25,0.16,0.14285714285714285,0.01,True,True,False,False,True,True,False
720575940622063871,flow,afferent,551,400,0.25,0.16,0.04,0.01,True,True,False,False,True,True,False
720575940632286816,flow,afferent,564,400,0.25,0.16,0.14285714285714285,0.01,True,True,False,False,True,False,False
720575940632286816,flow,afferent,564,400,0.25,0.16,0.04,0.01,True,True,False,False,True,False,False
720575940614528629,flow,afferent,456,400,0.25,0.16,0.14285714285714285,0.01,True,True,False,False,True,True,False
720575940614528629,flow,afferent,456,400,0.25,0.16,0.04,0.01,False,True,False,False,True,True,False
720575940644050376,flow,afferent,8515,400,0.25,0.16,0.14285714285714285,0.01,False,True,False,False,False,False,False
720575940644050376,flow,afferent,8515,400,0.25,0.16,0.04,0.01,False,True,False,False,False,False,False
720575940639297408,flow,afferent,4564,400,0.25,0.16,0.14285714285714285,0.01,False,True,False,False,False,False,False
720575940639297408,flow,afferent,4564,400,0.25,0.16,0.04,0.01,False,True,False,False,False,False,False
720575940619127472,flow,afferent,907,400,0.25,0.16,0.14285714285714285,0.01,True,True,True,False,True,True,False
720575940619127472,flow,afferent,907,400,0.25,0.16,0.04,0.01,True,True,True,False,True,True,False
720575940630609170,flow,afferent,6002,400,0.25,0.16,0.14285714285714285,0.01,True,True,True,False,False,False,False
720575940630609170,flow,afferent,6002,400,0.25,0.16,0.04,0.01,True,False,True,False,False,False,False
720575940617582107,flow,afferent,661,400,0.25,0.16,0.14285714285714285,0.01,True,True,False,False,False,False,False
720575940617582107,flow,afferent,661,400,0.25,0.16,0.04,0.01,True,True,False,False,False,False,False
720575940622867687,flow,afferent,5214,400,0.25,0.16,0.14285714285714285,0.01,True,True,True,False,False,True,False
720575940622867687,flow,afferent,5214,400,0.25,0.16,0.04,0.01,False,True,False,False,False,False,False
720575940622467113,flow,afferent,9091,400,0.25,0.16,0.14285714285714285,0.01,True,True,False,False,False,False,False
720575940622467113,flow,afferent,9091,400,0.25,0.16,0.04,0.01,False,True,False,False,False,False,False
720575940625653029,flow,afferent,959,400,0.25,0.16,0.14285714285714285,0.01,True,True,True,True,True,False,False
720575940625653029,flow,afferent,959,400,0.25,0.16,0.04,0.01,True,True,True,True,True,False,False
720575940644438039,flow,afferent,1780,400,0.25,0.16,0.14285714285714285,0.01,True,True,True,True,True,True,False
720575940644438039,flow,afferent,1780,400,0.25,0.16,0.04,0.01,True,True,True,True,True,True,False
720575940632644639,flow,afferent,4279,400,0.25,0.16,0.14285714285714285,0.01,False,True,False,False,True,False,False
720575940632644639,flow,afferent,4279,400,0.25,0.16,0.04,0.01,False,True,False,False,False,False,False
720575940638836285,flow,afferent,4074,400,0.25,0.16,0.14285714285714285,0.01,True,True,False,False,True,False,False
720575940638836285,flow,afferent,4074,400,0.25,0.16,0.04,0.01,False,True,False,False,False,False,False
720575940625479370,flow,afferent,2646,400,0.25,0.16,0.14285714285714285,0.01,True,True,True,True,True,True,False
720575940625479370,flow,afferent,2646,400,0.25,0.16,0.04,0.01,False,True,False,False,True,False,False
720575940635254117,flow,afferent,1913,400,0.25,0.16,0.14285714285714285,0.01,True,True,True,True,True,False,False
720575940635254117,flow,afferent,1913,400,0.25,0.16,0.04,0.01,False,True,True,True,True,False,False
720575940625101360,flow,afferent,2363,400,0.25,0.16,0.14285714285714285,0.01,True,True,True,True,True,False,False
720575940625101360,flow,afferent,2363,400,0.25,0.16,0.04,0.01,True,True,True,True,True,False,False
720575940636263543,flow,afferent,9093,400,0.25,0.16,0.14285714285714285,0.01,False,True,True,False,True,True,False
720575940636263543,flow,afferent,9093,400,0.25,0.16,0.04,0.01,False,True,False,False,True,True,False
720575940620762904,flow,afferent,736,400,0.25,0.16,0.14285714285714285,0.01,False,True,True,False,True,True,False
720575940620762904,flow,afferent,736,400,0.25,0.16,0.04,0.01,False,True,True,False,True,True,False
720575940630175276,flow,afferent,2298,400,0.25,0.16,0.14285714285714285,0.01,False,True,True,True,True,True,False
720575940630175276,flow,afferent,2298,400,0.25,0.16,0.04,0.01,False,False,True,True,True,True,False
720575940614138577,flow,afferent,26019,400,0.25,0.16,0.14285714285714285,0.01,True,True,True,False,True,False,False
720575940614138577,flow,afferent,26019,400,0.25,0.16,0.04,0.01,False,False,True,False,True,False,False
720575940629297664,flow,afferent,3256,400,0.25,0.16,0.14285714285714285,0.01,False,True,True,False,True,False,False
720575940629297664,flow,afferent,3256,400,0.25,0.16,0.04,0.01,False,True,True,False,True,False,False
720575940616892062,flow,afferent,2545,400,0.25,0.16,0.14285714285714285,0.01,True,True,True,False,True,True,False
720575940616892062,flow,afferent,2545,400,0.25,0.16,0.04,0.01,False,True,True,False,False,True,False
720575940626206809,flow,afferent,1368,400,0.25,0.16,0.14285714285714285,0.01,False,True,False,False,False,False,False
720575940626206809,flow,afferent,1368,400,0.25,0.16,0.04,0.01,False,True,False,False,False,False,False
720575940626505551,flow,afferent,655,400,0.25,0.16,0.14285714285714285,0.01,False,True,True,False,True,False,False
720575940626505551,flow,afferent,655,400,0.25,0.16,0.04,0.01,False,True,True,False,True,False,False
720575940637388004,flow,afferent,21236,400,0.25,0.16,0.14285714285714285,0.01,False,True,False,False,True,False,False
720575940637388004,flow,afferent,21236,400,0.25,0.16,0.04,0.01,False,True,False,False,False,False,False
720575940620552326,flow,afferent,1674,400,0.25,0.16,0.14285714285714285,0.01,False,True,False,False,True,False,False
720575940620552326,flow,afferent,1674,400,0.25,0.16,0.04,0.01,False,True,False,False,False,False,False
720575940620809599,flow,afferent,10732,400,0.25,0.16,0.14285714285714285,0.01,False,True,False,False,False,False,False
720575940620809599,flow,afferent,10732,400,0.25,0.16,0.04,0.01,False,True,False,False,False,False,False
720575940647022644,flow,afferent,974,400,0.25,0.16,0.14285714285714285,0.01,True,True,False,False,False,False,False
720575940647022644,flow,afferent,974,400,0.25,0.16,0.04,0.01,False,True,False,False,False,False,False
720575940613522413,flow,afferent,9821,400,0.25,0.16,0.14285714285714285,0.01,True,True,True,False,False,False,False
720575940613522413,flow,afferent,9821,400,0.25,0.16,0.04,0.01,True,True,True,False,False,False,False
720575940623194333,flow,afferent,2700,400,0.25,0.16,0.14285714285714285,0.01,False,True,True,False,True,True,False
720575940623194333,flow,afferent,2700,400,0.25,0.16,0.04,0.01,False,True,True,False,True,False,False
720575940621599741,flow,afferent,7503,400,0.25,0.16,0.14285714285714285,0.01,False,True,False,False,True,False,False
720575940621599741,flow,afferent,7503,400,0.25,0.16,0.04,0.01,False,True,False,False,True,False,False
720575940630693494,flow,afferent,3968,400,0.25,0.16,0.14285714285714285,0.01,False,True,True,False,True,False,False
720575940630693494,flow,afferent,3968,400,0.25,0.16,0.04,0.01,False,True,True,False,False,False,False
720575940618066555,flow,afferent,1977,400,0.25,0.16,0.14285714285714285,0.01,False,True,True,False,False,False,False
720575940618066555,flow,afferent,1977,400,0.25,0.16,0.04,0.01,False,True,False,False,False,False,False
720575940625865724,flow,afferent,664,400,0.25,0.16,0.14285714285714285,0.01,False,True,True,False,True,False,False
720575940625865724,flow,afferent,664,400,0.25,0.16,0.04,0.01,False,True,True,False,False,False,False
720575940630652876,flow,afferent,11651,400,0.25,0.16,0.14285714285714285,0.01,False,True,False,False,False,False,False
720575940630652876,flow,afferent,11651,400,0.25,0.16,0.04,0.01,False,True,False,False,False,False,False
720575940617208065,flow,afferent,2826,400,0.25,0.16,0.14285714285714285,0.01,True,True,True,False,True,True,False
720575940617208065,flow,afferent,2826,400,0.25,0.16,0.04,0.01,True,True,True,False,True,False,False
720575940614004143,flow,afferent,810,400,0.25,0.16,0.14285714285714285,0.01,False,True,False,False,True,False,False
720575940614004143,flow,afferent,810,400,0.25,0.16,0.04,0.01,False,True,False,False,True,False,False
720575940623264904,flow,afferent,4316,400,0.25,0.16,0.14285714285714285,0.01,False,True,True,False,False,False,False
720575940623264904,flow,afferent,4316,400,0.25,0.16,0.04,0.01,False,True,True,False,False,False,False
720575940607161218,flow,afferent,6556,400,0.25,0.16,0.14285714285714285,0.01,True,True,True,False,True,False,False
720575940607161218,flow,afferent,6556,400,0.25,0.16,0.04,0.01,True,True,True,False,False,False,False
720575940627070494,flow,afferent,3873,400,0.25,0.16,0.14285714285714285,0.01,False,True,True,False,True,True,False
720575940627070494,flow,afferent,3873,400,0.25,0.16,0.04,0.01,False,True,False,False,True,False,False
720575940623646963,flow,afferent,4687,400,0.25,0.16,0.14285714285714285,0.01,True,True,False,False,True,False,False
720575940623646963,flow,afferent,4687,400,0.25,0.16,0.04,0.01,True,True,False,False,False,False,False
720575940622665544,flow,afferent,1782,400,0.25,0.16,0.14285714285714285,0.01,False,True,True,False,True,True,False
720575940622665544,flow,afferent,1782,400,0.25,0.16,0.04,0.01,False,True,False,False,False,False,False
720575940622674504,flow,afferent,667,400,0.25,0.16,0.14285714285714285,0.01,False,True,True,False,True,True,False
720575940622674504,flow,afferent,667,400,0.25,0.16,0.04,0.01,False,True,True,False,True,False,False
720575940622675016,flow,afferent,728,400,0.25,0.16,0.14285714285714285,0.01,True,True,False,False,True,True,False
720575940622675016,flow,afferent,728,400,0.25,0.16,0.04,0.01,True,True,False,False,True,True,False
720575940622766925,flow,afferent,1323,400,0.25,0.16,0.14285714285714285,0.01,False,True,True,False,False,False,False
720575940622766925,flow,afferent,1323,400,0.25,0.16,0.04,0.01,False,True,True,False,False,False,False
720575940625739056,flow,afferent,1082,400,0.25,0.16,0.14285714285714285,0.01,False,True,False,False,True,False,False
720575940625739056,flow,afferent,1082,400,0.25,0.16,0.04,0.01,False,True,False,False,True,False,False
720575940627382405,flow,afferent,796,400,0.25,0.16,0.14285714285714285,0.01,False,True,True,False,True,False,False
720575940627382405,flow,afferent,796,400,0.25,0.16,0.04,0.01,False,True,False,False,True,False,False
720575940612857055,flow,afferent,800,400,0.25,0.16,0.14285714285714285,0.01,True,True,True,False,False,True,False
720575940612857055,flow,afferent,800,400,0.25,0.16,0.04,0.01,True,True,True,False,False,False,False
720575940623531301,flow,afferent,4037,400,0.25,0.16,0.14285714285714285,0.01,True,True,True,False,False,True,False
720575940623531301,flow,afferent,4037,400,0.25,0.16,0.04,0.01,True,False,True,False,False,False,False
720575940620862746,flow,afferent,6047,400,0.25,0.16,0.14285714285714285,0.01,False,True,False,False,False,False,False
720575940620862746,flow,afferent,6047,400,0.25,0.16,0.04,0.01,False,True,False,False,False,False,False
720575940618206006,flow,afferent,1597,400,0.25,0.16,0.14285714285714285,0.01,True,True,True,False,True,True,False
720575940618206006,flow,afferent,1597,400,0.25,0.16,0.04,0.01,True,True,True,False,True,True,False
720575940615799179,flow,afferent,12030,400,0.25,0.16,0.14285714285714285,0.01,True,True,True,False,False,False,False
720575940615799179,flow,afferent,12030,400,0.25,0.16,0.04,0.01,True,True,True,False,False,False,False
720575940634333338,flow,afferent,1671,400,0.25,0.16,0.14285714285714285,0.01,False,True,False,False,False,False,False
720575940634333338,flow,afferent,1671,400,0.25,0.16,0.04,0.01,False,True,False,False,False,False,False
720575940611227029,flow,afferent,2135,400,0.25,0.16,0.14285714285714285,0.01,True,True,True,False,True,True,False
720575940611227029,flow,afferent,2135,400,0.25,0.16,0.04,0.01,True,True,True,False,False,False,False
720575940611025874,flow,afferent,1440,400,0.25,0.16,0.14285714285714285,0.01,True,True,True,False,True,True,False
720575940611025874,flow,afferent,1440,400,0.25,0.16,0.04,0.01,True,True,True,False,True,False,False
720575940624387992,flow,afferent,3356,400,0.25,0.16,0.14285714285714285,0.01,True,True,True,False,False,False,False
720575940624387992,flow,afferent,3356,400,0.25,0.16,0.04,0.01,True,False,True,False,False,False,False
720575940623471044,flow,afferent,725,400,0.25,0.16,0.14285714285714285,0.01,False,True,True,False,True,False,False
720575940623471044,flow,afferent,725,400,0.25,0.16,0.04,0.01,False,True,True,False,True,False,False
720575940621380220,flow,afferent,4691,400,0.25,0.16,0.14285714285714285,0.01,False,True,False,False,True,False,False
720575940621380220,flow,afferent,4691,400,0.25,0.16,0.04,0.01,False,True,False,False,True,False,False
720575940622870349,flow,afferent,1403,400,0.25,0.16,0.14285714285714285,0.01,False,True,True,False,True,True,False
720575940622870349,flow,afferent,1403,400,0.25,0.16,0.04,0.01,False,True,False,False,True,True,False
720575940633908472,flow,afferent,2906,400,0.25,0.16,0.14285714285714285,0.01,True,True,True,False,False,False,False
720575940633908472,flow,afferent,2906,400,0.25,0.16,0.04,0.01,True,True,True,False,False,False,False
720575940631083833,flow,afferent,6519,400,0.25,0.16,0.14285714285714285,0.01,True,True,True,False,False,False,False
720575940631083833,flow,afferent,6519,400,0.25,0.16,0.04,0.01,True,True,False,False,False,False,False
720575940630121078,flow,afferent,6490,400,0.25,0.16,0.14285714285714285,0.01,False,True,True,False,False,False,False
720575940630121078,flow,afferent,6490,400,0.25,0.16,0.04,0.01,False,True,False,False,False,False,False
720575940624568416,flow,afferent,8015,400,0.25,0.16,0.14285714285714285,0.01,True,True,True,False,False,False,False
720575940624568416,flow,afferent,8015,400,0.25,0.16,0.04,0.01,True,True,True,False,False,False,False
720575940629411962,flow,afferent,1605,400,0.25,0.16,0.14285714285714285,0.01,False,True,False,False,False,False,False
720575940629411962,flow,afferent,1605,400,0.25,0.16,0.04,0.01,False,True,False,False,False,False,False
720575940638858549,flow,afferent,3857,400,0.25,0.16,0.14285714285714285,0.01,True,True,True,False,False,False,False
720575940638858549,flow,afferent,3857,400,0.25,0.16,0.04,0.01,True,True,True,False,False,False,False
720575940627125842,flow,afferent,11620,400,0.25,0.16,0.14285714285714285,0.01,False,True,False,False,True,False,False
720575940627125842,flow,afferent,11620,400,0.25,0.16,0.04,0.01,False,True,False,False,False,False,False
720575940621567564,flow,afferent,10798,400,0.25,0.16,0.14285714285714285,0.01,False,True,False,False,False,False,False
720575940621567564,flow,afferent,10798,400,0.25,0.16,0.04,0.01,False,True,False,False,False,False,False
720575940603461478,flow,afferent,408,400,0.25,0.16,0.14285714285714285,0.01,True,True,True,False,True,False,False
720575940603461478,flow,afferent,408,400,0.25,0.16,0.04,0.01,True,True,True,False,True,False,False
720575940609082180,flow,afferent,2122,400,0.25,0.16,0.14285714285714285,0.01,True,True,False,True,True,True,False
720575940609082180,flow,afferent,2122,400,0.25,0.16,0.04,0.01,True,True,False,True,True,False,False
720575940613725371,flow,afferent,503,400,0.25,0.16,0.14285714285714285,0.01,False,True,True,False,True,True,False
720575940613725371,flow,afferent,503,400,0.25,0.16,0.04,0.01,False,True,True,False,False,True,False
720575940625363808,flow,afferent,1378,400,0.25,0.16,0.14285714285714285,0.01,False,True,True,False,True,True,False
720575940625363808,flow,afferent,1378,400,0.25,0.16,0.04,0.01,False,True,True,False,False,True,False
720575940628971008,flow,afferent,794,400,0.25,0.16,0.14285714285714285,0.01,True,True,False,False,True,False,False
720575940628971008,flow,afferent,794,400,0.25,0.16,0.04,0.01,False,True,False,False,True,False,False
720575940639654515,flow,afferent,5709,400,0.25,0.16,0.14285714285714285,0.01,True,True,True,False,False,False,False
720575940639654515,flow,afferent,5709,400,0.25,0.16,0.04,0.01,False,True,False,False,False,False,False
720575940620589147,flow,afferent,3806,400,0.25,0.16,0.14285714285714285,0.01,True,True,True,False,False,False,False
720575940620589147,flow,afferent,3806,400,0.25,0.16,0.04,0.01,True,True,True,False,False,False,False
720575940625844474,flow,afferent,789,400,0.25,0.16,0.14285714285714285,0.01,True,True,True,False,True,True,False
720575940625844474,flow,afferent,789,400,0.25,0.16,0.04,0.01,True,True,True,False,True,False,False
720575940626008160,flow,afferent,517,400,0.25,0.16,0.14285714285714285,0.01,False,True,True,False,True,False,False
720575940626008160,flow,afferent,517,400,0.25,0.16,0.04,0.01,False,True,False,False,True,False,False
720575940613584652,flow,afferent,506,400,0.25,0.16,0.14285714285714285,0.01,True,True,True,False,True,True,False
720575940613584652,flow,afferent,506,400,0.25,0.16,0.04,0.01,True,True,True,False,True,True,False
720575940637218672,flow,afferent,4501,400,0.25,0.16,0.14285714285714285,0.01,True,True,False,False,True,True,False
720575940637218672,flow,afferent,4501,400,0.25,0.16,0.04,0.01,False,True,False,False,True,True,False
720575940620882603,flow,afferent,7305,400,0.25,0.16,0.14285714285714285,0.01,True,True,True,False,True,False,False
720575940620882603,flow,afferent,7305,400,0.25,0.16,0.04,0.01,True,True,False,False,True,False,False
720575940626551707,flow,afferent,1315,400,0.25,0.16,0.14285714285714285,0.01,False,True,True,False,False,False,False
720575940626551707,flow,afferent,1315,400,0.25,0.16,0.04,0.01,False,True,True,False,False,False,False
720575940614132177,flow,afferent,592,400,0.25,0.16,0.14285714285714285,0.01,False,True,False,False,False,False,False
720575940614132177,flow,afferent,592,400,0.25,0.16,0.04,0.01,False,True,False,False,False,False,False
720575940627245992,flow,afferent,1161,400,0.25,0.16,0.14285714285714285,0.01,False,True,False,False,True,False,False
720575940627245992,flow,afferent,1161,400,0.25,0.16,0.04,0.01,False,True,False,False,True,False,False
720575940618388614,flow,afferent,613,400,0.25,0.16,0.14285714285714285,0.01,False,True,True,False,False,False,False
720575940618388614,flow,afferent,613,400,0.25,0.16,0.04,0.01,False,True,True,False,False,False,False
720575940627333826,flow,afferent,2390,400,0.25,0.16,0.14285714285714285,0.01,True,True,False,False,True,False,False
720575940627333826,flow,afferent,2390,400,0.25,0.16,0.04,0.01,True,True,False,False,False,False,False
720575940638744804,flow,afferent,1963,400,0.25,0.16,0.14285714285714285,0.01,True,True,False,False,True,True,False
720575940638744804,flow,afferent,1963,400,0.25,0.16,0.04,0.01,True,True,False,False,True,True,False
720575940628631639,flow,afferent,3193,400,0.25,0.16,0.14285714285714285,0.01,False,True,True,False,False,False,False
720575940628631639,flow,afferent,3193,400,0.25,0.16,0.04,0.01,False,True,True,False,False,False,False
720575940625729342,flow,afferent,915,400,0.25,0.16,0.14285714285714285,0.01,True,True,False,False,True,False,False
720575940625729342,flow,afferent,915,400,0.25,0.16,0.04,0.01,False,True,False,False,True,False,False
720575940622871117,flow,afferent,644,400,0.25,0.16,0.14285714285714285,0.01,False,True,False,False,True,False,False
720575940622871117,flow,afferent,644,400,0.25,0.16,0.04,0.01,False,True,False,False,True,False,False
720575940611932586,flow,afferent,20903,400,0.25,0.16,0.14285714285714285,0.01,False,True,True,False,False,False,False
720575940611932586,flow,afferent,20903,400,0.25,0.16,0.04,0.01,False,True,True,False,False,False,False
720575940628397775,flow,afferent,7362,400,0.25,0.16,0.14285714285714285,0.01,False,True,False,True,True,True,False
720575940628397775,flow,afferent,7362,400,0.25,0.16,0.04,0.01,False,True,False,True,True,True,False
720575940612508133,flow,afferent,2294,400,0.25,0.16,0.14285714285714285,0.01,False,True,False,False,True,False,False
720575940612508133,flow,afferent,2294,400,0.25,0.16,0.04,0.01,False,True,False,False,True,False,False
720575940612469654,flow,afferent,652,400,0.25,0.16,0.14285714285714285,0.01,True,True,True,False,True,False,False
720575940612469654,flow,afferent,652,400,0.25,0.16,0.04,0.01,True,True,True,False,False,False,False
720575940625804008,flow,afferent,1084,400,0.25,0.16,0.14285714285714285,0.01,True,True,True,False,True,True,False
720575940625804008,flow,afferent,1084,400,0.25,0.16,0.04,0.01,True,True,True,False,False,False,False
720575940634243775,flow,afferent,6735,400,0.25,0.16,0.14285714285714285,0.01,True,True,True,False,True,True,False
720575940634243775,flow,afferent,6735,400,0.25,0.16,0.04,0.01,False,True,False,False,True,False,False
720575940638441525,flow,afferent,4482,400,0.25,0.16,0.14285714285714285,0.01,True,True,True,False,False,False,False
720575940638441525,flow,afferent,4482,400,0.25,0.16,0.04,0.01,True,True,True,False,False,False,False
720575940619410303,flow,afferent,1656,400,0.25,0.16,0.14285714285714285,0.01,True,True,False,False,False,False,False
720575940619410303,flow,afferent,1656,400,0.25,0.16,0.04,0.01,False,True,False,False,False,False,False
720575940627083080,flow,afferent,694,400,0.25,0.16,0.14285714285714285,0.01,False,True,False,False,True,True,False
720575940627083080,flow,afferent,694,400,0.25,0.16,0.04,0.01,False,True,False,False,True,False,False
720575940613194818,flow,afferent,422,400,0.25,0.16,0.14285714285714285,0.01,False,True,True,False,True,False,False
720575940613194818,flow,afferent,422,400,0.25,0.16,0.04,0.01,False,True,True,False,True,False,False
720575940622020613,flow,afferent,884,400,0.25,0.16,0.14285714285714285,0.01,False,True,False,False,True,False,False
720575940622020613,flow,afferent,884,400,0.25,0.16,0.04,0.01,False,True,False,False,False,False,False
720575940619737876,flow,afferent,611,400,0.25,0.16,0.14285714285714285,0.01,False,True,True,False,True,False,False
720575940619737876,flow,afferent,611,400,0.25,0.16,0.04,0.01,False,True,True,False,True,False,False
720575940616001036,flow,afferent,6156,400,0.25,0.16,0.14285714285714285,0.01,False,True,True,False,True,True,False
720575940616001036,flow,afferent,6156,400,0.25,0.16,0.04,0.01,False,True,True,False,True,False,False
720575940606603186,flow,afferent,5311,400,0.25,0.16,0.14285714285714285,0.01,False,True,True,False,True,True,False
720575940606603186,flow,afferent,5311,400,0.25,0.16,0.04,0.01,False,True,False,False,True,True,False
720575940652563361,flow,afferent,4482,400,0.25,0.16,0.14285714285714285,0.01,False,True,False,False,False,False,False
720575940652563361,flow,afferent,4482,400,0.25,0.16,0.04,0.01,False,True,False,False,False,False,False
720575940629163820,flow,afferent,1193,400,0.25,0.16,0.14285714285714285,0.01,False,True,True,False,True,True,False
720575940629163820,flow,afferent,1193,400,0.25,0.16,0.04,0.01,False,True,True,False,True,True,False
720575940630670893,flow,afferent,5090,400,0.25,0.16,0.14285714285714285,0.01,False,True,True,False,False,False,False
720575940630670893,flow,afferent,5090,400,0.25,0.16,0.04,0.01,False,True,True,False,False,False,False
720575940626271806,flow,afferent,1918,400,0.25,0.16,0.14285714285714285,0.01,True,True,True,False,False,False,False
720575940626271806,flow,afferent,1918,400,0.25,0.16,0.04,0.01,True,True,True,False,False,False,False
720575940621166625,flow,afferent,8131,400,0.25,0.16,0.14285714285714285,0.01,True,True,True,False,False,False,False
720575940621166625,flow,afferent,8131,400,0.25,0.16,0.04,0.01,True,True,True,False,False,False,False
720575940631365089,flow,afferent,778,400,0.25,0.16,0.14285714285714285,0.01,False,True,True,False,False,False,False
720575940631365089,flow,afferent,778,400,0.25,0.16,0.04,0.01,False,True,True,False,False,False,False
720575940631943008,flow,afferent,980,400,0.25,0.16,0.14285714285714285,0.01,False,True,True,False,True,True,False
720575940631943008,flow,afferent,980,400,0.25,0.16,0.04,0.01,False,True,True,False,False,True,False
720575940610158821,flow,afferent,473,400,0.25,0.16,0.14285714285714285,0.01,True,True,True,False,True,False,False
720575940610158821,flow,afferent,473,400,0.25,0.16,0.04,0.01,True,True,True,False,True,False,False
720575940614138163,flow,afferent,5082,400,0.25,0.16,0.14285714285714285,0.01,False,True,True,False,True,True,False
720575940614138163,flow,afferent,5082,400,0.25,0.16,0.04,0.01,False,True,False,False,True,False,False
720575940631958368,flow,afferent,645,400,0.25,0.16,0.14285714285714285,0.01,True,True,False,False,True,False,False
720575940631958368,flow,afferent,645,400,0.25,0.16,0.04,0.01,True,True,False,False,False,False,False
720575940631976544,flow,afferent,620,400,0.25,0.16,0.14285714285714285,0.01,True,True,False,False,False,False,False
720575940631976544,flow,afferent,620,400,0.25,0.16,0.04,0.01,False,True,False,False,False,False,False
720575940627640817,flow,afferent,9848,400,0.25,0.16,0.14285714285714285,0.01,False,True,False,False,False,False,False
720575940627640817,flow,afferent,9848,400,0.25,0.16,0.04,0.01,False,True,False,False,False,False,False
720575940615646109,flow,afferent,883,400,0.25,0.16,0.14285714285714285,0.01,False,True,False,False,False,False,False
720575940615646109,flow,afferent,883,400,0.25,0.16,0.04,0.01,False,True,False,False,False,False,False
720575940613586700,flow,afferent,598,400,0.25,0.16,0.14285714285714285,0.01,False,True,False,False,False,False,False
720575940613586700,flow,afferent,598,400,0.25,0.16,0.04,0.01,False,True,False,False,False,False,False
720575940631978592,flow,afferent,1099,400,0.25,0.16,0.14285714285714285,0.01,False,True,False,False,False,True,False
720575940631978592,flow,afferent,1099,400,0.25,0.16,0.04,0.01,False,True,False,False,False,False,False
720575940622345471,flow,afferent,752,400,0.25,0.16,0.14285714285714285,0.01,True,True,True,False,True,True,False
720575940622345471,flow,afferent,752,400,0.25,0.16,0.04,0.01,True,True,True,False,True,True,False
720575940628116183,flow,afferent,1371,400,0.25,0.16,0.14285714285714285,0.01,False,True,False,False,False,True,False
720575940628116183,flow,afferent,1371,400,0.25,0.16,0.04,0.01,False,True,False,False,False,False,False
720575940615949836,flow,afferent,8570,400,0.25,0.16,0.14285714285714285,0.01,False,True,False,False,False,False,False
720575940615949836,flow,afferent,8570,400,0.25,0.16,0.04,0.01,False,True,False,False,False,False,False
720575940612718563,flow,afferent,89838,400,0.25,0.16,0.14285714285714285,0.01,True,True,True,False,False,False,False
720575940612718563,flow,afferent,89838,400,0.25,0.16,0.04,0.01,True,True,True,False,False,False,False
720575940620637576,flow,afferent,1006,400,0.25,0.16,0.14285714285714285,0.01,False,True,False,False,False,False,False
720575940620637576,flow,afferent,1006,400,0.25,0.16,0.04,0.01,False,True,False,False,False,False,False
720575940624791941,flow,afferent,1176,400,0.25,0.16,0.14285714285714285,0.01,True,True,True,False,False,False,False
720575940624791941,flow,afferent,1176,400,0.25,0.16,0.04,0.01,True,True,True,False,False,False,False
720575940605076401,flow,afferent,7544,400,0.25,0.16,0.14285714285714285,0.01,False,True,True,False,False,False,False
720575940605076401,flow,afferent,7544,400,0.25,0.16,0.04,0.01,False,True,False,False,False,False,False
720575940619411327,flow,afferent,3951,400,0.25,0.16,0.14285714285714285,0.01,False,True,True,False,False,False,False
720575940619411327,flow,afferent,3951,400,0.25,0.16,0.04,0.01,False,True,False,False,False,False,False
720575940613981330,flow,afferent,12543,400,0.25,0.16,0.14285714285714285,0.01,True,True,True,False,True,False,False
720575940613981330,flow,afferent,12543,400,0.25,0.16,0.04,0.01,False,True,True,False,True,False,False
720575940633475695,flow,afferent,678,400,0.25,0.16,0.14285714285714285,0.01,False,True,True,False,True,False,False
720575940633475695,flow,afferent,678,400,0.25,0.16,0.04,0.01,False,True,True,False,True,False,False
720575940628064016,flow,afferent,1906,400,0.25,0.16,0.14285714285714285,0.01,False,True,True,False,True,True,False
720575940628064016,flow,afferent,1906,400,0.25,0.16,0.04,0.01,False,True,True,False,True,False,False
720575940632126412,flow,afferent,4556,400,0.25,0.16,0.14285714285714285,0.01,True,True,True,False,True,False,False
720575940632126412,flow,afferent,4556,400,0.25,0.16,0.04,0.01,True,True,True,False,False,False,False
720575940624810270,flow,afferent,1477,400,0.25,0.16,0.14285714285714285,0.01,False,True,True,False,True,True,False
720575940624810270,flow,afferent,1477,400,0.25,0.16,0.04,0.01,False,True,True,False,True,True,False
720575940633507637,flow,afferent,2372,400,0.25,0.16,0.14285714285714285,0.01,True,True,True,False,False,False,False
720575940633507637,flow,afferent,2372,400,0.25,0.16,0.04,0.01,True,True,True,False,False,False,False
720575940633569903,flow,afferent,1351,400,0.25,0.16,0.14285714285714285,0.01,True,True,True,False,True,True,False
720575940633569903,flow,afferent,1351,400,0.25,0.16,0.04,0.01,True,True,True,False,True,False,False
720575940633284276,flow,afferent,2389,400,0.25,0.16,0.14285714285714285,0.01,True,True,True,False,True,False,False
720575940633284276,flow,afferent,2389,400,0.25,0.16,0.04,0.01,False,False,True,False,False,False,False
720575940618398878,flow,afferent,4433,400,0.25,0.16,0.14285714285714285,0.01,True,True,True,False,True,True,False
720575940618398878,flow,afferent,4433,400,0.25,0.16,0.04,0.01,False,True,False,False,True,False,False
720575940620294420,flow,afferent,2709,400,0.25,0.16,0.14285714285714285,0.01,True,True,True,False,False,False,False
720575940620294420,flow,afferent,2709,400,0.25,0.16,0.04,0.01,True,True,True,False,False,False,False
720575940637568613,flow,afferent,3476,400,0.25,0.16,0.14285714285714285,0.01,False,True,True,False,False,False,False
720575940637568613,flow,afferent,3476,400,0.25,0.16,0.04,0.01,False,True,False,False,False,False,False
720575940637650830,flow,afferent,7409,400,0.25,0.16,0.14285714285714285,0.01,False,True,False,False,True,False,False
720575940637650830,flow,afferent,7409,400,0.25,0.16,0.04,0.01,False,True,False,False,False,False,False
720575940634332570,flow,afferent,10632,400,0.25,0.16,0.14285714285714285,0.01,True,True,True,False,True,True,False
720575940634332570,flow,afferent,10632,400,0.25,0.16,0.04,0.01,False,True,True,False,False,True,False
720575940638637022,flow,afferent,3097,400,0.25,0.16,0.14285714285714285,0.01,False,True,True,False,True,False,False
720575940638637022,flow,afferent,3097,400,0.25,0.16,0.04,0.01,False,True,True,False,False,False,False
720575940619066625,flow,afferent,1122,400,0.25,0.16,0.14285714285714285,0.01,False,True,False,False,True,False,False
720575940619066625,flow,afferent,1122,400,0.25,0.16,0.04,0.01,False,True,False,False,True,False,False
720575940645187784,flow,afferent,7317,400,0.25,0.16,0.14285714285714285,0.01,False,True,False,False,True,False,False
720575940645187784,flow,afferent,7317,400,0.25,0.16,0.04,0.01,False,True,False,False,False,False,False
720575940631958615,flow,afferent,1204,400,0.25,0.16,0.14285714285714285,0.01,False,True,False,False,True,False,False
720575940631958615,flow,afferent,1204,400,0.25,0.16,0.04,0.01,False,True,False,False,False,False,False
720575940611444633,flow,afferent,975,400,0.25,0.16,0.14285714285714285,0.01,False,True,False,False,True,False,False
720575940611444633,flow,afferent,975,400,0.25,0.16,0.04,0.01,False,True,False,False,True,False,False
720575940610624682,flow,afferent,2884,400,0.25,0.16,0.14285714285714285,0.01,True,True,True,False,False,False,False
720575940610624682,flow,afferent,2884,400,0.25,0.16,0.04,0.01,True,True,True,False,False,False,False
720575940608787413,flow,afferent,3404,400,0.25,0.16,0.14285714285714285,0.01,False,True,False,False,True,True,False
720575940608787413,flow,afferent,3404,400,0.25,0.16,0.04,0.01,False,True,False,False,True,False,False
720575940622488103,flow,afferent,2175,400,0.25,0.16,0.14285714285714285,0.01,False,True,True,False,True,True,False
720575940622488103,flow,afferent,2175,400,0.25,0.16,0.04,0.01,False,True,True,False,True,False,False
720575940622949820,flow,afferent,2517,400,0.25,0.16,0.14285714285714285,0.01,False,True,False,False,True,True,False
720575940622949820,flow,afferent,2517,400,0.25,0.16,0.04,0.01,False,True,False,False,False,False,False
720575940610039219,flow,afferent,1186,400,0.25,0.16,0.14285714285714285,0.01,False,True,False,False,False,True,False
720575940610039219,flow,afferent,1186,400,0.25,0.16,0.04,0.01,False,True,False,False,False,False,False
720575940615040662,flow,afferent,727,400,0.25,0.16,0.14285714285714285,0.01,False,True,True,False,True,True,False
720575940615040662,flow,afferent,727,400,0.25,0.16,0.04,0.01,False,True,True,False,True,False,False
720575940627137223,flow,afferent,4555,400,0.25,0.16,0.14285714285714285,0.01,True,True,False,False,False,False,False
720575940627137223,flow,afferent,4555,400,0.25,0.16,0.04,0.01,False,True,False,False,False,False,False
720575940639190205,flow,afferent,2823,400,0.25,0.16,0.14285714285714285,0.01,True,True,True,True,True,False,False
720575940639190205,flow,afferent,2823,400,0.25,0.16,0.04,0.01,True,True,True,True,True,False,False
720575940615964614,flow,afferent,5003,400,0.25,0.16,0.14285714285714285,0.01,True,True,True,False,False,False,False
720575940615964614,flow,afferent,5003,400,0.25,0.16,0.04,0.01,True,True,True,False,False,False,False
720575940611562393,flow,afferent,10235,400,0.25,0.16,0.14285714285714285,0.01,False,True,False,False,True,False,False
720575940611562393,flow,afferent,10235,400,0.25,0.16,0.04,0.01,False,True,False,False,False,False,False
720575940634138743,flow,afferent,706,400,0.25,0.16,0.14285714285714285,0.01,False,True,False,False,True,False,False
720575940634138743,flow,afferent,706,400,0.25,0.16,0.04,0.01,False,True,False,False,True,False,False
720575940612312499,flow,afferent,898,400,0.25,0.16,0.14285714285714285,0.01,False,False,False,True,True,False,False
720575940612312499,flow,afferent,898,400,0.25,0.16,0.04,0.01,False,False,False,False,True,False,False
720575940644751908,flow,afferent,1077,400,0.25,0.16,0.14285714285714285,0.01,False,True,False,False,True,False,False
720575940644751908,flow,afferent,1077,400,0.25,0.16,0.04,0.01,False,True,False,False,False,False,False
720575940621590237,flow,afferent,2696,400,0.25,0.16,0.14285714285714285,0.01,True,True,True,False,False,False,False
720575940621590237,flow,afferent,2696,400,0.25,0.16,0.04,0.01,True,True,True,False,False,False,False
720575940614784710,flow,afferent,4070,400,0.25,0.16,0.14285714285714285,0.01,True,True,True,False,True,False,False
720575940614784710,flow,afferent,4070,400,0.25,0.16,0.04,0.01,True,True,True,False,False,False,False
720575940616414859,flow,afferent,13798,400,0.25,0.16,0.14285714285714285,0.01,True,True,False,True,False,False,False
720575940616414859,flow,afferent,13798,400,0.25,0.16,0.04,0.01,False,True,False,False,False,False,False
720575940639140341,flow,afferent,11192,400,0.25,0.16,0.14285714285714285,0.01,True,True,True,False,False,False,False
720575940639140341,flow,afferent,11192,400,0.25,0.16,0.04,0.01,True,True,True,False,False,False,False
720575940630456028,flow,afferent,2143,400,0.25,0.16,0.14285714285714285,0.01,False,True,False,False,True,True,False
720575940630456028,flow,afferent,2143,400,0.25,0.16,0.04,0.01,False,True,False,False,True,False,False
720575940623755312,flow,afferent,5644,400,0.25,0.16,0.14285714285714285,0.01,True,True,True,False,True,True,False
720575940623755312,flow,afferent,5644,400,0.25,0.16,0.04,0.01,False,True,True,False,True,False,False
720575940638800437,flow,afferent,10918,400,0.25,0.16,0.14285714285714285,0.01,False,True,False,False,False,False,False
720575940638800437,flow,afferent,10918,400,0.25,0.16,0.04,0.01,False,True,False,False,False,False,False
720575940622160460,flow,afferent,14239,400,0.25,0.16,0.14285714285714285,0.01,True,True,False,False,False,False,False
720575940622160460,flow,afferent,14239,400,0.25,0.16,0.04,0.01,True,False,False,False,False,False,False
720575940631672268,flow,afferent,6558,400,0.25,0.16,0.14285714285714285,0.01,True,True,True,False,False,False,False
720575940631672268,flow,afferent,6558,400,0.25,0.16,0.04,0.01,True,True,True,False,False,False,False
720575940628422139,flow,afferent,4003,400,0.25,0.16,0.14285714285714285,0.01,False,True,True,False,True,False,False
720575940628422139,flow,afferent,4003,400,0.25,0.16,0.04,0.01,False,True,False,False,False,False,False
720575940622756536,flow,afferent,529,400,0.25,0.16,0.14285714285714285,0.01,True,True,True,False,False,True,False
720575940622756536,flow,afferent,529,400,0.25,0.16,0.04,0.01,True,True,True,False,False,True,False
720575940617076052,flow,afferent,4650,400,0.25,0.16,0.14285714285714285,0.01,True,True,True,False,False,False,False
720575940617076052,flow,afferent,4650,400,0.25,0.16,0.04,0.01,False,True,False,False,False,False,False
720575940638250293,flow,afferent,3382,400,0.25,0.16,0.14285714285714285,0.01,True,True,False,False,True,False,False
720575940638250293,flow,afferent,3382,400,0.25,0.16,0.04,0.01,False,True,False,False,False,False,False
720575940622904094,flow,afferent,1289,400,0.25,0.16,0.14285714285714285,0.01,False,True,True,False,False,False,False
720575940622904094,flow,afferent,1289,400,0.25,0.16,0.04,0.01,False,True,False,False,False,False,False
720575940640281653,flow,afferent,1309,400,0.25,0.16,0.14285714285714285,0.01,True,True,False,False,False,False,False
720575940640281653,flow,afferent,1309,400,0.25,0.16,0.04,0.01,True,True,False,False,False,False,False
720575940618647768,flow,afferent,481,400,0.25,0.16,0.14285714285714285,0.01,True,True,True,False,True,False,False
720575940618647768,flow,afferent,481,400,0.25,0.16,0.04,0.01,True,True,True,False,True,False,False
720575940613524973,flow,afferent,4674,400,0.25,0.16,0.14285714285714285,0.01,True,True,True,False,True,True,False
720575940613524973,flow,afferent,4674,400,0.25,0.16,0.04,0.01,False,True,True,False,False,True,False
720575940622303446,flow,afferent,27244,400,0.25,0.16,0.14285714285714285,0.01,False,True,True,False,True,False,False
720575940622303446,flow,afferent,27244,400,0.25,0.16,0.04,0.01,False,True,False,False,False,False,False
720575940627963947,flow,afferent,1867,400,0.25,0.16,0.14285714285714285,0.01,False,True,False,False,True,False,False
720575940627963947,flow,afferent,1867,400,0.25,0.16,0.04,0.01,False,True,False,False,False,False,False
720575940623315856,flow,afferent,1585,400,0.25,0.16,0.14285714285714285,0.01,True,True,True,False,False,False,False
720575940623315856,flow,afferent,1585,400,0.25,0.16,0.04,0.01,True,True,True,False,False,False,False
720575940623426192,flow,afferent,1864,400,0.25,0.16,0.14285714285714285,0.01,False,True,True,False,True,True,False
720575940623426192,flow,afferent,1864,400,0.25,0.16,0.04,0.01,False,True,False,False,True,True,False
720575940623538884,flow,afferent,486,400,0.25,0.16,0.14285714285714285,0.01,False,True,False,False,True,True,False
720575940623538884,flow,afferent,486,400,0.25,0.16,0.04,0.01,False,True,False,False,True,True,False
720575940623626288,flow,afferent,909,400,0.25,0.16,0.14285714285714285,0.01,True,True,True,False,True,True,False
720575940623626288,flow,afferent,909,400,0.25,0.16,0.04,0.01,False,True,True,False,True,True,False
720575940612775130,flow,afferent,6495,400,0.25,0.16,0.14285714285714285,0.01,True,True,True,False,True,True,False
720575940612775130,flow,afferent,6495,400,0.25,0.16,0.04,0.01,True,True,False,False,False,False,False
720575940635754853,flow,afferent,7808,400,0.25,0.16,0.14285714285714285,0.01,False,True,False,False,False,True,False
720575940635754853,flow,afferent,7808,400,0.25,0.16,0.04,0.01,False,True,False,False,False,False,False
720575940628114684,flow,afferent,2241,400,0.25,0.16,0.14285714285714285,0.01,True,True,True,False,True,True,False
720575940628114684,flow,afferent,2241,400,0.25,0.16,0.04,0.01,True,True,True,False,False,False,False
720575940637160937,flow,afferent,8611,400,0.25,0.16,0.14285714285714285,0.01,False,True,True,False,True,False,False
720575940637160937,flow,afferent,8611,400,0.25,0.16,0.04,0.01,False,True,False,False,False,False,False
720575940619266183,flow,afferent,1845,400,0.25,0.16,0.14285714285714285,0.01,False,True,True,False,True,True,False
720575940619266183,flow,afferent,1845,400,0.25,0.16,0.04,0.01,False,False,True,False,False,True,False
720575940623804260,flow,afferent,4543,400,0.25,0.16,0.14285714285714285,0.01,False,True,False,False,False,False,False
720575940623804260,flow,afferent,4543,400,0.25,0.16,0.04,0.01,False,True,False,False,False,False,False
720575940608276949,flow,afferent,979,400,0.25,0.16,0.14285714285714285,0.01,True,True,True,False,True,True,False
720575940608276949,flow,afferent,979,400,0.25,0.16,0.04,0.01,False,True,True,False,True,True,False
720575940627064420,flow,afferent,10535,400,0.25,0.16,0.14285714285714285,0.01,True,True,True,False,False,False,False
720575940627064420,flow,afferent,10535,400,0.25,0.16,0.04,0.01,False,True,False,False,False,False,False
720575940630461302,flow,afferent,841,400,0.25,0.16,0.14285714285714285,0.01,False,True,False,False,True,False,False
720575940630461302,flow,afferent,841,400,0.25,0.16,0.04,0.01,False,True,False,False,True,False,False
720575940610610990,flow,afferent,4754,400,0.25,0.16,0.14285714285714285,0.01,False,True,True,False,True,True,False
720575940610610990,flow,afferent,4754,400,0.25,0.16,0.04,0.01,False,True,True,False,True,False,False
720575940626651691,flow,afferent,10645,400,0.25,0.16,0.14285714285714285,0.01,False,True,True,False,False,False,False
720575940626651691,flow,afferent,10645,400,0.25,0.16,0.04,0.01,False,True,False,False,False,False,False
720575940633432568,flow,afferent,752,400,0.25,0.16,0.14285714285714285,0.01,False,True,True,False,True,False,False
720575940633432568,flow,afferent,752,400,0.25,0.16,0.04,0.01,False,True,False,False,True,False,False
720575940637629016,flow,afferent,2554,400,0.25,0.16,0.14285714285714285,0.01,True,True,True,False,False,False,False
720575940637629016,flow,afferent,2554,400,0.25,0.16,0.04,0.01,True,True,True,False,False,False,False
720575940620887536,flow,afferent,10275,400,0.25,0.16,0.14285714285714285,0.01,True,True,True,True,False,False,False
720575940620887536,flow,afferent,10275,400,0.25,0.16,0.04,0.01,False,True,True,False,False,False,False
720575940624912535,flow,afferent,2998,400,0.25,0.16,0.14285714285714285,0.01,False,True,False,False,False,False,False
720575940624912535,flow,afferent,2998,400,0.25,0.16,0.04,0.01,False,True,False,False,False,False,False
720575940609025092,flow,afferent,1108,400,0.25,0.16,0.14285714285714285,0.01,False,True,True,True,False,False,False
720575940609025092,flow,afferent,1108,400,0.25,0.16,0.04,0.01,False,True,True,False,False,False,False
720575940620192677,flow,afferent,8502,400,0.25,0.16,0.14285714285714285,0.01,True,True,True,True,False,False,False
720575940620192677,flow,afferent,8502,400,0.25,0.16,0.04,0.01,True,True,True,True,False,False,False
720575940608073602,flow,afferent,4356,400,0.25,0.16,0.14285714285714285,0.01,False,True,True,False,True,False,False
720575940608073602,flow,afferent,4356,400,0.25,0.16,0.04,0.01,False,True,True,False,True,False,False
720575940637993542,flow,afferent,9846,400,0.25,0.16,0.14285714285714285,0.01,False,True,False,False,False,False,False
720575940637993542,flow,afferent,9846,400,0.25,0.16,0.04,0.01,False,True,False,False,False,False,False
720575940626985220,flow,afferent,3097,400,0.25,0.16,0.14285714285714285,0.01,True,True,True,False,False,False,False
720575940626985220,flow,afferent,3097,400,0.25,0.16,0.04,0.01,True,True,False,False,False,False,False
720575940627283475,flow,afferent,1308,400,0.25,0.16,0.14285714285714285,0.01,False,True,False,False,True,False,False
720575940627283475,flow,afferent,1308,400,0.25,0.16,0.04,0.01,False,True,False,False,False,False,False
720575940635620709,flow,afferent,5936,400,0.25,0.16,0.14285714285714285,0.01,False,True,False,False,False,False,False
720575940635620709,flow,afferent,5936,400,0.25,0.16,0.04,0.01,False,True,False,False,False,False,False
720575940621523421,flow,afferent,4350,400,0.25,0.16,0.14285714285714285,0.01,True,True,True,False,False,False,False
720575940621523421,flow,afferent,4350,400,0.25,0.16,0.04,0.01,True,True,True,False,False,False,False
720575940659523969,flow,afferent,2181,400,0.25,0.16,0.14285714285714285,0.01,True,True,True,False,False,False,False
720575940659523969,flow,afferent,2181,400,0.25,0.16,0.04,0.01,True,True,True,False,False,False,False
720575940604912770,flow,afferent,917,400,0.25,0.16,0.14285714285714285,0.01,False,True,False,False,False,False,False
720575940604912770,flow,afferent,917,400,0.25,0.16,0.04,0.01,False,True,False,False,False,False,False
720575940627415827,flow,afferent,1368,400,0.25,0.16,0.14285714285714285,0.01,True,True,True,False,False,False,False
720575940627415827,flow,afferent,1368,400,0.25,0.16,0.04,0.01,True,True,True,False,False,False,False
720575940625065786,flow,afferent,2214,400,0.25,0.16,0.14285714285714285,0.01,True,True,True,False,False,False,False
720575940625065786,flow,afferent,2214,400,0.25,0.16,0.04,0.01,True,True,True,False,False,False,False
720575940632879917,flow,afferent,6906,400,0.25,0.16,0.14285714285714285,0.01,False,True,False,False,False,False,False
720575940632879917,flow,afferent,6906,400,0.25,0.16,0.04,0.01,False,True,False,False,False,False,False
720575940629810882,flow,afferent,766,400,0.25,0.16,0.14285714285714285,0.01,False,True,False,False,True,False,False
720575940629810882,flow,afferent,766,400,0.25,0.16,0.04,0.01,False,True,False,False,True,False,False
720575940625188741,flow,afferent,11621,400,0.25,0.16,0.14285714285714285,0.01,True,True,True,False,False,False,False
720575940625188741,flow,afferent,11621,400,0.25,0.16,0.04,0.01,False,True,True,False,False,False,False
720575940625328401,flow,afferent,869,400,0.25,0.16,0.14285714285714285,0.01,True,True,True,False,True,True,False
720575940625328401,flow,afferent,869,400,0.25,0.16,0.04,0.01,True,True,True,False,True,True,False
720575940619273126,flow,afferent,2891,400,0.25,0.16,0.14285714285714285,0.01,False,True,True,False,True,False,False
720575940619273126,flow,afferent,2891,400,0.25,0.16,0.04,0.01,False,True,False,False,True,False,False
720575940619981550,flow,afferent,1079,400,0.25,0.16,0.14285714285714285,0.01,True,True,False,False,True,False,False
720575940619981550,flow,afferent,1079,400,0.25,0.16,0.04,0.01,True,True,False,False,True,False,False
720575940625575592,flow,afferent,1075,400,0.25,0.16,0.14285714285714285,0.01,True,True,True,False,True,False,False
720575940625575592,flow,afferent,1075,400,0.25,0.16,0.04,0.01,True,True,True,False,True,False,False
720575940631454433,flow,afferent,2896,400,0.25,0.16,0.14285714285714285,0.01,True,True,False,False,True,True,False
720575940631454433,flow,afferent,2896,400,0.25,0.16,0.04,0.01,False,True,False,False,False,False,False
720575940625923527,flow,afferent,521,400,0.25,0.16,0.14285714285714285,0.01,False,True,False,False,False,False,False
720575940625923527,flow,afferent,521,400,0.25,0.16,0.04,0.01,False,True,False,False,False,False,False
720575940620672432,flow,afferent,5832,400,0.25,0.16,0.14285714285714285,0.01,True,True,True,False,True,True,False
720575940620672432,flow,afferent,5832,400,0.25,0.16,0.04,0.01,True,True,True,False,True,True,False
720575940626046282,flow,afferent,891,400,0.25,0.16,0.14285714285714285,0.01,False,True,True,False,True,True,False
720575940626046282,flow,afferent,891,400,0.25,0.16,0.04,0.01,False,True,True,False,True,False,False
720575940626148520,flow,afferent,4456,400,0.25,0.16,0.14285714285714285,0.01,True,True,False,False,False,False,False
720575940626148520,flow,afferent,4456,400,0.25,0.16,0.04,0.01,True,True,False,False,False,False,False
720575940628005676,flow,afferent,613,400,0.25,0.16,0.14285714285714285,0.01,True,True,True,False,False,False,False
720575940628005676,flow,afferent,613,400,0.25,0.16,0.04,0.01,True,True,True,False,False,False,False
720575940634325916,flow,afferent,1568,400,0.25,0.16,0.14285714285714285,0.01,False,True,False,False,True,False,False
720575940634325916,flow,afferent,1568,400,0.25,0.16,0.04,0.01,False,True,False,False,False,False,False
720575940611813362,flow,afferent,720,400,0.25,0.16,0.14285714285714285,0.01,True,True,False,False,True,False,False
720575940611813362,flow,afferent,720,400,0.25,0.16,0.04,0.01,False,True,False,False,True,False,False
720575940626232848,flow,afferent,1380,400,0.25,0.16,0.14285714285714285,0.01,True,True,True,False,False,False,False
720575940626232848,flow,afferent,1380,400,0.25,0.16,0.04,0.01,True,True,True,False,False,False,False
720575940626258448,flow,afferent,1342,400,0.25,0.16,0.14285714285714285,0.01,False,False,True,False,True,True,False
720575940626258448,flow,afferent,1342,400,0.25,0.16,0.04,0.01,False,False,True,False,False,False,False
720575940624138569,flow,afferent,509,400,0.25,0.16,0.14285714285714285,0.01,True,True,True,False,True,False,False
720575940624138569,flow,afferent,509,400,0.25,0.16,0.04,0.01,False,True,True,False,True,False,False
720575940623871015,flow,afferent,4886,400,0.25,0.16,0.14285714285714285,0.01,False,True,False,False,False,False,False
720575940623871015,flow,afferent,4886,400,0.25,0.16,0.04,0.01,False,True,False,False,False,False,False
720575940626654107,flow,afferent,1454,400,0.25,0.16,0.14285714285714285,0.01,False,True,True,False,True,False,False
720575940626654107,flow,afferent,1454,400,0.25,0.16,0.04,0.01,False,True,False,False,False,False,False
720575940626621317,flow,afferent,7536,400,0.25,0.16,0.14285714285714285,0.01,False,True,False,False,False,False,False
720575940626621317,flow,afferent,7536,400,0.25,0.16,0.04,0.01,False,True,False,False,False,False,False
720575940627513210,flow,afferent,3004,400,0.25,0.16,0.14285714285714285,0.01,False,True,False,False,True,True,False
720575940627513210,flow,afferent,3004,400,0.25,0.16,0.04,0.01,False,True,False,False,True,False,False
720575940627558082,flow,afferent,1686,400,0.25,0.16,0.14285714285714285,0.01,True,True,False,False,False,False,False
720575940627558082,flow,afferent,1686,400,0.25,0.16,0.04,0.01,True,True,False,False,False,False,False
720575940620232686,flow,afferent,5578,400,0.25,0.16,0.14285714285714285,0.01,False,True,True,False,False,True,False
720575940620232686,flow,afferent,5578,400,0.25,0.16,0.04,0.01,False,True,False,False,False,False,False
720575940632530913,flow,afferent,6472,400,0.25,0.16,0.14285714285714285,0.01,False,True,False,False,False,False,False
720575940632530913,flow,afferent,6472,400,0.25,0.16,0.04,0.01,False,True,False,False,False,False,False
720575940627718444,flow,afferent,1186,400,0.25,0.16,0.14285714285714285,0.01,False,False,True,True,True,True,False
720575940627718444,flow,afferent,1186,400,0.25,0.16,0.04,0.01,False,False,True,False,True,True,False
720575940618542808,flow,afferent,1162,400,0.25,0.16,0.14285714285714285,0.01,False,True,False,True,False,False,False
720575940618542808,flow,afferent,1162,400,0.25,0.16,0.04,0.01,False,True,False,False,False,False,False
720575940627904828,flow,afferent,901,400,0.25,0.16,0.14285714285714285,0.01,False,True,True,False,True,True,False
720575940627904828,flow,afferent,901,400,0.25,0.16,0.04,0.01,False,True,True,False,True,True,False
720575940612669933,flow,afferent,5531,400,0.25,0.16,0.14285714285714285,0.01,True,True,False,False,False,False,False
720575940612669933,flow,afferent,5531,400,0.25,0.16,0.04,0.01,True,True,False,False,False,False,False
720575940628034108,flow,afferent,1352,400,0.25,0.16,0.14285714285714285,0.01,False,True,True,False,True,True,False
720575940628034108,flow,afferent,1352,400,0.25,0.16,0.04,0.01,False,True,True,False,False,False,False
720575940628065852,flow,afferent,1212,400,0.25,0.16,0.14285714285714285,0.01,False,True,False,False,False,False,False
720575940628065852,flow,afferent,1212,400,0.25,0.16,0.04,0.01,False,True,False,False,False,False,False
720575940628074556,flow,afferent,1038,400,0.25,0.16,0.14285714285714285,0.01,True,True,True,False,True,True,False
720575940628074556,flow,afferent,1038,400,0.25,0.16,0.04,0.01,True,True,True,False,False,True,False
720575940626239881,flow,afferent,3771,400,0.25,0.16,0.14285714285714285,0.01,True,True,True,False,False,False,False
720575940626239881,flow,afferent,3771,400,0.25,0.16,0.04,0.01,True,True,True,False,False,False,False
720575940613977706,flow,afferent,1720,400,0.25,0.16,0.14285714285714285,0.01,False,True,False,False,False,False,False
720575940613977706,flow,afferent,1720,400,0.25,0.16,0.04,0.01,False,True,False,False,False,False,False
720575940628524150,flow,afferent,2631,400,0.25,0.16,0.14285714285714285,0.01,False,True,False,False,False,False,False
720575940628524150,flow,afferent,2631,400,0.25,0.16,0.04,0.01,False,True,False,False,False,False,False
720575940605662822,flow,afferent,2626,400,0.25,0.16,0.14285714285714285,0.01,False,True,True,False,True,False,False
720575940605662822,flow,afferent,2626,400,0.25,0.16,0.04,0.01,False,True,False,False,True,False,False
720575940626022218,flow,afferent,925,400,0.25,0.16,0.14285714285714285,0.01,True,True,False,False,True,True,False
720575940626022218,flow,afferent,925,400,0.25,0.16,0.04,0.01,False,True,False,False,True,True,False
720575940609265476,flow,afferent,2086,400,0.25,0.16,0.14285714285714285,0.01,True,False,True,False,False,False,False
720575940609265476,flow,afferent,2086,400,0.25,0.16,0.04,0.01,True,False,True,False,False,False,False
720575940628692055,flow,afferent,855,400,0.25,0.16,0.14285714285714285,0.01,True,True,True,False,True,True,False
720575940628692055,flow,afferent,855,400,0.25,0.16,0.04,0.01,True,True,True,False,False,False,False
720575940633366242,flow,afferent,2005,400,0.25,0.16,0.14285714285714285,0.01,False,True,False,False,True,True,False
720575940633366242,flow,afferent,2005,400,0.25,0.16,0.04,0.01,False,True,False,False,False,False,False
720575940629460986,flow,afferent,915,400,0.25,0.16,0.14285714285714285,0.01,False,True,False,False,False,False,False
720575940629460986,flow,afferent,915,400,0.25,0.16,0.04,0.01,False,True,False,False,False,False,False
720575940635989390,flow,afferent,1176,400,0.25,0.16,0.14285714285714285,0.01,False,True,False,False,False,False,False
720575940635989390,flow,afferent,1176,400,0.25,0.16,0.04,0.01,False,True,False,False,False,False,False
720575940629264938,flow,afferent,7737,400,0.25,0.16,0.14285714285714285,0.01,False,True,True,False,False,False,False
720575940629264938,flow,afferent,7737,400,0.25,0.16,0.04,0.01,False,True,True,False,False,False,False
720575940627137540,flow,afferent,5573,400,0.25,0.16,0.14285714285714285,0.01,True,True,True,False,False,False,False
720575940627137540,flow,afferent,5573,400,0.25,0.16,0.04,0.01,True,True,True,False,False,False,False
720575940605075116,flow,afferent,1051,400,0.25,0.16,0.14285714285714285,0.01,True,True,True,False,True,True,False
720575940605075116,flow,afferent,1051,400,0.25,0.16,0.04,0.01,True,True,True,False,True,False,False
720575940610125688,flow,afferent,20876,400,0.25,0.16,0.14285714285714285,0.01,True,True,True,False,False,False,False
720575940610125688,flow,afferent,20876,400,0.25,0.16,0.04,0.01,True,True,True,False,False,False,False
720575940608672092,flow,afferent,1040,400,0.25,0.16,0.14285714285714285,0.01,True,True,False,False,True,False,False
720575940608672092,flow,afferent,1040,400,0.25,0.16,0.04,0.01,True,True,False,False,True,False,False
720575940629593401,flow,afferent,873,400,0.25,0.16,0.14285714285714285,0.01,True,True,False,False,True,True,False
720575940629593401,flow,afferent,873,400,0.25,0.16,0.04,0.01,True,True,False,False,True,True,False
720575940623900052,flow,afferent,1947,400,0.25,0.16,0.14285714285714285,0.01,True,False,True,False,False,False,False
720575940623900052,flow,afferent,1947,400,0.25,0.16,0.04,0.01,True,False,True,False,False,False,False
720575940624888445,flow,afferent,710,400,0.25,0.16,0.14285714285714285,0.01,False,True,False,False,False,False,False
720575940624888445,flow,afferent,710,400,0.25,0.16,0.04,0.01,False,True,False,False,False,False,False
720575940629676857,flow,afferent,904,400,0.25,0.16,0.14285714285714285,0.01,False,True,True,False,True,True,False
720575940629676857,flow,afferent,904,400,0.25,0.16,0.04,0.01,False,True,True,False,False,False,False
720575940631811097,flow,afferent,1652,400,0.25,0.16,0.14285714285714285,0.01,False,True,False,False,True,False,False
720575940631811097,flow,afferent,1652,400,0.25,0.16,0.04,0.01,False,True,False,False,True,False,False
720575940629459420,flow,afferent,1631,400,0.25,0.16,0.14285714285714285,0.01,True,True,True,False,True,True,False
720575940629459420,flow,afferent,1631,400,0.25,0.16,0.04,0.01,True,True,True,False,False,False,False
720575940626217744,flow,afferent,2972,400,0.25,0.16,0.14285714285714285,0.01,False,True,True,False,True,True,False
720575940626217744,flow,afferent,2972,400,0.25,0.16,0.04,0.01,False,True,False,False,True,True,False
720575940629810316,flow,afferent,815,400,0.25,0.16,0.14285714285714285,0.01,False,True,False,False,False,False,False
720575940629810316,flow,afferent,815,400,0.25,0.16,0.04,0.01,False,True,False,False,False,False,False
720575940626582095,flow,afferent,787,400,0.25,0.16,0.14285714285714285,0.01,True,True,True,False,True,True,False
720575940626582095,flow,afferent,787,400,0.25,0.16,0.04,0.01,True,True,True,False,False,False,False
720575940637635429,flow,afferent,6267,400,0.25,0.16,0.14285714285714285,0.01,True,True,False,False,True,False,False
720575940637635429,flow,afferent,6267,400,0.25,0.16,0.04,0.01,True,True,False,False,False,False,False
720575940623222185,flow,afferent,1322,400,0.25,0.16,0.14285714285714285,0.01,True,True,True,False,False,True,False
720575940623222185,flow,afferent,1322,400,0.25,0.16,0.04,0.01,True,True,True,False,False,False,False
720575940619625792,flow,afferent,1278,400,0.25,0.16,0.14285714285714285,0.01,False,True,True,False,True,True,False
720575940619625792,flow,afferent,1278,400,0.25,0.16,0.04,0.01,False,True,False,False,True,True,False
720575940615669826,flow,afferent,4625,400,0.25,0.16,0.14285714285714285,0.01,False,True,False,False,True,False,False
720575940615669826,flow,afferent,4625,400,0.25,0.16,0.04,0.01,False,True,False,False,False,False,False
720575940622915004,flow,afferent,2576,400,0.25,0.16,0.14285714285714285,0.01,False,True,True,False,True,False,False
720575940622915004,flow,afferent,2576,400,0.25,0.16,0.04,0.01,False,True,True,False,False,False,False
720575940654227105,flow,afferent,2275,400,0.25,0.16,0.14285714285714285,0.01,True,True,True,False,True,True,False
720575940654227105,flow,afferent,2275,400,0.25,0.16,0.04,0.01,True,True,True,False,True,True,False
720575940626663187,flow,afferent,1447,400,0.25,0.16,0.14285714285714285,0.01,True,True,True,False,True,False,False
720575940626663187,flow,afferent,1447,400,0.25,0.16,0.04,0.01,True,True,True,False,False,False,False
720575940615926796,flow,afferent,1859,400,0.25,0.16,0.14285714285714285,0.01,True,True,True,False,True,True,False
720575940615926796,flow,afferent,1859,400,0.25,0.16,0.04,0.01,False,True,True,False,False,False,False
720575940618208310,flow,afferent,1343,400,0.25,0.16,0.14285714285714285,0.01,True,True,True,True,True,True,False
720575940618208310,flow,afferent,1343,400,0.25,0.16,0.04,0.01,True,True,True,True,True,True,False
720575940650924022,flow,afferent,1249,400,0.25,0.16,0.14285714285714285,0.01,True,True,True,False,True,False,False
720575940650924022,flow,afferent,1249,400,0.25,0.16,0.04,0.01,False,True,True,False,False,False,False
720575940621821004,flow,afferent,476,400,0.25,0.16,0.14285714285714285,0.01,True,True,False,True,True,True,False
720575940621821004,flow,afferent,476,400,0.25,0.16,0.04,0.01,True,True,False,True,True,False,False
720575940645214243,flow,afferent,590,400,0.25,0.16,0.14285714285714285,0.01,True,True,False,False,True,True,False
720575940645214243,flow,afferent,590,400,0.25,0.16,0.04,0.01,True,True,False,False,True,True,False
720575940620418032,flow,afferent,690,400,0.25,0.16,0.14285714285714285,0.01,False,True,False,False,True,False,False
720575940620418032,flow,afferent,690,400,0.25,0.16,0.04,0.01,False,True,False,False,True,False,False
720575940621898665,flow,afferent,770,400,0.25,0.16,0.14285714285714285,0.01,False,True,True,False,True,True,False
720575940621898665,flow,afferent,770,400,0.25,0.16,0.04,0.01,False,True,False,False,True,True,False
720575940634913911,flow,afferent,507,400,0.25,0.16,0.14285714285714285,0.01,True,True,False,False,True,True,False
720575940634913911,flow,afferent,507,400,0.25,0.16,0.04,0.01,True,True,False,False,True,True,False
720575940614734186,flow,afferent,1573,400,0.25,0.16,0.14285714285714285,0.01,False,True,True,False,True,True,False
720575940614734186,flow,afferent,1573,400,0.25,0.16,0.04,0.01,False,True,True,False,True,True,False
720575940618788944,flow,afferent,5750,400,0.25,0.16,0.14285714285714285,0.01,False,True,True,False,False,False,False
720575940618788944,flow,afferent,5750,400,0.25,0.16,0.04,0.01,False,True,False,False,False,False,False
720575940606126514,flow,afferent,413,400,0.25,0.16,0.14285714285714285,0.01,True,True,False,False,True,True,False
720575940606126514,flow,afferent,413,400,0.25,0.16,0.04,0.01,True,True,False,False,True,True,False
720575940607152476,flow,afferent,802,400,0.25,0.16,0.14285714285714285,0.01,True,True,True,False,True,True,False
720575940607152476,flow,afferent,802,400,0.25,0.16,0.04,0.01,False,True,True,False,True,False,False
720575940625173006,flow,afferent,599,400,0.25,0.16,0.14285714285714285,0.01,True,True,True,False,True,False,False
720575940625173006,flow,afferent,599,400,0.25,0.16,0.04,0.01,True,True,False,False,True,False,False
720575940608763460,flow,afferent,954,400,0.25,0.16,0.14285714285714285,0.01,False,True,True,False,True,True,False
720575940608763460,flow,afferent,954,400,0.25,0.16,0.04,0.01,False,True,True,False,True,True,False
720575940612420118,flow,afferent,627,400,0.25,0.16,0.14285714285714285,0.01,True,True,True,True,True,False,False
720575940612420118,flow,afferent,627,400,0.25,0.16,0.04,0.01,False,True,True,True,True,False,False
720575940630734393,flow,afferent,671,400,0.25,0.16,0.14285714285714285,0.01,True,True,True,False,True,False,False
720575940630734393,flow,afferent,671,400,0.25,0.16,0.04,0.01,True,True,True,False,True,False,False
720575940607811420,flow,afferent,485,400,0.25,0.16,0.14285714285714285,0.01,True,True,False,False,True,True,False
720575940607811420,flow,afferent,485,400,0.25,0.16,0.04,0.01,True,True,False,False,True,True,False
720575940610981362,flow,afferent,8297,400,0.25,0.16,0.14285714285714285,0.01,False,True,True,False,True,True,False
720575940610981362,flow,afferent,8297,400,0.25,0.16,0.04,0.01,False,True,False,False,False,False,False
720575940646308740,flow,afferent,1103,400,0.25,0.16,0.14285714285714285,0.01,True,True,False,False,True,False,False
720575940646308740,flow,afferent,1103,400,0.25,0.16,0.04,0.01,True,True,False,False,True,False,False
720575940611268266,flow,afferent,506,400,0.25,0.16,0.14285714285714285,0.01,False,True,False,False,True,False,False
720575940611268266,flow,afferent,506,400,0.25,0.16,0.04,0.01,False,True,False,False,True,False,False
720575940623834300,flow,afferent,4279,400,0.25,0.16,0.14285714285714285,0.01,False,True,False,False,True,True,False
720575940623834300,flow,afferent,4279,400,0.25,0.16,0.04,0.01,False,True,False,False,True,False,False
720575940632596449,flow,afferent,3345,400,0.25,0.16,0.14285714285714285,0.01,True,True,True,False,True,False,False
720575940632596449,flow,afferent,3345,400,0.25,0.16,0.04,0.01,False,True,True,False,False,False,False
720575940615650646,flow,afferent,561,400,0.25,0.16,0.14285714285714285,0.01,True,True,False,False,True,True,False
720575940615650646,flow,afferent,561,400,0.25,0.16,0.04,0.01,True,True,False,False,False,True,False
720575940615879995,flow,afferent,464,400,0.25,0.16,0.14285714285714285,0.01,True,True,False,False,True,False,False
720575940615879995,flow,afferent,464,400,0.25,0.16,0.04,0.01,True,True,False,False,True,False,False
720575940622371037,flow,afferent,1451,400,0.25,0.16,0.14285714285714285,0.01,True,True,True,False,True,True,False
720575940622371037,flow,afferent,1451,400,0.25,0.16,0.04,0.01,True,True,True,False,True,True,False
720575940616383389,flow,afferent,414,400,0.25,0.16,0.14285714285714285,0.01,False,True,True,True,True,True,False
720575940616383389,flow,afferent,414,400,0.25,0.16,0.04,0.01,False,True,True,True,True,True,False
720575940631963821,flow,afferent,2077,400,0.25,0.16,0.14285714285714285,0.01,False,True,False,True,True,True,False
720575940631963821,flow,afferent,2077,400,0.25,0.16,0.04,0.01,False,True,False,True,True,True,False
720575940616791067,flow,afferent,529,400,0.25,0.16,0.14285714285714285,0.01,True,True,True,False,True,False,False
720575940616791067,flow,afferent,529,400,0.25,0.16,0.04,0.01,True,True,True,False,True,False,False
720575940616934289,flow,afferent,2817,400,0.25,0.16,0.14285714285714285,0.01,True,True,True,False,True,False,False
720575940616934289,flow,afferent,2817,400,0.25,0.16,0.04,0.01,True,True,True,False,True,False,False
720575940644683031,flow,afferent,411,400,0.25,0.16,0.14285714285714285,0.01,False,True,False,False,True,False,False
720575940644683031,flow,afferent,411,400,0.25,0.16,0.04,0.01,False,True,False,False,True,False,False
720575940619243691,flow,afferent,872,400,0.25,0.16,0.14285714285714285,0.01,False,True,False,False,True,True,False
720575940619243691,flow,afferent,872,400,0.25,0.16,0.04,0.01,False,True,False,False,True,True,False
720575940644028452,flow,afferent,408,400,0.25,0.16,0.14285714285714285,0.01,False,True,False,False,True,True,False
720575940644028452,flow,afferent,408,400,0.25,0.16,0.04,0.01,False,True,False,False,True,True,False
720575940619331163,flow,afferent,633,400,0.25,0.16,0.14285714285714285,0.01,True,True,False,False,True,True,False
720575940619331163,flow,afferent,633,400,0.25,0.16,0.04,0.01,True,True,False,False,True,True,False
720575940617899584,flow,afferent,824,400,0.25,0.16,0.14285714285714285,0.01,True,True,False,False,True,False,False
720575940617899584,flow,afferent,824,400,0.25,0.16,0.04,0.01,True,True,False,False,True,False,False
720575940627219272,flow,afferent,552,400,0.25,0.16,0.14285714285714285,0.01,True,True,True,False,True,False,False
720575940627219272,flow,afferent,552,400,0.25,0.16,0.04,0.01,True,True,True,False,True,False,False
720575940625032548,flow,afferent,3318,400,0.25,0.16,0.14285714285714285,0.01,False,True,False,False,True,True,False
720575940625032548,flow,afferent,3318,400,0.25,0.16,0.04,0.01,False,True,False,False,False,False,False
720575940623511795,flow,afferent,3625,400,0.25,0.16,0.14285714285714285,0.01,True,True,True,False,True,False,False
720575940623511795,flow,afferent,3625,400,0.25,0.16,0.04,0.01,False,True,True,False,True,False,False
720575940623603495,flow,afferent,554,400,0.25,0.16,0.14285714285714285,0.01,True,True,False,False,True,True,False
720575940623603495,flow,afferent,554,400,0.25,0.16,0.04,0.01,True,True,False,False,True,True,False
720575940627777265,flow,afferent,505,400,0.25,0.16,0.14285714285714285,0.01,True,True,False,False,True,False,False
720575940627777265,flow,afferent,505,400,0.25,0.16,0.04,0.01,True,True,False,False,True,False,False
720575940614982654,flow,afferent,415,400,0.25,0.16,0.14285714285714285,0.01,True,True,False,False,True,True,False
720575940614982654,flow,afferent,415,400,0.25,0.16,0.04,0.01,True,True,False,False,True,True,False
720575940608044501,flow,afferent,416,400,0.25,0.16,0.14285714285714285,0.01,True,True,False,False,True,True,False
720575940608044501,flow,afferent,416,400,0.25,0.16,0.04,0.01,False,True,False,False,True,True,False
720575940626015242,flow,afferent,3887,400,0.25,0.16,0.14285714285714285,0.01,False,True,True,False,True,True,False
720575940626015242,flow,afferent,3887,400,0.25,0.16,0.04,0.01,False,True,False,False,False,False,False
720575940619873472,flow,afferent,435,400,0.25,0.16,0.14285714285714285,0.01,True,True,False,False,True,False,False
720575940619873472,flow,afferent,435,400,0.25,0.16,0.04,0.01,False,True,False,False,True,False,False
720575940641372112,flow,afferent,412,400,0.25,0.16,0.14285714285714285,0.01,True,True,False,True,True,True,False
720575940641372112,flow,afferent,412,400,0.25,0.16,0.04,0.01,True,True,False,False,True,True,False
720575940626606223,flow,afferent,456,400,0.25,0.16,0.14285714285714285,0.01,False,True,False,False,True,True,False
720575940626606223,flow,afferent,456,400,0.25,0.16,0.04,0.01,False,True,False,False,True,False,False
720575940629972215,flow,afferent,565,400,0.25,0.16,0.14285714285714285,0.01,True,True,True,False,True,False,False
720575940629972215,flow,afferent,565,400,0.25,0.16,0.04,0.01,True,True,True,False,True,False,False
720575940620538806,flow,afferent,577,400,0.25,0.16,0.14285714285714285,0.01,True,True,False,False,True,False,False
720575940620538806,flow,afferent,577,400,0.25,0.16,0.04,0.01,True,True,False,False,True,False,False
720575940618759128,flow,afferent,520,400,0.25,0.16,0.14285714285714285,0.01,True,True,False,False,True,True,False
720575940618759128,flow,afferent,520,400,0.25,0.16,0.04,0.01,False,True,False,False,True,True,False
720575940631070239,flow,afferent,1736,400,0.25,0.16,0.14285714285714285,0.01,False,True,True,False,True,True,False
720575940631070239,flow,afferent,1736,400,0.25,0.16,0.04,0.01,False,True,True,False,True,False,False
720575940631711021,flow,afferent,490,400,0.25,0.16,0.14285714285714285,0.01,True,True,False,False,True,True,False
720575940631711021,flow,afferent,490,400,0.25,0.16,0.04,0.01,True,True,False,False,True,True,False
720575940624211640,flow,afferent,467,400,0.25,0.16,0.14285714285714285,0.01,True,True,False,False,True,False,False
720575940624211640,flow,afferent,467,400,0.25,0.16,0.04,0.01,False,True,False,False,True,False,False
720575940633211031,flow,afferent,407,400,0.25,0.16,0.14285714285714285,0.01,True,True,False,False,True,True,False
720575940633211031,flow,afferent,407,400,0.25,0.16,0.04,0.01,True,True,False,False,True,True,False
720575940619603024,flow,afferent,416,400,0.25,0.16,0.14285714285714285,0.01,True,True,True,False,True,True,False
720575940619603024,flow,afferent,416,400,0.25,0.16,0.04,0.01,False,True,True,False,True,True,False
720575940633660314,flow,afferent,702,400,0.25,0.16,0.14285714285714285,0.01,True,True,True,False,True,False,False
720575940633660314,flow,afferent,702,400,0.25,0.16,0.04,0.01,True,True,False,False,True,False,False
720575940635005303,flow,afferent,859,400,0.25,0.16,0.14285714285714285,0.01,True,True,True,False,True,False,False
720575940635005303,flow,afferent,859,400,0.25,0.16,0.04,0.01,True,True,True,False,True,False,False
720575940628009771,flow,afferent,420,400,0.25,0.16,0.14285714285714285,0.01,True,True,False,False,True,True,False
720575940628009771,flow,afferent,420,400,0.25,0.16,0.04,0.01,True,True,False,False,True,True,False
720575940625972261,flow,afferent,4902,400,0.25,0.16,0.14285714285714285,0.01,False,True,True,False,True,False,False
720575940625972261,flow,afferent,4902,400,0.25,0.16,0.04,0.01,False,True,True,False,True,False,False
720575940635739504,flow,afferent,888,400,0.25,0.16,0.14285714285714285,0.01,True,True,True,False,True,False,False
720575940635739504,flow,afferent,888,400,0.25,0.16,0.04,0.01,True,True,True,False,True,False,False
720575940624990782,flow,afferent,549,400,0.25,0.16,0.14285714285714285,0.01,True,True,False,False,True,True,False
720575940624990782,flow,afferent,549,400,0.25,0.16,0.04,0.01,False,True,False,False,True,True,False
720575940616196539,flow,afferent,10032,400,0.25,0.16,0.14285714285714285,0.01,True,True,False,False,True,False,False
720575940616196539,flow,afferent,10032,400,0.25,0.16,0.04,0.01,False,True,False,False,False,False,False
720575940638092366,flow,afferent,1816,400,0.25,0.16,0.14285714285714285,0.01,False,True,True,False,True,True,False
720575940638092366,flow,afferent,1816,400,0.25,0.16,0.04,0.01,False,True,True,False,False,True,False
720575940620885342,flow,afferent,694,400,0.25,0.16,0.14285714285714285,0.01,True,True,True,False,True,True,False
720575940620885342,flow,afferent,694,400,0.25,0.16,0.04,0.01,True,True,True,False,True,True,False
720575940634826135,flow,afferent,6527,400,0.25,0.16,0.14285714285714285,0.01,True,True,True,False,False,False,False
720575940634826135,flow,afferent,6527,400,0.25,0.16,0.04,0.01,False,True,False,False,False,False,False
720575940618760432,flow,afferent,1654,400,0.25,0.16,0.14285714285714285,0.01,False,True,True,False,True,True,False
720575940618760432,flow,afferent,1654,400,0.25,0.16,0.04,0.01,False,True,True,False,True,True,False
720575940625040973,flow,afferent,857,400,0.25,0.16,0.14285714285714285,0.01,False,True,True,False,True,True,False
720575940625040973,flow,afferent,857,400,0.25,0.16,0.04,0.01,False,True,False,False,True,True,False
720575940632743649,flow,afferent,2162,400,0.25,0.16,0.14285714285714285,0.01,False,True,False,False,True,True,False
720575940632743649,flow,afferent,2162,400,0.25,0.16,0.04,0.01,False,True,False,False,True,True,False
720575940639555928,flow,afferent,590,400,0.25,0.16,0.14285714285714285,0.01,True,True,True,False,True,True,False
720575940639555928,flow,afferent,590,400,0.25,0.16,0.04,0.01,False,True,True,False,True,True,False
720575940620882714,flow,afferent,1008,400,0.25,0.16,0.14285714285714285,0.01,True,True,False,False,True,True,False
720575940620882714,flow,afferent,1008,400,0.25,0.16,0.04,0.01,True,True,False,False,True,True,False
720575940638871128,flow,afferent,546,400,0.25,0.16,0.14285714285714285,0.01,True,True,False,False,True,False,False
720575940638871128,flow,afferent,546,400,0.25,0.16,0.04,0.01,True,True,False,False,True,False,False
720575940621286102,flow,afferent,2165,400,0.25,0.16,0.14285714285714285,0.01,False,True,True,False,False,False,False
720575940621286102,flow,afferent,2165,400,0.25,0.16,0.04,0.01,False,True,True,False,False,False,False
720575940642063245,flow,afferent,1068,400,0.25,0.16,0.14285714285714285,0.01,True,True,True,False,True,True,False
720575940642063245,flow,afferent,1068,400,0.25,0.16,0.04,0.01,True,True,True,False,True,True,False
720575940631467565,flow,afferent,510,400,0.25,0.16,0.14285714285714285,0.01,False,True,True,True,True,True,False
720575940631467565,flow,afferent,510,400,0.25,0.16,0.04,0.01,False,True,True,True,True,True,False
720575940624598460,flow,afferent,429,400,0.25,0.16,0.14285714285714285,0.01,True,True,False,False,True,True,False
720575940624598460,flow,afferent,429,400,0.25,0.16,0.04,0.01,True,True,False,False,True,True,False
720575940642669728,flow,afferent,413,400,0.25,0.16,0.14285714285714285,0.01,True,True,True,False,True,True,False
720575940642669728,flow,afferent,413,400,0.25,0.16,0.04,0.01,True,True,False,False,True,True,False
720575940627368079,flow,afferent,3856,400,0.25,0.16,0.14285714285714285,0.01,False,True,True,False,True,True,False
720575940627368079,flow,afferent,3856,400,0.25,0.16,0.04,0.01,False,True,False,False,False,False,False
720575940653764257,flow,afferent,556,400,0.25,0.16,0.14285714285714285,0.01,True,True,False,False,True,True,False
720575940653764257,flow,afferent,556,400,0.25,0.16,0.04,0.01,True,True,False,False,True,False,False
720575940632002017,flow,afferent,3098,400,0.25,0.16,0.14285714285714285,0.01,False,True,True,False,True,True,False
720575940632002017,flow,afferent,3098,400,0.25,0.16,0.04,0.01,False,True,True,False,False,False,False
720575940618609799,flow,afferent,2494,400,0.25,0.16,0.14285714285714285,0.01,False,True,True,False,False,False,False
720575940618609799,flow,afferent,2494,400,0.25,0.16,0.04,0.01,False,True,True,False,False,False,False
720575940619387814,flow,afferent,2059,400,0.25,0.16,0.14285714285714285,0.01,True,True,True,False,True,True,False
720575940619387814,flow,afferent,2059,400,0.25,0.16,0.04,0.01,True,True,True,False,False,False,False
720575940617121819,flow,afferent,3851,400,0.25,0.16,0.14285714285714285,0.01,False,True,False,False,False,False,False
720575940617121819,flow,afferent,3851,400,0.25,0.16,0.04,0.01,False,True,False,False,False,False,False
720575940631034936,flow,afferent,3816,400,0.25,0.16,0.14285714285714285,0.01,False,True,True,False,True,True,False
720575940631034936,flow,afferent,3816,400,0.25,0.16,0.04,0.01,False,True,True,False,False,False,False
720575940646212996,flow,afferent,2425,400,0.25,0.16,0.14285714285714285,0.01,False,True,True,False,True,True,False
720575940646212996,flow,afferent,2425,400,0.25,0.16,0.04,0.01,False,True,True,False,True,True,False
720575940611643033,flow,afferent,10280,400,0.25,0.16,0.14285714285714285,0.01,True,True,False,False,True,False,False
720575940611643033,flow,afferent,10280,400,0.25,0.16,0.04,0.01,False,True,False,False,False,False,False
720575940616287449,flow,afferent,2391,400,0.25,0.16,0.14285714285714285,0.01,False,True,True,False,True,True,False
720575940616287449,flow,afferent,2391,400,0.25,0.16,0.04,0.01,False,True,True,False,False,False,False
720575940615015976,flow,afferent,3545,400,0.25,0.16,0.14285714285714285,0.01,False,True,True,False,True,False,False
720575940615015976,flow,afferent,3545,400,0.25,0.16,0.04,0.01,False,True,True,False,True,False,False
720575940633767588,flow,afferent,4192,400,0.25,0.16,0.14285714285714285,0.01,False,True,False,False,True,False,False
720575940633767588,flow,afferent,4192,400,0.25,0.16,0.04,0.01,False,True,False,False,True,False,False
720575940623042539,flow,afferent,5083,400,0.25,0.16,0.14285714285714285,0.01,True,True,True,False,True,False,False
720575940623042539,flow,afferent,5083,400,0.25,0.16,0.04,0.01,True,True,True,False,False,False,False
720575940628677114,flow,afferent,2836,400,0.25,0.16,0.14285714285714285,0.01,True,True,False,False,True,False,False
720575940628677114,flow,afferent,2836,400,0.25,0.16,0.04,0.01,True,True,False,False,False,False,False
720575940638513752,flow,afferent,3235,400,0.25,0.16,0.14285714285714285,0.01,True,True,False,False,True,False,False
720575940638513752,flow,afferent,3235,400,0.25,0.16,0.04,0.01,False,True,False,False,True,False,False
720575940617041728,flow,afferent,3910,400,0.25,0.16,0.14285714285714285,0.01,False,True,False,False,True,False,False
720575940617041728,flow,afferent,3910,400,0.25,0.16,0.04,0.01,False,True,False,False,False,False,False
720575940616999069,flow,afferent,5178,400,0.25,0.16,0.14285714285714285,0.01,True,True,False,True,False,False,False
720575940616999069,flow,afferent,5178,400,0.25,0.16,0.04,0.01,False,True,False,True,False,False,False
720575940628953210,flow,afferent,3606,400,0.25,0.16,0.14285714285714285,0.01,True,True,False,False,True,True,False
720575940628953210,flow,afferent,3606,400,0.25,0.16,0.04,0.01,True,True,False,False,False,False,False
720575940608376132,flow,afferent,3354,400,0.25,0.16,0.14285714285714285,0.01,True,True,False,False,True,False,False
720575940608376132,flow,afferent,3354,400,0.25,0.16,0.04,0.01,True,True,False,False,True,False,False
720575940645728132,flow,afferent,3294,400,0.25,0.16,0.14285714285714285,0.01,True,True,False,False,True,True,False
720575940645728132,flow,afferent,3294,400,0.25,0.16,0.04,0.01,True,True,False,False,False,False,False
720575940628599296,flow,afferent,3283,400,0.25,0.16,0.14285714285714285,0.01,True,True,False,False,True,False,False
720575940628599296,flow,afferent,3283,400,0.25,0.16,0.04,0.01,True,True,False,False,False,False,False
720575940623087859,flow,afferent,3478,400,0.25,0.16,0.14285714285714285,0.01,True,True,False,False,False,True,False
720575940623087859,flow,afferent,3478,400,0.25,0.16,0.04,0.01,True,True,False,False,False,False,False
720575940617534676,flow,afferent,3307,400,0.25,0.16,0.14285714285714285,0.01,True,True,False,False,False,True,False
720575940617534676,flow,afferent,3307,400,0.25,0.16,0.04,0.01,True,True,False,False,False,False,False
720575940613118610,flow,afferent,3100,400,0.25,0.16,0.14285714285714285,0.01,True,True,False,False,False,False,False
720575940613118610,flow,afferent,3100,400,0.25,0.16,0.04,0.01,True,True,False,False,False,False,False
720575940612096370,flow,afferent,1084,400,0.25,0.16,0.14285714285714285,0.01,True,True,False,False,True,False,False
720575940612096370,flow,afferent,1084,400,0.25,0.16,0.04,0.01,True,True,False,False,True,False,False
720575940617433142,flow,afferent,3052,400,0.25,0.16,0.14285714285714285,0.01,True,True,False,False,True,True,False
720575940617433142,flow,afferent,3052,400,0.25,0.16,0.04,0.01,True,True,False,False,False,False,False
720575940618512624,flow,afferent,3167,400,0.25,0.16,0.14285714285714285,0.01,True,True,False,False,False,False,False
720575940618512624,flow,afferent,3167,400,0.25,0.16,0.04,0.01,False,True,False,False,False,False,False
720575940613191591,flow,afferent,4100,400,0.25,0.16,0.14285714285714285,0.01,True,True,True,False,True,False,False
720575940613191591,flow,afferent,4100,400,0.25,0.16,0.04,0.01,True,True,True,False,True,False,False
720575940611720362,flow,afferent,3145,400,0.25,0.16,0.14285714285714285,0.01,True,True,False,False,True,False,False
720575940611720362,flow,afferent,3145,400,0.25,0.16,0.04,0.01,False,True,False,False,True,False,False
720575940623793741,flow,afferent,2984,400,0.25,0.16,0.14285714285714285,0.01,False,True,False,False,False,False,False
720575940623793741,flow,afferent,2984,400,0.25,0.16,0.04,0.01,False,True,False,False,False,False,False
720575940631630893,flow,afferent,3038,400,0.25,0.16,0.14285714285714285,0.01,True,True,False,False,True,False,False
720575940631630893,flow,afferent,3038,400,0.25,0.16,0.04,0.01,True,True,False,False,False,False,False
720575940613664874,flow,afferent,2999,400,0.25,0.16,0.14285714285714285,0.01,True,True,True,False,True,True,False
720575940613664874,flow,afferent,2999,400,0.25,0.16,0.04,0.01,False,True,False,False,False,False,False
720575940610185221,flow,afferent,2994,400,0.25,0.16,0.14285714285714285,0.01,True,True,False,False,True,True,False
720575940610185221,flow,afferent,2994,400,0.25,0.16,0.04,0.01,True,True,False,False,False,False,False
720575940613794114,flow,afferent,2814,400,0.25,0.16,0.14285714285714285,0.01,False,True,False,False,False,False,False
720575940613794114,flow,afferent,2814,400,0.25,0.16,0.04,0.01,False,True,False,False,False,False,False
720575940627214891,flow,afferent,2813,400,0.25,0.16,0.14285714285714285,0.01,True,True,False,False,True,False,False
720575940627214891,flow,afferent,2813,400,0.25,0.16,0.04,0.01,False,True,False,False,False,False,False
720575940642599328,flow,afferent,2775,400,0.25,0.16,0.14285714285714285,0.01,True,True,False,False,True,False,False
720575940642599328,flow,afferent,2775,400,0.25,0.16,0.04,0.01,True,True,False,False,True,False,False
720575940618293883,flow,afferent,2819,400,0.25,0.16,0.14285714285714285,0.01,True,True,False,False,True,False,False
720575940618293883,flow,afferent,2819,400,0.25,0.16,0.04,0.01,False,True,False,False,False,False,False
720575940626811023,flow,afferent,2782,400,0.25,0.16,0.14285714285714285,0.01,True,True,False,False,True,False,False
720575940626811023,flow,afferent,2782,400,0.25,0.16,0.04,0.01,True,True,False,False,True,False,False
720575940623274935,flow,afferent,2773,400,0.25,0.16,0.14285714285714285,0.01,True,True,False,False,True,True,False
720575940623274935,flow,afferent,2773,400,0.25,0.16,0.04,0.01,True,True,False,False,False,False,False
720575940619024774,flow,afferent,2691,400,0.25,0.16,0.14285714285714285,0.01,True,True,False,False,True,False,False
720575940619024774,flow,afferent,2691,400,0.25,0.16,0.04,0.01,False,True,False,False,False,False,False
720575940619219627,flow,afferent,2786,400,0.25,0.16,0.14285714285714285,0.01,True,True,False,False,True,True,False
720575940619219627,flow,afferent,2786,400,0.25,0.16,0.04,0.01,True,True,False,False,True,False,False
720575940616039197,flow,afferent,2573,400,0.25,0.16,0.14285714285714285,0.01,True,True,False,False,False,False,False
720575940616039197,flow,afferent,2573,400,0.25,0.16,0.04,0.01,False,True,False,False,False,False,False
720575940609924306,flow,afferent,2608,400,0.25,0.16,0.14285714285714285,0.01,True,True,False,False,True,False,False
720575940609924306,flow,afferent,2608,400,0.25,0.16,0.04,0.01,True,True,False,False,False,False,False
720575940622745834,flow,afferent,2667,400,0.25,0.16,0.14285714285714285,0.01,True,True,True,False,True,False,False
720575940622745834,flow,afferent,2667,400,0.25,0.16,0.04,0.01,True,True,False,False,False,False,False
720575940627944464,flow,afferent,2436,400,0.25,0.16,0.14285714285714285,0.01,True,True,False,False,True,False,False
720575940627944464,flow,afferent,2436,400,0.25,0.16,0.04,0.01,False,True,False,False,False,False,False
720575940633367377,flow,afferent,2762,400,0.25,0.16,0.14285714285714285,0.01,True,True,False,False,True,False,False
720575940633367377,flow,afferent,2762,400,0.25,0.16,0.04,0.01,True,True,False,False,False,False,False
720575940621659563,flow,afferent,3287,400,0.25,0.16,0.14285714285714285,0.01,True,True,True,False,True,False,False
720575940621659563,flow,afferent,3287,400,0.25,0.16,0.04,0.01,True,True,True,False,True,False,False
720575940651404022,flow,afferent,1256,400,0.25,0.16,0.14285714285714285,0.01,False,True,True,False,True,False,False
720575940651404022,flow,afferent,1256,400,0.25,0.16,0.04,0.01,False,True,True,False,True,False,False
720575940630114079,flow,afferent,3187,400,0.25,0.16,0.14285714285714285,0.01,True,True,True,False,True,False,False
720575940630114079,flow,afferent,3187,400,0.25,0.16,0.04,0.01,True,True,True,False,False,False,False
720575940630151455,flow,afferent,3495,400,0.25,0.16,0.14285714285714285,0.01,False,True,True,False,False,False,False
720575940630151455,flow,afferent,3495,400,0.25,0.16,0.04,0.01,False,True,False,False,False,False,False
720575940630193060,flow,afferent,1122,400,0.25,0.16,0.14285714285714285,0.01,False,True,False,False,False,False,False
720575940630193060,flow,afferent,1122,400,0.25,0.16,0.04,0.01,False,True,False,False,False,False,False
720575940630204959,flow,afferent,4842,400,0.25,0.16,0.14285714285714285,0.01,True,True,True,False,False,False,False
720575940630204959,flow,afferent,4842,400,0.25,0.16,0.04,0.01,True,True,True,False,False,False,False
720575940618344606,flow,afferent,9986,400,0.25,0.16,0.14285714285714285,0.01,True,True,True,False,False,False,False
720575940618344606,flow,afferent,9986,400,0.25,0.16,0.04,0.01,True,True,False,False,False,False,False
720575940623158154,flow,afferent,3108,400,0.25,0.16,0.14285714285714285,0.01,True,True,False,False,True,True,False
720575940623158154,flow,afferent,3108,400,0.25,0.16,0.04,0.01,False,True,False,False,True,False,False
720575940654220193,flow,afferent,12279,400,0.25,0.16,0.14285714285714285,0.01,True,True,False,False,False,False,False
720575940654220193,flow,afferent,12279,400,0.25,0.16,0.04,0.01,False,True,False,False,False,False,False
720575940646684292,flow,afferent,1436,400,0.25,0.16,0.14285714285714285,0.01,False,True,True,False,True,True,False
720575940646684292,flow,afferent,1436,400,0.25,0.16,0.04,0.01,False,True,False,False,False,False,False
720575940635527092,flow,afferent,15499,400,0.25,0.16,0.14285714285714285,0.01,True,True,True,True,True,True,False
720575940635527092,flow,afferent,15499,400,0.25,0.16,0.04,0.01,True,True,False,False,True,False,False
720575940628115561,flow,afferent,899,400,0.25,0.16,0.14285714285714285,0.01,True,True,True,False,True,True,False
720575940628115561,flow,afferent,899,400,0.25,0.16,0.04,0.01,True,True,True,False,True,True,False
720575940610083682,flow,afferent,4232,400,0.25,0.16,0.14285714285714285,0.01,True,True,True,False,True,False,False
720575940610083682,flow,afferent,4232,400,0.25,0.16,0.04,0.01,False,True,True,False,True,False,False
720575940611399573,flow,afferent,420,400,0.25,0.16,0.14285714285714285,0.01,True,True,True,False,True,False,False
720575940611399573,flow,afferent,420,400,0.25,0.16,0.04,0.01,True,True,True,False,True,False,False
720575940639022707,flow,afferent,429,400,0.25,0.16,0.14285714285714285,0.01,True,True,True,False,True,False,False
720575940639022707,flow,afferent,429,400,0.25,0.16,0.04,0.01,True,True,False,False,True,False,False
720575940621227173,flow,afferent,3808,400,0.25,0.16,0.14285714285714285,0.01,False,True,False,False,False,False,False
720575940621227173,flow,afferent,3808,400,0.25,0.16,0.04,0.01,False,True,False,False,False,False,False
720575940606663881,flow,afferent,8688,400,0.25,0.16,0.14285714285714285,0.01,True,True,True,False,False,True,False
720575940606663881,flow,afferent,8688,400,0.25,0.16,0.04,0.01,False,True,True,False,False,False,False
720575940609643017,flow,afferent,22793,400,0.25,0.16,0.14285714285714285,0.01,False,True,True,False,False,False,False
720575940609643017,flow,afferent,22793,400,0.25,0.16,0.04,0.01,False,True,True,False,False,False,False
720575940632805983,flow,afferent,451,400,0.25,0.16,0.14285714285714285,0.01,False,True,True,False,True,True,False
720575940632805983,flow,afferent,451,400,0.25,0.16,0.04,0.01,False,True,True,False,True,True,False
720575940633059179,flow,afferent,2211,400,0.25,0.16,0.14285714285714285,0.01,False,True,True,False,False,False,False
720575940633059179,flow,afferent,2211,400,0.25,0.16,0.04,0.01,False,True,False,False,False,False,False
720575940626227774,flow,afferent,5023,400,0.25,0.16,0.14285714285714285,0.01,False,True,False,False,False,False,False
720575940626227774,flow,afferent,5023,400,0.25,0.16,0.04,0.01,False,True,False,False,False,False,False
720575940633320628,flow,afferent,1335,400,0.25,0.16,0.14285714285714285,0.01,False,True,True,False,True,True,False
720575940633320628,flow,afferent,1335,400,0.25,0.16,0.04,0.01,False,True,False,False,True,True,False
720575940617423105,flow,afferent,1117,400,0.25,0.16,0.14285714285714285,0.01,True,True,True,False,True,True,False
720575940617423105,flow,afferent,1117,400,0.25,0.16,0.04,0.01,True,True,False,False,True,False,False
720575940632664268,flow,afferent,5269,400,0.25,0.16,0.14285714285714285,0.01,False,True,False,False,True,True,False
720575940632664268,flow,afferent,5269,400,0.25,0.16,0.04,0.01,False,True,False,False,True,False,False
720575940620052059,flow,afferent,3814,400,0.25,0.16,0.14285714285714285,0.01,True,True,False,False,True,False,False
720575940620052059,flow,afferent,3814,400,0.25,0.16,0.04,0.01,False,True,False,False,False,False,False
720575940633701487,flow,afferent,2602,400,0.25,0.16,0.14285714285714285,0.01,False,True,True,False,True,False,False
720575940633701487,flow,afferent,2602,400,0.25,0.16,0.04,0.01,False,True,True,False,True,False,False
720575940633702511,flow,afferent,509,400,0.25,0.16,0.14285714285714285,0.01,True,True,False,False,True,False,False
720575940633702511,flow,afferent,509,400,0.25,0.16,0.04,0.01,True,True,False,False,True,False,False
720575940635221172,flow,afferent,403,400,0.25,0.16,0.14285714285714285,0.01,False,True,True,True,True,False,False
720575940635221172,flow,afferent,403,400,0.25,0.16,0.04,0.01,False,True,True,True,True,False,False
720575940621493068,flow,afferent,9789,400,0.25,0.16,0.14285714285714285,0.01,False,True,True,False,False,False,False
720575940621493068,flow,afferent,9789,400,0.25,0.16,0.04,0.01,False,True,False,False,False,False,False
720575940615903605,flow,afferent,7311,400,0.25,0.16,0.14285714285714285,0.01,False,True,False,False,False,False,False
720575940615903605,flow,afferent,7311,400,0.25,0.16,0.04,0.01,False,True,False,False,False,False,False
720575940615110450,flow,afferent,2312,400,0.25,0.16,0.14285714285714285,0.01,True,True,True,False,True,False,False
720575940615110450,flow,afferent,2312,400,0.25,0.16,0.04,0.01,True,True,True,False,False,False,False
720575940639352947,flow,afferent,3025,400,0.25,0.16,0.14285714285714285,0.01,True,True,True,False,True,True,False
720575940639352947,flow,afferent,3025,400,0.25,0.16,0.04,0.01,False,True,True,False,True,False,False
720575940609073506,flow,afferent,974,400,0.25,0.16,0.14285714285714285,0.01,False,True,False,False,False,False,False
720575940609073506,flow,afferent,974,400,0.25,0.16,0.04,0.01,False,True,False,False,False,False,False
720575940634057335,flow,afferent,2674,400,0.25,0.16,0.14285714285714285,0.01,False,True,False,False,False,False,False
720575940634057335,flow,afferent,2674,400,0.25,0.16,0.04,0.01,False,True,False,False,False,False,False
720575940604891360,flow,afferent,5409,400,0.25,0.16,0.14285714285714285,0.01,True,True,True,False,True,True,False
720575940604891360,flow,afferent,5409,400,0.25,0.16,0.04,0.01,True,True,False,False,False,False,False
720575940634111351,flow,afferent,775,400,0.25,0.16,0.14285714285714285,0.01,False,True,True,False,True,True,False
720575940634111351,flow,afferent,775,400,0.25,0.16,0.04,0.01,False,True,True,False,True,True,False
720575940618206262,flow,afferent,6301,400,0.25,0.16,0.14285714285714285,0.01,True,True,True,False,False,False,False
720575940618206262,flow,afferent,6301,400,0.25,0.16,0.04,0.01,True,True,True,False,False,False,False
720575940619987438,flow,afferent,5935,400,0.25,0.16,0.14285714285714285,0.01,True,True,True,True,True,False,False
720575940619987438,flow,afferent,5935,400,0.25,0.16,0.04,0.01,True,True,False,True,True,False,False
720575940634381454,flow,afferent,1365,400,0.25,0.16,0.14285714285714285,0.01,True,True,True,False,False,False,False
720575940634381454,flow,afferent,1365,400,0.25,0.16,0.04,0.01,True,True,False,False,False,False,False
720575940639057973,flow,afferent,7351,400,0.25,0.16,0.14285714285714285,0.01,True,True,True,False,False,True,False
720575940639057973,flow,afferent,7351,400,0.25,0.16,0.04,0.01,False,True,False,False,False,False,False
720575940634627214,flow,afferent,8522,400,0.25,0.16,0.14285714285714285,0.01,False,True,False,False,False,False,False
720575940634627214,flow,afferent,8522,400,0.25,0.16,0.04,0.01,False,True,False,False,False,False,False
720575940634407566,flow,afferent,727,400,0.25,0.16,0.14285714285714285,0.01,True,True,False,False,True,True,False
720575940634407566,flow,afferent,727,400,0.25,0.16,0.04,0.01,False,True,False,False,True,True,False
720575940634472590,flow,afferent,2729,400,0.25,0.16,0.14285714285714285,0.01,False,True,True,False,False,False,False
720575940634472590,flow,afferent,2729,400,0.25,0.16,0.04,0.01,False,True,False,False,False,False,False
720575940635697380,flow,afferent,2314,400,0.25,0.16,0.14285714285714285,0.01,True,True,True,False,False,False,False
720575940635697380,flow,afferent,2314,400,0.25,0.16,0.04,0.01,True,True,True,False,False,False,False
720575940623202633,flow,afferent,6989,400,0.25,0.16,0.14285714285714285,0.01,False,True,True,False,False,False,False
720575940623202633,flow,afferent,6989,400,0.25,0.16,0.04,0.01,False,True,True,False,False,False,False
720575940626625546,flow,afferent,6579,400,0.25,0.16,0.14285714285714285,0.01,False,True,False,False,True,False,False
720575940626625546,flow,afferent,6579,400,0.25,0.16,0.04,0.01,False,True,False,False,False,False,False
720575940635891546,flow,afferent,2514,400,0.25,0.16,0.14285714285714285,0.01,False,True,False,False,False,False,False
720575940635891546,flow,afferent,2514,400,0.25,0.16,0.04,0.01,False,True,False,False,False,False,False
720575940621170721,flow,afferent,6667,400,0.25,0.16,0.14285714285714285,0.01,False,True,True,False,False,False,False
720575940621170721,flow,afferent,6667,400,0.25,0.16,0.04,0.01,False,True,False,False,False,False,False
720575940636444742,flow,afferent,2579,400,0.25,0.16,0.14285714285714285,0.01,True,True,True,False,True,False,False
720575940636444742,flow,afferent,2579,400,0.25,0.16,0.04,0.01,True,True,False,False,True,False,False
720575940637013349,flow,afferent,3084,400,0.25,0.16,0.14285714285714285,0.01,False,True,False,False,True,False,False
720575940637013349,flow,afferent,3084,400,0.25,0.16,0.04,0.01,False,True,False,False,True,False,False
720575940635274615,flow,afferent,3144,400,0.25,0.16,0.14285714285714285,0.01,True,True,True,False,False,True,False
720575940635274615,flow,afferent,3144,400,0.25,0.16,0.04,0.01,True,False,True,False,False,False,False
720575940630780589,flow,afferent,3334,400,0.25,0.16,0.14285714285714285,0.01,True,True,True,False,False,False,False
720575940630780589,flow,afferent,3334,400,0.25,0.16,0.04,0.01,True,True,False,False,False,False,False
720575940631041956,flow,afferent,462,400,0.25,0.16,0.14285714285714285,0.01,True,True,True,False,True,True,False
720575940631041956,flow,afferent,462,400,0.25,0.16,0.04,0.01,True,True,True,False,True,True,False
720575940617597268,flow,afferent,1646,400,0.25,0.16,0.14285714285714285,0.01,True,True,False,False,False,False,False
720575940617597268,flow,afferent,1646,400,0.25,0.16,0.04,0.01,True,True,False,False,False,False,False
720575940617387549,flow,afferent,2327,400,0.25,0.16,0.14285714285714285,0.01,True,True,True,False,False,False,False
720575940617387549,flow,afferent,2327,400,0.25,0.16,0.04,0.01,True,True,True,False,False,False,False
720575940637737088,flow,afferent,450,400,0.25,0.16,0.14285714285714285,0.01,True,True,True,False,True,False,False
720575940637737088,flow,afferent,450,400,0.25,0.16,0.04,0.01,True,True,True,False,True,False,False
720575940632706970,flow,afferent,1118,400,0.25,0.16,0.14285714285714285,0.01,False,True,False,False,True,True,False
720575940632706970,flow,afferent,1118,400,0.25,0.16,0.04,0.01,False,True,False,False,True,True,False
720575940639276349,flow,afferent,2181,400,0.25,0.16,0.14285714285714285,0.01,False,True,False,False,True,False,False
720575940639276349,flow,afferent,2181,400,0.25,0.16,0.04,0.01,False,True,False,False,False,False,False
720575940641285877,flow,afferent,1071,400,0.25,0.16,0.14285714285714285,0.01,True,True,True,True,True,True,False
720575940641285877,flow,afferent,1071,400,0.25,0.16,0.04,0.01,True,True,True,True,True,True,False
720575940609984881,flow,afferent,1868,400,0.25,0.16,0.14285714285714285,0.01,True,True,False,False,False,False,False
720575940609984881,flow,afferent,1868,400,0.25,0.16,0.04,0.01,True,True,False,False,False,False,False
720575940622886158,flow,afferent,2650,400,0.25,0.16,0.14285714285714285,0.01,True,True,True,False,False,False,False
720575940622886158,flow,afferent,2650,400,0.25,0.16,0.04,0.01,True,True,True,False,False,False,False
720575940627302908,flow,afferent,4815,400,0.25,0.16,0.14285714285714285,0.01,False,True,False,False,False,False,False
720575940627302908,flow,afferent,4815,400,0.25,0.16,0.04,0.01,False,True,False,False,False,False,False
720575940628177863,flow,afferent,2343,400,0.25,0.16,0.14285714285714285,0.01,False,True,False,False,True,False,False
720575940628177863,flow,afferent,2343,400,0.25,0.16,0.04,0.01,False,True,False,False,True,False,False
720575940626210949,flow,afferent,798,400,0.25,0.16,0.14285714285714285,0.01,False,True,False,True,False,False,False
720575940626210949,flow,afferent,798,400,0.25,0.16,0.04,0.01,False,True,False,True,False,False,False
720575940613808326,flow,afferent,2311,400,0.25,0.16,0.14285714285714285,0.01,False,True,False,False,True,True,False
720575940613808326,flow,afferent,2311,400,0.25,0.16,0.04,0.01,False,True,False,False,False,True,False
720575940636686170,flow,afferent,6071,400,0.25,0.16,0.14285714285714285,0.01,True,True,True,False,True,False,False
720575940636686170,flow,afferent,6071,400,0.25,0.16,0.04,0.01,True,False,True,False,False,False,False
720575940622569255,flow,afferent,440,400,0.25,0.16,0.14285714285714285,0.01,True,True,True,False,True,False,False
720575940622569255,flow,afferent,440,400,0.25,0.16,0.04,0.01,True,True,True,False,True,False,False
720575940628885264,flow,afferent,2105,400,0.25,0.16,0.14285714285714285,0.01,True,True,True,False,True,False,False
720575940628885264,flow,afferent,2105,400,0.25,0.16,0.04,0.01,True,True,True,False,False,False,False
720575940644555572,flow,afferent,1535,400,0.25,0.16,0.14285714285714285,0.01,True,False,True,False,False,False,False
720575940644555572,flow,afferent,1535,400,0.25,0.16,0.04,0.01,True,False,True,False,False,False,False
720575940629820794,flow,afferent,8877,400,0.25,0.16,0.14285714285714285,0.01,True,True,True,False,False,False,False
720575940629820794,flow,afferent,8877,400,0.25,0.16,0.04,0.01,True,True,True,False,False,False,False
720575940644570932,flow,afferent,2568,400,0.25,0.16,0.14285714285714285,0.01,True,True,True,False,False,False,False
720575940644570932,flow,afferent,2568,400,0.25,0.16,0.04,0.01,True,True,True,False,False,False,False
720575940645084548,flow,afferent,1584,400,0.25,0.16,0.14285714285714285,0.01,True,True,True,False,False,True,False
720575940645084548,flow,afferent,1584,400,0.25,0.16,0.04,0.01,True,True,True,False,False,False,False
720575940634523232,flow,afferent,13496,400,0.25,0.16,0.14285714285714285,0.01,True,True,False,False,False,False,False
720575940634523232,flow,afferent,13496,400,0.25,0.16,0.04,0.01,False,True,False,False,False,False,False
720575940645126020,flow,afferent,1073,400,0.25,0.16,0.14285714285714285,0.01,False,True,False,False,True,True,False
720575940645126020,flow,afferent,1073,400,0.25,0.16,0.04,0.01,False,True,False,False,True,True,False
720575940645167492,flow,afferent,432,400,0.25,0.16,0.14285714285714285,0.01,False,True,True,False,True,True,False
720575940645167492,flow,afferent,432,400,0.25,0.16,0.04,0.01,False,True,True,False,True,True,False
720575940647447161,flow,afferent,1619,400,0.25,0.16,0.14285714285714285,0.01,False,True,True,True,True,False,False
720575940647447161,flow,afferent,1619,400,0.25,0.16,0.04,0.01,False,True,False,True,True,False,False
720575940647516025,flow,afferent,1748,400,0.25,0.16,0.14285714285714285,0.01,True,True,True,False,True,True,False
720575940647516025,flow,afferent,1748,400,0.25,0.16,0.04,0.01,True,True,True,False,True,True,False
720575940647523705,flow,afferent,424,400,0.25,0.16,0.14285714285714285,0.01,False,True,True,False,True,True,False
720575940647523705,flow,afferent,424,400,0.25,0.16,0.04,0.01,False,True,False,False,True,True,False
720575940657653633,flow,afferent,2754,400,0.25,0.16,0.14285714285714285,0.01,True,True,True,False,True,True,False
720575940657653633,flow,afferent,2754,400,0.25,0.16,0.04,0.01,False,True,True,False,True,True,False
720575940624792880,flow,afferent,10051,400,0.25,0.16,0.14285714285714285,0.01,True,True,False,False,False,False,False
720575940624792880,flow,afferent,10051,400,0.25,0.16,0.04,0.01,True,True,False,False,False,False,False
720575940623388198,flow,afferent,567,400,0.25,0.16,0.14285714285714285,0.01,False,True,True,False,True,True,False
720575940623388198,flow,afferent,567,400,0.25,0.16,0.04,0.01,False,True,True,False,True,True,False
720575940611003858,flow,afferent,3459,400,0.25,0.16,0.14285714285714285,0.01,True,True,True,False,True,True,False
720575940611003858,flow,afferent,3459,400,0.25,0.16,0.04,0.01,True,True,True,False,False,False,False
720575940638907108,flow,afferent,4339,400,0.25,0.16,0.14285714285714285,0.01,False,True,True,False,True,True,False
720575940638907108,flow,afferent,4339,400,0.25,0.16,0.04,0.01,False,True,False,False,True,True,False
720575940634614008,flow,afferent,1644,400,0.25,0.16,0.14285714285714285,0.01,True,True,True,False,True,True,False
720575940634614008,flow,afferent,1644,400,0.25,0.16,0.04,0.01,True,True,True,False,True,True,False
720575940630026745,flow,afferent,5371,400,0.25,0.16,0.14285714285714285,0.01,True,True,True,False,False,False,False
720575940630026745,flow,afferent,5371,400,0.25,0.16,0.04,0.01,True,False,True,False,False,False,False
720575940614298986,flow,afferent,12311,400,0.25,0.16,0.14285714285714285,0.01,True,True,True,False,False,False,False
720575940614298986,flow,afferent,12311,400,0.25,0.16,0.04,0.01,False,True,True,False,False,False,False
720575940607909899,flow,afferent,10994,400,0.25,0.16,0.14285714285714285,0.01,True,True,True,False,False,False,False
720575940607909899,flow,afferent,10994,400,0.25,0.16,0.04,0.01,False,True,True,False,False,False,False
720575940620860654,flow,afferent,3718,400,0.25,0.16,0.14285714285714285,0.01,False,True,True,False,True,True,False
720575940620860654,flow,afferent,3718,400,0.25,0.16,0.04,0.01,False,True,False,False,True,True,False
720575940638206773,flow,afferent,1022,400,0.25,0.16,0.14285714285714285,0.01,True,True,True,False,True,True,False
720575940638206773,flow,afferent,1022,400,0.25,0.16,0.04,0.01,True,True,True,False,True,True,False
720575940620390054,flow,afferent,9275,400,0.25,0.16,0.14285714285714285,0.01,True,True,True,False,True,False,False
720575940620390054,flow,afferent,9275,400,0.25,0.16,0.04,0.01,True,True,True,False,True,False,False
720575940620407105,flow,afferent,2948,400,0.25,0.16,0.14285714285714285,0.01,False,True,True,False,True,True,False
720575940620407105,flow,afferent,2948,400,0.25,0.16,0.04,0.01,False,True,False,False,True,False,False
720575940606762953,flow,afferent,2878,400,0.25,0.16,0.14285714285714285,0.01,True,True,True,False,True,False,False
720575940606762953,flow,afferent,2878,400,0.25,0.16,0.04,0.01,True,True,True,False,False,False,False
720575940630016761,flow,afferent,1552,400,0.25,0.16,0.14285714285714285,0.01,False,True,True,False,True,True,False
720575940630016761,flow,afferent,1552,400,0.25,0.16,0.04,0.01,False,True,False,False,True,False,False
720575940610198442,flow,afferent,603,400,0.25,0.16,0.14285714285714285,0.01,True,True,True,False,True,True,False
720575940610198442,flow,afferent,603,400,0.25,0.16,0.04,0.01,True,True,False,False,True,True,False
720575940627304424,flow,afferent,3893,400,0.25,0.16,0.14285714285714285,0.01,False,True,False,False,True,True,False
720575940627304424,flow,afferent,3893,400,0.25,0.16,0.04,0.01,False,True,False,False,True,False,False
720575940628772034,flow,afferent,7753,400,0.25,0.16,0.14285714285714285,0.01,False,True,True,False,False,True,False
720575940628772034,flow,afferent,7753,400,0.25,0.16,0.04,0.01,False,True,True,False,False,False,False
720575940618395205,flow,afferent,10402,400,0.25,0.16,0.14285714285714285,0.01,False,True,True,False,True,False,False
720575940618395205,flow,afferent,10402,400,0.25,0.16,0.04,0.01,False,True,False,False,True,False,False
720575940619035989,flow,afferent,3086,400,0.25,0.16,0.14285714285714285,0.01,False,True,True,False,True,True,False
720575940619035989,flow,afferent,3086,400,0.25,0.16,0.04,0.01,False,True,True,False,True,True,False
720575940637434202,flow,afferent,2494,400,0.25,0.16,0.14285714285714285,0.01,True,True,True,False,True,True,False
720575940637434202,flow,afferent,2494,400,0.25,0.16,0.04,0.01,False,True,True,False,True,False,False
720575940614569944,flow,afferent,940,400,0.25,0.16,0.14285714285714285,0.01,True,True,True,False,True,False,False
720575940614569944,flow,afferent,940,400,0.25,0.16,0.04,0.01,True,True,True,False,False,False,False
720575940626719621,flow,afferent,7396,400,0.25,0.16,0.14285714285714285,0.01,True,True,False,False,True,True,False
720575940626719621,flow,afferent,7396,400,0.25,0.16,0.04,0.01,False,True,False,False,True,False,False
720575940617611921,flow,afferent,7010,400,0.25,0.16,0.14285714285714285,0.01,False,True,True,False,True,True,False
720575940617611921,flow,afferent,7010,400,0.25,0.16,0.04,0.01,False,True,False,False,True,False,False
720575940611548273,flow,afferent,7992,400,0.25,0.16,0.14285714285714285,0.01,False,True,False,False,True,False,False
720575940611548273,flow,afferent,7992,400,0.25,0.16,0.04,0.01,False,True,False,False,True,False,False
720575940618259269,flow,afferent,10440,400,0.25,0.16,0.14285714285714285,0.01,True,True,True,False,False,True,False
720575940618259269,flow,afferent,10440,400,0.25,0.16,0.04,0.01,False,True,False,False,False,False,False
720575940653877409,flow,afferent,3549,400,0.25,0.16,0.14285714285714285,0.01,True,True,True,False,True,True,False
720575940653877409,flow,afferent,3549,400,0.25,0.16,0.04,0.01,True,True,True,False,True,False,False
720575940617884692,flow,afferent,1510,400,0.25,0.16,0.14285714285714285,0.01,False,True,False,False,True,True,False
720575940617884692,flow,afferent,1510,400,0.25,0.16,0.04,0.01,False,True,False,False,True,False,False
720575940617999700,flow,afferent,2467,400,0.25,0.16,0.14285714285714285,0.01,False,True,False,False,True,False,False
720575940617999700,flow,afferent,2467,400,0.25,0.16,0.04,0.01,False,True,False,False,True,False,False
720575940612327091,flow,afferent,7831,400,0.25,0.16,0.14285714285714285,0.01,False,True,True,False,False,False,False
720575940612327091,flow,afferent,7831,400,0.25,0.16,0.04,0.01,False,True,False,False,False,False,False
720575940611429489,flow,afferent,4305,400,0.25,0.16,0.14285714285714285,0.01,False,True,False,False,True,False,False
720575940611429489,flow,afferent,4305,400,0.25,0.16,0.04,0.01,False,True,False,False,True,False,False
720575940623324395,flow,afferent,13559,400,0.25,0.16,0.14285714285714285,0.01,True,True,True,False,False,True,False
720575940623324395,flow,afferent,13559,400,0.25,0.16,0.04,0.01,False,True,False,False,False,False,False
720575940618354267,flow,afferent,3051,400,0.25,0.16,0.14285714285714285,0.01,True,True,True,False,True,False,False
720575940618354267,flow,afferent,3051,400,0.25,0.16,0.04,0.01,True,True,True,False,True,False,False
720575940620405869,flow,afferent,2309,400,0.25,0.16,0.14285714285714285,0.01,False,True,True,False,True,True,False
720575940620405869,flow,afferent,2309,400,0.25,0.16,0.04,0.01,False,False,True,False,True,False,False
720575940622461636,flow,afferent,9990,400,0.25,0.16,0.14285714285714285,0.01,False,True,False,False,False,False,False
720575940622461636,flow,afferent,9990,400,0.25,0.16,0.04,0.01,False,True,False,False,False,False,False
720575940632519588,flow,afferent,5168,400,0.25,0.16,0.14285714285714285,0.01,False,True,False,False,True,False,False
720575940632519588,flow,afferent,5168,400,0.25,0.16,0.04,0.01,False,True,False,False,True,False,False
720575940632830163,flow,afferent,3827,400,0.25,0.16,0.14285714285714285,0.01,False,True,True,False,True,True,False
720575940632830163,flow,afferent,3827,400,0.25,0.16,0.04,0.01,False,True,False,False,True,False,False
720575940618054981,flow,afferent,6752,400,0.25,0.16,0.14285714285714285,0.01,False,True,True,True,True,False,False
720575940618054981,flow,afferent,6752,400,0.25,0.16,0.04,0.01,False,True,False,False,True,False,False
720575940620686360,flow,afferent,1099,400,0.25,0.16,0.14285714285714285,0.01,True,True,True,False,True,True,False
720575940620686360,flow,afferent,1099,400,0.25,0.16,0.04,0.01,True,True,True,False,True,True,False
720575940608321922,flow,afferent,3430,400,0.25,0.16,0.14285714285714285,0.01,False,True,True,False,True,False,False
720575940608321922,flow,afferent,3430,400,0.25,0.16,0.04,0.01,False,True,True,False,True,False,False
720575940626574504,flow,afferent,1157,400,0.25,0.16,0.14285714285714285,0.01,True,True,True,False,False,True,False
720575940626574504,flow,afferent,1157,400,0.25,0.16,0.04,0.01,False,True,True,False,False,False,False
720575940653617910,flow,afferent,3597,400,0.25,0.16,0.14285714285714285,0.01,False,True,True,False,True,True,False
720575940653617910,flow,afferent,3597,400,0.25,0.16,0.04,0.01,False,True,True,False,False,False,False
720575940615500798,flow,afferent,1334,400,0.25,0.16,0.14285714285714285,0.01,False,True,False,False,True,True,False
720575940615500798,flow,afferent,1334,400,0.25,0.16,0.04,0.01,False,True,False,False,True,True,False
720575940625530114,flow,afferent,2920,400,0.25,0.16,0.14285714285714285,0.01,False,True,True,False,True,True,False
720575940625530114,flow,afferent,2920,400,0.25,0.16,0.04,0.01,False,True,True,False,True,True,False
720575940626021016,flow,afferent,1386,400,0.25,0.16,0.14285714285714285,0.01,False,True,False,False,True,True,False
720575940626021016,flow,afferent,1386,400,0.25,0.16,0.04,0.01,False,True,False,False,True,False,False
720575940620094366,flow,afferent,1852,400,0.25,0.16,0.14285714285714285,0.01,True,True,True,False,True,True,False
720575940620094366,flow,afferent,1852,400,0.25,0.16,0.04,0.01,True,True,False,False,True,True,False
720575940617084673,flow,afferent,10706,400,0.25,0.16,0.14285714285714285,0.01,True,True,False,False,False,False,False
720575940617084673,flow,afferent,10706,400,0.25,0.16,0.04,0.01,False,True,False,False,False,False,False
720575940625836925,flow,afferent,2919,400,0.25,0.16,0.14285714285714285,0.01,False,True,True,False,False,False,False
720575940625836925,flow,afferent,2919,400,0.25,0.16,0.04,0.01,False,True,True,False,False,False,False
720575940624833673,flow,afferent,3769,400,0.25,0.16,0.14285714285714285,0.01,True,True,True,False,True,True,False
720575940624833673,flow,afferent,3769,400,0.25,0.16,0.04,0.01,False,True,True,False,False,False,False
720575940623637995,flow,afferent,940,400,0.25,0.16,0.14285714285714285,0.01,False,True,True,True,True,True,False
720575940623637995,flow,afferent,940,400,0.25,0.16,0.04,0.01,False,True,True,False,True,True,False
720575940624948867,flow,afferent,3084,400,0.25,0.16,0.14285714285714285,0.01,False,True,False,False,True,False,False
720575940624948867,flow,afferent,3084,400,0.25,0.16,0.04,0.01,False,True,False,False,False,False,False
720575940620593840,flow,afferent,4283,400,0.25,0.16,0.14285714285714285,0.01,True,True,True,False,True,False,False
720575940620593840,flow,afferent,4283,400,0.25,0.16,0.04,0.01,False,True,False,False,False,False,False
720575940629009468,flow,afferent,4777,400,0.25,0.16,0.14285714285714285,0.01,False,True,False,False,False,False,False
720575940629009468,flow,afferent,4777,400,0.25,0.16,0.04,0.01,False,True,False,False,False,False,False
720575940619360065,flow,afferent,3129,400,0.25,0.16,0.14285714285714285,0.01,False,True,True,False,False,False,False
720575940619360065,flow,afferent,3129,400,0.25,0.16,0.04,0.01,False,True,True,False,False,False,False
720575940625148505,flow,afferent,3353,400,0.25,0.16,0.14285714285714285,0.01,False,True,True,False,True,True,False
720575940625148505,flow,afferent,3353,400,0.25,0.16,0.04,0.01,False,True,False,False,False,True,False
720575940627930630,flow,afferent,1256,400,0.25,0.16,0.14285714285714285,0.01,False,True,True,True,True,True,False
720575940627930630,flow,afferent,1256,400,0.25,0.16,0.04,0.01,False,True,True,True,True,True,False
720575940639196760,flow,afferent,3559,400,0.25,0.16,0.14285714285714285,0.01,True,True,True,True,True,False,False
720575940639196760,flow,afferent,3559,400,0.25,0.16,0.04,0.01,False,True,False,False,False,False,False
720575940627454569,flow,afferent,5100,400,0.25,0.16,0.14285714285714285,0.01,False,True,True,False,True,True,False
720575940627454569,flow,afferent,5100,400,0.25,0.16,0.04,0.01,False,True,False,False,True,True,False
720575940609913042,flow,afferent,8225,400,0.25,0.16,0.14285714285714285,0.01,False,True,False,False,True,False,False
720575940609913042,flow,afferent,8225,400,0.25,0.16,0.04,0.01,False,True,False,False,False,False,False
720575940644663332,flow,afferent,2446,400,0.25,0.16,0.14285714285714285,0.01,False,True,True,False,False,False,False
720575940644663332,flow,afferent,2446,400,0.25,0.16,0.04,0.01,False,True,True,False,False,False,False
720575940617828766,flow,afferent,4544,400,0.25,0.16,0.14285714285714285,0.01,False,True,True,False,False,False,False
720575940617828766,flow,afferent,4544,400,0.25,0.16,0.04,0.01,False,True,True,False,False,False,False
720575940639043280,flow,afferent,1977,400,0.25,0.16,0.14285714285714285,0.01,False,True,True,False,True,True,False
720575940639043280,flow,afferent,1977,400,0.25,0.16,0.04,0.01,False,True,True,False,False,True,False
720575940615957563,flow,afferent,2302,400,0.25,0.16,0.14285714285714285,0.01,True,True,True,False,False,False,False
720575940615957563,flow,afferent,2302,400,0.25,0.16,0.04,0.01,False,True,False,False,False,False,False
720575940621791664,flow,afferent,540,400,0.25,0.16,0.14285714285714285,0.01,True,True,True,True,True,False,False
720575940621791664,flow,afferent,540,400,0.25,0.16,0.04,0.01,True,True,True,True,True,False,False
720575940632423394,flow,afferent,2618,400,0.25,0.16,0.14285714285714285,0.01,False,True,False,False,True,True,False
720575940632423394,flow,afferent,2618,400,0.25,0.16,0.04,0.01,False,True,False,False,True,False,False
720575940633791935,flow,afferent,5917,400,0.25,0.16,0.14285714285714285,0.01,False,True,True,False,True,False,False
720575940633791935,flow,afferent,5917,400,0.25,0.16,0.04,0.01,False,True,False,False,False,False,False
720575940621870349,flow,afferent,2382,400,0.25,0.16,0.14285714285714285,0.01,False,True,False,False,True,True,False
720575940621870349,flow,afferent,2382,400,0.25,0.16,0.04,0.01,False,True,False,False,True,False,False
720575940610259406,flow,afferent,2854,400,0.25,0.16,0.14285714285714285,0.01,False,True,False,False,False,False,False
720575940610259406,flow,afferent,2854,400,0.25,0.16,0.04,0.01,False,True,False,False,False,False,False
720575940637130985,flow,afferent,7390,400,0.25,0.16,0.14285714285714285,0.01,True,True,True,False,False,False,False
720575940637130985,flow,afferent,7390,400,0.25,0.16,0.04,0.01,False,True,False,False,False,False,False
720575940613698747,flow,afferent,2896,400,0.25,0.16,0.14285714285714285,0.01,False,True,True,False,False,False,False
720575940613698747,flow,afferent,2896,400,0.25,0.16,0.04,0.01,False,True,True,False,False,False,False
720575940633143833,flow,afferent,2174,400,0.25,0.16,0.14285714285714285,0.01,False,True,True,False,True,True,False
720575940633143833,flow,afferent,2174,400,0.25,0.16,0.04,0.01,False,True,True,False,True,True,False
720575940629534458,flow,afferent,783,400,0.25,0.16,0.14285714285714285,0.01,True,True,True,False,True,False,False
720575940629534458,flow,afferent,783,400,0.25,0.16,0.04,0.01,True,True,True,False,False,False,False
720575940645493283,flow,afferent,2496,400,0.25,0.16,0.14285714285714285,0.01,True,True,True,False,True,True,False
720575940645493283,flow,afferent,2496,400,0.25,0.16,0.04,0.01,True,True,True,False,True,True,False
720575940626309509,flow,afferent,5329,400,0.25,0.16,0.14285714285714285,0.01,False,True,False,True,True,True,False
720575940626309509,flow,afferent,5329,400,0.25,0.16,0.04,0.01,False,True,False,False,True,False,False
720575940638419534,flow,afferent,6826,400,0.25,0.16,0.14285714285714285,0.01,False,True,True,False,False,False,False
720575940638419534,flow,afferent,6826,400,0.25,0.16,0.04,0.01,False,True,False,False,False,False,False
720575940613413374,flow,afferent,3445,400,0.25,0.16,0.14285714285714285,0.01,False,True,True,False,False,False,False
720575940613413374,flow,afferent,3445,400,0.25,0.16,0.04,0.01,False,True,True,False,False,False,False
720575940626396803,flow,afferent,2564,400,0.25,0.16,0.14285714285714285,0.01,True,True,True,False,True,True,False
720575940626396803,flow,afferent,2564,400,0.25,0.16,0.04,0.01,True,True,True,False,True,False,False
720575940632080671,flow,afferent,2167,400,0.25,0.16,0.14285714285714285,0.01,False,True,True,False,False,False,False
720575940632080671,flow,afferent,2167,400,0.25,0.16,0.04,0.01,False,True,True,False,False,False,False
720575940621717025,flow,afferent,1430,400,0.25,0.16,0.14285714285714285,0.01,False,True,True,False,True,True,False
720575940621717025,flow,afferent,1430,400,0.25,0.16,0.04,0.01,False,True,True,False,True,False,False
720575940630195909,flow,afferent,729,400,0.25,0.16,0.14285714285714285,0.01,True,True,True,False,True,True,False
720575940630195909,flow,afferent,729,400,0.25,0.16,0.04,0.01,True,True,True,False,True,True,False
720575940625871181,flow,afferent,2498,400,0.25,0.16,0.14285714285714285,0.01,True,True,True,False,True,True,False
720575940625871181,flow,afferent,2498,400,0.25,0.16,0.04,0.01,True,True,True,False,True,False,False
720575940622346180,flow,afferent,3295,400,0.25,0.16,0.14285714285714285,0.01,False,True,True,False,True,False,False
720575940622346180,flow,afferent,3295,400,0.25,0.16,0.04,0.01,False,True,False,False,True,False,False
720575940628672122,flow,afferent,2944,400,0.25,0.16,0.14285714285714285,0.01,False,True,True,False,False,False,False
720575940628672122,flow,afferent,2944,400,0.25,0.16,0.04,0.01,False,True,True,False,False,False,False
720575940626093553,flow,afferent,2488,400,0.25,0.16,0.14285714285714285,0.01,False,True,True,False,False,False,False
720575940626093553,flow,afferent,2488,400,0.25,0.16,0.04,0.01,False,True,True,False,False,False,False
720575940645332259,flow,afferent,953,400,0.25,0.16,0.14285714285714285,0.01,True,True,True,False,True,True,False
720575940645332259,flow,afferent,953,400,0.25,0.16,0.04,0.01,False,True,True,False,False,True,False
720575940606239666,flow,afferent,2839,400,0.25,0.16,0.14285714285714285,0.01,True,True,True,False,True,False,False
720575940606239666,flow,afferent,2839,400,0.25,0.16,0.04,0.01,True,True,True,False,True,False,False
720575940625163790,flow,afferent,3413,400,0.25,0.16,0.14285714285714285,0.01,False,True,False,False,True,False,False
720575940625163790,flow,afferent,3413,400,0.25,0.16,0.04,0.01,False,True,False,False,False,False,False
720575940620649972,flow,afferent,3096,400,0.25,0.16,0.14285714285714285,0.01,True,True,False,False,True,True,False
720575940620649972,flow,afferent,3096,400,0.25,0.16,0.04,0.01,False,True,False,False,True,False,False
720575940635960462,flow,afferent,3401,400,0.25,0.16,0.14285714285714285,0.01,False,True,True,False,True,True,False
720575940635960462,flow,afferent,3401,400,0.25,0.16,0.04,0.01,False,True,False,False,False,False,False
720575940624391667,flow,afferent,1989,400,0.25,0.16,0.14285714285714285,0.01,False,True,True,False,False,True,False
720575940624391667,flow,afferent,1989,400,0.25,0.16,0.04,0.01,False,True,False,False,False,True,False
720575940619934411,flow,afferent,3473,400,0.25,0.16,0.14285714285714285,0.01,False,True,True,False,False,False,False
720575940619934411,flow,afferent,3473,400,0.25,0.16,0.04,0.01,False,True,True,False,False,False,False
720575940618363072,flow,afferent,4316,400,0.25,0.16,0.14285714285714285,0.01,False,True,True,False,False,False,False
720575940618363072,flow,afferent,4316,400,0.25,0.16,0.04,0.01,False,True,True,False,False,False,False
720575940611018714,flow,afferent,1952,400,0.25,0.16,0.14285714285714285,0.01,False,True,True,False,False,True,False
720575940611018714,flow,afferent,1952,400,0.25,0.16,0.04,0.01,False,True,True,False,False,False,False
720575940615035323,flow,afferent,2581,400,0.25,0.16,0.14285714285714285,0.01,False,True,True,False,True,True,False
720575940615035323,flow,afferent,2581,400,0.25,0.16,0.04,0.01,False,True,True,False,False,False,False
720575940635549364,flow,afferent,2042,400,0.25,0.16,0.14285714285714285,0.01,False,True,True,False,True,True,False
720575940635549364,flow,afferent,2042,400,0.25,0.16,0.04,0.01,False,True,True,False,False,False,False
720575940613167766,flow,afferent,4633,400,0.25,0.16,0.14285714285714285,0.01,False,True,True,False,False,False,False
720575940613167766,flow,afferent,4633,400,0.25,0.16,0.04,0.01,False,True,True,False,False,False,False
720575940631291666,flow,afferent,4013,400,0.25,0.16,0.14285714285714285,0.01,False,True,True,False,False,False,False
720575940631291666,flow,afferent,4013,400,0.25,0.16,0.04,0.01,False,True,True,False,False,False,False
720575940635962254,flow,afferent,4142,400,0.25,0.16,0.14285714285714285,0.01,False,True,True,False,False,False,False
720575940635962254,flow,afferent,4142,400,0.25,0.16,0.04,0.01,False,True,True,False,False,False,False
720575940629004158,flow,afferent,3949,400,0.25,0.16,0.14285714285714285,0.01,False,True,True,False,False,False,False
720575940629004158,flow,afferent,3949,400,0.25,0.16,0.04,0.01,False,True,True,False,False,False,False
720575940609644498,flow,afferent,4567,400,0.25,0.16,0.14285714285714285,0.01,False,True,True,False,False,False,False
720575940609644498,flow,afferent,4567,400,0.25,0.16,0.04,0.01,False,True,True,False,False,False,False
720575940611630194,flow,afferent,4115,400,0.25,0.16,0.14285714285714285,0.01,True,True,True,False,True,False,False
720575940611630194,flow,afferent,4115,400,0.25,0.16,0.04,0.01,False,True,True,False,True,False,False
720575940629917471,flow,afferent,1555,400,0.25,0.16,0.14285714285714285,0.01,False,True,True,False,True,True,False
720575940629917471,flow,afferent,1555,400,0.25,0.16,0.04,0.01,False,True,True,False,False,False,False
720575940631020079,flow,afferent,726,400,0.25,0.16,0.14285714285714285,0.01,False,True,False,False,True,True,False
720575940631020079,flow,afferent,726,400,0.25,0.16,0.04,0.01,False,True,False,False,False,True,False
720575940641119885,flow,afferent,510,400,0.25,0.16,0.14285714285714285,0.01,True,True,False,False,True,True,False
720575940641119885,flow,afferent,510,400,0.25,0.16,0.04,0.01,False,True,False,False,True,True,False
720575940614336739,flow,afferent,3873,400,0.25,0.16,0.14285714285714285,0.01,False,True,True,False,False,False,False
720575940614336739,flow,afferent,3873,400,0.25,0.16,0.04,0.01,False,True,True,False,False,False,False
720575940635044344,flow,afferent,887,400,0.25,0.16,0.14285714285714285,0.01,True,True,True,False,True,False,False
720575940635044344,flow,afferent,887,400,0.25,0.16,0.04,0.01,False,True,True,False,False,False,False
720575940602703072,flow,afferent,2936,400,0.25,0.16,0.14285714285714285,0.01,False,True,True,False,True,True,False
720575940602703072,flow,afferent,2936,400,0.25,0.16,0.04,0.01,False,True,True,False,True,True,False
720575940634629353,flow,afferent,906,400,0.25,0.16,0.14285714285714285,0.01,True,True,True,False,True,True,False
720575940634629353,flow,afferent,906,400,0.25,0.16,0.04,0.01,True,True,True,False,True,True,False
720575940631505711,flow,afferent,6677,400,0.25,0.16,0.14285714285714285,0.01,False,True,True,False,True,False,False
720575940631505711,flow,afferent,6677,400,0.25,0.16,0.04,0.01,False,True,False,False,True,False,False
720575940628435151,flow,afferent,4812,400,0.25,0.16,0.14285714285714285,0.01,False,True,True,False,False,False,False
720575940628435151,flow,afferent,4812,400,0.25,0.16,0.04,0.01,False,True,True,False,False,False,False
720575940631283727,flow,afferent,4452,400,0.25,0.16,0.14285714285714285,0.01,False,True,False,False,False,False,False
720575940631283727,flow,afferent,4452,400,0.25,0.16,0.04,0.01,False,True,False,False,False,False,False
720575940627175445,flow,afferent,5580,400,0.25,0.16,0.14285714285714285,0.01,False,True,False,False,False,False,False
720575940627175445,flow,afferent,5580,400,0.25,0.16,0.04,0.01,False,True,False,False,False,False,False
720575940616194443,flow,afferent,8437,400,0.25,0.16,0.14285714285714285,0.01,False,True,True,False,False,False,False
720575940616194443,flow,afferent,8437,400,0.25,0.16,0.04,0.01,False,True,True,False,False,False,False
720575940622416628,flow,afferent,14274,400,0.25,0.16,0.14285714285714285,0.01,False,True,True,False,False,False,False
720575940622416628,flow,afferent,14274,400,0.25,0.16,0.04,0.01,False,True,False,False,False,False,False
720575940622779076,flow,afferent,3685,400,0.25,0.16,0.14285714285714285,0.01,True,True,True,False,True,False,False
720575940622779076,flow,afferent,3685,400,0.25,0.16,0.04,0.01,True,True,True,False,False,False,False
720575940631844300,flow,afferent,2409,400,0.25,0.16,0.14285714285714285,0.01,True,True,True,False,False,True,False
720575940631844300,flow,afferent,2409,400,0.25,0.16,0.04,0.01,False,True,True,False,False,False,False
720575940623396240,flow,afferent,1075,400,0.25,0.16,0.14285714285714285,0.01,True,True,True,False,True,False,False
720575940623396240,flow,afferent,1075,400,0.25,0.16,0.04,0.01,False,True,False,False,True,False,False
720575940624810782,flow,afferent,5415,400,0.25,0.16,0.14285714285714285,0.01,False,True,False,False,True,False,False
720575940624810782,flow,afferent,5415,400,0.25,0.16,0.04,0.01,False,True,False,False,True,False,False
720575940635715647,flow,afferent,2153,400,0.25,0.16,0.14285714285714285,0.01,False,True,False,False,False,False,False
720575940635715647,flow,afferent,2153,400,0.25,0.16,0.04,0.01,False,True,False,False,False,False,False
720575940628382875,flow,afferent,2514,400,0.25,0.16,0.14285714285714285,0.01,False,True,False,False,True,False,False
720575940628382875,flow,afferent,2514,400,0.25,0.16,0.04,0.01,False,True,False,False,True,False,False
720575940643001288,flow,afferent,606,400,0.25,0.16,0.14285714285714285,0.01,False,True,True,False,True,True,False
720575940643001288,flow,afferent,606,400,0.25,0.16,0.04,0.01,False,True,True,False,True,True,False
720575940615990614,flow,afferent,3534,400,0.25,0.16,0.14285714285714285,0.01,True,True,True,False,False,False,False
720575940615990614,flow,afferent,3534,400,0.25,0.16,0.04,0.01,True,False,True,False,False,False,False
720575940615460255,flow,afferent,10599,400,0.25,0.16,0.14285714285714285,0.01,False,True,False,False,False,False,False
720575940615460255,flow,afferent,10599,400,0.25,0.16,0.04,0.01,False,True,False,False,False,False,False
720575940626117904,flow,afferent,592,400,0.25,0.16,0.14285714285714285,0.01,False,True,True,False,True,True,False
720575940626117904,flow,afferent,592,400,0.25,0.16,0.04,0.01,False,True,True,False,True,True,False
720575940636643406,flow,afferent,567,400,0.25,0.16,0.14285714285714285,0.01,False,True,True,False,True,True,False
720575940636643406,flow,afferent,567,400,0.25,0.16,0.04,0.01,False,True,True,False,True,True,False
720575940631344971,flow,afferent,1527,400,0.25,0.16,0.14285714285714285,0.01,False,True,True,False,True,True,False
720575940631344971,flow,afferent,1527,400,0.25,0.16,0.04,0.01,False,True,False,False,True,True,False
720575940636822069,flow,afferent,1835,400,0.25,0.16,0.14285714285714285,0.01,True,True,True,False,True,True,False
720575940636822069,flow,afferent,1835,400,0.25,0.16,0.04,0.01,True,True,True,False,True,True,False
720575940635462757,flow,afferent,6232,400,0.25,0.16,0.14285714285714285,0.01,False,True,False,False,False,False,False
720575940635462757,flow,afferent,6232,400,0.25,0.16,0.04,0.01,False,True,False,False,False,False,False
720575940612468130,flow,afferent,498,400,0.25,0.16,0.14285714285714285,0.01,False,True,True,False,True,False,False
720575940612468130,flow,afferent,498,400,0.25,0.16,0.04,0.01,False,True,True,False,True,False,False
720575940603479910,flow,afferent,485,400,0.25,0.16,0.14285714285714285,0.01,False,True,False,False,True,False,False
720575940603479910,flow,afferent,485,400,0.25,0.16,0.04,0.01,False,True,False,False,False,False,False
720575940611290354,flow,afferent,3285,400,0.25,0.16,0.14285714285714285,0.01,True,True,True,False,True,False,False
720575940611290354,flow,afferent,3285,400,0.25,0.16,0.04,0.01,True,True,True,False,True,False,False
720575940638737341,flow,afferent,1239,400,0.25,0.16,0.14285714285714285,0.01,True,True,True,False,True,True,False
720575940638737341,flow,afferent,1239,400,0.25,0.16,0.04,0.01,True,True,True,False,True,False,False
720575940621787371,flow,afferent,3385,400,0.25,0.16,0.14285714285714285,0.01,False,True,True,False,True,True,False
720575940621787371,flow,afferent,3385,400,0.25,0.16,0.04,0.01,False,True,False,False,True,False,False
720575940638604021,flow,afferent,1956,400,0.25,0.16,0.14285714285714285,0.01,True,True,True,False,True,True,False
720575940638604021,flow,afferent,1956,400,0.25,0.16,0.04,0.01,False,True,True,False,True,False,False
720575940608683477,flow,afferent,7327,400,0.25,0.16,0.14285714285714285,0.01,False,True,False,False,True,True,False
720575940608683477,flow,afferent,7327,400,0.25,0.16,0.04,0.01,False,True,False,False,True,False,False
720575940610640482,flow,afferent,47826,400,0.25,0.16,0.14285714285714285,0.01,True,True,True,False,False,False,False
720575940610640482,flow,afferent,47826,400,0.25,0.16,0.04,0.01,True,False,True,False,False,False,False
720575940633288372,flow,afferent,3420,400,0.25,0.16,0.14285714285714285,0.01,True,True,True,False,True,True,False
720575940633288372,flow,afferent,3420,400,0.25,0.16,0.04,0.01,False,True,False,False,True,False,False
720575940639787630,flow,afferent,3024,400,0.25,0.16,0.14285714285714285,0.01,False,True,True,False,True,True,False
720575940639787630,flow,afferent,3024,400,0.25,0.16,0.04,0.01,False,True,False,False,True,True,False
720575940639792494,flow,afferent,1096,400,0.25,0.16,0.14285714285714285,0.01,True,True,False,False,True,True,False
720575940639792494,flow,afferent,1096,400,0.25,0.16,0.04,0.01,True,True,False,False,True,True,False
720575940640002071,flow,afferent,1582,400,0.25,0.16,0.14285714285714285,0.01,False,True,True,False,False,False,False
720575940640002071,flow,afferent,1582,400,0.25,0.16,0.04,0.01,False,True,True,False,False,False,False
720575940638446032,flow,afferent,1324,400,0.25,0.16,0.14285714285714285,0.01,False,True,True,False,True,False,False
720575940638446032,flow,afferent,1324,400,0.25,0.16,0.04,0.01,False,True,True,False,False,False,False
720575940640962158,flow,afferent,2235,400,0.25,0.16,0.14285714285714285,0.01,True,True,True,True,True,True,False
720575940640962158,flow,afferent,2235,400,0.25,0.16,0.04,0.01,True,False,True,False,True,True,False
720575940623497653,flow,afferent,3927,400,0.25,0.16,0.14285714285714285,0.01,True,True,True,False,True,True,False
720575940623497653,flow,afferent,3927,400,0.25,0.16,0.04,0.01,True,False,True,False,True,True,False
720575940608887235,flow,afferent,4440,400,0.25,0.16,0.14285714285714285,0.01,False,True,True,False,True,False,False
720575940608887235,flow,afferent,4440,400,0.25,0.16,0.04,0.01,False,True,True,False,True,False,False
720575940641728712,flow,afferent,704,400,0.25,0.16,0.14285714285714285,0.01,True,True,True,False,True,True,False
720575940641728712,flow,afferent,704,400,0.25,0.16,0.04,0.01,True,True,True,False,True,True,False
720575940635611060,flow,afferent,3446,400,0.25,0.16,0.14285714285714285,0.01,False,True,False,False,True,True,False
720575940635611060,flow,afferent,3446,400,0.25,0.16,0.04,0.01,False,True,False,False,True,False,False
720575940629524483,flow,afferent,1906,400,0.25,0.16,0.14285714285714285,0.01,False,True,False,False,True,True,False
720575940629524483,flow,afferent,1906,400,0.25,0.16,0.04,0.01,False,True,False,False,True,True,False
720575940642245742,flow,afferent,1135,400,0.25,0.16,0.14285714285714285,0.01,False,True,True,False,True,True,False
720575940642245742,flow,afferent,1135,400,0.25,0.16,0.04,0.01,False,True,True,False,True,True,False
720575940629589711,flow,afferent,10431,400,0.25,0.16,0.14285714285714285,0.01,False,True,False,False,False,False,False
720575940629589711,flow,afferent,10431,400,0.25,0.16,0.04,0.01,False,True,False,False,False,False,False
720575940617693264,flow,afferent,686,400,0.25,0.16,0.14285714285714285,0.01,False,True,False,False,True,False,False
720575940617693264,flow,afferent,686,400,0.25,0.16,0.04,0.01,False,True,False,False,True,False,False
720575940646307574,flow,afferent,2459,400,0.25,0.16,0.14285714285714285,0.01,False,True,False,False,False,False,False
720575940646307574,flow,afferent,2459,400,0.25,0.16,0.04,0.01,False,True,False,False,False,False,False
720575940626484523,flow,afferent,1649,400,0.25,0.16,0.14285714285714285,0.01,False,True,True,True,False,False,False
720575940626484523,flow,afferent,1649,400,0.25,0.16,0.04,0.01,False,True,True,False,False,False,False
720575940628876111,flow,afferent,8831,400,0.25,0.16,0.14285714285714285,0.01,False,True,True,False,False,False,False
720575940628876111,flow,afferent,8831,400,0.25,0.16,0.04,0.01,False,True,False,False,False,False,False
720575940651145857,flow,afferent,5979,400,0.25,0.16,0.14285714285714285,0.01,True,True,True,False,False,False,False
720575940651145857,flow,afferent,5979,400,0.25,0.16,0.04,0.01,True,True,True,False,False,False,False
720575940612580067,flow,afferent,8964,400,0.25,0.16,0.14285714285714285,0.01,True,True,True,False,False,True,False
720575940612580067,flow,afferent,8964,400,0.25,0.16,0.04,0.01,False,True,True,False,False,False,False
720575940654759553,flow,afferent,2103,400,0.25,0.16,0.14285714285714285,0.01,False,True,False,False,False,False,False
720575940654759553,flow,afferent,2103,400,0.25,0.16,0.04,0.01,False,True,False,False,False,False,False
720575940638197737,flow,afferent,2132,400,0.25,0.16,0.14285714285714285,0.01,True,True,True,False,False,True,False
720575940638197737,flow,afferent,2132,400,0.25,0.16,0.04,0.01,True,True,True,False,False,False,False
720575940628680177,flow,afferent,2226,400,0.25,0.16,0.14285714285714285,0.01,True,True,True,True,True,True,False
720575940628680177,flow,afferent,2226,400,0.25,0.16,0.04,0.01,True,True,True,True,True,True,False
720575940615294609,flow,afferent,453,400,0.25,0.16,0.14285714285714285,0.01,True,True,True,False,True,False,False
720575940615294609,flow,afferent,453,400,0.25,0.16,0.04,0.01,True,True,True,False,False,False,False
720575940629062162,flow,afferent,817,400,0.25,0.16,0.14285714285714285,0.01,False,True,True,False,True,False,False
720575940629062162,flow,afferent,817,400,0.25,0.16,0.04,0.01,False,True,True,False,False,False,False
720575940631417057,flow,afferent,919,400,0.25,0.16,0.14285714285714285,0.01,False,True,True,False,True,False,False
720575940631417057,flow,afferent,919,400,0.25,0.16,0.04,0.01,False,True,False,False,True,False,False
720575940615881501,flow,afferent,951,400,0.25,0.16,0.14285714285714285,0.01,True,True,True,False,True,False,False
720575940615881501,flow,afferent,951,400,0.25,0.16,0.04,0.01,True,True,True,False,True,False,False
720575940645150852,flow,afferent,523,400,0.25,0.16,0.14285714285714285,0.01,False,True,True,False,True,False,False
720575940645150852,flow,afferent,523,400,0.25,0.16,0.04,0.01,False,True,True,False,True,False,False
720575940627575495,flow,afferent,852,400,0.25,0.16,0.14285714285714285,0.01,False,True,True,False,True,False,False
720575940627575495,flow,afferent,852,400,0.25,0.16,0.04,0.01,False,True,True,False,True,False,False
720575940633009121,flow,afferent,606,400,0.25,0.16,0.14285714285714285,0.01,False,True,True,False,False,True,False
720575940633009121,flow,afferent,606,400,0.25,0.16,0.04,0.01,False,True,True,False,False,True,False
720575940629371960,flow,afferent,867,400,0.25,0.16,0.14285714285714285,0.01,True,True,True,False,True,False,False
720575940629371960,flow,afferent,867,400,0.25,0.16,0.04,0.01,True,True,False,False,True,False,False
720575940614444959,flow,afferent,1796,400,0.25,0.16,0.14285714285714285,0.01,False,True,False,False,True,False,False
720575940614444959,flow,afferent,1796,400,0.25,0.16,0.04,0.01,False,True,False,False,False,False,False
720575940628074199,flow,afferent,522,400,0.25,0.16,0.14285714285714285,0.01,False,True,True,False,True,False,False
720575940628074199,flow,afferent,522,400,0.25,0.16,0.04,0.01,False,True,True,False,True,False,False
720575940624108060,flow,afferent,412,400,0.25,0.16,0.14285714285714285,0.01,False,True,False,True,True,False,False
720575940624108060,flow,afferent,412,400,0.25,0.16,0.04,0.01,False,True,False,True,True,False,False
720575940606303755,flow,afferent,741,400,0.25,0.16,0.14285714285714285,0.01,False,True,False,False,False,False,False
720575940606303755,flow,afferent,741,400,0.25,0.16,0.04,0.01,False,True,False,False,False,False,False
720575940628884267,flow,afferent,1482,400,0.25,0.16,0.14285714285714285,0.01,False,True,True,False,True,False,False
720575940628884267,flow,afferent,1482,400,0.25,0.16,0.04,0.01,False,True,False,False,True,False,False
720575940627931196,flow,afferent,638,400,0.25,0.16,0.14285714285714285,0.01,False,True,True,False,True,False,False
720575940627931196,flow,afferent,638,400,0.25,0.16,0.04,0.01,False,True,True,False,True,False,False
720575940621975773,flow,afferent,5016,400,0.25,0.16,0.14285714285714285,0.01,True,True,True,False,False,False,False
720575940621975773,flow,afferent,5016,400,0.25,0.16,0.04,0.01,True,True,False,False,False,False,False
720575940633189624,flow,afferent,919,400,0.25,0.16,0.14285714285714285,0.01,False,True,True,False,False,False,False
720575940633189624,flow,afferent,919,400,0.25,0.16,0.04,0.01,False,True,True,False,False,False,False
720575940618230443,flow,afferent,3470,400,0.25,0.16,0.14285714285714285,0.01,True,True,True,False,False,False,False
720575940618230443,flow,afferent,3470,400,0.25,0.16,0.04,0.01,True,True,True,False,False,False,False
720575940633677167,flow,afferent,12616,400,0.25,0.16,0.14285714285714285,0.01,False,True,False,False,False,False,False
720575940633677167,flow,afferent,12616,400,0.25,0.16,0.04,0.01,False,True,False,False,False,False,False
720575940621846525,flow,afferent,2127,400,0.25,0.16,0.14285714285714285,0.01,True,True,True,False,False,True,False
720575940621846525,flow,afferent,2127,400,0.25,0.16,0.04,0.01,True,True,True,False,False,False,False
720575940626569554,flow,afferent,10402,400,0.25,0.16,0.14285714285714285,0.01,False,True,False,False,False,False,False
720575940626569554,flow,afferent,10402,400,0.25,0.16,0.04,0.01,False,True,False,False,False,False,False
720575940620298260,flow,afferent,1675,400,0.25,0.16,0.14285714285714285,0.01,False,True,True,False,True,False,False
720575940620298260,flow,afferent,1675,400,0.25,0.16,0.04,0.01,False,True,True,False,False,False,False
720575940611775717,flow,afferent,8806,400,0.25,0.16,0.14285714285714285,0.01,False,True,False,False,False,False,False
720575940611775717,flow,afferent,8806,400,0.25,0.16,0.04,0.01,False,True,False,False,False,False,False
720575940617932289,flow,afferent,5419,400,0.25,0.16,0.14285714285714285,0.01,True,True,True,False,False,False,False
720575940617932289,flow,afferent,5419,400,0.25,0.16,0.04,0.01,True,False,True,False,False,False,False
720575940621399156,flow,afferent,1421,400,0.25,0.16,0.14285714285714285,0.01,True,True,True,False,False,False,False
720575940621399156,flow,afferent,1421,400,0.25,0.16,0.04,0.01,True,True,True,False,False,False,False
720575940606718642,flow,afferent,1210,400,0.25,0.16,0.14285714285714285,0.01,True,True,True,False,False,False,False
720575940606718642,flow,afferent,1210,400,0.25,0.16,0.04,0.01,True,True,True,False,False,False,False
720575940622447309,flow,afferent,3291,400,0.25,0.16,0.14285714285714285,0.01,True,True,True,True,True,True,False
720575940622447309,flow,afferent,3291,400,0.25,0.16,0.04,0.01,True,True,True,True,True,True,False
720575940619037616,flow,afferent,1029,400,0.25,0.16,0.14285714285714285,0.01,False,True,True,False,True,False,False
720575940619037616,flow,afferent,1029,400,0.25,0.16,0.04,0.01,False,True,True,False,True,False,False
720575940626357865,flow,afferent,495,400,0.25,0.16,0.14285714285714285,0.01,True,True,True,False,True,False,False
720575940626357865,flow,afferent,495,400,0.25,0.16,0.04,0.01,True,True,True,False,True,False,False
720575940615634589,flow,afferent,728,400,0.25,0.16,0.14285714285714285,0.01,True,True,True,False,True,False,False
720575940615634589,flow,afferent,728,400,0.25,0.16,0.04,0.01,True,True,False,False,True,False,False
720575940625599304,flow,afferent,668,400,0.25,0.16,0.14285714285714285,0.01,True,True,True,False,True,False,False
720575940625599304,flow,afferent,668,400,0.25,0.16,0.04,0.01,False,True,True,False,True,False,False
720575940623862590,flow,afferent,605,400,0.25,0.16,0.14285714285714285,0.01,True,True,True,False,True,False,False
720575940623862590,flow,afferent,605,400,0.25,0.16,0.04,0.01,True,True,True,False,False,False,False
720575940617718864,flow,afferent,523,400,0.25,0.16,0.14285714285714285,0.01,False,True,True,False,True,False,False
720575940617718864,flow,afferent,523,400,0.25,0.16,0.04,0.01,False,True,True,False,True,False,False
720575940638863093,flow,afferent,494,400,0.25,0.16,0.14285714285714285,0.01,True,True,True,True,True,False,False
720575940638863093,flow,afferent,494,400,0.25,0.16,0.04,0.01,True,True,True,True,True,False,False
720575940613533234,flow,afferent,447,400,0.25,0.16,0.14285714285714285,0.01,True,True,True,False,True,True,False
720575940613533234,flow,afferent,447,400,0.25,0.16,0.04,0.01,True,True,True,False,True,True,False
720575940613749702,flow,afferent,3342,400,0.25,0.16,0.14285714285714285,0.01,True,True,True,False,False,False,False
720575940613749702,flow,afferent,3342,400,0.25,0.16,0.04,0.01,True,True,True,False,False,False,False
720575940652617121,flow,afferent,1895,400,0.25,0.16,0.14285714285714285,0.01,True,True,True,False,False,False,False
720575940652617121,flow,afferent,1895,400,0.25,0.16,0.04,0.01,True,True,True,False,False,False,False
720575940625905660,flow,afferent,840,400,0.25,0.16,0.14285714285714285,0.01,True,True,True,False,True,True,False
720575940625905660,flow,afferent,840,400,0.25,0.16,0.04,0.01,True,True,True,False,True,True,False
720575940630060831,flow,afferent,702,400,0.25,0.16,0.14285714285714285,0.01,False,True,True,False,True,False,False
720575940630060831,flow,afferent,702,400,0.25,0.16,0.04,0.01,False,True,True,False,True,False,False
720575940612869087,flow,afferent,983,400,0.25,0.16,0.14285714285714285,0.01,False,True,True,False,True,False,False
720575940612869087,flow,afferent,983,400,0.25,0.16,0.04,0.01,False,True,True,False,False,False,False
720575940619800560,flow,afferent,477,400,0.25,0.16,0.14285714285714285,0.01,True,True,True,False,True,False,False
720575940619800560,flow,afferent,477,400,0.25,0.16,0.04,0.01,True,True,True,False,True,False,False
720575940618051237,flow,afferent,869,400,0.25,0.16,0.14285714285714285,0.01,False,True,True,False,True,False,False
720575940618051237,flow,afferent,869,400,0.25,0.16,0.04,0.01,False,True,True,False,True,False,False
720575940630395852,flow,afferent,646,400,0.25,0.16,0.14285714285714285,0.01,False,True,True,False,True,False,False
720575940630395852,flow,afferent,646,400,0.25,0.16,0.04,0.01,False,True,True,False,True,False,False
720575940620967679,flow,afferent,945,400,0.25,0.16,0.14285714285714285,0.01,False,True,True,False,True,False,False
720575940620967679,flow,afferent,945,400,0.25,0.16,0.04,0.01,False,True,True,False,True,False,False
720575940620055454,flow,afferent,3312,400,0.25,0.16,0.14285714285714285,0.01,False,True,False,False,False,False,False
720575940620055454,flow,afferent,3312,400,0.25,0.16,0.04,0.01,False,True,False,False,False,False,False
720575940613603737,flow,afferent,8629,400,0.25,0.16,0.14285714285714285,0.01,True,True,True,False,False,False,False
720575940613603737,flow,afferent,8629,400,0.25,0.16,0.04,0.01,True,True,True,False,False,False,False
720575940627044901,flow,afferent,2469,400,0.25,0.16,0.14285714285714285,0.01,True,True,True,False,False,False,False
720575940627044901,flow,afferent,2469,400,0.25,0.16,0.04,0.01,True,True,True,False,False,False,False
720575940622082518,flow,afferent,2270,400,0.25,0.16,0.14285714285714285,0.01,True,True,False,False,True,False,False
720575940622082518,flow,afferent,2270,400,0.25,0.16,0.04,0.01,False,True,False,False,False,False,False
720575940629007230,flow,afferent,2314,400,0.25,0.16,0.14285714285714285,0.01,True,True,False,False,True,False,False
720575940629007230,flow,afferent,2314,400,0.25,0.16,0.04,0.01,False,True,False,False,False,False,False
720575940617986345,flow,afferent,2335,400,0.25,0.16,0.14285714285714285,0.01,False,True,False,False,True,False,False
720575940617986345,flow,afferent,2335,400,0.25,0.16,0.04,0.01,False,True,False,False,False,False,False
720575940646372228,flow,afferent,2965,400,0.25,0.16,0.14285714285714285,0.01,True,True,False,False,True,False,False
720575940646372228,flow,afferent,2965,400,0.25,0.16,0.04,0.01,False,True,False,False,True,False,False
720575940635969399,flow,afferent,2287,400,0.25,0.16,0.14285714285714285,0.01,True,True,False,False,True,False,False
720575940635969399,flow,afferent,2287,400,0.25,0.16,0.04,0.01,False,True,False,False,False,False,False
720575940614844994,flow,afferent,1511,400,0.25,0.16,0.14285714285714285,0.01,True,True,False,False,True,True,False
720575940614844994,flow,afferent,1511,400,0.25,0.16,0.04,0.01,True,True,False,False,False,False,False
720575940646785924,flow,afferent,2198,400,0.25,0.16,0.14285714285714285,0.01,True,True,False,False,True,False,False
720575940646785924,flow,afferent,2198,400,0.25,0.16,0.04,0.01,False,True,False,False,True,False,False
720575940621831804,flow,afferent,731,400,0.25,0.16,0.14285714285714285,0.01,True,True,True,True,True,False,False
720575940621831804,flow,afferent,731,400,0.25,0.16,0.04,0.01,True,True,False,True,True,False,False
720575940631875298,flow,afferent,2102,400,0.25,0.16,0.14285714285714285,0.01,True,True,False,False,True,False,False
720575940631875298,flow,afferent,2102,400,0.25,0.16,0.04,0.01,True,True,False,False,False,False,False
720575940625293514,flow,afferent,3353,400,0.25,0.16,0.14285714285714285,0.01,True,True,True,True,True,False,False
720575940625293514,flow,afferent,3353,400,0.25,0.16,0.04,0.01,True,True,True,False,True,False,False
720575940620847086,flow,afferent,2153,400,0.25,0.16,0.14285714285714285,0.01,True,True,False,False,True,False,False
720575940620847086,flow,afferent,2153,400,0.25,0.16,0.04,0.01,False,True,False,False,False,False,False
720575940632913461,flow,afferent,2065,400,0.25,0.16,0.14285714285714285,0.01,True,True,False,False,True,False,False
720575940632913461,flow,afferent,2065,400,0.25,0.16,0.04,0.01,False,True,False,False,False,False,False
720575940617986089,flow,afferent,2112,400,0.25,0.16,0.14285714285714285,0.01,True,True,False,False,True,False,False
720575940617986089,flow,afferent,2112,400,0.25,0.16,0.04,0.01,False,True,False,False,False,False,False
720575940609792206,flow,afferent,1895,400,0.25,0.16,0.14285714285714285,0.01,True,True,False,False,True,False,False
720575940609792206,flow,afferent,1895,400,0.25,0.16,0.04,0.01,True,True,False,False,True,False,False
720575940623476661,flow,afferent,1815,400,0.25,0.16,0.14285714285714285,0.01,True,True,False,False,True,False,False
720575940623476661,flow,afferent,1815,400,0.25,0.16,0.04,0.01,True,True,False,False,False,False,False
720575940633059381,flow,afferent,1931,400,0.25,0.16,0.14285714285714285,0.01,True,True,False,False,True,False,False
720575940633059381,flow,afferent,1931,400,0.25,0.16,0.04,0.01,False,True,False,False,False,False,False
720575940630271862,flow,afferent,2012,400,0.25,0.16,0.14285714285714285,0.01,True,True,False,False,True,False,False
720575940630271862,flow,afferent,2012,400,0.25,0.16,0.04,0.01,False,True,False,False,False,False,False
720575940617665950,flow,afferent,1965,400,0.25,0.16,0.14285714285714285,0.01,True,True,False,False,False,False,False
720575940617665950,flow,afferent,1965,400,0.25,0.16,0.04,0.01,False,True,False,False,False,False,False
720575940617987113,flow,afferent,2000,400,0.25,0.16,0.14285714285714285,0.01,True,True,True,False,True,True,False
720575940617987113,flow,afferent,2000,400,0.25,0.16,0.04,0.01,False,True,True,False,False,False,False
720575940605264305,flow,afferent,1666,400,0.25,0.16,0.14285714285714285,0.01,True,True,False,False,True,False,False
720575940605264305,flow,afferent,1666,400,0.25,0.16,0.04,0.01,False,True,False,False,False,False,False
720575940614921501,flow,afferent,1917,400,0.25,0.16,0.14285714285714285,0.01,False,True,False,False,True,False,False
720575940614921501,flow,afferent,1917,400,0.25,0.16,0.04,0.01,False,True,False,False,True,False,False
720575940621654298,flow,afferent,1315,400,0.25,0.16,0.14285714285714285,0.01,True,True,False,False,True,True,False
720575940621654298,flow,afferent,1315,400,0.25,0.16,0.04,0.01,False,True,False,False,False,False,False
720575940638389437,flow,afferent,2280,400,0.25,0.16,0.14285714285714285,0.01,True,True,True,False,True,False,False
720575940638389437,flow,afferent,2280,400,0.25,0.16,0.04,0.01,True,True,True,False,True,False,False
720575940619385583,flow,afferent,1698,400,0.25,0.16,0.14285714285714285,0.01,True,True,False,False,True,True,False
720575940619385583,flow,afferent,1698,400,0.25,0.16,0.04,0.01,False,True,False,False,True,False,False
720575940627000582,flow,afferent,2988,400,0.25,0.16,0.14285714285714285,0.01,True,True,False,False,True,False,False
720575940627000582,flow,afferent,2988,400,0.25,0.16,0.04,0.01,False,True,False,False,False,False,False
720575940627606375,flow,afferent,1944,400,0.25,0.16,0.14285714285714285,0.01,True,True,False,False,True,True,False
720575940627606375,flow,afferent,1944,400,0.25,0.16,0.04,0.01,True,True,False,False,False,True,False
720575940614570793,flow,afferent,1785,400,0.25,0.16,0.14285714285714285,0.01,True,True,False,False,True,False,False
720575940614570793,flow,afferent,1785,400,0.25,0.16,0.04,0.01,False,True,False,False,False,False,False
720575940635767524,flow,afferent,2094,400,0.25,0.16,0.14285714285714285,0.01,True,True,True,False,False,False,False
720575940635767524,flow,afferent,2094,400,0.25,0.16,0.04,0.01,False,True,False,False,False,False,False
720575940624853600,flow,afferent,1945,400,0.25,0.16,0.14285714285714285,0.01,True,True,False,False,False,True,False
720575940624853600,flow,afferent,1945,400,0.25,0.16,0.04,0.01,False,True,False,False,False,True,False
720575940623503945,flow,afferent,1511,400,0.25,0.16,0.14285714285714285,0.01,True,True,False,False,True,True,False
720575940623503945,flow,afferent,1511,400,0.25,0.16,0.04,0.01,False,True,False,False,False,True,False
720575940625148174,flow,afferent,1730,400,0.25,0.16,0.14285714285714285,0.01,True,True,False,False,True,False,False
720575940625148174,flow,afferent,1730,400,0.25,0.16,0.04,0.01,True,True,False,False,True,False,False
720575940619419757,flow,afferent,883,400,0.25,0.16,0.14285714285714285,0.01,True,True,False,False,True,True,False
720575940619419757,flow,afferent,883,400,0.25,0.16,0.04,0.01,True,True,False,False,True,True,False
720575940613637782,flow,afferent,1424,400,0.25,0.16,0.14285714285714285,0.01,True,True,False,False,True,False,False
720575940613637782,flow,afferent,1424,400,0.25,0.16,0.04,0.01,False,True,False,False,False,False,False
720575940618912427,flow,afferent,1889,400,0.25,0.16,0.14285714285714285,0.01,True,True,False,False,False,True,False
720575940618912427,flow,afferent,1889,400,0.25,0.16,0.04,0.01,False,True,False,False,False,False,False
720575940603820716,flow,afferent,1694,400,0.25,0.16,0.14285714285714285,0.01,True,True,False,False,True,False,False
720575940603820716,flow,afferent,1694,400,0.25,0.16,0.04,0.01,False,True,False,False,False,False,False
720575940622972820,flow,afferent,2527,400,0.25,0.16,0.14285714285714285,0.01,True,True,False,False,True,False,False
720575940622972820,flow,afferent,2527,400,0.25,0.16,0.04,0.01,True,True,False,False,True,False,False
720575940629693302,flow,afferent,1961,400,0.25,0.16,0.14285714285714285,0.01,True,True,False,False,True,False,False
720575940629693302,flow,afferent,1961,400,0.25,0.16,0.04,0.01,False,True,False,False,False,False,False
720575940631925096,flow,afferent,2042,400,0.25,0.16,0.14285714285714285,0.01,True,True,False,False,True,False,False
720575940631925096,flow,afferent,2042,400,0.25,0.16,0.04,0.01,False,True,False,False,False,False,False
720575940627677258,flow,afferent,2063,400,0.25,0.16,0.14285714285714285,0.01,True,True,True,True,True,False,False
720575940627677258,flow,afferent,2063,400,0.25,0.16,0.04,0.01,True,True,False,True,True,False,False
720575940614634786,flow,afferent,1784,400,0.25,0.16,0.14285714285714285,0.01,True,True,True,False,False,True,False
720575940614634786,flow,afferent,1784,400,0.25,0.16,0.04,0.01,False,True,False,False,False,False,False
720575940620634537,flow,afferent,1631,400,0.25,0.16,0.14285714285714285,0.01,False,True,False,False,True,False,False
720575940620634537,flow,afferent,1631,400,0.25,0.16,0.04,0.01,False,True,False,False,False,False,False
720575940635916942,flow,afferent,1441,400,0.25,0.16,0.14285714285714285,0.01,True,True,False,False,True,True,False
720575940635916942,flow,afferent,1441,400,0.25,0.16,0.04,0.01,False,True,False,False,False,False,False
720575940629906060,flow,afferent,1705,400,0.25,0.16,0.14285714285714285,0.01,True,True,False,False,False,False,False
720575940629906060,flow,afferent,1705,400,0.25,0.16,0.04,0.01,True,True,False,False,False,False,False
720575940622700749,flow,afferent,1674,400,0.25,0.16,0.14285714285714285,0.01,True,True,True,False,True,True,False
720575940622700749,flow,afferent,1674,400,0.25,0.16,0.04,0.01,False,True,False,False,True,False,False
720575940620602236,flow,afferent,1614,400,0.25,0.16,0.14285714285714285,0.01,False,True,False,False,True,False,False
720575940620602236,flow,afferent,1614,400,0.25,0.16,0.04,0.01,False,True,False,False,False,False,False
720575940620644446,flow,afferent,1609,400,0.25,0.16,0.14285714285714285,0.01,True,True,False,False,True,True,False
720575940620644446,flow,afferent,1609,400,0.25,0.16,0.04,0.01,False,True,False,False,True,True,False
720575940628961644,flow,afferent,1648,400,0.25,0.16,0.14285714285714285,0.01,True,True,False,False,True,True,False
720575940628961644,flow,afferent,1648,400,0.25,0.16,0.04,0.01,True,True,False,False,False,False,False
720575940613914774,flow,afferent,1520,400,0.25,0.16,0.14285714285714285,0.01,True,True,False,False,False,False,False
720575940613914774,flow,afferent,1520,400,0.25,0.16,0.04,0.01,False,True,False,False,False,False,False
720575940651079158,flow,afferent,1679,400,0.25,0.16,0.14285714285714285,0.01,True,True,True,False,True,True,False
720575940651079158,flow,afferent,1679,400,0.25,0.16,0.04,0.01,True,True,False,False,True,False,False
720575940611377893,flow,afferent,1642,400,0.25,0.16,0.14285714285714285,0.01,False,True,False,False,True,False,False
720575940611377893,flow,afferent,1642,400,0.25,0.16,0.04,0.01,False,True,False,False,False,False,False
720575940624673936,flow,afferent,1625,400,0.25,0.16,0.14285714285714285,0.01,False,True,False,False,False,False,False
720575940624673936,flow,afferent,1625,400,0.25,0.16,0.04,0.01,False,True,False,False,False,False,False
720575940626580361,flow,afferent,1757,400,0.25,0.16,0.14285714285714285,0.01,True,True,False,False,True,True,False
720575940626580361,flow,afferent,1757,400,0.25,0.16,0.04,0.01,True,True,False,False,True,False,False
720575940627264262,flow,afferent,1688,400,0.25,0.16,0.14285714285714285,0.01,True,True,False,False,True,False,False
720575940627264262,flow,afferent,1688,400,0.25,0.16,0.04,0.01,False,True,False,False,False,False,False
720575940616783361,flow,afferent,1620,400,0.25,0.16,0.14285714285714285,0.01,True,True,False,False,True,True,False
720575940616783361,flow,afferent,1620,400,0.25,0.16,0.04,0.01,True,True,False,False,False,False,False
720575940613942301,flow,afferent,1387,400,0.25,0.16,0.14285714285714285,0.01,True,True,False,False,True,False,False
720575940613942301,flow,afferent,1387,400,0.25,0.16,0.04,0.01,False,True,False,False,True,False,False
720575940613941533,flow,afferent,1423,400,0.25,0.16,0.14285714285714285,0.01,True,True,False,False,True,False,False
720575940613941533,flow,afferent,1423,400,0.25,0.16,0.04,0.01,True,True,False,False,True,False,False
720575940633670904,flow,afferent,1599,400,0.25,0.16,0.14285714285714285,0.01,False,True,False,False,False,False,False
720575940633670904,flow,afferent,1599,400,0.25,0.16,0.04,0.01,False,True,False,False,False,False,False
720575940626674707,flow,afferent,765,400,0.25,0.16,0.14285714285714285,0.01,True,True,False,False,True,True,False
720575940626674707,flow,afferent,765,400,0.25,0.16,0.04,0.01,False,True,False,False,True,True,False
720575940627707753,flow,afferent,1420,400,0.25,0.16,0.14285714285714285,0.01,True,True,False,False,True,True,False
720575940627707753,flow,afferent,1420,400,0.25,0.16,0.04,0.01,True,True,False,False,False,False,False
720575940613942045,flow,afferent,1344,400,0.25,0.16,0.14285714285714285,0.01,True,True,False,False,True,False,False
720575940613942045,flow,afferent,1344,400,0.25,0.16,0.04,0.01,True,True,False,False,True,False,False
720575940604931249,flow,afferent,1409,400,0.25,0.16,0.14285714285714285,0.01,True,True,False,False,True,True,False
720575940604931249,flow,afferent,1409,400,0.25,0.16,0.04,0.01,False,True,False,False,True,False,False
720575940613942557,flow,afferent,1362,400,0.25,0.16,0.14285714285714285,0.01,True,True,False,False,True,False,False
720575940613942557,flow,afferent,1362,400,0.25,0.16,0.04,0.01,True,True,False,False,True,False,False
720575940624716746,flow,afferent,1604,400,0.25,0.16,0.14285714285714285,0.01,True,True,False,False,True,True,False
720575940624716746,flow,afferent,1604,400,0.25,0.16,0.04,0.01,False,True,False,False,True,False,False
720575940639287667,flow,afferent,1484,400,0.25,0.16,0.14285714285714285,0.01,True,True,False,False,True,True,False
720575940639287667,flow,afferent,1484,400,0.25,0.16,0.04,0.01,True,True,False,False,True,False,False
720575940620981274,flow,afferent,1311,400,0.25,0.16,0.14285714285714285,0.01,True,True,False,False,True,False,False
720575940620981274,flow,afferent,1311,400,0.25,0.16,0.04,0.01,True,True,False,False,False,False,False
720575940626553993,flow,afferent,1572,400,0.25,0.16,0.14285714285714285,0.01,True,True,False,False,True,False,False
720575940626553993,flow,afferent,1572,400,0.25,0.16,0.04,0.01,True,True,False,False,False,False,False
720575940628945516,flow,afferent,1485,400,0.25,0.16,0.14285714285714285,0.01,False,True,False,False,True,False,False
720575940628945516,flow,afferent,1485,400,0.25,0.16,0.04,0.01,False,True,False,False,False,False,False
720575940626107800,flow,afferent,1916,400,0.25,0.16,0.14285714285714285,0.01,True,True,True,False,False,True,False
720575940626107800,flow,afferent,1916,400,0.25,0.16,0.04,0.01,True,True,False,False,False,True,False
720575940626282298,flow,afferent,1491,400,0.25,0.16,0.14285714285714285,0.01,True,True,False,False,True,True,False
720575940626282298,flow,afferent,1491,400,0.25,0.16,0.04,0.01,True,True,False,False,True,True,False
720575940622211845,flow,afferent,1621,400,0.25,0.16,0.14285714285714285,0.01,True,True,False,False,True,False,False
720575940622211845,flow,afferent,1621,400,0.25,0.16,0.04,0.01,True,True,False,False,False,False,False
720575940634013869,flow,afferent,1630,400,0.25,0.16,0.14285714285714285,0.01,True,True,False,False,True,True,False
720575940634013869,flow,afferent,1630,400,0.25,0.16,0.04,0.01,True,True,False,False,False,False,False
720575940623638967,flow,afferent,1993,400,0.25,0.16,0.14285714285714285,0.01,True,True,True,False,False,True,False
720575940623638967,flow,afferent,1993,400,0.25,0.16,0.04,0.01,True,True,False,False,False,True,False
720575940626614405,flow,afferent,2425,400,0.25,0.16,0.14285714285714285,0.01,True,True,False,False,True,False,False
720575940626614405,flow,afferent,2425,400,0.25,0.16,0.04,0.01,True,True,False,False,False,False,False
720575940626726730,flow,afferent,882,400,0.25,0.16,0.14285714285714285,0.01,True,True,False,False,True,True,False
720575940626726730,flow,afferent,882,400,0.25,0.16,0.04,0.01,True,True,False,False,True,True,False
720575940607960843,flow,afferent,1501,400,0.25,0.16,0.14285714285714285,0.01,True,True,False,False,True,True,False
720575940607960843,flow,afferent,1501,400,0.25,0.16,0.04,0.01,True,True,False,False,True,True,False
720575940624555838,flow,afferent,673,400,0.25,0.16,0.14285714285714285,0.01,False,True,False,False,True,True,False
720575940624555838,flow,afferent,673,400,0.25,0.16,0.04,0.01,False,True,False,False,True,False,False
720575940622084681,flow,afferent,1470,400,0.25,0.16,0.14285714285714285,0.01,True,True,False,False,True,False,False
720575940622084681,flow,afferent,1470,400,0.25,0.16,0.04,0.01,True,True,False,False,False,False,False
720575940614919709,flow,afferent,1452,400,0.25,0.16,0.14285714285714285,0.01,False,True,False,False,True,False,False
720575940614919709,flow,afferent,1452,400,0.25,0.16,0.04,0.01,False,True,False,False,False,False,False
720575940622112726,flow,afferent,1420,400,0.25,0.16,0.14285714285714285,0.01,True,True,False,False,True,False,False
720575940622112726,flow,afferent,1420,400,0.25,0.16,0.04,0.01,False,True,False,False,True,False,False
720575940608053852,flow,afferent,768,400,0.25,0.16,0.14285714285714285,0.01,True,True,False,False,True,True,False
720575940608053852,flow,afferent,768,400,0.25,0.16,0.04,0.01,False,True,False,False,True,True,False
720575940616653030,flow,afferent,1569,400,0.25,0.16,0.14285714285714285,0.01,True,True,False,False,False,False,False
720575940616653030,flow,afferent,1569,400,0.25,0.16,0.04,0.01,True,True,False,False,False,False,False
720575940626581525,flow,afferent,834,400,0.25,0.16,0.14285714285714285,0.01,True,True,False,False,True,True,False
720575940626581525,flow,afferent,834,400,0.25,0.16,0.04,0.01,True,True,False,False,False,True,False
720575940622375389,flow,afferent,1323,400,0.25,0.16,0.14285714285714285,0.01,True,True,False,False,False,False,False
720575940622375389,flow,afferent,1323,400,0.25,0.16,0.04,0.01,True,True,False,False,False,False,False
720575940628061968,flow,afferent,801,400,0.25,0.16,0.14285714285714285,0.01,False,True,False,False,True,True,False
720575940628061968,flow,afferent,801,400,0.25,0.16,0.04,0.01,False,True,False,False,True,True,False
720575940622625097,flow,afferent,1450,400,0.25,0.16,0.14285714285714285,0.01,False,True,False,False,True,False,False
720575940622625097,flow,afferent,1450,400,0.25,0.16,0.04,0.01,False,True,False,False,True,False,False
720575940631842119,flow,afferent,1283,400,0.25,0.16,0.14285714285714285,0.01,True,True,False,False,True,False,False
720575940631842119,flow,afferent,1283,400,0.25,0.16,0.04,0.01,True,True,False,False,True,False,False
720575940629275898,flow,afferent,1497,400,0.25,0.16,0.14285714285714285,0.01,True,True,False,False,True,False,False
720575940629275898,flow,afferent,1497,400,0.25,0.16,0.04,0.01,False,True,False,False,False,False,False
720575940625657928,flow,afferent,1201,400,0.25,0.16,0.14285714285714285,0.01,True,True,False,False,True,False,False
720575940625657928,flow,afferent,1201,400,0.25,0.16,0.04,0.01,False,True,False,False,True,False,False
720575940632625837,flow,afferent,1367,400,0.25,0.16,0.14285714285714285,0.01,True,True,False,False,True,False,False
720575940632625837,flow,afferent,1367,400,0.25,0.16,0.04,0.01,True,True,False,False,True,False,False
720575940619169985,flow,afferent,832,400,0.25,0.16,0.14285714285714285,0.01,False,True,False,False,True,True,False
720575940619169985,flow,afferent,832,400,0.25,0.16,0.04,0.01,False,True,False,False,True,True,False
720575940630282297,flow,afferent,1056,400,0.25,0.16,0.14285714285714285,0.01,True,True,False,False,True,False,False
720575940630282297,flow,afferent,1056,400,0.25,0.16,0.04,0.01,False,True,False,False,True,False,False
720575940629918762,flow,afferent,959,400,0.25,0.16,0.14285714285714285,0.01,True,True,False,False,True,True,False
720575940629918762,flow,afferent,959,400,0.25,0.16,0.04,0.01,True,True,False,False,True,True,False
720575940619725844,flow,afferent,543,400,0.25,0.16,0.14285714285714285,0.01,False,True,False,True,True,True,False
720575940619725844,flow,afferent,543,400,0.25,0.16,0.04,0.01,False,True,False,False,True,True,False
720575940614711638,flow,afferent,1467,400,0.25,0.16,0.14285714285714285,0.01,True,True,False,False,False,False,False
720575940614711638,flow,afferent,1467,400,0.25,0.16,0.04,0.01,False,True,False,False,False,False,False
720575940629728732,flow,afferent,701,400,0.25,0.16,0.14285714285714285,0.01,True,True,True,False,True,True,False
720575940629728732,flow,afferent,701,400,0.25,0.16,0.04,0.01,True,True,True,False,True,True,False
720575940618728395,flow,afferent,1493,400,0.25,0.16,0.14285714285714285,0.01,True,True,False,False,False,False,False
720575940618728395,flow,afferent,1493,400,0.25,0.16,0.04,0.01,False,True,False,False,False,False,False
720575940626256992,flow,afferent,1408,400,0.25,0.16,0.14285714285714285,0.01,True,True,False,False,True,False,False
720575940626256992,flow,afferent,1408,400,0.25,0.16,0.04,0.01,False,True,False,False,False,False,False
720575940614676447,flow,afferent,775,400,0.25,0.16,0.14285714285714285,0.01,False,True,False,False,True,True,False
720575940614676447,flow,afferent,775,400,0.25,0.16,0.04,0.01,False,True,False,False,True,True,False
720575940633938657,flow,afferent,1101,400,0.25,0.16,0.14285714285714285,0.01,True,True,False,False,True,False,False
720575940633938657,flow,afferent,1101,400,0.25,0.16,0.04,0.01,True,True,False,False,False,False,False
720575940653829537,flow,afferent,755,400,0.25,0.16,0.14285714285714285,0.01,True,True,False,True,True,True,False
720575940653829537,flow,afferent,755,400,0.25,0.16,0.04,0.01,False,True,False,True,True,True,False
720575940620714921,flow,afferent,1214,400,0.25,0.16,0.14285714285714285,0.01,True,True,False,False,True,False,False
720575940620714921,flow,afferent,1214,400,0.25,0.16,0.04,0.01,True,True,False,False,False,False,False
720575940606915849,flow,afferent,1689,400,0.25,0.16,0.14285714285714285,0.01,True,True,False,False,True,False,False
720575940606915849,flow,afferent,1689,400,0.25,0.16,0.04,0.01,False,True,False,False,False,False,False
720575940622581651,flow,afferent,1411,400,0.25,0.16,0.14285714285714285,0.01,False,True,False,False,True,False,False
720575940622581651,flow,afferent,1411,400,0.25,0.16,0.04,0.01,False,True,False,False,True,False,False
720575940616439697,flow,afferent,831,400,0.25,0.16,0.14285714285714285,0.01,True,True,False,False,True,True,False
720575940616439697,flow,afferent,831,400,0.25,0.16,0.04,0.01,True,True,False,False,True,True,False
720575940637494837,flow,afferent,1586,400,0.25,0.16,0.14285714285714285,0.01,False,True,False,False,False,False,False
720575940637494837,flow,afferent,1586,400,0.25,0.16,0.04,0.01,False,True,False,False,False,False,False
720575940658539905,flow,afferent,644,400,0.25,0.16,0.14285714285714285,0.01,True,True,False,False,True,True,False
720575940658539905,flow,afferent,644,400,0.25,0.16,0.04,0.01,False,True,False,False,True,True,False
720575940631450451,flow,afferent,1297,400,0.25,0.16,0.14285714285714285,0.01,True,True,False,False,True,True,False
720575940631450451,flow,afferent,1297,400,0.25,0.16,0.04,0.01,True,True,False,False,True,True,False
720575940628597291,flow,afferent,862,400,0.25,0.16,0.14285714285714285,0.01,False,True,False,False,True,True,False
720575940628597291,flow,afferent,862,400,0.25,0.16,0.04,0.01,False,True,False,False,True,True,False
720575940621740493,flow,afferent,1904,400,0.25,0.16,0.14285714285714285,0.01,True,True,False,False,True,True,False
720575940621740493,flow,afferent,1904,400,0.25,0.16,0.04,0.01,False,True,False,False,False,True,False
720575940605742002,flow,afferent,743,400,0.25,0.16,0.14285714285714285,0.01,False,True,False,False,True,True,False
720575940605742002,flow,afferent,743,400,0.25,0.16,0.04,0.01,False,True,False,False,True,True,False
720575940629270487,flow,afferent,1001,400,0.25,0.16,0.14285714285714285,0.01,False,True,False,False,True,True,False
720575940629270487,flow,afferent,1001,400,0.25,0.16,0.04,0.01,False,True,False,False,True,True,False
720575940618960555,flow,afferent,1202,400,0.25,0.16,0.14285714285714285,0.01,True,True,False,False,False,False,False
720575940618960555,flow,afferent,1202,400,0.25,0.16,0.04,0.01,False,True,False,False,False,False,False
720575940629154810,flow,afferent,782,400,0.25,0.16,0.14285714285714285,0.01,False,True,False,False,True,True,False
720575940629154810,flow,afferent,782,400,0.25,0.16,0.04,0.01,False,True,False,False,True,True,False
720575940632014284,flow,afferent,1492,400,0.25,0.16,0.14285714285714285,0.01,True,True,False,False,True,True,False
720575940632014284,flow,afferent,1492,400,0.25,0.16,0.04,0.01,True,True,False,False,True,False,False
720575940623265258,flow,afferent,953,400,0.25,0.16,0.14285714285714285,0.01,True,True,False,False,True,True,False
720575940623265258,flow,afferent,953,400,0.25,0.16,0.04,0.01,False,True,False,False,True,True,False
720575940634781620,flow,afferent,1238,400,0.25,0.16,0.14285714285714285,0.01,True,True,False,False,True,False,False
720575940634781620,flow,afferent,1238,400,0.25,0.16,0.04,0.01,False,True,False,False,True,False,False
720575940649429625,flow,afferent,603,400,0.25,0.16,0.14285714285714285,0.01,True,True,False,False,True,True,False
720575940649429625,flow,afferent,603,400,0.25,0.16,0.04,0.01,True,True,False,False,True,True,False
720575940622604749,flow,afferent,955,400,0.25,0.16,0.14285714285714285,0.01,False,True,False,False,True,True,False
720575940622604749,flow,afferent,955,400,0.25,0.16,0.04,0.01,False,True,False,False,True,True,False
720575940618574983,flow,afferent,1299,400,0.25,0.16,0.14285714285714285,0.01,False,True,False,False,True,False,False
720575940618574983,flow,afferent,1299,400,0.25,0.16,0.04,0.01,False,True,False,False,True,False,False
720575940620028788,flow,afferent,844,400,0.25,0.16,0.14285714285714285,0.01,True,True,True,False,True,True,False
720575940620028788,flow,afferent,844,400,0.25,0.16,0.04,0.01,True,True,True,False,True,True,False
720575940625583204,flow,afferent,1598,400,0.25,0.16,0.14285714285714285,0.01,True,True,False,False,True,True,False
720575940625583204,flow,afferent,1598,400,0.25,0.16,0.04,0.01,False,True,False,False,False,False,False
720575940617695572,flow,afferent,827,400,0.25,0.16,0.14285714285714285,0.01,False,True,False,False,True,True,False
720575940617695572,flow,afferent,827,400,0.25,0.16,0.04,0.01,False,True,False,False,True,True,False
720575940623065013,flow,afferent,1355,400,0.25,0.16,0.14285714285714285,0.01,False,True,False,False,True,False,False
720575940623065013,flow,afferent,1355,400,0.25,0.16,0.04,0.01,False,True,False,False,False,False,False
720575940632224031,flow,afferent,963,400,0.25,0.16,0.14285714285714285,0.01,True,True,False,False,True,True,False
720575940632224031,flow,afferent,963,400,0.25,0.16,0.04,0.01,False,True,False,False,True,True,False
720575940629965788,flow,afferent,872,400,0.25,0.16,0.14285714285714285,0.01,True,True,True,False,True,True,False
720575940629965788,flow,afferent,872,400,0.25,0.16,0.04,0.01,True,True,True,False,True,True,False
720575940623209703,flow,afferent,847,400,0.25,0.16,0.14285714285714285,0.01,True,True,False,False,True,False,False
720575940623209703,flow,afferent,847,400,0.25,0.16,0.04,0.01,False,True,False,False,False,False,False
720575940619210375,flow,afferent,997,400,0.25,0.16,0.14285714285714285,0.01,False,True,False,False,True,True,False
720575940619210375,flow,afferent,997,400,0.25,0.16,0.04,0.01,False,True,False,False,True,True,False
