root_id,classification_system,cell_type,num_synapses,min_synapses,softmax_threshold,ratio_threshold,bandwidth_quantile_value,min_synapses_ratio_value,GABA,ACh,Glut,Oct,Ser,DA,Unknown
720575940633358431,cell_class,mechanosensory,5105,400,0.25,0.16,0.14285714285714285,0.01,False,True,True,False,False,True,False
720575940633358431,cell_class,mechanosensory,5105,400,0.25,0.16,0.04,0.01,False,True,True,False,False,False,False
720575940624154928,cell_class,mechanosensory,2439,400,0.25,0.16,0.14285714285714285,0.01,False,True,True,False,True,True,False
720575940624154928,cell_class,mechanosensory,2439,400,0.25,0.16,0.04,0.01,False,True,True,False,False,False,False
720575940615097275,cell_class,mechanosensory,4048,400,0.25,0.16,0.14285714285714285,0.01,False,True,True,False,False,True,False
720575940615097275,cell_class,mechanosensory,4048,400,0.25,0.16,0.04,0.01,False,True,True,False,False,False,False
720575940621294412,cell_class,mechanosensory,1890,400,0.25,0.16,0.14285714285714285,0.01,False,True,True,False,True,True,False
720575940621294412,cell_class,mechanosensory,1890,400,0.25,0.16,0.04,0.01,False,True,True,False,False,True,False
720575940611070020,cell_class,mechanosensory,2749,400,0.25,0.16,0.14285714285714285,0.01,True,True,True,False,True,True,False
720575940611070020,cell_class,mechanosensory,2749,400,0.25,0.16,0.04,0.01,False,True,True,False,True,False,False
720575940616286395,cell_class,mechanosensory,4445,400,0.25,0.16,0.14285714285714285,0.01,False,True,False,False,True,True,False
720575940616286395,cell_class,mechanosensory,4445,400,0.25,0.16,0.04,0.01,False,True,False,False,True,False,False
720575940638726717,cell_class,mechanosensory,1195,400,0.25,0.16,0.14285714285714285,0.01,False,True,True,False,True,True,False
720575940638726717,cell_class,mechanosensory,1195,400,0.25,0.16,0.04,0.01,False,True,True,False,True,True,False
720575940622198230,cell_class,mechanosensory,1028,400,0.25,0.16,0.14285714285714285,0.01,False,True,True,False,True,True,False
720575940622198230,cell_class,mechanosensory,1028,400,0.25,0.16,0.04,0.01,False,True,True,False,True,False,False
720575940638280270,cell_class,mechanosensory,1462,400,0.25,0.16,0.14285714285714285,0.01,False,True,True,False,True,True,False
720575940638280270,cell_class,mechanosensory,1462,400,0.25,0.16,0.04,0.01,False,True,True,False,True,True,False
720575940626933959,cell_class,mechanosensory,4930,400,0.25,0.16,0.14285714285714285,0.01,False,True,True,False,False,False,False
720575940626933959,cell_class,mechanosensory,4930,400,0.25,0.16,0.04,0.01,False,True,True,False,False,False,False
720575940622589419,cell_class,mechanosensory,3227,400,0.25,0.16,0.14285714285714285,0.01,False,True,True,False,False,False,False
720575940622589419,cell_class,mechanosensory,3227,400,0.25,0.16,0.04,0.01,False,True,True,False,False,False,False
720575940637619007,cell_class,mechanosensory,415,400,0.25,0.16,0.14285714285714285,0.01,True,True,True,False,True,True,False
720575940637619007,cell_class,mechanosensory,415,400,0.25,0.16,0.04,0.01,True,True,True,False,True,True,False
720575940623729968,cell_class,mechanosensory,514,400,0.25,0.16,0.14285714285714285,0.01,True,True,True,False,True,True,False
720575940623729968,cell_class,mechanosensory,514,400,0.25,0.16,0.04,0.01,True,True,True,False,True,False,False
720575940620687707,cell_class,mechanosensory,4406,400,0.25,0.16,0.14285714285714285,0.01,False,True,False,False,True,False,False
720575940620687707,cell_class,mechanosensory,4406,400,0.25,0.16,0.04,0.01,False,True,False,False,False,False,False
720575940611308261,cell_class,mechanosensory,3233,400,0.25,0.16,0.14285714285714285,0.01,False,True,True,False,False,False,False
720575940611308261,cell_class,mechanosensory,3233,400,0.25,0.16,0.04,0.01,False,True,True,False,False,False,False
720575940625381397,cell_class,mechanosensory,3006,400,0.25,0.16,0.14285714285714285,0.01,False,True,True,False,False,True,False
720575940625381397,cell_class,mechanosensory,3006,400,0.25,0.16,0.04,0.01,False,True,True,False,False,False,False
720575940639166080,cell_class,mechanosensory,1280,400,0.25,0.16,0.14285714285714285,0.01,True,True,True,False,False,True,False
720575940639166080,cell_class,mechanosensory,1280,400,0.25,0.16,0.04,0.01,True,True,True,False,False,False,False
720575940609685624,cell_class,mechanosensory,1205,400,0.25,0.16,0.14285714285714285,0.01,False,True,True,False,True,True,False
720575940609685624,cell_class,mechanosensory,1205,400,0.25,0.16,0.04,0.01,False,True,True,False,False,True,False
720575940627854595,cell_class,mechanosensory,1272,400,0.25,0.16,0.14285714285714285,0.01,False,True,True,False,True,True,False
720575940627854595,cell_class,mechanosensory,1272,400,0.25,0.16,0.04,0.01,False,True,True,False,True,True,False
720575940621171700,cell_class,mechanosensory,1347,400,0.25,0.16,0.14285714285714285,0.01,False,True,True,False,True,True,False
720575940621171700,cell_class,mechanosensory,1347,400,0.25,0.16,0.04,0.01,False,True,False,False,True,False,False
720575940628996867,cell_class,mechanosensory,733,400,0.25,0.16,0.14285714285714285,0.01,False,True,True,True,True,True,False
720575940628996867,cell_class,mechanosensory,733,400,0.25,0.16,0.04,0.01,False,True,True,True,True,True,False
720575940621805261,cell_class,mechanosensory,2689,400,0.25,0.16,0.14285714285714285,0.01,True,True,True,False,True,True,False
720575940621805261,cell_class,mechanosensory,2689,400,0.25,0.16,0.04,0.01,False,True,False,False,True,False,False
720575940633869281,cell_class,mechanosensory,2544,400,0.25,0.16,0.14285714285714285,0.01,False,True,True,False,True,True,False
720575940633869281,cell_class,mechanosensory,2544,400,0.25,0.16,0.04,0.01,False,True,False,False,True,True,False
720575940611132890,cell_class,mechanosensory,2905,400,0.25,0.16,0.14285714285714285,0.01,False,True,True,False,False,False,False
720575940611132890,cell_class,mechanosensory,2905,400,0.25,0.16,0.04,0.01,False,True,True,False,False,False,False
720575940626988231,cell_class,mechanosensory,990,400,0.25,0.16,0.14285714285714285,0.01,False,True,True,True,True,True,False
720575940626988231,cell_class,mechanosensory,990,400,0.25,0.16,0.04,0.01,False,True,True,False,True,True,False
720575940618603179,cell_class,mechanosensory,978,400,0.25,0.16,0.14285714285714285,0.01,False,True,True,False,True,True,False
720575940618603179,cell_class,mechanosensory,978,400,0.25,0.16,0.04,0.01,False,True,True,False,True,True,False
720575940627488455,cell_class,mechanosensory,3265,400,0.25,0.16,0.14285714285714285,0.01,False,True,True,False,True,False,False
720575940627488455,cell_class,mechanosensory,3265,400,0.25,0.16,0.04,0.01,False,True,True,False,False,False,False
720575940626857368,cell_class,mechanosensory,2579,400,0.25,0.16,0.14285714285714285,0.01,False,True,True,False,True,True,False
720575940626857368,cell_class,mechanosensory,2579,400,0.25,0.16,0.04,0.01,False,True,False,False,False,False,False
720575940625351461,cell_class,mechanosensory,2516,400,0.25,0.16,0.14285714285714285,0.01,False,True,True,False,False,True,False
720575940625351461,cell_class,mechanosensory,2516,400,0.25,0.16,0.04,0.01,False,True,True,False,False,False,False
720575940627209734,cell_class,mechanosensory,2094,400,0.25,0.16,0.14285714285714285,0.01,False,True,True,False,False,False,False
720575940627209734,cell_class,mechanosensory,2094,400,0.25,0.16,0.04,0.01,False,True,True,False,False,False,False
720575940629941356,cell_class,mechanosensory,2233,400,0.25,0.16,0.14285714285714285,0.01,False,True,True,False,True,False,False
720575940629941356,cell_class,mechanosensory,2233,400,0.25,0.16,0.04,0.01,False,True,False,False,False,False,False
720575940622749709,cell_class,mechanosensory,419,400,0.25,0.16,0.14285714285714285,0.01,True,True,True,True,True,True,False
720575940622749709,cell_class,mechanosensory,419,400,0.25,0.16,0.04,0.01,False,True,True,True,True,True,False
720575940625871248,cell_class,mechanosensory,1946,400,0.25,0.16,0.14285714285714285,0.01,False,True,True,False,True,True,False
720575940625871248,cell_class,mechanosensory,1946,400,0.25,0.16,0.04,0.01,False,True,True,False,False,False,False
720575940635086234,cell_class,mechanosensory,2445,400,0.25,0.16,0.14285714285714285,0.01,False,True,True,False,True,False,False
720575940635086234,cell_class,mechanosensory,2445,400,0.25,0.16,0.04,0.01,False,True,True,False,False,False,False
720575940638284607,cell_class,mechanosensory,3068,400,0.25,0.16,0.14285714285714285,0.01,False,True,True,False,True,False,False
720575940638284607,cell_class,mechanosensory,3068,400,0.25,0.16,0.04,0.01,False,True,False,False,True,False,False
720575940622447242,cell_class,mechanosensory,1801,400,0.25,0.16,0.14285714285714285,0.01,False,True,True,False,True,True,False
720575940622447242,cell_class,mechanosensory,1801,400,0.25,0.16,0.04,0.01,False,True,True,False,False,True,False
720575940618173787,cell_class,mechanosensory,1985,400,0.25,0.16,0.14285714285714285,0.01,False,True,True,False,False,False,False
720575940618173787,cell_class,mechanosensory,1985,400,0.25,0.16,0.04,0.01,False,True,True,False,False,False,False
720575940632361111,cell_class,mechanosensory,1823,400,0.25,0.16,0.14285714285714285,0.01,False,True,True,True,True,True,False
720575940632361111,cell_class,mechanosensory,1823,400,0.25,0.16,0.04,0.01,False,True,False,False,True,True,False
720575940618558769,cell_class,mechanosensory,741,400,0.25,0.16,0.14285714285714285,0.01,True,True,True,True,True,True,False
720575940618558769,cell_class,mechanosensory,741,400,0.25,0.16,0.04,0.01,True,True,True,True,True,True,False
720575940627327938,cell_class,mechanosensory,1948,400,0.25,0.16,0.14285714285714285,0.01,False,True,True,True,True,True,False
720575940627327938,cell_class,mechanosensory,1948,400,0.25,0.16,0.04,0.01,False,True,False,False,True,True,False
720575940631406667,cell_class,mechanosensory,1917,400,0.25,0.16,0.14285714285714285,0.01,False,True,False,False,True,True,False
720575940631406667,cell_class,mechanosensory,1917,400,0.25,0.16,0.04,0.01,False,True,False,False,True,True,False
720575940614041117,cell_class,mechanosensory,1720,400,0.25,0.16,0.14285714285714285,0.01,False,True,True,False,False,True,False
720575940614041117,cell_class,mechanosensory,1720,400,0.25,0.16,0.04,0.01,False,True,True,False,False,True,False
720575940618078299,cell_class,mechanosensory,2131,400,0.25,0.16,0.14285714285714285,0.01,True,True,True,False,True,True,False
720575940618078299,cell_class,mechanosensory,2131,400,0.25,0.16,0.04,0.01,False,True,False,False,True,False,False
720575940603728561,cell_class,mechanosensory,1639,400,0.25,0.16,0.14285714285714285,0.01,False,True,True,False,False,False,False
720575940603728561,cell_class,mechanosensory,1639,400,0.25,0.16,0.04,0.01,False,True,True,False,False,False,False
720575940630098243,cell_class,mechanosensory,1536,400,0.25,0.16,0.14285714285714285,0.01,False,True,True,False,True,True,False
720575940630098243,cell_class,mechanosensory,1536,400,0.25,0.16,0.04,0.01,False,True,True,False,True,True,False
720575940625179918,cell_class,mechanosensory,1743,400,0.25,0.16,0.14285714285714285,0.01,False,True,True,False,True,True,False
720575940625179918,cell_class,mechanosensory,1743,400,0.25,0.16,0.04,0.01,False,True,True,False,True,False,False
720575940624338521,cell_class,mechanosensory,1507,400,0.25,0.16,0.14285714285714285,0.01,False,True,True,False,False,True,False
720575940624338521,cell_class,mechanosensory,1507,400,0.25,0.16,0.04,0.01,False,True,True,False,False,False,False
720575940613425459,cell_class,mechanosensory,2154,400,0.25,0.16,0.14285714285714285,0.01,False,True,True,False,False,False,False
720575940613425459,cell_class,mechanosensory,2154,400,0.25,0.16,0.04,0.01,False,True,True,False,False,False,False
720575940618599872,cell_class,mechanosensory,2005,400,0.25,0.16,0.14285714285714285,0.01,True,True,True,False,False,False,False
720575940618599872,cell_class,mechanosensory,2005,400,0.25,0.16,0.04,0.01,False,True,True,False,False,False,False
720575940618927024,cell_class,mechanosensory,2065,400,0.25,0.16,0.14285714285714285,0.01,False,True,True,False,False,False,False
720575940618927024,cell_class,mechanosensory,2065,400,0.25,0.16,0.04,0.01,False,True,True,False,False,False,False
720575940622529939,cell_class,mechanosensory,1527,400,0.25,0.16,0.14285714285714285,0.01,False,True,True,True,True,True,False
720575940622529939,cell_class,mechanosensory,1527,400,0.25,0.16,0.04,0.01,False,True,True,True,True,True,False
720575940633378411,cell_class,mechanosensory,2079,400,0.25,0.16,0.14285714285714285,0.01,True,True,True,False,True,False,False
720575940633378411,cell_class,mechanosensory,2079,400,0.25,0.16,0.04,0.01,False,True,True,False,False,False,False
720575940608658205,cell_class,mechanosensory,1584,400,0.25,0.16,0.14285714285714285,0.01,False,True,True,False,False,False,False
720575940608658205,cell_class,mechanosensory,1584,400,0.25,0.16,0.04,0.01,False,True,True,False,False,False,False
720575940626031548,cell_class,mechanosensory,4223,400,0.25,0.16,0.14285714285714285,0.01,False,True,True,False,False,False,False
720575940626031548,cell_class,mechanosensory,4223,400,0.25,0.16,0.04,0.01,False,True,True,False,False,False,False
720575940635345519,cell_class,mechanosensory,1039,400,0.25,0.16,0.14285714285714285,0.01,True,True,True,False,False,False,False
720575940635345519,cell_class,mechanosensory,1039,400,0.25,0.16,0.04,0.01,True,True,True,False,False,False,False
720575940638431029,cell_class,mechanosensory,1032,400,0.25,0.16,0.14285714285714285,0.01,True,True,True,False,False,False,False
720575940638431029,cell_class,mechanosensory,1032,400,0.25,0.16,0.04,0.01,True,True,True,False,False,False,False
720575940628527439,cell_class,mechanosensory,1041,400,0.25,0.16,0.14285714285714285,0.01,False,True,True,False,True,True,False
720575940628527439,cell_class,mechanosensory,1041,400,0.25,0.16,0.04,0.01,False,True,True,False,True,False,False
720575940645728803,cell_class,mechanosensory,1380,400,0.25,0.16,0.14285714285714285,0.01,False,True,True,False,True,True,False
720575940645728803,cell_class,mechanosensory,1380,400,0.25,0.16,0.04,0.01,False,True,False,False,False,True,False
720575940625003964,cell_class,mechanosensory,507,400,0.25,0.16,0.14285714285714285,0.01,True,True,True,True,True,False,False
720575940625003964,cell_class,mechanosensory,507,400,0.25,0.16,0.04,0.01,True,True,True,True,True,False,False
720575940609289284,cell_class,mechanosensory,838,400,0.25,0.16,0.14285714285714285,0.01,True,True,True,False,True,False,False
720575940609289284,cell_class,mechanosensory,838,400,0.25,0.16,0.04,0.01,True,True,True,False,False,False,False
720575940618293406,cell_class,mechanosensory,731,400,0.25,0.16,0.14285714285714285,0.01,True,True,True,False,False,False,False
720575940618293406,cell_class,mechanosensory,731,400,0.25,0.16,0.04,0.01,True,True,True,False,False,False,False
720575940631463495,cell_class,mechanosensory,605,400,0.25,0.16,0.14285714285714285,0.01,False,True,True,False,True,True,False
720575940631463495,cell_class,mechanosensory,605,400,0.25,0.16,0.04,0.01,False,True,True,False,True,True,False
720575940625489764,cell_class,mechanosensory,1208,400,0.25,0.16,0.14285714285714285,0.01,True,True,True,False,True,False,False
720575940625489764,cell_class,mechanosensory,1208,400,0.25,0.16,0.04,0.01,False,True,False,False,False,False,False
720575940628495447,cell_class,mechanosensory,893,400,0.25,0.16,0.14285714285714285,0.01,True,True,True,False,True,True,False
720575940628495447,cell_class,mechanosensory,893,400,0.25,0.16,0.04,0.01,True,True,True,False,False,True,False
720575940631370336,cell_class,mechanosensory,939,400,0.25,0.16,0.14285714285714285,0.01,True,True,True,False,False,False,False
720575940631370336,cell_class,mechanosensory,939,400,0.25,0.16,0.04,0.01,True,True,True,False,False,False,False
720575940618861873,cell_class,mechanosensory,1106,400,0.25,0.16,0.14285714285714285,0.01,True,True,True,False,False,False,False
720575940618861873,cell_class,mechanosensory,1106,400,0.25,0.16,0.04,0.01,True,True,True,False,False,False,False
720575940605929161,cell_class,mechanosensory,625,400,0.25,0.16,0.14285714285714285,0.01,True,True,True,False,True,False,False
720575940605929161,cell_class,mechanosensory,625,400,0.25,0.16,0.04,0.01,True,True,True,False,False,False,False
720575940638064100,cell_class,mechanosensory,632,400,0.25,0.16,0.14285714285714285,0.01,True,True,True,False,True,False,False
720575940638064100,cell_class,mechanosensory,632,400,0.25,0.16,0.04,0.01,True,True,True,False,True,False,False
720575940632618148,cell_class,mechanosensory,599,400,0.25,0.16,0.14285714285714285,0.01,False,True,True,False,True,True,False
720575940632618148,cell_class,mechanosensory,599,400,0.25,0.16,0.04,0.01,False,True,True,False,True,True,False
720575940639601752,cell_class,mechanosensory,665,400,0.25,0.16,0.14285714285714285,0.01,True,True,True,True,True,False,False
720575940639601752,cell_class,mechanosensory,665,400,0.25,0.16,0.04,0.01,False,True,True,True,True,False,False
720575940629531095,cell_class,mechanosensory,1003,400,0.25,0.16,0.14285714285714285,0.01,True,True,True,False,False,False,False
720575940629531095,cell_class,mechanosensory,1003,400,0.25,0.16,0.04,0.01,True,True,True,False,False,False,False
720575940617245908,cell_class,mechanosensory,487,400,0.25,0.16,0.14285714285714285,0.01,True,True,True,False,True,False,False
720575940617245908,cell_class,mechanosensory,487,400,0.25,0.16,0.04,0.01,True,True,False,False,True,False,False
720575940621244510,cell_class,mechanosensory,431,400,0.25,0.16,0.14285714285714285,0.01,True,True,True,False,True,False,False
720575940621244510,cell_class,mechanosensory,431,400,0.25,0.16,0.04,0.01,True,True,True,False,True,False,False
720575940630174268,cell_class,mechanosensory,421,400,0.25,0.16,0.14285714285714285,0.01,True,True,True,False,True,False,False
720575940630174268,cell_class,mechanosensory,421,400,0.25,0.16,0.04,0.01,True,True,True,False,True,False,False
720575940614280554,cell_class,mechanosensory,486,400,0.25,0.16,0.14285714285714285,0.01,True,True,False,False,True,True,False
720575940614280554,cell_class,mechanosensory,486,400,0.25,0.16,0.04,0.01,True,True,False,False,True,True,False
720575940613783038,cell_class,mechanosensory,603,400,0.25,0.16,0.14285714285714285,0.01,True,True,True,False,True,False,False
720575940613783038,cell_class,mechanosensory,603,400,0.25,0.16,0.04,0.01,True,True,False,False,True,False,False
720575940614803266,cell_class,mechanosensory,631,400,0.25,0.16,0.14285714285714285,0.01,True,True,True,False,True,False,False
720575940614803266,cell_class,mechanosensory,631,400,0.25,0.16,0.04,0.01,False,True,True,False,True,False,False
720575940634891700,cell_class,mechanosensory,527,400,0.25,0.16,0.14285714285714285,0.01,True,True,True,True,True,False,False
720575940634891700,cell_class,mechanosensory,527,400,0.25,0.16,0.04,0.01,True,True,True,True,True,False,False
720575940630425285,cell_class,mechanosensory,822,400,0.25,0.16,0.14285714285714285,0.01,False,True,True,False,True,True,False
720575940630425285,cell_class,mechanosensory,822,400,0.25,0.16,0.04,0.01,False,True,True,False,True,False,False
720575940628218011,cell_class,mechanosensory,937,400,0.25,0.16,0.14285714285714285,0.01,False,True,True,False,True,True,False
720575940628218011,cell_class,mechanosensory,937,400,0.25,0.16,0.04,0.01,False,True,True,False,False,True,False
720575940620953254,cell_class,mechanosensory,807,400,0.25,0.16,0.14285714285714285,0.01,True,True,True,False,True,False,False
720575940620953254,cell_class,mechanosensory,807,400,0.25,0.16,0.04,0.01,True,True,True,False,True,False,False
720575940643000480,cell_class,mechanosensory,477,400,0.25,0.16,0.14285714285714285,0.01,False,True,True,False,True,True,False
720575940643000480,cell_class,mechanosensory,477,400,0.25,0.16,0.04,0.01,False,True,True,False,True,True,False
720575940632164772,cell_class,mechanosensory,1018,400,0.25,0.16,0.14285714285714285,0.01,False,True,True,False,True,False,False
720575940632164772,cell_class,mechanosensory,1018,400,0.25,0.16,0.04,0.01,False,True,True,False,True,False,False
720575940616793300,cell_class,mechanosensory,473,400,0.25,0.16,0.14285714285714285,0.01,True,True,True,False,True,False,False
720575940616793300,cell_class,mechanosensory,473,400,0.25,0.16,0.04,0.01,True,True,True,False,True,False,False
720575940622683174,cell_class,mechanosensory,980,400,0.25,0.16,0.14285714285714285,0.01,True,True,True,False,True,True,False
720575940622683174,cell_class,mechanosensory,980,400,0.25,0.16,0.04,0.01,True,True,True,False,False,False,False
720575940615276661,cell_class,mechanosensory,965,400,0.25,0.16,0.14285714285714285,0.01,True,True,True,False,True,False,False
720575940615276661,cell_class,mechanosensory,965,400,0.25,0.16,0.04,0.01,True,True,False,False,True,False,False
720575940635672677,cell_class,mechanosensory,1353,400,0.25,0.16,0.14285714285714285,0.01,False,True,True,False,True,False,False
720575940635672677,cell_class,mechanosensory,1353,400,0.25,0.16,0.04,0.01,False,True,True,False,True,False,False
720575940628054760,cell_class,mechanosensory,921,400,0.25,0.16,0.14285714285714285,0.01,False,True,True,False,True,False,False
720575940628054760,cell_class,mechanosensory,921,400,0.25,0.16,0.04,0.01,False,True,True,False,True,False,False
720575940634640091,cell_class,mechanosensory,802,400,0.25,0.16,0.14285714285714285,0.01,True,True,True,False,False,False,False
720575940634640091,cell_class,mechanosensory,802,400,0.25,0.16,0.04,0.01,True,True,True,False,False,False,False
720575940635959919,cell_class,mechanosensory,408,400,0.25,0.16,0.14285714285714285,0.01,True,True,True,True,True,False,False
720575940635959919,cell_class,mechanosensory,408,400,0.25,0.16,0.04,0.01,True,True,True,True,True,False,False
720575940609065173,cell_class,mechanosensory,580,400,0.25,0.16,0.14285714285714285,0.01,True,True,True,False,True,False,False
720575940609065173,cell_class,mechanosensory,580,400,0.25,0.16,0.04,0.01,True,True,True,False,True,False,False
720575940639041443,cell_class,mechanosensory,920,400,0.25,0.16,0.14285714285714285,0.01,True,True,True,False,True,False,False
720575940639041443,cell_class,mechanosensory,920,400,0.25,0.16,0.04,0.01,True,True,True,False,True,False,False
720575940623300137,cell_class,mechanosensory,436,400,0.25,0.16,0.14285714285714285,0.01,True,True,True,True,True,False,False
720575940623300137,cell_class,mechanosensory,436,400,0.25,0.16,0.04,0.01,True,True,True,False,True,False,False
720575940617426973,cell_class,mechanosensory,427,400,0.25,0.16,0.14285714285714285,0.01,False,True,True,False,True,True,False
720575940617426973,cell_class,mechanosensory,427,400,0.25,0.16,0.04,0.01,False,True,True,False,True,True,False
720575940607853833,cell_class,mechanosensory,447,400,0.25,0.16,0.14285714285714285,0.01,True,True,True,True,True,False,False
720575940607853833,cell_class,mechanosensory,447,400,0.25,0.16,0.04,0.01,True,True,True,True,True,False,False
720575940607208114,cell_class,mechanosensory,563,400,0.25,0.16,0.14285714285714285,0.01,True,True,True,True,True,True,False
720575940607208114,cell_class,mechanosensory,563,400,0.25,0.16,0.04,0.01,False,True,True,True,True,False,False
720575940639339392,cell_class,mechanosensory,802,400,0.25,0.16,0.14285714285714285,0.01,True,True,True,False,False,False,False
720575940639339392,cell_class,mechanosensory,802,400,0.25,0.16,0.04,0.01,True,True,True,False,False,False,False
720575940619663239,cell_class,mechanosensory,802,400,0.25,0.16,0.14285714285714285,0.01,True,True,True,False,True,False,False
720575940619663239,cell_class,mechanosensory,802,400,0.25,0.16,0.04,0.01,True,True,True,False,False,False,False
720575940611029858,cell_class,mechanosensory,676,400,0.25,0.16,0.14285714285714285,0.01,True,True,True,False,True,False,False
720575940611029858,cell_class,mechanosensory,676,400,0.25,0.16,0.04,0.01,True,True,True,False,True,False,False
720575940626270236,cell_class,mechanosensory,537,400,0.25,0.16,0.14285714285714285,0.01,True,True,True,False,True,False,False
720575940626270236,cell_class,mechanosensory,537,400,0.25,0.16,0.04,0.01,True,True,True,False,True,False,False
720575940623928812,cell_class,mechanosensory,454,400,0.25,0.16,0.14285714285714285,0.01,True,True,True,False,True,False,False
720575940623928812,cell_class,mechanosensory,454,400,0.25,0.16,0.04,0.01,True,True,True,False,True,False,False
720575940627085199,cell_class,mechanosensory,464,400,0.25,0.16,0.14285714285714285,0.01,True,True,True,True,True,True,False
720575940627085199,cell_class,mechanosensory,464,400,0.25,0.16,0.04,0.01,True,True,False,True,True,True,False
720575940631539001,cell_class,mechanosensory,1221,400,0.25,0.16,0.14285714285714285,0.01,False,True,True,False,True,False,False
720575940631539001,cell_class,mechanosensory,1221,400,0.25,0.16,0.04,0.01,False,True,True,False,True,False,False
720575940615024543,cell_class,mechanosensory,574,400,0.25,0.16,0.14285714285714285,0.01,True,True,True,False,True,False,False
720575940615024543,cell_class,mechanosensory,574,400,0.25,0.16,0.04,0.01,True,True,True,False,True,False,False
720575940635136880,cell_class,mechanosensory,1784,400,0.25,0.16,0.14285714285714285,0.01,False,True,True,False,False,False,False
720575940635136880,cell_class,mechanosensory,1784,400,0.25,0.16,0.04,0.01,False,True,True,False,False,False,False
720575940620658310,cell_class,mechanosensory,1353,400,0.25,0.16,0.14285714285714285,0.01,False,True,True,False,True,True,False
720575940620658310,cell_class,mechanosensory,1353,400,0.25,0.16,0.04,0.01,False,True,True,False,False,False,False
720575940618078635,cell_class,mechanosensory,1150,400,0.25,0.16,0.14285714285714285,0.01,False,True,True,False,True,True,False
720575940618078635,cell_class,mechanosensory,1150,400,0.25,0.16,0.04,0.01,False,True,True,False,True,True,False
720575940634682815,cell_class,mechanosensory,784,400,0.25,0.16,0.14285714285714285,0.01,False,True,True,False,True,True,False
720575940634682815,cell_class,mechanosensory,784,400,0.25,0.16,0.04,0.01,False,True,True,False,True,True,False
720575940616224117,cell_class,mechanosensory,1564,400,0.25,0.16,0.14285714285714285,0.01,False,True,True,True,True,True,False
720575940616224117,cell_class,mechanosensory,1564,400,0.25,0.16,0.04,0.01,False,True,False,False,True,True,False
720575940615555257,cell_class,mechanosensory,918,400,0.25,0.16,0.14285714285714285,0.01,False,True,True,False,True,True,False
720575940615555257,cell_class,mechanosensory,918,400,0.25,0.16,0.04,0.01,False,True,True,False,True,False,False
720575940645760820,cell_class,mechanosensory,882,400,0.25,0.16,0.14285714285714285,0.01,False,True,True,False,True,True,False
720575940645760820,cell_class,mechanosensory,882,400,0.25,0.16,0.04,0.01,False,True,True,False,False,True,False
720575940629250775,cell_class,mechanosensory,924,400,0.25,0.16,0.14285714285714285,0.01,False,True,True,False,True,True,False
720575940629250775,cell_class,mechanosensory,924,400,0.25,0.16,0.04,0.01,False,True,True,False,True,True,False
720575940617613392,cell_class,mechanosensory,1847,400,0.25,0.16,0.14285714285714285,0.01,False,True,True,True,True,True,False
720575940617613392,cell_class,mechanosensory,1847,400,0.25,0.16,0.04,0.01,False,True,False,True,True,True,False
720575940619729835,cell_class,mechanosensory,891,400,0.25,0.16,0.14285714285714285,0.01,True,True,True,False,True,False,False
720575940619729835,cell_class,mechanosensory,891,400,0.25,0.16,0.04,0.01,True,True,False,False,True,False,False
720575940613934965,cell_class,mechanosensory,551,400,0.25,0.16,0.14285714285714285,0.01,True,True,True,False,False,True,False
720575940613934965,cell_class,mechanosensory,551,400,0.25,0.16,0.04,0.01,True,True,True,False,False,True,False
720575940614427195,cell_class,mechanosensory,427,400,0.25,0.16,0.14285714285714285,0.01,True,True,True,False,True,True,False
720575940614427195,cell_class,mechanosensory,427,400,0.25,0.16,0.04,0.01,True,True,True,False,True,True,False
720575940604531229,cell_class,mechanosensory,1174,400,0.25,0.16,0.14285714285714285,0.01,True,True,True,False,False,False,False
720575940604531229,cell_class,mechanosensory,1174,400,0.25,0.16,0.04,0.01,False,True,True,False,False,False,False
720575940638681845,cell_class,mechanosensory,1433,400,0.25,0.16,0.14285714285714285,0.01,False,True,True,False,False,False,False
720575940638681845,cell_class,mechanosensory,1433,400,0.25,0.16,0.04,0.01,False,True,True,False,False,False,False
720575940612409885,cell_class,mechanosensory,513,400,0.25,0.16,0.14285714285714285,0.01,True,True,False,False,False,True,False
720575940612409885,cell_class,mechanosensory,513,400,0.25,0.16,0.04,0.01,True,True,False,False,False,True,False
720575940630122015,cell_class,mechanosensory,903,400,0.25,0.16,0.14285714285714285,0.01,True,True,True,False,True,False,False
720575940630122015,cell_class,mechanosensory,903,400,0.25,0.16,0.04,0.01,True,True,True,False,False,False,False
720575940609565230,cell_class,mechanosensory,509,400,0.25,0.16,0.14285714285714285,0.01,False,True,True,False,True,True,False
720575940609565230,cell_class,mechanosensory,509,400,0.25,0.16,0.04,0.01,False,True,True,False,True,True,False
720575940624274924,cell_class,mechanosensory,755,400,0.25,0.16,0.14285714285714285,0.01,False,True,True,True,True,False,False
720575940624274924,cell_class,mechanosensory,755,400,0.25,0.16,0.04,0.01,False,True,True,False,True,False,False
720575940614188149,cell_class,mechanosensory,1319,400,0.25,0.16,0.14285714285714285,0.01,True,True,False,False,False,False,False
720575940614188149,cell_class,mechanosensory,1319,400,0.25,0.16,0.04,0.01,True,True,False,False,False,False,False
720575940615809349,cell_class,mechanosensory,1313,400,0.25,0.16,0.14285714285714285,0.01,True,True,False,False,False,False,False
720575940615809349,cell_class,mechanosensory,1313,400,0.25,0.16,0.04,0.01,True,True,False,False,False,False,False
720575940630564179,cell_class,mechanosensory,1190,400,0.25,0.16,0.14285714285714285,0.01,True,True,True,False,False,False,False
720575940630564179,cell_class,mechanosensory,1190,400,0.25,0.16,0.04,0.01,False,True,True,False,False,False,False
720575940620410177,cell_class,mechanosensory,550,400,0.25,0.16,0.14285714285714285,0.01,True,True,True,False,True,False,False
720575940620410177,cell_class,mechanosensory,550,400,0.25,0.16,0.04,0.01,True,True,True,False,True,False,False
720575940645466500,cell_class,mechanosensory,1116,400,0.25,0.16,0.14285714285714285,0.01,True,True,True,False,False,False,False
720575940645466500,cell_class,mechanosensory,1116,400,0.25,0.16,0.04,0.01,True,True,False,False,False,False,False
720575940622344170,cell_class,mechanosensory,551,400,0.25,0.16,0.14285714285714285,0.01,True,True,True,False,True,False,False
720575940622344170,cell_class,mechanosensory,551,400,0.25,0.16,0.04,0.01,True,True,True,False,True,False,False
720575940620382889,cell_class,mechanosensory,970,400,0.25,0.16,0.14285714285714285,0.01,True,True,True,False,True,False,False
720575940620382889,cell_class,mechanosensory,970,400,0.25,0.16,0.04,0.01,True,True,True,False,True,False,False
720575940604753437,cell_class,mechanosensory,681,400,0.25,0.16,0.14285714285714285,0.01,True,True,True,False,True,True,False
720575940604753437,cell_class,mechanosensory,681,400,0.25,0.16,0.04,0.01,False,True,True,False,False,True,False
720575940641921421,cell_class,mechanosensory,1094,400,0.25,0.16,0.14285714285714285,0.01,True,True,True,False,True,False,False
720575940641921421,cell_class,mechanosensory,1094,400,0.25,0.16,0.04,0.01,True,True,False,False,True,False,False
720575940637054835,cell_class,mechanosensory,709,400,0.25,0.16,0.14285714285714285,0.01,True,True,True,False,True,True,False
720575940637054835,cell_class,mechanosensory,709,400,0.25,0.16,0.04,0.01,True,True,True,False,True,False,False
720575940614060829,cell_class,mechanosensory,1027,400,0.25,0.16,0.14285714285714285,0.01,True,True,True,False,False,True,False
720575940614060829,cell_class,mechanosensory,1027,400,0.25,0.16,0.04,0.01,True,True,True,False,False,False,False
720575940625797617,cell_class,mechanosensory,965,400,0.25,0.16,0.14285714285714285,0.01,True,True,True,False,False,True,False
720575940625797617,cell_class,mechanosensory,965,400,0.25,0.16,0.04,0.01,True,True,True,False,False,True,False
720575940618684481,cell_class,mechanosensory,807,400,0.25,0.16,0.14285714285714285,0.01,True,True,True,False,True,True,False
720575940618684481,cell_class,mechanosensory,807,400,0.25,0.16,0.04,0.01,True,True,True,False,True,True,False
720575940610018266,cell_class,mechanosensory,1126,400,0.25,0.16,0.14285714285714285,0.01,True,True,True,False,False,False,False
720575940610018266,cell_class,mechanosensory,1126,400,0.25,0.16,0.04,0.01,True,True,True,False,False,False,False
720575940628101126,cell_class,mechanosensory,1036,400,0.25,0.16,0.14285714285714285,0.01,True,True,True,False,False,False,False
720575940628101126,cell_class,mechanosensory,1036,400,0.25,0.16,0.04,0.01,True,True,False,False,False,False,False
720575940609522461,cell_class,mechanosensory,1091,400,0.25,0.16,0.14285714285714285,0.01,True,True,True,False,False,False,False
720575940609522461,cell_class,mechanosensory,1091,400,0.25,0.16,0.04,0.01,True,True,True,False,False,False,False
720575940630960911,cell_class,mechanosensory,784,400,0.25,0.16,0.14285714285714285,0.01,False,True,True,False,True,True,False
720575940630960911,cell_class,mechanosensory,784,400,0.25,0.16,0.04,0.01,False,True,True,False,True,True,False
720575940630667587,cell_class,mechanosensory,412,400,0.25,0.16,0.14285714285714285,0.01,False,True,True,False,True,True,False
720575940630667587,cell_class,mechanosensory,412,400,0.25,0.16,0.04,0.01,False,True,True,False,True,True,False
720575940610801250,cell_class,mechanosensory,493,400,0.25,0.16,0.14285714285714285,0.01,True,True,True,True,True,True,False
720575940610801250,cell_class,mechanosensory,493,400,0.25,0.16,0.04,0.01,True,True,True,True,True,True,False
720575940628951287,cell_class,mechanosensory,1281,400,0.25,0.16,0.14285714285714285,0.01,False,True,True,False,True,True,False
720575940628951287,cell_class,mechanosensory,1281,400,0.25,0.16,0.04,0.01,False,True,False,False,True,True,False
720575940605695665,cell_class,mechanosensory,700,400,0.25,0.16,0.14285714285714285,0.01,False,True,True,False,True,True,False
720575940605695665,cell_class,mechanosensory,700,400,0.25,0.16,0.04,0.01,False,True,True,False,True,True,False
720575940630992557,cell_class,mechanosensory,789,400,0.25,0.16,0.14285714285714285,0.01,True,True,True,False,True,True,False
720575940630992557,cell_class,mechanosensory,789,400,0.25,0.16,0.04,0.01,True,True,True,False,True,False,False
720575940630462172,cell_class,mechanosensory,530,400,0.25,0.16,0.14285714285714285,0.01,False,True,True,True,True,True,False
720575940630462172,cell_class,mechanosensory,530,400,0.25,0.16,0.04,0.01,False,True,True,True,True,True,False
720575940622271684,cell_class,mechanosensory,783,400,0.25,0.16,0.14285714285714285,0.01,True,True,True,False,True,False,False
720575940622271684,cell_class,mechanosensory,783,400,0.25,0.16,0.04,0.01,True,True,True,False,True,False,False
720575940626540821,cell_class,mechanosensory,584,400,0.25,0.16,0.14285714285714285,0.01,True,True,True,True,False,False,False
720575940626540821,cell_class,mechanosensory,584,400,0.25,0.16,0.04,0.01,True,True,True,True,False,False,False
720575940619479979,cell_class,mechanosensory,861,400,0.25,0.16,0.14285714285714285,0.01,True,True,True,False,True,False,False
720575940619479979,cell_class,mechanosensory,861,400,0.25,0.16,0.04,0.01,True,True,True,False,False,False,False
720575940626169481,cell_class,mechanosensory,2035,400,0.25,0.16,0.14285714285714285,0.01,True,True,False,False,False,False,False
720575940626169481,cell_class,mechanosensory,2035,400,0.25,0.16,0.04,0.01,False,True,False,False,False,False,False
720575940624882471,cell_class,mechanosensory,668,400,0.25,0.16,0.14285714285714285,0.01,False,True,True,True,True,True,False
720575940624882471,cell_class,mechanosensory,668,400,0.25,0.16,0.04,0.01,False,True,True,False,True,True,False
720575940631288850,cell_class,mechanosensory,3024,400,0.25,0.16,0.14285714285714285,0.01,False,True,False,False,True,False,False
720575940631288850,cell_class,mechanosensory,3024,400,0.25,0.16,0.04,0.01,False,True,False,False,True,False,False
720575940625293084,cell_class,mechanosensory,1104,400,0.25,0.16,0.14285714285714285,0.01,True,True,True,False,False,False,False
720575940625293084,cell_class,mechanosensory,1104,400,0.25,0.16,0.04,0.01,False,True,True,False,False,False,False
720575940617559481,cell_class,mechanosensory,1200,400,0.25,0.16,0.14285714285714285,0.01,True,True,True,False,True,False,False
720575940617559481,cell_class,mechanosensory,1200,400,0.25,0.16,0.04,0.01,False,True,False,False,True,False,False
720575940637022298,cell_class,mechanosensory,888,400,0.25,0.16,0.14285714285714285,0.01,False,True,True,False,True,False,False
720575940637022298,cell_class,mechanosensory,888,400,0.25,0.16,0.04,0.01,False,True,True,False,True,False,False
720575940631966791,cell_class,mechanosensory,411,400,0.25,0.16,0.14285714285714285,0.01,False,True,True,True,True,True,False
720575940631966791,cell_class,mechanosensory,411,400,0.25,0.16,0.04,0.01,False,True,True,False,True,True,False
720575940629486018,cell_class,mechanosensory,547,400,0.25,0.16,0.14285714285714285,0.01,False,True,True,False,True,True,False
720575940629486018,cell_class,mechanosensory,547,400,0.25,0.16,0.04,0.01,False,True,True,False,True,True,False
720575940611499669,cell_class,mechanosensory,755,400,0.25,0.16,0.14285714285714285,0.01,False,True,True,False,True,False,False
720575940611499669,cell_class,mechanosensory,755,400,0.25,0.16,0.04,0.01,False,True,True,False,True,False,False
720575940626188490,cell_class,mechanosensory,732,400,0.25,0.16,0.14285714285714285,0.01,False,True,True,False,True,True,False
720575940626188490,cell_class,mechanosensory,732,400,0.25,0.16,0.04,0.01,False,True,True,False,False,True,False
720575940624903757,cell_class,mechanosensory,507,400,0.25,0.16,0.14285714285714285,0.01,False,True,True,True,True,True,False
720575940624903757,cell_class,mechanosensory,507,400,0.25,0.16,0.04,0.01,False,True,True,True,True,True,False
720575940624379400,cell_class,mechanosensory,983,400,0.25,0.16,0.14285714285714285,0.01,False,True,True,False,True,True,False
720575940624379400,cell_class,mechanosensory,983,400,0.25,0.16,0.04,0.01,False,True,True,False,True,True,False
720575940642413604,cell_class,mechanosensory,1733,400,0.25,0.16,0.14285714285714285,0.01,False,True,True,False,True,True,False
720575940642413604,cell_class,mechanosensory,1733,400,0.25,0.16,0.04,0.01,False,True,True,False,True,False,False
720575940614485307,cell_class,mechanosensory,1691,400,0.25,0.16,0.14285714285714285,0.01,False,True,True,False,True,True,False
720575940614485307,cell_class,mechanosensory,1691,400,0.25,0.16,0.04,0.01,False,True,True,False,True,True,False
720575940626200457,cell_class,mechanosensory,1715,400,0.25,0.16,0.14285714285714285,0.01,False,True,False,True,True,True,False
720575940626200457,cell_class,mechanosensory,1715,400,0.25,0.16,0.04,0.01,False,True,False,True,True,True,False
720575940630962280,cell_class,mechanosensory,1790,400,0.25,0.16,0.14285714285714285,0.01,False,True,False,True,True,True,False
720575940630962280,cell_class,mechanosensory,1790,400,0.25,0.16,0.04,0.01,False,False,False,True,True,True,False
720575940617303857,cell_class,mechanosensory,1662,400,0.25,0.16,0.14285714285714285,0.01,False,True,True,False,True,True,False
720575940617303857,cell_class,mechanosensory,1662,400,0.25,0.16,0.04,0.01,False,True,True,False,True,True,False
720575940629824378,cell_class,mechanosensory,1715,400,0.25,0.16,0.14285714285714285,0.01,False,True,True,False,True,True,False
720575940629824378,cell_class,mechanosensory,1715,400,0.25,0.16,0.04,0.01,False,True,True,False,False,False,False
720575940607635012,cell_class,mechanosensory,1631,400,0.25,0.16,0.14285714285714285,0.01,False,True,True,False,True,True,False
720575940607635012,cell_class,mechanosensory,1631,400,0.25,0.16,0.04,0.01,False,True,True,False,True,True,False
720575940617738325,cell_class,mechanosensory,1755,400,0.25,0.16,0.14285714285714285,0.01,False,True,True,False,True,True,False
720575940617738325,cell_class,mechanosensory,1755,400,0.25,0.16,0.04,0.01,False,True,False,False,False,False,False
720575940617859486,cell_class,mechanosensory,1586,400,0.25,0.16,0.14285714285714285,0.01,True,True,True,False,True,True,False
720575940617859486,cell_class,mechanosensory,1586,400,0.25,0.16,0.04,0.01,True,True,True,False,True,True,False
720575940631429707,cell_class,mechanosensory,4447,400,0.25,0.16,0.14285714285714285,0.01,False,True,False,False,False,False,False
720575940631429707,cell_class,mechanosensory,4447,400,0.25,0.16,0.04,0.01,False,True,False,False,False,False,False
720575940622340137,cell_class,mechanosensory,1398,400,0.25,0.16,0.14285714285714285,0.01,False,True,True,False,True,True,False
720575940622340137,cell_class,mechanosensory,1398,400,0.25,0.16,0.04,0.01,False,True,True,False,True,True,False
720575940612626538,cell_class,mechanosensory,1514,400,0.25,0.16,0.14285714285714285,0.01,False,True,True,False,True,True,False
720575940612626538,cell_class,mechanosensory,1514,400,0.25,0.16,0.04,0.01,False,True,True,False,True,False,False
720575940629440067,cell_class,mechanosensory,1420,400,0.25,0.16,0.14285714285714285,0.01,False,True,True,False,True,True,False
720575940629440067,cell_class,mechanosensory,1420,400,0.25,0.16,0.04,0.01,False,True,True,False,True,True,False
720575940630299084,cell_class,mechanosensory,1613,400,0.25,0.16,0.14285714285714285,0.01,False,True,True,False,True,True,False
720575940630299084,cell_class,mechanosensory,1613,400,0.25,0.16,0.04,0.01,False,True,True,False,True,True,False
720575940633625455,cell_class,mechanosensory,1407,400,0.25,0.16,0.14285714285714285,0.01,False,True,True,False,True,True,False
720575940633625455,cell_class,mechanosensory,1407,400,0.25,0.16,0.04,0.01,False,True,True,False,True,True,False
720575940616837277,cell_class,mechanosensory,1631,400,0.25,0.16,0.14285714285714285,0.01,False,True,True,False,True,True,False
720575940616837277,cell_class,mechanosensory,1631,400,0.25,0.16,0.04,0.01,False,True,True,False,True,True,False
720575940635032986,cell_class,mechanosensory,1610,400,0.25,0.16,0.14285714285714285,0.01,False,True,True,False,True,True,False
720575940635032986,cell_class,mechanosensory,1610,400,0.25,0.16,0.04,0.01,False,True,True,False,True,True,False
720575940626646787,cell_class,mechanosensory,1394,400,0.25,0.16,0.14285714285714285,0.01,False,True,True,False,True,True,False
720575940626646787,cell_class,mechanosensory,1394,400,0.25,0.16,0.04,0.01,False,True,True,False,True,False,False
720575940626679317,cell_class,mechanosensory,1524,400,0.25,0.16,0.14285714285714285,0.01,False,True,True,False,True,True,False
720575940626679317,cell_class,mechanosensory,1524,400,0.25,0.16,0.04,0.01,False,True,True,False,True,False,False
720575940627981211,cell_class,mechanosensory,1292,400,0.25,0.16,0.14285714285714285,0.01,False,True,True,False,True,True,False
720575940627981211,cell_class,mechanosensory,1292,400,0.25,0.16,0.04,0.01,False,True,True,False,True,True,False
720575940627444746,cell_class,mechanosensory,1952,400,0.25,0.16,0.14285714285714285,0.01,False,True,True,True,True,False,False
720575940627444746,cell_class,mechanosensory,1952,400,0.25,0.16,0.04,0.01,False,True,False,False,True,False,False
720575940610253432,cell_class,mechanosensory,1735,400,0.25,0.16,0.14285714285714285,0.01,True,True,True,True,True,False,False
720575940610253432,cell_class,mechanosensory,1735,400,0.25,0.16,0.04,0.01,False,True,False,True,True,False,False
720575940604781158,cell_class,mechanosensory,1590,400,0.25,0.16,0.14285714285714285,0.01,False,True,False,False,True,True,False
720575940604781158,cell_class,mechanosensory,1590,400,0.25,0.16,0.04,0.01,False,True,False,False,True,True,False
720575940627172751,cell_class,mechanosensory,1327,400,0.25,0.16,0.14285714285714285,0.01,False,True,True,False,True,True,False
720575940627172751,cell_class,mechanosensory,1327,400,0.25,0.16,0.04,0.01,False,True,True,False,False,False,False
720575940620998253,cell_class,mechanosensory,1636,400,0.25,0.16,0.14285714285714285,0.01,False,True,True,False,True,False,False
720575940620998253,cell_class,mechanosensory,1636,400,0.25,0.16,0.04,0.01,False,True,False,False,True,False,False
720575940629906223,cell_class,mechanosensory,1285,400,0.25,0.16,0.14285714285714285,0.01,False,True,True,False,True,True,False
720575940629906223,cell_class,mechanosensory,1285,400,0.25,0.16,0.04,0.01,False,True,True,False,True,True,False
720575940636356678,cell_class,mechanosensory,1278,400,0.25,0.16,0.14285714285714285,0.01,False,True,True,False,True,True,False
720575940636356678,cell_class,mechanosensory,1278,400,0.25,0.16,0.04,0.01,False,True,False,False,True,True,False
720575940624324248,cell_class,mechanosensory,1193,400,0.25,0.16,0.14285714285714285,0.01,False,True,True,False,True,True,False
720575940624324248,cell_class,mechanosensory,1193,400,0.25,0.16,0.04,0.01,False,True,True,False,True,True,False
720575940630451141,cell_class,mechanosensory,1207,400,0.25,0.16,0.14285714285714285,0.01,False,True,True,False,True,True,False
720575940630451141,cell_class,mechanosensory,1207,400,0.25,0.16,0.04,0.01,False,True,True,False,True,True,False
720575940630253420,cell_class,mechanosensory,989,400,0.25,0.16,0.14285714285714285,0.01,False,True,True,False,True,True,False
720575940630253420,cell_class,mechanosensory,989,400,0.25,0.16,0.04,0.01,False,True,True,False,True,True,False
720575940618207936,cell_class,mechanosensory,991,400,0.25,0.16,0.14285714285714285,0.01,False,True,True,False,True,True,False
720575940618207936,cell_class,mechanosensory,991,400,0.25,0.16,0.04,0.01,False,True,True,False,False,False,False
720575940631559884,cell_class,mechanosensory,959,400,0.25,0.16,0.14285714285714285,0.01,False,True,True,False,False,True,False
720575940631559884,cell_class,mechanosensory,959,400,0.25,0.16,0.04,0.01,False,True,True,False,False,False,False
720575940615335458,cell_class,mechanosensory,955,400,0.25,0.16,0.14285714285714285,0.01,False,True,True,False,True,True,False
720575940615335458,cell_class,mechanosensory,955,400,0.25,0.16,0.04,0.01,False,True,True,False,False,True,False
720575940606986691,cell_class,mechanosensory,1046,400,0.25,0.16,0.14285714285714285,0.01,False,True,True,False,True,True,False
720575940606986691,cell_class,mechanosensory,1046,400,0.25,0.16,0.04,0.01,False,True,True,False,True,True,False
720575940611345813,cell_class,mechanosensory,999,400,0.25,0.16,0.14285714285714285,0.01,False,True,True,True,True,True,False
720575940611345813,cell_class,mechanosensory,999,400,0.25,0.16,0.04,0.01,False,True,True,True,True,True,False
720575940628533591,cell_class,mechanosensory,952,400,0.25,0.16,0.14285714285714285,0.01,False,True,True,False,True,True,False
720575940628533591,cell_class,mechanosensory,952,400,0.25,0.16,0.04,0.01,False,True,True,False,False,True,False
720575940622665801,cell_class,mechanosensory,948,400,0.25,0.16,0.14285714285714285,0.01,False,True,True,False,True,True,False
720575940622665801,cell_class,mechanosensory,948,400,0.25,0.16,0.04,0.01,False,True,True,False,True,True,False
720575940610768738,cell_class,mechanosensory,672,400,0.25,0.16,0.14285714285714285,0.01,False,True,True,False,True,True,False
720575940610768738,cell_class,mechanosensory,672,400,0.25,0.16,0.04,0.01,False,True,True,False,True,True,False
720575940627177359,cell_class,mechanosensory,1232,400,0.25,0.16,0.14285714285714285,0.01,True,True,True,False,True,True,False
720575940627177359,cell_class,mechanosensory,1232,400,0.25,0.16,0.04,0.01,False,True,True,False,True,False,False
720575940623189739,cell_class,mechanosensory,1225,400,0.25,0.16,0.14285714285714285,0.01,False,True,True,False,True,True,False
720575940623189739,cell_class,mechanosensory,1225,400,0.25,0.16,0.04,0.01,False,True,True,False,True,True,False
720575940629355064,cell_class,mechanosensory,920,400,0.25,0.16,0.14285714285714285,0.01,False,True,True,False,True,True,False
720575940629355064,cell_class,mechanosensory,920,400,0.25,0.16,0.04,0.01,False,True,True,False,False,True,False
720575940610213785,cell_class,mechanosensory,1181,400,0.25,0.16,0.14285714285714285,0.01,True,True,True,False,True,True,False
720575940610213785,cell_class,mechanosensory,1181,400,0.25,0.16,0.04,0.01,True,True,True,False,True,True,False
720575940645504878,cell_class,mechanosensory,2390,400,0.25,0.16,0.14285714285714285,0.01,False,True,True,True,True,False,False
720575940645504878,cell_class,mechanosensory,2390,400,0.25,0.16,0.04,0.01,False,True,True,False,True,False,False
720575940637445183,cell_class,mechanosensory,1039,400,0.25,0.16,0.14285714285714285,0.01,True,True,True,False,True,False,False
720575940637445183,cell_class,mechanosensory,1039,400,0.25,0.16,0.04,0.01,False,True,False,False,True,False,False
720575940627979782,cell_class,mechanosensory,1499,400,0.25,0.16,0.14285714285714285,0.01,False,True,True,False,True,True,False
720575940627979782,cell_class,mechanosensory,1499,400,0.25,0.16,0.04,0.01,False,True,True,False,True,False,False
720575940626748232,cell_class,mechanosensory,1461,400,0.25,0.16,0.14285714285714285,0.01,False,True,True,False,False,False,False
720575940626748232,cell_class,mechanosensory,1461,400,0.25,0.16,0.04,0.01,False,True,True,False,False,False,False
720575940612585577,cell_class,mechanosensory,643,400,0.25,0.16,0.14285714285714285,0.01,True,True,True,False,True,False,False
720575940612585577,cell_class,mechanosensory,643,400,0.25,0.16,0.04,0.01,True,True,True,False,False,False,False
720575940620919578,cell_class,mechanosensory,650,400,0.25,0.16,0.14285714285714285,0.01,True,True,True,False,False,True,False
720575940620919578,cell_class,mechanosensory,650,400,0.25,0.16,0.04,0.01,True,True,True,False,False,False,False
720575940632623524,cell_class,mechanosensory,1072,400,0.25,0.16,0.14285714285714285,0.01,False,True,True,False,True,True,False
720575940632623524,cell_class,mechanosensory,1072,400,0.25,0.16,0.04,0.01,False,True,True,False,True,True,False
720575940623165709,cell_class,mechanosensory,1224,400,0.25,0.16,0.14285714285714285,0.01,False,True,True,False,True,True,False
720575940623165709,cell_class,mechanosensory,1224,400,0.25,0.16,0.04,0.01,False,True,True,False,False,False,False
720575940611545011,cell_class,mechanosensory,1156,400,0.25,0.16,0.14285714285714285,0.01,False,True,True,False,True,True,False
720575940611545011,cell_class,mechanosensory,1156,400,0.25,0.16,0.04,0.01,False,True,True,False,True,True,False
720575940614597644,cell_class,mechanosensory,918,400,0.25,0.16,0.14285714285714285,0.01,False,True,True,False,False,True,False
720575940614597644,cell_class,mechanosensory,918,400,0.25,0.16,0.04,0.01,False,True,True,False,False,False,False
720575940618357126,cell_class,mechanosensory,885,400,0.25,0.16,0.14285714285714285,0.01,False,True,True,False,True,True,False
720575940618357126,cell_class,mechanosensory,885,400,0.25,0.16,0.04,0.01,False,True,True,False,True,True,False
720575940632494818,cell_class,mechanosensory,912,400,0.25,0.16,0.14285714285714285,0.01,False,True,True,False,True,True,False
720575940632494818,cell_class,mechanosensory,912,400,0.25,0.16,0.04,0.01,False,True,True,False,True,True,False
720575940622267260,cell_class,mechanosensory,972,400,0.25,0.16,0.14285714285714285,0.01,False,True,True,False,True,True,False
720575940622267260,cell_class,mechanosensory,972,400,0.25,0.16,0.04,0.01,False,True,True,False,True,True,False
720575940618950480,cell_class,mechanosensory,928,400,0.25,0.16,0.14285714285714285,0.01,False,True,True,True,True,True,False
720575940618950480,cell_class,mechanosensory,928,400,0.25,0.16,0.04,0.01,False,True,True,False,True,True,False
720575940616183483,cell_class,mechanosensory,1006,400,0.25,0.16,0.14285714285714285,0.01,False,True,True,False,True,True,False
720575940616183483,cell_class,mechanosensory,1006,400,0.25,0.16,0.04,0.01,False,True,True,False,True,True,False
720575940622340393,cell_class,mechanosensory,941,400,0.25,0.16,0.14285714285714285,0.01,False,True,True,False,True,True,False
720575940622340393,cell_class,mechanosensory,941,400,0.25,0.16,0.04,0.01,False,True,True,False,False,True,False
720575940628979218,cell_class,mechanosensory,857,400,0.25,0.16,0.14285714285714285,0.01,False,True,True,False,True,True,False
720575940628979218,cell_class,mechanosensory,857,400,0.25,0.16,0.04,0.01,False,True,True,False,False,True,False
720575940630174223,cell_class,mechanosensory,929,400,0.25,0.16,0.14285714285714285,0.01,False,True,True,False,True,True,False
720575940630174223,cell_class,mechanosensory,929,400,0.25,0.16,0.04,0.01,False,True,True,False,False,True,False
720575940628977170,cell_class,mechanosensory,866,400,0.25,0.16,0.14285714285714285,0.01,False,True,True,False,True,True,False
720575940628977170,cell_class,mechanosensory,866,400,0.25,0.16,0.04,0.01,False,True,True,False,True,True,False
720575940620744728,cell_class,mechanosensory,832,400,0.25,0.16,0.14285714285714285,0.01,False,True,True,False,True,True,False
720575940620744728,cell_class,mechanosensory,832,400,0.25,0.16,0.04,0.01,False,True,True,False,False,False,False
720575940624606140,cell_class,mechanosensory,942,400,0.25,0.16,0.14285714285714285,0.01,False,True,True,True,True,True,False
720575940624606140,cell_class,mechanosensory,942,400,0.25,0.16,0.04,0.01,False,True,True,False,True,True,False
720575940632309841,cell_class,mechanosensory,862,400,0.25,0.16,0.14285714285714285,0.01,False,True,True,False,True,True,False
720575940632309841,cell_class,mechanosensory,862,400,0.25,0.16,0.04,0.01,False,True,True,False,False,True,False
720575940619686208,cell_class,mechanosensory,915,400,0.25,0.16,0.14285714285714285,0.01,False,True,True,False,True,True,False
720575940619686208,cell_class,mechanosensory,915,400,0.25,0.16,0.04,0.01,False,True,True,False,False,True,False
720575940624989223,cell_class,mechanosensory,807,400,0.25,0.16,0.14285714285714285,0.01,False,True,True,False,False,True,False
720575940624989223,cell_class,mechanosensory,807,400,0.25,0.16,0.04,0.01,False,True,True,False,False,True,False
720575940627562472,cell_class,mechanosensory,803,400,0.25,0.16,0.14285714285714285,0.01,False,True,False,True,True,True,False
720575940627562472,cell_class,mechanosensory,803,400,0.25,0.16,0.04,0.01,False,True,False,False,True,False,False
720575940630050668,cell_class,mechanosensory,1162,400,0.25,0.16,0.14285714285714285,0.01,False,True,True,True,True,True,False
720575940630050668,cell_class,mechanosensory,1162,400,0.25,0.16,0.04,0.01,False,True,False,True,True,True,False
720575940629152060,cell_class,mechanosensory,938,400,0.25,0.16,0.14285714285714285,0.01,False,True,True,False,True,True,False
720575940629152060,cell_class,mechanosensory,938,400,0.25,0.16,0.04,0.01,False,True,True,False,True,True,False
720575940627116858,cell_class,mechanosensory,642,400,0.25,0.16,0.14285714285714285,0.01,False,True,True,False,True,True,False
720575940627116858,cell_class,mechanosensory,642,400,0.25,0.16,0.04,0.01,False,True,True,False,True,True,False
720575940627343125,cell_class,mechanosensory,822,400,0.25,0.16,0.14285714285714285,0.01,False,True,True,False,True,True,False
720575940627343125,cell_class,mechanosensory,822,400,0.25,0.16,0.04,0.01,False,True,True,False,False,False,False
720575940613851699,cell_class,mechanosensory,758,400,0.25,0.16,0.14285714285714285,0.01,False,True,True,False,True,True,False
720575940613851699,cell_class,mechanosensory,758,400,0.25,0.16,0.04,0.01,False,True,True,False,False,True,False
720575940654562209,cell_class,mechanosensory,897,400,0.25,0.16,0.14285714285714285,0.01,False,True,True,False,True,True,False
720575940654562209,cell_class,mechanosensory,897,400,0.25,0.16,0.04,0.01,False,True,True,False,True,True,False
720575940627467779,cell_class,mechanosensory,647,400,0.25,0.16,0.14285714285714285,0.01,False,True,True,False,True,True,False
720575940627467779,cell_class,mechanosensory,647,400,0.25,0.16,0.04,0.01,False,True,True,False,True,True,False
720575940617873566,cell_class,mechanosensory,650,400,0.25,0.16,0.14285714285714285,0.01,True,True,True,False,True,True,False
720575940617873566,cell_class,mechanosensory,650,400,0.25,0.16,0.04,0.01,False,True,True,False,True,True,False
720575940626922771,cell_class,mechanosensory,696,400,0.25,0.16,0.14285714285714285,0.01,False,True,True,False,True,True,False
720575940626922771,cell_class,mechanosensory,696,400,0.25,0.16,0.04,0.01,False,True,True,False,True,True,False
720575940645035287,cell_class,mechanosensory,913,400,0.25,0.16,0.14285714285714285,0.01,False,True,True,False,True,True,False
720575940645035287,cell_class,mechanosensory,913,400,0.25,0.16,0.04,0.01,False,True,True,False,False,True,False
720575940624015543,cell_class,mechanosensory,623,400,0.25,0.16,0.14285714285714285,0.01,False,True,True,False,True,True,False
720575940624015543,cell_class,mechanosensory,623,400,0.25,0.16,0.04,0.01,False,True,True,False,True,True,False
720575940638817725,cell_class,mechanosensory,1193,400,0.25,0.16,0.14285714285714285,0.01,True,True,True,False,True,False,False
720575940638817725,cell_class,mechanosensory,1193,400,0.25,0.16,0.04,0.01,True,True,True,False,True,False,False
720575940629387902,cell_class,mechanosensory,1249,400,0.25,0.16,0.14285714285714285,0.01,True,True,True,False,True,False,False
720575940629387902,cell_class,mechanosensory,1249,400,0.25,0.16,0.04,0.01,False,True,False,False,True,False,False
720575940616395101,cell_class,mechanosensory,1074,400,0.25,0.16,0.14285714285714285,0.01,False,True,True,True,True,True,False
720575940616395101,cell_class,mechanosensory,1074,400,0.25,0.16,0.04,0.01,False,True,True,False,True,True,False
720575940632463919,cell_class,mechanosensory,627,400,0.25,0.16,0.14285714285714285,0.01,False,True,True,False,True,True,False
720575940632463919,cell_class,mechanosensory,627,400,0.25,0.16,0.04,0.01,False,True,True,False,True,True,False
720575940620556680,cell_class,mechanosensory,758,400,0.25,0.16,0.14285714285714285,0.01,False,True,True,True,True,True,False
720575940620556680,cell_class,mechanosensory,758,400,0.25,0.16,0.04,0.01,False,True,True,True,True,True,False
720575940619161479,cell_class,mechanosensory,926,400,0.25,0.16,0.14285714285714285,0.01,False,True,True,False,False,True,False
720575940619161479,cell_class,mechanosensory,926,400,0.25,0.16,0.04,0.01,False,True,True,False,False,True,False
720575940622382285,cell_class,mechanosensory,911,400,0.25,0.16,0.14285714285714285,0.01,False,True,True,False,True,True,False
720575940622382285,cell_class,mechanosensory,911,400,0.25,0.16,0.04,0.01,False,True,True,False,True,True,False
720575940654611617,cell_class,mechanosensory,753,400,0.25,0.16,0.14285714285714285,0.01,False,True,True,False,False,True,False
720575940654611617,cell_class,mechanosensory,753,400,0.25,0.16,0.04,0.01,False,True,True,False,False,True,False
720575940605426110,cell_class,mechanosensory,461,400,0.25,0.16,0.14285714285714285,0.01,False,True,True,True,True,True,False
720575940605426110,cell_class,mechanosensory,461,400,0.25,0.16,0.04,0.01,False,True,True,True,True,True,False
720575940633300636,cell_class,mechanosensory,930,400,0.25,0.16,0.14285714285714285,0.01,False,True,True,False,True,True,False
720575940633300636,cell_class,mechanosensory,930,400,0.25,0.16,0.04,0.01,False,True,True,False,False,True,False
720575940634228124,cell_class,mechanosensory,1929,400,0.25,0.16,0.14285714285714285,0.01,False,True,True,False,True,False,False
720575940634228124,cell_class,mechanosensory,1929,400,0.25,0.16,0.04,0.01,False,True,False,False,False,False,False
720575940615855499,cell_class,mechanosensory,766,400,0.25,0.16,0.14285714285714285,0.01,False,True,True,False,True,False,False
720575940615855499,cell_class,mechanosensory,766,400,0.25,0.16,0.04,0.01,False,True,False,False,True,False,False
720575940641764552,cell_class,mechanosensory,649,400,0.25,0.16,0.14285714285714285,0.01,False,True,True,True,True,True,False
720575940641764552,cell_class,mechanosensory,649,400,0.25,0.16,0.04,0.01,False,True,True,False,True,True,False
720575940631575627,cell_class,mechanosensory,585,400,0.25,0.16,0.14285714285714285,0.01,True,True,True,True,True,True,False
720575940631575627,cell_class,mechanosensory,585,400,0.25,0.16,0.04,0.01,True,True,True,True,True,True,False
720575940614534623,cell_class,mechanosensory,425,400,0.25,0.16,0.14285714285714285,0.01,False,True,True,False,True,True,False
720575940614534623,cell_class,mechanosensory,425,400,0.25,0.16,0.04,0.01,False,True,True,False,True,True,False
720575940632463663,cell_class,mechanosensory,483,400,0.25,0.16,0.14285714285714285,0.01,False,True,True,False,True,True,False
720575940632463663,cell_class,mechanosensory,483,400,0.25,0.16,0.04,0.01,False,True,True,False,True,True,False
720575940627357256,cell_class,mechanosensory,761,400,0.25,0.16,0.14285714285714285,0.01,False,True,True,False,True,True,False
720575940627357256,cell_class,mechanosensory,761,400,0.25,0.16,0.04,0.01,False,True,True,False,True,True,False
720575940624355051,cell_class,mechanosensory,548,400,0.25,0.16,0.14285714285714285,0.01,False,True,True,False,True,True,False
720575940624355051,cell_class,mechanosensory,548,400,0.25,0.16,0.04,0.01,False,True,True,False,True,True,False
720575940609610564,cell_class,mechanosensory,669,400,0.25,0.16,0.14285714285714285,0.01,False,True,True,True,True,True,False
720575940609610564,cell_class,mechanosensory,669,400,0.25,0.16,0.04,0.01,False,True,True,True,True,True,False
720575940632475859,cell_class,mechanosensory,1432,400,0.25,0.16,0.14285714285714285,0.01,True,True,True,False,False,False,False
720575940632475859,cell_class,mechanosensory,1432,400,0.25,0.16,0.04,0.01,False,True,True,False,False,False,False
720575940610849649,cell_class,mechanosensory,2089,400,0.25,0.16,0.14285714285714285,0.01,False,True,True,False,False,True,False
720575940610849649,cell_class,mechanosensory,2089,400,0.25,0.16,0.04,0.01,False,True,True,False,False,True,False
720575940619697134,cell_class,mechanosensory,1568,400,0.25,0.16,0.14285714285714285,0.01,False,True,True,False,True,True,False
720575940619697134,cell_class,mechanosensory,1568,400,0.25,0.16,0.04,0.01,False,True,True,False,True,True,False
720575940633978207,cell_class,mechanosensory,915,400,0.25,0.16,0.14285714285714285,0.01,False,True,True,False,True,True,False
720575940633978207,cell_class,mechanosensory,915,400,0.25,0.16,0.04,0.01,False,True,True,False,True,True,False
720575940614808844,cell_class,mechanosensory,4835,400,0.25,0.16,0.14285714285714285,0.01,False,True,True,False,False,False,False
720575940614808844,cell_class,mechanosensory,4835,400,0.25,0.16,0.04,0.01,False,True,True,False,False,False,False
720575940622886663,cell_class,mechanosensory,1012,400,0.25,0.16,0.14285714285714285,0.01,False,True,True,True,True,True,False
720575940622886663,cell_class,mechanosensory,1012,400,0.25,0.16,0.04,0.01,False,True,True,False,False,True,False
720575940626471185,cell_class,mechanosensory,983,400,0.25,0.16,0.14285714285714285,0.01,False,True,True,False,True,False,False
720575940626471185,cell_class,mechanosensory,983,400,0.25,0.16,0.04,0.01,False,True,True,False,True,False,False
720575940628923639,cell_class,mechanosensory,507,400,0.25,0.16,0.14285714285714285,0.01,False,True,True,True,True,True,False
720575940628923639,cell_class,mechanosensory,507,400,0.25,0.16,0.04,0.01,False,True,True,True,True,True,False
720575940610148306,cell_class,mechanosensory,537,400,0.25,0.16,0.14285714285714285,0.01,True,True,True,True,True,True,False
720575940610148306,cell_class,mechanosensory,537,400,0.25,0.16,0.04,0.01,False,True,True,True,True,True,False
720575940624305812,cell_class,mechanosensory,1043,400,0.25,0.16,0.14285714285714285,0.01,False,True,False,True,True,False,False
720575940624305812,cell_class,mechanosensory,1043,400,0.25,0.16,0.04,0.01,False,False,False,False,True,False,False
720575940619864596,cell_class,mechanosensory,503,400,0.25,0.16,0.14285714285714285,0.01,False,True,False,True,True,True,False
720575940619864596,cell_class,mechanosensory,503,400,0.25,0.16,0.04,0.01,False,True,False,True,True,True,False
720575940626795909,cell_class,mechanosensory,460,400,0.25,0.16,0.14285714285714285,0.01,True,True,True,False,True,False,False
720575940626795909,cell_class,mechanosensory,460,400,0.25,0.16,0.04,0.01,True,True,True,False,True,False,False
720575940610716770,cell_class,mechanosensory,751,400,0.25,0.16,0.14285714285714285,0.01,False,True,True,True,True,False,False
720575940610716770,cell_class,mechanosensory,751,400,0.25,0.16,0.04,0.01,False,True,True,True,True,False,False
720575940628669289,cell_class,mechanosensory,705,400,0.25,0.16,0.14285714285714285,0.01,False,True,True,True,True,False,False
720575940628669289,cell_class,mechanosensory,705,400,0.25,0.16,0.04,0.01,False,True,True,True,True,False,False
720575940623990763,cell_class,mechanosensory,466,400,0.25,0.16,0.14285714285714285,0.01,True,True,True,True,True,False,False
720575940623990763,cell_class,mechanosensory,466,400,0.25,0.16,0.04,0.01,False,True,True,True,True,False,False
720575940626472721,cell_class,mechanosensory,474,400,0.25,0.16,0.14285714285714285,0.01,False,True,True,False,True,True,False
720575940626472721,cell_class,mechanosensory,474,400,0.25,0.16,0.04,0.01,False,True,True,False,True,True,False
720575940626132508,cell_class,mechanosensory,599,400,0.25,0.16,0.14285714285714285,0.01,False,True,True,False,True,True,False
720575940626132508,cell_class,mechanosensory,599,400,0.25,0.16,0.04,0.01,False,True,True,False,True,True,False
720575940624683152,cell_class,mechanosensory,531,400,0.25,0.16,0.14285714285714285,0.01,False,True,True,False,True,True,False
720575940624683152,cell_class,mechanosensory,531,400,0.25,0.16,0.04,0.01,False,True,True,False,True,True,False
720575940626483985,cell_class,mechanosensory,809,400,0.25,0.16,0.14285714285714285,0.01,False,True,True,False,True,True,False
720575940626483985,cell_class,mechanosensory,809,400,0.25,0.16,0.04,0.01,False,True,True,False,False,False,False
720575940640240885,cell_class,mechanosensory,522,400,0.25,0.16,0.14285714285714285,0.01,False,True,True,False,True,True,False
720575940640240885,cell_class,mechanosensory,522,400,0.25,0.16,0.04,0.01,False,True,True,False,True,True,False
720575940613019373,cell_class,mechanosensory,800,400,0.25,0.16,0.14285714285714285,0.01,False,True,True,True,True,False,False
720575940613019373,cell_class,mechanosensory,800,400,0.25,0.16,0.04,0.01,False,True,True,False,True,False,False
720575940627270406,cell_class,mechanosensory,524,400,0.25,0.16,0.14285714285714285,0.01,False,True,True,False,True,True,False
720575940627270406,cell_class,mechanosensory,524,400,0.25,0.16,0.04,0.01,False,True,True,False,True,True,False
720575940611385829,cell_class,mechanosensory,565,400,0.25,0.16,0.14285714285714285,0.01,False,True,True,True,True,True,False
720575940611385829,cell_class,mechanosensory,565,400,0.25,0.16,0.04,0.01,False,True,True,True,True,True,False
720575940622185430,cell_class,mechanosensory,530,400,0.25,0.16,0.14285714285714285,0.01,False,True,True,True,True,True,False
720575940622185430,cell_class,mechanosensory,530,400,0.25,0.16,0.04,0.01,False,True,True,True,True,True,False
720575940625718576,cell_class,mechanosensory,1007,400,0.25,0.16,0.14285714285714285,0.01,False,True,True,True,True,False,False
720575940625718576,cell_class,mechanosensory,1007,400,0.25,0.16,0.04,0.01,False,True,True,False,True,False,False
720575940629761017,cell_class,mechanosensory,563,400,0.25,0.16,0.14285714285714285,0.01,False,True,True,False,True,True,False
720575940629761017,cell_class,mechanosensory,563,400,0.25,0.16,0.04,0.01,False,True,True,False,True,True,False
720575940624377579,cell_class,mechanosensory,626,400,0.25,0.16,0.14285714285714285,0.01,False,True,True,False,True,True,False
720575940624377579,cell_class,mechanosensory,626,400,0.25,0.16,0.04,0.01,False,True,True,False,True,True,False
720575940637258206,cell_class,mechanosensory,1334,400,0.25,0.16,0.14285714285714285,0.01,True,True,True,False,True,False,False
720575940637258206,cell_class,mechanosensory,1334,400,0.25,0.16,0.04,0.01,False,True,True,False,True,False,False
720575940638909749,cell_class,mechanosensory,639,400,0.25,0.16,0.14285714285714285,0.01,False,True,True,False,True,True,False
720575940638909749,cell_class,mechanosensory,639,400,0.25,0.16,0.04,0.01,False,True,True,False,False,True,False
720575940620156763,cell_class,mechanosensory,414,400,0.25,0.16,0.14285714285714285,0.01,False,True,True,False,True,True,False
720575940620156763,cell_class,mechanosensory,414,400,0.25,0.16,0.04,0.01,False,True,True,False,True,True,False
720575940619630982,cell_class,mechanosensory,488,400,0.25,0.16,0.14285714285714285,0.01,False,True,True,False,True,True,False
720575940619630982,cell_class,mechanosensory,488,400,0.25,0.16,0.04,0.01,False,True,True,False,True,True,False
720575940631970144,cell_class,mechanosensory,831,400,0.25,0.16,0.14285714285714285,0.01,False,True,True,False,True,True,False
720575940631970144,cell_class,mechanosensory,831,400,0.25,0.16,0.04,0.01,False,True,True,False,True,True,False
720575940635247284,cell_class,mechanosensory,670,400,0.25,0.16,0.14285714285714285,0.01,False,True,True,False,True,True,False
720575940635247284,cell_class,mechanosensory,670,400,0.25,0.16,0.04,0.01,False,True,True,False,False,True,False
720575940627314088,cell_class,mechanosensory,793,400,0.25,0.16,0.14285714285714285,0.01,True,True,True,False,True,False,False
720575940627314088,cell_class,mechanosensory,793,400,0.25,0.16,0.04,0.01,True,True,True,False,True,False,False
720575940608292361,cell_class,mechanosensory,562,400,0.25,0.16,0.14285714285714285,0.01,False,True,True,False,True,True,False
720575940608292361,cell_class,mechanosensory,562,400,0.25,0.16,0.04,0.01,False,True,True,False,True,True,False
720575940622378281,cell_class,mechanosensory,583,400,0.25,0.16,0.14285714285714285,0.01,False,True,True,False,False,False,False
720575940622378281,cell_class,mechanosensory,583,400,0.25,0.16,0.04,0.01,False,True,True,False,False,False,False
720575940630800658,cell_class,mechanosensory,613,400,0.25,0.16,0.14285714285714285,0.01,False,True,True,False,True,True,False
720575940630800658,cell_class,mechanosensory,613,400,0.25,0.16,0.04,0.01,False,True,True,False,False,True,False
720575940625559358,cell_class,mechanosensory,1028,400,0.25,0.16,0.14285714285714285,0.01,True,True,True,False,True,False,False
720575940625559358,cell_class,mechanosensory,1028,400,0.25,0.16,0.04,0.01,True,True,False,False,True,False,False
720575940622030806,cell_class,mechanosensory,490,400,0.25,0.16,0.14285714285714285,0.01,False,True,True,True,True,True,False
720575940622030806,cell_class,mechanosensory,490,400,0.25,0.16,0.04,0.01,False,True,True,True,True,True,False
720575940611672538,cell_class,mechanosensory,588,400,0.25,0.16,0.14285714285714285,0.01,False,True,True,True,True,True,False
720575940611672538,cell_class,mechanosensory,588,400,0.25,0.16,0.04,0.01,False,True,True,False,True,True,False
720575940625070067,cell_class,mechanosensory,1122,400,0.25,0.16,0.14285714285714285,0.01,True,True,True,False,True,False,False
720575940625070067,cell_class,mechanosensory,1122,400,0.25,0.16,0.04,0.01,True,True,True,False,False,False,False
720575940613078993,cell_class,mechanosensory,465,400,0.25,0.16,0.14285714285714285,0.01,False,True,True,False,True,True,False
720575940613078993,cell_class,mechanosensory,465,400,0.25,0.16,0.04,0.01,False,True,True,False,False,True,False
720575940622961961,cell_class,mechanosensory,406,400,0.25,0.16,0.14285714285714285,0.01,True,True,True,False,True,True,False
720575940622961961,cell_class,mechanosensory,406,400,0.25,0.16,0.04,0.01,True,True,True,False,True,True,False
720575940635618793,cell_class,mechanosensory,1337,400,0.25,0.16,0.14285714285714285,0.01,True,True,True,True,True,True,False
720575940635618793,cell_class,mechanosensory,1337,400,0.25,0.16,0.04,0.01,False,True,True,False,True,False,False
720575940605697824,cell_class,mechanosensory,2175,400,0.25,0.16,0.14285714285714285,0.01,False,True,True,False,True,True,False
720575940605697824,cell_class,mechanosensory,2175,400,0.25,0.16,0.04,0.01,False,True,True,False,True,True,False
720575940631957218,cell_class,mechanosensory,2068,400,0.25,0.16,0.14285714285714285,0.01,False,True,True,False,True,True,False
720575940631957218,cell_class,mechanosensory,2068,400,0.25,0.16,0.04,0.01,False,True,True,False,False,True,False
720575940637084762,cell_class,mechanosensory,1238,400,0.25,0.16,0.14285714285714285,0.01,True,True,True,False,False,False,False
720575940637084762,cell_class,mechanosensory,1238,400,0.25,0.16,0.04,0.01,True,True,False,False,False,False,False
720575940621639133,cell_class,mechanosensory,904,400,0.25,0.16,0.14285714285714285,0.01,True,True,True,False,False,False,False
720575940621639133,cell_class,mechanosensory,904,400,0.25,0.16,0.04,0.01,True,True,True,False,False,False,False
720575940630308567,cell_class,mechanosensory,881,400,0.25,0.16,0.14285714285714285,0.01,False,True,True,False,True,True,False
720575940630308567,cell_class,mechanosensory,881,400,0.25,0.16,0.04,0.01,False,True,True,False,True,True,False
720575940618467195,cell_class,mechanosensory,804,400,0.25,0.16,0.14285714285714285,0.01,True,True,True,False,True,False,False
720575940618467195,cell_class,mechanosensory,804,400,0.25,0.16,0.04,0.01,True,True,False,False,True,False,False
720575940637330921,cell_class,mechanosensory,5010,400,0.25,0.16,0.14285714285714285,0.01,False,True,False,False,True,True,False
720575940637330921,cell_class,mechanosensory,5010,400,0.25,0.16,0.04,0.01,False,True,False,False,True,False,False
720575940622061132,cell_class,mechanosensory,548,400,0.25,0.16,0.14285714285714285,0.01,False,True,True,True,True,True,False
720575940622061132,cell_class,mechanosensory,548,400,0.25,0.16,0.04,0.01,False,True,True,True,True,True,False
720575940604340448,cell_class,mechanosensory,509,400,0.25,0.16,0.14285714285714285,0.01,False,True,True,True,True,True,False
720575940604340448,cell_class,mechanosensory,509,400,0.25,0.16,0.04,0.01,False,True,False,False,True,False,False
720575940616508555,cell_class,mechanosensory,431,400,0.25,0.16,0.14285714285714285,0.01,True,True,True,True,True,False,False
720575940616508555,cell_class,mechanosensory,431,400,0.25,0.16,0.04,0.01,False,True,True,False,True,False,False
720575940631455140,cell_class,mechanosensory,4755,400,0.25,0.16,0.14285714285714285,0.01,False,True,False,False,True,False,False
720575940631455140,cell_class,mechanosensory,4755,400,0.25,0.16,0.04,0.01,False,True,False,False,False,False,False
720575940617672093,cell_class,mechanosensory,695,400,0.25,0.16,0.14285714285714285,0.01,True,True,True,False,True,False,False
720575940617672093,cell_class,mechanosensory,695,400,0.25,0.16,0.04,0.01,True,True,True,False,True,False,False
720575940639361664,cell_class,mechanosensory,3975,400,0.25,0.16,0.14285714285714285,0.01,False,True,True,False,True,False,False
720575940639361664,cell_class,mechanosensory,3975,400,0.25,0.16,0.04,0.01,False,True,False,False,False,False,False
720575940621218985,cell_class,mechanosensory,648,400,0.25,0.16,0.14285714285714285,0.01,True,True,True,False,True,False,False
720575940621218985,cell_class,mechanosensory,648,400,0.25,0.16,0.04,0.01,True,True,True,False,True,False,False
720575940616017676,cell_class,mechanosensory,635,400,0.25,0.16,0.14285714285714285,0.01,False,True,True,True,True,True,False
720575940616017676,cell_class,mechanosensory,635,400,0.25,0.16,0.04,0.01,False,True,True,False,True,True,False
720575940637128538,cell_class,mechanosensory,728,400,0.25,0.16,0.14285714285714285,0.01,True,True,True,False,True,True,False
720575940637128538,cell_class,mechanosensory,728,400,0.25,0.16,0.04,0.01,True,True,True,False,True,False,False
720575940636530921,cell_class,mechanosensory,1154,400,0.25,0.16,0.14285714285714285,0.01,False,True,True,False,True,True,False
720575940636530921,cell_class,mechanosensory,1154,400,0.25,0.16,0.04,0.01,False,True,True,False,True,True,False
720575940622667032,cell_class,mechanosensory,1003,400,0.25,0.16,0.14285714285714285,0.01,False,True,True,False,True,True,False
720575940622667032,cell_class,mechanosensory,1003,400,0.25,0.16,0.04,0.01,False,True,True,False,True,True,False
720575940620585933,cell_class,mechanosensory,941,400,0.25,0.16,0.14285714285714285,0.01,False,True,True,False,True,True,False
720575940620585933,cell_class,mechanosensory,941,400,0.25,0.16,0.04,0.01,False,True,True,False,True,True,False
720575940657445249,cell_class,mechanosensory,1137,400,0.25,0.16,0.14285714285714285,0.01,False,True,True,False,True,True,False
720575940657445249,cell_class,mechanosensory,1137,400,0.25,0.16,0.04,0.01,False,True,True,False,False,True,False
720575940658990721,cell_class,mechanosensory,1151,400,0.25,0.16,0.14285714285714285,0.01,False,True,True,False,True,True,False
720575940658990721,cell_class,mechanosensory,1151,400,0.25,0.16,0.04,0.01,False,True,True,False,True,True,False
720575940611343853,cell_class,mechanosensory,840,400,0.25,0.16,0.14285714285714285,0.01,False,True,True,False,True,True,False
720575940611343853,cell_class,mechanosensory,840,400,0.25,0.16,0.04,0.01,False,True,True,False,True,True,False
720575940648095097,cell_class,mechanosensory,931,400,0.25,0.16,0.14285714285714285,0.01,False,True,True,False,True,True,False
720575940648095097,cell_class,mechanosensory,931,400,0.25,0.16,0.04,0.01,False,True,True,False,False,True,False
720575940629752204,cell_class,mechanosensory,642,400,0.25,0.16,0.14285714285714285,0.01,False,True,True,False,True,True,False
720575940629752204,cell_class,mechanosensory,642,400,0.25,0.16,0.04,0.01,False,True,True,False,True,True,False
720575940623512317,cell_class,mechanosensory,687,400,0.25,0.16,0.14285714285714285,0.01,False,True,True,False,True,True,False
720575940623512317,cell_class,mechanosensory,687,400,0.25,0.16,0.04,0.01,False,True,True,False,True,True,False
720575940619686689,cell_class,mechanosensory,1088,400,0.25,0.16,0.14285714285714285,0.01,False,True,True,False,True,True,False
720575940619686689,cell_class,mechanosensory,1088,400,0.25,0.16,0.04,0.01,False,True,True,False,True,True,False
720575940623624084,cell_class,mechanosensory,1430,400,0.25,0.16,0.14285714285714285,0.01,False,True,True,False,True,True,False
720575940623624084,cell_class,mechanosensory,1430,400,0.25,0.16,0.04,0.01,False,True,True,False,True,True,False
720575940626690120,cell_class,mechanosensory,1403,400,0.25,0.16,0.14285714285714285,0.01,False,True,True,False,True,True,False
720575940626690120,cell_class,mechanosensory,1403,400,0.25,0.16,0.04,0.01,False,True,True,False,False,True,False
720575940637030975,cell_class,mechanosensory,1383,400,0.25,0.16,0.14285714285714285,0.01,False,False,True,False,True,True,False
720575940637030975,cell_class,mechanosensory,1383,400,0.25,0.16,0.04,0.01,False,False,True,False,True,True,False
720575940633294527,cell_class,mechanosensory,439,400,0.25,0.16,0.14285714285714285,0.01,False,True,True,True,True,True,False
720575940633294527,cell_class,mechanosensory,439,400,0.25,0.16,0.04,0.01,False,True,True,False,True,True,False
720575940622444938,cell_class,mechanosensory,1233,400,0.25,0.16,0.14285714285714285,0.01,False,True,True,False,True,True,False
720575940622444938,cell_class,mechanosensory,1233,400,0.25,0.16,0.04,0.01,False,True,True,False,False,True,False
720575940618903888,cell_class,mechanosensory,1203,400,0.25,0.16,0.14285714285714285,0.01,False,True,True,False,True,True,False
720575940618903888,cell_class,mechanosensory,1203,400,0.25,0.16,0.04,0.01,False,True,True,False,True,True,False
720575940614363970,cell_class,mechanosensory,1308,400,0.25,0.16,0.14285714285714285,0.01,True,True,True,False,True,True,False
720575940614363970,cell_class,mechanosensory,1308,400,0.25,0.16,0.04,0.01,True,True,True,False,True,True,False
720575940625359741,cell_class,mechanosensory,3706,400,0.25,0.16,0.14285714285714285,0.01,False,True,True,False,False,False,False
720575940625359741,cell_class,mechanosensory,3706,400,0.25,0.16,0.04,0.01,False,True,True,False,False,False,False
720575940627774287,cell_class,mechanosensory,3356,400,0.25,0.16,0.14285714285714285,0.01,False,True,True,False,False,False,False
720575940627774287,cell_class,mechanosensory,3356,400,0.25,0.16,0.04,0.01,False,True,True,False,False,False,False
720575940612969169,cell_class,mechanosensory,3089,400,0.25,0.16,0.14285714285714285,0.01,False,True,True,False,False,False,False
720575940612969169,cell_class,mechanosensory,3089,400,0.25,0.16,0.04,0.01,False,True,True,False,False,False,False
720575940604425644,cell_class,mechanosensory,5656,400,0.25,0.16,0.14285714285714285,0.01,False,True,True,False,False,False,False
720575940604425644,cell_class,mechanosensory,5656,400,0.25,0.16,0.04,0.01,False,True,True,False,False,False,False
720575940626733967,cell_class,mechanosensory,3664,400,0.25,0.16,0.14285714285714285,0.01,False,True,True,False,False,False,False
720575940626733967,cell_class,mechanosensory,3664,400,0.25,0.16,0.04,0.01,False,True,True,False,False,False,False
720575940609547549,cell_class,mechanosensory,1472,400,0.25,0.16,0.14285714285714285,0.01,False,True,True,True,True,True,False
720575940609547549,cell_class,mechanosensory,1472,400,0.25,0.16,0.04,0.01,False,True,False,False,True,True,False
720575940631081356,cell_class,mechanosensory,996,400,0.25,0.16,0.14285714285714285,0.01,True,True,True,True,True,True,False
720575940631081356,cell_class,mechanosensory,996,400,0.25,0.16,0.04,0.01,False,True,True,True,True,True,False
720575940633125624,cell_class,mechanosensory,937,400,0.25,0.16,0.14285714285714285,0.01,False,True,True,True,True,True,False
720575940633125624,cell_class,mechanosensory,937,400,0.25,0.16,0.04,0.01,False,True,True,True,True,True,False
720575940627105864,cell_class,mechanosensory,1032,400,0.25,0.16,0.14285714285714285,0.01,False,True,True,True,True,True,False
720575940627105864,cell_class,mechanosensory,1032,400,0.25,0.16,0.04,0.01,False,True,True,False,True,True,False
720575940611938001,cell_class,mechanosensory,896,400,0.25,0.16,0.14285714285714285,0.01,False,True,True,True,True,True,False
720575940611938001,cell_class,mechanosensory,896,400,0.25,0.16,0.04,0.01,False,True,True,True,True,True,False
720575940620879808,cell_class,mechanosensory,1058,400,0.25,0.16,0.14285714285714285,0.01,False,True,True,False,True,True,False
720575940620879808,cell_class,mechanosensory,1058,400,0.25,0.16,0.04,0.01,False,True,True,False,True,True,False
720575940619800001,cell_class,mechanosensory,1057,400,0.25,0.16,0.14285714285714285,0.01,False,True,True,False,True,True,False
720575940619800001,cell_class,mechanosensory,1057,400,0.25,0.16,0.04,0.01,False,True,True,False,True,False,False
720575940611528410,cell_class,mechanosensory,1653,400,0.25,0.16,0.14285714285714285,0.01,False,True,True,True,True,True,False
720575940611528410,cell_class,mechanosensory,1653,400,0.25,0.16,0.04,0.01,False,True,True,True,True,True,False
720575940622357740,cell_class,mechanosensory,507,400,0.25,0.16,0.14285714285714285,0.01,False,True,True,False,True,True,False
720575940622357740,cell_class,mechanosensory,507,400,0.25,0.16,0.04,0.01,False,True,True,False,True,True,False
720575940621730557,cell_class,mechanosensory,1364,400,0.25,0.16,0.14285714285714285,0.01,False,True,True,False,True,True,False
720575940621730557,cell_class,mechanosensory,1364,400,0.25,0.16,0.04,0.01,False,True,True,False,True,True,False
720575940633475424,cell_class,mechanosensory,1335,400,0.25,0.16,0.14285714285714285,0.01,False,True,True,False,True,True,False
720575940633475424,cell_class,mechanosensory,1335,400,0.25,0.16,0.04,0.01,False,True,True,False,True,True,False
720575940614056733,cell_class,mechanosensory,829,400,0.25,0.16,0.14285714285714285,0.01,False,True,True,True,True,True,False
720575940614056733,cell_class,mechanosensory,829,400,0.25,0.16,0.04,0.01,False,True,True,True,True,True,False
720575940629365760,cell_class,mechanosensory,691,400,0.25,0.16,0.14285714285714285,0.01,False,True,True,True,True,True,False
720575940629365760,cell_class,mechanosensory,691,400,0.25,0.16,0.04,0.01,False,True,True,True,True,True,False
720575940630487594,cell_class,mechanosensory,1182,400,0.25,0.16,0.14285714285714285,0.01,True,True,True,False,True,True,False
720575940630487594,cell_class,mechanosensory,1182,400,0.25,0.16,0.04,0.01,False,True,False,False,True,True,False
720575940612344306,cell_class,mechanosensory,4054,400,0.25,0.16,0.14285714285714285,0.01,False,True,True,False,False,False,False
720575940612344306,cell_class,mechanosensory,4054,400,0.25,0.16,0.04,0.01,False,True,False,False,False,False,False
720575940632816339,cell_class,mechanosensory,1409,400,0.25,0.16,0.14285714285714285,0.01,False,True,True,False,True,True,False
720575940632816339,cell_class,mechanosensory,1409,400,0.25,0.16,0.04,0.01,False,True,True,False,True,True,False
720575940643141024,cell_class,mechanosensory,1228,400,0.25,0.16,0.14285714285714285,0.01,False,True,False,False,True,True,False
720575940643141024,cell_class,mechanosensory,1228,400,0.25,0.16,0.04,0.01,False,True,False,False,False,False,False
720575940624496280,cell_class,mechanosensory,757,400,0.25,0.16,0.14285714285714285,0.01,False,True,True,True,True,True,False
720575940624496280,cell_class,mechanosensory,757,400,0.25,0.16,0.04,0.01,False,True,True,True,True,True,False
720575940639169597,cell_class,mechanosensory,786,400,0.25,0.16,0.14285714285714285,0.01,False,True,True,False,True,True,False
720575940639169597,cell_class,mechanosensory,786,400,0.25,0.16,0.04,0.01,False,True,True,False,True,True,False
720575940628896759,cell_class,mechanosensory,1528,400,0.25,0.16,0.14285714285714285,0.01,False,True,True,False,True,True,False
720575940628896759,cell_class,mechanosensory,1528,400,0.25,0.16,0.04,0.01,False,True,True,False,False,False,False
720575940623836222,cell_class,mechanosensory,645,400,0.25,0.16,0.14285714285714285,0.01,False,True,True,False,True,True,False
720575940623836222,cell_class,mechanosensory,645,400,0.25,0.16,0.04,0.01,False,True,True,False,True,True,False
720575940614454870,cell_class,mechanosensory,632,400,0.25,0.16,0.14285714285714285,0.01,False,True,True,False,True,True,False
720575940614454870,cell_class,mechanosensory,632,400,0.25,0.16,0.04,0.01,False,True,True,False,True,True,False
720575940620879552,cell_class,mechanosensory,1386,400,0.25,0.16,0.14285714285714285,0.01,False,True,True,False,True,True,False
720575940620879552,cell_class,mechanosensory,1386,400,0.25,0.16,0.04,0.01,False,True,True,False,True,True,False
720575940620860766,cell_class,mechanosensory,2145,400,0.25,0.16,0.14285714285714285,0.01,False,True,True,False,True,True,False
720575940620860766,cell_class,mechanosensory,2145,400,0.25,0.16,0.04,0.01,False,True,False,False,True,False,False
720575940629235084,cell_class,mechanosensory,875,400,0.25,0.16,0.14285714285714285,0.01,False,True,True,False,True,True,False
720575940629235084,cell_class,mechanosensory,875,400,0.25,0.16,0.04,0.01,False,True,True,False,True,True,False
720575940608990306,cell_class,mechanosensory,555,400,0.25,0.16,0.14285714285714285,0.01,False,True,True,False,True,True,False
720575940608990306,cell_class,mechanosensory,555,400,0.25,0.16,0.04,0.01,False,True,True,False,True,True,False
720575940630539023,cell_class,mechanosensory,428,400,0.25,0.16,0.14285714285714285,0.01,False,True,True,False,True,True,False
720575940630539023,cell_class,mechanosensory,428,400,0.25,0.16,0.04,0.01,False,True,True,False,True,True,False
720575940613194143,cell_class,mechanosensory,514,400,0.25,0.16,0.14285714285714285,0.01,True,True,True,False,True,True,False
720575940613194143,cell_class,mechanosensory,514,400,0.25,0.16,0.04,0.01,True,True,True,False,True,True,False
720575940634379918,cell_class,mechanosensory,490,400,0.25,0.16,0.14285714285714285,0.01,True,True,True,False,True,True,False
720575940634379918,cell_class,mechanosensory,490,400,0.25,0.16,0.04,0.01,True,True,True,False,True,True,False
720575940607770972,cell_class,mechanosensory,454,400,0.25,0.16,0.14285714285714285,0.01,False,True,True,False,True,True,False
720575940607770972,cell_class,mechanosensory,454,400,0.25,0.16,0.04,0.01,False,True,True,False,True,True,False
720575940626049098,cell_class,mechanosensory,617,400,0.25,0.16,0.14285714285714285,0.01,False,True,True,False,True,True,False
720575940626049098,cell_class,mechanosensory,617,400,0.25,0.16,0.04,0.01,False,True,True,False,True,True,False
720575940633364984,cell_class,mechanosensory,671,400,0.25,0.16,0.14285714285714285,0.01,False,True,True,False,True,True,False
720575940633364984,cell_class,mechanosensory,671,400,0.25,0.16,0.04,0.01,False,True,True,False,True,True,False
720575940630544967,cell_class,mechanosensory,1071,400,0.25,0.16,0.14285714285714285,0.01,False,True,True,False,False,True,False
720575940630544967,cell_class,mechanosensory,1071,400,0.25,0.16,0.04,0.01,False,True,True,False,False,False,False
720575940631694069,cell_class,mechanosensory,1553,400,0.25,0.16,0.14285714285714285,0.01,True,True,True,False,True,False,False
720575940631694069,cell_class,mechanosensory,1553,400,0.25,0.16,0.04,0.01,False,True,True,False,False,False,False
720575940617945246,cell_class,mechanosensory,743,400,0.25,0.16,0.14285714285714285,0.01,True,True,True,False,True,False,False
720575940617945246,cell_class,mechanosensory,743,400,0.25,0.16,0.04,0.01,False,True,False,False,True,False,False
720575940637012196,cell_class,mechanosensory,404,400,0.25,0.16,0.14285714285714285,0.01,True,True,True,False,True,False,False
720575940637012196,cell_class,mechanosensory,404,400,0.25,0.16,0.04,0.01,True,True,True,False,True,False,False
720575940616889915,cell_class,mechanosensory,403,400,0.25,0.16,0.14285714285714285,0.01,False,True,True,True,True,True,False
720575940616889915,cell_class,mechanosensory,403,400,0.25,0.16,0.04,0.01,False,True,True,True,True,True,False
720575940618056753,cell_class,mechanosensory,1499,400,0.25,0.16,0.14285714285714285,0.01,True,True,True,False,True,False,False
720575940618056753,cell_class,mechanosensory,1499,400,0.25,0.16,0.04,0.01,True,True,True,False,True,False,False
720575940616098354,cell_class,mechanosensory,712,400,0.25,0.16,0.14285714285714285,0.01,False,True,True,False,True,False,False
720575940616098354,cell_class,mechanosensory,712,400,0.25,0.16,0.04,0.01,False,True,True,False,True,False,False
720575940628306784,cell_class,mechanosensory,1393,400,0.25,0.16,0.14285714285714285,0.01,True,True,True,False,False,False,False
720575940628306784,cell_class,mechanosensory,1393,400,0.25,0.16,0.04,0.01,True,True,True,False,False,False,False
720575940631044059,cell_class,mechanosensory,1305,400,0.25,0.16,0.14285714285714285,0.01,True,True,True,False,True,True,False
720575940631044059,cell_class,mechanosensory,1305,400,0.25,0.16,0.04,0.01,False,True,True,False,False,False,False
720575940617095005,cell_class,mechanosensory,1773,400,0.25,0.16,0.14285714285714285,0.01,True,True,True,False,True,True,False
720575940617095005,cell_class,mechanosensory,1773,400,0.25,0.16,0.04,0.01,True,True,True,False,True,False,False
720575940634714075,cell_class,mechanosensory,1254,400,0.25,0.16,0.14285714285714285,0.01,True,True,True,True,False,False,False
720575940634714075,cell_class,mechanosensory,1254,400,0.25,0.16,0.04,0.01,True,True,True,False,False,False,False
720575940618646744,cell_class,mechanosensory,1977,400,0.25,0.16,0.14285714285714285,0.01,True,True,True,False,True,False,False
720575940618646744,cell_class,mechanosensory,1977,400,0.25,0.16,0.04,0.01,False,True,True,False,False,False,False
720575940616345049,cell_class,mechanosensory,1708,400,0.25,0.16,0.14285714285714285,0.01,True,True,True,False,True,False,False
720575940616345049,cell_class,mechanosensory,1708,400,0.25,0.16,0.04,0.01,False,True,False,False,False,False,False
720575940618051485,cell_class,mechanosensory,1241,400,0.25,0.16,0.14285714285714285,0.01,False,True,True,False,True,True,False
720575940618051485,cell_class,mechanosensory,1241,400,0.25,0.16,0.04,0.01,False,True,True,False,False,False,False
720575940613142191,cell_class,mechanosensory,1756,400,0.25,0.16,0.14285714285714285,0.01,False,True,True,False,False,False,False
720575940613142191,cell_class,mechanosensory,1756,400,0.25,0.16,0.04,0.01,False,True,True,False,False,False,False
720575940619932654,cell_class,mechanosensory,1356,400,0.25,0.16,0.14285714285714285,0.01,True,True,False,False,True,False,False
720575940619932654,cell_class,mechanosensory,1356,400,0.25,0.16,0.04,0.01,False,True,False,False,False,False,False
720575940611723473,cell_class,mechanosensory,872,400,0.25,0.16,0.14285714285714285,0.01,False,True,True,False,True,True,False
720575940611723473,cell_class,mechanosensory,872,400,0.25,0.16,0.04,0.01,False,True,True,False,True,True,False
720575940629253431,cell_class,mechanosensory,851,400,0.25,0.16,0.14285714285714285,0.01,False,True,True,True,True,True,False
720575940629253431,cell_class,mechanosensory,851,400,0.25,0.16,0.04,0.01,False,True,True,True,True,True,False
720575940637616094,cell_class,mechanosensory,1003,400,0.25,0.16,0.14285714285714285,0.01,False,True,True,True,True,False,False
720575940637616094,cell_class,mechanosensory,1003,400,0.25,0.16,0.04,0.01,False,True,True,False,True,False,False
720575940629967663,cell_class,mechanosensory,984,400,0.25,0.16,0.14285714285714285,0.01,False,True,True,True,True,True,False
720575940629967663,cell_class,mechanosensory,984,400,0.25,0.16,0.04,0.01,False,True,True,False,True,True,False
720575940629237036,cell_class,mechanosensory,720,400,0.25,0.16,0.14285714285714285,0.01,True,True,False,False,True,True,False
720575940629237036,cell_class,mechanosensory,720,400,0.25,0.16,0.04,0.01,True,True,False,False,True,False,False
720575940638332494,cell_class,mechanosensory,701,400,0.25,0.16,0.14285714285714285,0.01,True,True,True,False,True,False,False
720575940638332494,cell_class,mechanosensory,701,400,0.25,0.16,0.04,0.01,True,True,True,False,True,False,False
720575940614831558,cell_class,mechanosensory,1712,400,0.25,0.16,0.14285714285714285,0.01,False,True,True,False,True,False,False
720575940614831558,cell_class,mechanosensory,1712,400,0.25,0.16,0.04,0.01,False,True,True,False,False,False,False
720575940636498907,cell_class,mechanosensory,1493,400,0.25,0.16,0.14285714285714285,0.01,True,True,True,False,False,False,False
720575940636498907,cell_class,mechanosensory,1493,400,0.25,0.16,0.04,0.01,True,True,True,False,False,False,False
720575940634186091,cell_class,mechanosensory,1577,400,0.25,0.16,0.14285714285714285,0.01,True,True,True,False,True,False,False
720575940634186091,cell_class,mechanosensory,1577,400,0.25,0.16,0.04,0.01,True,True,True,False,False,False,False
720575940623334891,cell_class,mechanosensory,1766,400,0.25,0.16,0.14285714285714285,0.01,True,True,True,False,True,False,False
720575940623334891,cell_class,mechanosensory,1766,400,0.25,0.16,0.04,0.01,True,True,True,False,False,False,False
720575940636013966,cell_class,mechanosensory,434,400,0.25,0.16,0.14285714285714285,0.01,False,True,True,False,True,False,False
720575940636013966,cell_class,mechanosensory,434,400,0.25,0.16,0.04,0.01,False,True,True,False,True,False,False
720575940633810111,cell_class,mechanosensory,2079,400,0.25,0.16,0.14285714285714285,0.01,False,True,False,False,False,False,False
720575940633810111,cell_class,mechanosensory,2079,400,0.25,0.16,0.04,0.01,False,True,False,False,False,False,False
720575940633524443,cell_class,mechanosensory,546,400,0.25,0.16,0.14285714285714285,0.01,True,True,True,False,True,True,False
720575940633524443,cell_class,mechanosensory,546,400,0.25,0.16,0.04,0.01,True,True,True,False,True,True,False
720575940613428945,cell_class,mechanosensory,881,400,0.25,0.16,0.14285714285714285,0.01,True,True,True,False,True,False,False
720575940613428945,cell_class,mechanosensory,881,400,0.25,0.16,0.04,0.01,True,True,True,False,True,False,False
720575940628874395,cell_class,mechanosensory,1905,400,0.25,0.16,0.14285714285714285,0.01,True,True,True,True,True,False,False
720575940628874395,cell_class,mechanosensory,1905,400,0.25,0.16,0.04,0.01,False,True,True,False,False,False,False
720575940621314593,cell_class,mechanosensory,431,400,0.25,0.16,0.14285714285714285,0.01,True,True,True,False,True,True,False
720575940621314593,cell_class,mechanosensory,431,400,0.25,0.16,0.04,0.01,True,True,True,False,True,False,False
720575940628258715,cell_class,mechanosensory,836,400,0.25,0.16,0.14285714285714285,0.01,True,True,True,False,True,False,False
720575940628258715,cell_class,mechanosensory,836,400,0.25,0.16,0.04,0.01,True,True,True,False,True,False,False
720575940622199977,cell_class,mechanosensory,1233,400,0.25,0.16,0.14285714285714285,0.01,True,True,True,False,True,False,False
720575940622199977,cell_class,mechanosensory,1233,400,0.25,0.16,0.04,0.01,True,True,False,False,False,False,False
720575940619235920,cell_class,mechanosensory,892,400,0.25,0.16,0.14285714285714285,0.01,True,True,True,False,False,False,False
720575940619235920,cell_class,mechanosensory,892,400,0.25,0.16,0.04,0.01,False,True,True,False,False,False,False
720575940606912386,cell_class,mechanosensory,561,400,0.25,0.16,0.14285714285714285,0.01,True,True,True,False,True,True,False
720575940606912386,cell_class,mechanosensory,561,400,0.25,0.16,0.04,0.01,True,True,True,False,False,True,False
720575940613915089,cell_class,mechanosensory,664,400,0.25,0.16,0.14285714285714285,0.01,False,True,True,False,True,True,False
720575940613915089,cell_class,mechanosensory,664,400,0.25,0.16,0.04,0.01,False,True,True,False,True,True,False
720575940626543768,cell_class,mechanosensory,563,400,0.25,0.16,0.14285714285714285,0.01,True,True,True,False,True,False,False
720575940626543768,cell_class,mechanosensory,563,400,0.25,0.16,0.04,0.01,True,True,True,False,True,False,False
720575940627977457,cell_class,mechanosensory,630,400,0.25,0.16,0.14285714285714285,0.01,True,True,True,False,True,False,False
720575940627977457,cell_class,mechanosensory,630,400,0.25,0.16,0.04,0.01,True,True,True,False,True,False,False
720575940640952027,cell_class,mechanosensory,881,400,0.25,0.16,0.14285714285714285,0.01,True,True,True,False,True,False,False
720575940640952027,cell_class,mechanosensory,881,400,0.25,0.16,0.04,0.01,True,True,True,False,True,False,False
720575940633221090,cell_class,mechanosensory,1145,400,0.25,0.16,0.14285714285714285,0.01,False,True,True,False,True,True,False
720575940633221090,cell_class,mechanosensory,1145,400,0.25,0.16,0.04,0.01,False,True,True,False,True,True,False
720575940614866242,cell_class,mechanosensory,1036,400,0.25,0.16,0.14285714285714285,0.01,False,True,True,True,True,False,False
720575940614866242,cell_class,mechanosensory,1036,400,0.25,0.16,0.04,0.01,False,True,True,False,True,False,False
720575940612307478,cell_class,mechanosensory,476,400,0.25,0.16,0.14285714285714285,0.01,True,True,True,False,True,False,False
720575940612307478,cell_class,mechanosensory,476,400,0.25,0.16,0.04,0.01,True,True,True,False,False,False,False
720575940618682747,cell_class,mechanosensory,1179,400,0.25,0.16,0.14285714285714285,0.01,False,True,True,True,True,False,False
720575940618682747,cell_class,mechanosensory,1179,400,0.25,0.16,0.04,0.01,False,True,True,True,True,False,False
720575940630309847,cell_class,mechanosensory,681,400,0.25,0.16,0.14285714285714285,0.01,True,True,True,True,True,False,False
720575940630309847,cell_class,mechanosensory,681,400,0.25,0.16,0.04,0.01,True,True,True,True,True,False,False
720575940608884931,cell_class,mechanosensory,613,400,0.25,0.16,0.14285714285714285,0.01,True,True,True,False,True,False,False
720575940608884931,cell_class,mechanosensory,613,400,0.25,0.16,0.04,0.01,True,True,True,False,True,False,False
720575940616162235,cell_class,mechanosensory,428,400,0.25,0.16,0.14285714285714285,0.01,True,True,True,False,True,False,False
720575940616162235,cell_class,mechanosensory,428,400,0.25,0.16,0.04,0.01,True,True,False,False,True,False,False
720575940628978450,cell_class,mechanosensory,1323,400,0.25,0.16,0.14285714285714285,0.01,True,True,True,False,False,False,False
720575940628978450,cell_class,mechanosensory,1323,400,0.25,0.16,0.04,0.01,True,True,True,False,False,False,False
720575940630094325,cell_class,mechanosensory,1423,400,0.25,0.16,0.14285714285714285,0.01,False,True,True,False,False,False,False
720575940630094325,cell_class,mechanosensory,1423,400,0.25,0.16,0.04,0.01,False,True,True,False,False,False,False
720575940621076458,cell_class,mechanosensory,1744,400,0.25,0.16,0.14285714285714285,0.01,False,True,True,True,True,True,False
720575940621076458,cell_class,mechanosensory,1744,400,0.25,0.16,0.04,0.01,False,True,False,False,True,False,False
720575940634599643,cell_class,mechanosensory,1348,400,0.25,0.16,0.14285714285714285,0.01,True,True,True,False,False,False,False
720575940634599643,cell_class,mechanosensory,1348,400,0.25,0.16,0.04,0.01,True,True,True,False,False,False,False
720575940631326751,cell_class,mechanosensory,1291,400,0.25,0.16,0.14285714285714285,0.01,True,True,True,False,False,False,False
720575940631326751,cell_class,mechanosensory,1291,400,0.25,0.16,0.04,0.01,False,True,True,False,False,False,False
720575940631368544,cell_class,mechanosensory,849,400,0.25,0.16,0.14285714285714285,0.01,True,True,True,False,False,False,False
720575940631368544,cell_class,mechanosensory,849,400,0.25,0.16,0.04,0.01,True,True,True,False,False,False,False
720575940605997233,cell_class,mechanosensory,1547,400,0.25,0.16,0.14285714285714285,0.01,True,True,True,False,True,False,False
720575940605997233,cell_class,mechanosensory,1547,400,0.25,0.16,0.04,0.01,True,True,False,False,False,False,False
720575940628315232,cell_class,mechanosensory,990,400,0.25,0.16,0.14285714285714285,0.01,True,True,True,False,False,False,False
720575940628315232,cell_class,mechanosensory,990,400,0.25,0.16,0.04,0.01,True,True,True,False,False,False,False
720575940604879025,cell_class,mechanosensory,1128,400,0.25,0.16,0.14285714285714285,0.01,True,True,True,False,False,True,False
720575940604879025,cell_class,mechanosensory,1128,400,0.25,0.16,0.04,0.01,True,True,True,False,False,True,False
720575940631367264,cell_class,mechanosensory,1173,400,0.25,0.16,0.14285714285714285,0.01,True,True,True,False,False,False,False
720575940631367264,cell_class,mechanosensory,1173,400,0.25,0.16,0.04,0.01,True,True,True,False,False,False,False
720575940607651083,cell_class,mechanosensory,1146,400,0.25,0.16,0.14285714285714285,0.01,True,True,True,False,True,False,False
720575940607651083,cell_class,mechanosensory,1146,400,0.25,0.16,0.04,0.01,False,True,True,False,True,False,False
720575940626753809,cell_class,mechanosensory,1150,400,0.25,0.16,0.14285714285714285,0.01,True,True,True,False,False,True,False
720575940626753809,cell_class,mechanosensory,1150,400,0.25,0.16,0.04,0.01,True,True,True,False,False,False,False
720575940631367776,cell_class,mechanosensory,800,400,0.25,0.16,0.14285714285714285,0.01,True,True,True,False,False,True,False
720575940631367776,cell_class,mechanosensory,800,400,0.25,0.16,0.04,0.01,True,True,True,False,False,True,False
720575940626606211,cell_class,mechanosensory,898,400,0.25,0.16,0.14285714285714285,0.01,False,True,True,False,False,False,False
720575940626606211,cell_class,mechanosensory,898,400,0.25,0.16,0.04,0.01,False,True,True,False,False,False,False
720575940626524805,cell_class,mechanosensory,1130,400,0.25,0.16,0.14285714285714285,0.01,True,True,True,False,True,False,False
720575940626524805,cell_class,mechanosensory,1130,400,0.25,0.16,0.04,0.01,True,True,True,False,True,False,False
720575940624137656,cell_class,mechanosensory,732,400,0.25,0.16,0.14285714285714285,0.01,True,True,True,False,True,True,False
720575940624137656,cell_class,mechanosensory,732,400,0.25,0.16,0.04,0.01,True,True,True,False,True,True,False
720575940626673490,cell_class,mechanosensory,1109,400,0.25,0.16,0.14285714285714285,0.01,False,True,True,False,True,True,False
720575940626673490,cell_class,mechanosensory,1109,400,0.25,0.16,0.04,0.01,False,True,False,False,True,False,False
720575940617212134,cell_class,mechanosensory,487,400,0.25,0.16,0.14285714285714285,0.01,True,True,True,False,True,False,False
720575940617212134,cell_class,mechanosensory,487,400,0.25,0.16,0.04,0.01,True,True,True,False,True,False,False
720575940632154285,cell_class,mechanosensory,675,400,0.25,0.16,0.14285714285714285,0.01,True,True,True,True,True,False,False
720575940632154285,cell_class,mechanosensory,675,400,0.25,0.16,0.04,0.01,True,True,True,False,True,False,False
720575940610261346,cell_class,mechanosensory,623,400,0.25,0.16,0.14285714285714285,0.01,True,True,True,True,True,False,False
720575940610261346,cell_class,mechanosensory,623,400,0.25,0.16,0.04,0.01,True,True,False,True,True,False,False
720575940640719861,cell_class,mechanosensory,431,400,0.25,0.16,0.14285714285714285,0.01,True,True,True,False,False,False,False
720575940640719861,cell_class,mechanosensory,431,400,0.25,0.16,0.04,0.01,True,True,True,False,False,False,False
720575940637389534,cell_class,mechanosensory,635,400,0.25,0.16,0.14285714285714285,0.01,True,True,True,True,True,False,False
720575940637389534,cell_class,mechanosensory,635,400,0.25,0.16,0.04,0.01,True,True,True,True,True,False,False
720575940627356072,cell_class,mechanosensory,1626,400,0.25,0.16,0.14285714285714285,0.01,False,True,True,False,True,False,False
720575940627356072,cell_class,mechanosensory,1626,400,0.25,0.16,0.04,0.01,False,True,True,False,True,False,False
720575940624428728,cell_class,mechanosensory,635,400,0.25,0.16,0.14285714285714285,0.01,True,True,True,True,True,False,False
720575940624428728,cell_class,mechanosensory,635,400,0.25,0.16,0.04,0.01,True,True,True,True,True,False,False
720575940627542769,cell_class,mechanosensory,786,400,0.25,0.16,0.14285714285714285,0.01,True,True,True,True,True,False,False
720575940627542769,cell_class,mechanosensory,786,400,0.25,0.16,0.04,0.01,True,True,True,True,True,False,False
720575940628349446,cell_class,mechanosensory,557,400,0.25,0.16,0.14285714285714285,0.01,True,True,True,True,True,False,False
720575940628349446,cell_class,mechanosensory,557,400,0.25,0.16,0.04,0.01,True,True,True,False,True,False,False
720575940616040587,cell_class,mechanosensory,754,400,0.25,0.16,0.14285714285714285,0.01,True,True,True,False,True,False,False
720575940616040587,cell_class,mechanosensory,754,400,0.25,0.16,0.04,0.01,True,True,True,False,True,False,False
720575940626666066,cell_class,mechanosensory,785,400,0.25,0.16,0.14285714285714285,0.01,True,True,False,False,False,False,False
720575940626666066,cell_class,mechanosensory,785,400,0.25,0.16,0.04,0.01,True,True,False,False,False,False,False
720575940621218729,cell_class,mechanosensory,1205,400,0.25,0.16,0.14285714285714285,0.01,True,True,True,False,True,False,False
720575940621218729,cell_class,mechanosensory,1205,400,0.25,0.16,0.04,0.01,True,True,False,False,False,False,False
720575940633553820,cell_class,mechanosensory,489,400,0.25,0.16,0.14285714285714285,0.01,True,True,True,True,True,False,False
720575940633553820,cell_class,mechanosensory,489,400,0.25,0.16,0.04,0.01,True,True,True,False,True,False,False
720575940632175268,cell_class,mechanosensory,462,400,0.25,0.16,0.14285714285714285,0.01,True,True,True,False,True,False,False
720575940632175268,cell_class,mechanosensory,462,400,0.25,0.16,0.04,0.01,True,True,True,False,True,False,False
720575940622591049,cell_class,mechanosensory,516,400,0.25,0.16,0.14285714285714285,0.01,True,True,True,True,True,False,False
720575940622591049,cell_class,mechanosensory,516,400,0.25,0.16,0.04,0.01,True,True,True,True,True,False,False
720575940622234211,cell_class,mechanosensory,652,400,0.25,0.16,0.14285714285714285,0.01,True,True,True,False,False,False,False
720575940622234211,cell_class,mechanosensory,652,400,0.25,0.16,0.04,0.01,False,True,True,False,False,False,False
720575940619083349,cell_class,mechanosensory,423,400,0.25,0.16,0.14285714285714285,0.01,True,True,True,False,True,False,False
720575940619083349,cell_class,mechanosensory,423,400,0.25,0.16,0.04,0.01,True,True,True,False,True,False,False
720575940645483555,cell_class,mechanosensory,708,400,0.25,0.16,0.14285714285714285,0.01,True,True,True,False,True,False,False
720575940645483555,cell_class,mechanosensory,708,400,0.25,0.16,0.04,0.01,True,True,True,False,True,False,False
720575940630678009,cell_class,mechanosensory,2740,400,0.25,0.16,0.14285714285714285,0.01,False,True,True,True,True,False,False
720575940630678009,cell_class,mechanosensory,2740,400,0.25,0.16,0.04,0.01,False,True,True,False,True,False,False
720575940612439958,cell_class,mechanosensory,1297,400,0.25,0.16,0.14285714285714285,0.01,True,True,True,True,True,True,False
720575940612439958,cell_class,mechanosensory,1297,400,0.25,0.16,0.04,0.01,False,True,True,True,True,True,False
720575940604976318,cell_class,mechanosensory,490,400,0.25,0.16,0.14285714285714285,0.01,True,True,True,False,True,False,False
720575940604976318,cell_class,mechanosensory,490,400,0.25,0.16,0.04,0.01,True,True,True,False,True,False,False
720575940621417421,cell_class,mechanosensory,411,400,0.25,0.16,0.14285714285714285,0.01,False,True,True,True,True,True,False
720575940621417421,cell_class,mechanosensory,411,400,0.25,0.16,0.04,0.01,False,True,True,True,True,True,False
720575940634609115,cell_class,mechanosensory,943,400,0.25,0.16,0.14285714285714285,0.01,True,True,True,True,False,False,False
720575940634609115,cell_class,mechanosensory,943,400,0.25,0.16,0.04,0.01,True,True,True,True,False,False,False
720575940607765259,cell_class,mechanosensory,736,400,0.25,0.16,0.14285714285714285,0.01,True,True,True,True,False,False,False
720575940607765259,cell_class,mechanosensory,736,400,0.25,0.16,0.04,0.01,False,True,True,True,False,False,False
720575940631399008,cell_class,mechanosensory,769,400,0.25,0.16,0.14285714285714285,0.01,False,True,True,False,True,False,False
720575940631399008,cell_class,mechanosensory,769,400,0.25,0.16,0.04,0.01,False,True,True,False,True,False,False
720575940621005677,cell_class,mechanosensory,670,400,0.25,0.16,0.14285714285714285,0.01,False,True,True,False,True,True,False
720575940621005677,cell_class,mechanosensory,670,400,0.25,0.16,0.04,0.01,False,True,True,False,True,True,False
720575940641396078,cell_class,mechanosensory,541,400,0.25,0.16,0.14285714285714285,0.01,True,True,True,False,False,True,False
720575940641396078,cell_class,mechanosensory,541,400,0.25,0.16,0.04,0.01,False,True,True,False,False,True,False
720575940609934365,cell_class,mechanosensory,594,400,0.25,0.16,0.14285714285714285,0.01,True,True,True,False,False,False,False
720575940609934365,cell_class,mechanosensory,594,400,0.25,0.16,0.04,0.01,True,True,True,False,False,False,False
720575940612407581,cell_class,mechanosensory,511,400,0.25,0.16,0.14285714285714285,0.01,True,True,True,False,True,False,False
720575940612407581,cell_class,mechanosensory,511,400,0.25,0.16,0.04,0.01,True,True,True,False,True,False,False
720575940616080212,cell_class,mechanosensory,548,400,0.25,0.16,0.14285714285714285,0.01,False,True,True,False,True,False,False
720575940616080212,cell_class,mechanosensory,548,400,0.25,0.16,0.04,0.01,False,True,True,False,True,False,False
720575940620940276,cell_class,mechanosensory,792,400,0.25,0.16,0.14285714285714285,0.01,True,True,True,False,True,False,False
720575940620940276,cell_class,mechanosensory,792,400,0.25,0.16,0.04,0.01,True,True,True,False,True,False,False
720575940628969984,cell_class,mechanosensory,499,400,0.25,0.16,0.14285714285714285,0.01,True,True,True,True,True,True,False
720575940628969984,cell_class,mechanosensory,499,400,0.25,0.16,0.04,0.01,True,True,True,False,True,True,False
720575940625866789,cell_class,mechanosensory,436,400,0.25,0.16,0.14285714285714285,0.01,False,True,True,False,True,False,False
720575940625866789,cell_class,mechanosensory,436,400,0.25,0.16,0.04,0.01,False,True,True,False,True,False,False
720575940618896624,cell_class,mechanosensory,671,400,0.25,0.16,0.14285714285714285,0.01,True,True,True,False,True,False,False
720575940618896624,cell_class,mechanosensory,671,400,0.25,0.16,0.04,0.01,True,True,True,False,True,False,False
720575940637418549,cell_class,mechanosensory,768,400,0.25,0.16,0.14285714285714285,0.01,False,True,True,False,True,True,False
720575940637418549,cell_class,mechanosensory,768,400,0.25,0.16,0.04,0.01,False,True,True,False,True,False,False
720575940643903904,cell_class,mechanosensory,727,400,0.25,0.16,0.14285714285714285,0.01,True,True,True,True,True,False,False
720575940643903904,cell_class,mechanosensory,727,400,0.25,0.16,0.04,0.01,True,True,True,True,True,False,False
720575940628941762,cell_class,mechanosensory,419,400,0.25,0.16,0.14285714285714285,0.01,False,True,True,False,True,False,False
720575940628941762,cell_class,mechanosensory,419,400,0.25,0.16,0.04,0.01,False,True,True,False,True,False,False
720575940616951124,cell_class,mechanosensory,1134,400,0.25,0.16,0.14285714285714285,0.01,True,True,True,False,False,False,False
720575940616951124,cell_class,mechanosensory,1134,400,0.25,0.16,0.04,0.01,True,True,True,False,False,False,False
720575940613669357,cell_class,mechanosensory,1593,400,0.25,0.16,0.14285714285714285,0.01,False,True,True,False,True,True,False
720575940613669357,cell_class,mechanosensory,1593,400,0.25,0.16,0.04,0.01,False,True,True,False,False,False,False
720575940631957344,cell_class,mechanosensory,1484,400,0.25,0.16,0.14285714285714285,0.01,False,True,True,False,True,False,False
720575940631957344,cell_class,mechanosensory,1484,400,0.25,0.16,0.04,0.01,False,True,True,False,False,False,False
720575940631367520,cell_class,mechanosensory,1258,400,0.25,0.16,0.14285714285714285,0.01,False,True,True,False,False,False,False
720575940631367520,cell_class,mechanosensory,1258,400,0.25,0.16,0.04,0.01,False,True,True,False,False,False,False
720575940637039962,cell_class,mechanosensory,1449,400,0.25,0.16,0.14285714285714285,0.01,False,True,True,False,True,False,False
720575940637039962,cell_class,mechanosensory,1449,400,0.25,0.16,0.04,0.01,False,True,True,False,False,False,False
720575940616479121,cell_class,mechanosensory,1206,400,0.25,0.16,0.14285714285714285,0.01,True,True,True,False,False,False,False
720575940616479121,cell_class,mechanosensory,1206,400,0.25,0.16,0.04,0.01,False,True,True,False,False,False,False
720575940637062975,cell_class,mechanosensory,1012,400,0.25,0.16,0.14285714285714285,0.01,False,True,True,False,True,True,False
720575940637062975,cell_class,mechanosensory,1012,400,0.25,0.16,0.04,0.01,False,True,True,False,True,True,False
720575940630650130,cell_class,mechanosensory,598,400,0.25,0.16,0.14285714285714285,0.01,True,True,True,False,True,False,False
720575940630650130,cell_class,mechanosensory,598,400,0.25,0.16,0.04,0.01,True,True,True,False,False,False,False
720575940600433181,cell_class,mechanosensory,763,400,0.25,0.16,0.14285714285714285,0.01,True,True,False,False,False,False,False
720575940600433181,cell_class,mechanosensory,763,400,0.25,0.16,0.04,0.01,True,True,False,False,False,False,False
720575940613469545,cell_class,mechanosensory,875,400,0.25,0.16,0.14285714285714285,0.01,True,True,True,False,False,False,False
720575940613469545,cell_class,mechanosensory,875,400,0.25,0.16,0.04,0.01,False,True,True,False,False,False,False
720575940613641915,cell_class,mechanosensory,719,400,0.25,0.16,0.14285714285714285,0.01,True,True,True,False,True,False,False
720575940613641915,cell_class,mechanosensory,719,400,0.25,0.16,0.04,0.01,True,True,True,False,False,False,False
720575940630969051,cell_class,mechanosensory,780,400,0.25,0.16,0.14285714285714285,0.01,True,True,True,True,False,True,False
720575940630969051,cell_class,mechanosensory,780,400,0.25,0.16,0.04,0.01,True,True,True,True,False,False,False
720575940630472727,cell_class,mechanosensory,757,400,0.25,0.16,0.14285714285714285,0.01,False,True,True,False,True,True,False
720575940630472727,cell_class,mechanosensory,757,400,0.25,0.16,0.04,0.01,False,True,True,False,False,False,False
720575940616612025,cell_class,mechanosensory,717,400,0.25,0.16,0.14285714285714285,0.01,False,True,True,False,True,True,False
720575940616612025,cell_class,mechanosensory,717,400,0.25,0.16,0.04,0.01,False,True,True,False,True,False,False
720575940609527069,cell_class,mechanosensory,629,400,0.25,0.16,0.14285714285714285,0.01,True,True,True,False,True,True,False
720575940609527069,cell_class,mechanosensory,629,400,0.25,0.16,0.04,0.01,True,True,True,False,True,True,False
720575940623401128,cell_class,mechanosensory,610,400,0.25,0.16,0.14285714285714285,0.01,True,True,True,False,False,True,False
720575940623401128,cell_class,mechanosensory,610,400,0.25,0.16,0.04,0.01,True,True,True,False,False,True,False
720575940623587780,cell_class,mechanosensory,832,400,0.25,0.16,0.14285714285714285,0.01,True,True,True,True,True,True,False
720575940623587780,cell_class,mechanosensory,832,400,0.25,0.16,0.04,0.01,False,True,True,False,True,True,False
720575940622281352,cell_class,mechanosensory,551,400,0.25,0.16,0.14285714285714285,0.01,True,True,True,False,True,False,False
720575940622281352,cell_class,mechanosensory,551,400,0.25,0.16,0.04,0.01,True,True,True,False,True,False,False
720575940631412832,cell_class,mechanosensory,522,400,0.25,0.16,0.14285714285714285,0.01,False,True,True,False,True,False,False
720575940631412832,cell_class,mechanosensory,522,400,0.25,0.16,0.04,0.01,False,True,True,False,True,False,False
720575940609691075,cell_class,mechanosensory,716,400,0.25,0.16,0.14285714285714285,0.01,False,True,False,False,True,False,False
720575940609691075,cell_class,mechanosensory,716,400,0.25,0.16,0.04,0.01,False,True,False,False,True,False,False
720575940642582039,cell_class,mechanosensory,448,400,0.25,0.16,0.14285714285714285,0.01,False,True,True,False,True,True,False
720575940642582039,cell_class,mechanosensory,448,400,0.25,0.16,0.04,0.01,False,True,True,False,True,True,False
720575940620422938,cell_class,mechanosensory,418,400,0.25,0.16,0.14285714285714285,0.01,True,True,True,False,True,True,False
720575940620422938,cell_class,mechanosensory,418,400,0.25,0.16,0.04,0.01,True,True,True,False,True,True,False
720575940627883087,cell_class,mechanosensory,401,400,0.25,0.16,0.14285714285714285,0.01,False,True,True,False,True,True,False
720575940627883087,cell_class,mechanosensory,401,400,0.25,0.16,0.04,0.01,False,True,True,False,True,True,False
720575940636104846,cell_class,mechanosensory,831,400,0.25,0.16,0.14285714285714285,0.01,False,True,True,False,True,True,False
720575940636104846,cell_class,mechanosensory,831,400,0.25,0.16,0.04,0.01,False,True,True,False,True,True,False
720575940628908670,cell_class,mechanosensory,604,400,0.25,0.16,0.14285714285714285,0.01,True,True,True,False,True,False,False
720575940628908670,cell_class,mechanosensory,604,400,0.25,0.16,0.04,0.01,True,True,True,False,False,False,False
720575940618130334,cell_class,mechanosensory,1363,400,0.25,0.16,0.14285714285714285,0.01,True,True,True,False,False,True,False
720575940618130334,cell_class,mechanosensory,1363,400,0.25,0.16,0.04,0.01,False,True,False,False,False,False,False
720575940612478181,cell_class,mechanosensory,1256,400,0.25,0.16,0.14285714285714285,0.01,True,True,True,False,True,False,False
720575940612478181,cell_class,mechanosensory,1256,400,0.25,0.16,0.04,0.01,False,True,True,False,False,False,False
720575940628194647,cell_class,mechanosensory,1338,400,0.25,0.16,0.14285714285714285,0.01,False,True,True,False,True,True,False
720575940628194647,cell_class,mechanosensory,1338,400,0.25,0.16,0.04,0.01,False,True,False,False,False,True,False
720575940622946963,cell_class,mechanosensory,1732,400,0.25,0.16,0.14285714285714285,0.01,False,True,True,False,True,False,False
720575940622946963,cell_class,mechanosensory,1732,400,0.25,0.16,0.04,0.01,False,True,True,False,False,False,False
720575940628210272,cell_class,mechanosensory,1252,400,0.25,0.16,0.14285714285714285,0.01,True,True,True,True,False,False,False
720575940628210272,cell_class,mechanosensory,1252,400,0.25,0.16,0.04,0.01,False,True,True,True,False,False,False
720575940650244342,cell_class,mechanosensory,988,400,0.25,0.16,0.14285714285714285,0.01,True,True,True,False,True,False,False
720575940650244342,cell_class,mechanosensory,988,400,0.25,0.16,0.04,0.01,False,True,True,False,False,False,False
720575940641058523,cell_class,mechanosensory,1282,400,0.25,0.16,0.14285714285714285,0.01,False,True,True,False,True,True,False
720575940641058523,cell_class,mechanosensory,1282,400,0.25,0.16,0.04,0.01,False,True,False,False,True,True,False
720575940636395866,cell_class,mechanosensory,1127,400,0.25,0.16,0.14285714285714285,0.01,True,True,True,False,False,False,False
720575940636395866,cell_class,mechanosensory,1127,400,0.25,0.16,0.04,0.01,True,True,True,False,False,False,False
720575940634605531,cell_class,mechanosensory,1230,400,0.25,0.16,0.14285714285714285,0.01,False,True,True,False,True,False,False
720575940634605531,cell_class,mechanosensory,1230,400,0.25,0.16,0.04,0.01,False,True,True,False,False,False,False
720575940612453526,cell_class,mechanosensory,821,400,0.25,0.16,0.14285714285714285,0.01,False,True,True,False,True,True,False
720575940612453526,cell_class,mechanosensory,821,400,0.25,0.16,0.04,0.01,False,True,True,False,True,True,False
720575940632692378,cell_class,mechanosensory,689,400,0.25,0.16,0.14285714285714285,0.01,True,True,True,False,True,True,False
720575940632692378,cell_class,mechanosensory,689,400,0.25,0.16,0.04,0.01,False,True,True,False,True,True,False
720575940620031341,cell_class,mechanosensory,539,400,0.25,0.16,0.14285714285714285,0.01,False,True,True,False,True,True,False
720575940620031341,cell_class,mechanosensory,539,400,0.25,0.16,0.04,0.01,False,True,True,False,True,True,False
720575940638694307,cell_class,mechanosensory,712,400,0.25,0.16,0.14285714285714285,0.01,False,True,True,True,True,True,False
720575940638694307,cell_class,mechanosensory,712,400,0.25,0.16,0.04,0.01,False,True,True,False,True,True,False
720575940638636533,cell_class,mechanosensory,561,400,0.25,0.16,0.14285714285714285,0.01,True,True,True,False,True,True,False
720575940638636533,cell_class,mechanosensory,561,400,0.25,0.16,0.04,0.01,False,True,True,False,True,True,False
720575940629860089,cell_class,mechanosensory,604,400,0.25,0.16,0.14285714285714285,0.01,True,True,True,False,True,False,False
720575940629860089,cell_class,mechanosensory,604,400,0.25,0.16,0.04,0.01,True,True,True,False,False,False,False
720575940636241038,cell_class,mechanosensory,892,400,0.25,0.16,0.14285714285714285,0.01,True,True,True,False,True,False,False
720575940636241038,cell_class,mechanosensory,892,400,0.25,0.16,0.04,0.01,False,True,True,False,True,False,False
720575940638256949,cell_class,mechanosensory,695,400,0.25,0.16,0.14285714285714285,0.01,True,True,True,False,True,True,False
720575940638256949,cell_class,mechanosensory,695,400,0.25,0.16,0.04,0.01,False,True,True,False,True,True,False
720575940612647166,cell_class,mechanosensory,408,400,0.25,0.16,0.14285714285714285,0.01,True,True,True,False,True,True,False
720575940612647166,cell_class,mechanosensory,408,400,0.25,0.16,0.04,0.01,True,True,False,False,True,True,False
720575940615222201,cell_class,mechanosensory,420,400,0.25,0.16,0.14285714285714285,0.01,True,True,True,False,True,True,False
720575940615222201,cell_class,mechanosensory,420,400,0.25,0.16,0.04,0.01,True,True,True,False,True,True,False
720575940608975371,cell_class,mechanosensory,692,400,0.25,0.16,0.14285714285714285,0.01,False,True,True,False,True,True,False
720575940608975371,cell_class,mechanosensory,692,400,0.25,0.16,0.04,0.01,False,True,True,False,True,True,False
720575940619465131,cell_class,mechanosensory,691,400,0.25,0.16,0.14285714285714285,0.01,False,True,True,False,True,True,False
720575940619465131,cell_class,mechanosensory,691,400,0.25,0.16,0.04,0.01,False,True,True,False,True,True,False
720575940626162378,cell_class,mechanosensory,859,400,0.25,0.16,0.14285714285714285,0.01,True,True,True,True,True,True,False
720575940626162378,cell_class,mechanosensory,859,400,0.25,0.16,0.04,0.01,False,True,True,False,True,False,False
720575940644036644,cell_class,mechanosensory,464,400,0.25,0.16,0.14285714285714285,0.01,True,True,True,False,True,False,False
720575940644036644,cell_class,mechanosensory,464,400,0.25,0.16,0.04,0.01,True,True,True,False,True,False,False
720575940615926982,cell_class,mechanosensory,616,400,0.25,0.16,0.14285714285714285,0.01,True,True,True,False,True,False,False
720575940615926982,cell_class,mechanosensory,616,400,0.25,0.16,0.04,0.01,True,True,True,False,True,False,False
720575940631049002,cell_class,mechanosensory,462,400,0.25,0.16,0.14285714285714285,0.01,False,True,True,False,True,False,False
720575940631049002,cell_class,mechanosensory,462,400,0.25,0.16,0.04,0.01,False,True,True,False,True,False,False
720575940622202858,cell_class,mechanosensory,1535,400,0.25,0.16,0.14285714285714285,0.01,True,True,False,False,True,False,False
720575940622202858,cell_class,mechanosensory,1535,400,0.25,0.16,0.04,0.01,True,True,False,False,False,False,False
720575940638243645,cell_class,mechanosensory,1379,400,0.25,0.16,0.14285714285714285,0.01,True,True,True,False,False,False,False
720575940638243645,cell_class,mechanosensory,1379,400,0.25,0.16,0.04,0.01,False,True,True,False,False,False,False
720575940621431247,cell_class,mechanosensory,1521,400,0.25,0.16,0.14285714285714285,0.01,True,True,True,False,False,False,False
720575940621431247,cell_class,mechanosensory,1521,400,0.25,0.16,0.04,0.01,False,True,True,False,False,False,False
720575940611684787,cell_class,mechanosensory,1183,400,0.25,0.16,0.14285714285714285,0.01,True,True,True,False,True,False,False
720575940611684787,cell_class,mechanosensory,1183,400,0.25,0.16,0.04,0.01,True,True,True,False,False,False,False
720575940618255936,cell_class,mechanosensory,431,400,0.25,0.16,0.14285714285714285,0.01,False,True,True,True,True,True,False
720575940618255936,cell_class,mechanosensory,431,400,0.25,0.16,0.04,0.01,False,True,True,True,True,True,False
720575940613803293,cell_class,mechanosensory,1186,400,0.25,0.16,0.14285714285714285,0.01,True,True,True,False,False,True,False
720575940613803293,cell_class,mechanosensory,1186,400,0.25,0.16,0.04,0.01,True,True,True,False,False,False,False
720575940631191367,cell_class,mechanosensory,1132,400,0.25,0.16,0.14285714285714285,0.01,True,True,True,False,False,False,False
720575940631191367,cell_class,mechanosensory,1132,400,0.25,0.16,0.04,0.01,False,True,True,False,False,False,False
720575940628160617,cell_class,mechanosensory,860,400,0.25,0.16,0.14285714285714285,0.01,True,True,True,False,True,False,False
720575940628160617,cell_class,mechanosensory,860,400,0.25,0.16,0.04,0.01,True,True,True,False,False,False,False
720575940636410869,cell_class,mechanosensory,1148,400,0.25,0.16,0.14285714285714285,0.01,True,True,True,False,True,False,False
720575940636410869,cell_class,mechanosensory,1148,400,0.25,0.16,0.04,0.01,False,True,True,False,False,False,False
720575940614830604,cell_class,mechanosensory,880,400,0.25,0.16,0.14285714285714285,0.01,True,True,False,False,True,False,False
720575940614830604,cell_class,mechanosensory,880,400,0.25,0.16,0.04,0.01,False,True,False,False,True,False,False
720575940612235439,cell_class,mechanosensory,625,400,0.25,0.16,0.14285714285714285,0.01,True,True,True,False,False,True,False
720575940612235439,cell_class,mechanosensory,625,400,0.25,0.16,0.04,0.01,True,True,True,False,False,True,False
720575940617803803,cell_class,mechanosensory,750,400,0.25,0.16,0.14285714285714285,0.01,False,True,True,False,True,True,False
720575940617803803,cell_class,mechanosensory,750,400,0.25,0.16,0.04,0.01,False,True,True,False,True,True,False
720575940635290231,cell_class,mechanosensory,1109,400,0.25,0.16,0.14285714285714285,0.01,True,True,True,False,True,False,False
720575940635290231,cell_class,mechanosensory,1109,400,0.25,0.16,0.04,0.01,False,True,False,False,True,False,False
720575940613924271,cell_class,mechanosensory,674,400,0.25,0.16,0.14285714285714285,0.01,True,True,True,False,False,False,False
720575940613924271,cell_class,mechanosensory,674,400,0.25,0.16,0.04,0.01,True,True,True,False,False,False,False
720575940625587970,cell_class,mechanosensory,545,400,0.25,0.16,0.14285714285714285,0.01,True,True,True,False,True,False,False
720575940625587970,cell_class,mechanosensory,545,400,0.25,0.16,0.04,0.01,True,True,True,False,True,False,False
720575940610079857,cell_class,mechanosensory,471,400,0.25,0.16,0.14285714285714285,0.01,True,True,True,False,True,True,False
720575940610079857,cell_class,mechanosensory,471,400,0.25,0.16,0.04,0.01,True,True,True,False,True,False,False
720575940608893623,cell_class,mechanosensory,462,400,0.25,0.16,0.14285714285714285,0.01,True,True,True,False,False,True,False
720575940608893623,cell_class,mechanosensory,462,400,0.25,0.16,0.04,0.01,True,True,True,False,False,False,False
720575940613127314,cell_class,mechanosensory,577,400,0.25,0.16,0.14285714285714285,0.01,True,True,True,False,True,True,False
720575940613127314,cell_class,mechanosensory,577,400,0.25,0.16,0.04,0.01,True,True,False,False,True,True,False
720575940610759634,cell_class,mechanosensory,536,400,0.25,0.16,0.14285714285714285,0.01,True,True,True,False,True,False,False
720575940610759634,cell_class,mechanosensory,536,400,0.25,0.16,0.04,0.01,True,True,True,False,True,False,False
720575940630964187,cell_class,mechanosensory,475,400,0.25,0.16,0.14285714285714285,0.01,False,True,True,False,True,True,False
720575940630964187,cell_class,mechanosensory,475,400,0.25,0.16,0.04,0.01,False,True,True,False,True,False,False
720575940627775943,cell_class,mechanosensory,428,400,0.25,0.16,0.14285714285714285,0.01,False,True,True,True,True,True,False
720575940627775943,cell_class,mechanosensory,428,400,0.25,0.16,0.04,0.01,False,True,True,True,True,True,False
720575940624111177,cell_class,mechanosensory,415,400,0.25,0.16,0.14285714285714285,0.01,True,True,True,False,True,True,False
720575940624111177,cell_class,mechanosensory,415,400,0.25,0.16,0.04,0.01,True,True,True,False,True,True,False
720575940610236740,cell_class,mechanosensory,669,400,0.25,0.16,0.14285714285714285,0.01,True,True,True,True,True,True,False
720575940610236740,cell_class,mechanosensory,669,400,0.25,0.16,0.04,0.01,True,True,True,True,True,True,False
720575940628355846,cell_class,mechanosensory,808,400,0.25,0.16,0.14285714285714285,0.01,True,True,True,True,True,False,False
720575940628355846,cell_class,mechanosensory,808,400,0.25,0.16,0.04,0.01,True,True,True,False,False,False,False
720575940610702968,cell_class,mechanosensory,676,400,0.25,0.16,0.14285714285714285,0.01,True,True,True,False,True,False,False
720575940610702968,cell_class,mechanosensory,676,400,0.25,0.16,0.04,0.01,True,True,True,False,True,False,False
720575940630960325,cell_class,mechanosensory,437,400,0.25,0.16,0.14285714285714285,0.01,True,True,True,True,True,False,False
720575940630960325,cell_class,mechanosensory,437,400,0.25,0.16,0.04,0.01,True,True,True,False,True,False,False
720575940623988971,cell_class,mechanosensory,1065,400,0.25,0.16,0.14285714285714285,0.01,False,True,True,False,True,False,False
720575940623988971,cell_class,mechanosensory,1065,400,0.25,0.16,0.04,0.01,False,True,True,False,True,False,False
720575940619235486,cell_class,mechanosensory,550,400,0.25,0.16,0.14285714285714285,0.01,True,True,True,False,True,False,False
720575940619235486,cell_class,mechanosensory,550,400,0.25,0.16,0.04,0.01,True,True,True,False,True,False,False
720575940639375182,cell_class,mechanosensory,671,400,0.25,0.16,0.14285714285714285,0.01,False,True,False,False,True,False,False
720575940639375182,cell_class,mechanosensory,671,400,0.25,0.16,0.04,0.01,False,True,False,False,True,False,False
720575940624770540,cell_class,mechanosensory,795,400,0.25,0.16,0.14285714285714285,0.01,True,True,True,True,True,True,False
720575940624770540,cell_class,mechanosensory,795,400,0.25,0.16,0.04,0.01,True,True,True,False,True,False,False
720575940659131009,cell_class,mechanosensory,486,400,0.25,0.16,0.14285714285714285,0.01,True,True,True,False,True,False,False
720575940659131009,cell_class,mechanosensory,486,400,0.25,0.16,0.04,0.01,True,True,True,False,True,False,False
720575940615676334,cell_class,mechanosensory,528,400,0.25,0.16,0.14285714285714285,0.01,False,True,True,False,True,True,False
720575940615676334,cell_class,mechanosensory,528,400,0.25,0.16,0.04,0.01,False,True,True,False,True,True,False
720575940613153320,cell_class,mechanosensory,534,400,0.25,0.16,0.14285714285714285,0.01,True,True,True,False,True,False,False
720575940613153320,cell_class,mechanosensory,534,400,0.25,0.16,0.04,0.01,True,True,True,False,True,False,False
720575940632112429,cell_class,mechanosensory,5564,400,0.25,0.16,0.14285714285714285,0.01,False,True,False,True,True,True,False
720575940632112429,cell_class,mechanosensory,5564,400,0.25,0.16,0.04,0.01,False,True,False,False,True,True,False
720575940638190414,cell_class,mechanosensory,2675,400,0.25,0.16,0.14285714285714285,0.01,False,True,True,False,False,False,False
720575940638190414,cell_class,mechanosensory,2675,400,0.25,0.16,0.04,0.01,False,True,True,False,False,False,False
720575940631412576,cell_class,mechanosensory,1136,400,0.25,0.16,0.14285714285714285,0.01,True,True,True,False,False,False,False
720575940631412576,cell_class,mechanosensory,1136,400,0.25,0.16,0.04,0.01,False,True,True,False,False,False,False
720575940614166495,cell_class,mechanosensory,1197,400,0.25,0.16,0.14285714285714285,0.01,False,True,True,False,True,True,False
720575940614166495,cell_class,mechanosensory,1197,400,0.25,0.16,0.04,0.01,False,True,True,False,True,True,False
720575940614178302,cell_class,mechanosensory,1423,400,0.25,0.16,0.14285714285714285,0.01,False,True,True,False,True,True,False
720575940614178302,cell_class,mechanosensory,1423,400,0.25,0.16,0.04,0.01,False,True,False,False,True,False,False
720575940614715295,cell_class,mechanosensory,693,400,0.25,0.16,0.14285714285714285,0.01,False,True,True,False,True,True,False
720575940614715295,cell_class,mechanosensory,693,400,0.25,0.16,0.04,0.01,False,True,True,False,True,False,False
720575940631866508,cell_class,mechanosensory,670,400,0.25,0.16,0.14285714285714285,0.01,True,True,True,False,True,True,False
720575940631866508,cell_class,mechanosensory,670,400,0.25,0.16,0.04,0.01,False,True,True,False,True,True,False
720575940621397417,cell_class,mechanosensory,650,400,0.25,0.16,0.14285714285714285,0.01,True,True,True,False,True,False,False
720575940621397417,cell_class,mechanosensory,650,400,0.25,0.16,0.04,0.01,True,True,True,False,False,False,False
720575940634249567,cell_class,mechanosensory,696,400,0.25,0.16,0.14285714285714285,0.01,True,True,True,True,True,True,False
720575940634249567,cell_class,mechanosensory,696,400,0.25,0.16,0.04,0.01,True,True,True,False,True,True,False
720575940614014614,cell_class,mechanosensory,728,400,0.25,0.16,0.14285714285714285,0.01,False,True,True,False,True,False,False
720575940614014614,cell_class,mechanosensory,728,400,0.25,0.16,0.04,0.01,False,True,True,False,True,False,False
720575940621981464,cell_class,mechanosensory,1326,400,0.25,0.16,0.14285714285714285,0.01,True,True,True,False,False,False,False
720575940621981464,cell_class,mechanosensory,1326,400,0.25,0.16,0.04,0.01,False,True,True,False,False,False,False
720575940620055617,cell_class,mechanosensory,1064,400,0.25,0.16,0.14285714285714285,0.01,True,True,True,False,False,False,False
720575940620055617,cell_class,mechanosensory,1064,400,0.25,0.16,0.04,0.01,True,True,True,False,False,False,False
720575940611197107,cell_class,mechanosensory,1117,400,0.25,0.16,0.14285714285714285,0.01,True,True,True,False,False,False,False
720575940611197107,cell_class,mechanosensory,1117,400,0.25,0.16,0.04,0.01,False,True,True,False,False,False,False
720575940617504027,cell_class,mechanosensory,465,400,0.25,0.16,0.14285714285714285,0.01,True,True,True,False,True,False,False
720575940617504027,cell_class,mechanosensory,465,400,0.25,0.16,0.04,0.01,True,True,True,False,False,False,False
720575940629172218,cell_class,mechanosensory,707,400,0.25,0.16,0.14285714285714285,0.01,False,True,False,True,True,False,False
720575940629172218,cell_class,mechanosensory,707,400,0.25,0.16,0.04,0.01,False,True,False,True,True,False,False
720575940621010352,cell_class,mechanosensory,837,400,0.25,0.16,0.14285714285714285,0.01,True,True,True,False,True,False,False
720575940621010352,cell_class,mechanosensory,837,400,0.25,0.16,0.04,0.01,True,True,True,False,False,False,False
720575940626625822,cell_class,mechanosensory,412,400,0.25,0.16,0.14285714285714285,0.01,False,True,True,True,True,True,False
720575940626625822,cell_class,mechanosensory,412,400,0.25,0.16,0.04,0.01,False,True,True,True,True,True,False
720575940624664468,cell_class,mechanosensory,893,400,0.25,0.16,0.14285714285714285,0.01,True,True,True,False,True,False,False
720575940624664468,cell_class,mechanosensory,893,400,0.25,0.16,0.04,0.01,True,True,False,False,True,False,False
720575940618497616,cell_class,mechanosensory,1223,400,0.25,0.16,0.14285714285714285,0.01,False,True,False,False,True,False,False
720575940618497616,cell_class,mechanosensory,1223,400,0.25,0.16,0.04,0.01,False,True,False,False,True,False,False
720575940631971911,cell_class,mechanosensory,649,400,0.25,0.16,0.14285714285714285,0.01,False,True,True,False,True,False,False
720575940631971911,cell_class,mechanosensory,649,400,0.25,0.16,0.04,0.01,False,True,True,False,True,False,False
720575940623938795,cell_class,mechanosensory,1355,400,0.25,0.16,0.14285714285714285,0.01,True,True,True,True,True,False,False
720575940623938795,cell_class,mechanosensory,1355,400,0.25,0.16,0.04,0.01,True,True,True,True,True,False,False
720575940630834683,cell_class,mechanosensory,455,400,0.25,0.16,0.14285714285714285,0.01,True,True,True,False,True,False,False
720575940630834683,cell_class,mechanosensory,455,400,0.25,0.16,0.04,0.01,True,True,True,False,True,False,False
720575940628769239,cell_class,mechanosensory,527,400,0.25,0.16,0.14285714285714285,0.01,True,True,True,True,True,False,False
720575940628769239,cell_class,mechanosensory,527,400,0.25,0.16,0.04,0.01,True,True,True,False,True,False,False
720575940626242191,cell_class,mechanosensory,403,400,0.25,0.16,0.14285714285714285,0.01,True,True,True,True,True,False,False
720575940626242191,cell_class,mechanosensory,403,400,0.25,0.16,0.04,0.01,False,True,True,True,True,False,False
720575940633057943,cell_class,mechanosensory,635,400,0.25,0.16,0.14285714285714285,0.01,True,True,True,True,True,False,False
720575940633057943,cell_class,mechanosensory,635,400,0.25,0.16,0.04,0.01,True,True,True,True,True,False,False
720575940614544582,cell_class,mechanosensory,405,400,0.25,0.16,0.14285714285714285,0.01,True,True,True,True,True,False,False
720575940614544582,cell_class,mechanosensory,405,400,0.25,0.16,0.04,0.01,True,True,True,True,True,False,False
720575940639296189,cell_class,mechanosensory,584,400,0.25,0.16,0.14285714285714285,0.01,True,True,True,False,True,False,False
720575940639296189,cell_class,mechanosensory,584,400,0.25,0.16,0.04,0.01,False,True,True,False,True,False,False
720575940624686268,cell_class,mechanosensory,421,400,0.25,0.16,0.14285714285714285,0.01,True,True,True,False,True,False,False
720575940624686268,cell_class,mechanosensory,421,400,0.25,0.16,0.04,0.01,True,True,True,False,True,False,False
720575940620249734,cell_class,mechanosensory,542,400,0.25,0.16,0.14285714285714285,0.01,True,True,True,False,True,False,False
720575940620249734,cell_class,mechanosensory,542,400,0.25,0.16,0.04,0.01,True,True,True,False,True,False,False
720575940619341105,cell_class,mechanosensory,421,400,0.25,0.16,0.14285714285714285,0.01,True,True,True,False,True,False,False
720575940619341105,cell_class,mechanosensory,421,400,0.25,0.16,0.04,0.01,True,True,True,False,False,False,False
720575940622419165,cell_class,mechanosensory,563,400,0.25,0.16,0.14285714285714285,0.01,True,True,True,False,True,False,False
720575940622419165,cell_class,mechanosensory,563,400,0.25,0.16,0.04,0.01,True,True,True,False,True,False,False
720575940606612937,cell_class,mechanosensory,432,400,0.25,0.16,0.14285714285714285,0.01,True,True,True,True,True,False,False
720575940606612937,cell_class,mechanosensory,432,400,0.25,0.16,0.04,0.01,True,True,True,True,True,False,False
720575940608554052,cell_class,mechanosensory,697,400,0.25,0.16,0.14285714285714285,0.01,False,True,True,True,True,True,False
720575940608554052,cell_class,mechanosensory,697,400,0.25,0.16,0.04,0.01,False,True,True,True,True,False,False
720575940615972027,cell_class,mechanosensory,730,400,0.25,0.16,0.14285714285714285,0.01,True,True,True,False,True,False,False
720575940615972027,cell_class,mechanosensory,730,400,0.25,0.16,0.04,0.01,True,True,True,False,True,False,False
720575940619869120,cell_class,mechanosensory,459,400,0.25,0.16,0.14285714285714285,0.01,True,True,True,True,True,False,False
720575940619869120,cell_class,mechanosensory,459,400,0.25,0.16,0.04,0.01,True,True,True,True,True,False,False
720575940627195691,cell_class,mechanosensory,634,400,0.25,0.16,0.14285714285714285,0.01,True,True,True,False,True,True,False
720575940627195691,cell_class,mechanosensory,634,400,0.25,0.16,0.04,0.01,True,True,False,False,True,True,False
720575940619508033,cell_class,mechanosensory,455,400,0.25,0.16,0.14285714285714285,0.01,True,True,True,True,True,True,False
720575940619508033,cell_class,mechanosensory,455,400,0.25,0.16,0.04,0.01,True,True,True,True,True,False,False
720575940619218078,cell_class,mechanosensory,547,400,0.25,0.16,0.14285714285714285,0.01,True,True,True,False,True,False,False
720575940619218078,cell_class,mechanosensory,547,400,0.25,0.16,0.04,0.01,True,True,True,False,True,False,False
720575940605919334,cell_class,mechanosensory,769,400,0.25,0.16,0.14285714285714285,0.01,True,True,True,False,True,False,False
720575940605919334,cell_class,mechanosensory,769,400,0.25,0.16,0.04,0.01,True,True,True,False,True,False,False
720575940613036914,cell_class,mechanosensory,430,400,0.25,0.16,0.14285714285714285,0.01,True,True,True,True,True,False,False
720575940613036914,cell_class,mechanosensory,430,400,0.25,0.16,0.04,0.01,True,True,True,True,True,False,False
720575940627142666,cell_class,mechanosensory,706,400,0.25,0.16,0.14285714285714285,0.01,True,True,True,True,True,False,False
720575940627142666,cell_class,mechanosensory,706,400,0.25,0.16,0.04,0.01,True,True,True,False,True,False,False
720575940624670759,cell_class,mechanosensory,427,400,0.25,0.16,0.14285714285714285,0.01,True,True,True,True,True,False,False
720575940624670759,cell_class,mechanosensory,427,400,0.25,0.16,0.04,0.01,True,True,True,True,True,False,False
720575940642163341,cell_class,mechanosensory,449,400,0.25,0.16,0.14285714285714285,0.01,False,True,True,True,True,False,False
720575940642163341,cell_class,mechanosensory,449,400,0.25,0.16,0.04,0.01,False,True,True,True,True,False,False
720575940622706653,cell_class,mechanosensory,504,400,0.25,0.16,0.14285714285714285,0.01,False,True,True,True,True,False,False
720575940622706653,cell_class,mechanosensory,504,400,0.25,0.16,0.04,0.01,False,True,True,True,True,False,False
720575940631997580,cell_class,mechanosensory,464,400,0.25,0.16,0.14285714285714285,0.01,True,True,True,False,True,False,False
720575940631997580,cell_class,mechanosensory,464,400,0.25,0.16,0.04,0.01,False,True,True,False,True,False,False
