root_id,classification_system,cell_type,num_synapses,min_synapses,softmax_threshold,bandwidth_quantile_value,min_synapses_ratio_value,GABA_ratio,ACh_ratio,Glut_ratio,Oct_ratio,Ser_ratio,DA_ratio,Unknown_ratio,GABA_clusters,ACh_clusters,Glut_clusters,Oct_clusters,Ser_clusters,DA_clusters,Unknown_clusters
720575940647755641,flow,efferent,2184,400,0.25,0.14285714285714285,0.01,0.09706959706959707,0.4258241758241758,0.34706959706959706,0.010073260073260074,0.09523809523809523,0.023809523809523808,0.0009157509157509158,True,True,True,False,True,True,False
720575940647755641,flow,efferent,2184,400,0.25,0.14285714285714285,0.05,0.09706959706959707,0.4258241758241758,0.34706959706959706,0.010073260073260074,0.09523809523809523,0.023809523809523808,0.0009157509157509158,False,True,True,False,False,False,False
720575940647755641,flow,efferent,2184,400,0.25,0.14285714285714285,0.1,0.09706959706959707,0.4258241758241758,0.34706959706959706,0.010073260073260074,0.09523809523809523,0.023809523809523808,0.0009157509157509158,False,True,True,False,False,False,False
720575940647755641,flow,efferent,2184,400,0.25,0.04,0.01,0.09706959706959707,0.4258241758241758,0.34706959706959706,0.010073260073260074,0.09523809523809523,0.023809523809523808,0.0009157509157509158,True,True,True,False,True,False,False
720575940647755641,flow,efferent,2184,400,0.25,0.04,0.05,0.09706959706959707,0.4258241758241758,0.34706959706959706,0.010073260073260074,0.09523809523809523,0.023809523809523808,0.0009157509157509158,False,True,True,False,False,False,False
720575940647755641,flow,efferent,2184,400,0.25,0.04,0.1,0.09706959706959707,0.4258241758241758,0.34706959706959706,0.010073260073260074,0.09523809523809523,0.023809523809523808,0.0009157509157509158,False,True,False,False,False,False,False
720575940647755641,flow,efferent,2184,400,0.25,0.02,0.01,0.09706959706959707,0.4258241758241758,0.34706959706959706,0.010073260073260074,0.09523809523809523,0.023809523809523808,0.0009157509157509158,True,True,True,False,False,False,False
720575940647755641,flow,efferent,2184,400,0.25,0.02,0.05,0.09706959706959707,0.4258241758241758,0.34706959706959706,0.010073260073260074,0.09523809523809523,0.023809523809523808,0.0009157509157509158,False,True,True,False,False,False,False
720575940647755641,flow,efferent,2184,400,0.25,0.02,0.1,0.09706959706959707,0.4258241758241758,0.34706959706959706,0.010073260073260074,0.09523809523809523,0.023809523809523808,0.0009157509157509158,False,False,False,False,False,False,False
720575940647755641,flow,efferent,2184,400,0.25,0.01,0.01,0.09706959706959707,0.4258241758241758,0.34706959706959706,0.010073260073260074,0.09523809523809523,0.023809523809523808,0.0009157509157509158,True,True,True,False,False,False,False
720575940647755641,flow,efferent,2184,400,0.25,0.01,0.05,0.09706959706959707,0.4258241758241758,0.34706959706959706,0.010073260073260074,0.09523809523809523,0.023809523809523808,0.0009157509157509158,False,True,False,False,False,False,False
720575940647755641,flow,efferent,2184,400,0.25,0.01,0.1,0.09706959706959707,0.4258241758241758,0.34706959706959706,0.010073260073260074,0.09523809523809523,0.023809523809523808,0.0009157509157509158,False,False,False,False,False,False,False
720575940621339713,flow,efferent,514,400,0.25,0.14285714285714285,0.01,0.2178988326848249,0.5933852140077821,0.08171206225680934,0.019455252918287938,0.04085603112840467,0.042801556420233464,0.0038910505836575876,True,True,True,True,True,True,False
720575940621339713,flow,efferent,514,400,0.25,0.14285714285714285,0.05,0.2178988326848249,0.5933852140077821,0.08171206225680934,0.019455252918287938,0.04085603112840467,0.042801556420233464,0.0038910505836575876,True,True,True,False,False,False,False
720575940621339713,flow,efferent,514,400,0.25,0.14285714285714285,0.1,0.2178988326848249,0.5933852140077821,0.08171206225680934,0.019455252918287938,0.04085603112840467,0.042801556420233464,0.0038910505836575876,True,True,False,False,False,False,False
720575940621339713,flow,efferent,514,400,0.25,0.04,0.01,0.2178988326848249,0.5933852140077821,0.08171206225680934,0.019455252918287938,0.04085603112840467,0.042801556420233464,0.0038910505836575876,True,True,False,True,False,True,False
720575940621339713,flow,efferent,514,400,0.25,0.04,0.05,0.2178988326848249,0.5933852140077821,0.08171206225680934,0.019455252918287938,0.04085603112840467,0.042801556420233464,0.0038910505836575876,True,True,False,False,False,False,False
720575940621339713,flow,efferent,514,400,0.25,0.04,0.1,0.2178988326848249,0.5933852140077821,0.08171206225680934,0.019455252918287938,0.04085603112840467,0.042801556420233464,0.0038910505836575876,True,False,False,False,False,False,False
720575940621339713,flow,efferent,514,400,0.25,0.02,0.01,0.2178988326848249,0.5933852140077821,0.08171206225680934,0.019455252918287938,0.04085603112840467,0.042801556420233464,0.0038910505836575876,True,True,False,True,False,True,False
720575940621339713,flow,efferent,514,400,0.25,0.02,0.05,0.2178988326848249,0.5933852140077821,0.08171206225680934,0.019455252918287938,0.04085603112840467,0.042801556420233464,0.0038910505836575876,True,True,False,False,False,False,False
720575940621339713,flow,efferent,514,400,0.25,0.02,0.1,0.2178988326848249,0.5933852140077821,0.08171206225680934,0.019455252918287938,0.04085603112840467,0.042801556420233464,0.0038910505836575876,True,False,False,False,False,False,False
720575940621339713,flow,efferent,514,400,0.25,0.01,0.01,0.2178988326848249,0.5933852140077821,0.08171206225680934,0.019455252918287938,0.04085603112840467,0.042801556420233464,0.0038910505836575876,True,True,False,True,False,True,False
720575940621339713,flow,efferent,514,400,0.25,0.01,0.05,0.2178988326848249,0.5933852140077821,0.08171206225680934,0.019455252918287938,0.04085603112840467,0.042801556420233464,0.0038910505836575876,True,True,False,False,False,False,False
720575940621339713,flow,efferent,514,400,0.25,0.01,0.1,0.2178988326848249,0.5933852140077821,0.08171206225680934,0.019455252918287938,0.04085603112840467,0.042801556420233464,0.0038910505836575876,True,False,False,False,False,False,False
720575940612288947,flow,efferent,1839,400,0.25,0.14285714285714285,0.01,0.036976617727025554,0.8809135399673735,0.04404567699836868,0.0070690592713431215,0.017400761283306143,0.013594344752582926,0.0,True,True,True,False,False,False,
720575940612288947,flow,efferent,1839,400,0.25,0.14285714285714285,0.05,0.036976617727025554,0.8809135399673735,0.04404567699836868,0.0070690592713431215,0.017400761283306143,0.013594344752582926,0.0,False,True,False,False,False,False,
720575940612288947,flow,efferent,1839,400,0.25,0.14285714285714285,0.1,0.036976617727025554,0.8809135399673735,0.04404567699836868,0.0070690592713431215,0.017400761283306143,0.013594344752582926,0.0,False,True,False,False,False,False,
720575940612288947,flow,efferent,1839,400,0.25,0.04,0.01,0.036976617727025554,0.8809135399673735,0.04404567699836868,0.0070690592713431215,0.017400761283306143,0.013594344752582926,0.0,True,True,True,False,False,False,
720575940612288947,flow,efferent,1839,400,0.25,0.04,0.05,0.036976617727025554,0.8809135399673735,0.04404567699836868,0.0070690592713431215,0.017400761283306143,0.013594344752582926,0.0,False,True,False,False,False,False,
720575940612288947,flow,efferent,1839,400,0.25,0.04,0.1,0.036976617727025554,0.8809135399673735,0.04404567699836868,0.0070690592713431215,0.017400761283306143,0.013594344752582926,0.0,False,True,False,False,False,False,
720575940612288947,flow,efferent,1839,400,0.25,0.02,0.01,0.036976617727025554,0.8809135399673735,0.04404567699836868,0.0070690592713431215,0.017400761283306143,0.013594344752582926,0.0,True,True,True,False,False,False,
720575940612288947,flow,efferent,1839,400,0.25,0.02,0.05,0.036976617727025554,0.8809135399673735,0.04404567699836868,0.0070690592713431215,0.017400761283306143,0.013594344752582926,0.0,False,True,False,False,False,False,
720575940612288947,flow,efferent,1839,400,0.25,0.02,0.1,0.036976617727025554,0.8809135399673735,0.04404567699836868,0.0070690592713431215,0.017400761283306143,0.013594344752582926,0.0,False,True,False,False,False,False,
720575940612288947,flow,efferent,1839,400,0.25,0.01,0.01,0.036976617727025554,0.8809135399673735,0.04404567699836868,0.0070690592713431215,0.017400761283306143,0.013594344752582926,0.0,True,True,True,False,False,False,
720575940612288947,flow,efferent,1839,400,0.25,0.01,0.05,0.036976617727025554,0.8809135399673735,0.04404567699836868,0.0070690592713431215,0.017400761283306143,0.013594344752582926,0.0,False,True,False,False,False,False,
720575940612288947,flow,efferent,1839,400,0.25,0.01,0.1,0.036976617727025554,0.8809135399673735,0.04404567699836868,0.0070690592713431215,0.017400761283306143,0.013594344752582926,0.0,False,False,False,False,False,False,
720575940636186463,flow,efferent,1177,400,0.25,0.14285714285714285,0.01,0.0713678844519966,0.8241291418861513,0.0475785896346644,0.0,0.051826677994902294,0.005097706032285472,0.0,True,True,True,,True,False,
720575940636186463,flow,efferent,1177,400,0.25,0.14285714285714285,0.05,0.0713678844519966,0.8241291418861513,0.0475785896346644,0.0,0.051826677994902294,0.005097706032285472,0.0,True,True,False,,False,False,
720575940636186463,flow,efferent,1177,400,0.25,0.14285714285714285,0.1,0.0713678844519966,0.8241291418861513,0.0475785896346644,0.0,0.051826677994902294,0.005097706032285472,0.0,False,True,False,,False,False,
720575940636186463,flow,efferent,1177,400,0.25,0.04,0.01,0.0713678844519966,0.8241291418861513,0.0475785896346644,0.0,0.051826677994902294,0.005097706032285472,0.0,True,True,True,,False,False,
720575940636186463,flow,efferent,1177,400,0.25,0.04,0.05,0.0713678844519966,0.8241291418861513,0.0475785896346644,0.0,0.051826677994902294,0.005097706032285472,0.0,True,True,False,,False,False,
720575940636186463,flow,efferent,1177,400,0.25,0.04,0.1,0.0713678844519966,0.8241291418861513,0.0475785896346644,0.0,0.051826677994902294,0.005097706032285472,0.0,False,False,False,,False,False,
720575940636186463,flow,efferent,1177,400,0.25,0.02,0.01,0.0713678844519966,0.8241291418861513,0.0475785896346644,0.0,0.051826677994902294,0.005097706032285472,0.0,True,True,True,,False,False,
720575940636186463,flow,efferent,1177,400,0.25,0.02,0.05,0.0713678844519966,0.8241291418861513,0.0475785896346644,0.0,0.051826677994902294,0.005097706032285472,0.0,True,True,False,,False,False,
720575940636186463,flow,efferent,1177,400,0.25,0.02,0.1,0.0713678844519966,0.8241291418861513,0.0475785896346644,0.0,0.051826677994902294,0.005097706032285472,0.0,False,False,False,,False,False,
720575940636186463,flow,efferent,1177,400,0.25,0.01,0.01,0.0713678844519966,0.8241291418861513,0.0475785896346644,0.0,0.051826677994902294,0.005097706032285472,0.0,True,True,True,,False,False,
720575940636186463,flow,efferent,1177,400,0.25,0.01,0.05,0.0713678844519966,0.8241291418861513,0.0475785896346644,0.0,0.051826677994902294,0.005097706032285472,0.0,False,True,False,,False,False,
720575940636186463,flow,efferent,1177,400,0.25,0.01,0.1,0.0713678844519966,0.8241291418861513,0.0475785896346644,0.0,0.051826677994902294,0.005097706032285472,0.0,False,False,False,,False,False,
720575940622880525,flow,efferent,1478,400,0.25,0.14285714285714285,0.01,0.2219215155615697,0.06359945872801083,0.04330175913396482,0.32814614343707715,0.19824086603518268,0.14411366711772666,0.0006765899864682003,True,True,True,True,True,True,
720575940622880525,flow,efferent,1478,400,0.25,0.14285714285714285,0.05,0.2219215155615697,0.06359945872801083,0.04330175913396482,0.32814614343707715,0.19824086603518268,0.14411366711772666,0.0006765899864682003,True,False,False,True,True,True,
720575940622880525,flow,efferent,1478,400,0.25,0.14285714285714285,0.1,0.2219215155615697,0.06359945872801083,0.04330175913396482,0.32814614343707715,0.19824086603518268,0.14411366711772666,0.0006765899864682003,True,False,False,True,False,False,
720575940622880525,flow,efferent,1478,400,0.25,0.04,0.01,0.2219215155615697,0.06359945872801083,0.04330175913396482,0.32814614343707715,0.19824086603518268,0.14411366711772666,0.0006765899864682003,True,True,True,True,True,True,
720575940622880525,flow,efferent,1478,400,0.25,0.04,0.05,0.2219215155615697,0.06359945872801083,0.04330175913396482,0.32814614343707715,0.19824086603518268,0.14411366711772666,0.0006765899864682003,True,False,False,True,False,True,
720575940622880525,flow,efferent,1478,400,0.25,0.04,0.1,0.2219215155615697,0.06359945872801083,0.04330175913396482,0.32814614343707715,0.19824086603518268,0.14411366711772666,0.0006765899864682003,True,False,False,True,False,False,
720575940622880525,flow,efferent,1478,400,0.25,0.02,0.01,0.2219215155615697,0.06359945872801083,0.04330175913396482,0.32814614343707715,0.19824086603518268,0.14411366711772666,0.0006765899864682003,True,True,False,True,True,True,
720575940622880525,flow,efferent,1478,400,0.25,0.02,0.05,0.2219215155615697,0.06359945872801083,0.04330175913396482,0.32814614343707715,0.19824086603518268,0.14411366711772666,0.0006765899864682003,True,False,False,True,False,False,
720575940622880525,flow,efferent,1478,400,0.25,0.02,0.1,0.2219215155615697,0.06359945872801083,0.04330175913396482,0.32814614343707715,0.19824086603518268,0.14411366711772666,0.0006765899864682003,True,False,False,True,False,False,
720575940622880525,flow,efferent,1478,400,0.25,0.01,0.01,0.2219215155615697,0.06359945872801083,0.04330175913396482,0.32814614343707715,0.19824086603518268,0.14411366711772666,0.0006765899864682003,True,True,False,True,True,True,
720575940622880525,flow,efferent,1478,400,0.25,0.01,0.05,0.2219215155615697,0.06359945872801083,0.04330175913396482,0.32814614343707715,0.19824086603518268,0.14411366711772666,0.0006765899864682003,True,False,False,True,False,False,
720575940622880525,flow,efferent,1478,400,0.25,0.01,0.1,0.2219215155615697,0.06359945872801083,0.04330175913396482,0.32814614343707715,0.19824086603518268,0.14411366711772666,0.0006765899864682003,False,False,False,True,False,False,
720575940646274670,flow,efferent,708,400,0.25,0.14285714285714285,0.01,0.12429378531073447,0.2612994350282486,0.2019774011299435,0.11299435028248588,0.2711864406779661,0.026836158192090395,0.0014124293785310734,True,True,True,True,True,False,
720575940646274670,flow,efferent,708,400,0.25,0.14285714285714285,0.05,0.12429378531073447,0.2612994350282486,0.2019774011299435,0.11299435028248588,0.2711864406779661,0.026836158192090395,0.0014124293785310734,False,True,True,True,True,False,
720575940646274670,flow,efferent,708,400,0.25,0.14285714285714285,0.1,0.12429378531073447,0.2612994350282486,0.2019774011299435,0.11299435028248588,0.2711864406779661,0.026836158192090395,0.0014124293785310734,False,False,True,False,False,False,
720575940646274670,flow,efferent,708,400,0.25,0.04,0.01,0.12429378531073447,0.2612994350282486,0.2019774011299435,0.11299435028248588,0.2711864406779661,0.026836158192090395,0.0014124293785310734,True,True,True,True,True,False,
720575940646274670,flow,efferent,708,400,0.25,0.04,0.05,0.12429378531073447,0.2612994350282486,0.2019774011299435,0.11299435028248588,0.2711864406779661,0.026836158192090395,0.0014124293785310734,False,False,True,True,False,False,
720575940646274670,flow,efferent,708,400,0.25,0.04,0.1,0.12429378531073447,0.2612994350282486,0.2019774011299435,0.11299435028248588,0.2711864406779661,0.026836158192090395,0.0014124293785310734,False,False,False,False,False,False,
720575940646274670,flow,efferent,708,400,0.25,0.02,0.01,0.12429378531073447,0.2612994350282486,0.2019774011299435,0.11299435028248588,0.2711864406779661,0.026836158192090395,0.0014124293785310734,True,True,True,True,True,False,
720575940646274670,flow,efferent,708,400,0.25,0.02,0.05,0.12429378531073447,0.2612994350282486,0.2019774011299435,0.11299435028248588,0.2711864406779661,0.026836158192090395,0.0014124293785310734,False,False,False,True,False,False,
720575940646274670,flow,efferent,708,400,0.25,0.02,0.1,0.12429378531073447,0.2612994350282486,0.2019774011299435,0.11299435028248588,0.2711864406779661,0.026836158192090395,0.0014124293785310734,False,False,False,False,False,False,
720575940646274670,flow,efferent,708,400,0.25,0.01,0.01,0.12429378531073447,0.2612994350282486,0.2019774011299435,0.11299435028248588,0.2711864406779661,0.026836158192090395,0.0014124293785310734,True,True,True,True,True,False,
720575940646274670,flow,efferent,708,400,0.25,0.01,0.05,0.12429378531073447,0.2612994350282486,0.2019774011299435,0.11299435028248588,0.2711864406779661,0.026836158192090395,0.0014124293785310734,False,False,False,True,False,False,
720575940646274670,flow,efferent,708,400,0.25,0.01,0.1,0.12429378531073447,0.2612994350282486,0.2019774011299435,0.11299435028248588,0.2711864406779661,0.026836158192090395,0.0014124293785310734,False,False,False,False,False,False,
720575940624015287,flow,efferent,1590,400,0.25,0.14285714285714285,0.01,0.024528301886792454,0.5138364779874214,0.014465408805031447,0.08553459119496855,0.31572327044025156,0.04591194968553459,0.0,False,True,False,True,True,True,
720575940624015287,flow,efferent,1590,400,0.25,0.14285714285714285,0.05,0.024528301886792454,0.5138364779874214,0.014465408805031447,0.08553459119496855,0.31572327044025156,0.04591194968553459,0.0,False,True,False,True,True,False,
720575940624015287,flow,efferent,1590,400,0.25,0.14285714285714285,0.1,0.024528301886792454,0.5138364779874214,0.014465408805031447,0.08553459119496855,0.31572327044025156,0.04591194968553459,0.0,False,True,False,False,True,False,
720575940624015287,flow,efferent,1590,400,0.25,0.04,0.01,0.024528301886792454,0.5138364779874214,0.014465408805031447,0.08553459119496855,0.31572327044025156,0.04591194968553459,0.0,False,True,False,True,True,False,
720575940624015287,flow,efferent,1590,400,0.25,0.04,0.05,0.024528301886792454,0.5138364779874214,0.014465408805031447,0.08553459119496855,0.31572327044025156,0.04591194968553459,0.0,False,True,False,True,False,False,
720575940624015287,flow,efferent,1590,400,0.25,0.04,0.1,0.024528301886792454,0.5138364779874214,0.014465408805031447,0.08553459119496855,0.31572327044025156,0.04591194968553459,0.0,False,False,False,False,False,False,
720575940624015287,flow,efferent,1590,400,0.25,0.02,0.01,0.024528301886792454,0.5138364779874214,0.014465408805031447,0.08553459119496855,0.31572327044025156,0.04591194968553459,0.0,False,True,False,True,True,False,
720575940624015287,flow,efferent,1590,400,0.25,0.02,0.05,0.024528301886792454,0.5138364779874214,0.014465408805031447,0.08553459119496855,0.31572327044025156,0.04591194968553459,0.0,False,False,False,True,False,False,
720575940624015287,flow,efferent,1590,400,0.25,0.02,0.1,0.024528301886792454,0.5138364779874214,0.014465408805031447,0.08553459119496855,0.31572327044025156,0.04591194968553459,0.0,False,False,False,False,False,False,
720575940624015287,flow,efferent,1590,400,0.25,0.01,0.01,0.024528301886792454,0.5138364779874214,0.014465408805031447,0.08553459119496855,0.31572327044025156,0.04591194968553459,0.0,False,True,False,True,True,False,
720575940624015287,flow,efferent,1590,400,0.25,0.01,0.05,0.024528301886792454,0.5138364779874214,0.014465408805031447,0.08553459119496855,0.31572327044025156,0.04591194968553459,0.0,False,False,False,True,False,False,
720575940624015287,flow,efferent,1590,400,0.25,0.01,0.1,0.024528301886792454,0.5138364779874214,0.014465408805031447,0.08553459119496855,0.31572327044025156,0.04591194968553459,0.0,False,False,False,False,False,False,
720575940625673196,flow,efferent,12055,400,0.25,0.14285714285714285,0.01,0.030609705516383243,0.8910825383658233,0.02472003318125259,0.007797594359187059,0.022314392368311904,0.022563251762754043,0.0009124844462878474,True,True,False,False,False,False,False
720575940625673196,flow,efferent,12055,400,0.25,0.14285714285714285,0.05,0.030609705516383243,0.8910825383658233,0.02472003318125259,0.007797594359187059,0.022314392368311904,0.022563251762754043,0.0009124844462878474,False,True,False,False,False,False,False
720575940625673196,flow,efferent,12055,400,0.25,0.14285714285714285,0.1,0.030609705516383243,0.8910825383658233,0.02472003318125259,0.007797594359187059,0.022314392368311904,0.022563251762754043,0.0009124844462878474,False,True,False,False,False,False,False
720575940625673196,flow,efferent,12055,400,0.25,0.04,0.01,0.030609705516383243,0.8910825383658233,0.02472003318125259,0.007797594359187059,0.022314392368311904,0.022563251762754043,0.0009124844462878474,True,True,False,False,False,False,False
720575940625673196,flow,efferent,12055,400,0.25,0.04,0.05,0.030609705516383243,0.8910825383658233,0.02472003318125259,0.007797594359187059,0.022314392368311904,0.022563251762754043,0.0009124844462878474,False,True,False,False,False,False,False
720575940625673196,flow,efferent,12055,400,0.25,0.04,0.1,0.030609705516383243,0.8910825383658233,0.02472003318125259,0.007797594359187059,0.022314392368311904,0.022563251762754043,0.0009124844462878474,False,True,False,False,False,False,False
720575940625673196,flow,efferent,12055,400,0.25,0.02,0.01,0.030609705516383243,0.8910825383658233,0.02472003318125259,0.007797594359187059,0.022314392368311904,0.022563251762754043,0.0009124844462878474,True,True,False,False,False,False,False
720575940625673196,flow,efferent,12055,400,0.25,0.02,0.05,0.030609705516383243,0.8910825383658233,0.02472003318125259,0.007797594359187059,0.022314392368311904,0.022563251762754043,0.0009124844462878474,False,True,False,False,False,False,False
720575940625673196,flow,efferent,12055,400,0.25,0.02,0.1,0.030609705516383243,0.8910825383658233,0.02472003318125259,0.007797594359187059,0.022314392368311904,0.022563251762754043,0.0009124844462878474,False,False,False,False,False,False,False
720575940625673196,flow,efferent,12055,400,0.25,0.01,0.01,0.030609705516383243,0.8910825383658233,0.02472003318125259,0.007797594359187059,0.022314392368311904,0.022563251762754043,0.0009124844462878474,True,True,False,False,False,False,False
720575940625673196,flow,efferent,12055,400,0.25,0.01,0.05,0.030609705516383243,0.8910825383658233,0.02472003318125259,0.007797594359187059,0.022314392368311904,0.022563251762754043,0.0009124844462878474,False,False,False,False,False,False,False
720575940625673196,flow,efferent,12055,400,0.25,0.01,0.1,0.030609705516383243,0.8910825383658233,0.02472003318125259,0.007797594359187059,0.022314392368311904,0.022563251762754043,0.0009124844462878474,False,False,False,False,False,False,False
720575940625596647,flow,efferent,594,400,0.25,0.14285714285714285,0.01,0.43602693602693604,0.32154882154882153,0.15151515151515152,0.006734006734006734,0.05218855218855219,0.03198653198653199,0.0,True,True,True,False,True,True,
720575940625596647,flow,efferent,594,400,0.25,0.14285714285714285,0.05,0.43602693602693604,0.32154882154882153,0.15151515151515152,0.006734006734006734,0.05218855218855219,0.03198653198653199,0.0,True,True,True,False,False,False,
720575940625596647,flow,efferent,594,400,0.25,0.14285714285714285,0.1,0.43602693602693604,0.32154882154882153,0.15151515151515152,0.006734006734006734,0.05218855218855219,0.03198653198653199,0.0,True,True,True,False,False,False,
720575940625596647,flow,efferent,594,400,0.25,0.04,0.01,0.43602693602693604,0.32154882154882153,0.15151515151515152,0.006734006734006734,0.05218855218855219,0.03198653198653199,0.0,True,True,True,False,True,True,
720575940625596647,flow,efferent,594,400,0.25,0.04,0.05,0.43602693602693604,0.32154882154882153,0.15151515151515152,0.006734006734006734,0.05218855218855219,0.03198653198653199,0.0,True,True,False,False,False,False,
720575940625596647,flow,efferent,594,400,0.25,0.04,0.1,0.43602693602693604,0.32154882154882153,0.15151515151515152,0.006734006734006734,0.05218855218855219,0.03198653198653199,0.0,False,False,False,False,False,False,
720575940625596647,flow,efferent,594,400,0.25,0.02,0.01,0.43602693602693604,0.32154882154882153,0.15151515151515152,0.006734006734006734,0.05218855218855219,0.03198653198653199,0.0,True,True,True,False,True,True,
720575940625596647,flow,efferent,594,400,0.25,0.02,0.05,0.43602693602693604,0.32154882154882153,0.15151515151515152,0.006734006734006734,0.05218855218855219,0.03198653198653199,0.0,True,True,False,False,False,False,
720575940625596647,flow,efferent,594,400,0.25,0.02,0.1,0.43602693602693604,0.32154882154882153,0.15151515151515152,0.006734006734006734,0.05218855218855219,0.03198653198653199,0.0,False,False,False,False,False,False,
720575940625596647,flow,efferent,594,400,0.25,0.01,0.01,0.43602693602693604,0.32154882154882153,0.15151515151515152,0.006734006734006734,0.05218855218855219,0.03198653198653199,0.0,True,True,True,False,True,True,
720575940625596647,flow,efferent,594,400,0.25,0.01,0.05,0.43602693602693604,0.32154882154882153,0.15151515151515152,0.006734006734006734,0.05218855218855219,0.03198653198653199,0.0,False,True,False,False,False,False,
720575940625596647,flow,efferent,594,400,0.25,0.01,0.1,0.43602693602693604,0.32154882154882153,0.15151515151515152,0.006734006734006734,0.05218855218855219,0.03198653198653199,0.0,False,False,False,False,False,False,
720575940628745209,flow,efferent,933,400,0.25,0.14285714285714285,0.01,0.35691318327974275,0.2658092175777063,0.3354769560557342,0.023579849946409433,0.015005359056806002,0.0010718113612004287,0.0021436227224008574,True,True,True,True,False,,False
720575940628745209,flow,efferent,933,400,0.25,0.14285714285714285,0.05,0.35691318327974275,0.2658092175777063,0.3354769560557342,0.023579849946409433,0.015005359056806002,0.0010718113612004287,0.0021436227224008574,True,True,True,False,False,,False
720575940628745209,flow,efferent,933,400,0.25,0.14285714285714285,0.1,0.35691318327974275,0.2658092175777063,0.3354769560557342,0.023579849946409433,0.015005359056806002,0.0010718113612004287,0.0021436227224008574,True,True,True,False,False,,False
720575940628745209,flow,efferent,933,400,0.25,0.04,0.01,0.35691318327974275,0.2658092175777063,0.3354769560557342,0.023579849946409433,0.015005359056806002,0.0010718113612004287,0.0021436227224008574,True,True,True,True,False,,False
720575940628745209,flow,efferent,933,400,0.25,0.04,0.05,0.35691318327974275,0.2658092175777063,0.3354769560557342,0.023579849946409433,0.015005359056806002,0.0010718113612004287,0.0021436227224008574,True,False,True,False,False,,False
720575940628745209,flow,efferent,933,400,0.25,0.04,0.1,0.35691318327974275,0.2658092175777063,0.3354769560557342,0.023579849946409433,0.015005359056806002,0.0010718113612004287,0.0021436227224008574,False,False,False,False,False,,False
720575940628745209,flow,efferent,933,400,0.25,0.02,0.01,0.35691318327974275,0.2658092175777063,0.3354769560557342,0.023579849946409433,0.015005359056806002,0.0010718113612004287,0.0021436227224008574,True,True,True,True,False,,False
720575940628745209,flow,efferent,933,400,0.25,0.02,0.05,0.35691318327974275,0.2658092175777063,0.3354769560557342,0.023579849946409433,0.015005359056806002,0.0010718113612004287,0.0021436227224008574,True,False,False,False,False,,False
720575940628745209,flow,efferent,933,400,0.25,0.02,0.1,0.35691318327974275,0.2658092175777063,0.3354769560557342,0.023579849946409433,0.015005359056806002,0.0010718113612004287,0.0021436227224008574,False,False,False,False,False,,False
720575940628745209,flow,efferent,933,400,0.25,0.01,0.01,0.35691318327974275,0.2658092175777063,0.3354769560557342,0.023579849946409433,0.015005359056806002,0.0010718113612004287,0.0021436227224008574,True,True,True,False,False,,False
720575940628745209,flow,efferent,933,400,0.25,0.01,0.05,0.35691318327974275,0.2658092175777063,0.3354769560557342,0.023579849946409433,0.015005359056806002,0.0010718113612004287,0.0021436227224008574,False,False,False,False,False,,False
720575940628745209,flow,efferent,933,400,0.25,0.01,0.1,0.35691318327974275,0.2658092175777063,0.3354769560557342,0.023579849946409433,0.015005359056806002,0.0010718113612004287,0.0021436227224008574,False,False,False,False,False,,False
720575940624816115,flow,efferent,3761,400,0.25,0.14285714285714285,0.01,0.3935123637330497,0.2903483116192502,0.24302047327838341,0.007178941770805637,0.04812549853762297,0.015687317202871576,0.002127093858016485,True,True,True,False,True,False,False
720575940624816115,flow,efferent,3761,400,0.25,0.14285714285714285,0.05,0.3935123637330497,0.2903483116192502,0.24302047327838341,0.007178941770805637,0.04812549853762297,0.015687317202871576,0.002127093858016485,True,True,True,False,False,False,False
720575940624816115,flow,efferent,3761,400,0.25,0.14285714285714285,0.1,0.3935123637330497,0.2903483116192502,0.24302047327838341,0.007178941770805637,0.04812549853762297,0.015687317202871576,0.002127093858016485,True,True,True,False,False,False,False
720575940624816115,flow,efferent,3761,400,0.25,0.04,0.01,0.3935123637330497,0.2903483116192502,0.24302047327838341,0.007178941770805637,0.04812549853762297,0.015687317202871576,0.002127093858016485,True,True,True,False,False,False,False
720575940624816115,flow,efferent,3761,400,0.25,0.04,0.05,0.3935123637330497,0.2903483116192502,0.24302047327838341,0.007178941770805637,0.04812549853762297,0.015687317202871576,0.002127093858016485,True,True,True,False,False,False,False
720575940624816115,flow,efferent,3761,400,0.25,0.04,0.1,0.3935123637330497,0.2903483116192502,0.24302047327838341,0.007178941770805637,0.04812549853762297,0.015687317202871576,0.002127093858016485,True,False,False,False,False,False,False
720575940624816115,flow,efferent,3761,400,0.25,0.02,0.01,0.3935123637330497,0.2903483116192502,0.24302047327838341,0.007178941770805637,0.04812549853762297,0.015687317202871576,0.002127093858016485,True,True,True,False,False,False,False
720575940624816115,flow,efferent,3761,400,0.25,0.02,0.05,0.3935123637330497,0.2903483116192502,0.24302047327838341,0.007178941770805637,0.04812549853762297,0.015687317202871576,0.002127093858016485,True,False,False,False,False,False,False
720575940624816115,flow,efferent,3761,400,0.25,0.02,0.1,0.3935123637330497,0.2903483116192502,0.24302047327838341,0.007178941770805637,0.04812549853762297,0.015687317202871576,0.002127093858016485,False,False,False,False,False,False,False
720575940624816115,flow,efferent,3761,400,0.25,0.01,0.01,0.3935123637330497,0.2903483116192502,0.24302047327838341,0.007178941770805637,0.04812549853762297,0.015687317202871576,0.002127093858016485,True,True,True,False,False,False,False
720575940624816115,flow,efferent,3761,400,0.25,0.01,0.05,0.3935123637330497,0.2903483116192502,0.24302047327838341,0.007178941770805637,0.04812549853762297,0.015687317202871576,0.002127093858016485,False,False,False,False,False,False,False
720575940624816115,flow,efferent,3761,400,0.25,0.01,0.1,0.3935123637330497,0.2903483116192502,0.24302047327838341,0.007178941770805637,0.04812549853762297,0.015687317202871576,0.002127093858016485,False,False,False,False,False,False,False
720575940627307625,flow,efferent,1284,400,0.25,0.14285714285714285,0.01,0.11137071651090343,0.793613707165109,0.010903426791277258,0.003115264797507788,0.03894080996884735,0.04205607476635514,0.0,True,True,False,False,True,True,
720575940627307625,flow,efferent,1284,400,0.25,0.14285714285714285,0.05,0.11137071651090343,0.793613707165109,0.010903426791277258,0.003115264797507788,0.03894080996884735,0.04205607476635514,0.0,True,True,False,False,False,False,
720575940627307625,flow,efferent,1284,400,0.25,0.14285714285714285,0.1,0.11137071651090343,0.793613707165109,0.010903426791277258,0.003115264797507788,0.03894080996884735,0.04205607476635514,0.0,True,True,False,False,False,False,
720575940627307625,flow,efferent,1284,400,0.25,0.04,0.01,0.11137071651090343,0.793613707165109,0.010903426791277258,0.003115264797507788,0.03894080996884735,0.04205607476635514,0.0,True,True,False,False,True,True,
720575940627307625,flow,efferent,1284,400,0.25,0.04,0.05,0.11137071651090343,0.793613707165109,0.010903426791277258,0.003115264797507788,0.03894080996884735,0.04205607476635514,0.0,True,True,False,False,False,False,
720575940627307625,flow,efferent,1284,400,0.25,0.04,0.1,0.11137071651090343,0.793613707165109,0.010903426791277258,0.003115264797507788,0.03894080996884735,0.04205607476635514,0.0,True,True,False,False,False,False,
720575940627307625,flow,efferent,1284,400,0.25,0.02,0.01,0.11137071651090343,0.793613707165109,0.010903426791277258,0.003115264797507788,0.03894080996884735,0.04205607476635514,0.0,True,True,False,False,True,True,
720575940627307625,flow,efferent,1284,400,0.25,0.02,0.05,0.11137071651090343,0.793613707165109,0.010903426791277258,0.003115264797507788,0.03894080996884735,0.04205607476635514,0.0,True,True,False,False,False,False,
720575940627307625,flow,efferent,1284,400,0.25,0.02,0.1,0.11137071651090343,0.793613707165109,0.010903426791277258,0.003115264797507788,0.03894080996884735,0.04205607476635514,0.0,True,True,False,False,False,False,
720575940627307625,flow,efferent,1284,400,0.25,0.01,0.01,0.11137071651090343,0.793613707165109,0.010903426791277258,0.003115264797507788,0.03894080996884735,0.04205607476635514,0.0,True,True,False,False,False,True,
720575940627307625,flow,efferent,1284,400,0.25,0.01,0.05,0.11137071651090343,0.793613707165109,0.010903426791277258,0.003115264797507788,0.03894080996884735,0.04205607476635514,0.0,True,True,False,False,False,False,
720575940627307625,flow,efferent,1284,400,0.25,0.01,0.1,0.11137071651090343,0.793613707165109,0.010903426791277258,0.003115264797507788,0.03894080996884735,0.04205607476635514,0.0,True,False,False,False,False,False,
720575940631061900,flow,efferent,1350,400,0.25,0.14285714285714285,0.01,0.0637037037037037,0.8503703703703703,0.028148148148148148,0.0022222222222222222,0.017037037037037038,0.0362962962962963,0.0022222222222222222,True,True,True,False,False,True,False
720575940631061900,flow,efferent,1350,400,0.25,0.14285714285714285,0.05,0.0637037037037037,0.8503703703703703,0.028148148148148148,0.0022222222222222222,0.017037037037037038,0.0362962962962963,0.0022222222222222222,True,True,False,False,False,False,False
720575940631061900,flow,efferent,1350,400,0.25,0.14285714285714285,0.1,0.0637037037037037,0.8503703703703703,0.028148148148148148,0.0022222222222222222,0.017037037037037038,0.0362962962962963,0.0022222222222222222,False,True,False,False,False,False,False
720575940631061900,flow,efferent,1350,400,0.25,0.04,0.01,0.0637037037037037,0.8503703703703703,0.028148148148148148,0.0022222222222222222,0.017037037037037038,0.0362962962962963,0.0022222222222222222,True,True,False,False,False,True,False
720575940631061900,flow,efferent,1350,400,0.25,0.04,0.05,0.0637037037037037,0.8503703703703703,0.028148148148148148,0.0022222222222222222,0.017037037037037038,0.0362962962962963,0.0022222222222222222,True,True,False,False,False,False,False
720575940631061900,flow,efferent,1350,400,0.25,0.04,0.1,0.0637037037037037,0.8503703703703703,0.028148148148148148,0.0022222222222222222,0.017037037037037038,0.0362962962962963,0.0022222222222222222,False,False,False,False,False,False,False
720575940631061900,flow,efferent,1350,400,0.25,0.02,0.01,0.0637037037037037,0.8503703703703703,0.028148148148148148,0.0022222222222222222,0.017037037037037038,0.0362962962962963,0.0022222222222222222,True,True,False,False,False,True,False
720575940631061900,flow,efferent,1350,400,0.25,0.02,0.05,0.0637037037037037,0.8503703703703703,0.028148148148148148,0.0022222222222222222,0.017037037037037038,0.0362962962962963,0.0022222222222222222,True,True,False,False,False,False,False
720575940631061900,flow,efferent,1350,400,0.25,0.02,0.1,0.0637037037037037,0.8503703703703703,0.028148148148148148,0.0022222222222222222,0.017037037037037038,0.0362962962962963,0.0022222222222222222,False,False,False,False,False,False,False
720575940631061900,flow,efferent,1350,400,0.25,0.01,0.01,0.0637037037037037,0.8503703703703703,0.028148148148148148,0.0022222222222222222,0.017037037037037038,0.0362962962962963,0.0022222222222222222,True,True,False,False,False,True,False
720575940631061900,flow,efferent,1350,400,0.25,0.01,0.05,0.0637037037037037,0.8503703703703703,0.028148148148148148,0.0022222222222222222,0.017037037037037038,0.0362962962962963,0.0022222222222222222,True,True,False,False,False,False,False
720575940631061900,flow,efferent,1350,400,0.25,0.01,0.1,0.0637037037037037,0.8503703703703703,0.028148148148148148,0.0022222222222222222,0.017037037037037038,0.0362962962962963,0.0022222222222222222,False,False,False,False,False,False,False
720575940622633716,flow,efferent,7191,400,0.25,0.14285714285714285,0.01,0.028785982478097622,0.8656654151022111,0.03546099290780142,0.005145320539563343,0.024753163676818245,0.03838130997079683,0.001807815324711445,False,True,True,False,False,True,False
720575940622633716,flow,efferent,7191,400,0.25,0.14285714285714285,0.05,0.028785982478097622,0.8656654151022111,0.03546099290780142,0.005145320539563343,0.024753163676818245,0.03838130997079683,0.001807815324711445,False,True,False,False,False,False,False
720575940622633716,flow,efferent,7191,400,0.25,0.14285714285714285,0.1,0.028785982478097622,0.8656654151022111,0.03546099290780142,0.005145320539563343,0.024753163676818245,0.03838130997079683,0.001807815324711445,False,True,False,False,False,False,False
720575940622633716,flow,efferent,7191,400,0.25,0.04,0.01,0.028785982478097622,0.8656654151022111,0.03546099290780142,0.005145320539563343,0.024753163676818245,0.03838130997079683,0.001807815324711445,False,True,False,False,False,False,False
720575940622633716,flow,efferent,7191,400,0.25,0.04,0.05,0.028785982478097622,0.8656654151022111,0.03546099290780142,0.005145320539563343,0.024753163676818245,0.03838130997079683,0.001807815324711445,False,True,False,False,False,False,False
720575940622633716,flow,efferent,7191,400,0.25,0.04,0.1,0.028785982478097622,0.8656654151022111,0.03546099290780142,0.005145320539563343,0.024753163676818245,0.03838130997079683,0.001807815324711445,False,True,False,False,False,False,False
720575940622633716,flow,efferent,7191,400,0.25,0.02,0.01,0.028785982478097622,0.8656654151022111,0.03546099290780142,0.005145320539563343,0.024753163676818245,0.03838130997079683,0.001807815324711445,False,True,False,False,False,False,False
720575940622633716,flow,efferent,7191,400,0.25,0.02,0.05,0.028785982478097622,0.8656654151022111,0.03546099290780142,0.005145320539563343,0.024753163676818245,0.03838130997079683,0.001807815324711445,False,True,False,False,False,False,False
720575940622633716,flow,efferent,7191,400,0.25,0.02,0.1,0.028785982478097622,0.8656654151022111,0.03546099290780142,0.005145320539563343,0.024753163676818245,0.03838130997079683,0.001807815324711445,False,False,False,False,False,False,False
720575940622633716,flow,efferent,7191,400,0.25,0.01,0.01,0.028785982478097622,0.8656654151022111,0.03546099290780142,0.005145320539563343,0.024753163676818245,0.03838130997079683,0.001807815324711445,False,True,False,False,False,False,False
720575940622633716,flow,efferent,7191,400,0.25,0.01,0.05,0.028785982478097622,0.8656654151022111,0.03546099290780142,0.005145320539563343,0.024753163676818245,0.03838130997079683,0.001807815324711445,False,True,False,False,False,False,False
720575940622633716,flow,efferent,7191,400,0.25,0.01,0.1,0.028785982478097622,0.8656654151022111,0.03546099290780142,0.005145320539563343,0.024753163676818245,0.03838130997079683,0.001807815324711445,False,False,False,False,False,False,False
720575940635222640,flow,efferent,529,400,0.25,0.14285714285714285,0.01,0.05103969754253308,0.7107750472589792,0.07939508506616257,0.007561436672967864,0.07372400756143667,0.07750472589792061,0.0,True,True,True,False,True,True,
720575940635222640,flow,efferent,529,400,0.25,0.14285714285714285,0.05,0.05103969754253308,0.7107750472589792,0.07939508506616257,0.007561436672967864,0.07372400756143667,0.07750472589792061,0.0,False,True,False,False,False,False,
720575940635222640,flow,efferent,529,400,0.25,0.14285714285714285,0.1,0.05103969754253308,0.7107750472589792,0.07939508506616257,0.007561436672967864,0.07372400756143667,0.07750472589792061,0.0,False,True,False,False,False,False,
720575940635222640,flow,efferent,529,400,0.25,0.04,0.01,0.05103969754253308,0.7107750472589792,0.07939508506616257,0.007561436672967864,0.07372400756143667,0.07750472589792061,0.0,True,True,True,False,True,True,
720575940635222640,flow,efferent,529,400,0.25,0.04,0.05,0.05103969754253308,0.7107750472589792,0.07939508506616257,0.007561436672967864,0.07372400756143667,0.07750472589792061,0.0,False,True,False,False,False,False,
720575940635222640,flow,efferent,529,400,0.25,0.04,0.1,0.05103969754253308,0.7107750472589792,0.07939508506616257,0.007561436672967864,0.07372400756143667,0.07750472589792061,0.0,False,True,False,False,False,False,
720575940635222640,flow,efferent,529,400,0.25,0.02,0.01,0.05103969754253308,0.7107750472589792,0.07939508506616257,0.007561436672967864,0.07372400756143667,0.07750472589792061,0.0,True,True,True,False,True,True,
720575940635222640,flow,efferent,529,400,0.25,0.02,0.05,0.05103969754253308,0.7107750472589792,0.07939508506616257,0.007561436672967864,0.07372400756143667,0.07750472589792061,0.0,False,True,False,False,False,False,
720575940635222640,flow,efferent,529,400,0.25,0.02,0.1,0.05103969754253308,0.7107750472589792,0.07939508506616257,0.007561436672967864,0.07372400756143667,0.07750472589792061,0.0,False,False,False,False,False,False,
720575940635222640,flow,efferent,529,400,0.25,0.01,0.01,0.05103969754253308,0.7107750472589792,0.07939508506616257,0.007561436672967864,0.07372400756143667,0.07750472589792061,0.0,False,True,False,False,True,True,
720575940635222640,flow,efferent,529,400,0.25,0.01,0.05,0.05103969754253308,0.7107750472589792,0.07939508506616257,0.007561436672967864,0.07372400756143667,0.07750472589792061,0.0,False,True,False,False,False,False,
720575940635222640,flow,efferent,529,400,0.25,0.01,0.1,0.05103969754253308,0.7107750472589792,0.07939508506616257,0.007561436672967864,0.07372400756143667,0.07750472589792061,0.0,False,False,False,False,False,False,
720575940607641010,flow,efferent,1231,400,0.25,0.14285714285714285,0.01,0.16490658001624695,0.2737611697806661,0.1348497156783103,0.15353371242891958,0.25913891145410234,0.01380991064175467,0.0,True,True,True,True,True,False,
720575940607641010,flow,efferent,1231,400,0.25,0.14285714285714285,0.05,0.16490658001624695,0.2737611697806661,0.1348497156783103,0.15353371242891958,0.25913891145410234,0.01380991064175467,0.0,True,True,True,True,True,False,
720575940607641010,flow,efferent,1231,400,0.25,0.14285714285714285,0.1,0.16490658001624695,0.2737611697806661,0.1348497156783103,0.15353371242891958,0.25913891145410234,0.01380991064175467,0.0,False,True,False,False,False,False,
720575940607641010,flow,efferent,1231,400,0.25,0.04,0.01,0.16490658001624695,0.2737611697806661,0.1348497156783103,0.15353371242891958,0.25913891145410234,0.01380991064175467,0.0,True,True,True,True,True,False,
720575940607641010,flow,efferent,1231,400,0.25,0.04,0.05,0.16490658001624695,0.2737611697806661,0.1348497156783103,0.15353371242891958,0.25913891145410234,0.01380991064175467,0.0,True,False,False,True,False,False,
720575940607641010,flow,efferent,1231,400,0.25,0.04,0.1,0.16490658001624695,0.2737611697806661,0.1348497156783103,0.15353371242891958,0.25913891145410234,0.01380991064175467,0.0,False,False,False,False,False,False,
720575940607641010,flow,efferent,1231,400,0.25,0.02,0.01,0.16490658001624695,0.2737611697806661,0.1348497156783103,0.15353371242891958,0.25913891145410234,0.01380991064175467,0.0,True,True,True,True,True,False,
720575940607641010,flow,efferent,1231,400,0.25,0.02,0.05,0.16490658001624695,0.2737611697806661,0.1348497156783103,0.15353371242891958,0.25913891145410234,0.01380991064175467,0.0,True,False,False,False,False,False,
720575940607641010,flow,efferent,1231,400,0.25,0.02,0.1,0.16490658001624695,0.2737611697806661,0.1348497156783103,0.15353371242891958,0.25913891145410234,0.01380991064175467,0.0,False,False,False,False,False,False,
720575940607641010,flow,efferent,1231,400,0.25,0.01,0.01,0.16490658001624695,0.2737611697806661,0.1348497156783103,0.15353371242891958,0.25913891145410234,0.01380991064175467,0.0,True,True,True,True,True,False,
720575940607641010,flow,efferent,1231,400,0.25,0.01,0.05,0.16490658001624695,0.2737611697806661,0.1348497156783103,0.15353371242891958,0.25913891145410234,0.01380991064175467,0.0,False,False,False,False,False,False,
720575940607641010,flow,efferent,1231,400,0.25,0.01,0.1,0.16490658001624695,0.2737611697806661,0.1348497156783103,0.15353371242891958,0.25913891145410234,0.01380991064175467,0.0,False,False,False,False,False,False,
720575940604727264,flow,efferent,1607,400,0.25,0.14285714285714285,0.01,0.024891101431238332,0.6813939016801493,0.21406347230864967,0.002489110143123833,0.04044803982576229,0.03671437461107654,0.0,True,True,True,False,True,True,
720575940604727264,flow,efferent,1607,400,0.25,0.14285714285714285,0.05,0.024891101431238332,0.6813939016801493,0.21406347230864967,0.002489110143123833,0.04044803982576229,0.03671437461107654,0.0,False,True,True,False,False,False,
720575940604727264,flow,efferent,1607,400,0.25,0.14285714285714285,0.1,0.024891101431238332,0.6813939016801493,0.21406347230864967,0.002489110143123833,0.04044803982576229,0.03671437461107654,0.0,False,True,True,False,False,False,
720575940604727264,flow,efferent,1607,400,0.25,0.04,0.01,0.024891101431238332,0.6813939016801493,0.21406347230864967,0.002489110143123833,0.04044803982576229,0.03671437461107654,0.0,True,True,True,False,False,True,
720575940604727264,flow,efferent,1607,400,0.25,0.04,0.05,0.024891101431238332,0.6813939016801493,0.21406347230864967,0.002489110143123833,0.04044803982576229,0.03671437461107654,0.0,False,True,True,False,False,False,
720575940604727264,flow,efferent,1607,400,0.25,0.04,0.1,0.024891101431238332,0.6813939016801493,0.21406347230864967,0.002489110143123833,0.04044803982576229,0.03671437461107654,0.0,False,True,True,False,False,False,
720575940604727264,flow,efferent,1607,400,0.25,0.02,0.01,0.024891101431238332,0.6813939016801493,0.21406347230864967,0.002489110143123833,0.04044803982576229,0.03671437461107654,0.0,True,True,True,False,False,True,
720575940604727264,flow,efferent,1607,400,0.25,0.02,0.05,0.024891101431238332,0.6813939016801493,0.21406347230864967,0.002489110143123833,0.04044803982576229,0.03671437461107654,0.0,False,True,False,False,False,False,
720575940604727264,flow,efferent,1607,400,0.25,0.02,0.1,0.024891101431238332,0.6813939016801493,0.21406347230864967,0.002489110143123833,0.04044803982576229,0.03671437461107654,0.0,False,False,False,False,False,False,
720575940604727264,flow,efferent,1607,400,0.25,0.01,0.01,0.024891101431238332,0.6813939016801493,0.21406347230864967,0.002489110143123833,0.04044803982576229,0.03671437461107654,0.0,True,True,True,False,False,True,
720575940604727264,flow,efferent,1607,400,0.25,0.01,0.05,0.024891101431238332,0.6813939016801493,0.21406347230864967,0.002489110143123833,0.04044803982576229,0.03671437461107654,0.0,False,True,False,False,False,False,
720575940604727264,flow,efferent,1607,400,0.25,0.01,0.1,0.024891101431238332,0.6813939016801493,0.21406347230864967,0.002489110143123833,0.04044803982576229,0.03671437461107654,0.0,False,False,False,False,False,False,
720575940627417619,flow,efferent,1241,400,0.25,0.14285714285714285,0.01,0.018533440773569703,0.7477840451248993,0.145044319097502,0.0024174053182917004,0.04915390813859791,0.0362610797743755,0.0008058017727639,True,True,True,False,True,True,
720575940627417619,flow,efferent,1241,400,0.25,0.14285714285714285,0.05,0.018533440773569703,0.7477840451248993,0.145044319097502,0.0024174053182917004,0.04915390813859791,0.0362610797743755,0.0008058017727639,False,True,True,False,False,False,
720575940627417619,flow,efferent,1241,400,0.25,0.14285714285714285,0.1,0.018533440773569703,0.7477840451248993,0.145044319097502,0.0024174053182917004,0.04915390813859791,0.0362610797743755,0.0008058017727639,False,True,True,False,False,False,
720575940627417619,flow,efferent,1241,400,0.25,0.04,0.01,0.018533440773569703,0.7477840451248993,0.145044319097502,0.0024174053182917004,0.04915390813859791,0.0362610797743755,0.0008058017727639,True,True,True,False,False,True,
720575940627417619,flow,efferent,1241,400,0.25,0.04,0.05,0.018533440773569703,0.7477840451248993,0.145044319097502,0.0024174053182917004,0.04915390813859791,0.0362610797743755,0.0008058017727639,False,True,True,False,False,False,
720575940627417619,flow,efferent,1241,400,0.25,0.04,0.1,0.018533440773569703,0.7477840451248993,0.145044319097502,0.0024174053182917004,0.04915390813859791,0.0362610797743755,0.0008058017727639,False,True,False,False,False,False,
720575940627417619,flow,efferent,1241,400,0.25,0.02,0.01,0.018533440773569703,0.7477840451248993,0.145044319097502,0.0024174053182917004,0.04915390813859791,0.0362610797743755,0.0008058017727639,True,True,True,False,False,True,
720575940627417619,flow,efferent,1241,400,0.25,0.02,0.05,0.018533440773569703,0.7477840451248993,0.145044319097502,0.0024174053182917004,0.04915390813859791,0.0362610797743755,0.0008058017727639,False,True,False,False,False,False,
720575940627417619,flow,efferent,1241,400,0.25,0.02,0.1,0.018533440773569703,0.7477840451248993,0.145044319097502,0.0024174053182917004,0.04915390813859791,0.0362610797743755,0.0008058017727639,False,True,False,False,False,False,
720575940627417619,flow,efferent,1241,400,0.25,0.01,0.01,0.018533440773569703,0.7477840451248993,0.145044319097502,0.0024174053182917004,0.04915390813859791,0.0362610797743755,0.0008058017727639,True,True,True,False,False,False,
720575940627417619,flow,efferent,1241,400,0.25,0.01,0.05,0.018533440773569703,0.7477840451248993,0.145044319097502,0.0024174053182917004,0.04915390813859791,0.0362610797743755,0.0008058017727639,False,True,False,False,False,False,
720575940627417619,flow,efferent,1241,400,0.25,0.01,0.1,0.018533440773569703,0.7477840451248993,0.145044319097502,0.0024174053182917004,0.04915390813859791,0.0362610797743755,0.0008058017727639,False,False,False,False,False,False,
720575940631662648,flow,efferent,867,400,0.25,0.14285714285714285,0.01,0.06689734717416378,0.5455594002306805,0.08650519031141868,0.07612456747404844,0.18915801614763553,0.03344867358708189,0.002306805074971165,True,True,True,True,True,True,False
720575940631662648,flow,efferent,867,400,0.25,0.14285714285714285,0.05,0.06689734717416378,0.5455594002306805,0.08650519031141868,0.07612456747404844,0.18915801614763553,0.03344867358708189,0.002306805074971165,False,True,False,True,True,False,False
720575940631662648,flow,efferent,867,400,0.25,0.14285714285714285,0.1,0.06689734717416378,0.5455594002306805,0.08650519031141868,0.07612456747404844,0.18915801614763553,0.03344867358708189,0.002306805074971165,False,True,False,False,True,False,False
720575940631662648,flow,efferent,867,400,0.25,0.04,0.01,0.06689734717416378,0.5455594002306805,0.08650519031141868,0.07612456747404844,0.18915801614763553,0.03344867358708189,0.002306805074971165,True,True,True,True,True,False,False
720575940631662648,flow,efferent,867,400,0.25,0.04,0.05,0.06689734717416378,0.5455594002306805,0.08650519031141868,0.07612456747404844,0.18915801614763553,0.03344867358708189,0.002306805074971165,False,True,False,True,False,False,False
720575940631662648,flow,efferent,867,400,0.25,0.04,0.1,0.06689734717416378,0.5455594002306805,0.08650519031141868,0.07612456747404844,0.18915801614763553,0.03344867358708189,0.002306805074971165,False,True,False,False,False,False,False
720575940631662648,flow,efferent,867,400,0.25,0.02,0.01,0.06689734717416378,0.5455594002306805,0.08650519031141868,0.07612456747404844,0.18915801614763553,0.03344867358708189,0.002306805074971165,True,True,True,True,True,False,False
720575940631662648,flow,efferent,867,400,0.25,0.02,0.05,0.06689734717416378,0.5455594002306805,0.08650519031141868,0.07612456747404844,0.18915801614763553,0.03344867358708189,0.002306805074971165,False,True,False,False,False,False,False
720575940631662648,flow,efferent,867,400,0.25,0.02,0.1,0.06689734717416378,0.5455594002306805,0.08650519031141868,0.07612456747404844,0.18915801614763553,0.03344867358708189,0.002306805074971165,False,False,False,False,False,False,False
720575940631662648,flow,efferent,867,400,0.25,0.01,0.01,0.06689734717416378,0.5455594002306805,0.08650519031141868,0.07612456747404844,0.18915801614763553,0.03344867358708189,0.002306805074971165,True,True,False,True,True,False,False
720575940631662648,flow,efferent,867,400,0.25,0.01,0.05,0.06689734717416378,0.5455594002306805,0.08650519031141868,0.07612456747404844,0.18915801614763553,0.03344867358708189,0.002306805074971165,False,True,False,False,False,False,False
720575940631662648,flow,efferent,867,400,0.25,0.01,0.1,0.06689734717416378,0.5455594002306805,0.08650519031141868,0.07612456747404844,0.18915801614763553,0.03344867358708189,0.002306805074971165,False,False,False,False,False,False,False
720575940631108559,flow,efferent,681,400,0.25,0.14285714285714285,0.01,0.03671071953010279,0.44933920704845814,0.11160058737151249,0.011747430249632892,0.11747430249632893,0.27165932452276065,0.0014684287812041115,True,True,True,False,True,True,
720575940631108559,flow,efferent,681,400,0.25,0.14285714285714285,0.05,0.03671071953010279,0.44933920704845814,0.11160058737151249,0.011747430249632892,0.11747430249632893,0.27165932452276065,0.0014684287812041115,False,True,True,False,False,True,
720575940631108559,flow,efferent,681,400,0.25,0.14285714285714285,0.1,0.03671071953010279,0.44933920704845814,0.11160058737151249,0.011747430249632892,0.11747430249632893,0.27165932452276065,0.0014684287812041115,False,True,False,False,False,True,
720575940631108559,flow,efferent,681,400,0.25,0.04,0.01,0.03671071953010279,0.44933920704845814,0.11160058737151249,0.011747430249632892,0.11747430249632893,0.27165932452276065,0.0014684287812041115,True,True,True,False,True,True,
720575940631108559,flow,efferent,681,400,0.25,0.04,0.05,0.03671071953010279,0.44933920704845814,0.11160058737151249,0.011747430249632892,0.11747430249632893,0.27165932452276065,0.0014684287812041115,False,True,False,False,False,False,
720575940631108559,flow,efferent,681,400,0.25,0.04,0.1,0.03671071953010279,0.44933920704845814,0.11160058737151249,0.011747430249632892,0.11747430249632893,0.27165932452276065,0.0014684287812041115,False,False,False,False,False,False,
720575940631108559,flow,efferent,681,400,0.25,0.02,0.01,0.03671071953010279,0.44933920704845814,0.11160058737151249,0.011747430249632892,0.11747430249632893,0.27165932452276065,0.0014684287812041115,True,True,True,False,True,True,
720575940631108559,flow,efferent,681,400,0.25,0.02,0.05,0.03671071953010279,0.44933920704845814,0.11160058737151249,0.011747430249632892,0.11747430249632893,0.27165932452276065,0.0014684287812041115,False,False,False,False,False,False,
720575940631108559,flow,efferent,681,400,0.25,0.02,0.1,0.03671071953010279,0.44933920704845814,0.11160058737151249,0.011747430249632892,0.11747430249632893,0.27165932452276065,0.0014684287812041115,False,False,False,False,False,False,
720575940631108559,flow,efferent,681,400,0.25,0.01,0.01,0.03671071953010279,0.44933920704845814,0.11160058737151249,0.011747430249632892,0.11747430249632893,0.27165932452276065,0.0014684287812041115,True,True,True,False,True,True,
720575940631108559,flow,efferent,681,400,0.25,0.01,0.05,0.03671071953010279,0.44933920704845814,0.11160058737151249,0.011747430249632892,0.11747430249632893,0.27165932452276065,0.0014684287812041115,False,False,False,False,False,False,
720575940631108559,flow,efferent,681,400,0.25,0.01,0.1,0.03671071953010279,0.44933920704845814,0.11160058737151249,0.011747430249632892,0.11747430249632893,0.27165932452276065,0.0014684287812041115,False,False,False,False,False,False,
720575940624327572,flow,efferent,704,400,0.25,0.14285714285714285,0.01,0.21022727272727273,0.2315340909090909,0.13920454545454544,0.12926136363636365,0.26136363636363635,0.028409090909090908,0.0,True,True,True,True,True,True,
720575940624327572,flow,efferent,704,400,0.25,0.14285714285714285,0.05,0.21022727272727273,0.2315340909090909,0.13920454545454544,0.12926136363636365,0.26136363636363635,0.028409090909090908,0.0,True,True,False,True,True,False,
720575940624327572,flow,efferent,704,400,0.25,0.14285714285714285,0.1,0.21022727272727273,0.2315340909090909,0.13920454545454544,0.12926136363636365,0.26136363636363635,0.028409090909090908,0.0,True,False,False,False,False,False,
720575940624327572,flow,efferent,704,400,0.25,0.04,0.01,0.21022727272727273,0.2315340909090909,0.13920454545454544,0.12926136363636365,0.26136363636363635,0.028409090909090908,0.0,True,True,True,True,True,True,
720575940624327572,flow,efferent,704,400,0.25,0.04,0.05,0.21022727272727273,0.2315340909090909,0.13920454545454544,0.12926136363636365,0.26136363636363635,0.028409090909090908,0.0,True,False,False,False,False,False,
720575940624327572,flow,efferent,704,400,0.25,0.04,0.1,0.21022727272727273,0.2315340909090909,0.13920454545454544,0.12926136363636365,0.26136363636363635,0.028409090909090908,0.0,True,False,False,False,False,False,
720575940624327572,flow,efferent,704,400,0.25,0.02,0.01,0.21022727272727273,0.2315340909090909,0.13920454545454544,0.12926136363636365,0.26136363636363635,0.028409090909090908,0.0,True,True,True,True,True,True,
720575940624327572,flow,efferent,704,400,0.25,0.02,0.05,0.21022727272727273,0.2315340909090909,0.13920454545454544,0.12926136363636365,0.26136363636363635,0.028409090909090908,0.0,True,False,False,False,False,False,
720575940624327572,flow,efferent,704,400,0.25,0.02,0.1,0.21022727272727273,0.2315340909090909,0.13920454545454544,0.12926136363636365,0.26136363636363635,0.028409090909090908,0.0,True,False,False,False,False,False,
720575940624327572,flow,efferent,704,400,0.25,0.01,0.01,0.21022727272727273,0.2315340909090909,0.13920454545454544,0.12926136363636365,0.26136363636363635,0.028409090909090908,0.0,True,True,True,True,True,True,
720575940624327572,flow,efferent,704,400,0.25,0.01,0.05,0.21022727272727273,0.2315340909090909,0.13920454545454544,0.12926136363636365,0.26136363636363635,0.028409090909090908,0.0,True,False,False,False,False,False,
720575940624327572,flow,efferent,704,400,0.25,0.01,0.1,0.21022727272727273,0.2315340909090909,0.13920454545454544,0.12926136363636365,0.26136363636363635,0.028409090909090908,0.0,True,False,False,False,False,False,
720575940622478349,flow,efferent,419,400,0.25,0.14285714285714285,0.01,0.057279236276849645,0.711217183770883,0.03579952267303103,0.01909307875894988,0.12649164677804295,0.050119331742243436,0.0,True,True,True,True,True,True,
720575940622478349,flow,efferent,419,400,0.25,0.14285714285714285,0.05,0.057279236276849645,0.711217183770883,0.03579952267303103,0.01909307875894988,0.12649164677804295,0.050119331742243436,0.0,False,True,False,False,False,False,
720575940622478349,flow,efferent,419,400,0.25,0.14285714285714285,0.1,0.057279236276849645,0.711217183770883,0.03579952267303103,0.01909307875894988,0.12649164677804295,0.050119331742243436,0.0,False,True,False,False,False,False,
720575940622478349,flow,efferent,419,400,0.25,0.04,0.01,0.057279236276849645,0.711217183770883,0.03579952267303103,0.01909307875894988,0.12649164677804295,0.050119331742243436,0.0,True,True,True,False,True,True,
720575940622478349,flow,efferent,419,400,0.25,0.04,0.05,0.057279236276849645,0.711217183770883,0.03579952267303103,0.01909307875894988,0.12649164677804295,0.050119331742243436,0.0,False,True,False,False,False,False,
720575940622478349,flow,efferent,419,400,0.25,0.04,0.1,0.057279236276849645,0.711217183770883,0.03579952267303103,0.01909307875894988,0.12649164677804295,0.050119331742243436,0.0,False,True,False,False,False,False,
720575940622478349,flow,efferent,419,400,0.25,0.02,0.01,0.057279236276849645,0.711217183770883,0.03579952267303103,0.01909307875894988,0.12649164677804295,0.050119331742243436,0.0,True,True,True,False,True,True,
720575940622478349,flow,efferent,419,400,0.25,0.02,0.05,0.057279236276849645,0.711217183770883,0.03579952267303103,0.01909307875894988,0.12649164677804295,0.050119331742243436,0.0,False,True,False,False,False,False,
720575940622478349,flow,efferent,419,400,0.25,0.02,0.1,0.057279236276849645,0.711217183770883,0.03579952267303103,0.01909307875894988,0.12649164677804295,0.050119331742243436,0.0,False,True,False,False,False,False,
720575940622478349,flow,efferent,419,400,0.25,0.01,0.01,0.057279236276849645,0.711217183770883,0.03579952267303103,0.01909307875894988,0.12649164677804295,0.050119331742243436,0.0,True,True,True,False,True,True,
720575940622478349,flow,efferent,419,400,0.25,0.01,0.05,0.057279236276849645,0.711217183770883,0.03579952267303103,0.01909307875894988,0.12649164677804295,0.050119331742243436,0.0,False,True,False,False,False,False,
720575940622478349,flow,efferent,419,400,0.25,0.01,0.1,0.057279236276849645,0.711217183770883,0.03579952267303103,0.01909307875894988,0.12649164677804295,0.050119331742243436,0.0,False,True,False,False,False,False,
720575940612376805,flow,efferent,2540,400,0.25,0.14285714285714285,0.01,0.09173228346456692,0.7188976377952756,0.05,0.009448818897637795,0.09921259842519685,0.03031496062992126,0.0003937007874015748,True,True,True,False,True,True,
720575940612376805,flow,efferent,2540,400,0.25,0.14285714285714285,0.05,0.09173228346456692,0.7188976377952756,0.05,0.009448818897637795,0.09921259842519685,0.03031496062992126,0.0003937007874015748,False,True,False,False,False,False,
720575940612376805,flow,efferent,2540,400,0.25,0.14285714285714285,0.1,0.09173228346456692,0.7188976377952756,0.05,0.009448818897637795,0.09921259842519685,0.03031496062992126,0.0003937007874015748,False,True,False,False,False,False,
720575940612376805,flow,efferent,2540,400,0.25,0.04,0.01,0.09173228346456692,0.7188976377952756,0.05,0.009448818897637795,0.09921259842519685,0.03031496062992126,0.0003937007874015748,True,True,True,False,True,False,
720575940612376805,flow,efferent,2540,400,0.25,0.04,0.05,0.09173228346456692,0.7188976377952756,0.05,0.009448818897637795,0.09921259842519685,0.03031496062992126,0.0003937007874015748,False,True,False,False,False,False,
720575940612376805,flow,efferent,2540,400,0.25,0.04,0.1,0.09173228346456692,0.7188976377952756,0.05,0.009448818897637795,0.09921259842519685,0.03031496062992126,0.0003937007874015748,False,True,False,False,False,False,
720575940612376805,flow,efferent,2540,400,0.25,0.02,0.01,0.09173228346456692,0.7188976377952756,0.05,0.009448818897637795,0.09921259842519685,0.03031496062992126,0.0003937007874015748,True,True,False,False,True,False,
720575940612376805,flow,efferent,2540,400,0.25,0.02,0.05,0.09173228346456692,0.7188976377952756,0.05,0.009448818897637795,0.09921259842519685,0.03031496062992126,0.0003937007874015748,False,True,False,False,False,False,
720575940612376805,flow,efferent,2540,400,0.25,0.02,0.1,0.09173228346456692,0.7188976377952756,0.05,0.009448818897637795,0.09921259842519685,0.03031496062992126,0.0003937007874015748,False,False,False,False,False,False,
720575940612376805,flow,efferent,2540,400,0.25,0.01,0.01,0.09173228346456692,0.7188976377952756,0.05,0.009448818897637795,0.09921259842519685,0.03031496062992126,0.0003937007874015748,True,True,False,False,False,False,
720575940612376805,flow,efferent,2540,400,0.25,0.01,0.05,0.09173228346456692,0.7188976377952756,0.05,0.009448818897637795,0.09921259842519685,0.03031496062992126,0.0003937007874015748,False,False,False,False,False,False,
720575940612376805,flow,efferent,2540,400,0.25,0.01,0.1,0.09173228346456692,0.7188976377952756,0.05,0.009448818897637795,0.09921259842519685,0.03031496062992126,0.0003937007874015748,False,False,False,False,False,False,
720575940630808827,flow,efferent,5206,400,0.25,0.14285714285714285,0.01,0.07452938916634652,0.44237418363426817,0.005762581636573185,0.12773722627737227,0.19035728006146754,0.15885516711486747,0.000384172109104879,True,True,False,True,True,True,False
720575940630808827,flow,efferent,5206,400,0.25,0.14285714285714285,0.05,0.07452938916634652,0.44237418363426817,0.005762581636573185,0.12773722627737227,0.19035728006146754,0.15885516711486747,0.000384172109104879,True,True,False,True,True,True,False
720575940630808827,flow,efferent,5206,400,0.25,0.14285714285714285,0.1,0.07452938916634652,0.44237418363426817,0.005762581636573185,0.12773722627737227,0.19035728006146754,0.15885516711486747,0.000384172109104879,False,True,False,True,True,True,False
720575940630808827,flow,efferent,5206,400,0.25,0.04,0.01,0.07452938916634652,0.44237418363426817,0.005762581636573185,0.12773722627737227,0.19035728006146754,0.15885516711486747,0.000384172109104879,True,True,False,True,True,True,False
720575940630808827,flow,efferent,5206,400,0.25,0.04,0.05,0.07452938916634652,0.44237418363426817,0.005762581636573185,0.12773722627737227,0.19035728006146754,0.15885516711486747,0.000384172109104879,True,True,False,False,False,False,False
720575940630808827,flow,efferent,5206,400,0.25,0.04,0.1,0.07452938916634652,0.44237418363426817,0.005762581636573185,0.12773722627737227,0.19035728006146754,0.15885516711486747,0.000384172109104879,False,False,False,False,False,False,False
720575940630808827,flow,efferent,5206,400,0.25,0.02,0.01,0.07452938916634652,0.44237418363426817,0.005762581636573185,0.12773722627737227,0.19035728006146754,0.15885516711486747,0.000384172109104879,True,True,False,True,True,True,False
720575940630808827,flow,efferent,5206,400,0.25,0.02,0.05,0.07452938916634652,0.44237418363426817,0.005762581636573185,0.12773722627737227,0.19035728006146754,0.15885516711486747,0.000384172109104879,True,False,False,False,False,False,False
720575940630808827,flow,efferent,5206,400,0.25,0.02,0.1,0.07452938916634652,0.44237418363426817,0.005762581636573185,0.12773722627737227,0.19035728006146754,0.15885516711486747,0.000384172109104879,False,False,False,False,False,False,False
720575940630808827,flow,efferent,5206,400,0.25,0.01,0.01,0.07452938916634652,0.44237418363426817,0.005762581636573185,0.12773722627737227,0.19035728006146754,0.15885516711486747,0.000384172109104879,True,True,False,True,True,False,False
720575940630808827,flow,efferent,5206,400,0.25,0.01,0.05,0.07452938916634652,0.44237418363426817,0.005762581636573185,0.12773722627737227,0.19035728006146754,0.15885516711486747,0.000384172109104879,True,False,False,False,False,False,False
720575940630808827,flow,efferent,5206,400,0.25,0.01,0.1,0.07452938916634652,0.44237418363426817,0.005762581636573185,0.12773722627737227,0.19035728006146754,0.15885516711486747,0.000384172109104879,False,False,False,False,False,False,False
720575940627285267,flow,efferent,3176,400,0.25,0.14285714285714285,0.01,0.00850125944584383,0.792191435768262,0.09540302267002519,0.006297229219143577,0.042821158690176324,0.05447103274559194,0.00031486146095717883,False,True,True,False,True,True,
720575940627285267,flow,efferent,3176,400,0.25,0.14285714285714285,0.05,0.00850125944584383,0.792191435768262,0.09540302267002519,0.006297229219143577,0.042821158690176324,0.05447103274559194,0.00031486146095717883,False,True,True,False,False,False,
720575940627285267,flow,efferent,3176,400,0.25,0.14285714285714285,0.1,0.00850125944584383,0.792191435768262,0.09540302267002519,0.006297229219143577,0.042821158690176324,0.05447103274559194,0.00031486146095717883,False,True,False,False,False,False,
720575940627285267,flow,efferent,3176,400,0.25,0.04,0.01,0.00850125944584383,0.792191435768262,0.09540302267002519,0.006297229219143577,0.042821158690176324,0.05447103274559194,0.00031486146095717883,False,True,True,False,True,False,
720575940627285267,flow,efferent,3176,400,0.25,0.04,0.05,0.00850125944584383,0.792191435768262,0.09540302267002519,0.006297229219143577,0.042821158690176324,0.05447103274559194,0.00031486146095717883,False,True,False,False,False,False,
720575940627285267,flow,efferent,3176,400,0.25,0.04,0.1,0.00850125944584383,0.792191435768262,0.09540302267002519,0.006297229219143577,0.042821158690176324,0.05447103274559194,0.00031486146095717883,False,True,False,False,False,False,
720575940627285267,flow,efferent,3176,400,0.25,0.02,0.01,0.00850125944584383,0.792191435768262,0.09540302267002519,0.006297229219143577,0.042821158690176324,0.05447103274559194,0.00031486146095717883,False,True,True,False,False,False,
720575940627285267,flow,efferent,3176,400,0.25,0.02,0.05,0.00850125944584383,0.792191435768262,0.09540302267002519,0.006297229219143577,0.042821158690176324,0.05447103274559194,0.00031486146095717883,False,True,False,False,False,False,
720575940627285267,flow,efferent,3176,400,0.25,0.02,0.1,0.00850125944584383,0.792191435768262,0.09540302267002519,0.006297229219143577,0.042821158690176324,0.05447103274559194,0.00031486146095717883,False,False,False,False,False,False,
720575940627285267,flow,efferent,3176,400,0.25,0.01,0.01,0.00850125944584383,0.792191435768262,0.09540302267002519,0.006297229219143577,0.042821158690176324,0.05447103274559194,0.00031486146095717883,False,True,True,False,False,False,
720575940627285267,flow,efferent,3176,400,0.25,0.01,0.05,0.00850125944584383,0.792191435768262,0.09540302267002519,0.006297229219143577,0.042821158690176324,0.05447103274559194,0.00031486146095717883,False,False,False,False,False,False,
720575940627285267,flow,efferent,3176,400,0.25,0.01,0.1,0.00850125944584383,0.792191435768262,0.09540302267002519,0.006297229219143577,0.042821158690176324,0.05447103274559194,0.00031486146095717883,False,False,False,False,False,False,
720575940624319124,flow,efferent,3904,400,0.25,0.14285714285714285,0.01,0.022797131147540985,0.609375,0.140625,0.006147540983606557,0.07172131147540983,0.14882172131147542,0.0005122950819672131,False,True,True,False,True,True,False
720575940624319124,flow,efferent,3904,400,0.25,0.14285714285714285,0.05,0.022797131147540985,0.609375,0.140625,0.006147540983606557,0.07172131147540983,0.14882172131147542,0.0005122950819672131,False,True,True,False,False,True,False
720575940624319124,flow,efferent,3904,400,0.25,0.14285714285714285,0.1,0.022797131147540985,0.609375,0.140625,0.006147540983606557,0.07172131147540983,0.14882172131147542,0.0005122950819672131,False,True,False,False,False,False,False
720575940624319124,flow,efferent,3904,400,0.25,0.04,0.01,0.022797131147540985,0.609375,0.140625,0.006147540983606557,0.07172131147540983,0.14882172131147542,0.0005122950819672131,False,True,True,False,True,True,False
720575940624319124,flow,efferent,3904,400,0.25,0.04,0.05,0.022797131147540985,0.609375,0.140625,0.006147540983606557,0.07172131147540983,0.14882172131147542,0.0005122950819672131,False,True,False,False,False,False,False
720575940624319124,flow,efferent,3904,400,0.25,0.04,0.1,0.022797131147540985,0.609375,0.140625,0.006147540983606557,0.07172131147540983,0.14882172131147542,0.0005122950819672131,False,False,False,False,False,False,False
720575940624319124,flow,efferent,3904,400,0.25,0.02,0.01,0.022797131147540985,0.609375,0.140625,0.006147540983606557,0.07172131147540983,0.14882172131147542,0.0005122950819672131,False,True,True,False,False,True,False
720575940624319124,flow,efferent,3904,400,0.25,0.02,0.05,0.022797131147540985,0.609375,0.140625,0.006147540983606557,0.07172131147540983,0.14882172131147542,0.0005122950819672131,False,False,False,False,False,False,False
720575940624319124,flow,efferent,3904,400,0.25,0.02,0.1,0.022797131147540985,0.609375,0.140625,0.006147540983606557,0.07172131147540983,0.14882172131147542,0.0005122950819672131,False,False,False,False,False,False,False
720575940624319124,flow,efferent,3904,400,0.25,0.01,0.01,0.022797131147540985,0.609375,0.140625,0.006147540983606557,0.07172131147540983,0.14882172131147542,0.0005122950819672131,False,True,False,False,False,True,False
720575940624319124,flow,efferent,3904,400,0.25,0.01,0.05,0.022797131147540985,0.609375,0.140625,0.006147540983606557,0.07172131147540983,0.14882172131147542,0.0005122950819672131,False,False,False,False,False,False,False
720575940624319124,flow,efferent,3904,400,0.25,0.01,0.1,0.022797131147540985,0.609375,0.140625,0.006147540983606557,0.07172131147540983,0.14882172131147542,0.0005122950819672131,False,False,False,False,False,False,False
720575940647029044,flow,efferent,2950,400,0.25,0.14285714285714285,0.01,0.15457627118644068,0.28271186440677964,0.17559322033898306,0.11864406779661017,0.21661016949152542,0.04949152542372881,0.0023728813559322033,True,True,True,True,True,True,False
720575940647029044,flow,efferent,2950,400,0.25,0.14285714285714285,0.05,0.15457627118644068,0.28271186440677964,0.17559322033898306,0.11864406779661017,0.21661016949152542,0.04949152542372881,0.0023728813559322033,True,True,True,True,True,False,False
720575940647029044,flow,efferent,2950,400,0.25,0.14285714285714285,0.1,0.15457627118644068,0.28271186440677964,0.17559322033898306,0.11864406779661017,0.21661016949152542,0.04949152542372881,0.0023728813559322033,False,True,False,False,False,False,False
720575940647029044,flow,efferent,2950,400,0.25,0.04,0.01,0.15457627118644068,0.28271186440677964,0.17559322033898306,0.11864406779661017,0.21661016949152542,0.04949152542372881,0.0023728813559322033,True,True,True,True,True,True,False
720575940647029044,flow,efferent,2950,400,0.25,0.04,0.05,0.15457627118644068,0.28271186440677964,0.17559322033898306,0.11864406779661017,0.21661016949152542,0.04949152542372881,0.0023728813559322033,True,False,False,True,False,False,False
720575940647029044,flow,efferent,2950,400,0.25,0.04,0.1,0.15457627118644068,0.28271186440677964,0.17559322033898306,0.11864406779661017,0.21661016949152542,0.04949152542372881,0.0023728813559322033,False,False,False,False,False,False,False
720575940647029044,flow,efferent,2950,400,0.25,0.02,0.01,0.15457627118644068,0.28271186440677964,0.17559322033898306,0.11864406779661017,0.21661016949152542,0.04949152542372881,0.0023728813559322033,True,True,True,True,True,True,False
720575940647029044,flow,efferent,2950,400,0.25,0.02,0.05,0.15457627118644068,0.28271186440677964,0.17559322033898306,0.11864406779661017,0.21661016949152542,0.04949152542372881,0.0023728813559322033,True,False,False,False,False,False,False
720575940647029044,flow,efferent,2950,400,0.25,0.02,0.1,0.15457627118644068,0.28271186440677964,0.17559322033898306,0.11864406779661017,0.21661016949152542,0.04949152542372881,0.0023728813559322033,False,False,False,False,False,False,False
720575940647029044,flow,efferent,2950,400,0.25,0.01,0.01,0.15457627118644068,0.28271186440677964,0.17559322033898306,0.11864406779661017,0.21661016949152542,0.04949152542372881,0.0023728813559322033,True,True,True,True,True,True,False
720575940647029044,flow,efferent,2950,400,0.25,0.01,0.05,0.15457627118644068,0.28271186440677964,0.17559322033898306,0.11864406779661017,0.21661016949152542,0.04949152542372881,0.0023728813559322033,True,False,False,False,False,False,False
720575940647029044,flow,efferent,2950,400,0.25,0.01,0.1,0.15457627118644068,0.28271186440677964,0.17559322033898306,0.11864406779661017,0.21661016949152542,0.04949152542372881,0.0023728813559322033,False,False,False,False,False,False,False
720575940626527055,flow,efferent,601,400,0.25,0.14285714285714285,0.01,0.1447587354409318,0.6189683860232945,0.051580698835274545,0.0033277870216306157,0.08818635607321132,0.09317803660565724,0.0,True,True,True,False,True,True,
720575940626527055,flow,efferent,601,400,0.25,0.14285714285714285,0.05,0.1447587354409318,0.6189683860232945,0.051580698835274545,0.0033277870216306157,0.08818635607321132,0.09317803660565724,0.0,True,True,False,False,False,False,
720575940626527055,flow,efferent,601,400,0.25,0.14285714285714285,0.1,0.1447587354409318,0.6189683860232945,0.051580698835274545,0.0033277870216306157,0.08818635607321132,0.09317803660565724,0.0,True,True,False,False,False,False,
720575940626527055,flow,efferent,601,400,0.25,0.04,0.01,0.1447587354409318,0.6189683860232945,0.051580698835274545,0.0033277870216306157,0.08818635607321132,0.09317803660565724,0.0,True,True,True,False,True,True,
720575940626527055,flow,efferent,601,400,0.25,0.04,0.05,0.1447587354409318,0.6189683860232945,0.051580698835274545,0.0033277870216306157,0.08818635607321132,0.09317803660565724,0.0,True,True,False,False,False,False,
720575940626527055,flow,efferent,601,400,0.25,0.04,0.1,0.1447587354409318,0.6189683860232945,0.051580698835274545,0.0033277870216306157,0.08818635607321132,0.09317803660565724,0.0,True,True,False,False,False,False,
720575940626527055,flow,efferent,601,400,0.25,0.02,0.01,0.1447587354409318,0.6189683860232945,0.051580698835274545,0.0033277870216306157,0.08818635607321132,0.09317803660565724,0.0,True,True,True,False,True,True,
720575940626527055,flow,efferent,601,400,0.25,0.02,0.05,0.1447587354409318,0.6189683860232945,0.051580698835274545,0.0033277870216306157,0.08818635607321132,0.09317803660565724,0.0,True,True,False,False,False,False,
720575940626527055,flow,efferent,601,400,0.25,0.02,0.1,0.1447587354409318,0.6189683860232945,0.051580698835274545,0.0033277870216306157,0.08818635607321132,0.09317803660565724,0.0,True,True,False,False,False,False,
720575940626527055,flow,efferent,601,400,0.25,0.01,0.01,0.1447587354409318,0.6189683860232945,0.051580698835274545,0.0033277870216306157,0.08818635607321132,0.09317803660565724,0.0,True,True,True,False,True,True,
720575940626527055,flow,efferent,601,400,0.25,0.01,0.05,0.1447587354409318,0.6189683860232945,0.051580698835274545,0.0033277870216306157,0.08818635607321132,0.09317803660565724,0.0,False,True,False,False,False,False,
720575940626527055,flow,efferent,601,400,0.25,0.01,0.1,0.1447587354409318,0.6189683860232945,0.051580698835274545,0.0033277870216306157,0.08818635607321132,0.09317803660565724,0.0,False,False,False,False,False,False,
720575940627234069,flow,efferent,4023,400,0.25,0.14285714285714285,0.01,0.051702709420830224,0.06636838180462341,0.8222719363658961,0.0037285607755406414,0.03678846631866766,0.018642803877703208,0.0004971414367387521,True,True,True,False,False,False,False
720575940627234069,flow,efferent,4023,400,0.25,0.14285714285714285,0.05,0.051702709420830224,0.06636838180462341,0.8222719363658961,0.0037285607755406414,0.03678846631866766,0.018642803877703208,0.0004971414367387521,False,False,True,False,False,False,False
720575940627234069,flow,efferent,4023,400,0.25,0.14285714285714285,0.1,0.051702709420830224,0.06636838180462341,0.8222719363658961,0.0037285607755406414,0.03678846631866766,0.018642803877703208,0.0004971414367387521,False,False,True,False,False,False,False
720575940627234069,flow,efferent,4023,400,0.25,0.04,0.01,0.051702709420830224,0.06636838180462341,0.8222719363658961,0.0037285607755406414,0.03678846631866766,0.018642803877703208,0.0004971414367387521,True,False,True,False,False,False,False
720575940627234069,flow,efferent,4023,400,0.25,0.04,0.05,0.051702709420830224,0.06636838180462341,0.8222719363658961,0.0037285607755406414,0.03678846631866766,0.018642803877703208,0.0004971414367387521,False,False,True,False,False,False,False
720575940627234069,flow,efferent,4023,400,0.25,0.04,0.1,0.051702709420830224,0.06636838180462341,0.8222719363658961,0.0037285607755406414,0.03678846631866766,0.018642803877703208,0.0004971414367387521,False,False,True,False,False,False,False
720575940627234069,flow,efferent,4023,400,0.25,0.02,0.01,0.051702709420830224,0.06636838180462341,0.8222719363658961,0.0037285607755406414,0.03678846631866766,0.018642803877703208,0.0004971414367387521,False,False,True,False,False,False,False
720575940627234069,flow,efferent,4023,400,0.25,0.02,0.05,0.051702709420830224,0.06636838180462341,0.8222719363658961,0.0037285607755406414,0.03678846631866766,0.018642803877703208,0.0004971414367387521,False,False,True,False,False,False,False
720575940627234069,flow,efferent,4023,400,0.25,0.02,0.1,0.051702709420830224,0.06636838180462341,0.8222719363658961,0.0037285607755406414,0.03678846631866766,0.018642803877703208,0.0004971414367387521,False,False,True,False,False,False,False
720575940627234069,flow,efferent,4023,400,0.25,0.01,0.01,0.051702709420830224,0.06636838180462341,0.8222719363658961,0.0037285607755406414,0.03678846631866766,0.018642803877703208,0.0004971414367387521,False,False,True,False,False,False,False
720575940627234069,flow,efferent,4023,400,0.25,0.01,0.05,0.051702709420830224,0.06636838180462341,0.8222719363658961,0.0037285607755406414,0.03678846631866766,0.018642803877703208,0.0004971414367387521,False,False,True,False,False,False,False
720575940627234069,flow,efferent,4023,400,0.25,0.01,0.1,0.051702709420830224,0.06636838180462341,0.8222719363658961,0.0037285607755406414,0.03678846631866766,0.018642803877703208,0.0004971414367387521,False,False,False,False,False,False,False
720575940612206810,flow,efferent,2219,400,0.25,0.14285714285714285,0.01,0.13789995493465526,0.1302388463271744,0.6237043713384407,0.030193780982424517,0.049121225777377195,0.027039206849932402,0.0018026137899954935,True,True,True,False,False,True,False
720575940612206810,flow,efferent,2219,400,0.25,0.14285714285714285,0.05,0.13789995493465526,0.1302388463271744,0.6237043713384407,0.030193780982424517,0.049121225777377195,0.027039206849932402,0.0018026137899954935,True,False,True,False,False,False,False
720575940612206810,flow,efferent,2219,400,0.25,0.14285714285714285,0.1,0.13789995493465526,0.1302388463271744,0.6237043713384407,0.030193780982424517,0.049121225777377195,0.027039206849932402,0.0018026137899954935,True,False,True,False,False,False,False
720575940612206810,flow,efferent,2219,400,0.25,0.04,0.01,0.13789995493465526,0.1302388463271744,0.6237043713384407,0.030193780982424517,0.049121225777377195,0.027039206849932402,0.0018026137899954935,True,True,True,False,False,False,False
720575940612206810,flow,efferent,2219,400,0.25,0.04,0.05,0.13789995493465526,0.1302388463271744,0.6237043713384407,0.030193780982424517,0.049121225777377195,0.027039206849932402,0.0018026137899954935,False,False,True,False,False,False,False
720575940612206810,flow,efferent,2219,400,0.25,0.04,0.1,0.13789995493465526,0.1302388463271744,0.6237043713384407,0.030193780982424517,0.049121225777377195,0.027039206849932402,0.0018026137899954935,False,False,True,False,False,False,False
720575940612206810,flow,efferent,2219,400,0.25,0.02,0.01,0.13789995493465526,0.1302388463271744,0.6237043713384407,0.030193780982424517,0.049121225777377195,0.027039206849932402,0.0018026137899954935,True,True,True,False,False,False,False
720575940612206810,flow,efferent,2219,400,0.25,0.02,0.05,0.13789995493465526,0.1302388463271744,0.6237043713384407,0.030193780982424517,0.049121225777377195,0.027039206849932402,0.0018026137899954935,False,False,True,False,False,False,False
720575940612206810,flow,efferent,2219,400,0.25,0.02,0.1,0.13789995493465526,0.1302388463271744,0.6237043713384407,0.030193780982424517,0.049121225777377195,0.027039206849932402,0.0018026137899954935,False,False,False,False,False,False,False
720575940612206810,flow,efferent,2219,400,0.25,0.01,0.01,0.13789995493465526,0.1302388463271744,0.6237043713384407,0.030193780982424517,0.049121225777377195,0.027039206849932402,0.0018026137899954935,True,False,True,False,False,False,False
720575940612206810,flow,efferent,2219,400,0.25,0.01,0.05,0.13789995493465526,0.1302388463271744,0.6237043713384407,0.030193780982424517,0.049121225777377195,0.027039206849932402,0.0018026137899954935,False,False,True,False,False,False,False
720575940612206810,flow,efferent,2219,400,0.25,0.01,0.1,0.13789995493465526,0.1302388463271744,0.6237043713384407,0.030193780982424517,0.049121225777377195,0.027039206849932402,0.0018026137899954935,False,False,False,False,False,False,False
720575940612629210,flow,efferent,837,400,0.25,0.14285714285714285,0.01,0.17562724014336917,0.2007168458781362,0.09438470728793309,0.2724014336917563,0.2162485065710872,0.04062126642771804,0.0,True,True,True,True,True,True,
720575940612629210,flow,efferent,837,400,0.25,0.14285714285714285,0.05,0.17562724014336917,0.2007168458781362,0.09438470728793309,0.2724014336917563,0.2162485065710872,0.04062126642771804,0.0,True,True,True,True,True,False,
720575940612629210,flow,efferent,837,400,0.25,0.14285714285714285,0.1,0.17562724014336917,0.2007168458781362,0.09438470728793309,0.2724014336917563,0.2162485065710872,0.04062126642771804,0.0,True,False,False,True,False,False,
720575940612629210,flow,efferent,837,400,0.25,0.04,0.01,0.17562724014336917,0.2007168458781362,0.09438470728793309,0.2724014336917563,0.2162485065710872,0.04062126642771804,0.0,True,True,True,True,True,False,
720575940612629210,flow,efferent,837,400,0.25,0.04,0.05,0.17562724014336917,0.2007168458781362,0.09438470728793309,0.2724014336917563,0.2162485065710872,0.04062126642771804,0.0,True,False,False,True,False,False,
720575940612629210,flow,efferent,837,400,0.25,0.04,0.1,0.17562724014336917,0.2007168458781362,0.09438470728793309,0.2724014336917563,0.2162485065710872,0.04062126642771804,0.0,True,False,False,False,False,False,
720575940612629210,flow,efferent,837,400,0.25,0.02,0.01,0.17562724014336917,0.2007168458781362,0.09438470728793309,0.2724014336917563,0.2162485065710872,0.04062126642771804,0.0,True,True,True,True,True,False,
720575940612629210,flow,efferent,837,400,0.25,0.02,0.05,0.17562724014336917,0.2007168458781362,0.09438470728793309,0.2724014336917563,0.2162485065710872,0.04062126642771804,0.0,True,False,False,True,False,False,
720575940612629210,flow,efferent,837,400,0.25,0.02,0.1,0.17562724014336917,0.2007168458781362,0.09438470728793309,0.2724014336917563,0.2162485065710872,0.04062126642771804,0.0,True,False,False,False,False,False,
720575940612629210,flow,efferent,837,400,0.25,0.01,0.01,0.17562724014336917,0.2007168458781362,0.09438470728793309,0.2724014336917563,0.2162485065710872,0.04062126642771804,0.0,True,True,True,True,True,False,
720575940612629210,flow,efferent,837,400,0.25,0.01,0.05,0.17562724014336917,0.2007168458781362,0.09438470728793309,0.2724014336917563,0.2162485065710872,0.04062126642771804,0.0,True,False,False,False,False,False,
720575940612629210,flow,efferent,837,400,0.25,0.01,0.1,0.17562724014336917,0.2007168458781362,0.09438470728793309,0.2724014336917563,0.2162485065710872,0.04062126642771804,0.0,False,False,False,False,False,False,
720575940623781611,flow,efferent,3576,400,0.25,0.14285714285714285,0.01,0.049217002237136466,0.7105704697986577,0.07466442953020135,0.006991051454138702,0.09815436241610738,0.059843400447427295,0.0005592841163310962,True,True,True,False,True,True,False
720575940623781611,flow,efferent,3576,400,0.25,0.14285714285714285,0.05,0.049217002237136466,0.7105704697986577,0.07466442953020135,0.006991051454138702,0.09815436241610738,0.059843400447427295,0.0005592841163310962,False,True,False,False,True,False,False
720575940623781611,flow,efferent,3576,400,0.25,0.14285714285714285,0.1,0.049217002237136466,0.7105704697986577,0.07466442953020135,0.006991051454138702,0.09815436241610738,0.059843400447427295,0.0005592841163310962,False,True,False,False,False,False,False
720575940623781611,flow,efferent,3576,400,0.25,0.04,0.01,0.049217002237136466,0.7105704697986577,0.07466442953020135,0.006991051454138702,0.09815436241610738,0.059843400447427295,0.0005592841163310962,True,True,True,False,True,False,False
720575940623781611,flow,efferent,3576,400,0.25,0.04,0.05,0.049217002237136466,0.7105704697986577,0.07466442953020135,0.006991051454138702,0.09815436241610738,0.059843400447427295,0.0005592841163310962,False,True,False,False,False,False,False
720575940623781611,flow,efferent,3576,400,0.25,0.04,0.1,0.049217002237136466,0.7105704697986577,0.07466442953020135,0.006991051454138702,0.09815436241610738,0.059843400447427295,0.0005592841163310962,False,True,False,False,False,False,False
720575940623781611,flow,efferent,3576,400,0.25,0.02,0.01,0.049217002237136466,0.7105704697986577,0.07466442953020135,0.006991051454138702,0.09815436241610738,0.059843400447427295,0.0005592841163310962,True,True,True,False,True,False,False
720575940623781611,flow,efferent,3576,400,0.25,0.02,0.05,0.049217002237136466,0.7105704697986577,0.07466442953020135,0.006991051454138702,0.09815436241610738,0.059843400447427295,0.0005592841163310962,False,True,False,False,False,False,False
720575940623781611,flow,efferent,3576,400,0.25,0.02,0.1,0.049217002237136466,0.7105704697986577,0.07466442953020135,0.006991051454138702,0.09815436241610738,0.059843400447427295,0.0005592841163310962,False,False,False,False,False,False,False
720575940623781611,flow,efferent,3576,400,0.25,0.01,0.01,0.049217002237136466,0.7105704697986577,0.07466442953020135,0.006991051454138702,0.09815436241610738,0.059843400447427295,0.0005592841163310962,True,True,True,False,False,False,False
720575940623781611,flow,efferent,3576,400,0.25,0.01,0.05,0.049217002237136466,0.7105704697986577,0.07466442953020135,0.006991051454138702,0.09815436241610738,0.059843400447427295,0.0005592841163310962,False,False,False,False,False,False,False
720575940623781611,flow,efferent,3576,400,0.25,0.01,0.1,0.049217002237136466,0.7105704697986577,0.07466442953020135,0.006991051454138702,0.09815436241610738,0.059843400447427295,0.0005592841163310962,False,False,False,False,False,False,False
720575940621767306,flow,efferent,491,400,0.25,0.14285714285714285,0.01,0.40325865580448067,0.23217922606924643,0.1364562118126273,0.004073319755600814,0.17718940936863545,0.04073319755600815,0.006109979633401222,True,True,True,False,True,True,False
720575940621767306,flow,efferent,491,400,0.25,0.14285714285714285,0.05,0.40325865580448067,0.23217922606924643,0.1364562118126273,0.004073319755600814,0.17718940936863545,0.04073319755600815,0.006109979633401222,True,True,True,False,True,False,False
720575940621767306,flow,efferent,491,400,0.25,0.14285714285714285,0.1,0.40325865580448067,0.23217922606924643,0.1364562118126273,0.004073319755600814,0.17718940936863545,0.04073319755600815,0.006109979633401222,True,False,False,False,False,False,False
720575940621767306,flow,efferent,491,400,0.25,0.04,0.01,0.40325865580448067,0.23217922606924643,0.1364562118126273,0.004073319755600814,0.17718940936863545,0.04073319755600815,0.006109979633401222,True,True,True,False,True,True,False
720575940621767306,flow,efferent,491,400,0.25,0.04,0.05,0.40325865580448067,0.23217922606924643,0.1364562118126273,0.004073319755600814,0.17718940936863545,0.04073319755600815,0.006109979633401222,True,False,False,False,False,False,False
720575940621767306,flow,efferent,491,400,0.25,0.04,0.1,0.40325865580448067,0.23217922606924643,0.1364562118126273,0.004073319755600814,0.17718940936863545,0.04073319755600815,0.006109979633401222,True,False,False,False,False,False,False
720575940621767306,flow,efferent,491,400,0.25,0.02,0.01,0.40325865580448067,0.23217922606924643,0.1364562118126273,0.004073319755600814,0.17718940936863545,0.04073319755600815,0.006109979633401222,True,True,True,False,True,True,False
720575940621767306,flow,efferent,491,400,0.25,0.02,0.05,0.40325865580448067,0.23217922606924643,0.1364562118126273,0.004073319755600814,0.17718940936863545,0.04073319755600815,0.006109979633401222,True,False,False,False,False,False,False
720575940621767306,flow,efferent,491,400,0.25,0.02,0.1,0.40325865580448067,0.23217922606924643,0.1364562118126273,0.004073319755600814,0.17718940936863545,0.04073319755600815,0.006109979633401222,True,False,False,False,False,False,False
720575940621767306,flow,efferent,491,400,0.25,0.01,0.01,0.40325865580448067,0.23217922606924643,0.1364562118126273,0.004073319755600814,0.17718940936863545,0.04073319755600815,0.006109979633401222,True,True,True,False,True,True,False
720575940621767306,flow,efferent,491,400,0.25,0.01,0.05,0.40325865580448067,0.23217922606924643,0.1364562118126273,0.004073319755600814,0.17718940936863545,0.04073319755600815,0.006109979633401222,True,False,False,False,False,False,False
720575940621767306,flow,efferent,491,400,0.25,0.01,0.1,0.40325865580448067,0.23217922606924643,0.1364562118126273,0.004073319755600814,0.17718940936863545,0.04073319755600815,0.006109979633401222,True,False,False,False,False,False,False
720575940606112940,flow,efferent,1415,400,0.25,0.14285714285714285,0.01,0.15901060070671377,0.3957597173144876,0.0939929328621908,0.059363957597173146,0.18657243816254418,0.10035335689045936,0.0049469964664310955,True,True,True,True,True,True,False
720575940606112940,flow,efferent,1415,400,0.25,0.14285714285714285,0.05,0.15901060070671377,0.3957597173144876,0.0939929328621908,0.059363957597173146,0.18657243816254418,0.10035335689045936,0.0049469964664310955,True,True,True,False,True,True,False
720575940606112940,flow,efferent,1415,400,0.25,0.14285714285714285,0.1,0.15901060070671377,0.3957597173144876,0.0939929328621908,0.059363957597173146,0.18657243816254418,0.10035335689045936,0.0049469964664310955,False,True,False,False,True,False,False
720575940606112940,flow,efferent,1415,400,0.25,0.04,0.01,0.15901060070671377,0.3957597173144876,0.0939929328621908,0.059363957597173146,0.18657243816254418,0.10035335689045936,0.0049469964664310955,True,True,True,True,True,True,False
720575940606112940,flow,efferent,1415,400,0.25,0.04,0.05,0.15901060070671377,0.3957597173144876,0.0939929328621908,0.059363957597173146,0.18657243816254418,0.10035335689045936,0.0049469964664310955,True,True,False,False,False,False,False
720575940606112940,flow,efferent,1415,400,0.25,0.04,0.1,0.15901060070671377,0.3957597173144876,0.0939929328621908,0.059363957597173146,0.18657243816254418,0.10035335689045936,0.0049469964664310955,False,False,False,False,False,False,False
720575940606112940,flow,efferent,1415,400,0.25,0.02,0.01,0.15901060070671377,0.3957597173144876,0.0939929328621908,0.059363957597173146,0.18657243816254418,0.10035335689045936,0.0049469964664310955,True,True,False,True,True,True,False
720575940606112940,flow,efferent,1415,400,0.25,0.02,0.05,0.15901060070671377,0.3957597173144876,0.0939929328621908,0.059363957597173146,0.18657243816254418,0.10035335689045936,0.0049469964664310955,True,True,False,False,False,False,False
720575940606112940,flow,efferent,1415,400,0.25,0.02,0.1,0.15901060070671377,0.3957597173144876,0.0939929328621908,0.059363957597173146,0.18657243816254418,0.10035335689045936,0.0049469964664310955,False,False,False,False,False,False,False
720575940606112940,flow,efferent,1415,400,0.25,0.01,0.01,0.15901060070671377,0.3957597173144876,0.0939929328621908,0.059363957597173146,0.18657243816254418,0.10035335689045936,0.0049469964664310955,True,True,False,True,True,False,False
720575940606112940,flow,efferent,1415,400,0.25,0.01,0.05,0.15901060070671377,0.3957597173144876,0.0939929328621908,0.059363957597173146,0.18657243816254418,0.10035335689045936,0.0049469964664310955,True,False,False,False,False,False,False
720575940606112940,flow,efferent,1415,400,0.25,0.01,0.1,0.15901060070671377,0.3957597173144876,0.0939929328621908,0.059363957597173146,0.18657243816254418,0.10035335689045936,0.0049469964664310955,False,False,False,False,False,False,False
720575940631518582,flow,efferent,711,400,0.25,0.14285714285714285,0.01,0.06329113924050633,0.45288326300984527,0.12658227848101267,0.008438818565400843,0.1308016877637131,0.21518987341772153,0.0028129395218002813,True,True,True,False,True,True,False
720575940631518582,flow,efferent,711,400,0.25,0.14285714285714285,0.05,0.06329113924050633,0.45288326300984527,0.12658227848101267,0.008438818565400843,0.1308016877637131,0.21518987341772153,0.0028129395218002813,True,True,True,False,True,True,False
720575940631518582,flow,efferent,711,400,0.25,0.14285714285714285,0.1,0.06329113924050633,0.45288326300984527,0.12658227848101267,0.008438818565400843,0.1308016877637131,0.21518987341772153,0.0028129395218002813,False,True,False,False,False,True,False
720575940631518582,flow,efferent,711,400,0.25,0.04,0.01,0.06329113924050633,0.45288326300984527,0.12658227848101267,0.008438818565400843,0.1308016877637131,0.21518987341772153,0.0028129395218002813,True,True,True,False,True,True,False
720575940631518582,flow,efferent,711,400,0.25,0.04,0.05,0.06329113924050633,0.45288326300984527,0.12658227848101267,0.008438818565400843,0.1308016877637131,0.21518987341772153,0.0028129395218002813,False,True,False,False,False,True,False
720575940631518582,flow,efferent,711,400,0.25,0.04,0.1,0.06329113924050633,0.45288326300984527,0.12658227848101267,0.008438818565400843,0.1308016877637131,0.21518987341772153,0.0028129395218002813,False,False,False,False,False,False,False
720575940631518582,flow,efferent,711,400,0.25,0.02,0.01,0.06329113924050633,0.45288326300984527,0.12658227848101267,0.008438818565400843,0.1308016877637131,0.21518987341772153,0.0028129395218002813,True,True,True,False,True,True,False
720575940631518582,flow,efferent,711,400,0.25,0.02,0.05,0.06329113924050633,0.45288326300984527,0.12658227848101267,0.008438818565400843,0.1308016877637131,0.21518987341772153,0.0028129395218002813,False,True,False,False,False,False,False
720575940631518582,flow,efferent,711,400,0.25,0.02,0.1,0.06329113924050633,0.45288326300984527,0.12658227848101267,0.008438818565400843,0.1308016877637131,0.21518987341772153,0.0028129395218002813,False,False,False,False,False,False,False
720575940631518582,flow,efferent,711,400,0.25,0.01,0.01,0.06329113924050633,0.45288326300984527,0.12658227848101267,0.008438818565400843,0.1308016877637131,0.21518987341772153,0.0028129395218002813,True,True,True,False,True,True,False
720575940631518582,flow,efferent,711,400,0.25,0.01,0.05,0.06329113924050633,0.45288326300984527,0.12658227848101267,0.008438818565400843,0.1308016877637131,0.21518987341772153,0.0028129395218002813,False,False,False,False,False,False,False
720575940631518582,flow,efferent,711,400,0.25,0.01,0.1,0.06329113924050633,0.45288326300984527,0.12658227848101267,0.008438818565400843,0.1308016877637131,0.21518987341772153,0.0028129395218002813,False,False,False,False,False,False,False
720575940630244060,flow,efferent,2863,400,0.25,0.14285714285714285,0.01,0.03318197694725812,0.4421935033181977,0.027942717429269997,0.039119804400977995,0.40901152637093957,0.048201187565490744,0.00034928396786587494,True,True,True,True,True,True,
720575940630244060,flow,efferent,2863,400,0.25,0.14285714285714285,0.05,0.03318197694725812,0.4421935033181977,0.027942717429269997,0.039119804400977995,0.40901152637093957,0.048201187565490744,0.00034928396786587494,False,True,False,False,True,False,
720575940630244060,flow,efferent,2863,400,0.25,0.14285714285714285,0.1,0.03318197694725812,0.4421935033181977,0.027942717429269997,0.039119804400977995,0.40901152637093957,0.048201187565490744,0.00034928396786587494,False,True,False,False,True,False,
720575940630244060,flow,efferent,2863,400,0.25,0.04,0.01,0.03318197694725812,0.4421935033181977,0.027942717429269997,0.039119804400977995,0.40901152637093957,0.048201187565490744,0.00034928396786587494,True,True,False,True,True,True,
720575940630244060,flow,efferent,2863,400,0.25,0.04,0.05,0.03318197694725812,0.4421935033181977,0.027942717429269997,0.039119804400977995,0.40901152637093957,0.048201187565490744,0.00034928396786587494,False,True,False,False,True,False,
720575940630244060,flow,efferent,2863,400,0.25,0.04,0.1,0.03318197694725812,0.4421935033181977,0.027942717429269997,0.039119804400977995,0.40901152637093957,0.048201187565490744,0.00034928396786587494,False,True,False,False,False,False,
720575940630244060,flow,efferent,2863,400,0.25,0.02,0.01,0.03318197694725812,0.4421935033181977,0.027942717429269997,0.039119804400977995,0.40901152637093957,0.048201187565490744,0.00034928396786587494,True,True,False,True,True,True,
720575940630244060,flow,efferent,2863,400,0.25,0.02,0.05,0.03318197694725812,0.4421935033181977,0.027942717429269997,0.039119804400977995,0.40901152637093957,0.048201187565490744,0.00034928396786587494,False,True,False,False,True,False,
720575940630244060,flow,efferent,2863,400,0.25,0.02,0.1,0.03318197694725812,0.4421935033181977,0.027942717429269997,0.039119804400977995,0.40901152637093957,0.048201187565490744,0.00034928396786587494,False,True,False,False,False,False,
720575940630244060,flow,efferent,2863,400,0.25,0.01,0.01,0.03318197694725812,0.4421935033181977,0.027942717429269997,0.039119804400977995,0.40901152637093957,0.048201187565490744,0.00034928396786587494,True,True,False,True,True,False,
720575940630244060,flow,efferent,2863,400,0.25,0.01,0.05,0.03318197694725812,0.4421935033181977,0.027942717429269997,0.039119804400977995,0.40901152637093957,0.048201187565490744,0.00034928396786587494,False,True,False,False,False,False,
720575940630244060,flow,efferent,2863,400,0.25,0.01,0.1,0.03318197694725812,0.4421935033181977,0.027942717429269997,0.039119804400977995,0.40901152637093957,0.048201187565490744,0.00034928396786587494,False,False,False,False,False,False,
720575940621801456,flow,efferent,2219,400,0.25,0.14285714285714285,0.01,0.06894997746732763,0.40063091482649843,0.3438485804416404,0.013068949977467327,0.10274898602974313,0.06849932401982875,0.002253267237494367,True,True,True,False,True,True,False
720575940621801456,flow,efferent,2219,400,0.25,0.14285714285714285,0.05,0.06894997746732763,0.40063091482649843,0.3438485804416404,0.013068949977467327,0.10274898602974313,0.06849932401982875,0.002253267237494367,False,True,True,False,False,False,False
720575940621801456,flow,efferent,2219,400,0.25,0.14285714285714285,0.1,0.06894997746732763,0.40063091482649843,0.3438485804416404,0.013068949977467327,0.10274898602974313,0.06849932401982875,0.002253267237494367,False,True,True,False,False,False,False
720575940621801456,flow,efferent,2219,400,0.25,0.04,0.01,0.06894997746732763,0.40063091482649843,0.3438485804416404,0.013068949977467327,0.10274898602974313,0.06849932401982875,0.002253267237494367,True,True,True,False,True,True,False
720575940621801456,flow,efferent,2219,400,0.25,0.04,0.05,0.06894997746732763,0.40063091482649843,0.3438485804416404,0.013068949977467327,0.10274898602974313,0.06849932401982875,0.002253267237494367,False,True,False,False,False,False,False
720575940621801456,flow,efferent,2219,400,0.25,0.04,0.1,0.06894997746732763,0.40063091482649843,0.3438485804416404,0.013068949977467327,0.10274898602974313,0.06849932401982875,0.002253267237494367,False,False,False,False,False,False,False
720575940621801456,flow,efferent,2219,400,0.25,0.02,0.01,0.06894997746732763,0.40063091482649843,0.3438485804416404,0.013068949977467327,0.10274898602974313,0.06849932401982875,0.002253267237494367,False,True,True,False,False,True,False
720575940621801456,flow,efferent,2219,400,0.25,0.02,0.05,0.06894997746732763,0.40063091482649843,0.3438485804416404,0.013068949977467327,0.10274898602974313,0.06849932401982875,0.002253267237494367,False,False,False,False,False,False,False
720575940621801456,flow,efferent,2219,400,0.25,0.02,0.1,0.06894997746732763,0.40063091482649843,0.3438485804416404,0.013068949977467327,0.10274898602974313,0.06849932401982875,0.002253267237494367,False,False,False,False,False,False,False
720575940621801456,flow,efferent,2219,400,0.25,0.01,0.01,0.06894997746732763,0.40063091482649843,0.3438485804416404,0.013068949977467327,0.10274898602974313,0.06849932401982875,0.002253267237494367,False,True,True,False,False,True,False
720575940621801456,flow,efferent,2219,400,0.25,0.01,0.05,0.06894997746732763,0.40063091482649843,0.3438485804416404,0.013068949977467327,0.10274898602974313,0.06849932401982875,0.002253267237494367,False,False,False,False,False,False,False
720575940621801456,flow,efferent,2219,400,0.25,0.01,0.1,0.06894997746732763,0.40063091482649843,0.3438485804416404,0.013068949977467327,0.10274898602974313,0.06849932401982875,0.002253267237494367,False,False,False,False,False,False,False
720575940619077755,flow,efferent,1684,400,0.25,0.14285714285714285,0.01,0.10154394299287411,0.2517814726840855,0.5201900237529691,0.010688836104513063,0.10154394299287411,0.012470308788598575,0.0017814726840855108,True,True,True,False,True,False,False
720575940619077755,flow,efferent,1684,400,0.25,0.14285714285714285,0.05,0.10154394299287411,0.2517814726840855,0.5201900237529691,0.010688836104513063,0.10154394299287411,0.012470308788598575,0.0017814726840855108,True,True,True,False,False,False,False
720575940619077755,flow,efferent,1684,400,0.25,0.14285714285714285,0.1,0.10154394299287411,0.2517814726840855,0.5201900237529691,0.010688836104513063,0.10154394299287411,0.012470308788598575,0.0017814726840855108,False,True,True,False,False,False,False
720575940619077755,flow,efferent,1684,400,0.25,0.04,0.01,0.10154394299287411,0.2517814726840855,0.5201900237529691,0.010688836104513063,0.10154394299287411,0.012470308788598575,0.0017814726840855108,True,True,True,False,True,False,False
720575940619077755,flow,efferent,1684,400,0.25,0.04,0.05,0.10154394299287411,0.2517814726840855,0.5201900237529691,0.010688836104513063,0.10154394299287411,0.012470308788598575,0.0017814726840855108,False,False,True,False,False,False,False
720575940619077755,flow,efferent,1684,400,0.25,0.04,0.1,0.10154394299287411,0.2517814726840855,0.5201900237529691,0.010688836104513063,0.10154394299287411,0.012470308788598575,0.0017814726840855108,False,False,False,False,False,False,False
720575940619077755,flow,efferent,1684,400,0.25,0.02,0.01,0.10154394299287411,0.2517814726840855,0.5201900237529691,0.010688836104513063,0.10154394299287411,0.012470308788598575,0.0017814726840855108,True,True,True,False,True,False,False
720575940619077755,flow,efferent,1684,400,0.25,0.02,0.05,0.10154394299287411,0.2517814726840855,0.5201900237529691,0.010688836104513063,0.10154394299287411,0.012470308788598575,0.0017814726840855108,False,False,True,False,False,False,False
720575940619077755,flow,efferent,1684,400,0.25,0.02,0.1,0.10154394299287411,0.2517814726840855,0.5201900237529691,0.010688836104513063,0.10154394299287411,0.012470308788598575,0.0017814726840855108,False,False,False,False,False,False,False
720575940619077755,flow,efferent,1684,400,0.25,0.01,0.01,0.10154394299287411,0.2517814726840855,0.5201900237529691,0.010688836104513063,0.10154394299287411,0.012470308788598575,0.0017814726840855108,True,True,True,False,True,False,False
720575940619077755,flow,efferent,1684,400,0.25,0.01,0.05,0.10154394299287411,0.2517814726840855,0.5201900237529691,0.010688836104513063,0.10154394299287411,0.012470308788598575,0.0017814726840855108,False,False,True,False,False,False,False
720575940619077755,flow,efferent,1684,400,0.25,0.01,0.1,0.10154394299287411,0.2517814726840855,0.5201900237529691,0.010688836104513063,0.10154394299287411,0.012470308788598575,0.0017814726840855108,False,False,False,False,False,False,False
720575940608735241,flow,efferent,2636,400,0.25,0.14285714285714285,0.01,0.3493930197268589,0.15629742033383914,0.2959028831562974,0.03831562974203338,0.11987860394537178,0.038694992412746584,0.0015174506828528073,True,True,True,True,True,True,False
720575940608735241,flow,efferent,2636,400,0.25,0.14285714285714285,0.05,0.3493930197268589,0.15629742033383914,0.2959028831562974,0.03831562974203338,0.11987860394537178,0.038694992412746584,0.0015174506828528073,True,True,True,False,True,False,False
720575940608735241,flow,efferent,2636,400,0.25,0.14285714285714285,0.1,0.3493930197268589,0.15629742033383914,0.2959028831562974,0.03831562974203338,0.11987860394537178,0.038694992412746584,0.0015174506828528073,True,False,True,False,False,False,False
720575940608735241,flow,efferent,2636,400,0.25,0.04,0.01,0.3493930197268589,0.15629742033383914,0.2959028831562974,0.03831562974203338,0.11987860394537178,0.038694992412746584,0.0015174506828528073,True,True,True,True,True,False,False
720575940608735241,flow,efferent,2636,400,0.25,0.04,0.05,0.3493930197268589,0.15629742033383914,0.2959028831562974,0.03831562974203338,0.11987860394537178,0.038694992412746584,0.0015174506828528073,True,False,True,False,False,False,False
720575940608735241,flow,efferent,2636,400,0.25,0.04,0.1,0.3493930197268589,0.15629742033383914,0.2959028831562974,0.03831562974203338,0.11987860394537178,0.038694992412746584,0.0015174506828528073,False,False,False,False,False,False,False
720575940608735241,flow,efferent,2636,400,0.25,0.02,0.01,0.3493930197268589,0.15629742033383914,0.2959028831562974,0.03831562974203338,0.11987860394537178,0.038694992412746584,0.0015174506828528073,True,True,True,True,True,False,False
720575940608735241,flow,efferent,2636,400,0.25,0.02,0.05,0.3493930197268589,0.15629742033383914,0.2959028831562974,0.03831562974203338,0.11987860394537178,0.038694992412746584,0.0015174506828528073,True,False,True,False,False,False,False
720575940608735241,flow,efferent,2636,400,0.25,0.02,0.1,0.3493930197268589,0.15629742033383914,0.2959028831562974,0.03831562974203338,0.11987860394537178,0.038694992412746584,0.0015174506828528073,False,False,False,False,False,False,False
720575940608735241,flow,efferent,2636,400,0.25,0.01,0.01,0.3493930197268589,0.15629742033383914,0.2959028831562974,0.03831562974203338,0.11987860394537178,0.038694992412746584,0.0015174506828528073,True,True,True,False,True,False,False
720575940608735241,flow,efferent,2636,400,0.25,0.01,0.05,0.3493930197268589,0.15629742033383914,0.2959028831562974,0.03831562974203338,0.11987860394537178,0.038694992412746584,0.0015174506828528073,True,False,False,False,False,False,False
720575940608735241,flow,efferent,2636,400,0.25,0.01,0.1,0.3493930197268589,0.15629742033383914,0.2959028831562974,0.03831562974203338,0.11987860394537178,0.038694992412746584,0.0015174506828528073,False,False,False,False,False,False,False
720575940632436307,flow,efferent,709,400,0.25,0.14285714285714285,0.01,0.17348377997179126,0.039492242595204514,0.023977433004231313,0.44569816643159377,0.2693935119887165,0.047954866008462625,0.0,True,True,True,True,True,True,
720575940632436307,flow,efferent,709,400,0.25,0.14285714285714285,0.05,0.17348377997179126,0.039492242595204514,0.023977433004231313,0.44569816643159377,0.2693935119887165,0.047954866008462625,0.0,True,False,False,True,True,False,
720575940632436307,flow,efferent,709,400,0.25,0.14285714285714285,0.1,0.17348377997179126,0.039492242595204514,0.023977433004231313,0.44569816643159377,0.2693935119887165,0.047954866008462625,0.0,True,False,False,True,True,False,
720575940632436307,flow,efferent,709,400,0.25,0.04,0.01,0.17348377997179126,0.039492242595204514,0.023977433004231313,0.44569816643159377,0.2693935119887165,0.047954866008462625,0.0,True,True,True,True,True,True,
720575940632436307,flow,efferent,709,400,0.25,0.04,0.05,0.17348377997179126,0.039492242595204514,0.023977433004231313,0.44569816643159377,0.2693935119887165,0.047954866008462625,0.0,True,False,False,True,True,False,
720575940632436307,flow,efferent,709,400,0.25,0.04,0.1,0.17348377997179126,0.039492242595204514,0.023977433004231313,0.44569816643159377,0.2693935119887165,0.047954866008462625,0.0,True,False,False,False,True,False,
720575940632436307,flow,efferent,709,400,0.25,0.02,0.01,0.17348377997179126,0.039492242595204514,0.023977433004231313,0.44569816643159377,0.2693935119887165,0.047954866008462625,0.0,True,False,False,True,True,True,
720575940632436307,flow,efferent,709,400,0.25,0.02,0.05,0.17348377997179126,0.039492242595204514,0.023977433004231313,0.44569816643159377,0.2693935119887165,0.047954866008462625,0.0,True,False,False,True,True,False,
720575940632436307,flow,efferent,709,400,0.25,0.02,0.1,0.17348377997179126,0.039492242595204514,0.023977433004231313,0.44569816643159377,0.2693935119887165,0.047954866008462625,0.0,True,False,False,False,True,False,
720575940632436307,flow,efferent,709,400,0.25,0.01,0.01,0.17348377997179126,0.039492242595204514,0.023977433004231313,0.44569816643159377,0.2693935119887165,0.047954866008462625,0.0,True,False,False,True,True,True,
720575940632436307,flow,efferent,709,400,0.25,0.01,0.05,0.17348377997179126,0.039492242595204514,0.023977433004231313,0.44569816643159377,0.2693935119887165,0.047954866008462625,0.0,False,False,False,False,True,False,
720575940632436307,flow,efferent,709,400,0.25,0.01,0.1,0.17348377997179126,0.039492242595204514,0.023977433004231313,0.44569816643159377,0.2693935119887165,0.047954866008462625,0.0,False,False,False,False,False,False,
720575940623068841,flow,efferent,1467,400,0.25,0.14285714285714285,0.01,0.0790729379686435,0.20790729379686435,0.4485344239945467,0.07225630538513975,0.14860259032038173,0.04294478527607362,0.0006816632583503749,True,True,True,True,True,True,
720575940623068841,flow,efferent,1467,400,0.25,0.14285714285714285,0.05,0.0790729379686435,0.20790729379686435,0.4485344239945467,0.07225630538513975,0.14860259032038173,0.04294478527607362,0.0006816632583503749,True,True,True,False,True,False,
720575940623068841,flow,efferent,1467,400,0.25,0.14285714285714285,0.1,0.0790729379686435,0.20790729379686435,0.4485344239945467,0.07225630538513975,0.14860259032038173,0.04294478527607362,0.0006816632583503749,False,True,True,False,False,False,
720575940623068841,flow,efferent,1467,400,0.25,0.04,0.01,0.0790729379686435,0.20790729379686435,0.4485344239945467,0.07225630538513975,0.14860259032038173,0.04294478527607362,0.0006816632583503749,True,True,True,True,True,False,
720575940623068841,flow,efferent,1467,400,0.25,0.04,0.05,0.0790729379686435,0.20790729379686435,0.4485344239945467,0.07225630538513975,0.14860259032038173,0.04294478527607362,0.0006816632583503749,False,True,True,False,False,False,
720575940623068841,flow,efferent,1467,400,0.25,0.04,0.1,0.0790729379686435,0.20790729379686435,0.4485344239945467,0.07225630538513975,0.14860259032038173,0.04294478527607362,0.0006816632583503749,False,False,True,False,False,False,
720575940623068841,flow,efferent,1467,400,0.25,0.02,0.01,0.0790729379686435,0.20790729379686435,0.4485344239945467,0.07225630538513975,0.14860259032038173,0.04294478527607362,0.0006816632583503749,True,True,True,True,False,False,
720575940623068841,flow,efferent,1467,400,0.25,0.02,0.05,0.0790729379686435,0.20790729379686435,0.4485344239945467,0.07225630538513975,0.14860259032038173,0.04294478527607362,0.0006816632583503749,False,False,True,False,False,False,
720575940623068841,flow,efferent,1467,400,0.25,0.02,0.1,0.0790729379686435,0.20790729379686435,0.4485344239945467,0.07225630538513975,0.14860259032038173,0.04294478527607362,0.0006816632583503749,False,False,True,False,False,False,
720575940623068841,flow,efferent,1467,400,0.25,0.01,0.01,0.0790729379686435,0.20790729379686435,0.4485344239945467,0.07225630538513975,0.14860259032038173,0.04294478527607362,0.0006816632583503749,True,True,True,True,False,False,
720575940623068841,flow,efferent,1467,400,0.25,0.01,0.05,0.0790729379686435,0.20790729379686435,0.4485344239945467,0.07225630538513975,0.14860259032038173,0.04294478527607362,0.0006816632583503749,False,False,True,False,False,False,
720575940623068841,flow,efferent,1467,400,0.25,0.01,0.1,0.0790729379686435,0.20790729379686435,0.4485344239945467,0.07225630538513975,0.14860259032038173,0.04294478527607362,0.0006816632583503749,False,False,True,False,False,False,
720575940604470956,flow,efferent,3851,400,0.25,0.14285714285714285,0.01,0.030641391846273694,0.7291612568164113,0.01817709685795897,0.005193456245131135,0.169306673591275,0.0462217605816671,0.0012983640612827837,True,True,False,False,True,True,False
720575940604470956,flow,efferent,3851,400,0.25,0.14285714285714285,0.05,0.030641391846273694,0.7291612568164113,0.01817709685795897,0.005193456245131135,0.169306673591275,0.0462217605816671,0.0012983640612827837,False,True,False,False,True,False,False
720575940604470956,flow,efferent,3851,400,0.25,0.14285714285714285,0.1,0.030641391846273694,0.7291612568164113,0.01817709685795897,0.005193456245131135,0.169306673591275,0.0462217605816671,0.0012983640612827837,False,True,False,False,False,False,False
720575940604470956,flow,efferent,3851,400,0.25,0.04,0.01,0.030641391846273694,0.7291612568164113,0.01817709685795897,0.005193456245131135,0.169306673591275,0.0462217605816671,0.0012983640612827837,True,True,False,False,True,True,False
720575940604470956,flow,efferent,3851,400,0.25,0.04,0.05,0.030641391846273694,0.7291612568164113,0.01817709685795897,0.005193456245131135,0.169306673591275,0.0462217605816671,0.0012983640612827837,False,True,False,False,False,False,False
720575940604470956,flow,efferent,3851,400,0.25,0.04,0.1,0.030641391846273694,0.7291612568164113,0.01817709685795897,0.005193456245131135,0.169306673591275,0.0462217605816671,0.0012983640612827837,False,True,False,False,False,False,False
720575940604470956,flow,efferent,3851,400,0.25,0.02,0.01,0.030641391846273694,0.7291612568164113,0.01817709685795897,0.005193456245131135,0.169306673591275,0.0462217605816671,0.0012983640612827837,True,True,False,False,True,False,False
720575940604470956,flow,efferent,3851,400,0.25,0.02,0.05,0.030641391846273694,0.7291612568164113,0.01817709685795897,0.005193456245131135,0.169306673591275,0.0462217605816671,0.0012983640612827837,False,True,False,False,False,False,False
720575940604470956,flow,efferent,3851,400,0.25,0.02,0.1,0.030641391846273694,0.7291612568164113,0.01817709685795897,0.005193456245131135,0.169306673591275,0.0462217605816671,0.0012983640612827837,False,False,False,False,False,False,False
720575940604470956,flow,efferent,3851,400,0.25,0.01,0.01,0.030641391846273694,0.7291612568164113,0.01817709685795897,0.005193456245131135,0.169306673591275,0.0462217605816671,0.0012983640612827837,True,True,False,False,True,False,False
720575940604470956,flow,efferent,3851,400,0.25,0.01,0.05,0.030641391846273694,0.7291612568164113,0.01817709685795897,0.005193456245131135,0.169306673591275,0.0462217605816671,0.0012983640612827837,False,False,False,False,False,False,False
720575940604470956,flow,efferent,3851,400,0.25,0.01,0.1,0.030641391846273694,0.7291612568164113,0.01817709685795897,0.005193456245131135,0.169306673591275,0.0462217605816671,0.0012983640612827837,False,False,False,False,False,False,False
720575940617035153,flow,efferent,1404,400,0.25,0.14285714285714285,0.01,0.31695156695156695,0.18091168091168092,0.32763532763532766,0.012108262108262107,0.09472934472934473,0.06481481481481481,0.002849002849002849,True,True,True,False,True,True,False
720575940617035153,flow,efferent,1404,400,0.25,0.14285714285714285,0.05,0.31695156695156695,0.18091168091168092,0.32763532763532766,0.012108262108262107,0.09472934472934473,0.06481481481481481,0.002849002849002849,True,True,True,False,False,False,False
720575940617035153,flow,efferent,1404,400,0.25,0.14285714285714285,0.1,0.31695156695156695,0.18091168091168092,0.32763532763532766,0.012108262108262107,0.09472934472934473,0.06481481481481481,0.002849002849002849,True,True,True,False,False,False,False
720575940617035153,flow,efferent,1404,400,0.25,0.04,0.01,0.31695156695156695,0.18091168091168092,0.32763532763532766,0.012108262108262107,0.09472934472934473,0.06481481481481481,0.002849002849002849,True,True,True,False,True,True,False
720575940617035153,flow,efferent,1404,400,0.25,0.04,0.05,0.31695156695156695,0.18091168091168092,0.32763532763532766,0.012108262108262107,0.09472934472934473,0.06481481481481481,0.002849002849002849,True,False,True,False,False,False,False
720575940617035153,flow,efferent,1404,400,0.25,0.04,0.1,0.31695156695156695,0.18091168091168092,0.32763532763532766,0.012108262108262107,0.09472934472934473,0.06481481481481481,0.002849002849002849,False,False,False,False,False,False,False
720575940617035153,flow,efferent,1404,400,0.25,0.02,0.01,0.31695156695156695,0.18091168091168092,0.32763532763532766,0.012108262108262107,0.09472934472934473,0.06481481481481481,0.002849002849002849,True,True,True,False,True,True,False
720575940617035153,flow,efferent,1404,400,0.25,0.02,0.05,0.31695156695156695,0.18091168091168092,0.32763532763532766,0.012108262108262107,0.09472934472934473,0.06481481481481481,0.002849002849002849,False,False,False,False,False,False,False
720575940617035153,flow,efferent,1404,400,0.25,0.02,0.1,0.31695156695156695,0.18091168091168092,0.32763532763532766,0.012108262108262107,0.09472934472934473,0.06481481481481481,0.002849002849002849,False,False,False,False,False,False,False
720575940617035153,flow,efferent,1404,400,0.25,0.01,0.01,0.31695156695156695,0.18091168091168092,0.32763532763532766,0.012108262108262107,0.09472934472934473,0.06481481481481481,0.002849002849002849,True,True,True,False,True,True,False
720575940617035153,flow,efferent,1404,400,0.25,0.01,0.05,0.31695156695156695,0.18091168091168092,0.32763532763532766,0.012108262108262107,0.09472934472934473,0.06481481481481481,0.002849002849002849,False,False,False,False,False,False,False
720575940617035153,flow,efferent,1404,400,0.25,0.01,0.1,0.31695156695156695,0.18091168091168092,0.32763532763532766,0.012108262108262107,0.09472934472934473,0.06481481481481481,0.002849002849002849,False,False,False,False,False,False,False
720575940627500279,flow,efferent,477,400,0.25,0.14285714285714285,0.01,0.31236897274633124,0.37945492662473795,0.09224318658280922,0.010482180293501049,0.16981132075471697,0.031446540880503145,0.0041928721174004195,True,True,True,False,True,True,False
720575940627500279,flow,efferent,477,400,0.25,0.14285714285714285,0.05,0.31236897274633124,0.37945492662473795,0.09224318658280922,0.010482180293501049,0.16981132075471697,0.031446540880503145,0.0041928721174004195,True,True,False,False,False,False,False
720575940627500279,flow,efferent,477,400,0.25,0.14285714285714285,0.1,0.31236897274633124,0.37945492662473795,0.09224318658280922,0.010482180293501049,0.16981132075471697,0.031446540880503145,0.0041928721174004195,True,False,False,False,False,False,False
720575940627500279,flow,efferent,477,400,0.25,0.04,0.01,0.31236897274633124,0.37945492662473795,0.09224318658280922,0.010482180293501049,0.16981132075471697,0.031446540880503145,0.0041928721174004195,True,True,True,False,True,False,False
720575940627500279,flow,efferent,477,400,0.25,0.04,0.05,0.31236897274633124,0.37945492662473795,0.09224318658280922,0.010482180293501049,0.16981132075471697,0.031446540880503145,0.0041928721174004195,True,True,False,False,False,False,False
720575940627500279,flow,efferent,477,400,0.25,0.04,0.1,0.31236897274633124,0.37945492662473795,0.09224318658280922,0.010482180293501049,0.16981132075471697,0.031446540880503145,0.0041928721174004195,True,False,False,False,False,False,False
720575940627500279,flow,efferent,477,400,0.25,0.02,0.01,0.31236897274633124,0.37945492662473795,0.09224318658280922,0.010482180293501049,0.16981132075471697,0.031446540880503145,0.0041928721174004195,True,True,True,False,True,False,False
720575940627500279,flow,efferent,477,400,0.25,0.02,0.05,0.31236897274633124,0.37945492662473795,0.09224318658280922,0.010482180293501049,0.16981132075471697,0.031446540880503145,0.0041928721174004195,True,True,False,False,False,False,False
720575940627500279,flow,efferent,477,400,0.25,0.02,0.1,0.31236897274633124,0.37945492662473795,0.09224318658280922,0.010482180293501049,0.16981132075471697,0.031446540880503145,0.0041928721174004195,True,False,False,False,False,False,False
720575940627500279,flow,efferent,477,400,0.25,0.01,0.01,0.31236897274633124,0.37945492662473795,0.09224318658280922,0.010482180293501049,0.16981132075471697,0.031446540880503145,0.0041928721174004195,True,True,True,False,True,False,False
720575940627500279,flow,efferent,477,400,0.25,0.01,0.05,0.31236897274633124,0.37945492662473795,0.09224318658280922,0.010482180293501049,0.16981132075471697,0.031446540880503145,0.0041928721174004195,True,False,False,False,False,False,False
720575940627500279,flow,efferent,477,400,0.25,0.01,0.1,0.31236897274633124,0.37945492662473795,0.09224318658280922,0.010482180293501049,0.16981132075471697,0.031446540880503145,0.0041928721174004195,False,False,False,False,False,False,False
720575940635776760,flow,efferent,1068,400,0.25,0.14285714285714285,0.01,0.2696629213483146,0.2846441947565543,0.05711610486891386,0.10861423220973783,0.2687265917602996,0.011235955056179775,0.0,True,True,True,True,True,False,
720575940635776760,flow,efferent,1068,400,0.25,0.14285714285714285,0.05,0.2696629213483146,0.2846441947565543,0.05711610486891386,0.10861423220973783,0.2687265917602996,0.011235955056179775,0.0,True,True,False,True,True,False,
720575940635776760,flow,efferent,1068,400,0.25,0.14285714285714285,0.1,0.2696629213483146,0.2846441947565543,0.05711610486891386,0.10861423220973783,0.2687265917602996,0.011235955056179775,0.0,True,False,False,False,False,False,
720575940635776760,flow,efferent,1068,400,0.25,0.04,0.01,0.2696629213483146,0.2846441947565543,0.05711610486891386,0.10861423220973783,0.2687265917602996,0.011235955056179775,0.0,True,True,True,True,True,False,
720575940635776760,flow,efferent,1068,400,0.25,0.04,0.05,0.2696629213483146,0.2846441947565543,0.05711610486891386,0.10861423220973783,0.2687265917602996,0.011235955056179775,0.0,True,False,False,False,False,False,
720575940635776760,flow,efferent,1068,400,0.25,0.04,0.1,0.2696629213483146,0.2846441947565543,0.05711610486891386,0.10861423220973783,0.2687265917602996,0.011235955056179775,0.0,True,False,False,False,False,False,
720575940635776760,flow,efferent,1068,400,0.25,0.02,0.01,0.2696629213483146,0.2846441947565543,0.05711610486891386,0.10861423220973783,0.2687265917602996,0.011235955056179775,0.0,True,True,False,True,True,False,
720575940635776760,flow,efferent,1068,400,0.25,0.02,0.05,0.2696629213483146,0.2846441947565543,0.05711610486891386,0.10861423220973783,0.2687265917602996,0.011235955056179775,0.0,True,False,False,False,False,False,
720575940635776760,flow,efferent,1068,400,0.25,0.02,0.1,0.2696629213483146,0.2846441947565543,0.05711610486891386,0.10861423220973783,0.2687265917602996,0.011235955056179775,0.0,True,False,False,False,False,False,
720575940635776760,flow,efferent,1068,400,0.25,0.01,0.01,0.2696629213483146,0.2846441947565543,0.05711610486891386,0.10861423220973783,0.2687265917602996,0.011235955056179775,0.0,True,True,False,True,True,False,
720575940635776760,flow,efferent,1068,400,0.25,0.01,0.05,0.2696629213483146,0.2846441947565543,0.05711610486891386,0.10861423220973783,0.2687265917602996,0.011235955056179775,0.0,True,False,False,False,False,False,
720575940635776760,flow,efferent,1068,400,0.25,0.01,0.1,0.2696629213483146,0.2846441947565543,0.05711610486891386,0.10861423220973783,0.2687265917602996,0.011235955056179775,0.0,False,False,False,False,False,False,
720575940605513649,flow,efferent,7475,400,0.25,0.14285714285714285,0.01,0.6940468227424749,0.17498327759197324,0.07531772575250836,0.00588628762541806,0.02996655518394649,0.019264214046822742,0.0005351170568561873,True,True,True,False,False,False,False
720575940605513649,flow,efferent,7475,400,0.25,0.14285714285714285,0.05,0.6940468227424749,0.17498327759197324,0.07531772575250836,0.00588628762541806,0.02996655518394649,0.019264214046822742,0.0005351170568561873,True,True,False,False,False,False,False
720575940605513649,flow,efferent,7475,400,0.25,0.14285714285714285,0.1,0.6940468227424749,0.17498327759197324,0.07531772575250836,0.00588628762541806,0.02996655518394649,0.019264214046822742,0.0005351170568561873,True,True,False,False,False,False,False
720575940605513649,flow,efferent,7475,400,0.25,0.04,0.01,0.6940468227424749,0.17498327759197324,0.07531772575250836,0.00588628762541806,0.02996655518394649,0.019264214046822742,0.0005351170568561873,True,True,True,False,False,False,False
720575940605513649,flow,efferent,7475,400,0.25,0.04,0.05,0.6940468227424749,0.17498327759197324,0.07531772575250836,0.00588628762541806,0.02996655518394649,0.019264214046822742,0.0005351170568561873,True,False,False,False,False,False,False
720575940605513649,flow,efferent,7475,400,0.25,0.04,0.1,0.6940468227424749,0.17498327759197324,0.07531772575250836,0.00588628762541806,0.02996655518394649,0.019264214046822742,0.0005351170568561873,True,False,False,False,False,False,False
720575940605513649,flow,efferent,7475,400,0.25,0.02,0.01,0.6940468227424749,0.17498327759197324,0.07531772575250836,0.00588628762541806,0.02996655518394649,0.019264214046822742,0.0005351170568561873,True,True,True,False,False,False,False
720575940605513649,flow,efferent,7475,400,0.25,0.02,0.05,0.6940468227424749,0.17498327759197324,0.07531772575250836,0.00588628762541806,0.02996655518394649,0.019264214046822742,0.0005351170568561873,True,False,False,False,False,False,False
720575940605513649,flow,efferent,7475,400,0.25,0.02,0.1,0.6940468227424749,0.17498327759197324,0.07531772575250836,0.00588628762541806,0.02996655518394649,0.019264214046822742,0.0005351170568561873,True,False,False,False,False,False,False
720575940605513649,flow,efferent,7475,400,0.25,0.01,0.01,0.6940468227424749,0.17498327759197324,0.07531772575250836,0.00588628762541806,0.02996655518394649,0.019264214046822742,0.0005351170568561873,True,False,False,False,False,False,False
720575940605513649,flow,efferent,7475,400,0.25,0.01,0.05,0.6940468227424749,0.17498327759197324,0.07531772575250836,0.00588628762541806,0.02996655518394649,0.019264214046822742,0.0005351170568561873,False,False,False,False,False,False,False
720575940605513649,flow,efferent,7475,400,0.25,0.01,0.1,0.6940468227424749,0.17498327759197324,0.07531772575250836,0.00588628762541806,0.02996655518394649,0.019264214046822742,0.0005351170568561873,False,False,False,False,False,False,False
720575940623033532,flow,efferent,978,400,0.25,0.14285714285714285,0.01,0.12883435582822086,0.08588957055214724,0.7024539877300614,0.002044989775051125,0.053169734151329244,0.026584867075664622,0.0010224948875255625,True,True,True,False,True,False,
720575940623033532,flow,efferent,978,400,0.25,0.14285714285714285,0.05,0.12883435582822086,0.08588957055214724,0.7024539877300614,0.002044989775051125,0.053169734151329244,0.026584867075664622,0.0010224948875255625,True,False,True,False,False,False,
720575940623033532,flow,efferent,978,400,0.25,0.14285714285714285,0.1,0.12883435582822086,0.08588957055214724,0.7024539877300614,0.002044989775051125,0.053169734151329244,0.026584867075664622,0.0010224948875255625,False,False,True,False,False,False,
720575940623033532,flow,efferent,978,400,0.25,0.04,0.01,0.12883435582822086,0.08588957055214724,0.7024539877300614,0.002044989775051125,0.053169734151329244,0.026584867075664622,0.0010224948875255625,True,True,True,False,False,False,
720575940623033532,flow,efferent,978,400,0.25,0.04,0.05,0.12883435582822086,0.08588957055214724,0.7024539877300614,0.002044989775051125,0.053169734151329244,0.026584867075664622,0.0010224948875255625,False,False,True,False,False,False,
720575940623033532,flow,efferent,978,400,0.25,0.04,0.1,0.12883435582822086,0.08588957055214724,0.7024539877300614,0.002044989775051125,0.053169734151329244,0.026584867075664622,0.0010224948875255625,False,False,True,False,False,False,
720575940623033532,flow,efferent,978,400,0.25,0.02,0.01,0.12883435582822086,0.08588957055214724,0.7024539877300614,0.002044989775051125,0.053169734151329244,0.026584867075664622,0.0010224948875255625,True,False,True,False,False,False,
720575940623033532,flow,efferent,978,400,0.25,0.02,0.05,0.12883435582822086,0.08588957055214724,0.7024539877300614,0.002044989775051125,0.053169734151329244,0.026584867075664622,0.0010224948875255625,False,False,True,False,False,False,
720575940623033532,flow,efferent,978,400,0.25,0.02,0.1,0.12883435582822086,0.08588957055214724,0.7024539877300614,0.002044989775051125,0.053169734151329244,0.026584867075664622,0.0010224948875255625,False,False,False,False,False,False,
720575940623033532,flow,efferent,978,400,0.25,0.01,0.01,0.12883435582822086,0.08588957055214724,0.7024539877300614,0.002044989775051125,0.053169734151329244,0.026584867075664622,0.0010224948875255625,True,False,True,False,False,False,
720575940623033532,flow,efferent,978,400,0.25,0.01,0.05,0.12883435582822086,0.08588957055214724,0.7024539877300614,0.002044989775051125,0.053169734151329244,0.026584867075664622,0.0010224948875255625,False,False,True,False,False,False,
720575940623033532,flow,efferent,978,400,0.25,0.01,0.1,0.12883435582822086,0.08588957055214724,0.7024539877300614,0.002044989775051125,0.053169734151329244,0.026584867075664622,0.0010224948875255625,False,False,False,False,False,False,
720575940624897516,flow,efferent,2660,400,0.25,0.14285714285714285,0.01,0.21052631578947367,0.262406015037594,0.08383458646616541,0.081203007518797,0.28308270676691727,0.07593984962406015,0.0030075187969924814,True,True,True,True,True,True,False
720575940624897516,flow,efferent,2660,400,0.25,0.14285714285714285,0.05,0.21052631578947367,0.262406015037594,0.08383458646616541,0.081203007518797,0.28308270676691727,0.07593984962406015,0.0030075187969924814,True,True,False,False,True,False,False
720575940624897516,flow,efferent,2660,400,0.25,0.14285714285714285,0.1,0.21052631578947367,0.262406015037594,0.08383458646616541,0.081203007518797,0.28308270676691727,0.07593984962406015,0.0030075187969924814,True,False,False,False,True,False,False
720575940624897516,flow,efferent,2660,400,0.25,0.04,0.01,0.21052631578947367,0.262406015037594,0.08383458646616541,0.081203007518797,0.28308270676691727,0.07593984962406015,0.0030075187969924814,True,True,False,True,True,True,False
720575940624897516,flow,efferent,2660,400,0.25,0.04,0.05,0.21052631578947367,0.262406015037594,0.08383458646616541,0.081203007518797,0.28308270676691727,0.07593984962406015,0.0030075187969924814,True,False,False,False,False,False,False
720575940624897516,flow,efferent,2660,400,0.25,0.04,0.1,0.21052631578947367,0.262406015037594,0.08383458646616541,0.081203007518797,0.28308270676691727,0.07593984962406015,0.0030075187969924814,False,False,False,False,False,False,False
720575940624897516,flow,efferent,2660,400,0.25,0.02,0.01,0.21052631578947367,0.262406015037594,0.08383458646616541,0.081203007518797,0.28308270676691727,0.07593984962406015,0.0030075187969924814,True,True,False,False,True,True,False
720575940624897516,flow,efferent,2660,400,0.25,0.02,0.05,0.21052631578947367,0.262406015037594,0.08383458646616541,0.081203007518797,0.28308270676691727,0.07593984962406015,0.0030075187969924814,True,False,False,False,False,False,False
720575940624897516,flow,efferent,2660,400,0.25,0.02,0.1,0.21052631578947367,0.262406015037594,0.08383458646616541,0.081203007518797,0.28308270676691727,0.07593984962406015,0.0030075187969924814,False,False,False,False,False,False,False
720575940624897516,flow,efferent,2660,400,0.25,0.01,0.01,0.21052631578947367,0.262406015037594,0.08383458646616541,0.081203007518797,0.28308270676691727,0.07593984962406015,0.0030075187969924814,True,True,False,False,True,True,False
720575940624897516,flow,efferent,2660,400,0.25,0.01,0.05,0.21052631578947367,0.262406015037594,0.08383458646616541,0.081203007518797,0.28308270676691727,0.07593984962406015,0.0030075187969924814,True,False,False,False,False,False,False
720575940624897516,flow,efferent,2660,400,0.25,0.01,0.1,0.21052631578947367,0.262406015037594,0.08383458646616541,0.081203007518797,0.28308270676691727,0.07593984962406015,0.0030075187969924814,False,False,False,False,False,False,False
720575940624967463,flow,efferent,4557,400,0.25,0.14285714285714285,0.01,0.5281983761246434,0.17094579767390827,0.23348694316436253,0.004388852315119597,0.029624753127057275,0.03313583497915295,0.00021944261575597982,True,True,True,False,True,True,
720575940624967463,flow,efferent,4557,400,0.25,0.14285714285714285,0.05,0.5281983761246434,0.17094579767390827,0.23348694316436253,0.004388852315119597,0.029624753127057275,0.03313583497915295,0.00021944261575597982,True,True,True,False,False,False,
720575940624967463,flow,efferent,4557,400,0.25,0.14285714285714285,0.1,0.5281983761246434,0.17094579767390827,0.23348694316436253,0.004388852315119597,0.029624753127057275,0.03313583497915295,0.00021944261575597982,True,False,True,False,False,False,
720575940624967463,flow,efferent,4557,400,0.25,0.04,0.01,0.5281983761246434,0.17094579767390827,0.23348694316436253,0.004388852315119597,0.029624753127057275,0.03313583497915295,0.00021944261575597982,True,True,True,False,False,False,
720575940624967463,flow,efferent,4557,400,0.25,0.04,0.05,0.5281983761246434,0.17094579767390827,0.23348694316436253,0.004388852315119597,0.029624753127057275,0.03313583497915295,0.00021944261575597982,True,False,False,False,False,False,
720575940624967463,flow,efferent,4557,400,0.25,0.04,0.1,0.5281983761246434,0.17094579767390827,0.23348694316436253,0.004388852315119597,0.029624753127057275,0.03313583497915295,0.00021944261575597982,True,False,False,False,False,False,
720575940624967463,flow,efferent,4557,400,0.25,0.02,0.01,0.5281983761246434,0.17094579767390827,0.23348694316436253,0.004388852315119597,0.029624753127057275,0.03313583497915295,0.00021944261575597982,True,True,True,False,False,False,
720575940624967463,flow,efferent,4557,400,0.25,0.02,0.05,0.5281983761246434,0.17094579767390827,0.23348694316436253,0.004388852315119597,0.029624753127057275,0.03313583497915295,0.00021944261575597982,False,False,False,False,False,False,
720575940624967463,flow,efferent,4557,400,0.25,0.02,0.1,0.5281983761246434,0.17094579767390827,0.23348694316436253,0.004388852315119597,0.029624753127057275,0.03313583497915295,0.00021944261575597982,False,False,False,False,False,False,
720575940624967463,flow,efferent,4557,400,0.25,0.01,0.01,0.5281983761246434,0.17094579767390827,0.23348694316436253,0.004388852315119597,0.029624753127057275,0.03313583497915295,0.00021944261575597982,True,False,True,False,False,False,
720575940624967463,flow,efferent,4557,400,0.25,0.01,0.05,0.5281983761246434,0.17094579767390827,0.23348694316436253,0.004388852315119597,0.029624753127057275,0.03313583497915295,0.00021944261575597982,False,False,False,False,False,False,
720575940624967463,flow,efferent,4557,400,0.25,0.01,0.1,0.5281983761246434,0.17094579767390827,0.23348694316436253,0.004388852315119597,0.029624753127057275,0.03313583497915295,0.00021944261575597982,False,False,False,False,False,False,
720575940616688286,flow,efferent,940,400,0.25,0.14285714285714285,0.01,0.125531914893617,0.07127659574468086,0.6914893617021277,0.00851063829787234,0.047872340425531915,0.052127659574468084,0.0031914893617021275,True,True,True,False,True,True,False
720575940616688286,flow,efferent,940,400,0.25,0.14285714285714285,0.05,0.125531914893617,0.07127659574468086,0.6914893617021277,0.00851063829787234,0.047872340425531915,0.052127659574468084,0.0031914893617021275,True,False,True,False,False,False,False
720575940616688286,flow,efferent,940,400,0.25,0.14285714285714285,0.1,0.125531914893617,0.07127659574468086,0.6914893617021277,0.00851063829787234,0.047872340425531915,0.052127659574468084,0.0031914893617021275,False,False,True,False,False,False,False
720575940616688286,flow,efferent,940,400,0.25,0.04,0.01,0.125531914893617,0.07127659574468086,0.6914893617021277,0.00851063829787234,0.047872340425531915,0.052127659574468084,0.0031914893617021275,True,True,True,False,False,True,False
720575940616688286,flow,efferent,940,400,0.25,0.04,0.05,0.125531914893617,0.07127659574468086,0.6914893617021277,0.00851063829787234,0.047872340425531915,0.052127659574468084,0.0031914893617021275,False,False,True,False,False,False,False
720575940616688286,flow,efferent,940,400,0.25,0.04,0.1,0.125531914893617,0.07127659574468086,0.6914893617021277,0.00851063829787234,0.047872340425531915,0.052127659574468084,0.0031914893617021275,False,False,True,False,False,False,False
720575940616688286,flow,efferent,940,400,0.25,0.02,0.01,0.125531914893617,0.07127659574468086,0.6914893617021277,0.00851063829787234,0.047872340425531915,0.052127659574468084,0.0031914893617021275,True,True,True,False,False,True,False
720575940616688286,flow,efferent,940,400,0.25,0.02,0.05,0.125531914893617,0.07127659574468086,0.6914893617021277,0.00851063829787234,0.047872340425531915,0.052127659574468084,0.0031914893617021275,False,False,True,False,False,False,False
720575940616688286,flow,efferent,940,400,0.25,0.02,0.1,0.125531914893617,0.07127659574468086,0.6914893617021277,0.00851063829787234,0.047872340425531915,0.052127659574468084,0.0031914893617021275,False,False,False,False,False,False,False
720575940616688286,flow,efferent,940,400,0.25,0.01,0.01,0.125531914893617,0.07127659574468086,0.6914893617021277,0.00851063829787234,0.047872340425531915,0.052127659574468084,0.0031914893617021275,True,True,True,False,False,True,False
720575940616688286,flow,efferent,940,400,0.25,0.01,0.05,0.125531914893617,0.07127659574468086,0.6914893617021277,0.00851063829787234,0.047872340425531915,0.052127659574468084,0.0031914893617021275,False,False,True,False,False,False,False
720575940616688286,flow,efferent,940,400,0.25,0.01,0.1,0.125531914893617,0.07127659574468086,0.6914893617021277,0.00851063829787234,0.047872340425531915,0.052127659574468084,0.0031914893617021275,False,False,False,False,False,False,False
720575940622500172,flow,efferent,15525,400,0.25,0.14285714285714285,0.01,0.4863123993558776,0.2721417069243156,0.16012882447665056,0.01320450885668277,0.04863123993558776,0.019066022544283415,0.0005152979066022544,True,True,True,False,True,False,False
720575940622500172,flow,efferent,15525,400,0.25,0.14285714285714285,0.05,0.4863123993558776,0.2721417069243156,0.16012882447665056,0.01320450885668277,0.04863123993558776,0.019066022544283415,0.0005152979066022544,True,True,True,False,False,False,False
720575940622500172,flow,efferent,15525,400,0.25,0.14285714285714285,0.1,0.4863123993558776,0.2721417069243156,0.16012882447665056,0.01320450885668277,0.04863123993558776,0.019066022544283415,0.0005152979066022544,True,True,False,False,False,False,False
720575940622500172,flow,efferent,15525,400,0.25,0.04,0.01,0.4863123993558776,0.2721417069243156,0.16012882447665056,0.01320450885668277,0.04863123993558776,0.019066022544283415,0.0005152979066022544,True,True,True,False,False,False,False
720575940622500172,flow,efferent,15525,400,0.25,0.04,0.05,0.4863123993558776,0.2721417069243156,0.16012882447665056,0.01320450885668277,0.04863123993558776,0.019066022544283415,0.0005152979066022544,True,True,False,False,False,False,False
720575940622500172,flow,efferent,15525,400,0.25,0.04,0.1,0.4863123993558776,0.2721417069243156,0.16012882447665056,0.01320450885668277,0.04863123993558776,0.019066022544283415,0.0005152979066022544,False,False,False,False,False,False,False
720575940622500172,flow,efferent,15525,400,0.25,0.02,0.01,0.4863123993558776,0.2721417069243156,0.16012882447665056,0.01320450885668277,0.04863123993558776,0.019066022544283415,0.0005152979066022544,True,True,True,False,False,False,False
720575940622500172,flow,efferent,15525,400,0.25,0.02,0.05,0.4863123993558776,0.2721417069243156,0.16012882447665056,0.01320450885668277,0.04863123993558776,0.019066022544283415,0.0005152979066022544,True,False,False,False,False,False,False
720575940622500172,flow,efferent,15525,400,0.25,0.02,0.1,0.4863123993558776,0.2721417069243156,0.16012882447665056,0.01320450885668277,0.04863123993558776,0.019066022544283415,0.0005152979066022544,False,False,False,False,False,False,False
720575940622500172,flow,efferent,15525,400,0.25,0.01,0.01,0.4863123993558776,0.2721417069243156,0.16012882447665056,0.01320450885668277,0.04863123993558776,0.019066022544283415,0.0005152979066022544,True,True,False,False,False,False,False
720575940622500172,flow,efferent,15525,400,0.25,0.01,0.05,0.4863123993558776,0.2721417069243156,0.16012882447665056,0.01320450885668277,0.04863123993558776,0.019066022544283415,0.0005152979066022544,False,False,False,False,False,False,False
720575940622500172,flow,efferent,15525,400,0.25,0.01,0.1,0.4863123993558776,0.2721417069243156,0.16012882447665056,0.01320450885668277,0.04863123993558776,0.019066022544283415,0.0005152979066022544,False,False,False,False,False,False,False
720575940624748419,flow,efferent,703,400,0.25,0.14285714285714285,0.01,0.43812233285917496,0.20483641536273114,0.2546230440967283,0.005689900426742532,0.06970128022759602,0.021337126600284494,0.005689900426742532,True,True,True,False,True,False,False
720575940624748419,flow,efferent,703,400,0.25,0.14285714285714285,0.05,0.43812233285917496,0.20483641536273114,0.2546230440967283,0.005689900426742532,0.06970128022759602,0.021337126600284494,0.005689900426742532,True,True,True,False,False,False,False
720575940624748419,flow,efferent,703,400,0.25,0.14285714285714285,0.1,0.43812233285917496,0.20483641536273114,0.2546230440967283,0.005689900426742532,0.06970128022759602,0.021337126600284494,0.005689900426742532,True,False,True,False,False,False,False
720575940624748419,flow,efferent,703,400,0.25,0.04,0.01,0.43812233285917496,0.20483641536273114,0.2546230440967283,0.005689900426742532,0.06970128022759602,0.021337126600284494,0.005689900426742532,True,True,True,False,True,False,False
720575940624748419,flow,efferent,703,400,0.25,0.04,0.05,0.43812233285917496,0.20483641536273114,0.2546230440967283,0.005689900426742532,0.06970128022759602,0.021337126600284494,0.005689900426742532,True,False,True,False,False,False,False
720575940624748419,flow,efferent,703,400,0.25,0.04,0.1,0.43812233285917496,0.20483641536273114,0.2546230440967283,0.005689900426742532,0.06970128022759602,0.021337126600284494,0.005689900426742532,False,False,False,False,False,False,False
720575940624748419,flow,efferent,703,400,0.25,0.02,0.01,0.43812233285917496,0.20483641536273114,0.2546230440967283,0.005689900426742532,0.06970128022759602,0.021337126600284494,0.005689900426742532,True,True,True,False,True,False,False
720575940624748419,flow,efferent,703,400,0.25,0.02,0.05,0.43812233285917496,0.20483641536273114,0.2546230440967283,0.005689900426742532,0.06970128022759602,0.021337126600284494,0.005689900426742532,True,False,True,False,False,False,False
720575940624748419,flow,efferent,703,400,0.25,0.02,0.1,0.43812233285917496,0.20483641536273114,0.2546230440967283,0.005689900426742532,0.06970128022759602,0.021337126600284494,0.005689900426742532,False,False,False,False,False,False,False
720575940624748419,flow,efferent,703,400,0.25,0.01,0.01,0.43812233285917496,0.20483641536273114,0.2546230440967283,0.005689900426742532,0.06970128022759602,0.021337126600284494,0.005689900426742532,True,True,True,False,True,False,False
720575940624748419,flow,efferent,703,400,0.25,0.01,0.05,0.43812233285917496,0.20483641536273114,0.2546230440967283,0.005689900426742532,0.06970128022759602,0.021337126600284494,0.005689900426742532,True,False,False,False,False,False,False
720575940624748419,flow,efferent,703,400,0.25,0.01,0.1,0.43812233285917496,0.20483641536273114,0.2546230440967283,0.005689900426742532,0.06970128022759602,0.021337126600284494,0.005689900426742532,False,False,False,False,False,False,False
720575940624131913,flow,efferent,1074,400,0.25,0.14285714285714285,0.01,0.4264432029795158,0.164804469273743,0.3370577281191806,0.000931098696461825,0.027001862197392923,0.04003724394785847,0.0037243947858473,True,True,True,,False,True,False
720575940624131913,flow,efferent,1074,400,0.25,0.14285714285714285,0.05,0.4264432029795158,0.164804469273743,0.3370577281191806,0.000931098696461825,0.027001862197392923,0.04003724394785847,0.0037243947858473,True,True,True,,False,False,False
720575940624131913,flow,efferent,1074,400,0.25,0.14285714285714285,0.1,0.4264432029795158,0.164804469273743,0.3370577281191806,0.000931098696461825,0.027001862197392923,0.04003724394785847,0.0037243947858473,True,False,True,,False,False,False
720575940624131913,flow,efferent,1074,400,0.25,0.04,0.01,0.4264432029795158,0.164804469273743,0.3370577281191806,0.000931098696461825,0.027001862197392923,0.04003724394785847,0.0037243947858473,True,True,True,,False,False,False
720575940624131913,flow,efferent,1074,400,0.25,0.04,0.05,0.4264432029795158,0.164804469273743,0.3370577281191806,0.000931098696461825,0.027001862197392923,0.04003724394785847,0.0037243947858473,True,False,True,,False,False,False
720575940624131913,flow,efferent,1074,400,0.25,0.04,0.1,0.4264432029795158,0.164804469273743,0.3370577281191806,0.000931098696461825,0.027001862197392923,0.04003724394785847,0.0037243947858473,True,False,False,,False,False,False
720575940624131913,flow,efferent,1074,400,0.25,0.02,0.01,0.4264432029795158,0.164804469273743,0.3370577281191806,0.000931098696461825,0.027001862197392923,0.04003724394785847,0.0037243947858473,True,True,True,,False,False,False
720575940624131913,flow,efferent,1074,400,0.25,0.02,0.05,0.4264432029795158,0.164804469273743,0.3370577281191806,0.000931098696461825,0.027001862197392923,0.04003724394785847,0.0037243947858473,True,False,True,,False,False,False
720575940624131913,flow,efferent,1074,400,0.25,0.02,0.1,0.4264432029795158,0.164804469273743,0.3370577281191806,0.000931098696461825,0.027001862197392923,0.04003724394785847,0.0037243947858473,False,False,False,,False,False,False
720575940624131913,flow,efferent,1074,400,0.25,0.01,0.01,0.4264432029795158,0.164804469273743,0.3370577281191806,0.000931098696461825,0.027001862197392923,0.04003724394785847,0.0037243947858473,True,True,True,,False,False,False
720575940624131913,flow,efferent,1074,400,0.25,0.01,0.05,0.4264432029795158,0.164804469273743,0.3370577281191806,0.000931098696461825,0.027001862197392923,0.04003724394785847,0.0037243947858473,True,False,True,,False,False,False
720575940624131913,flow,efferent,1074,400,0.25,0.01,0.1,0.4264432029795158,0.164804469273743,0.3370577281191806,0.000931098696461825,0.027001862197392923,0.04003724394785847,0.0037243947858473,False,False,False,,False,False,False
720575940618051801,flow,efferent,1064,400,0.25,0.14285714285714285,0.01,0.44454887218045114,0.10714285714285714,0.36372180451127817,0.004699248120300752,0.05263157894736842,0.02725563909774436,0.0,True,True,True,False,True,True,
720575940618051801,flow,efferent,1064,400,0.25,0.14285714285714285,0.05,0.44454887218045114,0.10714285714285714,0.36372180451127817,0.004699248120300752,0.05263157894736842,0.02725563909774436,0.0,True,False,True,False,False,False,
720575940618051801,flow,efferent,1064,400,0.25,0.14285714285714285,0.1,0.44454887218045114,0.10714285714285714,0.36372180451127817,0.004699248120300752,0.05263157894736842,0.02725563909774436,0.0,True,False,True,False,False,False,
720575940618051801,flow,efferent,1064,400,0.25,0.04,0.01,0.44454887218045114,0.10714285714285714,0.36372180451127817,0.004699248120300752,0.05263157894736842,0.02725563909774436,0.0,True,True,True,False,False,True,
720575940618051801,flow,efferent,1064,400,0.25,0.04,0.05,0.44454887218045114,0.10714285714285714,0.36372180451127817,0.004699248120300752,0.05263157894736842,0.02725563909774436,0.0,True,False,True,False,False,False,
720575940618051801,flow,efferent,1064,400,0.25,0.04,0.1,0.44454887218045114,0.10714285714285714,0.36372180451127817,0.004699248120300752,0.05263157894736842,0.02725563909774436,0.0,True,False,False,False,False,False,
720575940618051801,flow,efferent,1064,400,0.25,0.02,0.01,0.44454887218045114,0.10714285714285714,0.36372180451127817,0.004699248120300752,0.05263157894736842,0.02725563909774436,0.0,True,True,True,False,False,True,
720575940618051801,flow,efferent,1064,400,0.25,0.02,0.05,0.44454887218045114,0.10714285714285714,0.36372180451127817,0.004699248120300752,0.05263157894736842,0.02725563909774436,0.0,False,False,True,False,False,False,
720575940618051801,flow,efferent,1064,400,0.25,0.02,0.1,0.44454887218045114,0.10714285714285714,0.36372180451127817,0.004699248120300752,0.05263157894736842,0.02725563909774436,0.0,False,False,False,False,False,False,
720575940618051801,flow,efferent,1064,400,0.25,0.01,0.01,0.44454887218045114,0.10714285714285714,0.36372180451127817,0.004699248120300752,0.05263157894736842,0.02725563909774436,0.0,True,False,True,False,False,False,
720575940618051801,flow,efferent,1064,400,0.25,0.01,0.05,0.44454887218045114,0.10714285714285714,0.36372180451127817,0.004699248120300752,0.05263157894736842,0.02725563909774436,0.0,False,False,False,False,False,False,
720575940618051801,flow,efferent,1064,400,0.25,0.01,0.1,0.44454887218045114,0.10714285714285714,0.36372180451127817,0.004699248120300752,0.05263157894736842,0.02725563909774436,0.0,False,False,False,False,False,False,
720575940634862943,flow,efferent,2866,400,0.25,0.14285714285714285,0.01,0.4581297976273552,0.17759944173063502,0.2435450104675506,0.008722958827634334,0.08722958827634333,0.023028611304954642,0.0017445917655268667,True,True,True,False,True,False,False
720575940634862943,flow,efferent,2866,400,0.25,0.14285714285714285,0.05,0.4581297976273552,0.17759944173063502,0.2435450104675506,0.008722958827634334,0.08722958827634333,0.023028611304954642,0.0017445917655268667,True,True,True,False,False,False,False
720575940634862943,flow,efferent,2866,400,0.25,0.14285714285714285,0.1,0.4581297976273552,0.17759944173063502,0.2435450104675506,0.008722958827634334,0.08722958827634333,0.023028611304954642,0.0017445917655268667,True,False,True,False,False,False,False
720575940634862943,flow,efferent,2866,400,0.25,0.04,0.01,0.4581297976273552,0.17759944173063502,0.2435450104675506,0.008722958827634334,0.08722958827634333,0.023028611304954642,0.0017445917655268667,True,True,True,False,False,False,False
720575940634862943,flow,efferent,2866,400,0.25,0.04,0.05,0.4581297976273552,0.17759944173063502,0.2435450104675506,0.008722958827634334,0.08722958827634333,0.023028611304954642,0.0017445917655268667,True,False,True,False,False,False,False
720575940634862943,flow,efferent,2866,400,0.25,0.04,0.1,0.4581297976273552,0.17759944173063502,0.2435450104675506,0.008722958827634334,0.08722958827634333,0.023028611304954642,0.0017445917655268667,True,False,False,False,False,False,False
720575940634862943,flow,efferent,2866,400,0.25,0.02,0.01,0.4581297976273552,0.17759944173063502,0.2435450104675506,0.008722958827634334,0.08722958827634333,0.023028611304954642,0.0017445917655268667,True,True,True,False,False,False,False
720575940634862943,flow,efferent,2866,400,0.25,0.02,0.05,0.4581297976273552,0.17759944173063502,0.2435450104675506,0.008722958827634334,0.08722958827634333,0.023028611304954642,0.0017445917655268667,True,False,True,False,False,False,False
720575940634862943,flow,efferent,2866,400,0.25,0.02,0.1,0.4581297976273552,0.17759944173063502,0.2435450104675506,0.008722958827634334,0.08722958827634333,0.023028611304954642,0.0017445917655268667,False,False,False,False,False,False,False
720575940634862943,flow,efferent,2866,400,0.25,0.01,0.01,0.4581297976273552,0.17759944173063502,0.2435450104675506,0.008722958827634334,0.08722958827634333,0.023028611304954642,0.0017445917655268667,True,True,True,False,False,False,False
720575940634862943,flow,efferent,2866,400,0.25,0.01,0.05,0.4581297976273552,0.17759944173063502,0.2435450104675506,0.008722958827634334,0.08722958827634333,0.023028611304954642,0.0017445917655268667,True,False,False,False,False,False,False
720575940634862943,flow,efferent,2866,400,0.25,0.01,0.1,0.4581297976273552,0.17759944173063502,0.2435450104675506,0.008722958827634334,0.08722958827634333,0.023028611304954642,0.0017445917655268667,False,False,False,False,False,False,False
720575940622878719,flow,efferent,1515,400,0.25,0.14285714285714285,0.01,0.36633663366336633,0.14653465346534653,0.3122112211221122,0.014521452145214522,0.07656765676567656,0.08184818481848184,0.0019801980198019802,True,True,True,True,True,True,False
720575940622878719,flow,efferent,1515,400,0.25,0.14285714285714285,0.05,0.36633663366336633,0.14653465346534653,0.3122112211221122,0.014521452145214522,0.07656765676567656,0.08184818481848184,0.0019801980198019802,True,True,True,False,False,False,False
720575940622878719,flow,efferent,1515,400,0.25,0.14285714285714285,0.1,0.36633663366336633,0.14653465346534653,0.3122112211221122,0.014521452145214522,0.07656765676567656,0.08184818481848184,0.0019801980198019802,True,False,True,False,False,False,False
720575940622878719,flow,efferent,1515,400,0.25,0.04,0.01,0.36633663366336633,0.14653465346534653,0.3122112211221122,0.014521452145214522,0.07656765676567656,0.08184818481848184,0.0019801980198019802,True,True,True,False,False,True,False
720575940622878719,flow,efferent,1515,400,0.25,0.04,0.05,0.36633663366336633,0.14653465346534653,0.3122112211221122,0.014521452145214522,0.07656765676567656,0.08184818481848184,0.0019801980198019802,True,False,False,False,False,False,False
720575940622878719,flow,efferent,1515,400,0.25,0.04,0.1,0.36633663366336633,0.14653465346534653,0.3122112211221122,0.014521452145214522,0.07656765676567656,0.08184818481848184,0.0019801980198019802,False,False,False,False,False,False,False
720575940622878719,flow,efferent,1515,400,0.25,0.02,0.01,0.36633663366336633,0.14653465346534653,0.3122112211221122,0.014521452145214522,0.07656765676567656,0.08184818481848184,0.0019801980198019802,True,True,True,False,False,False,False
720575940622878719,flow,efferent,1515,400,0.25,0.02,0.05,0.36633663366336633,0.14653465346534653,0.3122112211221122,0.014521452145214522,0.07656765676567656,0.08184818481848184,0.0019801980198019802,False,False,False,False,False,False,False
720575940622878719,flow,efferent,1515,400,0.25,0.02,0.1,0.36633663366336633,0.14653465346534653,0.3122112211221122,0.014521452145214522,0.07656765676567656,0.08184818481848184,0.0019801980198019802,False,False,False,False,False,False,False
720575940622878719,flow,efferent,1515,400,0.25,0.01,0.01,0.36633663366336633,0.14653465346534653,0.3122112211221122,0.014521452145214522,0.07656765676567656,0.08184818481848184,0.0019801980198019802,True,True,True,False,False,False,False
720575940622878719,flow,efferent,1515,400,0.25,0.01,0.05,0.36633663366336633,0.14653465346534653,0.3122112211221122,0.014521452145214522,0.07656765676567656,0.08184818481848184,0.0019801980198019802,False,False,False,False,False,False,False
720575940622878719,flow,efferent,1515,400,0.25,0.01,0.1,0.36633663366336633,0.14653465346534653,0.3122112211221122,0.014521452145214522,0.07656765676567656,0.08184818481848184,0.0019801980198019802,False,False,False,False,False,False,False
720575940622996579,flow,efferent,7427,400,0.25,0.14285714285714285,0.01,0.08899959606839908,0.260535882590548,0.48135182442439745,0.011579372559579911,0.08213275885283425,0.07243840043086038,0.0029621650733809074,True,True,True,False,True,True,False
720575940622996579,flow,efferent,7427,400,0.25,0.14285714285714285,0.05,0.08899959606839908,0.260535882590548,0.48135182442439745,0.011579372559579911,0.08213275885283425,0.07243840043086038,0.0029621650733809074,False,True,True,False,False,False,False
720575940622996579,flow,efferent,7427,400,0.25,0.14285714285714285,0.1,0.08899959606839908,0.260535882590548,0.48135182442439745,0.011579372559579911,0.08213275885283425,0.07243840043086038,0.0029621650733809074,False,True,True,False,False,False,False
720575940622996579,flow,efferent,7427,400,0.25,0.04,0.01,0.08899959606839908,0.260535882590548,0.48135182442439745,0.011579372559579911,0.08213275885283425,0.07243840043086038,0.0029621650733809074,True,True,True,False,True,True,False
720575940622996579,flow,efferent,7427,400,0.25,0.04,0.05,0.08899959606839908,0.260535882590548,0.48135182442439745,0.011579372559579911,0.08213275885283425,0.07243840043086038,0.0029621650733809074,False,False,True,False,False,False,False
720575940622996579,flow,efferent,7427,400,0.25,0.04,0.1,0.08899959606839908,0.260535882590548,0.48135182442439745,0.011579372559579911,0.08213275885283425,0.07243840043086038,0.0029621650733809074,False,False,False,False,False,False,False
720575940622996579,flow,efferent,7427,400,0.25,0.02,0.01,0.08899959606839908,0.260535882590548,0.48135182442439745,0.011579372559579911,0.08213275885283425,0.07243840043086038,0.0029621650733809074,True,True,True,False,True,False,False
720575940622996579,flow,efferent,7427,400,0.25,0.02,0.05,0.08899959606839908,0.260535882590548,0.48135182442439745,0.011579372559579911,0.08213275885283425,0.07243840043086038,0.0029621650733809074,False,False,False,False,False,False,False
720575940622996579,flow,efferent,7427,400,0.25,0.02,0.1,0.08899959606839908,0.260535882590548,0.48135182442439745,0.011579372559579911,0.08213275885283425,0.07243840043086038,0.0029621650733809074,False,False,False,False,False,False,False
720575940622996579,flow,efferent,7427,400,0.25,0.01,0.01,0.08899959606839908,0.260535882590548,0.48135182442439745,0.011579372559579911,0.08213275885283425,0.07243840043086038,0.0029621650733809074,True,True,True,False,False,False,False
720575940622996579,flow,efferent,7427,400,0.25,0.01,0.05,0.08899959606839908,0.260535882590548,0.48135182442439745,0.011579372559579911,0.08213275885283425,0.07243840043086038,0.0029621650733809074,False,False,False,False,False,False,False
720575940622996579,flow,efferent,7427,400,0.25,0.01,0.1,0.08899959606839908,0.260535882590548,0.48135182442439745,0.011579372559579911,0.08213275885283425,0.07243840043086038,0.0029621650733809074,False,False,False,False,False,False,False
720575940621274845,flow,efferent,1148,400,0.25,0.14285714285714285,0.01,0.21777003484320556,0.0627177700348432,0.6550522648083623,0.003484320557491289,0.016550522648083623,0.04355400696864112,0.0008710801393728223,True,True,True,False,False,True,
720575940621274845,flow,efferent,1148,400,0.25,0.14285714285714285,0.05,0.21777003484320556,0.0627177700348432,0.6550522648083623,0.003484320557491289,0.016550522648083623,0.04355400696864112,0.0008710801393728223,True,False,True,False,False,False,
720575940621274845,flow,efferent,1148,400,0.25,0.14285714285714285,0.1,0.21777003484320556,0.0627177700348432,0.6550522648083623,0.003484320557491289,0.016550522648083623,0.04355400696864112,0.0008710801393728223,False,False,True,False,False,False,
720575940621274845,flow,efferent,1148,400,0.25,0.04,0.01,0.21777003484320556,0.0627177700348432,0.6550522648083623,0.003484320557491289,0.016550522648083623,0.04355400696864112,0.0008710801393728223,True,True,True,False,False,False,
720575940621274845,flow,efferent,1148,400,0.25,0.04,0.05,0.21777003484320556,0.0627177700348432,0.6550522648083623,0.003484320557491289,0.016550522648083623,0.04355400696864112,0.0008710801393728223,False,False,True,False,False,False,
720575940621274845,flow,efferent,1148,400,0.25,0.04,0.1,0.21777003484320556,0.0627177700348432,0.6550522648083623,0.003484320557491289,0.016550522648083623,0.04355400696864112,0.0008710801393728223,False,False,True,False,False,False,
720575940621274845,flow,efferent,1148,400,0.25,0.02,0.01,0.21777003484320556,0.0627177700348432,0.6550522648083623,0.003484320557491289,0.016550522648083623,0.04355400696864112,0.0008710801393728223,True,True,True,False,False,False,
720575940621274845,flow,efferent,1148,400,0.25,0.02,0.05,0.21777003484320556,0.0627177700348432,0.6550522648083623,0.003484320557491289,0.016550522648083623,0.04355400696864112,0.0008710801393728223,False,False,True,False,False,False,
720575940621274845,flow,efferent,1148,400,0.25,0.02,0.1,0.21777003484320556,0.0627177700348432,0.6550522648083623,0.003484320557491289,0.016550522648083623,0.04355400696864112,0.0008710801393728223,False,False,False,False,False,False,
720575940621274845,flow,efferent,1148,400,0.25,0.01,0.01,0.21777003484320556,0.0627177700348432,0.6550522648083623,0.003484320557491289,0.016550522648083623,0.04355400696864112,0.0008710801393728223,True,True,True,False,False,False,
720575940621274845,flow,efferent,1148,400,0.25,0.01,0.05,0.21777003484320556,0.0627177700348432,0.6550522648083623,0.003484320557491289,0.016550522648083623,0.04355400696864112,0.0008710801393728223,False,False,True,False,False,False,
720575940621274845,flow,efferent,1148,400,0.25,0.01,0.1,0.21777003484320556,0.0627177700348432,0.6550522648083623,0.003484320557491289,0.016550522648083623,0.04355400696864112,0.0008710801393728223,False,False,False,False,False,False,
720575940626936324,flow,efferent,1481,400,0.25,0.14285714285714285,0.01,0.5246455097906819,0.14787305874409182,0.27413909520594193,0.002025658338960162,0.029709655638082377,0.02025658338960162,0.0013504388926401081,True,True,True,False,False,False,False
720575940626936324,flow,efferent,1481,400,0.25,0.14285714285714285,0.05,0.5246455097906819,0.14787305874409182,0.27413909520594193,0.002025658338960162,0.029709655638082377,0.02025658338960162,0.0013504388926401081,True,True,True,False,False,False,False
720575940626936324,flow,efferent,1481,400,0.25,0.14285714285714285,0.1,0.5246455097906819,0.14787305874409182,0.27413909520594193,0.002025658338960162,0.029709655638082377,0.02025658338960162,0.0013504388926401081,True,False,False,False,False,False,False
720575940626936324,flow,efferent,1481,400,0.25,0.04,0.01,0.5246455097906819,0.14787305874409182,0.27413909520594193,0.002025658338960162,0.029709655638082377,0.02025658338960162,0.0013504388926401081,True,True,True,False,False,False,False
720575940626936324,flow,efferent,1481,400,0.25,0.04,0.05,0.5246455097906819,0.14787305874409182,0.27413909520594193,0.002025658338960162,0.029709655638082377,0.02025658338960162,0.0013504388926401081,True,False,False,False,False,False,False
720575940626936324,flow,efferent,1481,400,0.25,0.04,0.1,0.5246455097906819,0.14787305874409182,0.27413909520594193,0.002025658338960162,0.029709655638082377,0.02025658338960162,0.0013504388926401081,False,False,False,False,False,False,False
720575940626936324,flow,efferent,1481,400,0.25,0.02,0.01,0.5246455097906819,0.14787305874409182,0.27413909520594193,0.002025658338960162,0.029709655638082377,0.02025658338960162,0.0013504388926401081,True,True,True,False,False,False,False
720575940626936324,flow,efferent,1481,400,0.25,0.02,0.05,0.5246455097906819,0.14787305874409182,0.27413909520594193,0.002025658338960162,0.029709655638082377,0.02025658338960162,0.0013504388926401081,False,False,False,False,False,False,False
720575940626936324,flow,efferent,1481,400,0.25,0.02,0.1,0.5246455097906819,0.14787305874409182,0.27413909520594193,0.002025658338960162,0.029709655638082377,0.02025658338960162,0.0013504388926401081,False,False,False,False,False,False,False
720575940626936324,flow,efferent,1481,400,0.25,0.01,0.01,0.5246455097906819,0.14787305874409182,0.27413909520594193,0.002025658338960162,0.029709655638082377,0.02025658338960162,0.0013504388926401081,True,True,True,False,False,False,False
720575940626936324,flow,efferent,1481,400,0.25,0.01,0.05,0.5246455097906819,0.14787305874409182,0.27413909520594193,0.002025658338960162,0.029709655638082377,0.02025658338960162,0.0013504388926401081,False,False,False,False,False,False,False
720575940626936324,flow,efferent,1481,400,0.25,0.01,0.1,0.5246455097906819,0.14787305874409182,0.27413909520594193,0.002025658338960162,0.029709655638082377,0.02025658338960162,0.0013504388926401081,False,False,False,False,False,False,False
720575940621471157,flow,efferent,1618,400,0.25,0.14285714285714285,0.01,0.1792336217552534,0.09208899876390605,0.6106304079110012,0.011124845488257108,0.04511742892459827,0.06118665018541409,0.0006180469715698393,True,True,True,False,True,True,
720575940621471157,flow,efferent,1618,400,0.25,0.14285714285714285,0.05,0.1792336217552534,0.09208899876390605,0.6106304079110012,0.011124845488257108,0.04511742892459827,0.06118665018541409,0.0006180469715698393,True,False,True,False,False,False,
720575940621471157,flow,efferent,1618,400,0.25,0.14285714285714285,0.1,0.1792336217552534,0.09208899876390605,0.6106304079110012,0.011124845488257108,0.04511742892459827,0.06118665018541409,0.0006180469715698393,False,False,True,False,False,False,
720575940621471157,flow,efferent,1618,400,0.25,0.04,0.01,0.1792336217552534,0.09208899876390605,0.6106304079110012,0.011124845488257108,0.04511742892459827,0.06118665018541409,0.0006180469715698393,True,True,True,False,False,True,
720575940621471157,flow,efferent,1618,400,0.25,0.04,0.05,0.1792336217552534,0.09208899876390605,0.6106304079110012,0.011124845488257108,0.04511742892459827,0.06118665018541409,0.0006180469715698393,False,False,True,False,False,False,
720575940621471157,flow,efferent,1618,400,0.25,0.04,0.1,0.1792336217552534,0.09208899876390605,0.6106304079110012,0.011124845488257108,0.04511742892459827,0.06118665018541409,0.0006180469715698393,False,False,False,False,False,False,
720575940621471157,flow,efferent,1618,400,0.25,0.02,0.01,0.1792336217552534,0.09208899876390605,0.6106304079110012,0.011124845488257108,0.04511742892459827,0.06118665018541409,0.0006180469715698393,True,False,True,False,False,False,
720575940621471157,flow,efferent,1618,400,0.25,0.02,0.05,0.1792336217552534,0.09208899876390605,0.6106304079110012,0.011124845488257108,0.04511742892459827,0.06118665018541409,0.0006180469715698393,False,False,True,False,False,False,
720575940621471157,flow,efferent,1618,400,0.25,0.02,0.1,0.1792336217552534,0.09208899876390605,0.6106304079110012,0.011124845488257108,0.04511742892459827,0.06118665018541409,0.0006180469715698393,False,False,False,False,False,False,
720575940621471157,flow,efferent,1618,400,0.25,0.01,0.01,0.1792336217552534,0.09208899876390605,0.6106304079110012,0.011124845488257108,0.04511742892459827,0.06118665018541409,0.0006180469715698393,True,False,True,False,False,False,
720575940621471157,flow,efferent,1618,400,0.25,0.01,0.05,0.1792336217552534,0.09208899876390605,0.6106304079110012,0.011124845488257108,0.04511742892459827,0.06118665018541409,0.0006180469715698393,False,False,True,False,False,False,
720575940621471157,flow,efferent,1618,400,0.25,0.01,0.1,0.1792336217552534,0.09208899876390605,0.6106304079110012,0.011124845488257108,0.04511742892459827,0.06118665018541409,0.0006180469715698393,False,False,False,False,False,False,
720575940618405686,flow,efferent,4344,400,0.25,0.14285714285714285,0.01,0.0531767955801105,0.09668508287292818,0.7767034990791897,0.006215469613259668,0.05363720073664825,0.012661141804788214,0.0009208103130755065,True,True,True,False,True,False,False
720575940618405686,flow,efferent,4344,400,0.25,0.14285714285714285,0.05,0.0531767955801105,0.09668508287292818,0.7767034990791897,0.006215469613259668,0.05363720073664825,0.012661141804788214,0.0009208103130755065,False,False,True,False,False,False,False
720575940618405686,flow,efferent,4344,400,0.25,0.14285714285714285,0.1,0.0531767955801105,0.09668508287292818,0.7767034990791897,0.006215469613259668,0.05363720073664825,0.012661141804788214,0.0009208103130755065,False,False,True,False,False,False,False
720575940618405686,flow,efferent,4344,400,0.25,0.04,0.01,0.0531767955801105,0.09668508287292818,0.7767034990791897,0.006215469613259668,0.05363720073664825,0.012661141804788214,0.0009208103130755065,True,True,True,False,False,False,False
720575940618405686,flow,efferent,4344,400,0.25,0.04,0.05,0.0531767955801105,0.09668508287292818,0.7767034990791897,0.006215469613259668,0.05363720073664825,0.012661141804788214,0.0009208103130755065,False,False,True,False,False,False,False
720575940618405686,flow,efferent,4344,400,0.25,0.04,0.1,0.0531767955801105,0.09668508287292818,0.7767034990791897,0.006215469613259668,0.05363720073664825,0.012661141804788214,0.0009208103130755065,False,False,True,False,False,False,False
720575940618405686,flow,efferent,4344,400,0.25,0.02,0.01,0.0531767955801105,0.09668508287292818,0.7767034990791897,0.006215469613259668,0.05363720073664825,0.012661141804788214,0.0009208103130755065,True,True,True,False,False,False,False
720575940618405686,flow,efferent,4344,400,0.25,0.02,0.05,0.0531767955801105,0.09668508287292818,0.7767034990791897,0.006215469613259668,0.05363720073664825,0.012661141804788214,0.0009208103130755065,False,False,True,False,False,False,False
720575940618405686,flow,efferent,4344,400,0.25,0.02,0.1,0.0531767955801105,0.09668508287292818,0.7767034990791897,0.006215469613259668,0.05363720073664825,0.012661141804788214,0.0009208103130755065,False,False,True,False,False,False,False
720575940618405686,flow,efferent,4344,400,0.25,0.01,0.01,0.0531767955801105,0.09668508287292818,0.7767034990791897,0.006215469613259668,0.05363720073664825,0.012661141804788214,0.0009208103130755065,True,False,True,False,False,False,False
720575940618405686,flow,efferent,4344,400,0.25,0.01,0.05,0.0531767955801105,0.09668508287292818,0.7767034990791897,0.006215469613259668,0.05363720073664825,0.012661141804788214,0.0009208103130755065,False,False,True,False,False,False,False
720575940618405686,flow,efferent,4344,400,0.25,0.01,0.1,0.0531767955801105,0.09668508287292818,0.7767034990791897,0.006215469613259668,0.05363720073664825,0.012661141804788214,0.0009208103130755065,False,False,False,False,False,False,False
720575940639705077,flow,efferent,2242,400,0.25,0.14285714285714285,0.01,0.3046387154326494,0.13336306868867082,0.4469223907225691,0.013380909901873328,0.034344335414808205,0.06512042818911686,0.0022301516503122213,True,True,True,True,True,True,False
720575940639705077,flow,efferent,2242,400,0.25,0.14285714285714285,0.05,0.3046387154326494,0.13336306868867082,0.4469223907225691,0.013380909901873328,0.034344335414808205,0.06512042818911686,0.0022301516503122213,True,True,True,False,False,False,False
720575940639705077,flow,efferent,2242,400,0.25,0.14285714285714285,0.1,0.3046387154326494,0.13336306868867082,0.4469223907225691,0.013380909901873328,0.034344335414808205,0.06512042818911686,0.0022301516503122213,False,False,True,False,False,False,False
720575940639705077,flow,efferent,2242,400,0.25,0.04,0.01,0.3046387154326494,0.13336306868867082,0.4469223907225691,0.013380909901873328,0.034344335414808205,0.06512042818911686,0.0022301516503122213,True,True,True,True,False,True,False
720575940639705077,flow,efferent,2242,400,0.25,0.04,0.05,0.3046387154326494,0.13336306868867082,0.4469223907225691,0.013380909901873328,0.034344335414808205,0.06512042818911686,0.0022301516503122213,False,False,True,False,False,False,False
720575940639705077,flow,efferent,2242,400,0.25,0.04,0.1,0.3046387154326494,0.13336306868867082,0.4469223907225691,0.013380909901873328,0.034344335414808205,0.06512042818911686,0.0022301516503122213,False,False,False,False,False,False,False
720575940639705077,flow,efferent,2242,400,0.25,0.02,0.01,0.3046387154326494,0.13336306868867082,0.4469223907225691,0.013380909901873328,0.034344335414808205,0.06512042818911686,0.0022301516503122213,True,True,True,True,False,True,False
720575940639705077,flow,efferent,2242,400,0.25,0.02,0.05,0.3046387154326494,0.13336306868867082,0.4469223907225691,0.013380909901873328,0.034344335414808205,0.06512042818911686,0.0022301516503122213,False,False,False,False,False,False,False
720575940639705077,flow,efferent,2242,400,0.25,0.02,0.1,0.3046387154326494,0.13336306868867082,0.4469223907225691,0.013380909901873328,0.034344335414808205,0.06512042818911686,0.0022301516503122213,False,False,False,False,False,False,False
720575940639705077,flow,efferent,2242,400,0.25,0.01,0.01,0.3046387154326494,0.13336306868867082,0.4469223907225691,0.013380909901873328,0.034344335414808205,0.06512042818911686,0.0022301516503122213,True,True,True,False,False,True,False
720575940639705077,flow,efferent,2242,400,0.25,0.01,0.05,0.3046387154326494,0.13336306868867082,0.4469223907225691,0.013380909901873328,0.034344335414808205,0.06512042818911686,0.0022301516503122213,False,False,False,False,False,False,False
720575940639705077,flow,efferent,2242,400,0.25,0.01,0.1,0.3046387154326494,0.13336306868867082,0.4469223907225691,0.013380909901873328,0.034344335414808205,0.06512042818911686,0.0022301516503122213,False,False,False,False,False,False,False
720575940608076739,flow,efferent,741,400,0.25,0.14285714285714285,0.01,0.33063427800269907,0.13225371120107962,0.4885290148448043,0.004048582995951417,0.029689608636977057,0.014844804318488529,0.0,True,True,True,False,True,False,
720575940608076739,flow,efferent,741,400,0.25,0.14285714285714285,0.05,0.33063427800269907,0.13225371120107962,0.4885290148448043,0.004048582995951417,0.029689608636977057,0.014844804318488529,0.0,True,False,True,False,False,False,
720575940608076739,flow,efferent,741,400,0.25,0.14285714285714285,0.1,0.33063427800269907,0.13225371120107962,0.4885290148448043,0.004048582995951417,0.029689608636977057,0.014844804318488529,0.0,True,False,True,False,False,False,
720575940608076739,flow,efferent,741,400,0.25,0.04,0.01,0.33063427800269907,0.13225371120107962,0.4885290148448043,0.004048582995951417,0.029689608636977057,0.014844804318488529,0.0,True,True,True,False,True,False,
720575940608076739,flow,efferent,741,400,0.25,0.04,0.05,0.33063427800269907,0.13225371120107962,0.4885290148448043,0.004048582995951417,0.029689608636977057,0.014844804318488529,0.0,True,False,True,False,False,False,
720575940608076739,flow,efferent,741,400,0.25,0.04,0.1,0.33063427800269907,0.13225371120107962,0.4885290148448043,0.004048582995951417,0.029689608636977057,0.014844804318488529,0.0,False,False,False,False,False,False,
720575940608076739,flow,efferent,741,400,0.25,0.02,0.01,0.33063427800269907,0.13225371120107962,0.4885290148448043,0.004048582995951417,0.029689608636977057,0.014844804318488529,0.0,True,True,True,False,True,False,
720575940608076739,flow,efferent,741,400,0.25,0.02,0.05,0.33063427800269907,0.13225371120107962,0.4885290148448043,0.004048582995951417,0.029689608636977057,0.014844804318488529,0.0,True,False,True,False,False,False,
720575940608076739,flow,efferent,741,400,0.25,0.02,0.1,0.33063427800269907,0.13225371120107962,0.4885290148448043,0.004048582995951417,0.029689608636977057,0.014844804318488529,0.0,False,False,False,False,False,False,
720575940608076739,flow,efferent,741,400,0.25,0.01,0.01,0.33063427800269907,0.13225371120107962,0.4885290148448043,0.004048582995951417,0.029689608636977057,0.014844804318488529,0.0,True,True,True,False,False,False,
720575940608076739,flow,efferent,741,400,0.25,0.01,0.05,0.33063427800269907,0.13225371120107962,0.4885290148448043,0.004048582995951417,0.029689608636977057,0.014844804318488529,0.0,False,False,True,False,False,False,
720575940608076739,flow,efferent,741,400,0.25,0.01,0.1,0.33063427800269907,0.13225371120107962,0.4885290148448043,0.004048582995951417,0.029689608636977057,0.014844804318488529,0.0,False,False,False,False,False,False,
720575940629438508,flow,efferent,1926,400,0.25,0.14285714285714285,0.01,0.357736240913811,0.09968847352024922,0.34787123572170303,0.01921079958463136,0.08982346832814123,0.08255451713395638,0.003115264797507788,True,True,True,True,True,True,False
720575940629438508,flow,efferent,1926,400,0.25,0.14285714285714285,0.05,0.357736240913811,0.09968847352024922,0.34787123572170303,0.01921079958463136,0.08982346832814123,0.08255451713395638,0.003115264797507788,True,False,True,False,False,False,False
720575940629438508,flow,efferent,1926,400,0.25,0.14285714285714285,0.1,0.357736240913811,0.09968847352024922,0.34787123572170303,0.01921079958463136,0.08982346832814123,0.08255451713395638,0.003115264797507788,True,False,True,False,False,False,False
720575940629438508,flow,efferent,1926,400,0.25,0.04,0.01,0.357736240913811,0.09968847352024922,0.34787123572170303,0.01921079958463136,0.08982346832814123,0.08255451713395638,0.003115264797507788,True,True,True,True,True,True,False
720575940629438508,flow,efferent,1926,400,0.25,0.04,0.05,0.357736240913811,0.09968847352024922,0.34787123572170303,0.01921079958463136,0.08982346832814123,0.08255451713395638,0.003115264797507788,True,False,False,False,False,False,False
720575940629438508,flow,efferent,1926,400,0.25,0.04,0.1,0.357736240913811,0.09968847352024922,0.34787123572170303,0.01921079958463136,0.08982346832814123,0.08255451713395638,0.003115264797507788,False,False,False,False,False,False,False
720575940629438508,flow,efferent,1926,400,0.25,0.02,0.01,0.357736240913811,0.09968847352024922,0.34787123572170303,0.01921079958463136,0.08982346832814123,0.08255451713395638,0.003115264797507788,True,True,True,False,True,False,False
720575940629438508,flow,efferent,1926,400,0.25,0.02,0.05,0.357736240913811,0.09968847352024922,0.34787123572170303,0.01921079958463136,0.08982346832814123,0.08255451713395638,0.003115264797507788,True,False,False,False,False,False,False
720575940629438508,flow,efferent,1926,400,0.25,0.02,0.1,0.357736240913811,0.09968847352024922,0.34787123572170303,0.01921079958463136,0.08982346832814123,0.08255451713395638,0.003115264797507788,False,False,False,False,False,False,False
720575940629438508,flow,efferent,1926,400,0.25,0.01,0.01,0.357736240913811,0.09968847352024922,0.34787123572170303,0.01921079958463136,0.08982346832814123,0.08255451713395638,0.003115264797507788,True,False,True,False,False,False,False
720575940629438508,flow,efferent,1926,400,0.25,0.01,0.05,0.357736240913811,0.09968847352024922,0.34787123572170303,0.01921079958463136,0.08982346832814123,0.08255451713395638,0.003115264797507788,True,False,False,False,False,False,False
720575940629438508,flow,efferent,1926,400,0.25,0.01,0.1,0.357736240913811,0.09968847352024922,0.34787123572170303,0.01921079958463136,0.08982346832814123,0.08255451713395638,0.003115264797507788,False,False,False,False,False,False,False
720575940625937340,flow,efferent,2437,400,0.25,0.14285714285714285,0.01,0.3972096840377513,0.07468198604842019,0.43496101764464506,0.007796471070988921,0.031185884283955682,0.05211325400082068,0.002051702913418137,True,True,True,False,True,True,False
720575940625937340,flow,efferent,2437,400,0.25,0.14285714285714285,0.05,0.3972096840377513,0.07468198604842019,0.43496101764464506,0.007796471070988921,0.031185884283955682,0.05211325400082068,0.002051702913418137,True,True,True,False,False,False,False
720575940625937340,flow,efferent,2437,400,0.25,0.14285714285714285,0.1,0.3972096840377513,0.07468198604842019,0.43496101764464506,0.007796471070988921,0.031185884283955682,0.05211325400082068,0.002051702913418137,True,False,True,False,False,False,False
720575940625937340,flow,efferent,2437,400,0.25,0.04,0.01,0.3972096840377513,0.07468198604842019,0.43496101764464506,0.007796471070988921,0.031185884283955682,0.05211325400082068,0.002051702913418137,True,True,True,False,False,True,False
720575940625937340,flow,efferent,2437,400,0.25,0.04,0.05,0.3972096840377513,0.07468198604842019,0.43496101764464506,0.007796471070988921,0.031185884283955682,0.05211325400082068,0.002051702913418137,False,False,True,False,False,False,False
720575940625937340,flow,efferent,2437,400,0.25,0.04,0.1,0.3972096840377513,0.07468198604842019,0.43496101764464506,0.007796471070988921,0.031185884283955682,0.05211325400082068,0.002051702913418137,False,False,False,False,False,False,False
720575940625937340,flow,efferent,2437,400,0.25,0.02,0.01,0.3972096840377513,0.07468198604842019,0.43496101764464506,0.007796471070988921,0.031185884283955682,0.05211325400082068,0.002051702913418137,True,True,True,False,False,False,False
720575940625937340,flow,efferent,2437,400,0.25,0.02,0.05,0.3972096840377513,0.07468198604842019,0.43496101764464506,0.007796471070988921,0.031185884283955682,0.05211325400082068,0.002051702913418137,False,False,False,False,False,False,False
720575940625937340,flow,efferent,2437,400,0.25,0.02,0.1,0.3972096840377513,0.07468198604842019,0.43496101764464506,0.007796471070988921,0.031185884283955682,0.05211325400082068,0.002051702913418137,False,False,False,False,False,False,False
720575940625937340,flow,efferent,2437,400,0.25,0.01,0.01,0.3972096840377513,0.07468198604842019,0.43496101764464506,0.007796471070988921,0.031185884283955682,0.05211325400082068,0.002051702913418137,True,False,True,False,False,False,False
720575940625937340,flow,efferent,2437,400,0.25,0.01,0.05,0.3972096840377513,0.07468198604842019,0.43496101764464506,0.007796471070988921,0.031185884283955682,0.05211325400082068,0.002051702913418137,False,False,False,False,False,False,False
720575940625937340,flow,efferent,2437,400,0.25,0.01,0.1,0.3972096840377513,0.07468198604842019,0.43496101764464506,0.007796471070988921,0.031185884283955682,0.05211325400082068,0.002051702913418137,False,False,False,False,False,False,False
720575940626799920,flow,efferent,1583,400,0.25,0.14285714285714285,0.01,0.39418825015792797,0.12886923562855337,0.37018319646241316,0.006948831332912192,0.04042956411876184,0.056854074542008845,0.002526847757422615,True,True,True,False,True,True,False
720575940626799920,flow,efferent,1583,400,0.25,0.14285714285714285,0.05,0.39418825015792797,0.12886923562855337,0.37018319646241316,0.006948831332912192,0.04042956411876184,0.056854074542008845,0.002526847757422615,True,True,True,False,False,False,False
720575940626799920,flow,efferent,1583,400,0.25,0.14285714285714285,0.1,0.39418825015792797,0.12886923562855337,0.37018319646241316,0.006948831332912192,0.04042956411876184,0.056854074542008845,0.002526847757422615,True,False,True,False,False,False,False
720575940626799920,flow,efferent,1583,400,0.25,0.04,0.01,0.39418825015792797,0.12886923562855337,0.37018319646241316,0.006948831332912192,0.04042956411876184,0.056854074542008845,0.002526847757422615,True,True,True,False,False,True,False
720575940626799920,flow,efferent,1583,400,0.25,0.04,0.05,0.39418825015792797,0.12886923562855337,0.37018319646241316,0.006948831332912192,0.04042956411876184,0.056854074542008845,0.002526847757422615,True,False,True,False,False,False,False
720575940626799920,flow,efferent,1583,400,0.25,0.04,0.1,0.39418825015792797,0.12886923562855337,0.37018319646241316,0.006948831332912192,0.04042956411876184,0.056854074542008845,0.002526847757422615,False,False,False,False,False,False,False
720575940626799920,flow,efferent,1583,400,0.25,0.02,0.01,0.39418825015792797,0.12886923562855337,0.37018319646241316,0.006948831332912192,0.04042956411876184,0.056854074542008845,0.002526847757422615,True,True,True,False,False,False,False
720575940626799920,flow,efferent,1583,400,0.25,0.02,0.05,0.39418825015792797,0.12886923562855337,0.37018319646241316,0.006948831332912192,0.04042956411876184,0.056854074542008845,0.002526847757422615,False,False,False,False,False,False,False
720575940626799920,flow,efferent,1583,400,0.25,0.02,0.1,0.39418825015792797,0.12886923562855337,0.37018319646241316,0.006948831332912192,0.04042956411876184,0.056854074542008845,0.002526847757422615,False,False,False,False,False,False,False
720575940626799920,flow,efferent,1583,400,0.25,0.01,0.01,0.39418825015792797,0.12886923562855337,0.37018319646241316,0.006948831332912192,0.04042956411876184,0.056854074542008845,0.002526847757422615,True,True,True,False,False,False,False
720575940626799920,flow,efferent,1583,400,0.25,0.01,0.05,0.39418825015792797,0.12886923562855337,0.37018319646241316,0.006948831332912192,0.04042956411876184,0.056854074542008845,0.002526847757422615,False,False,False,False,False,False,False
720575940626799920,flow,efferent,1583,400,0.25,0.01,0.1,0.39418825015792797,0.12886923562855337,0.37018319646241316,0.006948831332912192,0.04042956411876184,0.056854074542008845,0.002526847757422615,False,False,False,False,False,False,False
720575940635564896,flow,efferent,1280,400,0.25,0.14285714285714285,0.01,0.14140625,0.05,0.7328125,0.00390625,0.0375,0.034375,0.0,True,True,True,False,False,True,
720575940635564896,flow,efferent,1280,400,0.25,0.14285714285714285,0.05,0.14140625,0.05,0.7328125,0.00390625,0.0375,0.034375,0.0,False,False,True,False,False,False,
720575940635564896,flow,efferent,1280,400,0.25,0.14285714285714285,0.1,0.14140625,0.05,0.7328125,0.00390625,0.0375,0.034375,0.0,False,False,True,False,False,False,
720575940635564896,flow,efferent,1280,400,0.25,0.04,0.01,0.14140625,0.05,0.7328125,0.00390625,0.0375,0.034375,0.0,True,True,True,False,False,False,
720575940635564896,flow,efferent,1280,400,0.25,0.04,0.05,0.14140625,0.05,0.7328125,0.00390625,0.0375,0.034375,0.0,False,False,True,False,False,False,
720575940635564896,flow,efferent,1280,400,0.25,0.04,0.1,0.14140625,0.05,0.7328125,0.00390625,0.0375,0.034375,0.0,False,False,True,False,False,False,
720575940635564896,flow,efferent,1280,400,0.25,0.02,0.01,0.14140625,0.05,0.7328125,0.00390625,0.0375,0.034375,0.0,True,False,True,False,False,False,
720575940635564896,flow,efferent,1280,400,0.25,0.02,0.05,0.14140625,0.05,0.7328125,0.00390625,0.0375,0.034375,0.0,False,False,True,False,False,False,
720575940635564896,flow,efferent,1280,400,0.25,0.02,0.1,0.14140625,0.05,0.7328125,0.00390625,0.0375,0.034375,0.0,False,False,False,False,False,False,
720575940635564896,flow,efferent,1280,400,0.25,0.01,0.01,0.14140625,0.05,0.7328125,0.00390625,0.0375,0.034375,0.0,True,False,True,False,False,False,
720575940635564896,flow,efferent,1280,400,0.25,0.01,0.05,0.14140625,0.05,0.7328125,0.00390625,0.0375,0.034375,0.0,False,False,True,False,False,False,
720575940635564896,flow,efferent,1280,400,0.25,0.01,0.1,0.14140625,0.05,0.7328125,0.00390625,0.0375,0.034375,0.0,False,False,False,False,False,False,
720575940620929483,flow,efferent,2219,400,0.25,0.14285714285714285,0.01,0.40198287516899506,0.08156827399729608,0.36142406489409645,0.00811176205497972,0.07976566020730058,0.06399278954484001,0.0031545741324921135,True,True,True,False,True,True,False
720575940620929483,flow,efferent,2219,400,0.25,0.14285714285714285,0.05,0.40198287516899506,0.08156827399729608,0.36142406489409645,0.00811176205497972,0.07976566020730058,0.06399278954484001,0.0031545741324921135,True,False,True,False,False,False,False
720575940620929483,flow,efferent,2219,400,0.25,0.14285714285714285,0.1,0.40198287516899506,0.08156827399729608,0.36142406489409645,0.00811176205497972,0.07976566020730058,0.06399278954484001,0.0031545741324921135,True,False,True,False,False,False,False
720575940620929483,flow,efferent,2219,400,0.25,0.04,0.01,0.40198287516899506,0.08156827399729608,0.36142406489409645,0.00811176205497972,0.07976566020730058,0.06399278954484001,0.0031545741324921135,True,True,True,False,True,True,False
720575940620929483,flow,efferent,2219,400,0.25,0.04,0.05,0.40198287516899506,0.08156827399729608,0.36142406489409645,0.00811176205497972,0.07976566020730058,0.06399278954484001,0.0031545741324921135,True,False,True,False,False,False,False
720575940620929483,flow,efferent,2219,400,0.25,0.04,0.1,0.40198287516899506,0.08156827399729608,0.36142406489409645,0.00811176205497972,0.07976566020730058,0.06399278954484001,0.0031545741324921135,False,False,False,False,False,False,False
720575940620929483,flow,efferent,2219,400,0.25,0.02,0.01,0.40198287516899506,0.08156827399729608,0.36142406489409645,0.00811176205497972,0.07976566020730058,0.06399278954484001,0.0031545741324921135,True,False,True,False,False,False,False
720575940620929483,flow,efferent,2219,400,0.25,0.02,0.05,0.40198287516899506,0.08156827399729608,0.36142406489409645,0.00811176205497972,0.07976566020730058,0.06399278954484001,0.0031545741324921135,True,False,False,False,False,False,False
720575940620929483,flow,efferent,2219,400,0.25,0.02,0.1,0.40198287516899506,0.08156827399729608,0.36142406489409645,0.00811176205497972,0.07976566020730058,0.06399278954484001,0.0031545741324921135,False,False,False,False,False,False,False
720575940620929483,flow,efferent,2219,400,0.25,0.01,0.01,0.40198287516899506,0.08156827399729608,0.36142406489409645,0.00811176205497972,0.07976566020730058,0.06399278954484001,0.0031545741324921135,True,False,True,False,False,False,False
720575940620929483,flow,efferent,2219,400,0.25,0.01,0.05,0.40198287516899506,0.08156827399729608,0.36142406489409645,0.00811176205497972,0.07976566020730058,0.06399278954484001,0.0031545741324921135,True,False,False,False,False,False,False
720575940620929483,flow,efferent,2219,400,0.25,0.01,0.1,0.40198287516899506,0.08156827399729608,0.36142406489409645,0.00811176205497972,0.07976566020730058,0.06399278954484001,0.0031545741324921135,False,False,False,False,False,False,False
720575940630059087,flow,efferent,1473,400,0.25,0.14285714285714285,0.01,0.3251866938221317,0.15885947046843177,0.33536999321113375,0.008825526137135099,0.08282416836388323,0.08757637474541752,0.0013577732518669382,True,True,True,False,True,True,False
720575940630059087,flow,efferent,1473,400,0.25,0.14285714285714285,0.05,0.3251866938221317,0.15885947046843177,0.33536999321113375,0.008825526137135099,0.08282416836388323,0.08757637474541752,0.0013577732518669382,True,True,True,False,False,True,False
720575940630059087,flow,efferent,1473,400,0.25,0.14285714285714285,0.1,0.3251866938221317,0.15885947046843177,0.33536999321113375,0.008825526137135099,0.08282416836388323,0.08757637474541752,0.0013577732518669382,True,False,True,False,False,False,False
720575940630059087,flow,efferent,1473,400,0.25,0.04,0.01,0.3251866938221317,0.15885947046843177,0.33536999321113375,0.008825526137135099,0.08282416836388323,0.08757637474541752,0.0013577732518669382,True,True,True,False,True,True,False
720575940630059087,flow,efferent,1473,400,0.25,0.04,0.05,0.3251866938221317,0.15885947046843177,0.33536999321113375,0.008825526137135099,0.08282416836388323,0.08757637474541752,0.0013577732518669382,True,False,True,False,False,False,False
720575940630059087,flow,efferent,1473,400,0.25,0.04,0.1,0.3251866938221317,0.15885947046843177,0.33536999321113375,0.008825526137135099,0.08282416836388323,0.08757637474541752,0.0013577732518669382,True,False,False,False,False,False,False
720575940630059087,flow,efferent,1473,400,0.25,0.02,0.01,0.3251866938221317,0.15885947046843177,0.33536999321113375,0.008825526137135099,0.08282416836388323,0.08757637474541752,0.0013577732518669382,True,True,True,False,True,False,False
720575940630059087,flow,efferent,1473,400,0.25,0.02,0.05,0.3251866938221317,0.15885947046843177,0.33536999321113375,0.008825526137135099,0.08282416836388323,0.08757637474541752,0.0013577732518669382,True,False,False,False,False,False,False
720575940630059087,flow,efferent,1473,400,0.25,0.02,0.1,0.3251866938221317,0.15885947046843177,0.33536999321113375,0.008825526137135099,0.08282416836388323,0.08757637474541752,0.0013577732518669382,True,False,False,False,False,False,False
720575940630059087,flow,efferent,1473,400,0.25,0.01,0.01,0.3251866938221317,0.15885947046843177,0.33536999321113375,0.008825526137135099,0.08282416836388323,0.08757637474541752,0.0013577732518669382,True,True,True,False,False,False,False
720575940630059087,flow,efferent,1473,400,0.25,0.01,0.05,0.3251866938221317,0.15885947046843177,0.33536999321113375,0.008825526137135099,0.08282416836388323,0.08757637474541752,0.0013577732518669382,True,False,False,False,False,False,False
720575940630059087,flow,efferent,1473,400,0.25,0.01,0.1,0.3251866938221317,0.15885947046843177,0.33536999321113375,0.008825526137135099,0.08282416836388323,0.08757637474541752,0.0013577732518669382,True,False,False,False,False,False,False
720575940631973207,flow,efferent,629,400,0.25,0.14285714285714285,0.01,0.23529411764705882,0.22416534181240064,0.4960254372019078,0.003179650238473768,0.034976152623211444,0.0047694753577106515,0.001589825119236884,True,True,True,False,False,False,
720575940631973207,flow,efferent,629,400,0.25,0.14285714285714285,0.05,0.23529411764705882,0.22416534181240064,0.4960254372019078,0.003179650238473768,0.034976152623211444,0.0047694753577106515,0.001589825119236884,True,True,True,False,False,False,
720575940631973207,flow,efferent,629,400,0.25,0.14285714285714285,0.1,0.23529411764705882,0.22416534181240064,0.4960254372019078,0.003179650238473768,0.034976152623211444,0.0047694753577106515,0.001589825119236884,False,False,True,False,False,False,
720575940631973207,flow,efferent,629,400,0.25,0.04,0.01,0.23529411764705882,0.22416534181240064,0.4960254372019078,0.003179650238473768,0.034976152623211444,0.0047694753577106515,0.001589825119236884,True,True,True,False,False,False,
720575940631973207,flow,efferent,629,400,0.25,0.04,0.05,0.23529411764705882,0.22416534181240064,0.4960254372019078,0.003179650238473768,0.034976152623211444,0.0047694753577106515,0.001589825119236884,True,True,True,False,False,False,
720575940631973207,flow,efferent,629,400,0.25,0.04,0.1,0.23529411764705882,0.22416534181240064,0.4960254372019078,0.003179650238473768,0.034976152623211444,0.0047694753577106515,0.001589825119236884,False,False,False,False,False,False,
720575940631973207,flow,efferent,629,400,0.25,0.02,0.01,0.23529411764705882,0.22416534181240064,0.4960254372019078,0.003179650238473768,0.034976152623211444,0.0047694753577106515,0.001589825119236884,True,True,True,False,False,False,
720575940631973207,flow,efferent,629,400,0.25,0.02,0.05,0.23529411764705882,0.22416534181240064,0.4960254372019078,0.003179650238473768,0.034976152623211444,0.0047694753577106515,0.001589825119236884,False,False,True,False,False,False,
720575940631973207,flow,efferent,629,400,0.25,0.02,0.1,0.23529411764705882,0.22416534181240064,0.4960254372019078,0.003179650238473768,0.034976152623211444,0.0047694753577106515,0.001589825119236884,False,False,False,False,False,False,
720575940631973207,flow,efferent,629,400,0.25,0.01,0.01,0.23529411764705882,0.22416534181240064,0.4960254372019078,0.003179650238473768,0.034976152623211444,0.0047694753577106515,0.001589825119236884,True,True,True,False,False,False,
720575940631973207,flow,efferent,629,400,0.25,0.01,0.05,0.23529411764705882,0.22416534181240064,0.4960254372019078,0.003179650238473768,0.034976152623211444,0.0047694753577106515,0.001589825119236884,False,False,True,False,False,False,
720575940631973207,flow,efferent,629,400,0.25,0.01,0.1,0.23529411764705882,0.22416534181240064,0.4960254372019078,0.003179650238473768,0.034976152623211444,0.0047694753577106515,0.001589825119236884,False,False,False,False,False,False,
720575940609948514,flow,efferent,7856,400,0.25,0.14285714285714285,0.01,0.022785132382892058,0.8859470468431772,0.02584012219959267,0.005218940936863543,0.031568228105906315,0.0280040733197556,0.0006364562118126273,False,True,True,False,True,True,False
720575940609948514,flow,efferent,7856,400,0.25,0.14285714285714285,0.05,0.022785132382892058,0.8859470468431772,0.02584012219959267,0.005218940936863543,0.031568228105906315,0.0280040733197556,0.0006364562118126273,False,True,False,False,False,False,False
720575940609948514,flow,efferent,7856,400,0.25,0.14285714285714285,0.1,0.022785132382892058,0.8859470468431772,0.02584012219959267,0.005218940936863543,0.031568228105906315,0.0280040733197556,0.0006364562118126273,False,True,False,False,False,False,False
720575940609948514,flow,efferent,7856,400,0.25,0.04,0.01,0.022785132382892058,0.8859470468431772,0.02584012219959267,0.005218940936863543,0.031568228105906315,0.0280040733197556,0.0006364562118126273,False,True,False,False,False,False,False
720575940609948514,flow,efferent,7856,400,0.25,0.04,0.05,0.022785132382892058,0.8859470468431772,0.02584012219959267,0.005218940936863543,0.031568228105906315,0.0280040733197556,0.0006364562118126273,False,True,False,False,False,False,False
720575940609948514,flow,efferent,7856,400,0.25,0.04,0.1,0.022785132382892058,0.8859470468431772,0.02584012219959267,0.005218940936863543,0.031568228105906315,0.0280040733197556,0.0006364562118126273,False,True,False,False,False,False,False
720575940609948514,flow,efferent,7856,400,0.25,0.02,0.01,0.022785132382892058,0.8859470468431772,0.02584012219959267,0.005218940936863543,0.031568228105906315,0.0280040733197556,0.0006364562118126273,False,True,False,False,False,False,False
720575940609948514,flow,efferent,7856,400,0.25,0.02,0.05,0.022785132382892058,0.8859470468431772,0.02584012219959267,0.005218940936863543,0.031568228105906315,0.0280040733197556,0.0006364562118126273,False,True,False,False,False,False,False
720575940609948514,flow,efferent,7856,400,0.25,0.02,0.1,0.022785132382892058,0.8859470468431772,0.02584012219959267,0.005218940936863543,0.031568228105906315,0.0280040733197556,0.0006364562118126273,False,True,False,False,False,False,False
720575940609948514,flow,efferent,7856,400,0.25,0.01,0.01,0.022785132382892058,0.8859470468431772,0.02584012219959267,0.005218940936863543,0.031568228105906315,0.0280040733197556,0.0006364562118126273,False,True,False,False,False,False,False
720575940609948514,flow,efferent,7856,400,0.25,0.01,0.05,0.022785132382892058,0.8859470468431772,0.02584012219959267,0.005218940936863543,0.031568228105906315,0.0280040733197556,0.0006364562118126273,False,False,False,False,False,False,False
720575940609948514,flow,efferent,7856,400,0.25,0.01,0.1,0.022785132382892058,0.8859470468431772,0.02584012219959267,0.005218940936863543,0.031568228105906315,0.0280040733197556,0.0006364562118126273,False,False,False,False,False,False,False
720575940622760269,flow,efferent,815,400,0.25,0.14285714285714285,0.01,0.4233128834355828,0.14969325153374233,0.35828220858895704,0.011042944785276074,0.03558282208588957,0.022085889570552148,0.0,True,True,True,False,True,False,
720575940622760269,flow,efferent,815,400,0.25,0.14285714285714285,0.05,0.4233128834355828,0.14969325153374233,0.35828220858895704,0.011042944785276074,0.03558282208588957,0.022085889570552148,0.0,True,True,True,False,False,False,
720575940622760269,flow,efferent,815,400,0.25,0.14285714285714285,0.1,0.4233128834355828,0.14969325153374233,0.35828220858895704,0.011042944785276074,0.03558282208588957,0.022085889570552148,0.0,True,False,True,False,False,False,
720575940622760269,flow,efferent,815,400,0.25,0.04,0.01,0.4233128834355828,0.14969325153374233,0.35828220858895704,0.011042944785276074,0.03558282208588957,0.022085889570552148,0.0,True,True,True,False,False,False,
720575940622760269,flow,efferent,815,400,0.25,0.04,0.05,0.4233128834355828,0.14969325153374233,0.35828220858895704,0.011042944785276074,0.03558282208588957,0.022085889570552148,0.0,True,False,True,False,False,False,
720575940622760269,flow,efferent,815,400,0.25,0.04,0.1,0.4233128834355828,0.14969325153374233,0.35828220858895704,0.011042944785276074,0.03558282208588957,0.022085889570552148,0.0,True,False,False,False,False,False,
720575940622760269,flow,efferent,815,400,0.25,0.02,0.01,0.4233128834355828,0.14969325153374233,0.35828220858895704,0.011042944785276074,0.03558282208588957,0.022085889570552148,0.0,True,True,True,False,False,False,
720575940622760269,flow,efferent,815,400,0.25,0.02,0.05,0.4233128834355828,0.14969325153374233,0.35828220858895704,0.011042944785276074,0.03558282208588957,0.022085889570552148,0.0,True,False,True,False,False,False,
720575940622760269,flow,efferent,815,400,0.25,0.02,0.1,0.4233128834355828,0.14969325153374233,0.35828220858895704,0.011042944785276074,0.03558282208588957,0.022085889570552148,0.0,False,False,False,False,False,False,
720575940622760269,flow,efferent,815,400,0.25,0.01,0.01,0.4233128834355828,0.14969325153374233,0.35828220858895704,0.011042944785276074,0.03558282208588957,0.022085889570552148,0.0,True,True,True,False,False,False,
720575940622760269,flow,efferent,815,400,0.25,0.01,0.05,0.4233128834355828,0.14969325153374233,0.35828220858895704,0.011042944785276074,0.03558282208588957,0.022085889570552148,0.0,True,False,True,False,False,False,
720575940622760269,flow,efferent,815,400,0.25,0.01,0.1,0.4233128834355828,0.14969325153374233,0.35828220858895704,0.011042944785276074,0.03558282208588957,0.022085889570552148,0.0,False,False,False,False,False,False,
720575940624991495,flow,efferent,1222,400,0.25,0.14285714285714285,0.01,0.1104746317512275,0.3788870703764321,0.02536824877250409,0.16612111292962356,0.26759410801963995,0.05073649754500818,0.0008183306055646482,True,True,True,True,True,True,
720575940624991495,flow,efferent,1222,400,0.25,0.14285714285714285,0.05,0.1104746317512275,0.3788870703764321,0.02536824877250409,0.16612111292962356,0.26759410801963995,0.05073649754500818,0.0008183306055646482,True,True,False,True,True,False,
720575940624991495,flow,efferent,1222,400,0.25,0.14285714285714285,0.1,0.1104746317512275,0.3788870703764321,0.02536824877250409,0.16612111292962356,0.26759410801963995,0.05073649754500818,0.0008183306055646482,False,True,False,False,False,False,
720575940624991495,flow,efferent,1222,400,0.25,0.04,0.01,0.1104746317512275,0.3788870703764321,0.02536824877250409,0.16612111292962356,0.26759410801963995,0.05073649754500818,0.0008183306055646482,True,True,False,True,True,True,
720575940624991495,flow,efferent,1222,400,0.25,0.04,0.05,0.1104746317512275,0.3788870703764321,0.02536824877250409,0.16612111292962356,0.26759410801963995,0.05073649754500818,0.0008183306055646482,True,True,False,False,False,False,
720575940624991495,flow,efferent,1222,400,0.25,0.04,0.1,0.1104746317512275,0.3788870703764321,0.02536824877250409,0.16612111292962356,0.26759410801963995,0.05073649754500818,0.0008183306055646482,False,True,False,False,False,False,
720575940624991495,flow,efferent,1222,400,0.25,0.02,0.01,0.1104746317512275,0.3788870703764321,0.02536824877250409,0.16612111292962356,0.26759410801963995,0.05073649754500818,0.0008183306055646482,True,True,False,True,True,True,
720575940624991495,flow,efferent,1222,400,0.25,0.02,0.05,0.1104746317512275,0.3788870703764321,0.02536824877250409,0.16612111292962356,0.26759410801963995,0.05073649754500818,0.0008183306055646482,True,True,False,False,False,False,
720575940624991495,flow,efferent,1222,400,0.25,0.02,0.1,0.1104746317512275,0.3788870703764321,0.02536824877250409,0.16612111292962356,0.26759410801963995,0.05073649754500818,0.0008183306055646482,False,True,False,False,False,False,
720575940624991495,flow,efferent,1222,400,0.25,0.01,0.01,0.1104746317512275,0.3788870703764321,0.02536824877250409,0.16612111292962356,0.26759410801963995,0.05073649754500818,0.0008183306055646482,True,True,False,True,True,True,
720575940624991495,flow,efferent,1222,400,0.25,0.01,0.05,0.1104746317512275,0.3788870703764321,0.02536824877250409,0.16612111292962356,0.26759410801963995,0.05073649754500818,0.0008183306055646482,True,True,False,False,False,False,
720575940624991495,flow,efferent,1222,400,0.25,0.01,0.1,0.1104746317512275,0.3788870703764321,0.02536824877250409,0.16612111292962356,0.26759410801963995,0.05073649754500818,0.0008183306055646482,False,True,False,False,False,False,
720575940618736797,flow,efferent,1224,400,0.25,0.14285714285714285,0.01,0.06372549019607843,0.061274509803921566,0.013071895424836602,0.32516339869281047,0.4918300653594771,0.04493464052287582,0.0,True,True,False,True,True,True,
720575940618736797,flow,efferent,1224,400,0.25,0.14285714285714285,0.05,0.06372549019607843,0.061274509803921566,0.013071895424836602,0.32516339869281047,0.4918300653594771,0.04493464052287582,0.0,False,False,False,True,True,False,
720575940618736797,flow,efferent,1224,400,0.25,0.14285714285714285,0.1,0.06372549019607843,0.061274509803921566,0.013071895424836602,0.32516339869281047,0.4918300653594771,0.04493464052287582,0.0,False,False,False,True,True,False,
720575940618736797,flow,efferent,1224,400,0.25,0.04,0.01,0.06372549019607843,0.061274509803921566,0.013071895424836602,0.32516339869281047,0.4918300653594771,0.04493464052287582,0.0,True,True,False,True,True,True,
720575940618736797,flow,efferent,1224,400,0.25,0.04,0.05,0.06372549019607843,0.061274509803921566,0.013071895424836602,0.32516339869281047,0.4918300653594771,0.04493464052287582,0.0,False,False,False,True,True,False,
720575940618736797,flow,efferent,1224,400,0.25,0.04,0.1,0.06372549019607843,0.061274509803921566,0.013071895424836602,0.32516339869281047,0.4918300653594771,0.04493464052287582,0.0,False,False,False,False,True,False,
720575940618736797,flow,efferent,1224,400,0.25,0.02,0.01,0.06372549019607843,0.061274509803921566,0.013071895424836602,0.32516339869281047,0.4918300653594771,0.04493464052287582,0.0,True,False,False,True,True,True,
720575940618736797,flow,efferent,1224,400,0.25,0.02,0.05,0.06372549019607843,0.061274509803921566,0.013071895424836602,0.32516339869281047,0.4918300653594771,0.04493464052287582,0.0,False,False,False,True,True,False,
720575940618736797,flow,efferent,1224,400,0.25,0.02,0.1,0.06372549019607843,0.061274509803921566,0.013071895424836602,0.32516339869281047,0.4918300653594771,0.04493464052287582,0.0,False,False,False,False,True,False,
720575940618736797,flow,efferent,1224,400,0.25,0.01,0.01,0.06372549019607843,0.061274509803921566,0.013071895424836602,0.32516339869281047,0.4918300653594771,0.04493464052287582,0.0,True,False,False,True,True,True,
720575940618736797,flow,efferent,1224,400,0.25,0.01,0.05,0.06372549019607843,0.061274509803921566,0.013071895424836602,0.32516339869281047,0.4918300653594771,0.04493464052287582,0.0,False,False,False,False,True,False,
720575940618736797,flow,efferent,1224,400,0.25,0.01,0.1,0.06372549019607843,0.061274509803921566,0.013071895424836602,0.32516339869281047,0.4918300653594771,0.04493464052287582,0.0,False,False,False,False,False,False,
720575940620182181,flow,efferent,689,400,0.25,0.14285714285714285,0.01,0.17126269956458637,0.18432510885341075,0.10449927431059507,0.23222060957910015,0.26850507982583455,0.03773584905660377,0.001451378809869376,True,True,True,True,True,True,
720575940620182181,flow,efferent,689,400,0.25,0.14285714285714285,0.05,0.17126269956458637,0.18432510885341075,0.10449927431059507,0.23222060957910015,0.26850507982583455,0.03773584905660377,0.001451378809869376,True,True,True,True,True,False,
720575940620182181,flow,efferent,689,400,0.25,0.14285714285714285,0.1,0.17126269956458637,0.18432510885341075,0.10449927431059507,0.23222060957910015,0.26850507982583455,0.03773584905660377,0.001451378809869376,True,False,False,True,False,False,
720575940620182181,flow,efferent,689,400,0.25,0.04,0.01,0.17126269956458637,0.18432510885341075,0.10449927431059507,0.23222060957910015,0.26850507982583455,0.03773584905660377,0.001451378809869376,True,True,True,True,True,True,
720575940620182181,flow,efferent,689,400,0.25,0.04,0.05,0.17126269956458637,0.18432510885341075,0.10449927431059507,0.23222060957910015,0.26850507982583455,0.03773584905660377,0.001451378809869376,True,False,False,True,False,False,
720575940620182181,flow,efferent,689,400,0.25,0.04,0.1,0.17126269956458637,0.18432510885341075,0.10449927431059507,0.23222060957910015,0.26850507982583455,0.03773584905660377,0.001451378809869376,True,False,False,False,False,False,
720575940620182181,flow,efferent,689,400,0.25,0.02,0.01,0.17126269956458637,0.18432510885341075,0.10449927431059507,0.23222060957910015,0.26850507982583455,0.03773584905660377,0.001451378809869376,True,True,True,True,True,True,
720575940620182181,flow,efferent,689,400,0.25,0.02,0.05,0.17126269956458637,0.18432510885341075,0.10449927431059507,0.23222060957910015,0.26850507982583455,0.03773584905660377,0.001451378809869376,True,False,False,False,False,False,
720575940620182181,flow,efferent,689,400,0.25,0.02,0.1,0.17126269956458637,0.18432510885341075,0.10449927431059507,0.23222060957910015,0.26850507982583455,0.03773584905660377,0.001451378809869376,True,False,False,False,False,False,
720575940620182181,flow,efferent,689,400,0.25,0.01,0.01,0.17126269956458637,0.18432510885341075,0.10449927431059507,0.23222060957910015,0.26850507982583455,0.03773584905660377,0.001451378809869376,True,True,True,True,True,True,
720575940620182181,flow,efferent,689,400,0.25,0.01,0.05,0.17126269956458637,0.18432510885341075,0.10449927431059507,0.23222060957910015,0.26850507982583455,0.03773584905660377,0.001451378809869376,True,False,False,False,False,False,
720575940620182181,flow,efferent,689,400,0.25,0.01,0.1,0.17126269956458637,0.18432510885341075,0.10449927431059507,0.23222060957910015,0.26850507982583455,0.03773584905660377,0.001451378809869376,True,False,False,False,False,False,
720575940615671106,flow,efferent,6878,400,0.25,0.14285714285714285,0.01,0.030532131433556268,0.7300087234661239,0.14030241349229428,0.011631288165164292,0.06687990694969467,0.019773189880779297,0.0008723466123873219,False,True,True,False,True,False,False
720575940615671106,flow,efferent,6878,400,0.25,0.14285714285714285,0.05,0.030532131433556268,0.7300087234661239,0.14030241349229428,0.011631288165164292,0.06687990694969467,0.019773189880779297,0.0008723466123873219,False,True,True,False,False,False,False
720575940615671106,flow,efferent,6878,400,0.25,0.14285714285714285,0.1,0.030532131433556268,0.7300087234661239,0.14030241349229428,0.011631288165164292,0.06687990694969467,0.019773189880779297,0.0008723466123873219,False,True,True,False,False,False,False
720575940615671106,flow,efferent,6878,400,0.25,0.04,0.01,0.030532131433556268,0.7300087234661239,0.14030241349229428,0.011631288165164292,0.06687990694969467,0.019773189880779297,0.0008723466123873219,False,True,True,False,True,False,False
720575940615671106,flow,efferent,6878,400,0.25,0.04,0.05,0.030532131433556268,0.7300087234661239,0.14030241349229428,0.011631288165164292,0.06687990694969467,0.019773189880779297,0.0008723466123873219,False,True,False,False,False,False,False
720575940615671106,flow,efferent,6878,400,0.25,0.04,0.1,0.030532131433556268,0.7300087234661239,0.14030241349229428,0.011631288165164292,0.06687990694969467,0.019773189880779297,0.0008723466123873219,False,True,False,False,False,False,False
720575940615671106,flow,efferent,6878,400,0.25,0.02,0.01,0.030532131433556268,0.7300087234661239,0.14030241349229428,0.011631288165164292,0.06687990694969467,0.019773189880779297,0.0008723466123873219,False,True,True,False,False,False,False
720575940615671106,flow,efferent,6878,400,0.25,0.02,0.05,0.030532131433556268,0.7300087234661239,0.14030241349229428,0.011631288165164292,0.06687990694969467,0.019773189880779297,0.0008723466123873219,False,True,False,False,False,False,False
720575940615671106,flow,efferent,6878,400,0.25,0.02,0.1,0.030532131433556268,0.7300087234661239,0.14030241349229428,0.011631288165164292,0.06687990694969467,0.019773189880779297,0.0008723466123873219,False,True,False,False,False,False,False
720575940615671106,flow,efferent,6878,400,0.25,0.01,0.01,0.030532131433556268,0.7300087234661239,0.14030241349229428,0.011631288165164292,0.06687990694969467,0.019773189880779297,0.0008723466123873219,False,True,True,False,False,False,False
720575940615671106,flow,efferent,6878,400,0.25,0.01,0.05,0.030532131433556268,0.7300087234661239,0.14030241349229428,0.011631288165164292,0.06687990694969467,0.019773189880779297,0.0008723466123873219,False,False,False,False,False,False,False
720575940615671106,flow,efferent,6878,400,0.25,0.01,0.1,0.030532131433556268,0.7300087234661239,0.14030241349229428,0.011631288165164292,0.06687990694969467,0.019773189880779297,0.0008723466123873219,False,False,False,False,False,False,False
720575940645045527,flow,efferent,2702,400,0.25,0.14285714285714285,0.01,0.008882309400444115,0.8634344929681718,0.03923019985196151,0.010362694300518135,0.03441894892672095,0.043671354552183565,0.0,False,True,True,False,True,True,
720575940645045527,flow,efferent,2702,400,0.25,0.14285714285714285,0.05,0.008882309400444115,0.8634344929681718,0.03923019985196151,0.010362694300518135,0.03441894892672095,0.043671354552183565,0.0,False,True,False,False,False,False,
720575940645045527,flow,efferent,2702,400,0.25,0.14285714285714285,0.1,0.008882309400444115,0.8634344929681718,0.03923019985196151,0.010362694300518135,0.03441894892672095,0.043671354552183565,0.0,False,True,False,False,False,False,
720575940645045527,flow,efferent,2702,400,0.25,0.04,0.01,0.008882309400444115,0.8634344929681718,0.03923019985196151,0.010362694300518135,0.03441894892672095,0.043671354552183565,0.0,False,True,True,False,False,True,
720575940645045527,flow,efferent,2702,400,0.25,0.04,0.05,0.008882309400444115,0.8634344929681718,0.03923019985196151,0.010362694300518135,0.03441894892672095,0.043671354552183565,0.0,False,True,False,False,False,False,
720575940645045527,flow,efferent,2702,400,0.25,0.04,0.1,0.008882309400444115,0.8634344929681718,0.03923019985196151,0.010362694300518135,0.03441894892672095,0.043671354552183565,0.0,False,True,False,False,False,False,
720575940645045527,flow,efferent,2702,400,0.25,0.02,0.01,0.008882309400444115,0.8634344929681718,0.03923019985196151,0.010362694300518135,0.03441894892672095,0.043671354552183565,0.0,False,True,False,False,False,False,
720575940645045527,flow,efferent,2702,400,0.25,0.02,0.05,0.008882309400444115,0.8634344929681718,0.03923019985196151,0.010362694300518135,0.03441894892672095,0.043671354552183565,0.0,False,True,False,False,False,False,
720575940645045527,flow,efferent,2702,400,0.25,0.02,0.1,0.008882309400444115,0.8634344929681718,0.03923019985196151,0.010362694300518135,0.03441894892672095,0.043671354552183565,0.0,False,True,False,False,False,False,
720575940645045527,flow,efferent,2702,400,0.25,0.01,0.01,0.008882309400444115,0.8634344929681718,0.03923019985196151,0.010362694300518135,0.03441894892672095,0.043671354552183565,0.0,False,True,False,False,False,False,
720575940645045527,flow,efferent,2702,400,0.25,0.01,0.05,0.008882309400444115,0.8634344929681718,0.03923019985196151,0.010362694300518135,0.03441894892672095,0.043671354552183565,0.0,False,True,False,False,False,False,
720575940645045527,flow,efferent,2702,400,0.25,0.01,0.1,0.008882309400444115,0.8634344929681718,0.03923019985196151,0.010362694300518135,0.03441894892672095,0.043671354552183565,0.0,False,False,False,False,False,False,
720575940610001220,flow,efferent,7765,400,0.25,0.14285714285714285,0.01,0.00849967804249839,0.8708306503541533,0.05254346426271732,0.0051513200257566,0.02395363811976819,0.03876368319381841,0.00025756600128783,False,True,True,False,False,True,False
720575940610001220,flow,efferent,7765,400,0.25,0.14285714285714285,0.05,0.00849967804249839,0.8708306503541533,0.05254346426271732,0.0051513200257566,0.02395363811976819,0.03876368319381841,0.00025756600128783,False,True,False,False,False,False,False
720575940610001220,flow,efferent,7765,400,0.25,0.14285714285714285,0.1,0.00849967804249839,0.8708306503541533,0.05254346426271732,0.0051513200257566,0.02395363811976819,0.03876368319381841,0.00025756600128783,False,True,False,False,False,False,False
720575940610001220,flow,efferent,7765,400,0.25,0.04,0.01,0.00849967804249839,0.8708306503541533,0.05254346426271732,0.0051513200257566,0.02395363811976819,0.03876368319381841,0.00025756600128783,False,True,True,False,False,False,False
720575940610001220,flow,efferent,7765,400,0.25,0.04,0.05,0.00849967804249839,0.8708306503541533,0.05254346426271732,0.0051513200257566,0.02395363811976819,0.03876368319381841,0.00025756600128783,False,True,False,False,False,False,False
720575940610001220,flow,efferent,7765,400,0.25,0.04,0.1,0.00849967804249839,0.8708306503541533,0.05254346426271732,0.0051513200257566,0.02395363811976819,0.03876368319381841,0.00025756600128783,False,True,False,False,False,False,False
720575940610001220,flow,efferent,7765,400,0.25,0.02,0.01,0.00849967804249839,0.8708306503541533,0.05254346426271732,0.0051513200257566,0.02395363811976819,0.03876368319381841,0.00025756600128783,False,True,True,False,False,False,False
720575940610001220,flow,efferent,7765,400,0.25,0.02,0.05,0.00849967804249839,0.8708306503541533,0.05254346426271732,0.0051513200257566,0.02395363811976819,0.03876368319381841,0.00025756600128783,False,True,False,False,False,False,False
720575940610001220,flow,efferent,7765,400,0.25,0.02,0.1,0.00849967804249839,0.8708306503541533,0.05254346426271732,0.0051513200257566,0.02395363811976819,0.03876368319381841,0.00025756600128783,False,False,False,False,False,False,False
720575940610001220,flow,efferent,7765,400,0.25,0.01,0.01,0.00849967804249839,0.8708306503541533,0.05254346426271732,0.0051513200257566,0.02395363811976819,0.03876368319381841,0.00025756600128783,False,True,False,False,False,False,False
720575940610001220,flow,efferent,7765,400,0.25,0.01,0.05,0.00849967804249839,0.8708306503541533,0.05254346426271732,0.0051513200257566,0.02395363811976819,0.03876368319381841,0.00025756600128783,False,True,False,False,False,False,False
720575940610001220,flow,efferent,7765,400,0.25,0.01,0.1,0.00849967804249839,0.8708306503541533,0.05254346426271732,0.0051513200257566,0.02395363811976819,0.03876368319381841,0.00025756600128783,False,False,False,False,False,False,False
720575940627812168,flow,efferent,2389,400,0.25,0.14285714285714285,0.01,0.05023022185014651,0.7873587275010465,0.014650481372959398,0.007534533277521975,0.08120552532440352,0.05692758476349937,0.002092925910422771,True,True,False,False,True,True,False
720575940627812168,flow,efferent,2389,400,0.25,0.14285714285714285,0.05,0.05023022185014651,0.7873587275010465,0.014650481372959398,0.007534533277521975,0.08120552532440352,0.05692758476349937,0.002092925910422771,False,True,False,False,False,False,False
720575940627812168,flow,efferent,2389,400,0.25,0.14285714285714285,0.1,0.05023022185014651,0.7873587275010465,0.014650481372959398,0.007534533277521975,0.08120552532440352,0.05692758476349937,0.002092925910422771,False,True,False,False,False,False,False
720575940627812168,flow,efferent,2389,400,0.25,0.04,0.01,0.05023022185014651,0.7873587275010465,0.014650481372959398,0.007534533277521975,0.08120552532440352,0.05692758476349937,0.002092925910422771,True,True,False,False,False,True,False
720575940627812168,flow,efferent,2389,400,0.25,0.04,0.05,0.05023022185014651,0.7873587275010465,0.014650481372959398,0.007534533277521975,0.08120552532440352,0.05692758476349937,0.002092925910422771,False,True,False,False,False,False,False
720575940627812168,flow,efferent,2389,400,0.25,0.04,0.1,0.05023022185014651,0.7873587275010465,0.014650481372959398,0.007534533277521975,0.08120552532440352,0.05692758476349937,0.002092925910422771,False,True,False,False,False,False,False
720575940627812168,flow,efferent,2389,400,0.25,0.02,0.01,0.05023022185014651,0.7873587275010465,0.014650481372959398,0.007534533277521975,0.08120552532440352,0.05692758476349937,0.002092925910422771,True,True,False,False,False,True,False
720575940627812168,flow,efferent,2389,400,0.25,0.02,0.05,0.05023022185014651,0.7873587275010465,0.014650481372959398,0.007534533277521975,0.08120552532440352,0.05692758476349937,0.002092925910422771,False,True,False,False,False,False,False
720575940627812168,flow,efferent,2389,400,0.25,0.02,0.1,0.05023022185014651,0.7873587275010465,0.014650481372959398,0.007534533277521975,0.08120552532440352,0.05692758476349937,0.002092925910422771,False,False,False,False,False,False,False
720575940627812168,flow,efferent,2389,400,0.25,0.01,0.01,0.05023022185014651,0.7873587275010465,0.014650481372959398,0.007534533277521975,0.08120552532440352,0.05692758476349937,0.002092925910422771,True,True,False,False,False,True,False
720575940627812168,flow,efferent,2389,400,0.25,0.01,0.05,0.05023022185014651,0.7873587275010465,0.014650481372959398,0.007534533277521975,0.08120552532440352,0.05692758476349937,0.002092925910422771,False,True,False,False,False,False,False
720575940627812168,flow,efferent,2389,400,0.25,0.01,0.1,0.05023022185014651,0.7873587275010465,0.014650481372959398,0.007534533277521975,0.08120552532440352,0.05692758476349937,0.002092925910422771,False,False,False,False,False,False,False
720575940628659305,flow,efferent,2790,400,0.25,0.14285714285714285,0.01,0.012186379928315413,0.3086021505376344,0.007168458781362007,0.01827956989247312,0.571326164874552,0.08207885304659499,0.00035842293906810036,False,True,False,True,True,True,
720575940628659305,flow,efferent,2790,400,0.25,0.14285714285714285,0.05,0.012186379928315413,0.3086021505376344,0.007168458781362007,0.01827956989247312,0.571326164874552,0.08207885304659499,0.00035842293906810036,False,True,False,False,True,True,
720575940628659305,flow,efferent,2790,400,0.25,0.14285714285714285,0.1,0.012186379928315413,0.3086021505376344,0.007168458781362007,0.01827956989247312,0.571326164874552,0.08207885304659499,0.00035842293906810036,False,True,False,False,True,False,
720575940628659305,flow,efferent,2790,400,0.25,0.04,0.01,0.012186379928315413,0.3086021505376344,0.007168458781362007,0.01827956989247312,0.571326164874552,0.08207885304659499,0.00035842293906810036,False,True,False,True,True,True,
720575940628659305,flow,efferent,2790,400,0.25,0.04,0.05,0.012186379928315413,0.3086021505376344,0.007168458781362007,0.01827956989247312,0.571326164874552,0.08207885304659499,0.00035842293906810036,False,True,False,False,True,False,
720575940628659305,flow,efferent,2790,400,0.25,0.04,0.1,0.012186379928315413,0.3086021505376344,0.007168458781362007,0.01827956989247312,0.571326164874552,0.08207885304659499,0.00035842293906810036,False,False,False,False,False,False,
720575940628659305,flow,efferent,2790,400,0.25,0.02,0.01,0.012186379928315413,0.3086021505376344,0.007168458781362007,0.01827956989247312,0.571326164874552,0.08207885304659499,0.00035842293906810036,False,True,False,False,True,False,
720575940628659305,flow,efferent,2790,400,0.25,0.02,0.05,0.012186379928315413,0.3086021505376344,0.007168458781362007,0.01827956989247312,0.571326164874552,0.08207885304659499,0.00035842293906810036,False,False,False,False,False,False,
720575940628659305,flow,efferent,2790,400,0.25,0.02,0.1,0.012186379928315413,0.3086021505376344,0.007168458781362007,0.01827956989247312,0.571326164874552,0.08207885304659499,0.00035842293906810036,False,False,False,False,False,False,
720575940628659305,flow,efferent,2790,400,0.25,0.01,0.01,0.012186379928315413,0.3086021505376344,0.007168458781362007,0.01827956989247312,0.571326164874552,0.08207885304659499,0.00035842293906810036,False,True,False,False,True,False,
720575940628659305,flow,efferent,2790,400,0.25,0.01,0.05,0.012186379928315413,0.3086021505376344,0.007168458781362007,0.01827956989247312,0.571326164874552,0.08207885304659499,0.00035842293906810036,False,False,False,False,False,False,
720575940628659305,flow,efferent,2790,400,0.25,0.01,0.1,0.012186379928315413,0.3086021505376344,0.007168458781362007,0.01827956989247312,0.571326164874552,0.08207885304659499,0.00035842293906810036,False,False,False,False,False,False,
720575940635179871,flow,efferent,5254,400,0.25,0.14285714285714285,0.01,0.48610582413399317,0.3294632660829844,0.03920822230681385,0.017891130567186907,0.061096307575180815,0.06623524933384088,0.0,True,True,True,False,True,True,
720575940635179871,flow,efferent,5254,400,0.25,0.14285714285714285,0.05,0.48610582413399317,0.3294632660829844,0.03920822230681385,0.017891130567186907,0.061096307575180815,0.06623524933384088,0.0,True,True,False,False,False,False,
720575940635179871,flow,efferent,5254,400,0.25,0.14285714285714285,0.1,0.48610582413399317,0.3294632660829844,0.03920822230681385,0.017891130567186907,0.061096307575180815,0.06623524933384088,0.0,True,True,False,False,False,False,
720575940635179871,flow,efferent,5254,400,0.25,0.04,0.01,0.48610582413399317,0.3294632660829844,0.03920822230681385,0.017891130567186907,0.061096307575180815,0.06623524933384088,0.0,True,True,True,False,False,True,
720575940635179871,flow,efferent,5254,400,0.25,0.04,0.05,0.48610582413399317,0.3294632660829844,0.03920822230681385,0.017891130567186907,0.061096307575180815,0.06623524933384088,0.0,True,True,False,False,False,False,
720575940635179871,flow,efferent,5254,400,0.25,0.04,0.1,0.48610582413399317,0.3294632660829844,0.03920822230681385,0.017891130567186907,0.061096307575180815,0.06623524933384088,0.0,True,False,False,False,False,False,
720575940635179871,flow,efferent,5254,400,0.25,0.02,0.01,0.48610582413399317,0.3294632660829844,0.03920822230681385,0.017891130567186907,0.061096307575180815,0.06623524933384088,0.0,True,True,False,False,False,False,
720575940635179871,flow,efferent,5254,400,0.25,0.02,0.05,0.48610582413399317,0.3294632660829844,0.03920822230681385,0.017891130567186907,0.061096307575180815,0.06623524933384088,0.0,True,False,False,False,False,False,
720575940635179871,flow,efferent,5254,400,0.25,0.02,0.1,0.48610582413399317,0.3294632660829844,0.03920822230681385,0.017891130567186907,0.061096307575180815,0.06623524933384088,0.0,False,False,False,False,False,False,
720575940635179871,flow,efferent,5254,400,0.25,0.01,0.01,0.48610582413399317,0.3294632660829844,0.03920822230681385,0.017891130567186907,0.061096307575180815,0.06623524933384088,0.0,True,True,False,False,False,False,
720575940635179871,flow,efferent,5254,400,0.25,0.01,0.05,0.48610582413399317,0.3294632660829844,0.03920822230681385,0.017891130567186907,0.061096307575180815,0.06623524933384088,0.0,False,False,False,False,False,False,
720575940635179871,flow,efferent,5254,400,0.25,0.01,0.1,0.48610582413399317,0.3294632660829844,0.03920822230681385,0.017891130567186907,0.061096307575180815,0.06623524933384088,0.0,False,False,False,False,False,False,
720575940623426854,flow,efferent,1630,400,0.25,0.14285714285714285,0.01,0.06687116564417178,0.7478527607361963,0.022699386503067485,0.015950920245398775,0.1374233128834356,0.007975460122699387,0.001226993865030675,True,True,False,False,True,False,False
720575940623426854,flow,efferent,1630,400,0.25,0.14285714285714285,0.05,0.06687116564417178,0.7478527607361963,0.022699386503067485,0.015950920245398775,0.1374233128834356,0.007975460122699387,0.001226993865030675,True,True,False,False,False,False,False
720575940623426854,flow,efferent,1630,400,0.25,0.14285714285714285,0.1,0.06687116564417178,0.7478527607361963,0.022699386503067485,0.015950920245398775,0.1374233128834356,0.007975460122699387,0.001226993865030675,False,True,False,False,False,False,False
720575940623426854,flow,efferent,1630,400,0.25,0.04,0.01,0.06687116564417178,0.7478527607361963,0.022699386503067485,0.015950920245398775,0.1374233128834356,0.007975460122699387,0.001226993865030675,True,True,False,False,True,False,False
720575940623426854,flow,efferent,1630,400,0.25,0.04,0.05,0.06687116564417178,0.7478527607361963,0.022699386503067485,0.015950920245398775,0.1374233128834356,0.007975460122699387,0.001226993865030675,True,True,False,False,False,False,False
720575940623426854,flow,efferent,1630,400,0.25,0.04,0.1,0.06687116564417178,0.7478527607361963,0.022699386503067485,0.015950920245398775,0.1374233128834356,0.007975460122699387,0.001226993865030675,False,True,False,False,False,False,False
720575940623426854,flow,efferent,1630,400,0.25,0.02,0.01,0.06687116564417178,0.7478527607361963,0.022699386503067485,0.015950920245398775,0.1374233128834356,0.007975460122699387,0.001226993865030675,True,True,False,False,True,False,False
720575940623426854,flow,efferent,1630,400,0.25,0.02,0.05,0.06687116564417178,0.7478527607361963,0.022699386503067485,0.015950920245398775,0.1374233128834356,0.007975460122699387,0.001226993865030675,True,True,False,False,False,False,False
720575940623426854,flow,efferent,1630,400,0.25,0.02,0.1,0.06687116564417178,0.7478527607361963,0.022699386503067485,0.015950920245398775,0.1374233128834356,0.007975460122699387,0.001226993865030675,False,False,False,False,False,False,False
720575940623426854,flow,efferent,1630,400,0.25,0.01,0.01,0.06687116564417178,0.7478527607361963,0.022699386503067485,0.015950920245398775,0.1374233128834356,0.007975460122699387,0.001226993865030675,True,True,False,False,False,False,False
720575940623426854,flow,efferent,1630,400,0.25,0.01,0.05,0.06687116564417178,0.7478527607361963,0.022699386503067485,0.015950920245398775,0.1374233128834356,0.007975460122699387,0.001226993865030675,True,True,False,False,False,False,False
720575940623426854,flow,efferent,1630,400,0.25,0.01,0.1,0.06687116564417178,0.7478527607361963,0.022699386503067485,0.015950920245398775,0.1374233128834356,0.007975460122699387,0.001226993865030675,False,False,False,False,False,False,False
720575940660269185,flow,efferent,1366,400,0.25,0.14285714285714285,0.01,0.2957540263543192,0.10322108345534407,0.3711566617862372,0.04978038067349927,0.0951683748169839,0.08345534407027819,0.0014641288433382138,True,True,True,True,True,True,False
720575940660269185,flow,efferent,1366,400,0.25,0.14285714285714285,0.05,0.2957540263543192,0.10322108345534407,0.3711566617862372,0.04978038067349927,0.0951683748169839,0.08345534407027819,0.0014641288433382138,True,False,True,False,False,False,False
720575940660269185,flow,efferent,1366,400,0.25,0.14285714285714285,0.1,0.2957540263543192,0.10322108345534407,0.3711566617862372,0.04978038067349927,0.0951683748169839,0.08345534407027819,0.0014641288433382138,True,False,True,False,False,False,False
720575940660269185,flow,efferent,1366,400,0.25,0.04,0.01,0.2957540263543192,0.10322108345534407,0.3711566617862372,0.04978038067349927,0.0951683748169839,0.08345534407027819,0.0014641288433382138,True,True,True,True,True,True,False
720575940660269185,flow,efferent,1366,400,0.25,0.04,0.05,0.2957540263543192,0.10322108345534407,0.3711566617862372,0.04978038067349927,0.0951683748169839,0.08345534407027819,0.0014641288433382138,False,False,False,False,False,False,False
720575940660269185,flow,efferent,1366,400,0.25,0.04,0.1,0.2957540263543192,0.10322108345534407,0.3711566617862372,0.04978038067349927,0.0951683748169839,0.08345534407027819,0.0014641288433382138,False,False,False,False,False,False,False
720575940660269185,flow,efferent,1366,400,0.25,0.02,0.01,0.2957540263543192,0.10322108345534407,0.3711566617862372,0.04978038067349927,0.0951683748169839,0.08345534407027819,0.0014641288433382138,True,True,True,True,True,False,False
720575940660269185,flow,efferent,1366,400,0.25,0.02,0.05,0.2957540263543192,0.10322108345534407,0.3711566617862372,0.04978038067349927,0.0951683748169839,0.08345534407027819,0.0014641288433382138,True,False,False,False,False,False,False
720575940660269185,flow,efferent,1366,400,0.25,0.02,0.1,0.2957540263543192,0.10322108345534407,0.3711566617862372,0.04978038067349927,0.0951683748169839,0.08345534407027819,0.0014641288433382138,False,False,False,False,False,False,False
720575940660269185,flow,efferent,1366,400,0.25,0.01,0.01,0.2957540263543192,0.10322108345534407,0.3711566617862372,0.04978038067349927,0.0951683748169839,0.08345534407027819,0.0014641288433382138,True,False,True,True,True,False,False
720575940660269185,flow,efferent,1366,400,0.25,0.01,0.05,0.2957540263543192,0.10322108345534407,0.3711566617862372,0.04978038067349927,0.0951683748169839,0.08345534407027819,0.0014641288433382138,False,False,False,False,False,False,False
720575940660269185,flow,efferent,1366,400,0.25,0.01,0.1,0.2957540263543192,0.10322108345534407,0.3711566617862372,0.04978038067349927,0.0951683748169839,0.08345534407027819,0.0014641288433382138,False,False,False,False,False,False,False
720575940625863728,flow,efferent,4803,400,0.25,0.14285714285714285,0.01,0.020195711013949614,0.6895690193628982,0.03310430980637102,0.03185509056839475,0.18342702477618156,0.041640641265875494,0.00020820320632937748,False,True,True,True,True,True,
720575940625863728,flow,efferent,4803,400,0.25,0.14285714285714285,0.05,0.020195711013949614,0.6895690193628982,0.03310430980637102,0.03185509056839475,0.18342702477618156,0.041640641265875494,0.00020820320632937748,False,True,False,False,True,False,
720575940625863728,flow,efferent,4803,400,0.25,0.14285714285714285,0.1,0.020195711013949614,0.6895690193628982,0.03310430980637102,0.03185509056839475,0.18342702477618156,0.041640641265875494,0.00020820320632937748,False,True,False,False,True,False,
720575940625863728,flow,efferent,4803,400,0.25,0.04,0.01,0.020195711013949614,0.6895690193628982,0.03310430980637102,0.03185509056839475,0.18342702477618156,0.041640641265875494,0.00020820320632937748,False,True,False,True,True,False,
720575940625863728,flow,efferent,4803,400,0.25,0.04,0.05,0.020195711013949614,0.6895690193628982,0.03310430980637102,0.03185509056839475,0.18342702477618156,0.041640641265875494,0.00020820320632937748,False,True,False,False,True,False,
720575940625863728,flow,efferent,4803,400,0.25,0.04,0.1,0.020195711013949614,0.6895690193628982,0.03310430980637102,0.03185509056839475,0.18342702477618156,0.041640641265875494,0.00020820320632937748,False,True,False,False,False,False,
720575940625863728,flow,efferent,4803,400,0.25,0.02,0.01,0.020195711013949614,0.6895690193628982,0.03310430980637102,0.03185509056839475,0.18342702477618156,0.041640641265875494,0.00020820320632937748,False,True,False,False,True,False,
720575940625863728,flow,efferent,4803,400,0.25,0.02,0.05,0.020195711013949614,0.6895690193628982,0.03310430980637102,0.03185509056839475,0.18342702477618156,0.041640641265875494,0.00020820320632937748,False,True,False,False,False,False,
720575940625863728,flow,efferent,4803,400,0.25,0.02,0.1,0.020195711013949614,0.6895690193628982,0.03310430980637102,0.03185509056839475,0.18342702477618156,0.041640641265875494,0.00020820320632937748,False,False,False,False,False,False,
720575940625863728,flow,efferent,4803,400,0.25,0.01,0.01,0.020195711013949614,0.6895690193628982,0.03310430980637102,0.03185509056839475,0.18342702477618156,0.041640641265875494,0.00020820320632937748,False,True,False,False,True,False,
720575940625863728,flow,efferent,4803,400,0.25,0.01,0.05,0.020195711013949614,0.6895690193628982,0.03310430980637102,0.03185509056839475,0.18342702477618156,0.041640641265875494,0.00020820320632937748,False,True,False,False,False,False,
720575940625863728,flow,efferent,4803,400,0.25,0.01,0.1,0.020195711013949614,0.6895690193628982,0.03310430980637102,0.03185509056839475,0.18342702477618156,0.041640641265875494,0.00020820320632937748,False,False,False,False,False,False,
720575940605300140,flow,efferent,1606,400,0.25,0.14285714285714285,0.01,0.06787048567870485,0.053549190535491904,0.014321295143212951,0.12826899128268993,0.5765877957658779,0.15877957658779576,0.0006226650062266501,True,True,True,True,True,True,
720575940605300140,flow,efferent,1606,400,0.25,0.14285714285714285,0.05,0.06787048567870485,0.053549190535491904,0.014321295143212951,0.12826899128268993,0.5765877957658779,0.15877957658779576,0.0006226650062266501,True,False,False,True,True,True,
720575940605300140,flow,efferent,1606,400,0.25,0.14285714285714285,0.1,0.06787048567870485,0.053549190535491904,0.014321295143212951,0.12826899128268993,0.5765877957658779,0.15877957658779576,0.0006226650062266501,False,False,False,False,True,False,
720575940605300140,flow,efferent,1606,400,0.25,0.04,0.01,0.06787048567870485,0.053549190535491904,0.014321295143212951,0.12826899128268993,0.5765877957658779,0.15877957658779576,0.0006226650062266501,True,True,False,True,True,True,
720575940605300140,flow,efferent,1606,400,0.25,0.04,0.05,0.06787048567870485,0.053549190535491904,0.014321295143212951,0.12826899128268993,0.5765877957658779,0.15877957658779576,0.0006226650062266501,True,False,False,False,True,False,
720575940605300140,flow,efferent,1606,400,0.25,0.04,0.1,0.06787048567870485,0.053549190535491904,0.014321295143212951,0.12826899128268993,0.5765877957658779,0.15877957658779576,0.0006226650062266501,False,False,False,False,False,False,
720575940605300140,flow,efferent,1606,400,0.25,0.02,0.01,0.06787048567870485,0.053549190535491904,0.014321295143212951,0.12826899128268993,0.5765877957658779,0.15877957658779576,0.0006226650062266501,True,True,False,True,True,True,
720575940605300140,flow,efferent,1606,400,0.25,0.02,0.05,0.06787048567870485,0.053549190535491904,0.014321295143212951,0.12826899128268993,0.5765877957658779,0.15877957658779576,0.0006226650062266501,True,False,False,False,True,False,
720575940605300140,flow,efferent,1606,400,0.25,0.02,0.1,0.06787048567870485,0.053549190535491904,0.014321295143212951,0.12826899128268993,0.5765877957658779,0.15877957658779576,0.0006226650062266501,False,False,False,False,False,False,
720575940605300140,flow,efferent,1606,400,0.25,0.01,0.01,0.06787048567870485,0.053549190535491904,0.014321295143212951,0.12826899128268993,0.5765877957658779,0.15877957658779576,0.0006226650062266501,True,True,False,True,True,True,
720575940605300140,flow,efferent,1606,400,0.25,0.01,0.05,0.06787048567870485,0.053549190535491904,0.014321295143212951,0.12826899128268993,0.5765877957658779,0.15877957658779576,0.0006226650062266501,True,False,False,False,True,False,
720575940605300140,flow,efferent,1606,400,0.25,0.01,0.1,0.06787048567870485,0.053549190535491904,0.014321295143212951,0.12826899128268993,0.5765877957658779,0.15877957658779576,0.0006226650062266501,False,False,False,False,False,False,
720575940623128269,flow,efferent,2402,400,0.25,0.14285714285714285,0.01,0.026228143213988343,0.8034970857618651,0.04870940882597835,0.009575353871773521,0.07535387177352207,0.035803497085761866,0.0008326394671107411,False,True,True,False,True,True,False
720575940623128269,flow,efferent,2402,400,0.25,0.14285714285714285,0.05,0.026228143213988343,0.8034970857618651,0.04870940882597835,0.009575353871773521,0.07535387177352207,0.035803497085761866,0.0008326394671107411,False,True,False,False,False,False,False
720575940623128269,flow,efferent,2402,400,0.25,0.14285714285714285,0.1,0.026228143213988343,0.8034970857618651,0.04870940882597835,0.009575353871773521,0.07535387177352207,0.035803497085761866,0.0008326394671107411,False,True,False,False,False,False,False
720575940623128269,flow,efferent,2402,400,0.25,0.04,0.01,0.026228143213988343,0.8034970857618651,0.04870940882597835,0.009575353871773521,0.07535387177352207,0.035803497085761866,0.0008326394671107411,False,True,True,False,True,False,False
720575940623128269,flow,efferent,2402,400,0.25,0.04,0.05,0.026228143213988343,0.8034970857618651,0.04870940882597835,0.009575353871773521,0.07535387177352207,0.035803497085761866,0.0008326394671107411,False,True,False,False,False,False,False
720575940623128269,flow,efferent,2402,400,0.25,0.04,0.1,0.026228143213988343,0.8034970857618651,0.04870940882597835,0.009575353871773521,0.07535387177352207,0.035803497085761866,0.0008326394671107411,False,True,False,False,False,False,False
720575940623128269,flow,efferent,2402,400,0.25,0.02,0.01,0.026228143213988343,0.8034970857618651,0.04870940882597835,0.009575353871773521,0.07535387177352207,0.035803497085761866,0.0008326394671107411,False,True,False,False,False,False,False
720575940623128269,flow,efferent,2402,400,0.25,0.02,0.05,0.026228143213988343,0.8034970857618651,0.04870940882597835,0.009575353871773521,0.07535387177352207,0.035803497085761866,0.0008326394671107411,False,True,False,False,False,False,False
720575940623128269,flow,efferent,2402,400,0.25,0.02,0.1,0.026228143213988343,0.8034970857618651,0.04870940882597835,0.009575353871773521,0.07535387177352207,0.035803497085761866,0.0008326394671107411,False,True,False,False,False,False,False
720575940623128269,flow,efferent,2402,400,0.25,0.01,0.01,0.026228143213988343,0.8034970857618651,0.04870940882597835,0.009575353871773521,0.07535387177352207,0.035803497085761866,0.0008326394671107411,False,True,False,False,False,False,False
720575940623128269,flow,efferent,2402,400,0.25,0.01,0.05,0.026228143213988343,0.8034970857618651,0.04870940882597835,0.009575353871773521,0.07535387177352207,0.035803497085761866,0.0008326394671107411,False,True,False,False,False,False,False
720575940623128269,flow,efferent,2402,400,0.25,0.01,0.1,0.026228143213988343,0.8034970857618651,0.04870940882597835,0.009575353871773521,0.07535387177352207,0.035803497085761866,0.0008326394671107411,False,False,False,False,False,False,False
720575940619757366,flow,efferent,7871,400,0.25,0.14285714285714285,0.01,0.12247490788972176,0.3319781476305425,0.4521661796468047,0.007877016897471731,0.05717189683648838,0.02718841316224114,0.0011434379367297675,True,True,True,False,True,True,False
720575940619757366,flow,efferent,7871,400,0.25,0.14285714285714285,0.05,0.12247490788972176,0.3319781476305425,0.4521661796468047,0.007877016897471731,0.05717189683648838,0.02718841316224114,0.0011434379367297675,True,True,True,False,False,False,False
720575940619757366,flow,efferent,7871,400,0.25,0.14285714285714285,0.1,0.12247490788972176,0.3319781476305425,0.4521661796468047,0.007877016897471731,0.05717189683648838,0.02718841316224114,0.0011434379367297675,False,True,True,False,False,False,False
720575940619757366,flow,efferent,7871,400,0.25,0.04,0.01,0.12247490788972176,0.3319781476305425,0.4521661796468047,0.007877016897471731,0.05717189683648838,0.02718841316224114,0.0011434379367297675,True,True,True,False,False,False,False
720575940619757366,flow,efferent,7871,400,0.25,0.04,0.05,0.12247490788972176,0.3319781476305425,0.4521661796468047,0.007877016897471731,0.05717189683648838,0.02718841316224114,0.0011434379367297675,False,False,True,False,False,False,False
720575940619757366,flow,efferent,7871,400,0.25,0.04,0.1,0.12247490788972176,0.3319781476305425,0.4521661796468047,0.007877016897471731,0.05717189683648838,0.02718841316224114,0.0011434379367297675,False,False,False,False,False,False,False
720575940619757366,flow,efferent,7871,400,0.25,0.02,0.01,0.12247490788972176,0.3319781476305425,0.4521661796468047,0.007877016897471731,0.05717189683648838,0.02718841316224114,0.0011434379367297675,True,True,True,False,False,False,False
720575940619757366,flow,efferent,7871,400,0.25,0.02,0.05,0.12247490788972176,0.3319781476305425,0.4521661796468047,0.007877016897471731,0.05717189683648838,0.02718841316224114,0.0011434379367297675,False,False,False,False,False,False,False
720575940619757366,flow,efferent,7871,400,0.25,0.02,0.1,0.12247490788972176,0.3319781476305425,0.4521661796468047,0.007877016897471731,0.05717189683648838,0.02718841316224114,0.0011434379367297675,False,False,False,False,False,False,False
720575940619757366,flow,efferent,7871,400,0.25,0.01,0.01,0.12247490788972176,0.3319781476305425,0.4521661796468047,0.007877016897471731,0.05717189683648838,0.02718841316224114,0.0011434379367297675,True,True,True,False,False,False,False
720575940619757366,flow,efferent,7871,400,0.25,0.01,0.05,0.12247490788972176,0.3319781476305425,0.4521661796468047,0.007877016897471731,0.05717189683648838,0.02718841316224114,0.0011434379367297675,False,False,False,False,False,False,False
720575940619757366,flow,efferent,7871,400,0.25,0.01,0.1,0.12247490788972176,0.3319781476305425,0.4521661796468047,0.007877016897471731,0.05717189683648838,0.02718841316224114,0.0011434379367297675,False,False,False,False,False,False,False
720575940610605614,flow,efferent,12886,400,0.25,0.14285714285714285,0.01,0.03709452118578302,0.13239174297687412,0.7568679186714263,0.004035387241968028,0.03655129598013348,0.03220549433493714,0.0008536396088778519,True,True,True,False,True,True,False
720575940610605614,flow,efferent,12886,400,0.25,0.14285714285714285,0.05,0.03709452118578302,0.13239174297687412,0.7568679186714263,0.004035387241968028,0.03655129598013348,0.03220549433493714,0.0008536396088778519,False,True,True,False,False,False,False
720575940610605614,flow,efferent,12886,400,0.25,0.14285714285714285,0.1,0.03709452118578302,0.13239174297687412,0.7568679186714263,0.004035387241968028,0.03655129598013348,0.03220549433493714,0.0008536396088778519,False,False,True,False,False,False,False
720575940610605614,flow,efferent,12886,400,0.25,0.04,0.01,0.03709452118578302,0.13239174297687412,0.7568679186714263,0.004035387241968028,0.03655129598013348,0.03220549433493714,0.0008536396088778519,False,True,True,False,False,False,False
720575940610605614,flow,efferent,12886,400,0.25,0.04,0.05,0.03709452118578302,0.13239174297687412,0.7568679186714263,0.004035387241968028,0.03655129598013348,0.03220549433493714,0.0008536396088778519,False,False,True,False,False,False,False
720575940610605614,flow,efferent,12886,400,0.25,0.04,0.1,0.03709452118578302,0.13239174297687412,0.7568679186714263,0.004035387241968028,0.03655129598013348,0.03220549433493714,0.0008536396088778519,False,False,True,False,False,False,False
720575940610605614,flow,efferent,12886,400,0.25,0.02,0.01,0.03709452118578302,0.13239174297687412,0.7568679186714263,0.004035387241968028,0.03655129598013348,0.03220549433493714,0.0008536396088778519,False,True,True,False,False,False,False
720575940610605614,flow,efferent,12886,400,0.25,0.02,0.05,0.03709452118578302,0.13239174297687412,0.7568679186714263,0.004035387241968028,0.03655129598013348,0.03220549433493714,0.0008536396088778519,False,False,True,False,False,False,False
720575940610605614,flow,efferent,12886,400,0.25,0.02,0.1,0.03709452118578302,0.13239174297687412,0.7568679186714263,0.004035387241968028,0.03655129598013348,0.03220549433493714,0.0008536396088778519,False,False,False,False,False,False,False
720575940610605614,flow,efferent,12886,400,0.25,0.01,0.01,0.03709452118578302,0.13239174297687412,0.7568679186714263,0.004035387241968028,0.03655129598013348,0.03220549433493714,0.0008536396088778519,False,False,True,False,False,False,False
720575940610605614,flow,efferent,12886,400,0.25,0.01,0.05,0.03709452118578302,0.13239174297687412,0.7568679186714263,0.004035387241968028,0.03655129598013348,0.03220549433493714,0.0008536396088778519,False,False,False,False,False,False,False
720575940610605614,flow,efferent,12886,400,0.25,0.01,0.1,0.03709452118578302,0.13239174297687412,0.7568679186714263,0.004035387241968028,0.03655129598013348,0.03220549433493714,0.0008536396088778519,False,False,False,False,False,False,False
720575940612036837,flow,efferent,3145,400,0.25,0.14285714285714285,0.01,0.1205087440381558,0.21399046104928457,0.4562798092209857,0.02702702702702703,0.14976152623211447,0.029570747217806042,0.002861685214626391,True,True,True,True,True,True,False
720575940612036837,flow,efferent,3145,400,0.25,0.14285714285714285,0.05,0.1205087440381558,0.21399046104928457,0.4562798092209857,0.02702702702702703,0.14976152623211447,0.029570747217806042,0.002861685214626391,False,True,True,False,True,False,False
720575940612036837,flow,efferent,3145,400,0.25,0.14285714285714285,0.1,0.1205087440381558,0.21399046104928457,0.4562798092209857,0.02702702702702703,0.14976152623211447,0.029570747217806042,0.002861685214626391,False,True,True,False,True,False,False
720575940612036837,flow,efferent,3145,400,0.25,0.04,0.01,0.1205087440381558,0.21399046104928457,0.4562798092209857,0.02702702702702703,0.14976152623211447,0.029570747217806042,0.002861685214626391,True,True,True,False,True,False,False
720575940612036837,flow,efferent,3145,400,0.25,0.04,0.05,0.1205087440381558,0.21399046104928457,0.4562798092209857,0.02702702702702703,0.14976152623211447,0.029570747217806042,0.002861685214626391,False,False,True,False,False,False,False
720575940612036837,flow,efferent,3145,400,0.25,0.04,0.1,0.1205087440381558,0.21399046104928457,0.4562798092209857,0.02702702702702703,0.14976152623211447,0.029570747217806042,0.002861685214626391,False,False,False,False,False,False,False
720575940612036837,flow,efferent,3145,400,0.25,0.02,0.01,0.1205087440381558,0.21399046104928457,0.4562798092209857,0.02702702702702703,0.14976152623211447,0.029570747217806042,0.002861685214626391,True,True,True,False,True,False,False
720575940612036837,flow,efferent,3145,400,0.25,0.02,0.05,0.1205087440381558,0.21399046104928457,0.4562798092209857,0.02702702702702703,0.14976152623211447,0.029570747217806042,0.002861685214626391,False,False,True,False,False,False,False
720575940612036837,flow,efferent,3145,400,0.25,0.02,0.1,0.1205087440381558,0.21399046104928457,0.4562798092209857,0.02702702702702703,0.14976152623211447,0.029570747217806042,0.002861685214626391,False,False,False,False,False,False,False
720575940612036837,flow,efferent,3145,400,0.25,0.01,0.01,0.1205087440381558,0.21399046104928457,0.4562798092209857,0.02702702702702703,0.14976152623211447,0.029570747217806042,0.002861685214626391,True,True,True,False,True,False,False
720575940612036837,flow,efferent,3145,400,0.25,0.01,0.05,0.1205087440381558,0.21399046104928457,0.4562798092209857,0.02702702702702703,0.14976152623211447,0.029570747217806042,0.002861685214626391,False,False,True,False,False,False,False
720575940612036837,flow,efferent,3145,400,0.25,0.01,0.1,0.1205087440381558,0.21399046104928457,0.4562798092209857,0.02702702702702703,0.14976152623211447,0.029570747217806042,0.002861685214626391,False,False,False,False,False,False,False
720575940634459290,flow,efferent,4547,400,0.25,0.14285714285714285,0.01,0.03496811084231361,0.8425335385968771,0.03584781174400704,0.005937981086430614,0.04816362436771498,0.032109082911809986,0.0004398504508467121,True,True,True,False,True,True,False
720575940634459290,flow,efferent,4547,400,0.25,0.14285714285714285,0.05,0.03496811084231361,0.8425335385968771,0.03584781174400704,0.005937981086430614,0.04816362436771498,0.032109082911809986,0.0004398504508467121,False,True,False,False,False,False,False
720575940634459290,flow,efferent,4547,400,0.25,0.14285714285714285,0.1,0.03496811084231361,0.8425335385968771,0.03584781174400704,0.005937981086430614,0.04816362436771498,0.032109082911809986,0.0004398504508467121,False,True,False,False,False,False,False
720575940634459290,flow,efferent,4547,400,0.25,0.04,0.01,0.03496811084231361,0.8425335385968771,0.03584781174400704,0.005937981086430614,0.04816362436771498,0.032109082911809986,0.0004398504508467121,False,True,False,False,False,False,False
720575940634459290,flow,efferent,4547,400,0.25,0.04,0.05,0.03496811084231361,0.8425335385968771,0.03584781174400704,0.005937981086430614,0.04816362436771498,0.032109082911809986,0.0004398504508467121,False,True,False,False,False,False,False
720575940634459290,flow,efferent,4547,400,0.25,0.04,0.1,0.03496811084231361,0.8425335385968771,0.03584781174400704,0.005937981086430614,0.04816362436771498,0.032109082911809986,0.0004398504508467121,False,True,False,False,False,False,False
720575940634459290,flow,efferent,4547,400,0.25,0.02,0.01,0.03496811084231361,0.8425335385968771,0.03584781174400704,0.005937981086430614,0.04816362436771498,0.032109082911809986,0.0004398504508467121,False,True,False,False,False,False,False
720575940634459290,flow,efferent,4547,400,0.25,0.02,0.05,0.03496811084231361,0.8425335385968771,0.03584781174400704,0.005937981086430614,0.04816362436771498,0.032109082911809986,0.0004398504508467121,False,True,False,False,False,False,False
720575940634459290,flow,efferent,4547,400,0.25,0.02,0.1,0.03496811084231361,0.8425335385968771,0.03584781174400704,0.005937981086430614,0.04816362436771498,0.032109082911809986,0.0004398504508467121,False,True,False,False,False,False,False
720575940634459290,flow,efferent,4547,400,0.25,0.01,0.01,0.03496811084231361,0.8425335385968771,0.03584781174400704,0.005937981086430614,0.04816362436771498,0.032109082911809986,0.0004398504508467121,False,True,False,False,False,False,False
720575940634459290,flow,efferent,4547,400,0.25,0.01,0.05,0.03496811084231361,0.8425335385968771,0.03584781174400704,0.005937981086430614,0.04816362436771498,0.032109082911809986,0.0004398504508467121,False,False,False,False,False,False,False
720575940634459290,flow,efferent,4547,400,0.25,0.01,0.1,0.03496811084231361,0.8425335385968771,0.03584781174400704,0.005937981086430614,0.04816362436771498,0.032109082911809986,0.0004398504508467121,False,False,False,False,False,False,False
720575940625006776,flow,efferent,5926,400,0.25,0.14285714285714285,0.01,0.07846776915288559,0.17246034424569692,0.5599055011812353,0.03324333445831927,0.11795477556530544,0.03644954438069524,0.0015187310158623017,True,True,True,True,True,True,False
720575940625006776,flow,efferent,5926,400,0.25,0.14285714285714285,0.05,0.07846776915288559,0.17246034424569692,0.5599055011812353,0.03324333445831927,0.11795477556530544,0.03644954438069524,0.0015187310158623017,False,True,True,False,True,False,False
720575940625006776,flow,efferent,5926,400,0.25,0.14285714285714285,0.1,0.07846776915288559,0.17246034424569692,0.5599055011812353,0.03324333445831927,0.11795477556530544,0.03644954438069524,0.0015187310158623017,False,False,True,False,False,False,False
720575940625006776,flow,efferent,5926,400,0.25,0.04,0.01,0.07846776915288559,0.17246034424569692,0.5599055011812353,0.03324333445831927,0.11795477556530544,0.03644954438069524,0.0015187310158623017,True,True,True,False,True,False,False
720575940625006776,flow,efferent,5926,400,0.25,0.04,0.05,0.07846776915288559,0.17246034424569692,0.5599055011812353,0.03324333445831927,0.11795477556530544,0.03644954438069524,0.0015187310158623017,False,False,True,False,False,False,False
720575940625006776,flow,efferent,5926,400,0.25,0.04,0.1,0.07846776915288559,0.17246034424569692,0.5599055011812353,0.03324333445831927,0.11795477556530544,0.03644954438069524,0.0015187310158623017,False,False,False,False,False,False,False
720575940625006776,flow,efferent,5926,400,0.25,0.02,0.01,0.07846776915288559,0.17246034424569692,0.5599055011812353,0.03324333445831927,0.11795477556530544,0.03644954438069524,0.0015187310158623017,True,True,True,False,False,False,False
720575940625006776,flow,efferent,5926,400,0.25,0.02,0.05,0.07846776915288559,0.17246034424569692,0.5599055011812353,0.03324333445831927,0.11795477556530544,0.03644954438069524,0.0015187310158623017,False,False,True,False,False,False,False
720575940625006776,flow,efferent,5926,400,0.25,0.02,0.1,0.07846776915288559,0.17246034424569692,0.5599055011812353,0.03324333445831927,0.11795477556530544,0.03644954438069524,0.0015187310158623017,False,False,False,False,False,False,False
720575940625006776,flow,efferent,5926,400,0.25,0.01,0.01,0.07846776915288559,0.17246034424569692,0.5599055011812353,0.03324333445831927,0.11795477556530544,0.03644954438069524,0.0015187310158623017,False,True,True,False,False,False,False
720575940625006776,flow,efferent,5926,400,0.25,0.01,0.05,0.07846776915288559,0.17246034424569692,0.5599055011812353,0.03324333445831927,0.11795477556530544,0.03644954438069524,0.0015187310158623017,False,False,False,False,False,False,False
720575940625006776,flow,efferent,5926,400,0.25,0.01,0.1,0.07846776915288559,0.17246034424569692,0.5599055011812353,0.03324333445831927,0.11795477556530544,0.03644954438069524,0.0015187310158623017,False,False,False,False,False,False,False
720575940619877396,flow,efferent,6193,400,0.25,0.14285714285714285,0.01,0.05054093331180365,0.650088809946714,0.1932827385758114,0.015985790408525755,0.06571936056838366,0.022929113515259163,0.0014532536735023414,True,True,True,False,True,False,False
720575940619877396,flow,efferent,6193,400,0.25,0.14285714285714285,0.05,0.05054093331180365,0.650088809946714,0.1932827385758114,0.015985790408525755,0.06571936056838366,0.022929113515259163,0.0014532536735023414,False,True,True,False,False,False,False
720575940619877396,flow,efferent,6193,400,0.25,0.14285714285714285,0.1,0.05054093331180365,0.650088809946714,0.1932827385758114,0.015985790408525755,0.06571936056838366,0.022929113515259163,0.0014532536735023414,False,True,True,False,False,False,False
720575940619877396,flow,efferent,6193,400,0.25,0.04,0.01,0.05054093331180365,0.650088809946714,0.1932827385758114,0.015985790408525755,0.06571936056838366,0.022929113515259163,0.0014532536735023414,True,True,True,False,False,False,False
720575940619877396,flow,efferent,6193,400,0.25,0.04,0.05,0.05054093331180365,0.650088809946714,0.1932827385758114,0.015985790408525755,0.06571936056838366,0.022929113515259163,0.0014532536735023414,False,True,True,False,False,False,False
720575940619877396,flow,efferent,6193,400,0.25,0.04,0.1,0.05054093331180365,0.650088809946714,0.1932827385758114,0.015985790408525755,0.06571936056838366,0.022929113515259163,0.0014532536735023414,False,True,False,False,False,False,False
720575940619877396,flow,efferent,6193,400,0.25,0.02,0.01,0.05054093331180365,0.650088809946714,0.1932827385758114,0.015985790408525755,0.06571936056838366,0.022929113515259163,0.0014532536735023414,True,True,True,False,False,False,False
720575940619877396,flow,efferent,6193,400,0.25,0.02,0.05,0.05054093331180365,0.650088809946714,0.1932827385758114,0.015985790408525755,0.06571936056838366,0.022929113515259163,0.0014532536735023414,False,True,True,False,False,False,False
720575940619877396,flow,efferent,6193,400,0.25,0.02,0.1,0.05054093331180365,0.650088809946714,0.1932827385758114,0.015985790408525755,0.06571936056838366,0.022929113515259163,0.0014532536735023414,False,False,False,False,False,False,False
720575940619877396,flow,efferent,6193,400,0.25,0.01,0.01,0.05054093331180365,0.650088809946714,0.1932827385758114,0.015985790408525755,0.06571936056838366,0.022929113515259163,0.0014532536735023414,True,True,True,False,False,False,False
720575940619877396,flow,efferent,6193,400,0.25,0.01,0.05,0.05054093331180365,0.650088809946714,0.1932827385758114,0.015985790408525755,0.06571936056838366,0.022929113515259163,0.0014532536735023414,False,True,False,False,False,False,False
720575940619877396,flow,efferent,6193,400,0.25,0.01,0.1,0.05054093331180365,0.650088809946714,0.1932827385758114,0.015985790408525755,0.06571936056838366,0.022929113515259163,0.0014532536735023414,False,False,False,False,False,False,False
720575940631629160,flow,efferent,2233,400,0.25,0.14285714285714285,0.01,0.03851321092700403,0.7398119122257053,0.0219435736677116,0.02239140170174653,0.13076578593819974,0.045230631437527986,0.0013434841021047917,True,True,False,True,True,True,False
720575940631629160,flow,efferent,2233,400,0.25,0.14285714285714285,0.05,0.03851321092700403,0.7398119122257053,0.0219435736677116,0.02239140170174653,0.13076578593819974,0.045230631437527986,0.0013434841021047917,False,True,False,False,False,False,False
720575940631629160,flow,efferent,2233,400,0.25,0.14285714285714285,0.1,0.03851321092700403,0.7398119122257053,0.0219435736677116,0.02239140170174653,0.13076578593819974,0.045230631437527986,0.0013434841021047917,False,True,False,False,False,False,False
720575940631629160,flow,efferent,2233,400,0.25,0.04,0.01,0.03851321092700403,0.7398119122257053,0.0219435736677116,0.02239140170174653,0.13076578593819974,0.045230631437527986,0.0013434841021047917,True,True,False,False,True,False,False
720575940631629160,flow,efferent,2233,400,0.25,0.04,0.05,0.03851321092700403,0.7398119122257053,0.0219435736677116,0.02239140170174653,0.13076578593819974,0.045230631437527986,0.0013434841021047917,False,True,False,False,False,False,False
720575940631629160,flow,efferent,2233,400,0.25,0.04,0.1,0.03851321092700403,0.7398119122257053,0.0219435736677116,0.02239140170174653,0.13076578593819974,0.045230631437527986,0.0013434841021047917,False,True,False,False,False,False,False
720575940631629160,flow,efferent,2233,400,0.25,0.02,0.01,0.03851321092700403,0.7398119122257053,0.0219435736677116,0.02239140170174653,0.13076578593819974,0.045230631437527986,0.0013434841021047917,True,True,False,False,True,False,False
720575940631629160,flow,efferent,2233,400,0.25,0.02,0.05,0.03851321092700403,0.7398119122257053,0.0219435736677116,0.02239140170174653,0.13076578593819974,0.045230631437527986,0.0013434841021047917,False,True,False,False,False,False,False
720575940631629160,flow,efferent,2233,400,0.25,0.02,0.1,0.03851321092700403,0.7398119122257053,0.0219435736677116,0.02239140170174653,0.13076578593819974,0.045230631437527986,0.0013434841021047917,False,False,False,False,False,False,False
720575940631629160,flow,efferent,2233,400,0.25,0.01,0.01,0.03851321092700403,0.7398119122257053,0.0219435736677116,0.02239140170174653,0.13076578593819974,0.045230631437527986,0.0013434841021047917,True,True,False,False,True,False,False
720575940631629160,flow,efferent,2233,400,0.25,0.01,0.05,0.03851321092700403,0.7398119122257053,0.0219435736677116,0.02239140170174653,0.13076578593819974,0.045230631437527986,0.0013434841021047917,False,True,False,False,False,False,False
720575940631629160,flow,efferent,2233,400,0.25,0.01,0.1,0.03851321092700403,0.7398119122257053,0.0219435736677116,0.02239140170174653,0.13076578593819974,0.045230631437527986,0.0013434841021047917,False,False,False,False,False,False,False
720575940611735002,flow,efferent,519,400,0.25,0.14285714285714285,0.01,0.09633911368015415,0.4142581888246628,0.10211946050096339,0.04046242774566474,0.21965317919075145,0.1233140655105973,0.0038535645472061657,True,True,True,True,True,True,False
720575940611735002,flow,efferent,519,400,0.25,0.14285714285714285,0.05,0.09633911368015415,0.4142581888246628,0.10211946050096339,0.04046242774566474,0.21965317919075145,0.1233140655105973,0.0038535645472061657,False,True,False,False,True,True,False
720575940611735002,flow,efferent,519,400,0.25,0.14285714285714285,0.1,0.09633911368015415,0.4142581888246628,0.10211946050096339,0.04046242774566474,0.21965317919075145,0.1233140655105973,0.0038535645472061657,False,True,False,False,True,False,False
720575940611735002,flow,efferent,519,400,0.25,0.04,0.01,0.09633911368015415,0.4142581888246628,0.10211946050096339,0.04046242774566474,0.21965317919075145,0.1233140655105973,0.0038535645472061657,True,True,True,True,True,True,False
720575940611735002,flow,efferent,519,400,0.25,0.04,0.05,0.09633911368015415,0.4142581888246628,0.10211946050096339,0.04046242774566474,0.21965317919075145,0.1233140655105973,0.0038535645472061657,False,True,False,False,False,False,False
720575940611735002,flow,efferent,519,400,0.25,0.04,0.1,0.09633911368015415,0.4142581888246628,0.10211946050096339,0.04046242774566474,0.21965317919075145,0.1233140655105973,0.0038535645472061657,False,True,False,False,False,False,False
720575940611735002,flow,efferent,519,400,0.25,0.02,0.01,0.09633911368015415,0.4142581888246628,0.10211946050096339,0.04046242774566474,0.21965317919075145,0.1233140655105973,0.0038535645472061657,True,True,True,True,True,True,False
720575940611735002,flow,efferent,519,400,0.25,0.02,0.05,0.09633911368015415,0.4142581888246628,0.10211946050096339,0.04046242774566474,0.21965317919075145,0.1233140655105973,0.0038535645472061657,False,True,False,False,False,False,False
720575940611735002,flow,efferent,519,400,0.25,0.02,0.1,0.09633911368015415,0.4142581888246628,0.10211946050096339,0.04046242774566474,0.21965317919075145,0.1233140655105973,0.0038535645472061657,False,False,False,False,False,False,False
720575940611735002,flow,efferent,519,400,0.25,0.01,0.01,0.09633911368015415,0.4142581888246628,0.10211946050096339,0.04046242774566474,0.21965317919075145,0.1233140655105973,0.0038535645472061657,True,True,False,True,True,True,False
720575940611735002,flow,efferent,519,400,0.25,0.01,0.05,0.09633911368015415,0.4142581888246628,0.10211946050096339,0.04046242774566474,0.21965317919075145,0.1233140655105973,0.0038535645472061657,False,False,False,False,False,False,False
720575940611735002,flow,efferent,519,400,0.25,0.01,0.1,0.09633911368015415,0.4142581888246628,0.10211946050096339,0.04046242774566474,0.21965317919075145,0.1233140655105973,0.0038535645472061657,False,False,False,False,False,False,False
720575940659356545,flow,efferent,489,400,0.25,0.14285714285714285,0.01,0.024539877300613498,0.12474437627811862,0.053169734151329244,0.4601226993865031,0.31901840490797545,0.018404907975460124,0.0,True,True,True,True,True,True,
720575940659356545,flow,efferent,489,400,0.25,0.14285714285714285,0.05,0.024539877300613498,0.12474437627811862,0.053169734151329244,0.4601226993865031,0.31901840490797545,0.018404907975460124,0.0,False,True,False,True,True,False,
720575940659356545,flow,efferent,489,400,0.25,0.14285714285714285,0.1,0.024539877300613498,0.12474437627811862,0.053169734151329244,0.4601226993865031,0.31901840490797545,0.018404907975460124,0.0,False,False,False,True,False,False,
720575940659356545,flow,efferent,489,400,0.25,0.04,0.01,0.024539877300613498,0.12474437627811862,0.053169734151329244,0.4601226993865031,0.31901840490797545,0.018404907975460124,0.0,True,True,True,True,True,True,
720575940659356545,flow,efferent,489,400,0.25,0.04,0.05,0.024539877300613498,0.12474437627811862,0.053169734151329244,0.4601226993865031,0.31901840490797545,0.018404907975460124,0.0,False,False,False,True,False,False,
720575940659356545,flow,efferent,489,400,0.25,0.04,0.1,0.024539877300613498,0.12474437627811862,0.053169734151329244,0.4601226993865031,0.31901840490797545,0.018404907975460124,0.0,False,False,False,True,False,False,
720575940659356545,flow,efferent,489,400,0.25,0.02,0.01,0.024539877300613498,0.12474437627811862,0.053169734151329244,0.4601226993865031,0.31901840490797545,0.018404907975460124,0.0,True,True,True,True,True,True,
720575940659356545,flow,efferent,489,400,0.25,0.02,0.05,0.024539877300613498,0.12474437627811862,0.053169734151329244,0.4601226993865031,0.31901840490797545,0.018404907975460124,0.0,False,False,False,True,False,False,
720575940659356545,flow,efferent,489,400,0.25,0.02,0.1,0.024539877300613498,0.12474437627811862,0.053169734151329244,0.4601226993865031,0.31901840490797545,0.018404907975460124,0.0,False,False,False,True,False,False,
720575940659356545,flow,efferent,489,400,0.25,0.01,0.01,0.024539877300613498,0.12474437627811862,0.053169734151329244,0.4601226993865031,0.31901840490797545,0.018404907975460124,0.0,False,True,True,True,True,False,
720575940659356545,flow,efferent,489,400,0.25,0.01,0.05,0.024539877300613498,0.12474437627811862,0.053169734151329244,0.4601226993865031,0.31901840490797545,0.018404907975460124,0.0,False,False,False,True,False,False,
720575940659356545,flow,efferent,489,400,0.25,0.01,0.1,0.024539877300613498,0.12474437627811862,0.053169734151329244,0.4601226993865031,0.31901840490797545,0.018404907975460124,0.0,False,False,False,True,False,False,
720575940628883535,flow,efferent,9753,400,0.25,0.14285714285714285,0.01,0.08715267097303393,0.22792986773300522,0.6078129806213473,0.005331692812467958,0.040705423972111146,0.030349636009432995,0.000717727878601456,True,True,True,False,True,True,False
720575940628883535,flow,efferent,9753,400,0.25,0.14285714285714285,0.05,0.08715267097303393,0.22792986773300522,0.6078129806213473,0.005331692812467958,0.040705423972111146,0.030349636009432995,0.000717727878601456,False,True,True,False,False,False,False
720575940628883535,flow,efferent,9753,400,0.25,0.14285714285714285,0.1,0.08715267097303393,0.22792986773300522,0.6078129806213473,0.005331692812467958,0.040705423972111146,0.030349636009432995,0.000717727878601456,False,False,True,False,False,False,False
720575940628883535,flow,efferent,9753,400,0.25,0.04,0.01,0.08715267097303393,0.22792986773300522,0.6078129806213473,0.005331692812467958,0.040705423972111146,0.030349636009432995,0.000717727878601456,True,True,True,False,False,False,False
720575940628883535,flow,efferent,9753,400,0.25,0.04,0.05,0.08715267097303393,0.22792986773300522,0.6078129806213473,0.005331692812467958,0.040705423972111146,0.030349636009432995,0.000717727878601456,False,True,True,False,False,False,False
720575940628883535,flow,efferent,9753,400,0.25,0.04,0.1,0.08715267097303393,0.22792986773300522,0.6078129806213473,0.005331692812467958,0.040705423972111146,0.030349636009432995,0.000717727878601456,False,False,True,False,False,False,False
720575940628883535,flow,efferent,9753,400,0.25,0.02,0.01,0.08715267097303393,0.22792986773300522,0.6078129806213473,0.005331692812467958,0.040705423972111146,0.030349636009432995,0.000717727878601456,True,True,True,False,False,False,False
720575940628883535,flow,efferent,9753,400,0.25,0.02,0.05,0.08715267097303393,0.22792986773300522,0.6078129806213473,0.005331692812467958,0.040705423972111146,0.030349636009432995,0.000717727878601456,False,False,True,False,False,False,False
720575940628883535,flow,efferent,9753,400,0.25,0.02,0.1,0.08715267097303393,0.22792986773300522,0.6078129806213473,0.005331692812467958,0.040705423972111146,0.030349636009432995,0.000717727878601456,False,False,False,False,False,False,False
720575940628883535,flow,efferent,9753,400,0.25,0.01,0.01,0.08715267097303393,0.22792986773300522,0.6078129806213473,0.005331692812467958,0.040705423972111146,0.030349636009432995,0.000717727878601456,True,True,True,False,False,False,False
720575940628883535,flow,efferent,9753,400,0.25,0.01,0.05,0.08715267097303393,0.22792986773300522,0.6078129806213473,0.005331692812467958,0.040705423972111146,0.030349636009432995,0.000717727878601456,False,False,False,False,False,False,False
720575940628883535,flow,efferent,9753,400,0.25,0.01,0.1,0.08715267097303393,0.22792986773300522,0.6078129806213473,0.005331692812467958,0.040705423972111146,0.030349636009432995,0.000717727878601456,False,False,False,False,False,False,False
720575940633781217,flow,efferent,2986,400,0.25,0.14285714285714285,0.01,0.008707300736771601,0.8399196249162759,0.04521098459477562,0.004353650368385801,0.06932350971198928,0.03248492967180174,0.0,False,True,True,False,True,True,
720575940633781217,flow,efferent,2986,400,0.25,0.14285714285714285,0.05,0.008707300736771601,0.8399196249162759,0.04521098459477562,0.004353650368385801,0.06932350971198928,0.03248492967180174,0.0,False,True,False,False,False,False,
720575940633781217,flow,efferent,2986,400,0.25,0.14285714285714285,0.1,0.008707300736771601,0.8399196249162759,0.04521098459477562,0.004353650368385801,0.06932350971198928,0.03248492967180174,0.0,False,True,False,False,False,False,
720575940633781217,flow,efferent,2986,400,0.25,0.04,0.01,0.008707300736771601,0.8399196249162759,0.04521098459477562,0.004353650368385801,0.06932350971198928,0.03248492967180174,0.0,False,True,True,False,True,False,
720575940633781217,flow,efferent,2986,400,0.25,0.04,0.05,0.008707300736771601,0.8399196249162759,0.04521098459477562,0.004353650368385801,0.06932350971198928,0.03248492967180174,0.0,False,True,False,False,False,False,
720575940633781217,flow,efferent,2986,400,0.25,0.04,0.1,0.008707300736771601,0.8399196249162759,0.04521098459477562,0.004353650368385801,0.06932350971198928,0.03248492967180174,0.0,False,True,False,False,False,False,
720575940633781217,flow,efferent,2986,400,0.25,0.02,0.01,0.008707300736771601,0.8399196249162759,0.04521098459477562,0.004353650368385801,0.06932350971198928,0.03248492967180174,0.0,False,True,False,False,False,False,
720575940633781217,flow,efferent,2986,400,0.25,0.02,0.05,0.008707300736771601,0.8399196249162759,0.04521098459477562,0.004353650368385801,0.06932350971198928,0.03248492967180174,0.0,False,True,False,False,False,False,
720575940633781217,flow,efferent,2986,400,0.25,0.02,0.1,0.008707300736771601,0.8399196249162759,0.04521098459477562,0.004353650368385801,0.06932350971198928,0.03248492967180174,0.0,False,False,False,False,False,False,
720575940633781217,flow,efferent,2986,400,0.25,0.01,0.01,0.008707300736771601,0.8399196249162759,0.04521098459477562,0.004353650368385801,0.06932350971198928,0.03248492967180174,0.0,False,True,False,False,False,False,
720575940633781217,flow,efferent,2986,400,0.25,0.01,0.05,0.008707300736771601,0.8399196249162759,0.04521098459477562,0.004353650368385801,0.06932350971198928,0.03248492967180174,0.0,False,True,False,False,False,False,
720575940633781217,flow,efferent,2986,400,0.25,0.01,0.1,0.008707300736771601,0.8399196249162759,0.04521098459477562,0.004353650368385801,0.06932350971198928,0.03248492967180174,0.0,False,False,False,False,False,False,
720575940614384757,flow,efferent,441,400,0.25,0.14285714285714285,0.01,0.2018140589569161,0.14058956916099774,0.08616780045351474,0.05895691609977324,0.2811791383219955,0.2222222222222222,0.009070294784580499,True,True,True,True,True,True,False
720575940614384757,flow,efferent,441,400,0.25,0.14285714285714285,0.05,0.2018140589569161,0.14058956916099774,0.08616780045351474,0.05895691609977324,0.2811791383219955,0.2222222222222222,0.009070294784580499,True,True,True,False,True,True,False
720575940614384757,flow,efferent,441,400,0.25,0.14285714285714285,0.1,0.2018140589569161,0.14058956916099774,0.08616780045351474,0.05895691609977324,0.2811791383219955,0.2222222222222222,0.009070294784580499,False,False,False,False,True,True,False
720575940614384757,flow,efferent,441,400,0.25,0.04,0.01,0.2018140589569161,0.14058956916099774,0.08616780045351474,0.05895691609977324,0.2811791383219955,0.2222222222222222,0.009070294784580499,True,True,True,True,True,True,False
720575940614384757,flow,efferent,441,400,0.25,0.04,0.05,0.2018140589569161,0.14058956916099774,0.08616780045351474,0.05895691609977324,0.2811791383219955,0.2222222222222222,0.009070294784580499,True,False,False,False,True,True,False
720575940614384757,flow,efferent,441,400,0.25,0.04,0.1,0.2018140589569161,0.14058956916099774,0.08616780045351474,0.05895691609977324,0.2811791383219955,0.2222222222222222,0.009070294784580499,False,False,False,False,False,False,False
720575940614384757,flow,efferent,441,400,0.25,0.02,0.01,0.2018140589569161,0.14058956916099774,0.08616780045351474,0.05895691609977324,0.2811791383219955,0.2222222222222222,0.009070294784580499,True,True,True,True,True,True,False
720575940614384757,flow,efferent,441,400,0.25,0.02,0.05,0.2018140589569161,0.14058956916099774,0.08616780045351474,0.05895691609977324,0.2811791383219955,0.2222222222222222,0.009070294784580499,True,False,False,False,False,False,False
720575940614384757,flow,efferent,441,400,0.25,0.02,0.1,0.2018140589569161,0.14058956916099774,0.08616780045351474,0.05895691609977324,0.2811791383219955,0.2222222222222222,0.009070294784580499,False,False,False,False,False,False,False
720575940614384757,flow,efferent,441,400,0.25,0.01,0.01,0.2018140589569161,0.14058956916099774,0.08616780045351474,0.05895691609977324,0.2811791383219955,0.2222222222222222,0.009070294784580499,True,True,True,False,True,True,False
720575940614384757,flow,efferent,441,400,0.25,0.01,0.05,0.2018140589569161,0.14058956916099774,0.08616780045351474,0.05895691609977324,0.2811791383219955,0.2222222222222222,0.009070294784580499,True,False,False,False,False,False,False
720575940614384757,flow,efferent,441,400,0.25,0.01,0.1,0.2018140589569161,0.14058956916099774,0.08616780045351474,0.05895691609977324,0.2811791383219955,0.2222222222222222,0.009070294784580499,False,False,False,False,False,False,False
720575940606866377,flow,efferent,5246,400,0.25,0.14285714285714285,0.01,0.5,0.29184140297369426,0.06099885627144491,0.01639344262295082,0.07072054898970645,0.059283263438810525,0.0007624857033930614,True,True,True,False,True,True,False
720575940606866377,flow,efferent,5246,400,0.25,0.14285714285714285,0.05,0.5,0.29184140297369426,0.06099885627144491,0.01639344262295082,0.07072054898970645,0.059283263438810525,0.0007624857033930614,True,True,False,False,False,False,False
720575940606866377,flow,efferent,5246,400,0.25,0.14285714285714285,0.1,0.5,0.29184140297369426,0.06099885627144491,0.01639344262295082,0.07072054898970645,0.059283263438810525,0.0007624857033930614,True,True,False,False,False,False,False
720575940606866377,flow,efferent,5246,400,0.25,0.04,0.01,0.5,0.29184140297369426,0.06099885627144491,0.01639344262295082,0.07072054898970645,0.059283263438810525,0.0007624857033930614,True,True,False,False,True,False,False
720575940606866377,flow,efferent,5246,400,0.25,0.04,0.05,0.5,0.29184140297369426,0.06099885627144491,0.01639344262295082,0.07072054898970645,0.059283263438810525,0.0007624857033930614,True,True,False,False,False,False,False
720575940606866377,flow,efferent,5246,400,0.25,0.04,0.1,0.5,0.29184140297369426,0.06099885627144491,0.01639344262295082,0.07072054898970645,0.059283263438810525,0.0007624857033930614,True,True,False,False,False,False,False
720575940606866377,flow,efferent,5246,400,0.25,0.02,0.01,0.5,0.29184140297369426,0.06099885627144491,0.01639344262295082,0.07072054898970645,0.059283263438810525,0.0007624857033930614,True,True,False,False,False,False,False
720575940606866377,flow,efferent,5246,400,0.25,0.02,0.05,0.5,0.29184140297369426,0.06099885627144491,0.01639344262295082,0.07072054898970645,0.059283263438810525,0.0007624857033930614,True,False,False,False,False,False,False
720575940606866377,flow,efferent,5246,400,0.25,0.02,0.1,0.5,0.29184140297369426,0.06099885627144491,0.01639344262295082,0.07072054898970645,0.059283263438810525,0.0007624857033930614,False,False,False,False,False,False,False
720575940606866377,flow,efferent,5246,400,0.25,0.01,0.01,0.5,0.29184140297369426,0.06099885627144491,0.01639344262295082,0.07072054898970645,0.059283263438810525,0.0007624857033930614,True,True,False,False,False,False,False
720575940606866377,flow,efferent,5246,400,0.25,0.01,0.05,0.5,0.29184140297369426,0.06099885627144491,0.01639344262295082,0.07072054898970645,0.059283263438810525,0.0007624857033930614,False,False,False,False,False,False,False
720575940606866377,flow,efferent,5246,400,0.25,0.01,0.1,0.5,0.29184140297369426,0.06099885627144491,0.01639344262295082,0.07072054898970645,0.059283263438810525,0.0007624857033930614,False,False,False,False,False,False,False
720575940628030440,flow,efferent,8110,400,0.25,0.14285714285714285,0.01,0.02281134401972873,0.014919852034525278,0.01726263871763255,0.03921085080147965,0.6372379778051788,0.2684340320591862,0.00012330456226880394,True,False,False,True,True,True,
720575940628030440,flow,efferent,8110,400,0.25,0.14285714285714285,0.05,0.02281134401972873,0.014919852034525278,0.01726263871763255,0.03921085080147965,0.6372379778051788,0.2684340320591862,0.00012330456226880394,False,False,False,False,True,True,
720575940628030440,flow,efferent,8110,400,0.25,0.14285714285714285,0.1,0.02281134401972873,0.014919852034525278,0.01726263871763255,0.03921085080147965,0.6372379778051788,0.2684340320591862,0.00012330456226880394,False,False,False,False,True,True,
720575940628030440,flow,efferent,8110,400,0.25,0.04,0.01,0.02281134401972873,0.014919852034525278,0.01726263871763255,0.03921085080147965,0.6372379778051788,0.2684340320591862,0.00012330456226880394,True,False,False,True,True,True,
720575940628030440,flow,efferent,8110,400,0.25,0.04,0.05,0.02281134401972873,0.014919852034525278,0.01726263871763255,0.03921085080147965,0.6372379778051788,0.2684340320591862,0.00012330456226880394,False,False,False,False,True,True,
720575940628030440,flow,efferent,8110,400,0.25,0.04,0.1,0.02281134401972873,0.014919852034525278,0.01726263871763255,0.03921085080147965,0.6372379778051788,0.2684340320591862,0.00012330456226880394,False,False,False,False,False,True,
720575940628030440,flow,efferent,8110,400,0.25,0.02,0.01,0.02281134401972873,0.014919852034525278,0.01726263871763255,0.03921085080147965,0.6372379778051788,0.2684340320591862,0.00012330456226880394,True,False,False,True,True,True,
720575940628030440,flow,efferent,8110,400,0.25,0.02,0.05,0.02281134401972873,0.014919852034525278,0.01726263871763255,0.03921085080147965,0.6372379778051788,0.2684340320591862,0.00012330456226880394,False,False,False,False,False,True,
720575940628030440,flow,efferent,8110,400,0.25,0.02,0.1,0.02281134401972873,0.014919852034525278,0.01726263871763255,0.03921085080147965,0.6372379778051788,0.2684340320591862,0.00012330456226880394,False,False,False,False,False,True,
720575940628030440,flow,efferent,8110,400,0.25,0.01,0.01,0.02281134401972873,0.014919852034525278,0.01726263871763255,0.03921085080147965,0.6372379778051788,0.2684340320591862,0.00012330456226880394,True,False,False,False,True,True,
720575940628030440,flow,efferent,8110,400,0.25,0.01,0.05,0.02281134401972873,0.014919852034525278,0.01726263871763255,0.03921085080147965,0.6372379778051788,0.2684340320591862,0.00012330456226880394,False,False,False,False,False,True,
720575940628030440,flow,efferent,8110,400,0.25,0.01,0.1,0.02281134401972873,0.014919852034525278,0.01726263871763255,0.03921085080147965,0.6372379778051788,0.2684340320591862,0.00012330456226880394,False,False,False,False,False,True,
