root_id,classification_system,cell_type,num_synapses,min_synapses,softmax_threshold,bandwidth_quantile_value,min_synapses_ratio_value,GABA_ratio,ACh_ratio,Glut_ratio,Oct_ratio,Ser_ratio,DA_ratio,Unknown_ratio,GABA_clusters,ACh_clusters,Glut_clusters,Oct_clusters,Ser_clusters,DA_clusters,Unknown_clusters
720575940632407826,flow,efferent,9668,400,0.25,0.14285714285714285,0.01,0.43866363260239966,0.2082126603227141,0.1278444352503103,0.022755482002482418,0.16632188663632602,0.03527099710384775,0.0009309060819197352,True,True,True,True,True,True,False
720575940632407826,flow,efferent,9668,400,0.25,0.14285714285714285,0.05,0.43866363260239966,0.2082126603227141,0.1278444352503103,0.022755482002482418,0.16632188663632602,0.03527099710384775,0.0009309060819197352,True,True,True,False,True,False,False
720575940632407826,flow,efferent,9668,400,0.25,0.14285714285714285,0.1,0.43866363260239966,0.2082126603227141,0.1278444352503103,0.022755482002482418,0.16632188663632602,0.03527099710384775,0.0009309060819197352,True,True,True,False,False,False,False
720575940632407826,flow,efferent,9668,400,0.25,0.04,0.01,0.43866363260239966,0.2082126603227141,0.1278444352503103,0.022755482002482418,0.16632188663632602,0.03527099710384775,0.0009309060819197352,True,True,True,False,True,False,False
720575940632407826,flow,efferent,9668,400,0.25,0.04,0.05,0.43866363260239966,0.2082126603227141,0.1278444352503103,0.022755482002482418,0.16632188663632602,0.03527099710384775,0.0009309060819197352,True,False,False,False,False,False,False
720575940632407826,flow,efferent,9668,400,0.25,0.04,0.1,0.43866363260239966,0.2082126603227141,0.1278444352503103,0.022755482002482418,0.16632188663632602,0.03527099710384775,0.0009309060819197352,True,False,False,False,False,False,False
720575940632407826,flow,efferent,9668,400,0.25,0.02,0.01,0.43866363260239966,0.2082126603227141,0.1278444352503103,0.022755482002482418,0.16632188663632602,0.03527099710384775,0.0009309060819197352,True,True,True,False,True,False,False
720575940632407826,flow,efferent,9668,400,0.25,0.02,0.05,0.43866363260239966,0.2082126603227141,0.1278444352503103,0.022755482002482418,0.16632188663632602,0.03527099710384775,0.0009309060819197352,False,False,False,False,False,False,False
720575940632407826,flow,efferent,9668,400,0.25,0.02,0.1,0.43866363260239966,0.2082126603227141,0.1278444352503103,0.022755482002482418,0.16632188663632602,0.03527099710384775,0.0009309060819197352,False,False,False,False,False,False,False
720575940632407826,flow,efferent,9668,400,0.25,0.01,0.01,0.43866363260239966,0.2082126603227141,0.1278444352503103,0.022755482002482418,0.16632188663632602,0.03527099710384775,0.0009309060819197352,True,True,False,False,False,False,False
720575940632407826,flow,efferent,9668,400,0.25,0.01,0.05,0.43866363260239966,0.2082126603227141,0.1278444352503103,0.022755482002482418,0.16632188663632602,0.03527099710384775,0.0009309060819197352,False,False,False,False,False,False,False
720575940632407826,flow,efferent,9668,400,0.25,0.01,0.1,0.43866363260239966,0.2082126603227141,0.1278444352503103,0.022755482002482418,0.16632188663632602,0.03527099710384775,0.0009309060819197352,False,False,False,False,False,False,False
720575940623503318,flow,efferent,8414,400,0.25,0.14285714285714285,0.01,0.01616353696220585,0.03351556928927977,0.015806988352745424,0.6133824578084145,0.11980033277870217,0.2006180175897314,0.0007130972189208462,False,True,False,True,True,True,False
720575940623503318,flow,efferent,8414,400,0.25,0.14285714285714285,0.05,0.01616353696220585,0.03351556928927977,0.015806988352745424,0.6133824578084145,0.11980033277870217,0.2006180175897314,0.0007130972189208462,False,False,False,True,True,True,False
720575940623503318,flow,efferent,8414,400,0.25,0.14285714285714285,0.1,0.01616353696220585,0.03351556928927977,0.015806988352745424,0.6133824578084145,0.11980033277870217,0.2006180175897314,0.0007130972189208462,False,False,False,True,False,True,False
720575940623503318,flow,efferent,8414,400,0.25,0.04,0.01,0.01616353696220585,0.03351556928927977,0.015806988352745424,0.6133824578084145,0.11980033277870217,0.2006180175897314,0.0007130972189208462,False,False,False,True,True,True,False
720575940623503318,flow,efferent,8414,400,0.25,0.04,0.05,0.01616353696220585,0.03351556928927977,0.015806988352745424,0.6133824578084145,0.11980033277870217,0.2006180175897314,0.0007130972189208462,False,False,False,True,False,True,False
720575940623503318,flow,efferent,8414,400,0.25,0.04,0.1,0.01616353696220585,0.03351556928927977,0.015806988352745424,0.6133824578084145,0.11980033277870217,0.2006180175897314,0.0007130972189208462,False,False,False,True,False,False,False
720575940623503318,flow,efferent,8414,400,0.25,0.02,0.01,0.01616353696220585,0.03351556928927977,0.015806988352745424,0.6133824578084145,0.11980033277870217,0.2006180175897314,0.0007130972189208462,False,False,False,True,True,True,False
720575940623503318,flow,efferent,8414,400,0.25,0.02,0.05,0.01616353696220585,0.03351556928927977,0.015806988352745424,0.6133824578084145,0.11980033277870217,0.2006180175897314,0.0007130972189208462,False,False,False,True,False,False,False
720575940623503318,flow,efferent,8414,400,0.25,0.02,0.1,0.01616353696220585,0.03351556928927977,0.015806988352745424,0.6133824578084145,0.11980033277870217,0.2006180175897314,0.0007130972189208462,False,False,False,False,False,False,False
720575940623503318,flow,efferent,8414,400,0.25,0.01,0.01,0.01616353696220585,0.03351556928927977,0.015806988352745424,0.6133824578084145,0.11980033277870217,0.2006180175897314,0.0007130972189208462,False,False,False,True,False,True,False
720575940623503318,flow,efferent,8414,400,0.25,0.01,0.05,0.01616353696220585,0.03351556928927977,0.015806988352745424,0.6133824578084145,0.11980033277870217,0.2006180175897314,0.0007130972189208462,False,False,False,False,False,False,False
720575940623503318,flow,efferent,8414,400,0.25,0.01,0.1,0.01616353696220585,0.03351556928927977,0.015806988352745424,0.6133824578084145,0.11980033277870217,0.2006180175897314,0.0007130972189208462,False,False,False,False,False,False,False
720575940647031860,flow,efferent,6522,400,0.25,0.14285714285714285,0.01,0.6117755289788408,0.19779208831646733,0.10870898497393437,0.0078196872125115,0.05121128488193805,0.02207911683532659,0.0006133088009812941,True,True,True,False,True,False,False
720575940647031860,flow,efferent,6522,400,0.25,0.14285714285714285,0.05,0.6117755289788408,0.19779208831646733,0.10870898497393437,0.0078196872125115,0.05121128488193805,0.02207911683532659,0.0006133088009812941,True,True,False,False,False,False,False
720575940647031860,flow,efferent,6522,400,0.25,0.14285714285714285,0.1,0.6117755289788408,0.19779208831646733,0.10870898497393437,0.0078196872125115,0.05121128488193805,0.02207911683532659,0.0006133088009812941,True,True,False,False,False,False,False
720575940647031860,flow,efferent,6522,400,0.25,0.04,0.01,0.6117755289788408,0.19779208831646733,0.10870898497393437,0.0078196872125115,0.05121128488193805,0.02207911683532659,0.0006133088009812941,True,True,True,False,False,False,False
720575940647031860,flow,efferent,6522,400,0.25,0.04,0.05,0.6117755289788408,0.19779208831646733,0.10870898497393437,0.0078196872125115,0.05121128488193805,0.02207911683532659,0.0006133088009812941,True,False,False,False,False,False,False
720575940647031860,flow,efferent,6522,400,0.25,0.04,0.1,0.6117755289788408,0.19779208831646733,0.10870898497393437,0.0078196872125115,0.05121128488193805,0.02207911683532659,0.0006133088009812941,True,False,False,False,False,False,False
720575940647031860,flow,efferent,6522,400,0.25,0.02,0.01,0.6117755289788408,0.19779208831646733,0.10870898497393437,0.0078196872125115,0.05121128488193805,0.02207911683532659,0.0006133088009812941,True,True,True,False,False,False,False
720575940647031860,flow,efferent,6522,400,0.25,0.02,0.05,0.6117755289788408,0.19779208831646733,0.10870898497393437,0.0078196872125115,0.05121128488193805,0.02207911683532659,0.0006133088009812941,True,False,False,False,False,False,False
720575940647031860,flow,efferent,6522,400,0.25,0.02,0.1,0.6117755289788408,0.19779208831646733,0.10870898497393437,0.0078196872125115,0.05121128488193805,0.02207911683532659,0.0006133088009812941,True,False,False,False,False,False,False
720575940647031860,flow,efferent,6522,400,0.25,0.01,0.01,0.6117755289788408,0.19779208831646733,0.10870898497393437,0.0078196872125115,0.05121128488193805,0.02207911683532659,0.0006133088009812941,True,True,False,False,False,False,False
720575940647031860,flow,efferent,6522,400,0.25,0.01,0.05,0.6117755289788408,0.19779208831646733,0.10870898497393437,0.0078196872125115,0.05121128488193805,0.02207911683532659,0.0006133088009812941,True,False,False,False,False,False,False
720575940647031860,flow,efferent,6522,400,0.25,0.01,0.1,0.6117755289788408,0.19779208831646733,0.10870898497393437,0.0078196872125115,0.05121128488193805,0.02207911683532659,0.0006133088009812941,False,False,False,False,False,False,False
720575940615043368,flow,efferent,1088,400,0.25,0.14285714285714285,0.01,0.32169117647058826,0.3170955882352941,0.08823529411764706,0.057904411764705885,0.1792279411764706,0.035845588235294115,0.0,True,True,True,True,True,True,
720575940615043368,flow,efferent,1088,400,0.25,0.14285714285714285,0.05,0.32169117647058826,0.3170955882352941,0.08823529411764706,0.057904411764705885,0.1792279411764706,0.035845588235294115,0.0,True,True,False,True,True,False,
720575940615043368,flow,efferent,1088,400,0.25,0.14285714285714285,0.1,0.32169117647058826,0.3170955882352941,0.08823529411764706,0.057904411764705885,0.1792279411764706,0.035845588235294115,0.0,True,True,False,False,False,False,
720575940615043368,flow,efferent,1088,400,0.25,0.04,0.01,0.32169117647058826,0.3170955882352941,0.08823529411764706,0.057904411764705885,0.1792279411764706,0.035845588235294115,0.0,True,True,True,True,True,False,
720575940615043368,flow,efferent,1088,400,0.25,0.04,0.05,0.32169117647058826,0.3170955882352941,0.08823529411764706,0.057904411764705885,0.1792279411764706,0.035845588235294115,0.0,True,True,False,False,False,False,
720575940615043368,flow,efferent,1088,400,0.25,0.04,0.1,0.32169117647058826,0.3170955882352941,0.08823529411764706,0.057904411764705885,0.1792279411764706,0.035845588235294115,0.0,True,False,False,False,False,False,
720575940615043368,flow,efferent,1088,400,0.25,0.02,0.01,0.32169117647058826,0.3170955882352941,0.08823529411764706,0.057904411764705885,0.1792279411764706,0.035845588235294115,0.0,True,True,False,True,True,False,
720575940615043368,flow,efferent,1088,400,0.25,0.02,0.05,0.32169117647058826,0.3170955882352941,0.08823529411764706,0.057904411764705885,0.1792279411764706,0.035845588235294115,0.0,True,True,False,False,False,False,
720575940615043368,flow,efferent,1088,400,0.25,0.02,0.1,0.32169117647058826,0.3170955882352941,0.08823529411764706,0.057904411764705885,0.1792279411764706,0.035845588235294115,0.0,True,False,False,False,False,False,
720575940615043368,flow,efferent,1088,400,0.25,0.01,0.01,0.32169117647058826,0.3170955882352941,0.08823529411764706,0.057904411764705885,0.1792279411764706,0.035845588235294115,0.0,True,True,False,False,True,False,
720575940615043368,flow,efferent,1088,400,0.25,0.01,0.05,0.32169117647058826,0.3170955882352941,0.08823529411764706,0.057904411764705885,0.1792279411764706,0.035845588235294115,0.0,True,False,False,False,False,False,
720575940615043368,flow,efferent,1088,400,0.25,0.01,0.1,0.32169117647058826,0.3170955882352941,0.08823529411764706,0.057904411764705885,0.1792279411764706,0.035845588235294115,0.0,True,False,False,False,False,False,
720575940632043320,flow,efferent,4732,400,0.25,0.14285714285714285,0.01,0.07248520710059171,0.7381656804733728,0.02345731191885038,0.018174133558748945,0.10080304311073542,0.04585798816568047,0.0010566356720202875,True,True,False,True,True,True,False
720575940632043320,flow,efferent,4732,400,0.25,0.14285714285714285,0.05,0.07248520710059171,0.7381656804733728,0.02345731191885038,0.018174133558748945,0.10080304311073542,0.04585798816568047,0.0010566356720202875,True,True,False,False,False,False,False
720575940632043320,flow,efferent,4732,400,0.25,0.14285714285714285,0.1,0.07248520710059171,0.7381656804733728,0.02345731191885038,0.018174133558748945,0.10080304311073542,0.04585798816568047,0.0010566356720202875,False,True,False,False,False,False,False
720575940632043320,flow,efferent,4732,400,0.25,0.04,0.01,0.07248520710059171,0.7381656804733728,0.02345731191885038,0.018174133558748945,0.10080304311073542,0.04585798816568047,0.0010566356720202875,True,True,False,False,False,False,False
720575940632043320,flow,efferent,4732,400,0.25,0.04,0.05,0.07248520710059171,0.7381656804733728,0.02345731191885038,0.018174133558748945,0.10080304311073542,0.04585798816568047,0.0010566356720202875,True,True,False,False,False,False,False
720575940632043320,flow,efferent,4732,400,0.25,0.04,0.1,0.07248520710059171,0.7381656804733728,0.02345731191885038,0.018174133558748945,0.10080304311073542,0.04585798816568047,0.0010566356720202875,False,False,False,False,False,False,False
720575940632043320,flow,efferent,4732,400,0.25,0.02,0.01,0.07248520710059171,0.7381656804733728,0.02345731191885038,0.018174133558748945,0.10080304311073542,0.04585798816568047,0.0010566356720202875,True,True,False,False,False,False,False
720575940632043320,flow,efferent,4732,400,0.25,0.02,0.05,0.07248520710059171,0.7381656804733728,0.02345731191885038,0.018174133558748945,0.10080304311073542,0.04585798816568047,0.0010566356720202875,True,True,False,False,False,False,False
720575940632043320,flow,efferent,4732,400,0.25,0.02,0.1,0.07248520710059171,0.7381656804733728,0.02345731191885038,0.018174133558748945,0.10080304311073542,0.04585798816568047,0.0010566356720202875,False,False,False,False,False,False,False
720575940632043320,flow,efferent,4732,400,0.25,0.01,0.01,0.07248520710059171,0.7381656804733728,0.02345731191885038,0.018174133558748945,0.10080304311073542,0.04585798816568047,0.0010566356720202875,True,True,False,False,False,False,False
720575940632043320,flow,efferent,4732,400,0.25,0.01,0.05,0.07248520710059171,0.7381656804733728,0.02345731191885038,0.018174133558748945,0.10080304311073542,0.04585798816568047,0.0010566356720202875,True,True,False,False,False,False,False
720575940632043320,flow,efferent,4732,400,0.25,0.01,0.1,0.07248520710059171,0.7381656804733728,0.02345731191885038,0.018174133558748945,0.10080304311073542,0.04585798816568047,0.0010566356720202875,False,False,False,False,False,False,False
720575940629965708,flow,efferent,415,400,0.25,0.14285714285714285,0.01,0.4843373493975904,0.20963855421686747,0.0963855421686747,0.06265060240963856,0.11566265060240964,0.02650602409638554,0.004819277108433735,True,True,True,True,True,True,False
720575940629965708,flow,efferent,415,400,0.25,0.14285714285714285,0.05,0.4843373493975904,0.20963855421686747,0.0963855421686747,0.06265060240963856,0.11566265060240964,0.02650602409638554,0.004819277108433735,True,True,True,False,False,False,False
720575940629965708,flow,efferent,415,400,0.25,0.14285714285714285,0.1,0.4843373493975904,0.20963855421686747,0.0963855421686747,0.06265060240963856,0.11566265060240964,0.02650602409638554,0.004819277108433735,True,True,False,False,False,False,False
720575940629965708,flow,efferent,415,400,0.25,0.04,0.01,0.4843373493975904,0.20963855421686747,0.0963855421686747,0.06265060240963856,0.11566265060240964,0.02650602409638554,0.004819277108433735,True,True,True,True,True,True,False
720575940629965708,flow,efferent,415,400,0.25,0.04,0.05,0.4843373493975904,0.20963855421686747,0.0963855421686747,0.06265060240963856,0.11566265060240964,0.02650602409638554,0.004819277108433735,True,False,False,False,False,False,False
720575940629965708,flow,efferent,415,400,0.25,0.04,0.1,0.4843373493975904,0.20963855421686747,0.0963855421686747,0.06265060240963856,0.11566265060240964,0.02650602409638554,0.004819277108433735,True,False,False,False,False,False,False
720575940629965708,flow,efferent,415,400,0.25,0.02,0.01,0.4843373493975904,0.20963855421686747,0.0963855421686747,0.06265060240963856,0.11566265060240964,0.02650602409638554,0.004819277108433735,True,True,True,True,True,True,False
720575940629965708,flow,efferent,415,400,0.25,0.02,0.05,0.4843373493975904,0.20963855421686747,0.0963855421686747,0.06265060240963856,0.11566265060240964,0.02650602409638554,0.004819277108433735,True,False,False,False,False,False,False
720575940629965708,flow,efferent,415,400,0.25,0.02,0.1,0.4843373493975904,0.20963855421686747,0.0963855421686747,0.06265060240963856,0.11566265060240964,0.02650602409638554,0.004819277108433735,True,False,False,False,False,False,False
720575940629965708,flow,efferent,415,400,0.25,0.01,0.01,0.4843373493975904,0.20963855421686747,0.0963855421686747,0.06265060240963856,0.11566265060240964,0.02650602409638554,0.004819277108433735,True,True,True,True,True,True,False
720575940629965708,flow,efferent,415,400,0.25,0.01,0.05,0.4843373493975904,0.20963855421686747,0.0963855421686747,0.06265060240963856,0.11566265060240964,0.02650602409638554,0.004819277108433735,True,False,False,False,False,False,False
720575940629965708,flow,efferent,415,400,0.25,0.01,0.1,0.4843373493975904,0.20963855421686747,0.0963855421686747,0.06265060240963856,0.11566265060240964,0.02650602409638554,0.004819277108433735,True,False,False,False,False,False,False
720575940638664355,flow,efferent,3497,400,0.25,0.14285714285714285,0.01,0.0832141835859308,0.11924506720045754,0.6522733771804404,0.0020017157563625965,0.10208750357449242,0.0406062339147841,0.0005719187875321705,True,True,True,False,True,True,False
720575940638664355,flow,efferent,3497,400,0.25,0.14285714285714285,0.05,0.0832141835859308,0.11924506720045754,0.6522733771804404,0.0020017157563625965,0.10208750357449242,0.0406062339147841,0.0005719187875321705,False,False,True,False,False,False,False
720575940638664355,flow,efferent,3497,400,0.25,0.14285714285714285,0.1,0.0832141835859308,0.11924506720045754,0.6522733771804404,0.0020017157563625965,0.10208750357449242,0.0406062339147841,0.0005719187875321705,False,False,True,False,False,False,False
720575940638664355,flow,efferent,3497,400,0.25,0.04,0.01,0.0832141835859308,0.11924506720045754,0.6522733771804404,0.0020017157563625965,0.10208750357449242,0.0406062339147841,0.0005719187875321705,True,True,True,False,True,True,False
720575940638664355,flow,efferent,3497,400,0.25,0.04,0.05,0.0832141835859308,0.11924506720045754,0.6522733771804404,0.0020017157563625965,0.10208750357449242,0.0406062339147841,0.0005719187875321705,False,False,True,False,False,False,False
720575940638664355,flow,efferent,3497,400,0.25,0.04,0.1,0.0832141835859308,0.11924506720045754,0.6522733771804404,0.0020017157563625965,0.10208750357449242,0.0406062339147841,0.0005719187875321705,False,False,True,False,False,False,False
720575940638664355,flow,efferent,3497,400,0.25,0.02,0.01,0.0832141835859308,0.11924506720045754,0.6522733771804404,0.0020017157563625965,0.10208750357449242,0.0406062339147841,0.0005719187875321705,True,True,True,False,False,False,False
720575940638664355,flow,efferent,3497,400,0.25,0.02,0.05,0.0832141835859308,0.11924506720045754,0.6522733771804404,0.0020017157563625965,0.10208750357449242,0.0406062339147841,0.0005719187875321705,False,False,True,False,False,False,False
720575940638664355,flow,efferent,3497,400,0.25,0.02,0.1,0.0832141835859308,0.11924506720045754,0.6522733771804404,0.0020017157563625965,0.10208750357449242,0.0406062339147841,0.0005719187875321705,False,False,False,False,False,False,False
720575940638664355,flow,efferent,3497,400,0.25,0.01,0.01,0.0832141835859308,0.11924506720045754,0.6522733771804404,0.0020017157563625965,0.10208750357449242,0.0406062339147841,0.0005719187875321705,False,False,True,False,False,False,False
720575940638664355,flow,efferent,3497,400,0.25,0.01,0.05,0.0832141835859308,0.11924506720045754,0.6522733771804404,0.0020017157563625965,0.10208750357449242,0.0406062339147841,0.0005719187875321705,False,False,False,False,False,False,False
720575940638664355,flow,efferent,3497,400,0.25,0.01,0.1,0.0832141835859308,0.11924506720045754,0.6522733771804404,0.0020017157563625965,0.10208750357449242,0.0406062339147841,0.0005719187875321705,False,False,False,False,False,False,False
720575940633995181,flow,efferent,1606,400,0.25,0.14285714285714285,0.01,0.06787048567870485,0.8281444582814446,0.031755915317559155,0.0012453300124533001,0.04794520547945205,0.0224159402241594,0.0006226650062266501,True,True,True,False,True,False,
720575940633995181,flow,efferent,1606,400,0.25,0.14285714285714285,0.05,0.06787048567870485,0.8281444582814446,0.031755915317559155,0.0012453300124533001,0.04794520547945205,0.0224159402241594,0.0006226650062266501,True,True,False,False,False,False,
720575940633995181,flow,efferent,1606,400,0.25,0.14285714285714285,0.1,0.06787048567870485,0.8281444582814446,0.031755915317559155,0.0012453300124533001,0.04794520547945205,0.0224159402241594,0.0006226650062266501,False,True,False,False,False,False,
720575940633995181,flow,efferent,1606,400,0.25,0.04,0.01,0.06787048567870485,0.8281444582814446,0.031755915317559155,0.0012453300124533001,0.04794520547945205,0.0224159402241594,0.0006226650062266501,True,True,False,False,False,False,
720575940633995181,flow,efferent,1606,400,0.25,0.04,0.05,0.06787048567870485,0.8281444582814446,0.031755915317559155,0.0012453300124533001,0.04794520547945205,0.0224159402241594,0.0006226650062266501,True,True,False,False,False,False,
720575940633995181,flow,efferent,1606,400,0.25,0.04,0.1,0.06787048567870485,0.8281444582814446,0.031755915317559155,0.0012453300124533001,0.04794520547945205,0.0224159402241594,0.0006226650062266501,False,True,False,False,False,False,
720575940633995181,flow,efferent,1606,400,0.25,0.02,0.01,0.06787048567870485,0.8281444582814446,0.031755915317559155,0.0012453300124533001,0.04794520547945205,0.0224159402241594,0.0006226650062266501,True,True,False,False,False,False,
720575940633995181,flow,efferent,1606,400,0.25,0.02,0.05,0.06787048567870485,0.8281444582814446,0.031755915317559155,0.0012453300124533001,0.04794520547945205,0.0224159402241594,0.0006226650062266501,True,True,False,False,False,False,
720575940633995181,flow,efferent,1606,400,0.25,0.02,0.1,0.06787048567870485,0.8281444582814446,0.031755915317559155,0.0012453300124533001,0.04794520547945205,0.0224159402241594,0.0006226650062266501,False,False,False,False,False,False,
720575940633995181,flow,efferent,1606,400,0.25,0.01,0.01,0.06787048567870485,0.8281444582814446,0.031755915317559155,0.0012453300124533001,0.04794520547945205,0.0224159402241594,0.0006226650062266501,True,True,False,False,False,False,
720575940633995181,flow,efferent,1606,400,0.25,0.01,0.05,0.06787048567870485,0.8281444582814446,0.031755915317559155,0.0012453300124533001,0.04794520547945205,0.0224159402241594,0.0006226650062266501,True,False,False,False,False,False,
720575940633995181,flow,efferent,1606,400,0.25,0.01,0.1,0.06787048567870485,0.8281444582814446,0.031755915317559155,0.0012453300124533001,0.04794520547945205,0.0224159402241594,0.0006226650062266501,False,False,False,False,False,False,
720575940641781133,flow,efferent,667,400,0.25,0.14285714285714285,0.01,0.11394302848575712,0.6416791604197901,0.07796101949025487,0.010494752623688156,0.09895052473763119,0.05547226386806597,0.0014992503748125937,True,True,True,False,True,True,
720575940641781133,flow,efferent,667,400,0.25,0.14285714285714285,0.05,0.11394302848575712,0.6416791604197901,0.07796101949025487,0.010494752623688156,0.09895052473763119,0.05547226386806597,0.0014992503748125937,True,True,False,False,False,False,
720575940641781133,flow,efferent,667,400,0.25,0.14285714285714285,0.1,0.11394302848575712,0.6416791604197901,0.07796101949025487,0.010494752623688156,0.09895052473763119,0.05547226386806597,0.0014992503748125937,False,True,False,False,False,False,
720575940641781133,flow,efferent,667,400,0.25,0.04,0.01,0.11394302848575712,0.6416791604197901,0.07796101949025487,0.010494752623688156,0.09895052473763119,0.05547226386806597,0.0014992503748125937,True,True,True,False,True,True,
720575940641781133,flow,efferent,667,400,0.25,0.04,0.05,0.11394302848575712,0.6416791604197901,0.07796101949025487,0.010494752623688156,0.09895052473763119,0.05547226386806597,0.0014992503748125937,True,True,False,False,False,False,
720575940641781133,flow,efferent,667,400,0.25,0.04,0.1,0.11394302848575712,0.6416791604197901,0.07796101949025487,0.010494752623688156,0.09895052473763119,0.05547226386806597,0.0014992503748125937,False,False,False,False,False,False,
720575940641781133,flow,efferent,667,400,0.25,0.02,0.01,0.11394302848575712,0.6416791604197901,0.07796101949025487,0.010494752623688156,0.09895052473763119,0.05547226386806597,0.0014992503748125937,True,True,True,False,False,False,
720575940641781133,flow,efferent,667,400,0.25,0.02,0.05,0.11394302848575712,0.6416791604197901,0.07796101949025487,0.010494752623688156,0.09895052473763119,0.05547226386806597,0.0014992503748125937,True,True,False,False,False,False,
720575940641781133,flow,efferent,667,400,0.25,0.02,0.1,0.11394302848575712,0.6416791604197901,0.07796101949025487,0.010494752623688156,0.09895052473763119,0.05547226386806597,0.0014992503748125937,False,False,False,False,False,False,
720575940641781133,flow,efferent,667,400,0.25,0.01,0.01,0.11394302848575712,0.6416791604197901,0.07796101949025487,0.010494752623688156,0.09895052473763119,0.05547226386806597,0.0014992503748125937,True,True,True,False,False,False,
720575940641781133,flow,efferent,667,400,0.25,0.01,0.05,0.11394302848575712,0.6416791604197901,0.07796101949025487,0.010494752623688156,0.09895052473763119,0.05547226386806597,0.0014992503748125937,False,True,False,False,False,False,
720575940641781133,flow,efferent,667,400,0.25,0.01,0.1,0.11394302848575712,0.6416791604197901,0.07796101949025487,0.010494752623688156,0.09895052473763119,0.05547226386806597,0.0014992503748125937,False,False,False,False,False,False,
720575940615958203,flow,efferent,864,400,0.25,0.14285714285714285,0.01,0.0763888888888889,0.6006944444444444,0.2152777777777778,0.0,0.08449074074074074,0.020833333333333332,0.0023148148148148147,True,True,True,,True,True,False
720575940615958203,flow,efferent,864,400,0.25,0.14285714285714285,0.05,0.0763888888888889,0.6006944444444444,0.2152777777777778,0.0,0.08449074074074074,0.020833333333333332,0.0023148148148148147,True,True,True,,False,False,False
720575940615958203,flow,efferent,864,400,0.25,0.14285714285714285,0.1,0.0763888888888889,0.6006944444444444,0.2152777777777778,0.0,0.08449074074074074,0.020833333333333332,0.0023148148148148147,False,True,True,,False,False,False
720575940615958203,flow,efferent,864,400,0.25,0.04,0.01,0.0763888888888889,0.6006944444444444,0.2152777777777778,0.0,0.08449074074074074,0.020833333333333332,0.0023148148148148147,True,True,True,,True,True,False
720575940615958203,flow,efferent,864,400,0.25,0.04,0.05,0.0763888888888889,0.6006944444444444,0.2152777777777778,0.0,0.08449074074074074,0.020833333333333332,0.0023148148148148147,True,True,True,,False,False,False
720575940615958203,flow,efferent,864,400,0.25,0.04,0.1,0.0763888888888889,0.6006944444444444,0.2152777777777778,0.0,0.08449074074074074,0.020833333333333332,0.0023148148148148147,False,False,False,,False,False,False
720575940615958203,flow,efferent,864,400,0.25,0.02,0.01,0.0763888888888889,0.6006944444444444,0.2152777777777778,0.0,0.08449074074074074,0.020833333333333332,0.0023148148148148147,True,True,True,,True,True,False
720575940615958203,flow,efferent,864,400,0.25,0.02,0.05,0.0763888888888889,0.6006944444444444,0.2152777777777778,0.0,0.08449074074074074,0.020833333333333332,0.0023148148148148147,True,True,False,,False,False,False
720575940615958203,flow,efferent,864,400,0.25,0.02,0.1,0.0763888888888889,0.6006944444444444,0.2152777777777778,0.0,0.08449074074074074,0.020833333333333332,0.0023148148148148147,False,False,False,,False,False,False
720575940615958203,flow,efferent,864,400,0.25,0.01,0.01,0.0763888888888889,0.6006944444444444,0.2152777777777778,0.0,0.08449074074074074,0.020833333333333332,0.0023148148148148147,True,True,True,,False,False,False
720575940615958203,flow,efferent,864,400,0.25,0.01,0.05,0.0763888888888889,0.6006944444444444,0.2152777777777778,0.0,0.08449074074074074,0.020833333333333332,0.0023148148148148147,True,True,False,,False,False,False
720575940615958203,flow,efferent,864,400,0.25,0.01,0.1,0.0763888888888889,0.6006944444444444,0.2152777777777778,0.0,0.08449074074074074,0.020833333333333332,0.0023148148148148147,False,False,False,,False,False,False
720575940605282406,flow,efferent,948,400,0.25,0.14285714285714285,0.01,0.049578059071729956,0.4440928270042194,0.2120253164556962,0.008438818565400843,0.14978902953586498,0.1350210970464135,0.0010548523206751054,True,True,True,False,True,True,
720575940605282406,flow,efferent,948,400,0.25,0.14285714285714285,0.05,0.049578059071729956,0.4440928270042194,0.2120253164556962,0.008438818565400843,0.14978902953586498,0.1350210970464135,0.0010548523206751054,False,True,True,False,True,False,
720575940605282406,flow,efferent,948,400,0.25,0.14285714285714285,0.1,0.049578059071729956,0.4440928270042194,0.2120253164556962,0.008438818565400843,0.14978902953586498,0.1350210970464135,0.0010548523206751054,False,True,True,False,False,False,
720575940605282406,flow,efferent,948,400,0.25,0.04,0.01,0.049578059071729956,0.4440928270042194,0.2120253164556962,0.008438818565400843,0.14978902953586498,0.1350210970464135,0.0010548523206751054,True,True,True,False,True,True,
720575940605282406,flow,efferent,948,400,0.25,0.04,0.05,0.049578059071729956,0.4440928270042194,0.2120253164556962,0.008438818565400843,0.14978902953586498,0.1350210970464135,0.0010548523206751054,False,True,True,False,True,False,
720575940605282406,flow,efferent,948,400,0.25,0.04,0.1,0.049578059071729956,0.4440928270042194,0.2120253164556962,0.008438818565400843,0.14978902953586498,0.1350210970464135,0.0010548523206751054,False,False,False,False,False,False,
720575940605282406,flow,efferent,948,400,0.25,0.02,0.01,0.049578059071729956,0.4440928270042194,0.2120253164556962,0.008438818565400843,0.14978902953586498,0.1350210970464135,0.0010548523206751054,True,True,True,False,True,True,
720575940605282406,flow,efferent,948,400,0.25,0.02,0.05,0.049578059071729956,0.4440928270042194,0.2120253164556962,0.008438818565400843,0.14978902953586498,0.1350210970464135,0.0010548523206751054,False,False,False,False,False,False,
720575940605282406,flow,efferent,948,400,0.25,0.02,0.1,0.049578059071729956,0.4440928270042194,0.2120253164556962,0.008438818565400843,0.14978902953586498,0.1350210970464135,0.0010548523206751054,False,False,False,False,False,False,
720575940605282406,flow,efferent,948,400,0.25,0.01,0.01,0.049578059071729956,0.4440928270042194,0.2120253164556962,0.008438818565400843,0.14978902953586498,0.1350210970464135,0.0010548523206751054,True,True,True,False,True,True,
720575940605282406,flow,efferent,948,400,0.25,0.01,0.05,0.049578059071729956,0.4440928270042194,0.2120253164556962,0.008438818565400843,0.14978902953586498,0.1350210970464135,0.0010548523206751054,False,False,False,False,False,False,
720575940605282406,flow,efferent,948,400,0.25,0.01,0.1,0.049578059071729956,0.4440928270042194,0.2120253164556962,0.008438818565400843,0.14978902953586498,0.1350210970464135,0.0010548523206751054,False,False,False,False,False,False,
720575940614181585,flow,efferent,706,400,0.25,0.14285714285714285,0.01,0.14305949008498584,0.6756373937677054,0.06940509915014165,0.0084985835694051,0.08640226628895184,0.015580736543909348,0.00141643059490085,True,True,True,False,True,True,
720575940614181585,flow,efferent,706,400,0.25,0.14285714285714285,0.05,0.14305949008498584,0.6756373937677054,0.06940509915014165,0.0084985835694051,0.08640226628895184,0.015580736543909348,0.00141643059490085,True,True,False,False,False,False,
720575940614181585,flow,efferent,706,400,0.25,0.14285714285714285,0.1,0.14305949008498584,0.6756373937677054,0.06940509915014165,0.0084985835694051,0.08640226628895184,0.015580736543909348,0.00141643059490085,True,True,False,False,False,False,
720575940614181585,flow,efferent,706,400,0.25,0.04,0.01,0.14305949008498584,0.6756373937677054,0.06940509915014165,0.0084985835694051,0.08640226628895184,0.015580736543909348,0.00141643059490085,True,True,True,False,True,False,
720575940614181585,flow,efferent,706,400,0.25,0.04,0.05,0.14305949008498584,0.6756373937677054,0.06940509915014165,0.0084985835694051,0.08640226628895184,0.015580736543909348,0.00141643059490085,True,True,False,False,False,False,
720575940614181585,flow,efferent,706,400,0.25,0.04,0.1,0.14305949008498584,0.6756373937677054,0.06940509915014165,0.0084985835694051,0.08640226628895184,0.015580736543909348,0.00141643059490085,True,True,False,False,False,False,
720575940614181585,flow,efferent,706,400,0.25,0.02,0.01,0.14305949008498584,0.6756373937677054,0.06940509915014165,0.0084985835694051,0.08640226628895184,0.015580736543909348,0.00141643059490085,True,True,False,False,True,False,
720575940614181585,flow,efferent,706,400,0.25,0.02,0.05,0.14305949008498584,0.6756373937677054,0.06940509915014165,0.0084985835694051,0.08640226628895184,0.015580736543909348,0.00141643059490085,True,True,False,False,False,False,
720575940614181585,flow,efferent,706,400,0.25,0.02,0.1,0.14305949008498584,0.6756373937677054,0.06940509915014165,0.0084985835694051,0.08640226628895184,0.015580736543909348,0.00141643059490085,True,True,False,False,False,False,
720575940614181585,flow,efferent,706,400,0.25,0.01,0.01,0.14305949008498584,0.6756373937677054,0.06940509915014165,0.0084985835694051,0.08640226628895184,0.015580736543909348,0.00141643059490085,True,True,False,False,True,False,
720575940614181585,flow,efferent,706,400,0.25,0.01,0.05,0.14305949008498584,0.6756373937677054,0.06940509915014165,0.0084985835694051,0.08640226628895184,0.015580736543909348,0.00141643059490085,True,True,False,False,False,False,
720575940614181585,flow,efferent,706,400,0.25,0.01,0.1,0.14305949008498584,0.6756373937677054,0.06940509915014165,0.0084985835694051,0.08640226628895184,0.015580736543909348,0.00141643059490085,False,True,False,False,False,False,
720575940627419676,flow,efferent,2279,400,0.25,0.14285714285714285,0.01,0.09916630100921457,0.14172882843352347,0.6682755594559017,0.014041246160596753,0.050021939447125935,0.025449758666081616,0.0013163668275559457,True,True,True,False,True,True,False
720575940627419676,flow,efferent,2279,400,0.25,0.14285714285714285,0.05,0.09916630100921457,0.14172882843352347,0.6682755594559017,0.014041246160596753,0.050021939447125935,0.025449758666081616,0.0013163668275559457,False,True,True,False,False,False,False
720575940627419676,flow,efferent,2279,400,0.25,0.14285714285714285,0.1,0.09916630100921457,0.14172882843352347,0.6682755594559017,0.014041246160596753,0.050021939447125935,0.025449758666081616,0.0013163668275559457,False,False,True,False,False,False,False
720575940627419676,flow,efferent,2279,400,0.25,0.04,0.01,0.09916630100921457,0.14172882843352347,0.6682755594559017,0.014041246160596753,0.050021939447125935,0.025449758666081616,0.0013163668275559457,True,True,True,False,False,False,False
720575940627419676,flow,efferent,2279,400,0.25,0.04,0.05,0.09916630100921457,0.14172882843352347,0.6682755594559017,0.014041246160596753,0.050021939447125935,0.025449758666081616,0.0013163668275559457,False,False,True,False,False,False,False
720575940627419676,flow,efferent,2279,400,0.25,0.04,0.1,0.09916630100921457,0.14172882843352347,0.6682755594559017,0.014041246160596753,0.050021939447125935,0.025449758666081616,0.0013163668275559457,False,False,True,False,False,False,False
720575940627419676,flow,efferent,2279,400,0.25,0.02,0.01,0.09916630100921457,0.14172882843352347,0.6682755594559017,0.014041246160596753,0.050021939447125935,0.025449758666081616,0.0013163668275559457,True,True,True,False,False,False,False
720575940627419676,flow,efferent,2279,400,0.25,0.02,0.05,0.09916630100921457,0.14172882843352347,0.6682755594559017,0.014041246160596753,0.050021939447125935,0.025449758666081616,0.0013163668275559457,False,False,True,False,False,False,False
720575940627419676,flow,efferent,2279,400,0.25,0.02,0.1,0.09916630100921457,0.14172882843352347,0.6682755594559017,0.014041246160596753,0.050021939447125935,0.025449758666081616,0.0013163668275559457,False,False,False,False,False,False,False
720575940627419676,flow,efferent,2279,400,0.25,0.01,0.01,0.09916630100921457,0.14172882843352347,0.6682755594559017,0.014041246160596753,0.050021939447125935,0.025449758666081616,0.0013163668275559457,True,True,True,False,False,False,False
720575940627419676,flow,efferent,2279,400,0.25,0.01,0.05,0.09916630100921457,0.14172882843352347,0.6682755594559017,0.014041246160596753,0.050021939447125935,0.025449758666081616,0.0013163668275559457,False,False,True,False,False,False,False
720575940627419676,flow,efferent,2279,400,0.25,0.01,0.1,0.09916630100921457,0.14172882843352347,0.6682755594559017,0.014041246160596753,0.050021939447125935,0.025449758666081616,0.0013163668275559457,False,False,False,False,False,False,False
720575940624342569,flow,efferent,967,400,0.25,0.14285714285714285,0.01,0.10134436401240951,0.2326783867631851,0.15615305067218202,0.3133402275077559,0.17890382626680454,0.017580144777662874,0.0,True,True,True,True,True,False,
720575940624342569,flow,efferent,967,400,0.25,0.14285714285714285,0.05,0.10134436401240951,0.2326783867631851,0.15615305067218202,0.3133402275077559,0.17890382626680454,0.017580144777662874,0.0,False,True,True,True,True,False,
720575940624342569,flow,efferent,967,400,0.25,0.14285714285714285,0.1,0.10134436401240951,0.2326783867631851,0.15615305067218202,0.3133402275077559,0.17890382626680454,0.017580144777662874,0.0,False,True,False,True,False,False,
720575940624342569,flow,efferent,967,400,0.25,0.04,0.01,0.10134436401240951,0.2326783867631851,0.15615305067218202,0.3133402275077559,0.17890382626680454,0.017580144777662874,0.0,True,True,True,True,True,False,
720575940624342569,flow,efferent,967,400,0.25,0.04,0.05,0.10134436401240951,0.2326783867631851,0.15615305067218202,0.3133402275077559,0.17890382626680454,0.017580144777662874,0.0,False,True,False,True,False,False,
720575940624342569,flow,efferent,967,400,0.25,0.04,0.1,0.10134436401240951,0.2326783867631851,0.15615305067218202,0.3133402275077559,0.17890382626680454,0.017580144777662874,0.0,False,False,False,True,False,False,
720575940624342569,flow,efferent,967,400,0.25,0.02,0.01,0.10134436401240951,0.2326783867631851,0.15615305067218202,0.3133402275077559,0.17890382626680454,0.017580144777662874,0.0,True,True,True,True,True,False,
720575940624342569,flow,efferent,967,400,0.25,0.02,0.05,0.10134436401240951,0.2326783867631851,0.15615305067218202,0.3133402275077559,0.17890382626680454,0.017580144777662874,0.0,False,False,False,True,False,False,
720575940624342569,flow,efferent,967,400,0.25,0.02,0.1,0.10134436401240951,0.2326783867631851,0.15615305067218202,0.3133402275077559,0.17890382626680454,0.017580144777662874,0.0,False,False,False,False,False,False,
720575940624342569,flow,efferent,967,400,0.25,0.01,0.01,0.10134436401240951,0.2326783867631851,0.15615305067218202,0.3133402275077559,0.17890382626680454,0.017580144777662874,0.0,True,True,True,True,True,False,
720575940624342569,flow,efferent,967,400,0.25,0.01,0.05,0.10134436401240951,0.2326783867631851,0.15615305067218202,0.3133402275077559,0.17890382626680454,0.017580144777662874,0.0,False,False,False,True,False,False,
720575940624342569,flow,efferent,967,400,0.25,0.01,0.1,0.10134436401240951,0.2326783867631851,0.15615305067218202,0.3133402275077559,0.17890382626680454,0.017580144777662874,0.0,False,False,False,False,False,False,
720575940638094911,flow,efferent,405,400,0.25,0.14285714285714285,0.01,0.4444444444444444,0.21728395061728395,0.11604938271604938,0.019753086419753086,0.1111111111111111,0.08888888888888889,0.0024691358024691358,True,True,True,True,True,True,
720575940638094911,flow,efferent,405,400,0.25,0.14285714285714285,0.05,0.4444444444444444,0.21728395061728395,0.11604938271604938,0.019753086419753086,0.1111111111111111,0.08888888888888889,0.0024691358024691358,True,True,True,False,False,True,
720575940638094911,flow,efferent,405,400,0.25,0.14285714285714285,0.1,0.4444444444444444,0.21728395061728395,0.11604938271604938,0.019753086419753086,0.1111111111111111,0.08888888888888889,0.0024691358024691358,True,True,False,False,False,False,
720575940638094911,flow,efferent,405,400,0.25,0.04,0.01,0.4444444444444444,0.21728395061728395,0.11604938271604938,0.019753086419753086,0.1111111111111111,0.08888888888888889,0.0024691358024691358,True,True,True,True,True,True,
720575940638094911,flow,efferent,405,400,0.25,0.04,0.05,0.4444444444444444,0.21728395061728395,0.11604938271604938,0.019753086419753086,0.1111111111111111,0.08888888888888889,0.0024691358024691358,True,False,False,False,False,True,
720575940638094911,flow,efferent,405,400,0.25,0.04,0.1,0.4444444444444444,0.21728395061728395,0.11604938271604938,0.019753086419753086,0.1111111111111111,0.08888888888888889,0.0024691358024691358,True,False,False,False,False,False,
720575940638094911,flow,efferent,405,400,0.25,0.02,0.01,0.4444444444444444,0.21728395061728395,0.11604938271604938,0.019753086419753086,0.1111111111111111,0.08888888888888889,0.0024691358024691358,True,True,True,True,True,True,
720575940638094911,flow,efferent,405,400,0.25,0.02,0.05,0.4444444444444444,0.21728395061728395,0.11604938271604938,0.019753086419753086,0.1111111111111111,0.08888888888888889,0.0024691358024691358,True,False,False,False,False,True,
720575940638094911,flow,efferent,405,400,0.25,0.02,0.1,0.4444444444444444,0.21728395061728395,0.11604938271604938,0.019753086419753086,0.1111111111111111,0.08888888888888889,0.0024691358024691358,True,False,False,False,False,False,
720575940638094911,flow,efferent,405,400,0.25,0.01,0.01,0.4444444444444444,0.21728395061728395,0.11604938271604938,0.019753086419753086,0.1111111111111111,0.08888888888888889,0.0024691358024691358,True,True,True,True,True,True,
720575940638094911,flow,efferent,405,400,0.25,0.01,0.05,0.4444444444444444,0.21728395061728395,0.11604938271604938,0.019753086419753086,0.1111111111111111,0.08888888888888889,0.0024691358024691358,True,False,False,False,False,False,
720575940638094911,flow,efferent,405,400,0.25,0.01,0.1,0.4444444444444444,0.21728395061728395,0.11604938271604938,0.019753086419753086,0.1111111111111111,0.08888888888888889,0.0024691358024691358,True,False,False,False,False,False,
720575940622797244,flow,efferent,1196,400,0.25,0.14285714285714285,0.01,0.09448160535117058,0.6229096989966555,0.1697324414715719,0.002508361204013378,0.06521739130434782,0.04431438127090301,0.0008361204013377926,True,True,True,False,True,True,
720575940622797244,flow,efferent,1196,400,0.25,0.14285714285714285,0.05,0.09448160535117058,0.6229096989966555,0.1697324414715719,0.002508361204013378,0.06521739130434782,0.04431438127090301,0.0008361204013377926,True,True,True,False,False,False,
720575940622797244,flow,efferent,1196,400,0.25,0.14285714285714285,0.1,0.09448160535117058,0.6229096989966555,0.1697324414715719,0.002508361204013378,0.06521739130434782,0.04431438127090301,0.0008361204013377926,False,True,True,False,False,False,
720575940622797244,flow,efferent,1196,400,0.25,0.04,0.01,0.09448160535117058,0.6229096989966555,0.1697324414715719,0.002508361204013378,0.06521739130434782,0.04431438127090301,0.0008361204013377926,True,True,True,False,True,True,
720575940622797244,flow,efferent,1196,400,0.25,0.04,0.05,0.09448160535117058,0.6229096989966555,0.1697324414715719,0.002508361204013378,0.06521739130434782,0.04431438127090301,0.0008361204013377926,True,True,False,False,False,False,
720575940622797244,flow,efferent,1196,400,0.25,0.04,0.1,0.09448160535117058,0.6229096989966555,0.1697324414715719,0.002508361204013378,0.06521739130434782,0.04431438127090301,0.0008361204013377926,False,False,False,False,False,False,
720575940622797244,flow,efferent,1196,400,0.25,0.02,0.01,0.09448160535117058,0.6229096989966555,0.1697324414715719,0.002508361204013378,0.06521739130434782,0.04431438127090301,0.0008361204013377926,True,True,True,False,True,True,
720575940622797244,flow,efferent,1196,400,0.25,0.02,0.05,0.09448160535117058,0.6229096989966555,0.1697324414715719,0.002508361204013378,0.06521739130434782,0.04431438127090301,0.0008361204013377926,True,True,False,False,False,False,
720575940622797244,flow,efferent,1196,400,0.25,0.02,0.1,0.09448160535117058,0.6229096989966555,0.1697324414715719,0.002508361204013378,0.06521739130434782,0.04431438127090301,0.0008361204013377926,False,False,False,False,False,False,
720575940622797244,flow,efferent,1196,400,0.25,0.01,0.01,0.09448160535117058,0.6229096989966555,0.1697324414715719,0.002508361204013378,0.06521739130434782,0.04431438127090301,0.0008361204013377926,True,True,True,False,False,False,
720575940622797244,flow,efferent,1196,400,0.25,0.01,0.05,0.09448160535117058,0.6229096989966555,0.1697324414715719,0.002508361204013378,0.06521739130434782,0.04431438127090301,0.0008361204013377926,True,True,False,False,False,False,
720575940622797244,flow,efferent,1196,400,0.25,0.01,0.1,0.09448160535117058,0.6229096989966555,0.1697324414715719,0.002508361204013378,0.06521739130434782,0.04431438127090301,0.0008361204013377926,False,False,False,False,False,False,
720575940620082512,flow,efferent,2180,400,0.25,0.14285714285714285,0.01,0.1720183486238532,0.3146788990825688,0.07201834862385322,0.04541284403669725,0.2958715596330275,0.09678899082568808,0.003211009174311927,True,True,True,True,True,True,False
720575940620082512,flow,efferent,2180,400,0.25,0.14285714285714285,0.05,0.1720183486238532,0.3146788990825688,0.07201834862385322,0.04541284403669725,0.2958715596330275,0.09678899082568808,0.003211009174311927,True,True,False,False,True,False,False
720575940620082512,flow,efferent,2180,400,0.25,0.14285714285714285,0.1,0.1720183486238532,0.3146788990825688,0.07201834862385322,0.04541284403669725,0.2958715596330275,0.09678899082568808,0.003211009174311927,True,True,False,False,True,False,False
720575940620082512,flow,efferent,2180,400,0.25,0.04,0.01,0.1720183486238532,0.3146788990825688,0.07201834862385322,0.04541284403669725,0.2958715596330275,0.09678899082568808,0.003211009174311927,True,True,False,True,True,True,False
720575940620082512,flow,efferent,2180,400,0.25,0.04,0.05,0.1720183486238532,0.3146788990825688,0.07201834862385322,0.04541284403669725,0.2958715596330275,0.09678899082568808,0.003211009174311927,True,True,False,False,False,False,False
720575940620082512,flow,efferent,2180,400,0.25,0.04,0.1,0.1720183486238532,0.3146788990825688,0.07201834862385322,0.04541284403669725,0.2958715596330275,0.09678899082568808,0.003211009174311927,True,False,False,False,False,False,False
720575940620082512,flow,efferent,2180,400,0.25,0.02,0.01,0.1720183486238532,0.3146788990825688,0.07201834862385322,0.04541284403669725,0.2958715596330275,0.09678899082568808,0.003211009174311927,True,True,False,False,True,True,False
720575940620082512,flow,efferent,2180,400,0.25,0.02,0.05,0.1720183486238532,0.3146788990825688,0.07201834862385322,0.04541284403669725,0.2958715596330275,0.09678899082568808,0.003211009174311927,True,True,False,False,False,False,False
720575940620082512,flow,efferent,2180,400,0.25,0.02,0.1,0.1720183486238532,0.3146788990825688,0.07201834862385322,0.04541284403669725,0.2958715596330275,0.09678899082568808,0.003211009174311927,True,False,False,False,False,False,False
720575940620082512,flow,efferent,2180,400,0.25,0.01,0.01,0.1720183486238532,0.3146788990825688,0.07201834862385322,0.04541284403669725,0.2958715596330275,0.09678899082568808,0.003211009174311927,True,True,False,False,True,True,False
720575940620082512,flow,efferent,2180,400,0.25,0.01,0.05,0.1720183486238532,0.3146788990825688,0.07201834862385322,0.04541284403669725,0.2958715596330275,0.09678899082568808,0.003211009174311927,True,True,False,False,False,False,False
720575940620082512,flow,efferent,2180,400,0.25,0.01,0.1,0.1720183486238532,0.3146788990825688,0.07201834862385322,0.04541284403669725,0.2958715596330275,0.09678899082568808,0.003211009174311927,True,False,False,False,False,False,False
720575940635464343,flow,efferent,3836,400,0.25,0.14285714285714285,0.01,0.045881126173096975,0.7434827945776851,0.15172054223149115,0.0018248175182481751,0.032846715328467155,0.023983315954118872,0.00026068821689259646,True,True,True,False,True,False,
720575940635464343,flow,efferent,3836,400,0.25,0.14285714285714285,0.05,0.045881126173096975,0.7434827945776851,0.15172054223149115,0.0018248175182481751,0.032846715328467155,0.023983315954118872,0.00026068821689259646,False,True,True,False,False,False,
720575940635464343,flow,efferent,3836,400,0.25,0.14285714285714285,0.1,0.045881126173096975,0.7434827945776851,0.15172054223149115,0.0018248175182481751,0.032846715328467155,0.023983315954118872,0.00026068821689259646,False,True,False,False,False,False,
720575940635464343,flow,efferent,3836,400,0.25,0.04,0.01,0.045881126173096975,0.7434827945776851,0.15172054223149115,0.0018248175182481751,0.032846715328467155,0.023983315954118872,0.00026068821689259646,True,True,True,False,False,False,
720575940635464343,flow,efferent,3836,400,0.25,0.04,0.05,0.045881126173096975,0.7434827945776851,0.15172054223149115,0.0018248175182481751,0.032846715328467155,0.023983315954118872,0.00026068821689259646,False,True,False,False,False,False,
720575940635464343,flow,efferent,3836,400,0.25,0.04,0.1,0.045881126173096975,0.7434827945776851,0.15172054223149115,0.0018248175182481751,0.032846715328467155,0.023983315954118872,0.00026068821689259646,False,True,False,False,False,False,
720575940635464343,flow,efferent,3836,400,0.25,0.02,0.01,0.045881126173096975,0.7434827945776851,0.15172054223149115,0.0018248175182481751,0.032846715328467155,0.023983315954118872,0.00026068821689259646,True,True,True,False,False,False,
720575940635464343,flow,efferent,3836,400,0.25,0.02,0.05,0.045881126173096975,0.7434827945776851,0.15172054223149115,0.0018248175182481751,0.032846715328467155,0.023983315954118872,0.00026068821689259646,False,True,False,False,False,False,
720575940635464343,flow,efferent,3836,400,0.25,0.02,0.1,0.045881126173096975,0.7434827945776851,0.15172054223149115,0.0018248175182481751,0.032846715328467155,0.023983315954118872,0.00026068821689259646,False,False,False,False,False,False,
720575940635464343,flow,efferent,3836,400,0.25,0.01,0.01,0.045881126173096975,0.7434827945776851,0.15172054223149115,0.0018248175182481751,0.032846715328467155,0.023983315954118872,0.00026068821689259646,True,True,True,False,False,False,
720575940635464343,flow,efferent,3836,400,0.25,0.01,0.05,0.045881126173096975,0.7434827945776851,0.15172054223149115,0.0018248175182481751,0.032846715328467155,0.023983315954118872,0.00026068821689259646,False,False,False,False,False,False,
720575940635464343,flow,efferent,3836,400,0.25,0.01,0.1,0.045881126173096975,0.7434827945776851,0.15172054223149115,0.0018248175182481751,0.032846715328467155,0.023983315954118872,0.00026068821689259646,False,False,False,False,False,False,
720575940620468718,flow,efferent,6014,400,0.25,0.14285714285714285,0.01,0.1012637179913535,0.5187894911872298,0.0784835384103758,0.12919853674758897,0.1062520784835384,0.06235450615231127,0.0036581310276022614,True,True,True,True,True,True,False
720575940620468718,flow,efferent,6014,400,0.25,0.14285714285714285,0.05,0.1012637179913535,0.5187894911872298,0.0784835384103758,0.12919853674758897,0.1062520784835384,0.06235450615231127,0.0036581310276022614,True,True,False,True,False,False,False
720575940620468718,flow,efferent,6014,400,0.25,0.14285714285714285,0.1,0.1012637179913535,0.5187894911872298,0.0784835384103758,0.12919853674758897,0.1062520784835384,0.06235450615231127,0.0036581310276022614,False,True,False,False,False,False,False
720575940620468718,flow,efferent,6014,400,0.25,0.04,0.01,0.1012637179913535,0.5187894911872298,0.0784835384103758,0.12919853674758897,0.1062520784835384,0.06235450615231127,0.0036581310276022614,True,True,True,True,True,True,False
720575940620468718,flow,efferent,6014,400,0.25,0.04,0.05,0.1012637179913535,0.5187894911872298,0.0784835384103758,0.12919853674758897,0.1062520784835384,0.06235450615231127,0.0036581310276022614,True,True,False,False,False,False,False
720575940620468718,flow,efferent,6014,400,0.25,0.04,0.1,0.1012637179913535,0.5187894911872298,0.0784835384103758,0.12919853674758897,0.1062520784835384,0.06235450615231127,0.0036581310276022614,False,True,False,False,False,False,False
720575940620468718,flow,efferent,6014,400,0.25,0.02,0.01,0.1012637179913535,0.5187894911872298,0.0784835384103758,0.12919853674758897,0.1062520784835384,0.06235450615231127,0.0036581310276022614,True,True,True,True,True,False,False
720575940620468718,flow,efferent,6014,400,0.25,0.02,0.05,0.1012637179913535,0.5187894911872298,0.0784835384103758,0.12919853674758897,0.1062520784835384,0.06235450615231127,0.0036581310276022614,True,True,False,False,False,False,False
720575940620468718,flow,efferent,6014,400,0.25,0.02,0.1,0.1012637179913535,0.5187894911872298,0.0784835384103758,0.12919853674758897,0.1062520784835384,0.06235450615231127,0.0036581310276022614,False,False,False,False,False,False,False
720575940620468718,flow,efferent,6014,400,0.25,0.01,0.01,0.1012637179913535,0.5187894911872298,0.0784835384103758,0.12919853674758897,0.1062520784835384,0.06235450615231127,0.0036581310276022614,True,True,False,True,False,False,False
720575940620468718,flow,efferent,6014,400,0.25,0.01,0.05,0.1012637179913535,0.5187894911872298,0.0784835384103758,0.12919853674758897,0.1062520784835384,0.06235450615231127,0.0036581310276022614,True,True,False,False,False,False,False
720575940620468718,flow,efferent,6014,400,0.25,0.01,0.1,0.1012637179913535,0.5187894911872298,0.0784835384103758,0.12919853674758897,0.1062520784835384,0.06235450615231127,0.0036581310276022614,False,False,False,False,False,False,False
720575940629725545,flow,efferent,796,400,0.25,0.14285714285714285,0.01,0.14698492462311558,0.6268844221105527,0.04773869346733668,0.008793969849246231,0.04020100502512563,0.12562814070351758,0.0037688442211055275,True,True,True,False,False,True,False
720575940629725545,flow,efferent,796,400,0.25,0.14285714285714285,0.05,0.14698492462311558,0.6268844221105527,0.04773869346733668,0.008793969849246231,0.04020100502512563,0.12562814070351758,0.0037688442211055275,True,True,False,False,False,True,False
720575940629725545,flow,efferent,796,400,0.25,0.14285714285714285,0.1,0.14698492462311558,0.6268844221105527,0.04773869346733668,0.008793969849246231,0.04020100502512563,0.12562814070351758,0.0037688442211055275,True,True,False,False,False,False,False
720575940629725545,flow,efferent,796,400,0.25,0.04,0.01,0.14698492462311558,0.6268844221105527,0.04773869346733668,0.008793969849246231,0.04020100502512563,0.12562814070351758,0.0037688442211055275,True,True,True,False,False,True,False
720575940629725545,flow,efferent,796,400,0.25,0.04,0.05,0.14698492462311558,0.6268844221105527,0.04773869346733668,0.008793969849246231,0.04020100502512563,0.12562814070351758,0.0037688442211055275,True,True,False,False,False,True,False
720575940629725545,flow,efferent,796,400,0.25,0.04,0.1,0.14698492462311558,0.6268844221105527,0.04773869346733668,0.008793969849246231,0.04020100502512563,0.12562814070351758,0.0037688442211055275,True,True,False,False,False,False,False
720575940629725545,flow,efferent,796,400,0.25,0.02,0.01,0.14698492462311558,0.6268844221105527,0.04773869346733668,0.008793969849246231,0.04020100502512563,0.12562814070351758,0.0037688442211055275,True,True,True,False,False,True,False
720575940629725545,flow,efferent,796,400,0.25,0.02,0.05,0.14698492462311558,0.6268844221105527,0.04773869346733668,0.008793969849246231,0.04020100502512563,0.12562814070351758,0.0037688442211055275,True,True,False,False,False,True,False
720575940629725545,flow,efferent,796,400,0.25,0.02,0.1,0.14698492462311558,0.6268844221105527,0.04773869346733668,0.008793969849246231,0.04020100502512563,0.12562814070351758,0.0037688442211055275,True,True,False,False,False,False,False
720575940629725545,flow,efferent,796,400,0.25,0.01,0.01,0.14698492462311558,0.6268844221105527,0.04773869346733668,0.008793969849246231,0.04020100502512563,0.12562814070351758,0.0037688442211055275,True,True,True,False,False,True,False
720575940629725545,flow,efferent,796,400,0.25,0.01,0.05,0.14698492462311558,0.6268844221105527,0.04773869346733668,0.008793969849246231,0.04020100502512563,0.12562814070351758,0.0037688442211055275,True,True,False,False,False,False,False
720575940629725545,flow,efferent,796,400,0.25,0.01,0.1,0.14698492462311558,0.6268844221105527,0.04773869346733668,0.008793969849246231,0.04020100502512563,0.12562814070351758,0.0037688442211055275,False,True,False,False,False,False,False
720575940611772083,flow,efferent,1892,400,0.25,0.14285714285714285,0.01,0.12949260042283298,0.42283298097251587,0.06501057082452431,0.06236786469344609,0.2346723044397463,0.08192389006342495,0.0036997885835095136,True,True,True,True,True,True,False
720575940611772083,flow,efferent,1892,400,0.25,0.14285714285714285,0.05,0.12949260042283298,0.42283298097251587,0.06501057082452431,0.06236786469344609,0.2346723044397463,0.08192389006342495,0.0036997885835095136,True,True,False,False,True,False,False
720575940611772083,flow,efferent,1892,400,0.25,0.14285714285714285,0.1,0.12949260042283298,0.42283298097251587,0.06501057082452431,0.06236786469344609,0.2346723044397463,0.08192389006342495,0.0036997885835095136,True,True,False,False,True,False,False
720575940611772083,flow,efferent,1892,400,0.25,0.04,0.01,0.12949260042283298,0.42283298097251587,0.06501057082452431,0.06236786469344609,0.2346723044397463,0.08192389006342495,0.0036997885835095136,True,True,True,True,True,True,False
720575940611772083,flow,efferent,1892,400,0.25,0.04,0.05,0.12949260042283298,0.42283298097251587,0.06501057082452431,0.06236786469344609,0.2346723044397463,0.08192389006342495,0.0036997885835095136,True,True,False,False,False,False,False
720575940611772083,flow,efferent,1892,400,0.25,0.04,0.1,0.12949260042283298,0.42283298097251587,0.06501057082452431,0.06236786469344609,0.2346723044397463,0.08192389006342495,0.0036997885835095136,True,False,False,False,False,False,False
720575940611772083,flow,efferent,1892,400,0.25,0.02,0.01,0.12949260042283298,0.42283298097251587,0.06501057082452431,0.06236786469344609,0.2346723044397463,0.08192389006342495,0.0036997885835095136,True,True,True,True,True,True,False
720575940611772083,flow,efferent,1892,400,0.25,0.02,0.05,0.12949260042283298,0.42283298097251587,0.06501057082452431,0.06236786469344609,0.2346723044397463,0.08192389006342495,0.0036997885835095136,True,True,False,False,False,False,False
720575940611772083,flow,efferent,1892,400,0.25,0.02,0.1,0.12949260042283298,0.42283298097251587,0.06501057082452431,0.06236786469344609,0.2346723044397463,0.08192389006342495,0.0036997885835095136,True,False,False,False,False,False,False
720575940611772083,flow,efferent,1892,400,0.25,0.01,0.01,0.12949260042283298,0.42283298097251587,0.06501057082452431,0.06236786469344609,0.2346723044397463,0.08192389006342495,0.0036997885835095136,True,True,True,True,True,True,False
720575940611772083,flow,efferent,1892,400,0.25,0.01,0.05,0.12949260042283298,0.42283298097251587,0.06501057082452431,0.06236786469344609,0.2346723044397463,0.08192389006342495,0.0036997885835095136,True,True,False,False,False,False,False
720575940611772083,flow,efferent,1892,400,0.25,0.01,0.1,0.12949260042283298,0.42283298097251587,0.06501057082452431,0.06236786469344609,0.2346723044397463,0.08192389006342495,0.0036997885835095136,True,False,False,False,False,False,False
720575940637667443,flow,efferent,762,400,0.25,0.14285714285714285,0.01,0.30446194225721784,0.15748031496062992,0.4461942257217848,0.009186351706036745,0.06167979002624672,0.02099737532808399,0.0,True,True,True,False,True,True,
720575940637667443,flow,efferent,762,400,0.25,0.14285714285714285,0.05,0.30446194225721784,0.15748031496062992,0.4461942257217848,0.009186351706036745,0.06167979002624672,0.02099737532808399,0.0,True,True,True,False,False,False,
720575940637667443,flow,efferent,762,400,0.25,0.14285714285714285,0.1,0.30446194225721784,0.15748031496062992,0.4461942257217848,0.009186351706036745,0.06167979002624672,0.02099737532808399,0.0,False,False,True,False,False,False,
720575940637667443,flow,efferent,762,400,0.25,0.04,0.01,0.30446194225721784,0.15748031496062992,0.4461942257217848,0.009186351706036745,0.06167979002624672,0.02099737532808399,0.0,True,True,True,False,True,True,
720575940637667443,flow,efferent,762,400,0.25,0.04,0.05,0.30446194225721784,0.15748031496062992,0.4461942257217848,0.009186351706036745,0.06167979002624672,0.02099737532808399,0.0,True,False,True,False,False,False,
720575940637667443,flow,efferent,762,400,0.25,0.04,0.1,0.30446194225721784,0.15748031496062992,0.4461942257217848,0.009186351706036745,0.06167979002624672,0.02099737532808399,0.0,False,False,False,False,False,False,
720575940637667443,flow,efferent,762,400,0.25,0.02,0.01,0.30446194225721784,0.15748031496062992,0.4461942257217848,0.009186351706036745,0.06167979002624672,0.02099737532808399,0.0,True,True,True,False,True,True,
720575940637667443,flow,efferent,762,400,0.25,0.02,0.05,0.30446194225721784,0.15748031496062992,0.4461942257217848,0.009186351706036745,0.06167979002624672,0.02099737532808399,0.0,True,False,True,False,False,False,
720575940637667443,flow,efferent,762,400,0.25,0.02,0.1,0.30446194225721784,0.15748031496062992,0.4461942257217848,0.009186351706036745,0.06167979002624672,0.02099737532808399,0.0,False,False,False,False,False,False,
720575940637667443,flow,efferent,762,400,0.25,0.01,0.01,0.30446194225721784,0.15748031496062992,0.4461942257217848,0.009186351706036745,0.06167979002624672,0.02099737532808399,0.0,True,True,True,False,True,True,
720575940637667443,flow,efferent,762,400,0.25,0.01,0.05,0.30446194225721784,0.15748031496062992,0.4461942257217848,0.009186351706036745,0.06167979002624672,0.02099737532808399,0.0,True,False,True,False,False,False,
720575940637667443,flow,efferent,762,400,0.25,0.01,0.1,0.30446194225721784,0.15748031496062992,0.4461942257217848,0.009186351706036745,0.06167979002624672,0.02099737532808399,0.0,False,False,False,False,False,False,
720575940623473335,flow,efferent,687,400,0.25,0.14285714285714285,0.01,0.2954876273653566,0.19068413391557495,0.11790393013100436,0.053857350800582245,0.25036390101892286,0.09170305676855896,0.0,True,True,True,True,True,True,
720575940623473335,flow,efferent,687,400,0.25,0.14285714285714285,0.05,0.2954876273653566,0.19068413391557495,0.11790393013100436,0.053857350800582245,0.25036390101892286,0.09170305676855896,0.0,True,False,False,False,True,False,
720575940623473335,flow,efferent,687,400,0.25,0.14285714285714285,0.1,0.2954876273653566,0.19068413391557495,0.11790393013100436,0.053857350800582245,0.25036390101892286,0.09170305676855896,0.0,True,False,False,False,False,False,
720575940623473335,flow,efferent,687,400,0.25,0.04,0.01,0.2954876273653566,0.19068413391557495,0.11790393013100436,0.053857350800582245,0.25036390101892286,0.09170305676855896,0.0,True,True,True,True,True,True,
720575940623473335,flow,efferent,687,400,0.25,0.04,0.05,0.2954876273653566,0.19068413391557495,0.11790393013100436,0.053857350800582245,0.25036390101892286,0.09170305676855896,0.0,True,False,False,False,False,False,
720575940623473335,flow,efferent,687,400,0.25,0.04,0.1,0.2954876273653566,0.19068413391557495,0.11790393013100436,0.053857350800582245,0.25036390101892286,0.09170305676855896,0.0,True,False,False,False,False,False,
720575940623473335,flow,efferent,687,400,0.25,0.02,0.01,0.2954876273653566,0.19068413391557495,0.11790393013100436,0.053857350800582245,0.25036390101892286,0.09170305676855896,0.0,True,True,True,False,True,True,
720575940623473335,flow,efferent,687,400,0.25,0.02,0.05,0.2954876273653566,0.19068413391557495,0.11790393013100436,0.053857350800582245,0.25036390101892286,0.09170305676855896,0.0,True,False,False,False,False,False,
720575940623473335,flow,efferent,687,400,0.25,0.02,0.1,0.2954876273653566,0.19068413391557495,0.11790393013100436,0.053857350800582245,0.25036390101892286,0.09170305676855896,0.0,True,False,False,False,False,False,
720575940623473335,flow,efferent,687,400,0.25,0.01,0.01,0.2954876273653566,0.19068413391557495,0.11790393013100436,0.053857350800582245,0.25036390101892286,0.09170305676855896,0.0,True,True,True,False,True,True,
720575940623473335,flow,efferent,687,400,0.25,0.01,0.05,0.2954876273653566,0.19068413391557495,0.11790393013100436,0.053857350800582245,0.25036390101892286,0.09170305676855896,0.0,True,False,False,False,False,False,
720575940623473335,flow,efferent,687,400,0.25,0.01,0.1,0.2954876273653566,0.19068413391557495,0.11790393013100436,0.053857350800582245,0.25036390101892286,0.09170305676855896,0.0,True,False,False,False,False,False,
720575940615058216,flow,efferent,705,400,0.25,0.14285714285714285,0.01,0.059574468085106386,0.7673758865248227,0.02553191489361702,0.015602836879432624,0.06524822695035461,0.06666666666666667,0.0,True,True,True,True,True,True,
720575940615058216,flow,efferent,705,400,0.25,0.14285714285714285,0.05,0.059574468085106386,0.7673758865248227,0.02553191489361702,0.015602836879432624,0.06524822695035461,0.06666666666666667,0.0,True,True,False,False,False,False,
720575940615058216,flow,efferent,705,400,0.25,0.14285714285714285,0.1,0.059574468085106386,0.7673758865248227,0.02553191489361702,0.015602836879432624,0.06524822695035461,0.06666666666666667,0.0,False,True,False,False,False,False,
720575940615058216,flow,efferent,705,400,0.25,0.04,0.01,0.059574468085106386,0.7673758865248227,0.02553191489361702,0.015602836879432624,0.06524822695035461,0.06666666666666667,0.0,True,True,False,True,True,True,
720575940615058216,flow,efferent,705,400,0.25,0.04,0.05,0.059574468085106386,0.7673758865248227,0.02553191489361702,0.015602836879432624,0.06524822695035461,0.06666666666666667,0.0,True,True,False,False,False,False,
720575940615058216,flow,efferent,705,400,0.25,0.04,0.1,0.059574468085106386,0.7673758865248227,0.02553191489361702,0.015602836879432624,0.06524822695035461,0.06666666666666667,0.0,False,False,False,False,False,False,
720575940615058216,flow,efferent,705,400,0.25,0.02,0.01,0.059574468085106386,0.7673758865248227,0.02553191489361702,0.015602836879432624,0.06524822695035461,0.06666666666666667,0.0,True,True,False,True,True,True,
720575940615058216,flow,efferent,705,400,0.25,0.02,0.05,0.059574468085106386,0.7673758865248227,0.02553191489361702,0.015602836879432624,0.06524822695035461,0.06666666666666667,0.0,True,True,False,False,False,False,
720575940615058216,flow,efferent,705,400,0.25,0.02,0.1,0.059574468085106386,0.7673758865248227,0.02553191489361702,0.015602836879432624,0.06524822695035461,0.06666666666666667,0.0,False,False,False,False,False,False,
720575940615058216,flow,efferent,705,400,0.25,0.01,0.01,0.059574468085106386,0.7673758865248227,0.02553191489361702,0.015602836879432624,0.06524822695035461,0.06666666666666667,0.0,True,True,False,False,False,True,
720575940615058216,flow,efferent,705,400,0.25,0.01,0.05,0.059574468085106386,0.7673758865248227,0.02553191489361702,0.015602836879432624,0.06524822695035461,0.06666666666666667,0.0,False,False,False,False,False,False,
720575940615058216,flow,efferent,705,400,0.25,0.01,0.1,0.059574468085106386,0.7673758865248227,0.02553191489361702,0.015602836879432624,0.06524822695035461,0.06666666666666667,0.0,False,False,False,False,False,False,
720575940619451989,flow,efferent,4187,400,0.25,0.14285714285714285,0.01,0.6052065918318605,0.1339861475997134,0.17411034153331742,0.006209696680200621,0.02459995223310246,0.05540960114640554,0.0004776689754000478,True,True,True,False,True,True,False
720575940619451989,flow,efferent,4187,400,0.25,0.14285714285714285,0.05,0.6052065918318605,0.1339861475997134,0.17411034153331742,0.006209696680200621,0.02459995223310246,0.05540960114640554,0.0004776689754000478,True,True,True,False,False,False,False
720575940619451989,flow,efferent,4187,400,0.25,0.14285714285714285,0.1,0.6052065918318605,0.1339861475997134,0.17411034153331742,0.006209696680200621,0.02459995223310246,0.05540960114640554,0.0004776689754000478,True,True,True,False,False,False,False
720575940619451989,flow,efferent,4187,400,0.25,0.04,0.01,0.6052065918318605,0.1339861475997134,0.17411034153331742,0.006209696680200621,0.02459995223310246,0.05540960114640554,0.0004776689754000478,True,True,True,False,False,False,False
720575940619451989,flow,efferent,4187,400,0.25,0.04,0.05,0.6052065918318605,0.1339861475997134,0.17411034153331742,0.006209696680200621,0.02459995223310246,0.05540960114640554,0.0004776689754000478,True,False,False,False,False,False,False
720575940619451989,flow,efferent,4187,400,0.25,0.04,0.1,0.6052065918318605,0.1339861475997134,0.17411034153331742,0.006209696680200621,0.02459995223310246,0.05540960114640554,0.0004776689754000478,True,False,False,False,False,False,False
720575940619451989,flow,efferent,4187,400,0.25,0.02,0.01,0.6052065918318605,0.1339861475997134,0.17411034153331742,0.006209696680200621,0.02459995223310246,0.05540960114640554,0.0004776689754000478,True,True,True,False,False,False,False
720575940619451989,flow,efferent,4187,400,0.25,0.02,0.05,0.6052065918318605,0.1339861475997134,0.17411034153331742,0.006209696680200621,0.02459995223310246,0.05540960114640554,0.0004776689754000478,True,False,False,False,False,False,False
720575940619451989,flow,efferent,4187,400,0.25,0.02,0.1,0.6052065918318605,0.1339861475997134,0.17411034153331742,0.006209696680200621,0.02459995223310246,0.05540960114640554,0.0004776689754000478,False,False,False,False,False,False,False
720575940619451989,flow,efferent,4187,400,0.25,0.01,0.01,0.6052065918318605,0.1339861475997134,0.17411034153331742,0.006209696680200621,0.02459995223310246,0.05540960114640554,0.0004776689754000478,True,False,True,False,False,False,False
720575940619451989,flow,efferent,4187,400,0.25,0.01,0.05,0.6052065918318605,0.1339861475997134,0.17411034153331742,0.006209696680200621,0.02459995223310246,0.05540960114640554,0.0004776689754000478,False,False,False,False,False,False,False
720575940619451989,flow,efferent,4187,400,0.25,0.01,0.1,0.6052065918318605,0.1339861475997134,0.17411034153331742,0.006209696680200621,0.02459995223310246,0.05540960114640554,0.0004776689754000478,False,False,False,False,False,False,False
720575940618291520,flow,efferent,1291,400,0.25,0.14285714285714285,0.01,0.11154144074360961,0.1758326878388846,0.3044151820294346,0.049573973663826494,0.24632068164213788,0.11154144074360961,0.000774593338497289,True,True,True,True,True,True,
720575940618291520,flow,efferent,1291,400,0.25,0.14285714285714285,0.05,0.11154144074360961,0.1758326878388846,0.3044151820294346,0.049573973663826494,0.24632068164213788,0.11154144074360961,0.000774593338497289,True,True,True,False,True,True,
720575940618291520,flow,efferent,1291,400,0.25,0.14285714285714285,0.1,0.11154144074360961,0.1758326878388846,0.3044151820294346,0.049573973663826494,0.24632068164213788,0.11154144074360961,0.000774593338497289,False,False,True,False,False,False,
720575940618291520,flow,efferent,1291,400,0.25,0.04,0.01,0.11154144074360961,0.1758326878388846,0.3044151820294346,0.049573973663826494,0.24632068164213788,0.11154144074360961,0.000774593338497289,True,True,True,True,True,True,
720575940618291520,flow,efferent,1291,400,0.25,0.04,0.05,0.11154144074360961,0.1758326878388846,0.3044151820294346,0.049573973663826494,0.24632068164213788,0.11154144074360961,0.000774593338497289,False,False,True,False,False,False,
720575940618291520,flow,efferent,1291,400,0.25,0.04,0.1,0.11154144074360961,0.1758326878388846,0.3044151820294346,0.049573973663826494,0.24632068164213788,0.11154144074360961,0.000774593338497289,False,False,False,False,False,False,
720575940618291520,flow,efferent,1291,400,0.25,0.02,0.01,0.11154144074360961,0.1758326878388846,0.3044151820294346,0.049573973663826494,0.24632068164213788,0.11154144074360961,0.000774593338497289,True,True,True,True,True,True,
720575940618291520,flow,efferent,1291,400,0.25,0.02,0.05,0.11154144074360961,0.1758326878388846,0.3044151820294346,0.049573973663826494,0.24632068164213788,0.11154144074360961,0.000774593338497289,False,False,False,False,False,False,
720575940618291520,flow,efferent,1291,400,0.25,0.02,0.1,0.11154144074360961,0.1758326878388846,0.3044151820294346,0.049573973663826494,0.24632068164213788,0.11154144074360961,0.000774593338497289,False,False,False,False,False,False,
720575940618291520,flow,efferent,1291,400,0.25,0.01,0.01,0.11154144074360961,0.1758326878388846,0.3044151820294346,0.049573973663826494,0.24632068164213788,0.11154144074360961,0.000774593338497289,True,True,True,False,True,True,
720575940618291520,flow,efferent,1291,400,0.25,0.01,0.05,0.11154144074360961,0.1758326878388846,0.3044151820294346,0.049573973663826494,0.24632068164213788,0.11154144074360961,0.000774593338497289,False,False,False,False,False,False,
720575940618291520,flow,efferent,1291,400,0.25,0.01,0.1,0.11154144074360961,0.1758326878388846,0.3044151820294346,0.049573973663826494,0.24632068164213788,0.11154144074360961,0.000774593338497289,False,False,False,False,False,False,
720575940626179614,flow,efferent,4163,400,0.25,0.14285714285714285,0.01,0.12731203459043958,0.3687244775402354,0.46120586115781886,0.004083593562334855,0.02954600048042277,0.008407398510689407,0.000720634158059092,True,True,True,False,False,False,False
720575940626179614,flow,efferent,4163,400,0.25,0.14285714285714285,0.05,0.12731203459043958,0.3687244775402354,0.46120586115781886,0.004083593562334855,0.02954600048042277,0.008407398510689407,0.000720634158059092,True,True,True,False,False,False,False
720575940626179614,flow,efferent,4163,400,0.25,0.14285714285714285,0.1,0.12731203459043958,0.3687244775402354,0.46120586115781886,0.004083593562334855,0.02954600048042277,0.008407398510689407,0.000720634158059092,False,True,True,False,False,False,False
720575940626179614,flow,efferent,4163,400,0.25,0.04,0.01,0.12731203459043958,0.3687244775402354,0.46120586115781886,0.004083593562334855,0.02954600048042277,0.008407398510689407,0.000720634158059092,True,True,True,False,False,False,False
720575940626179614,flow,efferent,4163,400,0.25,0.04,0.05,0.12731203459043958,0.3687244775402354,0.46120586115781886,0.004083593562334855,0.02954600048042277,0.008407398510689407,0.000720634158059092,False,True,True,False,False,False,False
720575940626179614,flow,efferent,4163,400,0.25,0.04,0.1,0.12731203459043958,0.3687244775402354,0.46120586115781886,0.004083593562334855,0.02954600048042277,0.008407398510689407,0.000720634158059092,False,False,True,False,False,False,False
720575940626179614,flow,efferent,4163,400,0.25,0.02,0.01,0.12731203459043958,0.3687244775402354,0.46120586115781886,0.004083593562334855,0.02954600048042277,0.008407398510689407,0.000720634158059092,True,True,True,False,False,False,False
720575940626179614,flow,efferent,4163,400,0.25,0.02,0.05,0.12731203459043958,0.3687244775402354,0.46120586115781886,0.004083593562334855,0.02954600048042277,0.008407398510689407,0.000720634158059092,False,False,False,False,False,False,False
720575940626179614,flow,efferent,4163,400,0.25,0.02,0.1,0.12731203459043958,0.3687244775402354,0.46120586115781886,0.004083593562334855,0.02954600048042277,0.008407398510689407,0.000720634158059092,False,False,False,False,False,False,False
720575940626179614,flow,efferent,4163,400,0.25,0.01,0.01,0.12731203459043958,0.3687244775402354,0.46120586115781886,0.004083593562334855,0.02954600048042277,0.008407398510689407,0.000720634158059092,True,True,True,False,False,False,False
720575940626179614,flow,efferent,4163,400,0.25,0.01,0.05,0.12731203459043958,0.3687244775402354,0.46120586115781886,0.004083593562334855,0.02954600048042277,0.008407398510689407,0.000720634158059092,False,False,False,False,False,False,False
720575940626179614,flow,efferent,4163,400,0.25,0.01,0.1,0.12731203459043958,0.3687244775402354,0.46120586115781886,0.004083593562334855,0.02954600048042277,0.008407398510689407,0.000720634158059092,False,False,False,False,False,False,False
720575940626901136,flow,efferent,7366,400,0.25,0.14285714285714285,0.01,0.13317947325549823,0.2578061363019278,0.44352430084170513,0.010589193592180288,0.060141189247895736,0.09299484116209612,0.0017648655986967146,True,True,True,False,True,True,False
720575940626901136,flow,efferent,7366,400,0.25,0.14285714285714285,0.05,0.13317947325549823,0.2578061363019278,0.44352430084170513,0.010589193592180288,0.060141189247895736,0.09299484116209612,0.0017648655986967146,True,True,True,False,False,False,False
720575940626901136,flow,efferent,7366,400,0.25,0.14285714285714285,0.1,0.13317947325549823,0.2578061363019278,0.44352430084170513,0.010589193592180288,0.060141189247895736,0.09299484116209612,0.0017648655986967146,False,False,True,False,False,False,False
720575940626901136,flow,efferent,7366,400,0.25,0.04,0.01,0.13317947325549823,0.2578061363019278,0.44352430084170513,0.010589193592180288,0.060141189247895736,0.09299484116209612,0.0017648655986967146,True,True,True,False,False,True,False
720575940626901136,flow,efferent,7366,400,0.25,0.04,0.05,0.13317947325549823,0.2578061363019278,0.44352430084170513,0.010589193592180288,0.060141189247895736,0.09299484116209612,0.0017648655986967146,False,False,True,False,False,False,False
720575940626901136,flow,efferent,7366,400,0.25,0.04,0.1,0.13317947325549823,0.2578061363019278,0.44352430084170513,0.010589193592180288,0.060141189247895736,0.09299484116209612,0.0017648655986967146,False,False,True,False,False,False,False
720575940626901136,flow,efferent,7366,400,0.25,0.02,0.01,0.13317947325549823,0.2578061363019278,0.44352430084170513,0.010589193592180288,0.060141189247895736,0.09299484116209612,0.0017648655986967146,True,True,True,False,False,True,False
720575940626901136,flow,efferent,7366,400,0.25,0.02,0.05,0.13317947325549823,0.2578061363019278,0.44352430084170513,0.010589193592180288,0.060141189247895736,0.09299484116209612,0.0017648655986967146,False,False,False,False,False,False,False
720575940626901136,flow,efferent,7366,400,0.25,0.02,0.1,0.13317947325549823,0.2578061363019278,0.44352430084170513,0.010589193592180288,0.060141189247895736,0.09299484116209612,0.0017648655986967146,False,False,False,False,False,False,False
720575940626901136,flow,efferent,7366,400,0.25,0.01,0.01,0.13317947325549823,0.2578061363019278,0.44352430084170513,0.010589193592180288,0.060141189247895736,0.09299484116209612,0.0017648655986967146,True,True,True,False,False,True,False
720575940626901136,flow,efferent,7366,400,0.25,0.01,0.05,0.13317947325549823,0.2578061363019278,0.44352430084170513,0.010589193592180288,0.060141189247895736,0.09299484116209612,0.0017648655986967146,False,False,False,False,False,False,False
720575940626901136,flow,efferent,7366,400,0.25,0.01,0.1,0.13317947325549823,0.2578061363019278,0.44352430084170513,0.010589193592180288,0.060141189247895736,0.09299484116209612,0.0017648655986967146,False,False,False,False,False,False,False
720575940627652358,flow,efferent,11706,400,0.25,0.14285714285714285,0.01,0.04254228600717581,0.8308559712967709,0.034085084572014354,0.015120451050743208,0.047069878694686484,0.0292157867760123,0.001110541602596959,True,True,True,False,True,True,False
720575940627652358,flow,efferent,11706,400,0.25,0.14285714285714285,0.05,0.04254228600717581,0.8308559712967709,0.034085084572014354,0.015120451050743208,0.047069878694686484,0.0292157867760123,0.001110541602596959,False,True,False,False,False,False,False
720575940627652358,flow,efferent,11706,400,0.25,0.14285714285714285,0.1,0.04254228600717581,0.8308559712967709,0.034085084572014354,0.015120451050743208,0.047069878694686484,0.0292157867760123,0.001110541602596959,False,True,False,False,False,False,False
720575940627652358,flow,efferent,11706,400,0.25,0.04,0.01,0.04254228600717581,0.8308559712967709,0.034085084572014354,0.015120451050743208,0.047069878694686484,0.0292157867760123,0.001110541602596959,True,True,False,False,False,False,False
720575940627652358,flow,efferent,11706,400,0.25,0.04,0.05,0.04254228600717581,0.8308559712967709,0.034085084572014354,0.015120451050743208,0.047069878694686484,0.0292157867760123,0.001110541602596959,False,True,False,False,False,False,False
720575940627652358,flow,efferent,11706,400,0.25,0.04,0.1,0.04254228600717581,0.8308559712967709,0.034085084572014354,0.015120451050743208,0.047069878694686484,0.0292157867760123,0.001110541602596959,False,True,False,False,False,False,False
720575940627652358,flow,efferent,11706,400,0.25,0.02,0.01,0.04254228600717581,0.8308559712967709,0.034085084572014354,0.015120451050743208,0.047069878694686484,0.0292157867760123,0.001110541602596959,True,True,False,False,False,False,False
720575940627652358,flow,efferent,11706,400,0.25,0.02,0.05,0.04254228600717581,0.8308559712967709,0.034085084572014354,0.015120451050743208,0.047069878694686484,0.0292157867760123,0.001110541602596959,False,True,False,False,False,False,False
720575940627652358,flow,efferent,11706,400,0.25,0.02,0.1,0.04254228600717581,0.8308559712967709,0.034085084572014354,0.015120451050743208,0.047069878694686484,0.0292157867760123,0.001110541602596959,False,False,False,False,False,False,False
720575940627652358,flow,efferent,11706,400,0.25,0.01,0.01,0.04254228600717581,0.8308559712967709,0.034085084572014354,0.015120451050743208,0.047069878694686484,0.0292157867760123,0.001110541602596959,True,True,False,False,False,False,False
720575940627652358,flow,efferent,11706,400,0.25,0.01,0.05,0.04254228600717581,0.8308559712967709,0.034085084572014354,0.015120451050743208,0.047069878694686484,0.0292157867760123,0.001110541602596959,False,False,False,False,False,False,False
720575940627652358,flow,efferent,11706,400,0.25,0.01,0.1,0.04254228600717581,0.8308559712967709,0.034085084572014354,0.015120451050743208,0.047069878694686484,0.0292157867760123,0.001110541602596959,False,False,False,False,False,False,False
720575940624554170,flow,efferent,446,400,0.25,0.14285714285714285,0.01,0.09641255605381166,0.273542600896861,0.16367713004484305,0.19282511210762332,0.23094170403587444,0.042600896860986545,0.0,True,True,True,True,True,True,
720575940624554170,flow,efferent,446,400,0.25,0.14285714285714285,0.05,0.09641255605381166,0.273542600896861,0.16367713004484305,0.19282511210762332,0.23094170403587444,0.042600896860986545,0.0,True,True,True,True,False,False,
720575940624554170,flow,efferent,446,400,0.25,0.14285714285714285,0.1,0.09641255605381166,0.273542600896861,0.16367713004484305,0.19282511210762332,0.23094170403587444,0.042600896860986545,0.0,False,True,False,True,False,False,
720575940624554170,flow,efferent,446,400,0.25,0.04,0.01,0.09641255605381166,0.273542600896861,0.16367713004484305,0.19282511210762332,0.23094170403587444,0.042600896860986545,0.0,True,True,True,True,True,True,
720575940624554170,flow,efferent,446,400,0.25,0.04,0.05,0.09641255605381166,0.273542600896861,0.16367713004484305,0.19282511210762332,0.23094170403587444,0.042600896860986545,0.0,False,False,False,True,False,False,
720575940624554170,flow,efferent,446,400,0.25,0.04,0.1,0.09641255605381166,0.273542600896861,0.16367713004484305,0.19282511210762332,0.23094170403587444,0.042600896860986545,0.0,False,False,False,True,False,False,
720575940624554170,flow,efferent,446,400,0.25,0.02,0.01,0.09641255605381166,0.273542600896861,0.16367713004484305,0.19282511210762332,0.23094170403587444,0.042600896860986545,0.0,True,True,True,True,True,True,
720575940624554170,flow,efferent,446,400,0.25,0.02,0.05,0.09641255605381166,0.273542600896861,0.16367713004484305,0.19282511210762332,0.23094170403587444,0.042600896860986545,0.0,False,False,False,True,False,False,
720575940624554170,flow,efferent,446,400,0.25,0.02,0.1,0.09641255605381166,0.273542600896861,0.16367713004484305,0.19282511210762332,0.23094170403587444,0.042600896860986545,0.0,False,False,False,True,False,False,
720575940624554170,flow,efferent,446,400,0.25,0.01,0.01,0.09641255605381166,0.273542600896861,0.16367713004484305,0.19282511210762332,0.23094170403587444,0.042600896860986545,0.0,True,True,True,True,True,True,
720575940624554170,flow,efferent,446,400,0.25,0.01,0.05,0.09641255605381166,0.273542600896861,0.16367713004484305,0.19282511210762332,0.23094170403587444,0.042600896860986545,0.0,False,False,False,True,False,False,
720575940624554170,flow,efferent,446,400,0.25,0.01,0.1,0.09641255605381166,0.273542600896861,0.16367713004484305,0.19282511210762332,0.23094170403587444,0.042600896860986545,0.0,False,False,False,False,False,False,
720575940621325034,flow,efferent,1933,400,0.25,0.14285714285714285,0.01,0.03517847904811174,0.661148473874806,0.11846870150025866,0.005690636316606311,0.07294361096740817,0.10605276771857217,0.0005173305742369374,True,True,True,False,True,True,
720575940621325034,flow,efferent,1933,400,0.25,0.14285714285714285,0.05,0.03517847904811174,0.661148473874806,0.11846870150025866,0.005690636316606311,0.07294361096740817,0.10605276771857217,0.0005173305742369374,False,True,True,False,False,False,
720575940621325034,flow,efferent,1933,400,0.25,0.14285714285714285,0.1,0.03517847904811174,0.661148473874806,0.11846870150025866,0.005690636316606311,0.07294361096740817,0.10605276771857217,0.0005173305742369374,False,True,False,False,False,False,
720575940621325034,flow,efferent,1933,400,0.25,0.04,0.01,0.03517847904811174,0.661148473874806,0.11846870150025866,0.005690636316606311,0.07294361096740817,0.10605276771857217,0.0005173305742369374,False,True,True,False,True,True,
720575940621325034,flow,efferent,1933,400,0.25,0.04,0.05,0.03517847904811174,0.661148473874806,0.11846870150025866,0.005690636316606311,0.07294361096740817,0.10605276771857217,0.0005173305742369374,False,True,False,False,False,False,
720575940621325034,flow,efferent,1933,400,0.25,0.04,0.1,0.03517847904811174,0.661148473874806,0.11846870150025866,0.005690636316606311,0.07294361096740817,0.10605276771857217,0.0005173305742369374,False,True,False,False,False,False,
720575940621325034,flow,efferent,1933,400,0.25,0.02,0.01,0.03517847904811174,0.661148473874806,0.11846870150025866,0.005690636316606311,0.07294361096740817,0.10605276771857217,0.0005173305742369374,False,True,True,False,True,True,
720575940621325034,flow,efferent,1933,400,0.25,0.02,0.05,0.03517847904811174,0.661148473874806,0.11846870150025866,0.005690636316606311,0.07294361096740817,0.10605276771857217,0.0005173305742369374,False,True,False,False,False,False,
720575940621325034,flow,efferent,1933,400,0.25,0.02,0.1,0.03517847904811174,0.661148473874806,0.11846870150025866,0.005690636316606311,0.07294361096740817,0.10605276771857217,0.0005173305742369374,False,False,False,False,False,False,
720575940621325034,flow,efferent,1933,400,0.25,0.01,0.01,0.03517847904811174,0.661148473874806,0.11846870150025866,0.005690636316606311,0.07294361096740817,0.10605276771857217,0.0005173305742369374,False,True,False,False,False,True,
720575940621325034,flow,efferent,1933,400,0.25,0.01,0.05,0.03517847904811174,0.661148473874806,0.11846870150025866,0.005690636316606311,0.07294361096740817,0.10605276771857217,0.0005173305742369374,False,False,False,False,False,False,
720575940621325034,flow,efferent,1933,400,0.25,0.01,0.1,0.03517847904811174,0.661148473874806,0.11846870150025866,0.005690636316606311,0.07294361096740817,0.10605276771857217,0.0005173305742369374,False,False,False,False,False,False,
720575940644758308,flow,efferent,7882,400,0.25,0.14285714285714285,0.01,0.5072316670895711,0.1884039583861964,0.21834559756407004,0.0076122811469170265,0.05176351179903578,0.02550114184217204,0.001141842172037554,True,True,True,False,True,True,False
720575940644758308,flow,efferent,7882,400,0.25,0.14285714285714285,0.05,0.5072316670895711,0.1884039583861964,0.21834559756407004,0.0076122811469170265,0.05176351179903578,0.02550114184217204,0.001141842172037554,True,True,True,False,False,False,False
720575940644758308,flow,efferent,7882,400,0.25,0.14285714285714285,0.1,0.5072316670895711,0.1884039583861964,0.21834559756407004,0.0076122811469170265,0.05176351179903578,0.02550114184217204,0.001141842172037554,True,False,False,False,False,False,False
720575940644758308,flow,efferent,7882,400,0.25,0.04,0.01,0.5072316670895711,0.1884039583861964,0.21834559756407004,0.0076122811469170265,0.05176351179903578,0.02550114184217204,0.001141842172037554,True,True,True,False,False,False,False
720575940644758308,flow,efferent,7882,400,0.25,0.04,0.05,0.5072316670895711,0.1884039583861964,0.21834559756407004,0.0076122811469170265,0.05176351179903578,0.02550114184217204,0.001141842172037554,True,False,False,False,False,False,False
720575940644758308,flow,efferent,7882,400,0.25,0.04,0.1,0.5072316670895711,0.1884039583861964,0.21834559756407004,0.0076122811469170265,0.05176351179903578,0.02550114184217204,0.001141842172037554,True,False,False,False,False,False,False
720575940644758308,flow,efferent,7882,400,0.25,0.02,0.01,0.5072316670895711,0.1884039583861964,0.21834559756407004,0.0076122811469170265,0.05176351179903578,0.02550114184217204,0.001141842172037554,True,True,True,False,False,False,False
720575940644758308,flow,efferent,7882,400,0.25,0.02,0.05,0.5072316670895711,0.1884039583861964,0.21834559756407004,0.0076122811469170265,0.05176351179903578,0.02550114184217204,0.001141842172037554,True,False,False,False,False,False,False
720575940644758308,flow,efferent,7882,400,0.25,0.02,0.1,0.5072316670895711,0.1884039583861964,0.21834559756407004,0.0076122811469170265,0.05176351179903578,0.02550114184217204,0.001141842172037554,False,False,False,False,False,False,False
720575940644758308,flow,efferent,7882,400,0.25,0.01,0.01,0.5072316670895711,0.1884039583861964,0.21834559756407004,0.0076122811469170265,0.05176351179903578,0.02550114184217204,0.001141842172037554,True,True,True,False,False,False,False
720575940644758308,flow,efferent,7882,400,0.25,0.01,0.05,0.5072316670895711,0.1884039583861964,0.21834559756407004,0.0076122811469170265,0.05176351179903578,0.02550114184217204,0.001141842172037554,False,False,False,False,False,False,False
720575940644758308,flow,efferent,7882,400,0.25,0.01,0.1,0.5072316670895711,0.1884039583861964,0.21834559756407004,0.0076122811469170265,0.05176351179903578,0.02550114184217204,0.001141842172037554,False,False,False,False,False,False,False
720575940639919824,flow,efferent,1507,400,0.25,0.14285714285714285,0.01,0.0915726609157266,0.19376244193762443,0.5719973457199734,0.0072992700729927005,0.039814200398142006,0.0948905109489051,0.0006635700066357001,True,True,True,False,True,True,
720575940639919824,flow,efferent,1507,400,0.25,0.14285714285714285,0.05,0.0915726609157266,0.19376244193762443,0.5719973457199734,0.0072992700729927005,0.039814200398142006,0.0948905109489051,0.0006635700066357001,True,True,True,False,False,True,
720575940639919824,flow,efferent,1507,400,0.25,0.14285714285714285,0.1,0.0915726609157266,0.19376244193762443,0.5719973457199734,0.0072992700729927005,0.039814200398142006,0.0948905109489051,0.0006635700066357001,False,False,True,False,False,False,
720575940639919824,flow,efferent,1507,400,0.25,0.04,0.01,0.0915726609157266,0.19376244193762443,0.5719973457199734,0.0072992700729927005,0.039814200398142006,0.0948905109489051,0.0006635700066357001,True,True,True,False,False,True,
720575940639919824,flow,efferent,1507,400,0.25,0.04,0.05,0.0915726609157266,0.19376244193762443,0.5719973457199734,0.0072992700729927005,0.039814200398142006,0.0948905109489051,0.0006635700066357001,True,True,True,False,False,False,
720575940639919824,flow,efferent,1507,400,0.25,0.04,0.1,0.0915726609157266,0.19376244193762443,0.5719973457199734,0.0072992700729927005,0.039814200398142006,0.0948905109489051,0.0006635700066357001,False,False,False,False,False,False,
720575940639919824,flow,efferent,1507,400,0.25,0.02,0.01,0.0915726609157266,0.19376244193762443,0.5719973457199734,0.0072992700729927005,0.039814200398142006,0.0948905109489051,0.0006635700066357001,True,True,True,False,False,True,
720575940639919824,flow,efferent,1507,400,0.25,0.02,0.05,0.0915726609157266,0.19376244193762443,0.5719973457199734,0.0072992700729927005,0.039814200398142006,0.0948905109489051,0.0006635700066357001,True,False,False,False,False,False,
720575940639919824,flow,efferent,1507,400,0.25,0.02,0.1,0.0915726609157266,0.19376244193762443,0.5719973457199734,0.0072992700729927005,0.039814200398142006,0.0948905109489051,0.0006635700066357001,False,False,False,False,False,False,
720575940639919824,flow,efferent,1507,400,0.25,0.01,0.01,0.0915726609157266,0.19376244193762443,0.5719973457199734,0.0072992700729927005,0.039814200398142006,0.0948905109489051,0.0006635700066357001,True,True,True,False,False,True,
720575940639919824,flow,efferent,1507,400,0.25,0.01,0.05,0.0915726609157266,0.19376244193762443,0.5719973457199734,0.0072992700729927005,0.039814200398142006,0.0948905109489051,0.0006635700066357001,True,False,False,False,False,False,
720575940639919824,flow,efferent,1507,400,0.25,0.01,0.1,0.0915726609157266,0.19376244193762443,0.5719973457199734,0.0072992700729927005,0.039814200398142006,0.0948905109489051,0.0006635700066357001,False,False,False,False,False,False,
720575940619944513,flow,efferent,555,400,0.25,0.14285714285714285,0.01,0.14414414414414414,0.3063063063063063,0.418018018018018,0.0036036036036036037,0.043243243243243246,0.08468468468468468,0.0,True,True,True,False,True,True,
720575940619944513,flow,efferent,555,400,0.25,0.14285714285714285,0.05,0.14414414414414414,0.3063063063063063,0.418018018018018,0.0036036036036036037,0.043243243243243246,0.08468468468468468,0.0,True,True,True,False,False,True,
720575940619944513,flow,efferent,555,400,0.25,0.14285714285714285,0.1,0.14414414414414414,0.3063063063063063,0.418018018018018,0.0036036036036036037,0.043243243243243246,0.08468468468468468,0.0,False,True,True,False,False,False,
720575940619944513,flow,efferent,555,400,0.25,0.04,0.01,0.14414414414414414,0.3063063063063063,0.418018018018018,0.0036036036036036037,0.043243243243243246,0.08468468468468468,0.0,True,True,True,False,True,True,
720575940619944513,flow,efferent,555,400,0.25,0.04,0.05,0.14414414414414414,0.3063063063063063,0.418018018018018,0.0036036036036036037,0.043243243243243246,0.08468468468468468,0.0,False,True,True,False,False,True,
720575940619944513,flow,efferent,555,400,0.25,0.04,0.1,0.14414414414414414,0.3063063063063063,0.418018018018018,0.0036036036036036037,0.043243243243243246,0.08468468468468468,0.0,False,False,True,False,False,False,
720575940619944513,flow,efferent,555,400,0.25,0.02,0.01,0.14414414414414414,0.3063063063063063,0.418018018018018,0.0036036036036036037,0.043243243243243246,0.08468468468468468,0.0,True,True,True,False,False,True,
720575940619944513,flow,efferent,555,400,0.25,0.02,0.05,0.14414414414414414,0.3063063063063063,0.418018018018018,0.0036036036036036037,0.043243243243243246,0.08468468468468468,0.0,False,False,True,False,False,True,
720575940619944513,flow,efferent,555,400,0.25,0.02,0.1,0.14414414414414414,0.3063063063063063,0.418018018018018,0.0036036036036036037,0.043243243243243246,0.08468468468468468,0.0,False,False,False,False,False,False,
720575940619944513,flow,efferent,555,400,0.25,0.01,0.01,0.14414414414414414,0.3063063063063063,0.418018018018018,0.0036036036036036037,0.043243243243243246,0.08468468468468468,0.0,True,True,True,False,False,True,
720575940619944513,flow,efferent,555,400,0.25,0.01,0.05,0.14414414414414414,0.3063063063063063,0.418018018018018,0.0036036036036036037,0.043243243243243246,0.08468468468468468,0.0,False,False,True,False,False,False,
720575940619944513,flow,efferent,555,400,0.25,0.01,0.1,0.14414414414414414,0.3063063063063063,0.418018018018018,0.0036036036036036037,0.043243243243243246,0.08468468468468468,0.0,False,False,False,False,False,False,
720575940644653348,flow,efferent,9036,400,0.25,0.14285714285714285,0.01,0.3615537848605578,0.3418548030101815,0.217684816290394,0.0099601593625498,0.051571491810535636,0.017264276228419653,0.00011066843736166445,True,True,True,False,True,True,
720575940644653348,flow,efferent,9036,400,0.25,0.14285714285714285,0.05,0.3615537848605578,0.3418548030101815,0.217684816290394,0.0099601593625498,0.051571491810535636,0.017264276228419653,0.00011066843736166445,True,True,True,False,False,False,
720575940644653348,flow,efferent,9036,400,0.25,0.14285714285714285,0.1,0.3615537848605578,0.3418548030101815,0.217684816290394,0.0099601593625498,0.051571491810535636,0.017264276228419653,0.00011066843736166445,True,True,True,False,False,False,
720575940644653348,flow,efferent,9036,400,0.25,0.04,0.01,0.3615537848605578,0.3418548030101815,0.217684816290394,0.0099601593625498,0.051571491810535636,0.017264276228419653,0.00011066843736166445,True,True,True,False,True,False,
720575940644653348,flow,efferent,9036,400,0.25,0.04,0.05,0.3615537848605578,0.3418548030101815,0.217684816290394,0.0099601593625498,0.051571491810535636,0.017264276228419653,0.00011066843736166445,True,True,False,False,False,False,
720575940644653348,flow,efferent,9036,400,0.25,0.04,0.1,0.3615537848605578,0.3418548030101815,0.217684816290394,0.0099601593625498,0.051571491810535636,0.017264276228419653,0.00011066843736166445,False,False,False,False,False,False,
720575940644653348,flow,efferent,9036,400,0.25,0.02,0.01,0.3615537848605578,0.3418548030101815,0.217684816290394,0.0099601593625498,0.051571491810535636,0.017264276228419653,0.00011066843736166445,True,True,True,False,False,False,
720575940644653348,flow,efferent,9036,400,0.25,0.02,0.05,0.3615537848605578,0.3418548030101815,0.217684816290394,0.0099601593625498,0.051571491810535636,0.017264276228419653,0.00011066843736166445,False,False,False,False,False,False,
720575940644653348,flow,efferent,9036,400,0.25,0.02,0.1,0.3615537848605578,0.3418548030101815,0.217684816290394,0.0099601593625498,0.051571491810535636,0.017264276228419653,0.00011066843736166445,False,False,False,False,False,False,
720575940644653348,flow,efferent,9036,400,0.25,0.01,0.01,0.3615537848605578,0.3418548030101815,0.217684816290394,0.0099601593625498,0.051571491810535636,0.017264276228419653,0.00011066843736166445,True,True,True,False,False,False,
720575940644653348,flow,efferent,9036,400,0.25,0.01,0.05,0.3615537848605578,0.3418548030101815,0.217684816290394,0.0099601593625498,0.051571491810535636,0.017264276228419653,0.00011066843736166445,False,False,False,False,False,False,
720575940644653348,flow,efferent,9036,400,0.25,0.01,0.1,0.3615537848605578,0.3418548030101815,0.217684816290394,0.0099601593625498,0.051571491810535636,0.017264276228419653,0.00011066843736166445,False,False,False,False,False,False,
720575940622352764,flow,efferent,484,400,0.25,0.14285714285714285,0.01,0.16942148760330578,0.22520661157024793,0.42355371900826444,0.006198347107438017,0.12190082644628099,0.049586776859504134,0.004132231404958678,True,True,True,False,True,True,False
720575940622352764,flow,efferent,484,400,0.25,0.14285714285714285,0.05,0.16942148760330578,0.22520661157024793,0.42355371900826444,0.006198347107438017,0.12190082644628099,0.049586776859504134,0.004132231404958678,True,True,True,False,True,False,False
720575940622352764,flow,efferent,484,400,0.25,0.14285714285714285,0.1,0.16942148760330578,0.22520661157024793,0.42355371900826444,0.006198347107438017,0.12190082644628099,0.049586776859504134,0.004132231404958678,False,True,True,False,False,False,False
720575940622352764,flow,efferent,484,400,0.25,0.04,0.01,0.16942148760330578,0.22520661157024793,0.42355371900826444,0.006198347107438017,0.12190082644628099,0.049586776859504134,0.004132231404958678,True,True,True,False,True,True,False
720575940622352764,flow,efferent,484,400,0.25,0.04,0.05,0.16942148760330578,0.22520661157024793,0.42355371900826444,0.006198347107438017,0.12190082644628099,0.049586776859504134,0.004132231404958678,True,False,True,False,False,False,False
720575940622352764,flow,efferent,484,400,0.25,0.04,0.1,0.16942148760330578,0.22520661157024793,0.42355371900826444,0.006198347107438017,0.12190082644628099,0.049586776859504134,0.004132231404958678,False,False,False,False,False,False,False
720575940622352764,flow,efferent,484,400,0.25,0.02,0.01,0.16942148760330578,0.22520661157024793,0.42355371900826444,0.006198347107438017,0.12190082644628099,0.049586776859504134,0.004132231404958678,True,True,True,False,True,True,False
720575940622352764,flow,efferent,484,400,0.25,0.02,0.05,0.16942148760330578,0.22520661157024793,0.42355371900826444,0.006198347107438017,0.12190082644628099,0.049586776859504134,0.004132231404958678,False,False,True,False,False,False,False
720575940622352764,flow,efferent,484,400,0.25,0.02,0.1,0.16942148760330578,0.22520661157024793,0.42355371900826444,0.006198347107438017,0.12190082644628099,0.049586776859504134,0.004132231404958678,False,False,False,False,False,False,False
720575940622352764,flow,efferent,484,400,0.25,0.01,0.01,0.16942148760330578,0.22520661157024793,0.42355371900826444,0.006198347107438017,0.12190082644628099,0.049586776859504134,0.004132231404958678,True,True,True,False,True,True,False
720575940622352764,flow,efferent,484,400,0.25,0.01,0.05,0.16942148760330578,0.22520661157024793,0.42355371900826444,0.006198347107438017,0.12190082644628099,0.049586776859504134,0.004132231404958678,False,False,True,False,False,False,False
720575940622352764,flow,efferent,484,400,0.25,0.01,0.1,0.16942148760330578,0.22520661157024793,0.42355371900826444,0.006198347107438017,0.12190082644628099,0.049586776859504134,0.004132231404958678,False,False,False,False,False,False,False
720575940632302151,flow,efferent,731,400,0.25,0.14285714285714285,0.01,0.08755129958960328,0.3693570451436389,0.1436388508891929,0.006839945280437756,0.320109439124487,0.07250341997264022,0.0,True,True,True,False,True,True,
720575940632302151,flow,efferent,731,400,0.25,0.14285714285714285,0.05,0.08755129958960328,0.3693570451436389,0.1436388508891929,0.006839945280437756,0.320109439124487,0.07250341997264022,0.0,True,True,True,False,True,False,
720575940632302151,flow,efferent,731,400,0.25,0.14285714285714285,0.1,0.08755129958960328,0.3693570451436389,0.1436388508891929,0.006839945280437756,0.320109439124487,0.07250341997264022,0.0,False,True,False,False,True,False,
720575940632302151,flow,efferent,731,400,0.25,0.04,0.01,0.08755129958960328,0.3693570451436389,0.1436388508891929,0.006839945280437756,0.320109439124487,0.07250341997264022,0.0,True,True,True,False,True,True,
720575940632302151,flow,efferent,731,400,0.25,0.04,0.05,0.08755129958960328,0.3693570451436389,0.1436388508891929,0.006839945280437756,0.320109439124487,0.07250341997264022,0.0,True,True,False,False,True,False,
720575940632302151,flow,efferent,731,400,0.25,0.04,0.1,0.08755129958960328,0.3693570451436389,0.1436388508891929,0.006839945280437756,0.320109439124487,0.07250341997264022,0.0,False,False,False,False,False,False,
720575940632302151,flow,efferent,731,400,0.25,0.02,0.01,0.08755129958960328,0.3693570451436389,0.1436388508891929,0.006839945280437756,0.320109439124487,0.07250341997264022,0.0,True,True,True,False,True,False,
720575940632302151,flow,efferent,731,400,0.25,0.02,0.05,0.08755129958960328,0.3693570451436389,0.1436388508891929,0.006839945280437756,0.320109439124487,0.07250341997264022,0.0,True,False,False,False,False,False,
720575940632302151,flow,efferent,731,400,0.25,0.02,0.1,0.08755129958960328,0.3693570451436389,0.1436388508891929,0.006839945280437756,0.320109439124487,0.07250341997264022,0.0,False,False,False,False,False,False,
720575940632302151,flow,efferent,731,400,0.25,0.01,0.01,0.08755129958960328,0.3693570451436389,0.1436388508891929,0.006839945280437756,0.320109439124487,0.07250341997264022,0.0,True,True,True,False,True,False,
720575940632302151,flow,efferent,731,400,0.25,0.01,0.05,0.08755129958960328,0.3693570451436389,0.1436388508891929,0.006839945280437756,0.320109439124487,0.07250341997264022,0.0,True,False,False,False,False,False,
720575940632302151,flow,efferent,731,400,0.25,0.01,0.1,0.08755129958960328,0.3693570451436389,0.1436388508891929,0.006839945280437756,0.320109439124487,0.07250341997264022,0.0,False,False,False,False,False,False,
720575940628132745,flow,efferent,3534,400,0.25,0.14285714285714285,0.01,0.10045274476513866,0.5775325410299943,0.12195812110922467,0.010186757215619695,0.09394453876627051,0.09309564233163554,0.0028296547821165816,True,True,True,False,True,True,False
720575940628132745,flow,efferent,3534,400,0.25,0.14285714285714285,0.05,0.10045274476513866,0.5775325410299943,0.12195812110922467,0.010186757215619695,0.09394453876627051,0.09309564233163554,0.0028296547821165816,False,True,False,False,False,True,False
720575940628132745,flow,efferent,3534,400,0.25,0.14285714285714285,0.1,0.10045274476513866,0.5775325410299943,0.12195812110922467,0.010186757215619695,0.09394453876627051,0.09309564233163554,0.0028296547821165816,False,True,False,False,False,False,False
720575940628132745,flow,efferent,3534,400,0.25,0.04,0.01,0.10045274476513866,0.5775325410299943,0.12195812110922467,0.010186757215619695,0.09394453876627051,0.09309564233163554,0.0028296547821165816,True,True,True,False,True,True,False
720575940628132745,flow,efferent,3534,400,0.25,0.04,0.05,0.10045274476513866,0.5775325410299943,0.12195812110922467,0.010186757215619695,0.09394453876627051,0.09309564233163554,0.0028296547821165816,False,True,False,False,False,False,False
720575940628132745,flow,efferent,3534,400,0.25,0.04,0.1,0.10045274476513866,0.5775325410299943,0.12195812110922467,0.010186757215619695,0.09394453876627051,0.09309564233163554,0.0028296547821165816,False,True,False,False,False,False,False
720575940628132745,flow,efferent,3534,400,0.25,0.02,0.01,0.10045274476513866,0.5775325410299943,0.12195812110922467,0.010186757215619695,0.09394453876627051,0.09309564233163554,0.0028296547821165816,True,True,False,False,True,True,False
720575940628132745,flow,efferent,3534,400,0.25,0.02,0.05,0.10045274476513866,0.5775325410299943,0.12195812110922467,0.010186757215619695,0.09394453876627051,0.09309564233163554,0.0028296547821165816,False,True,False,False,False,False,False
720575940628132745,flow,efferent,3534,400,0.25,0.02,0.1,0.10045274476513866,0.5775325410299943,0.12195812110922467,0.010186757215619695,0.09394453876627051,0.09309564233163554,0.0028296547821165816,False,False,False,False,False,False,False
720575940628132745,flow,efferent,3534,400,0.25,0.01,0.01,0.10045274476513866,0.5775325410299943,0.12195812110922467,0.010186757215619695,0.09394453876627051,0.09309564233163554,0.0028296547821165816,True,True,False,False,False,True,False
720575940628132745,flow,efferent,3534,400,0.25,0.01,0.05,0.10045274476513866,0.5775325410299943,0.12195812110922467,0.010186757215619695,0.09394453876627051,0.09309564233163554,0.0028296547821165816,False,True,False,False,False,False,False
720575940628132745,flow,efferent,3534,400,0.25,0.01,0.1,0.10045274476513866,0.5775325410299943,0.12195812110922467,0.010186757215619695,0.09394453876627051,0.09309564233163554,0.0028296547821165816,False,False,False,False,False,False,False
720575940637126007,flow,efferent,7827,400,0.25,0.14285714285714285,0.01,0.03960649035390316,0.9196371534432094,0.008560112431327456,0.0017886802095311103,0.014437204548358246,0.015076018908905073,0.0008943401047655552,True,True,False,False,False,True,False
720575940637126007,flow,efferent,7827,400,0.25,0.14285714285714285,0.05,0.03960649035390316,0.9196371534432094,0.008560112431327456,0.0017886802095311103,0.014437204548358246,0.015076018908905073,0.0008943401047655552,False,True,False,False,False,False,False
720575940637126007,flow,efferent,7827,400,0.25,0.14285714285714285,0.1,0.03960649035390316,0.9196371534432094,0.008560112431327456,0.0017886802095311103,0.014437204548358246,0.015076018908905073,0.0008943401047655552,False,True,False,False,False,False,False
720575940637126007,flow,efferent,7827,400,0.25,0.04,0.01,0.03960649035390316,0.9196371534432094,0.008560112431327456,0.0017886802095311103,0.014437204548358246,0.015076018908905073,0.0008943401047655552,True,True,False,False,False,False,False
720575940637126007,flow,efferent,7827,400,0.25,0.04,0.05,0.03960649035390316,0.9196371534432094,0.008560112431327456,0.0017886802095311103,0.014437204548358246,0.015076018908905073,0.0008943401047655552,False,True,False,False,False,False,False
720575940637126007,flow,efferent,7827,400,0.25,0.04,0.1,0.03960649035390316,0.9196371534432094,0.008560112431327456,0.0017886802095311103,0.014437204548358246,0.015076018908905073,0.0008943401047655552,False,True,False,False,False,False,False
720575940637126007,flow,efferent,7827,400,0.25,0.02,0.01,0.03960649035390316,0.9196371534432094,0.008560112431327456,0.0017886802095311103,0.014437204548358246,0.015076018908905073,0.0008943401047655552,True,True,False,False,False,False,False
720575940637126007,flow,efferent,7827,400,0.25,0.02,0.05,0.03960649035390316,0.9196371534432094,0.008560112431327456,0.0017886802095311103,0.014437204548358246,0.015076018908905073,0.0008943401047655552,False,True,False,False,False,False,False
720575940637126007,flow,efferent,7827,400,0.25,0.02,0.1,0.03960649035390316,0.9196371534432094,0.008560112431327456,0.0017886802095311103,0.014437204548358246,0.015076018908905073,0.0008943401047655552,False,False,False,False,False,False,False
720575940637126007,flow,efferent,7827,400,0.25,0.01,0.01,0.03960649035390316,0.9196371534432094,0.008560112431327456,0.0017886802095311103,0.014437204548358246,0.015076018908905073,0.0008943401047655552,True,True,False,False,False,False,False
720575940637126007,flow,efferent,7827,400,0.25,0.01,0.05,0.03960649035390316,0.9196371534432094,0.008560112431327456,0.0017886802095311103,0.014437204548358246,0.015076018908905073,0.0008943401047655552,False,False,False,False,False,False,False
720575940637126007,flow,efferent,7827,400,0.25,0.01,0.1,0.03960649035390316,0.9196371534432094,0.008560112431327456,0.0017886802095311103,0.014437204548358246,0.015076018908905073,0.0008943401047655552,False,False,False,False,False,False,False
720575940624882151,flow,efferent,760,400,0.25,0.14285714285714285,0.01,0.1368421052631579,0.24078947368421053,0.20526315789473684,0.007894736842105263,0.3828947368421053,0.025,0.0013157894736842105,True,True,True,False,True,True,
720575940624882151,flow,efferent,760,400,0.25,0.14285714285714285,0.05,0.1368421052631579,0.24078947368421053,0.20526315789473684,0.007894736842105263,0.3828947368421053,0.025,0.0013157894736842105,True,True,True,False,True,False,
720575940624882151,flow,efferent,760,400,0.25,0.14285714285714285,0.1,0.1368421052631579,0.24078947368421053,0.20526315789473684,0.007894736842105263,0.3828947368421053,0.025,0.0013157894736842105,True,True,True,False,True,False,
720575940624882151,flow,efferent,760,400,0.25,0.04,0.01,0.1368421052631579,0.24078947368421053,0.20526315789473684,0.007894736842105263,0.3828947368421053,0.025,0.0013157894736842105,True,True,True,False,True,False,
720575940624882151,flow,efferent,760,400,0.25,0.04,0.05,0.1368421052631579,0.24078947368421053,0.20526315789473684,0.007894736842105263,0.3828947368421053,0.025,0.0013157894736842105,True,True,False,False,True,False,
720575940624882151,flow,efferent,760,400,0.25,0.04,0.1,0.1368421052631579,0.24078947368421053,0.20526315789473684,0.007894736842105263,0.3828947368421053,0.025,0.0013157894736842105,True,False,False,False,False,False,
720575940624882151,flow,efferent,760,400,0.25,0.02,0.01,0.1368421052631579,0.24078947368421053,0.20526315789473684,0.007894736842105263,0.3828947368421053,0.025,0.0013157894736842105,True,True,True,False,True,False,
720575940624882151,flow,efferent,760,400,0.25,0.02,0.05,0.1368421052631579,0.24078947368421053,0.20526315789473684,0.007894736842105263,0.3828947368421053,0.025,0.0013157894736842105,True,True,False,False,True,False,
720575940624882151,flow,efferent,760,400,0.25,0.02,0.1,0.1368421052631579,0.24078947368421053,0.20526315789473684,0.007894736842105263,0.3828947368421053,0.025,0.0013157894736842105,True,False,False,False,False,False,
720575940624882151,flow,efferent,760,400,0.25,0.01,0.01,0.1368421052631579,0.24078947368421053,0.20526315789473684,0.007894736842105263,0.3828947368421053,0.025,0.0013157894736842105,True,True,True,False,True,False,
720575940624882151,flow,efferent,760,400,0.25,0.01,0.05,0.1368421052631579,0.24078947368421053,0.20526315789473684,0.007894736842105263,0.3828947368421053,0.025,0.0013157894736842105,False,False,False,False,False,False,
720575940624882151,flow,efferent,760,400,0.25,0.01,0.1,0.1368421052631579,0.24078947368421053,0.20526315789473684,0.007894736842105263,0.3828947368421053,0.025,0.0013157894736842105,False,False,False,False,False,False,
720575940636592302,flow,efferent,2108,400,0.25,0.14285714285714285,0.01,0.07258064516129033,0.6351992409867173,0.21821631878557876,0.010910815939278937,0.026565464895635674,0.03510436432637571,0.0014231499051233396,True,True,True,False,False,True,False
720575940636592302,flow,efferent,2108,400,0.25,0.14285714285714285,0.05,0.07258064516129033,0.6351992409867173,0.21821631878557876,0.010910815939278937,0.026565464895635674,0.03510436432637571,0.0014231499051233396,True,True,True,False,False,False,False
720575940636592302,flow,efferent,2108,400,0.25,0.14285714285714285,0.1,0.07258064516129033,0.6351992409867173,0.21821631878557876,0.010910815939278937,0.026565464895635674,0.03510436432637571,0.0014231499051233396,False,True,True,False,False,False,False
720575940636592302,flow,efferent,2108,400,0.25,0.04,0.01,0.07258064516129033,0.6351992409867173,0.21821631878557876,0.010910815939278937,0.026565464895635674,0.03510436432637571,0.0014231499051233396,True,True,True,False,False,False,False
720575940636592302,flow,efferent,2108,400,0.25,0.04,0.05,0.07258064516129033,0.6351992409867173,0.21821631878557876,0.010910815939278937,0.026565464895635674,0.03510436432637571,0.0014231499051233396,True,True,True,False,False,False,False
720575940636592302,flow,efferent,2108,400,0.25,0.04,0.1,0.07258064516129033,0.6351992409867173,0.21821631878557876,0.010910815939278937,0.026565464895635674,0.03510436432637571,0.0014231499051233396,False,True,False,False,False,False,False
720575940636592302,flow,efferent,2108,400,0.25,0.02,0.01,0.07258064516129033,0.6351992409867173,0.21821631878557876,0.010910815939278937,0.026565464895635674,0.03510436432637571,0.0014231499051233396,True,True,True,False,False,False,False
720575940636592302,flow,efferent,2108,400,0.25,0.02,0.05,0.07258064516129033,0.6351992409867173,0.21821631878557876,0.010910815939278937,0.026565464895635674,0.03510436432637571,0.0014231499051233396,True,True,True,False,False,False,False
720575940636592302,flow,efferent,2108,400,0.25,0.02,0.1,0.07258064516129033,0.6351992409867173,0.21821631878557876,0.010910815939278937,0.026565464895635674,0.03510436432637571,0.0014231499051233396,False,True,False,False,False,False,False
720575940636592302,flow,efferent,2108,400,0.25,0.01,0.01,0.07258064516129033,0.6351992409867173,0.21821631878557876,0.010910815939278937,0.026565464895635674,0.03510436432637571,0.0014231499051233396,True,True,True,False,False,False,False
720575940636592302,flow,efferent,2108,400,0.25,0.01,0.05,0.07258064516129033,0.6351992409867173,0.21821631878557876,0.010910815939278937,0.026565464895635674,0.03510436432637571,0.0014231499051233396,True,True,True,False,False,False,False
720575940636592302,flow,efferent,2108,400,0.25,0.01,0.1,0.07258064516129033,0.6351992409867173,0.21821631878557876,0.010910815939278937,0.026565464895635674,0.03510436432637571,0.0014231499051233396,False,False,False,False,False,False,False
720575940629155227,flow,efferent,5072,400,0.25,0.14285714285714285,0.01,0.08438485804416404,0.6916403785488959,0.06841482649842272,0.015970031545741326,0.0694006309148265,0.06782334384858044,0.002365930599369085,True,True,True,False,True,True,False
720575940629155227,flow,efferent,5072,400,0.25,0.14285714285714285,0.05,0.08438485804416404,0.6916403785488959,0.06841482649842272,0.015970031545741326,0.0694006309148265,0.06782334384858044,0.002365930599369085,True,True,True,False,False,False,False
720575940629155227,flow,efferent,5072,400,0.25,0.14285714285714285,0.1,0.08438485804416404,0.6916403785488959,0.06841482649842272,0.015970031545741326,0.0694006309148265,0.06782334384858044,0.002365930599369085,False,True,False,False,False,False,False
720575940629155227,flow,efferent,5072,400,0.25,0.04,0.01,0.08438485804416404,0.6916403785488959,0.06841482649842272,0.015970031545741326,0.0694006309148265,0.06782334384858044,0.002365930599369085,True,True,False,False,False,True,False
720575940629155227,flow,efferent,5072,400,0.25,0.04,0.05,0.08438485804416404,0.6916403785488959,0.06841482649842272,0.015970031545741326,0.0694006309148265,0.06782334384858044,0.002365930599369085,True,True,False,False,False,False,False
720575940629155227,flow,efferent,5072,400,0.25,0.04,0.1,0.08438485804416404,0.6916403785488959,0.06841482649842272,0.015970031545741326,0.0694006309148265,0.06782334384858044,0.002365930599369085,False,True,False,False,False,False,False
720575940629155227,flow,efferent,5072,400,0.25,0.02,0.01,0.08438485804416404,0.6916403785488959,0.06841482649842272,0.015970031545741326,0.0694006309148265,0.06782334384858044,0.002365930599369085,True,True,False,False,False,True,False
720575940629155227,flow,efferent,5072,400,0.25,0.02,0.05,0.08438485804416404,0.6916403785488959,0.06841482649842272,0.015970031545741326,0.0694006309148265,0.06782334384858044,0.002365930599369085,True,True,False,False,False,False,False
720575940629155227,flow,efferent,5072,400,0.25,0.02,0.1,0.08438485804416404,0.6916403785488959,0.06841482649842272,0.015970031545741326,0.0694006309148265,0.06782334384858044,0.002365930599369085,False,False,False,False,False,False,False
720575940629155227,flow,efferent,5072,400,0.25,0.01,0.01,0.08438485804416404,0.6916403785488959,0.06841482649842272,0.015970031545741326,0.0694006309148265,0.06782334384858044,0.002365930599369085,True,True,False,False,False,True,False
720575940629155227,flow,efferent,5072,400,0.25,0.01,0.05,0.08438485804416404,0.6916403785488959,0.06841482649842272,0.015970031545741326,0.0694006309148265,0.06782334384858044,0.002365930599369085,True,False,False,False,False,False,False
720575940629155227,flow,efferent,5072,400,0.25,0.01,0.1,0.08438485804416404,0.6916403785488959,0.06841482649842272,0.015970031545741326,0.0694006309148265,0.06782334384858044,0.002365930599369085,False,False,False,False,False,False,False
720575940607632579,flow,efferent,1078,400,0.25,0.14285714285714285,0.01,0.0287569573283859,0.6307977736549165,0.0575139146567718,0.09090909090909091,0.13172541743970315,0.05844155844155844,0.0018552875695732839,True,True,True,True,True,True,False
720575940607632579,flow,efferent,1078,400,0.25,0.14285714285714285,0.05,0.0287569573283859,0.6307977736549165,0.0575139146567718,0.09090909090909091,0.13172541743970315,0.05844155844155844,0.0018552875695732839,False,True,False,True,True,False,False
720575940607632579,flow,efferent,1078,400,0.25,0.14285714285714285,0.1,0.0287569573283859,0.6307977736549165,0.0575139146567718,0.09090909090909091,0.13172541743970315,0.05844155844155844,0.0018552875695732839,False,True,False,False,False,False,False
720575940607632579,flow,efferent,1078,400,0.25,0.04,0.01,0.0287569573283859,0.6307977736549165,0.0575139146567718,0.09090909090909091,0.13172541743970315,0.05844155844155844,0.0018552875695732839,True,True,False,True,True,True,False
720575940607632579,flow,efferent,1078,400,0.25,0.04,0.05,0.0287569573283859,0.6307977736549165,0.0575139146567718,0.09090909090909091,0.13172541743970315,0.05844155844155844,0.0018552875695732839,False,True,False,False,False,False,False
720575940607632579,flow,efferent,1078,400,0.25,0.04,0.1,0.0287569573283859,0.6307977736549165,0.0575139146567718,0.09090909090909091,0.13172541743970315,0.05844155844155844,0.0018552875695732839,False,True,False,False,False,False,False
720575940607632579,flow,efferent,1078,400,0.25,0.02,0.01,0.0287569573283859,0.6307977736549165,0.0575139146567718,0.09090909090909091,0.13172541743970315,0.05844155844155844,0.0018552875695732839,True,True,False,True,True,False,False
720575940607632579,flow,efferent,1078,400,0.25,0.02,0.05,0.0287569573283859,0.6307977736549165,0.0575139146567718,0.09090909090909091,0.13172541743970315,0.05844155844155844,0.0018552875695732839,False,True,False,False,False,False,False
720575940607632579,flow,efferent,1078,400,0.25,0.02,0.1,0.0287569573283859,0.6307977736549165,0.0575139146567718,0.09090909090909091,0.13172541743970315,0.05844155844155844,0.0018552875695732839,False,False,False,False,False,False,False
720575940607632579,flow,efferent,1078,400,0.25,0.01,0.01,0.0287569573283859,0.6307977736549165,0.0575139146567718,0.09090909090909091,0.13172541743970315,0.05844155844155844,0.0018552875695732839,True,True,False,True,False,False,False
720575940607632579,flow,efferent,1078,400,0.25,0.01,0.05,0.0287569573283859,0.6307977736549165,0.0575139146567718,0.09090909090909091,0.13172541743970315,0.05844155844155844,0.0018552875695732839,False,False,False,False,False,False,False
720575940607632579,flow,efferent,1078,400,0.25,0.01,0.1,0.0287569573283859,0.6307977736549165,0.0575139146567718,0.09090909090909091,0.13172541743970315,0.05844155844155844,0.0018552875695732839,False,False,False,False,False,False,False
720575940645537902,flow,efferent,5887,400,0.25,0.14285714285714285,0.01,0.06845591982333957,0.17581110922371326,0.6211992525904535,0.013759130287073212,0.07117377271955155,0.04909121793782911,0.0005095974180397486,True,True,True,False,True,True,False
720575940645537902,flow,efferent,5887,400,0.25,0.14285714285714285,0.05,0.06845591982333957,0.17581110922371326,0.6211992525904535,0.013759130287073212,0.07117377271955155,0.04909121793782911,0.0005095974180397486,False,True,True,False,False,False,False
720575940645537902,flow,efferent,5887,400,0.25,0.14285714285714285,0.1,0.06845591982333957,0.17581110922371326,0.6211992525904535,0.013759130287073212,0.07117377271955155,0.04909121793782911,0.0005095974180397486,False,False,True,False,False,False,False
720575940645537902,flow,efferent,5887,400,0.25,0.04,0.01,0.06845591982333957,0.17581110922371326,0.6211992525904535,0.013759130287073212,0.07117377271955155,0.04909121793782911,0.0005095974180397486,True,True,True,False,False,True,False
720575940645537902,flow,efferent,5887,400,0.25,0.04,0.05,0.06845591982333957,0.17581110922371326,0.6211992525904535,0.013759130287073212,0.07117377271955155,0.04909121793782911,0.0005095974180397486,False,False,True,False,False,False,False
720575940645537902,flow,efferent,5887,400,0.25,0.04,0.1,0.06845591982333957,0.17581110922371326,0.6211992525904535,0.013759130287073212,0.07117377271955155,0.04909121793782911,0.0005095974180397486,False,False,False,False,False,False,False
720575940645537902,flow,efferent,5887,400,0.25,0.02,0.01,0.06845591982333957,0.17581110922371326,0.6211992525904535,0.013759130287073212,0.07117377271955155,0.04909121793782911,0.0005095974180397486,False,True,True,False,False,False,False
720575940645537902,flow,efferent,5887,400,0.25,0.02,0.05,0.06845591982333957,0.17581110922371326,0.6211992525904535,0.013759130287073212,0.07117377271955155,0.04909121793782911,0.0005095974180397486,False,False,False,False,False,False,False
720575940645537902,flow,efferent,5887,400,0.25,0.02,0.1,0.06845591982333957,0.17581110922371326,0.6211992525904535,0.013759130287073212,0.07117377271955155,0.04909121793782911,0.0005095974180397486,False,False,False,False,False,False,False
720575940645537902,flow,efferent,5887,400,0.25,0.01,0.01,0.06845591982333957,0.17581110922371326,0.6211992525904535,0.013759130287073212,0.07117377271955155,0.04909121793782911,0.0005095974180397486,False,False,True,False,False,False,False
720575940645537902,flow,efferent,5887,400,0.25,0.01,0.05,0.06845591982333957,0.17581110922371326,0.6211992525904535,0.013759130287073212,0.07117377271955155,0.04909121793782911,0.0005095974180397486,False,False,False,False,False,False,False
720575940645537902,flow,efferent,5887,400,0.25,0.01,0.1,0.06845591982333957,0.17581110922371326,0.6211992525904535,0.013759130287073212,0.07117377271955155,0.04909121793782911,0.0005095974180397486,False,False,False,False,False,False,False
720575940635640312,flow,efferent,9720,400,0.25,0.14285714285714285,0.01,0.29742798353909466,0.06388888888888888,0.04331275720164609,0.16162551440329218,0.2810699588477366,0.1507201646090535,0.001954732510288066,True,True,True,True,True,True,False
720575940635640312,flow,efferent,9720,400,0.25,0.14285714285714285,0.05,0.29742798353909466,0.06388888888888888,0.04331275720164609,0.16162551440329218,0.2810699588477366,0.1507201646090535,0.001954732510288066,True,False,False,True,False,True,False
720575940635640312,flow,efferent,9720,400,0.25,0.14285714285714285,0.1,0.29742798353909466,0.06388888888888888,0.04331275720164609,0.16162551440329218,0.2810699588477366,0.1507201646090535,0.001954732510288066,True,False,False,True,False,False,False
720575940635640312,flow,efferent,9720,400,0.25,0.04,0.01,0.29742798353909466,0.06388888888888888,0.04331275720164609,0.16162551440329218,0.2810699588477366,0.1507201646090535,0.001954732510288066,True,True,True,True,True,True,False
720575940635640312,flow,efferent,9720,400,0.25,0.04,0.05,0.29742798353909466,0.06388888888888888,0.04331275720164609,0.16162551440329218,0.2810699588477366,0.1507201646090535,0.001954732510288066,True,False,False,True,False,True,False
720575940635640312,flow,efferent,9720,400,0.25,0.04,0.1,0.29742798353909466,0.06388888888888888,0.04331275720164609,0.16162551440329218,0.2810699588477366,0.1507201646090535,0.001954732510288066,True,False,False,False,False,False,False
720575940635640312,flow,efferent,9720,400,0.25,0.02,0.01,0.29742798353909466,0.06388888888888888,0.04331275720164609,0.16162551440329218,0.2810699588477366,0.1507201646090535,0.001954732510288066,True,True,True,True,True,True,False
720575940635640312,flow,efferent,9720,400,0.25,0.02,0.05,0.29742798353909466,0.06388888888888888,0.04331275720164609,0.16162551440329218,0.2810699588477366,0.1507201646090535,0.001954732510288066,True,False,False,False,False,True,False
720575940635640312,flow,efferent,9720,400,0.25,0.02,0.1,0.29742798353909466,0.06388888888888888,0.04331275720164609,0.16162551440329218,0.2810699588477366,0.1507201646090535,0.001954732510288066,True,False,False,False,False,False,False
720575940635640312,flow,efferent,9720,400,0.25,0.01,0.01,0.29742798353909466,0.06388888888888888,0.04331275720164609,0.16162551440329218,0.2810699588477366,0.1507201646090535,0.001954732510288066,True,True,False,True,True,True,False
720575940635640312,flow,efferent,9720,400,0.25,0.01,0.05,0.29742798353909466,0.06388888888888888,0.04331275720164609,0.16162551440329218,0.2810699588477366,0.1507201646090535,0.001954732510288066,True,False,False,False,False,True,False
720575940635640312,flow,efferent,9720,400,0.25,0.01,0.1,0.29742798353909466,0.06388888888888888,0.04331275720164609,0.16162551440329218,0.2810699588477366,0.1507201646090535,0.001954732510288066,True,False,False,False,False,False,False
720575940628796780,flow,efferent,3907,400,0.25,0.14285714285714285,0.01,0.04018428461735347,0.8397747632454569,0.05912464806757103,0.008190427437931917,0.02252367545431277,0.029434348605067828,0.0007678525723061172,True,True,True,False,True,True,False
720575940628796780,flow,efferent,3907,400,0.25,0.14285714285714285,0.05,0.04018428461735347,0.8397747632454569,0.05912464806757103,0.008190427437931917,0.02252367545431277,0.029434348605067828,0.0007678525723061172,False,True,False,False,False,False,False
720575940628796780,flow,efferent,3907,400,0.25,0.14285714285714285,0.1,0.04018428461735347,0.8397747632454569,0.05912464806757103,0.008190427437931917,0.02252367545431277,0.029434348605067828,0.0007678525723061172,False,True,False,False,False,False,False
720575940628796780,flow,efferent,3907,400,0.25,0.04,0.01,0.04018428461735347,0.8397747632454569,0.05912464806757103,0.008190427437931917,0.02252367545431277,0.029434348605067828,0.0007678525723061172,True,True,True,False,False,True,False
720575940628796780,flow,efferent,3907,400,0.25,0.04,0.05,0.04018428461735347,0.8397747632454569,0.05912464806757103,0.008190427437931917,0.02252367545431277,0.029434348605067828,0.0007678525723061172,False,True,False,False,False,False,False
720575940628796780,flow,efferent,3907,400,0.25,0.04,0.1,0.04018428461735347,0.8397747632454569,0.05912464806757103,0.008190427437931917,0.02252367545431277,0.029434348605067828,0.0007678525723061172,False,True,False,False,False,False,False
720575940628796780,flow,efferent,3907,400,0.25,0.02,0.01,0.04018428461735347,0.8397747632454569,0.05912464806757103,0.008190427437931917,0.02252367545431277,0.029434348605067828,0.0007678525723061172,True,True,False,False,False,True,False
720575940628796780,flow,efferent,3907,400,0.25,0.02,0.05,0.04018428461735347,0.8397747632454569,0.05912464806757103,0.008190427437931917,0.02252367545431277,0.029434348605067828,0.0007678525723061172,False,True,False,False,False,False,False
720575940628796780,flow,efferent,3907,400,0.25,0.02,0.1,0.04018428461735347,0.8397747632454569,0.05912464806757103,0.008190427437931917,0.02252367545431277,0.029434348605067828,0.0007678525723061172,False,False,False,False,False,False,False
720575940628796780,flow,efferent,3907,400,0.25,0.01,0.01,0.04018428461735347,0.8397747632454569,0.05912464806757103,0.008190427437931917,0.02252367545431277,0.029434348605067828,0.0007678525723061172,False,True,False,False,False,False,False
720575940628796780,flow,efferent,3907,400,0.25,0.01,0.05,0.04018428461735347,0.8397747632454569,0.05912464806757103,0.008190427437931917,0.02252367545431277,0.029434348605067828,0.0007678525723061172,False,False,False,False,False,False,False
720575940628796780,flow,efferent,3907,400,0.25,0.01,0.1,0.04018428461735347,0.8397747632454569,0.05912464806757103,0.008190427437931917,0.02252367545431277,0.029434348605067828,0.0007678525723061172,False,False,False,False,False,False,False
720575940641832333,flow,efferent,4883,400,0.25,0.14285714285714285,0.01,0.5558058570550891,0.20315379889412247,0.18021707966414088,0.0032766741757116525,0.03153798894122466,0.02518943272578333,0.0008191685439279131,True,True,True,False,False,False,False
720575940641832333,flow,efferent,4883,400,0.25,0.14285714285714285,0.05,0.5558058570550891,0.20315379889412247,0.18021707966414088,0.0032766741757116525,0.03153798894122466,0.02518943272578333,0.0008191685439279131,True,True,True,False,False,False,False
720575940641832333,flow,efferent,4883,400,0.25,0.14285714285714285,0.1,0.5558058570550891,0.20315379889412247,0.18021707966414088,0.0032766741757116525,0.03153798894122466,0.02518943272578333,0.0008191685439279131,True,False,True,False,False,False,False
720575940641832333,flow,efferent,4883,400,0.25,0.04,0.01,0.5558058570550891,0.20315379889412247,0.18021707966414088,0.0032766741757116525,0.03153798894122466,0.02518943272578333,0.0008191685439279131,True,True,True,False,False,False,False
720575940641832333,flow,efferent,4883,400,0.25,0.04,0.05,0.5558058570550891,0.20315379889412247,0.18021707966414088,0.0032766741757116525,0.03153798894122466,0.02518943272578333,0.0008191685439279131,True,False,False,False,False,False,False
720575940641832333,flow,efferent,4883,400,0.25,0.04,0.1,0.5558058570550891,0.20315379889412247,0.18021707966414088,0.0032766741757116525,0.03153798894122466,0.02518943272578333,0.0008191685439279131,True,False,False,False,False,False,False
720575940641832333,flow,efferent,4883,400,0.25,0.02,0.01,0.5558058570550891,0.20315379889412247,0.18021707966414088,0.0032766741757116525,0.03153798894122466,0.02518943272578333,0.0008191685439279131,True,True,True,False,False,False,False
720575940641832333,flow,efferent,4883,400,0.25,0.02,0.05,0.5558058570550891,0.20315379889412247,0.18021707966414088,0.0032766741757116525,0.03153798894122466,0.02518943272578333,0.0008191685439279131,True,False,False,False,False,False,False
720575940641832333,flow,efferent,4883,400,0.25,0.02,0.1,0.5558058570550891,0.20315379889412247,0.18021707966414088,0.0032766741757116525,0.03153798894122466,0.02518943272578333,0.0008191685439279131,False,False,False,False,False,False,False
720575940641832333,flow,efferent,4883,400,0.25,0.01,0.01,0.5558058570550891,0.20315379889412247,0.18021707966414088,0.0032766741757116525,0.03153798894122466,0.02518943272578333,0.0008191685439279131,True,True,True,False,False,False,False
720575940641832333,flow,efferent,4883,400,0.25,0.01,0.05,0.5558058570550891,0.20315379889412247,0.18021707966414088,0.0032766741757116525,0.03153798894122466,0.02518943272578333,0.0008191685439279131,False,False,False,False,False,False,False
720575940641832333,flow,efferent,4883,400,0.25,0.01,0.1,0.5558058570550891,0.20315379889412247,0.18021707966414088,0.0032766741757116525,0.03153798894122466,0.02518943272578333,0.0008191685439279131,False,False,False,False,False,False,False
720575940611644529,flow,efferent,6129,400,0.25,0.14285714285714285,0.01,0.10491107847936042,0.5136237559145048,0.15565345080763582,0.01680535160711372,0.08500571055637135,0.12122695382607276,0.0027736988089410997,True,True,True,False,True,True,False
720575940611644529,flow,efferent,6129,400,0.25,0.14285714285714285,0.05,0.10491107847936042,0.5136237559145048,0.15565345080763582,0.01680535160711372,0.08500571055637135,0.12122695382607276,0.0027736988089410997,True,True,True,False,False,True,False
720575940611644529,flow,efferent,6129,400,0.25,0.14285714285714285,0.1,0.10491107847936042,0.5136237559145048,0.15565345080763582,0.01680535160711372,0.08500571055637135,0.12122695382607276,0.0027736988089410997,False,True,True,False,False,False,False
720575940611644529,flow,efferent,6129,400,0.25,0.04,0.01,0.10491107847936042,0.5136237559145048,0.15565345080763582,0.01680535160711372,0.08500571055637135,0.12122695382607276,0.0027736988089410997,True,True,True,False,True,True,False
720575940611644529,flow,efferent,6129,400,0.25,0.04,0.05,0.10491107847936042,0.5136237559145048,0.15565345080763582,0.01680535160711372,0.08500571055637135,0.12122695382607276,0.0027736988089410997,False,True,False,False,False,False,False
720575940611644529,flow,efferent,6129,400,0.25,0.04,0.1,0.10491107847936042,0.5136237559145048,0.15565345080763582,0.01680535160711372,0.08500571055637135,0.12122695382607276,0.0027736988089410997,False,True,False,False,False,False,False
720575940611644529,flow,efferent,6129,400,0.25,0.02,0.01,0.10491107847936042,0.5136237559145048,0.15565345080763582,0.01680535160711372,0.08500571055637135,0.12122695382607276,0.0027736988089410997,True,True,True,False,True,True,False
720575940611644529,flow,efferent,6129,400,0.25,0.02,0.05,0.10491107847936042,0.5136237559145048,0.15565345080763582,0.01680535160711372,0.08500571055637135,0.12122695382607276,0.0027736988089410997,False,True,False,False,False,False,False
720575940611644529,flow,efferent,6129,400,0.25,0.02,0.1,0.10491107847936042,0.5136237559145048,0.15565345080763582,0.01680535160711372,0.08500571055637135,0.12122695382607276,0.0027736988089410997,False,True,False,False,False,False,False
720575940611644529,flow,efferent,6129,400,0.25,0.01,0.01,0.10491107847936042,0.5136237559145048,0.15565345080763582,0.01680535160711372,0.08500571055637135,0.12122695382607276,0.0027736988089410997,True,True,True,False,False,True,False
720575940611644529,flow,efferent,6129,400,0.25,0.01,0.05,0.10491107847936042,0.5136237559145048,0.15565345080763582,0.01680535160711372,0.08500571055637135,0.12122695382607276,0.0027736988089410997,False,True,False,False,False,False,False
720575940611644529,flow,efferent,6129,400,0.25,0.01,0.1,0.10491107847936042,0.5136237559145048,0.15565345080763582,0.01680535160711372,0.08500571055637135,0.12122695382607276,0.0027736988089410997,False,False,False,False,False,False,False
720575940615692690,flow,efferent,2009,400,0.25,0.14285714285714285,0.01,0.1672473867595819,0.6241911398705824,0.06421105027376804,0.022399203583872575,0.049776007964161276,0.06769537083125933,0.004479840716774514,True,True,True,True,True,True,False
720575940615692690,flow,efferent,2009,400,0.25,0.14285714285714285,0.05,0.1672473867595819,0.6241911398705824,0.06421105027376804,0.022399203583872575,0.049776007964161276,0.06769537083125933,0.004479840716774514,True,True,False,False,False,False,False
720575940615692690,flow,efferent,2009,400,0.25,0.14285714285714285,0.1,0.1672473867595819,0.6241911398705824,0.06421105027376804,0.022399203583872575,0.049776007964161276,0.06769537083125933,0.004479840716774514,True,True,False,False,False,False,False
720575940615692690,flow,efferent,2009,400,0.25,0.04,0.01,0.1672473867595819,0.6241911398705824,0.06421105027376804,0.022399203583872575,0.049776007964161276,0.06769537083125933,0.004479840716774514,True,True,True,False,False,True,False
720575940615692690,flow,efferent,2009,400,0.25,0.04,0.05,0.1672473867595819,0.6241911398705824,0.06421105027376804,0.022399203583872575,0.049776007964161276,0.06769537083125933,0.004479840716774514,True,True,False,False,False,False,False
720575940615692690,flow,efferent,2009,400,0.25,0.04,0.1,0.1672473867595819,0.6241911398705824,0.06421105027376804,0.022399203583872575,0.049776007964161276,0.06769537083125933,0.004479840716774514,True,False,False,False,False,False,False
720575940615692690,flow,efferent,2009,400,0.25,0.02,0.01,0.1672473867595819,0.6241911398705824,0.06421105027376804,0.022399203583872575,0.049776007964161276,0.06769537083125933,0.004479840716774514,True,True,True,False,False,True,False
720575940615692690,flow,efferent,2009,400,0.25,0.02,0.05,0.1672473867595819,0.6241911398705824,0.06421105027376804,0.022399203583872575,0.049776007964161276,0.06769537083125933,0.004479840716774514,True,False,False,False,False,False,False
720575940615692690,flow,efferent,2009,400,0.25,0.02,0.1,0.1672473867595819,0.6241911398705824,0.06421105027376804,0.022399203583872575,0.049776007964161276,0.06769537083125933,0.004479840716774514,True,False,False,False,False,False,False
720575940615692690,flow,efferent,2009,400,0.25,0.01,0.01,0.1672473867595819,0.6241911398705824,0.06421105027376804,0.022399203583872575,0.049776007964161276,0.06769537083125933,0.004479840716774514,True,True,True,False,False,True,False
720575940615692690,flow,efferent,2009,400,0.25,0.01,0.05,0.1672473867595819,0.6241911398705824,0.06421105027376804,0.022399203583872575,0.049776007964161276,0.06769537083125933,0.004479840716774514,True,False,False,False,False,False,False
720575940615692690,flow,efferent,2009,400,0.25,0.01,0.1,0.1672473867595819,0.6241911398705824,0.06421105027376804,0.022399203583872575,0.049776007964161276,0.06769537083125933,0.004479840716774514,True,False,False,False,False,False,False
720575940631333195,flow,efferent,4915,400,0.25,0.14285714285714285,0.01,0.024211597151576805,0.7576805696846388,0.051068158697863686,0.01200406917599186,0.10030518819938962,0.05412004069175992,0.0006103763987792472,False,True,True,False,True,True,False
720575940631333195,flow,efferent,4915,400,0.25,0.14285714285714285,0.05,0.024211597151576805,0.7576805696846388,0.051068158697863686,0.01200406917599186,0.10030518819938962,0.05412004069175992,0.0006103763987792472,False,True,False,False,True,False,False
720575940631333195,flow,efferent,4915,400,0.25,0.14285714285714285,0.1,0.024211597151576805,0.7576805696846388,0.051068158697863686,0.01200406917599186,0.10030518819938962,0.05412004069175992,0.0006103763987792472,False,True,False,False,False,False,False
720575940631333195,flow,efferent,4915,400,0.25,0.04,0.01,0.024211597151576805,0.7576805696846388,0.051068158697863686,0.01200406917599186,0.10030518819938962,0.05412004069175992,0.0006103763987792472,False,True,False,False,True,False,False
720575940631333195,flow,efferent,4915,400,0.25,0.04,0.05,0.024211597151576805,0.7576805696846388,0.051068158697863686,0.01200406917599186,0.10030518819938962,0.05412004069175992,0.0006103763987792472,False,True,False,False,False,False,False
720575940631333195,flow,efferent,4915,400,0.25,0.04,0.1,0.024211597151576805,0.7576805696846388,0.051068158697863686,0.01200406917599186,0.10030518819938962,0.05412004069175992,0.0006103763987792472,False,True,False,False,False,False,False
720575940631333195,flow,efferent,4915,400,0.25,0.02,0.01,0.024211597151576805,0.7576805696846388,0.051068158697863686,0.01200406917599186,0.10030518819938962,0.05412004069175992,0.0006103763987792472,False,True,False,False,False,False,False
720575940631333195,flow,efferent,4915,400,0.25,0.02,0.05,0.024211597151576805,0.7576805696846388,0.051068158697863686,0.01200406917599186,0.10030518819938962,0.05412004069175992,0.0006103763987792472,False,True,False,False,False,False,False
720575940631333195,flow,efferent,4915,400,0.25,0.02,0.1,0.024211597151576805,0.7576805696846388,0.051068158697863686,0.01200406917599186,0.10030518819938962,0.05412004069175992,0.0006103763987792472,False,False,False,False,False,False,False
720575940631333195,flow,efferent,4915,400,0.25,0.01,0.01,0.024211597151576805,0.7576805696846388,0.051068158697863686,0.01200406917599186,0.10030518819938962,0.05412004069175992,0.0006103763987792472,False,True,False,False,False,False,False
720575940631333195,flow,efferent,4915,400,0.25,0.01,0.05,0.024211597151576805,0.7576805696846388,0.051068158697863686,0.01200406917599186,0.10030518819938962,0.05412004069175992,0.0006103763987792472,False,True,False,False,False,False,False
720575940631333195,flow,efferent,4915,400,0.25,0.01,0.1,0.024211597151576805,0.7576805696846388,0.051068158697863686,0.01200406917599186,0.10030518819938962,0.05412004069175992,0.0006103763987792472,False,False,False,False,False,False,False
720575940643539566,flow,efferent,1081,400,0.25,0.14285714285714285,0.01,0.22109158186864014,0.02312673450508788,0.010175763182238668,0.4884366327474561,0.1702127659574468,0.08695652173913043,0.0,True,True,False,True,True,True,
720575940643539566,flow,efferent,1081,400,0.25,0.14285714285714285,0.05,0.22109158186864014,0.02312673450508788,0.010175763182238668,0.4884366327474561,0.1702127659574468,0.08695652173913043,0.0,True,False,False,True,True,True,
720575940643539566,flow,efferent,1081,400,0.25,0.14285714285714285,0.1,0.22109158186864014,0.02312673450508788,0.010175763182238668,0.4884366327474561,0.1702127659574468,0.08695652173913043,0.0,True,False,False,True,False,False,
720575940643539566,flow,efferent,1081,400,0.25,0.04,0.01,0.22109158186864014,0.02312673450508788,0.010175763182238668,0.4884366327474561,0.1702127659574468,0.08695652173913043,0.0,True,True,False,True,True,True,
720575940643539566,flow,efferent,1081,400,0.25,0.04,0.05,0.22109158186864014,0.02312673450508788,0.010175763182238668,0.4884366327474561,0.1702127659574468,0.08695652173913043,0.0,True,False,False,True,True,False,
720575940643539566,flow,efferent,1081,400,0.25,0.04,0.1,0.22109158186864014,0.02312673450508788,0.010175763182238668,0.4884366327474561,0.1702127659574468,0.08695652173913043,0.0,True,False,False,True,False,False,
720575940643539566,flow,efferent,1081,400,0.25,0.02,0.01,0.22109158186864014,0.02312673450508788,0.010175763182238668,0.4884366327474561,0.1702127659574468,0.08695652173913043,0.0,True,False,False,True,True,True,
720575940643539566,flow,efferent,1081,400,0.25,0.02,0.05,0.22109158186864014,0.02312673450508788,0.010175763182238668,0.4884366327474561,0.1702127659574468,0.08695652173913043,0.0,True,False,False,True,False,False,
720575940643539566,flow,efferent,1081,400,0.25,0.02,0.1,0.22109158186864014,0.02312673450508788,0.010175763182238668,0.4884366327474561,0.1702127659574468,0.08695652173913043,0.0,True,False,False,True,False,False,
720575940643539566,flow,efferent,1081,400,0.25,0.01,0.01,0.22109158186864014,0.02312673450508788,0.010175763182238668,0.4884366327474561,0.1702127659574468,0.08695652173913043,0.0,True,False,False,True,True,True,
720575940643539566,flow,efferent,1081,400,0.25,0.01,0.05,0.22109158186864014,0.02312673450508788,0.010175763182238668,0.4884366327474561,0.1702127659574468,0.08695652173913043,0.0,True,False,False,False,False,False,
720575940643539566,flow,efferent,1081,400,0.25,0.01,0.1,0.22109158186864014,0.02312673450508788,0.010175763182238668,0.4884366327474561,0.1702127659574468,0.08695652173913043,0.0,False,False,False,False,False,False,
720575940614185366,flow,efferent,1528,400,0.25,0.14285714285714285,0.01,0.07591623036649214,0.6609947643979057,0.05039267015706806,0.03599476439790576,0.1537958115183246,0.020942408376963352,0.001963350785340314,True,True,True,True,True,False,False
720575940614185366,flow,efferent,1528,400,0.25,0.14285714285714285,0.05,0.07591623036649214,0.6609947643979057,0.05039267015706806,0.03599476439790576,0.1537958115183246,0.020942408376963352,0.001963350785340314,False,True,False,False,True,False,False
720575940614185366,flow,efferent,1528,400,0.25,0.14285714285714285,0.1,0.07591623036649214,0.6609947643979057,0.05039267015706806,0.03599476439790576,0.1537958115183246,0.020942408376963352,0.001963350785340314,False,True,False,False,True,False,False
720575940614185366,flow,efferent,1528,400,0.25,0.04,0.01,0.07591623036649214,0.6609947643979057,0.05039267015706806,0.03599476439790576,0.1537958115183246,0.020942408376963352,0.001963350785340314,True,True,True,True,True,False,False
720575940614185366,flow,efferent,1528,400,0.25,0.04,0.05,0.07591623036649214,0.6609947643979057,0.05039267015706806,0.03599476439790576,0.1537958115183246,0.020942408376963352,0.001963350785340314,False,True,False,False,True,False,False
720575940614185366,flow,efferent,1528,400,0.25,0.04,0.1,0.07591623036649214,0.6609947643979057,0.05039267015706806,0.03599476439790576,0.1537958115183246,0.020942408376963352,0.001963350785340314,False,True,False,False,False,False,False
720575940614185366,flow,efferent,1528,400,0.25,0.02,0.01,0.07591623036649214,0.6609947643979057,0.05039267015706806,0.03599476439790576,0.1537958115183246,0.020942408376963352,0.001963350785340314,True,True,False,True,True,False,False
720575940614185366,flow,efferent,1528,400,0.25,0.02,0.05,0.07591623036649214,0.6609947643979057,0.05039267015706806,0.03599476439790576,0.1537958115183246,0.020942408376963352,0.001963350785340314,False,True,False,False,False,False,False
720575940614185366,flow,efferent,1528,400,0.25,0.02,0.1,0.07591623036649214,0.6609947643979057,0.05039267015706806,0.03599476439790576,0.1537958115183246,0.020942408376963352,0.001963350785340314,False,True,False,False,False,False,False
720575940614185366,flow,efferent,1528,400,0.25,0.01,0.01,0.07591623036649214,0.6609947643979057,0.05039267015706806,0.03599476439790576,0.1537958115183246,0.020942408376963352,0.001963350785340314,True,True,False,True,True,False,False
720575940614185366,flow,efferent,1528,400,0.25,0.01,0.05,0.07591623036649214,0.6609947643979057,0.05039267015706806,0.03599476439790576,0.1537958115183246,0.020942408376963352,0.001963350785340314,False,True,False,False,False,False,False
720575940614185366,flow,efferent,1528,400,0.25,0.01,0.1,0.07591623036649214,0.6609947643979057,0.05039267015706806,0.03599476439790576,0.1537958115183246,0.020942408376963352,0.001963350785340314,False,False,False,False,False,False,False
720575940619582168,flow,efferent,7472,400,0.25,0.14285714285714285,0.01,0.0868576017130621,0.18321734475374732,0.6605995717344754,0.004282655246252677,0.034261241970021415,0.03011241970021413,0.0006691648822269807,True,True,True,False,True,True,False
720575940619582168,flow,efferent,7472,400,0.25,0.14285714285714285,0.05,0.0868576017130621,0.18321734475374732,0.6605995717344754,0.004282655246252677,0.034261241970021415,0.03011241970021413,0.0006691648822269807,False,True,True,False,False,False,False
720575940619582168,flow,efferent,7472,400,0.25,0.14285714285714285,0.1,0.0868576017130621,0.18321734475374732,0.6605995717344754,0.004282655246252677,0.034261241970021415,0.03011241970021413,0.0006691648822269807,False,True,True,False,False,False,False
720575940619582168,flow,efferent,7472,400,0.25,0.04,0.01,0.0868576017130621,0.18321734475374732,0.6605995717344754,0.004282655246252677,0.034261241970021415,0.03011241970021413,0.0006691648822269807,True,True,True,False,False,False,False
720575940619582168,flow,efferent,7472,400,0.25,0.04,0.05,0.0868576017130621,0.18321734475374732,0.6605995717344754,0.004282655246252677,0.034261241970021415,0.03011241970021413,0.0006691648822269807,False,False,True,False,False,False,False
720575940619582168,flow,efferent,7472,400,0.25,0.04,0.1,0.0868576017130621,0.18321734475374732,0.6605995717344754,0.004282655246252677,0.034261241970021415,0.03011241970021413,0.0006691648822269807,False,False,True,False,False,False,False
720575940619582168,flow,efferent,7472,400,0.25,0.02,0.01,0.0868576017130621,0.18321734475374732,0.6605995717344754,0.004282655246252677,0.034261241970021415,0.03011241970021413,0.0006691648822269807,True,True,True,False,False,False,False
720575940619582168,flow,efferent,7472,400,0.25,0.02,0.05,0.0868576017130621,0.18321734475374732,0.6605995717344754,0.004282655246252677,0.034261241970021415,0.03011241970021413,0.0006691648822269807,False,False,True,False,False,False,False
720575940619582168,flow,efferent,7472,400,0.25,0.02,0.1,0.0868576017130621,0.18321734475374732,0.6605995717344754,0.004282655246252677,0.034261241970021415,0.03011241970021413,0.0006691648822269807,False,False,False,False,False,False,False
720575940619582168,flow,efferent,7472,400,0.25,0.01,0.01,0.0868576017130621,0.18321734475374732,0.6605995717344754,0.004282655246252677,0.034261241970021415,0.03011241970021413,0.0006691648822269807,True,True,True,False,False,False,False
720575940619582168,flow,efferent,7472,400,0.25,0.01,0.05,0.0868576017130621,0.18321734475374732,0.6605995717344754,0.004282655246252677,0.034261241970021415,0.03011241970021413,0.0006691648822269807,False,False,False,False,False,False,False
720575940619582168,flow,efferent,7472,400,0.25,0.01,0.1,0.0868576017130621,0.18321734475374732,0.6605995717344754,0.004282655246252677,0.034261241970021415,0.03011241970021413,0.0006691648822269807,False,False,False,False,False,False,False
720575940604783136,flow,efferent,3519,400,0.25,0.14285714285714285,0.01,0.5916453537936914,0.11679454390451834,0.15373685706166523,0.028132992327365727,0.0508667235009946,0.05853935777209435,0.0002841716396703609,True,True,True,True,True,True,
720575940604783136,flow,efferent,3519,400,0.25,0.14285714285714285,0.05,0.5916453537936914,0.11679454390451834,0.15373685706166523,0.028132992327365727,0.0508667235009946,0.05853935777209435,0.0002841716396703609,True,False,True,False,False,False,
720575940604783136,flow,efferent,3519,400,0.25,0.14285714285714285,0.1,0.5916453537936914,0.11679454390451834,0.15373685706166523,0.028132992327365727,0.0508667235009946,0.05853935777209435,0.0002841716396703609,True,False,False,False,False,False,
720575940604783136,flow,efferent,3519,400,0.25,0.04,0.01,0.5916453537936914,0.11679454390451834,0.15373685706166523,0.028132992327365727,0.0508667235009946,0.05853935777209435,0.0002841716396703609,True,True,True,False,False,True,
720575940604783136,flow,efferent,3519,400,0.25,0.04,0.05,0.5916453537936914,0.11679454390451834,0.15373685706166523,0.028132992327365727,0.0508667235009946,0.05853935777209435,0.0002841716396703609,True,False,False,False,False,False,
720575940604783136,flow,efferent,3519,400,0.25,0.04,0.1,0.5916453537936914,0.11679454390451834,0.15373685706166523,0.028132992327365727,0.0508667235009946,0.05853935777209435,0.0002841716396703609,False,False,False,False,False,False,
720575940604783136,flow,efferent,3519,400,0.25,0.02,0.01,0.5916453537936914,0.11679454390451834,0.15373685706166523,0.028132992327365727,0.0508667235009946,0.05853935777209435,0.0002841716396703609,True,True,True,False,False,True,
720575940604783136,flow,efferent,3519,400,0.25,0.02,0.05,0.5916453537936914,0.11679454390451834,0.15373685706166523,0.028132992327365727,0.0508667235009946,0.05853935777209435,0.0002841716396703609,True,False,False,False,False,False,
720575940604783136,flow,efferent,3519,400,0.25,0.02,0.1,0.5916453537936914,0.11679454390451834,0.15373685706166523,0.028132992327365727,0.0508667235009946,0.05853935777209435,0.0002841716396703609,False,False,False,False,False,False,
720575940604783136,flow,efferent,3519,400,0.25,0.01,0.01,0.5916453537936914,0.11679454390451834,0.15373685706166523,0.028132992327365727,0.0508667235009946,0.05853935777209435,0.0002841716396703609,True,True,True,False,False,True,
720575940604783136,flow,efferent,3519,400,0.25,0.01,0.05,0.5916453537936914,0.11679454390451834,0.15373685706166523,0.028132992327365727,0.0508667235009946,0.05853935777209435,0.0002841716396703609,True,False,False,False,False,False,
720575940604783136,flow,efferent,3519,400,0.25,0.01,0.1,0.5916453537936914,0.11679454390451834,0.15373685706166523,0.028132992327365727,0.0508667235009946,0.05853935777209435,0.0002841716396703609,False,False,False,False,False,False,
720575940638088511,flow,efferent,5664,400,0.25,0.14285714285714285,0.01,0.4611581920903955,0.1239406779661017,0.2992584745762712,0.00423728813559322,0.07079802259887005,0.03884180790960452,0.0017655367231638418,True,True,True,False,True,True,False
720575940638088511,flow,efferent,5664,400,0.25,0.14285714285714285,0.05,0.4611581920903955,0.1239406779661017,0.2992584745762712,0.00423728813559322,0.07079802259887005,0.03884180790960452,0.0017655367231638418,True,False,True,False,False,False,False
720575940638088511,flow,efferent,5664,400,0.25,0.14285714285714285,0.1,0.4611581920903955,0.1239406779661017,0.2992584745762712,0.00423728813559322,0.07079802259887005,0.03884180790960452,0.0017655367231638418,True,False,True,False,False,False,False
720575940638088511,flow,efferent,5664,400,0.25,0.04,0.01,0.4611581920903955,0.1239406779661017,0.2992584745762712,0.00423728813559322,0.07079802259887005,0.03884180790960452,0.0017655367231638418,True,True,True,False,False,False,False
720575940638088511,flow,efferent,5664,400,0.25,0.04,0.05,0.4611581920903955,0.1239406779661017,0.2992584745762712,0.00423728813559322,0.07079802259887005,0.03884180790960452,0.0017655367231638418,True,False,True,False,False,False,False
720575940638088511,flow,efferent,5664,400,0.25,0.04,0.1,0.4611581920903955,0.1239406779661017,0.2992584745762712,0.00423728813559322,0.07079802259887005,0.03884180790960452,0.0017655367231638418,False,False,False,False,False,False,False
720575940638088511,flow,efferent,5664,400,0.25,0.02,0.01,0.4611581920903955,0.1239406779661017,0.2992584745762712,0.00423728813559322,0.07079802259887005,0.03884180790960452,0.0017655367231638418,True,True,True,False,False,False,False
720575940638088511,flow,efferent,5664,400,0.25,0.02,0.05,0.4611581920903955,0.1239406779661017,0.2992584745762712,0.00423728813559322,0.07079802259887005,0.03884180790960452,0.0017655367231638418,False,False,False,False,False,False,False
720575940638088511,flow,efferent,5664,400,0.25,0.02,0.1,0.4611581920903955,0.1239406779661017,0.2992584745762712,0.00423728813559322,0.07079802259887005,0.03884180790960452,0.0017655367231638418,False,False,False,False,False,False,False
720575940638088511,flow,efferent,5664,400,0.25,0.01,0.01,0.4611581920903955,0.1239406779661017,0.2992584745762712,0.00423728813559322,0.07079802259887005,0.03884180790960452,0.0017655367231638418,True,True,True,False,False,False,False
720575940638088511,flow,efferent,5664,400,0.25,0.01,0.05,0.4611581920903955,0.1239406779661017,0.2992584745762712,0.00423728813559322,0.07079802259887005,0.03884180790960452,0.0017655367231638418,False,False,False,False,False,False,False
720575940638088511,flow,efferent,5664,400,0.25,0.01,0.1,0.4611581920903955,0.1239406779661017,0.2992584745762712,0.00423728813559322,0.07079802259887005,0.03884180790960452,0.0017655367231638418,False,False,False,False,False,False,False
720575940622161366,flow,efferent,11023,400,0.25,0.14285714285714285,0.01,0.5754331851583053,0.07647645831443346,0.2705252653542593,0.008799782273428286,0.04018869636215187,0.02757869908373401,0.0009979134536877439,True,True,True,False,True,False,False
720575940622161366,flow,efferent,11023,400,0.25,0.14285714285714285,0.05,0.5754331851583053,0.07647645831443346,0.2705252653542593,0.008799782273428286,0.04018869636215187,0.02757869908373401,0.0009979134536877439,True,False,True,False,False,False,False
720575940622161366,flow,efferent,11023,400,0.25,0.14285714285714285,0.1,0.5754331851583053,0.07647645831443346,0.2705252653542593,0.008799782273428286,0.04018869636215187,0.02757869908373401,0.0009979134536877439,True,False,True,False,False,False,False
720575940622161366,flow,efferent,11023,400,0.25,0.04,0.01,0.5754331851583053,0.07647645831443346,0.2705252653542593,0.008799782273428286,0.04018869636215187,0.02757869908373401,0.0009979134536877439,True,False,True,False,False,False,False
720575940622161366,flow,efferent,11023,400,0.25,0.04,0.05,0.5754331851583053,0.07647645831443346,0.2705252653542593,0.008799782273428286,0.04018869636215187,0.02757869908373401,0.0009979134536877439,True,False,False,False,False,False,False
720575940622161366,flow,efferent,11023,400,0.25,0.04,0.1,0.5754331851583053,0.07647645831443346,0.2705252653542593,0.008799782273428286,0.04018869636215187,0.02757869908373401,0.0009979134536877439,True,False,False,False,False,False,False
720575940622161366,flow,efferent,11023,400,0.25,0.02,0.01,0.5754331851583053,0.07647645831443346,0.2705252653542593,0.008799782273428286,0.04018869636215187,0.02757869908373401,0.0009979134536877439,True,False,True,False,False,False,False
720575940622161366,flow,efferent,11023,400,0.25,0.02,0.05,0.5754331851583053,0.07647645831443346,0.2705252653542593,0.008799782273428286,0.04018869636215187,0.02757869908373401,0.0009979134536877439,True,False,False,False,False,False,False
720575940622161366,flow,efferent,11023,400,0.25,0.02,0.1,0.5754331851583053,0.07647645831443346,0.2705252653542593,0.008799782273428286,0.04018869636215187,0.02757869908373401,0.0009979134536877439,False,False,False,False,False,False,False
720575940622161366,flow,efferent,11023,400,0.25,0.01,0.01,0.5754331851583053,0.07647645831443346,0.2705252653542593,0.008799782273428286,0.04018869636215187,0.02757869908373401,0.0009979134536877439,True,False,True,False,False,False,False
720575940622161366,flow,efferent,11023,400,0.25,0.01,0.05,0.5754331851583053,0.07647645831443346,0.2705252653542593,0.008799782273428286,0.04018869636215187,0.02757869908373401,0.0009979134536877439,True,False,False,False,False,False,False
720575940622161366,flow,efferent,11023,400,0.25,0.01,0.1,0.5754331851583053,0.07647645831443346,0.2705252653542593,0.008799782273428286,0.04018869636215187,0.02757869908373401,0.0009979134536877439,False,False,False,False,False,False,False
720575940624394498,flow,efferent,945,400,0.25,0.14285714285714285,0.01,0.030687830687830688,0.6645502645502646,0.12063492063492064,0.09841269841269841,0.08042328042328042,0.005291005291005291,0.0,True,True,True,True,True,False,
720575940624394498,flow,efferent,945,400,0.25,0.14285714285714285,0.05,0.030687830687830688,0.6645502645502646,0.12063492063492064,0.09841269841269841,0.08042328042328042,0.005291005291005291,0.0,False,True,True,True,False,False,
720575940624394498,flow,efferent,945,400,0.25,0.14285714285714285,0.1,0.030687830687830688,0.6645502645502646,0.12063492063492064,0.09841269841269841,0.08042328042328042,0.005291005291005291,0.0,False,True,False,False,False,False,
720575940624394498,flow,efferent,945,400,0.25,0.04,0.01,0.030687830687830688,0.6645502645502646,0.12063492063492064,0.09841269841269841,0.08042328042328042,0.005291005291005291,0.0,True,True,True,True,True,False,
720575940624394498,flow,efferent,945,400,0.25,0.04,0.05,0.030687830687830688,0.6645502645502646,0.12063492063492064,0.09841269841269841,0.08042328042328042,0.005291005291005291,0.0,False,True,False,True,False,False,
720575940624394498,flow,efferent,945,400,0.25,0.04,0.1,0.030687830687830688,0.6645502645502646,0.12063492063492064,0.09841269841269841,0.08042328042328042,0.005291005291005291,0.0,False,False,False,False,False,False,
720575940624394498,flow,efferent,945,400,0.25,0.02,0.01,0.030687830687830688,0.6645502645502646,0.12063492063492064,0.09841269841269841,0.08042328042328042,0.005291005291005291,0.0,True,True,True,True,False,False,
720575940624394498,flow,efferent,945,400,0.25,0.02,0.05,0.030687830687830688,0.6645502645502646,0.12063492063492064,0.09841269841269841,0.08042328042328042,0.005291005291005291,0.0,False,True,False,True,False,False,
720575940624394498,flow,efferent,945,400,0.25,0.02,0.1,0.030687830687830688,0.6645502645502646,0.12063492063492064,0.09841269841269841,0.08042328042328042,0.005291005291005291,0.0,False,False,False,False,False,False,
720575940624394498,flow,efferent,945,400,0.25,0.01,0.01,0.030687830687830688,0.6645502645502646,0.12063492063492064,0.09841269841269841,0.08042328042328042,0.005291005291005291,0.0,True,True,True,True,False,False,
720575940624394498,flow,efferent,945,400,0.25,0.01,0.05,0.030687830687830688,0.6645502645502646,0.12063492063492064,0.09841269841269841,0.08042328042328042,0.005291005291005291,0.0,False,False,False,True,False,False,
720575940624394498,flow,efferent,945,400,0.25,0.01,0.1,0.030687830687830688,0.6645502645502646,0.12063492063492064,0.09841269841269841,0.08042328042328042,0.005291005291005291,0.0,False,False,False,False,False,False,
720575940652104694,flow,efferent,2082,400,0.25,0.14285714285714285,0.01,0.5365033621517772,0.09750240153698367,0.22478386167146974,0.013448607108549471,0.09462055715658022,0.03218059558117195,0.0009606147934678194,True,True,True,False,True,True,False
720575940652104694,flow,efferent,2082,400,0.25,0.14285714285714285,0.05,0.5365033621517772,0.09750240153698367,0.22478386167146974,0.013448607108549471,0.09462055715658022,0.03218059558117195,0.0009606147934678194,True,False,True,False,False,False,False
720575940652104694,flow,efferent,2082,400,0.25,0.14285714285714285,0.1,0.5365033621517772,0.09750240153698367,0.22478386167146974,0.013448607108549471,0.09462055715658022,0.03218059558117195,0.0009606147934678194,True,False,True,False,False,False,False
720575940652104694,flow,efferent,2082,400,0.25,0.04,0.01,0.5365033621517772,0.09750240153698367,0.22478386167146974,0.013448607108549471,0.09462055715658022,0.03218059558117195,0.0009606147934678194,True,True,True,False,False,False,False
720575940652104694,flow,efferent,2082,400,0.25,0.04,0.05,0.5365033621517772,0.09750240153698367,0.22478386167146974,0.013448607108549471,0.09462055715658022,0.03218059558117195,0.0009606147934678194,True,False,False,False,False,False,False
720575940652104694,flow,efferent,2082,400,0.25,0.04,0.1,0.5365033621517772,0.09750240153698367,0.22478386167146974,0.013448607108549471,0.09462055715658022,0.03218059558117195,0.0009606147934678194,True,False,False,False,False,False,False
720575940652104694,flow,efferent,2082,400,0.25,0.02,0.01,0.5365033621517772,0.09750240153698367,0.22478386167146974,0.013448607108549471,0.09462055715658022,0.03218059558117195,0.0009606147934678194,True,True,True,False,False,False,False
720575940652104694,flow,efferent,2082,400,0.25,0.02,0.05,0.5365033621517772,0.09750240153698367,0.22478386167146974,0.013448607108549471,0.09462055715658022,0.03218059558117195,0.0009606147934678194,True,False,False,False,False,False,False
720575940652104694,flow,efferent,2082,400,0.25,0.02,0.1,0.5365033621517772,0.09750240153698367,0.22478386167146974,0.013448607108549471,0.09462055715658022,0.03218059558117195,0.0009606147934678194,False,False,False,False,False,False,False
720575940652104694,flow,efferent,2082,400,0.25,0.01,0.01,0.5365033621517772,0.09750240153698367,0.22478386167146974,0.013448607108549471,0.09462055715658022,0.03218059558117195,0.0009606147934678194,True,True,True,False,False,False,False
720575940652104694,flow,efferent,2082,400,0.25,0.01,0.05,0.5365033621517772,0.09750240153698367,0.22478386167146974,0.013448607108549471,0.09462055715658022,0.03218059558117195,0.0009606147934678194,True,False,False,False,False,False,False
720575940652104694,flow,efferent,2082,400,0.25,0.01,0.1,0.5365033621517772,0.09750240153698367,0.22478386167146974,0.013448607108549471,0.09462055715658022,0.03218059558117195,0.0009606147934678194,False,False,False,False,False,False,False
720575940613850262,flow,efferent,2984,400,0.25,0.14285714285714285,0.01,0.24564343163538874,0.0,0.0010053619302949062,0.6806300268096515,0.03920911528150134,0.03351206434316354,0.0,True,,False,True,True,True,
720575940613850262,flow,efferent,2984,400,0.25,0.14285714285714285,0.05,0.24564343163538874,0.0,0.0010053619302949062,0.6806300268096515,0.03920911528150134,0.03351206434316354,0.0,True,,False,True,False,False,
720575940613850262,flow,efferent,2984,400,0.25,0.14285714285714285,0.1,0.24564343163538874,0.0,0.0010053619302949062,0.6806300268096515,0.03920911528150134,0.03351206434316354,0.0,True,,False,True,False,False,
720575940613850262,flow,efferent,2984,400,0.25,0.04,0.01,0.24564343163538874,0.0,0.0010053619302949062,0.6806300268096515,0.03920911528150134,0.03351206434316354,0.0,True,,False,True,True,False,
720575940613850262,flow,efferent,2984,400,0.25,0.04,0.05,0.24564343163538874,0.0,0.0010053619302949062,0.6806300268096515,0.03920911528150134,0.03351206434316354,0.0,True,,False,True,False,False,
720575940613850262,flow,efferent,2984,400,0.25,0.04,0.1,0.24564343163538874,0.0,0.0010053619302949062,0.6806300268096515,0.03920911528150134,0.03351206434316354,0.0,False,,False,True,False,False,
720575940613850262,flow,efferent,2984,400,0.25,0.02,0.01,0.24564343163538874,0.0,0.0010053619302949062,0.6806300268096515,0.03920911528150134,0.03351206434316354,0.0,True,,False,True,True,False,
720575940613850262,flow,efferent,2984,400,0.25,0.02,0.05,0.24564343163538874,0.0,0.0010053619302949062,0.6806300268096515,0.03920911528150134,0.03351206434316354,0.0,False,,False,True,False,False,
720575940613850262,flow,efferent,2984,400,0.25,0.02,0.1,0.24564343163538874,0.0,0.0010053619302949062,0.6806300268096515,0.03920911528150134,0.03351206434316354,0.0,False,,False,False,False,False,
720575940613850262,flow,efferent,2984,400,0.25,0.01,0.01,0.24564343163538874,0.0,0.0010053619302949062,0.6806300268096515,0.03920911528150134,0.03351206434316354,0.0,True,,False,True,False,False,
720575940613850262,flow,efferent,2984,400,0.25,0.01,0.05,0.24564343163538874,0.0,0.0010053619302949062,0.6806300268096515,0.03920911528150134,0.03351206434316354,0.0,False,,False,False,False,False,
720575940613850262,flow,efferent,2984,400,0.25,0.01,0.1,0.24564343163538874,0.0,0.0010053619302949062,0.6806300268096515,0.03920911528150134,0.03351206434316354,0.0,False,,False,False,False,False,
720575940632574946,flow,efferent,1333,400,0.25,0.14285714285714285,0.01,0.1485371342835709,0.7036759189797449,0.04426106526631658,0.006751687921980495,0.0345086271567892,0.05926481620405101,0.003000750187546887,True,True,True,False,False,True,False
720575940632574946,flow,efferent,1333,400,0.25,0.14285714285714285,0.05,0.1485371342835709,0.7036759189797449,0.04426106526631658,0.006751687921980495,0.0345086271567892,0.05926481620405101,0.003000750187546887,True,True,False,False,False,False,False
720575940632574946,flow,efferent,1333,400,0.25,0.14285714285714285,0.1,0.1485371342835709,0.7036759189797449,0.04426106526631658,0.006751687921980495,0.0345086271567892,0.05926481620405101,0.003000750187546887,False,True,False,False,False,False,False
720575940632574946,flow,efferent,1333,400,0.25,0.04,0.01,0.1485371342835709,0.7036759189797449,0.04426106526631658,0.006751687921980495,0.0345086271567892,0.05926481620405101,0.003000750187546887,True,True,True,False,False,True,False
720575940632574946,flow,efferent,1333,400,0.25,0.04,0.05,0.1485371342835709,0.7036759189797449,0.04426106526631658,0.006751687921980495,0.0345086271567892,0.05926481620405101,0.003000750187546887,True,True,False,False,False,False,False
720575940632574946,flow,efferent,1333,400,0.25,0.04,0.1,0.1485371342835709,0.7036759189797449,0.04426106526631658,0.006751687921980495,0.0345086271567892,0.05926481620405101,0.003000750187546887,False,True,False,False,False,False,False
720575940632574946,flow,efferent,1333,400,0.25,0.02,0.01,0.1485371342835709,0.7036759189797449,0.04426106526631658,0.006751687921980495,0.0345086271567892,0.05926481620405101,0.003000750187546887,True,True,True,False,False,True,False
720575940632574946,flow,efferent,1333,400,0.25,0.02,0.05,0.1485371342835709,0.7036759189797449,0.04426106526631658,0.006751687921980495,0.0345086271567892,0.05926481620405101,0.003000750187546887,True,True,False,False,False,False,False
720575940632574946,flow,efferent,1333,400,0.25,0.02,0.1,0.1485371342835709,0.7036759189797449,0.04426106526631658,0.006751687921980495,0.0345086271567892,0.05926481620405101,0.003000750187546887,False,True,False,False,False,False,False
720575940632574946,flow,efferent,1333,400,0.25,0.01,0.01,0.1485371342835709,0.7036759189797449,0.04426106526631658,0.006751687921980495,0.0345086271567892,0.05926481620405101,0.003000750187546887,True,True,False,False,False,True,False
720575940632574946,flow,efferent,1333,400,0.25,0.01,0.05,0.1485371342835709,0.7036759189797449,0.04426106526631658,0.006751687921980495,0.0345086271567892,0.05926481620405101,0.003000750187546887,True,True,False,False,False,False,False
720575940632574946,flow,efferent,1333,400,0.25,0.01,0.1,0.1485371342835709,0.7036759189797449,0.04426106526631658,0.006751687921980495,0.0345086271567892,0.05926481620405101,0.003000750187546887,False,False,False,False,False,False,False
720575940618427156,flow,efferent,852,400,0.25,0.14285714285714285,0.01,0.18192488262910797,0.4706572769953052,0.09741784037558686,0.02699530516431925,0.11150234741784038,0.11032863849765258,0.0011737089201877935,True,True,True,True,True,True,
720575940618427156,flow,efferent,852,400,0.25,0.14285714285714285,0.05,0.18192488262910797,0.4706572769953052,0.09741784037558686,0.02699530516431925,0.11150234741784038,0.11032863849765258,0.0011737089201877935,True,True,False,False,False,False,
720575940618427156,flow,efferent,852,400,0.25,0.14285714285714285,0.1,0.18192488262910797,0.4706572769953052,0.09741784037558686,0.02699530516431925,0.11150234741784038,0.11032863849765258,0.0011737089201877935,True,True,False,False,False,False,
720575940618427156,flow,efferent,852,400,0.25,0.04,0.01,0.18192488262910797,0.4706572769953052,0.09741784037558686,0.02699530516431925,0.11150234741784038,0.11032863849765258,0.0011737089201877935,True,True,True,True,True,True,
720575940618427156,flow,efferent,852,400,0.25,0.04,0.05,0.18192488262910797,0.4706572769953052,0.09741784037558686,0.02699530516431925,0.11150234741784038,0.11032863849765258,0.0011737089201877935,True,True,False,False,False,False,
720575940618427156,flow,efferent,852,400,0.25,0.04,0.1,0.18192488262910797,0.4706572769953052,0.09741784037558686,0.02699530516431925,0.11150234741784038,0.11032863849765258,0.0011737089201877935,True,True,False,False,False,False,
720575940618427156,flow,efferent,852,400,0.25,0.02,0.01,0.18192488262910797,0.4706572769953052,0.09741784037558686,0.02699530516431925,0.11150234741784038,0.11032863849765258,0.0011737089201877935,True,True,False,False,True,True,
720575940618427156,flow,efferent,852,400,0.25,0.02,0.05,0.18192488262910797,0.4706572769953052,0.09741784037558686,0.02699530516431925,0.11150234741784038,0.11032863849765258,0.0011737089201877935,True,True,False,False,False,False,
720575940618427156,flow,efferent,852,400,0.25,0.02,0.1,0.18192488262910797,0.4706572769953052,0.09741784037558686,0.02699530516431925,0.11150234741784038,0.11032863849765258,0.0011737089201877935,True,False,False,False,False,False,
720575940618427156,flow,efferent,852,400,0.25,0.01,0.01,0.18192488262910797,0.4706572769953052,0.09741784037558686,0.02699530516431925,0.11150234741784038,0.11032863849765258,0.0011737089201877935,True,True,False,False,True,True,
720575940618427156,flow,efferent,852,400,0.25,0.01,0.05,0.18192488262910797,0.4706572769953052,0.09741784037558686,0.02699530516431925,0.11150234741784038,0.11032863849765258,0.0011737089201877935,True,True,False,False,False,False,
720575940618427156,flow,efferent,852,400,0.25,0.01,0.1,0.18192488262910797,0.4706572769953052,0.09741784037558686,0.02699530516431925,0.11150234741784038,0.11032863849765258,0.0011737089201877935,True,False,False,False,False,False,
720575940614403178,flow,efferent,7367,400,0.25,0.14285714285714285,0.01,0.023075878919505903,0.8787837654404778,0.03284919234423782,0.0035292520700420794,0.02524772634722411,0.03542826116465318,0.0010859237138591013,True,True,True,False,True,True,False
720575940614403178,flow,efferent,7367,400,0.25,0.14285714285714285,0.05,0.023075878919505903,0.8787837654404778,0.03284919234423782,0.0035292520700420794,0.02524772634722411,0.03542826116465318,0.0010859237138591013,False,True,False,False,False,False,False
720575940614403178,flow,efferent,7367,400,0.25,0.14285714285714285,0.1,0.023075878919505903,0.8787837654404778,0.03284919234423782,0.0035292520700420794,0.02524772634722411,0.03542826116465318,0.0010859237138591013,False,True,False,False,False,False,False
720575940614403178,flow,efferent,7367,400,0.25,0.04,0.01,0.023075878919505903,0.8787837654404778,0.03284919234423782,0.0035292520700420794,0.02524772634722411,0.03542826116465318,0.0010859237138591013,False,True,False,False,False,False,False
720575940614403178,flow,efferent,7367,400,0.25,0.04,0.05,0.023075878919505903,0.8787837654404778,0.03284919234423782,0.0035292520700420794,0.02524772634722411,0.03542826116465318,0.0010859237138591013,False,True,False,False,False,False,False
720575940614403178,flow,efferent,7367,400,0.25,0.04,0.1,0.023075878919505903,0.8787837654404778,0.03284919234423782,0.0035292520700420794,0.02524772634722411,0.03542826116465318,0.0010859237138591013,False,True,False,False,False,False,False
720575940614403178,flow,efferent,7367,400,0.25,0.02,0.01,0.023075878919505903,0.8787837654404778,0.03284919234423782,0.0035292520700420794,0.02524772634722411,0.03542826116465318,0.0010859237138591013,False,True,False,False,False,False,False
720575940614403178,flow,efferent,7367,400,0.25,0.02,0.05,0.023075878919505903,0.8787837654404778,0.03284919234423782,0.0035292520700420794,0.02524772634722411,0.03542826116465318,0.0010859237138591013,False,True,False,False,False,False,False
720575940614403178,flow,efferent,7367,400,0.25,0.02,0.1,0.023075878919505903,0.8787837654404778,0.03284919234423782,0.0035292520700420794,0.02524772634722411,0.03542826116465318,0.0010859237138591013,False,False,False,False,False,False,False
720575940614403178,flow,efferent,7367,400,0.25,0.01,0.01,0.023075878919505903,0.8787837654404778,0.03284919234423782,0.0035292520700420794,0.02524772634722411,0.03542826116465318,0.0010859237138591013,False,True,False,False,False,False,False
720575940614403178,flow,efferent,7367,400,0.25,0.01,0.05,0.023075878919505903,0.8787837654404778,0.03284919234423782,0.0035292520700420794,0.02524772634722411,0.03542826116465318,0.0010859237138591013,False,False,False,False,False,False,False
720575940614403178,flow,efferent,7367,400,0.25,0.01,0.1,0.023075878919505903,0.8787837654404778,0.03284919234423782,0.0035292520700420794,0.02524772634722411,0.03542826116465318,0.0010859237138591013,False,False,False,False,False,False,False
720575940629777018,flow,efferent,7273,400,0.25,0.14285714285714285,0.01,0.16018149319400524,0.4574453457995325,0.13804482331912554,0.09473394747696962,0.10037123607864705,0.044410834593702736,0.004812319538017324,True,True,True,True,True,True,False
720575940629777018,flow,efferent,7273,400,0.25,0.14285714285714285,0.05,0.16018149319400524,0.4574453457995325,0.13804482331912554,0.09473394747696962,0.10037123607864705,0.044410834593702736,0.004812319538017324,True,True,True,True,False,False,False
720575940629777018,flow,efferent,7273,400,0.25,0.14285714285714285,0.1,0.16018149319400524,0.4574453457995325,0.13804482331912554,0.09473394747696962,0.10037123607864705,0.044410834593702736,0.004812319538017324,False,True,False,False,False,False,False
720575940629777018,flow,efferent,7273,400,0.25,0.04,0.01,0.16018149319400524,0.4574453457995325,0.13804482331912554,0.09473394747696962,0.10037123607864705,0.044410834593702736,0.004812319538017324,True,True,True,True,True,False,False
720575940629777018,flow,efferent,7273,400,0.25,0.04,0.05,0.16018149319400524,0.4574453457995325,0.13804482331912554,0.09473394747696962,0.10037123607864705,0.044410834593702736,0.004812319538017324,True,True,False,False,False,False,False
720575940629777018,flow,efferent,7273,400,0.25,0.04,0.1,0.16018149319400524,0.4574453457995325,0.13804482331912554,0.09473394747696962,0.10037123607864705,0.044410834593702736,0.004812319538017324,False,False,False,False,False,False,False
720575940629777018,flow,efferent,7273,400,0.25,0.02,0.01,0.16018149319400524,0.4574453457995325,0.13804482331912554,0.09473394747696962,0.10037123607864705,0.044410834593702736,0.004812319538017324,True,True,True,True,True,False,False
720575940629777018,flow,efferent,7273,400,0.25,0.02,0.05,0.16018149319400524,0.4574453457995325,0.13804482331912554,0.09473394747696962,0.10037123607864705,0.044410834593702736,0.004812319538017324,True,True,False,False,False,False,False
720575940629777018,flow,efferent,7273,400,0.25,0.02,0.1,0.16018149319400524,0.4574453457995325,0.13804482331912554,0.09473394747696962,0.10037123607864705,0.044410834593702736,0.004812319538017324,False,False,False,False,False,False,False
720575940629777018,flow,efferent,7273,400,0.25,0.01,0.01,0.16018149319400524,0.4574453457995325,0.13804482331912554,0.09473394747696962,0.10037123607864705,0.044410834593702736,0.004812319538017324,True,True,False,False,False,False,False
720575940629777018,flow,efferent,7273,400,0.25,0.01,0.05,0.16018149319400524,0.4574453457995325,0.13804482331912554,0.09473394747696962,0.10037123607864705,0.044410834593702736,0.004812319538017324,True,False,False,False,False,False,False
720575940629777018,flow,efferent,7273,400,0.25,0.01,0.1,0.16018149319400524,0.4574453457995325,0.13804482331912554,0.09473394747696962,0.10037123607864705,0.044410834593702736,0.004812319538017324,False,False,False,False,False,False,False
720575940610872014,flow,efferent,4501,400,0.25,0.14285714285714285,0.01,0.04532326149744501,0.8429237947122862,0.033325927571650746,0.004443457009553432,0.03776938458120418,0.03532548322594979,0.0008886914019106865,True,True,True,False,False,True,False
720575940610872014,flow,efferent,4501,400,0.25,0.14285714285714285,0.05,0.04532326149744501,0.8429237947122862,0.033325927571650746,0.004443457009553432,0.03776938458120418,0.03532548322594979,0.0008886914019106865,False,True,False,False,False,False,False
720575940610872014,flow,efferent,4501,400,0.25,0.14285714285714285,0.1,0.04532326149744501,0.8429237947122862,0.033325927571650746,0.004443457009553432,0.03776938458120418,0.03532548322594979,0.0008886914019106865,False,True,False,False,False,False,False
720575940610872014,flow,efferent,4501,400,0.25,0.04,0.01,0.04532326149744501,0.8429237947122862,0.033325927571650746,0.004443457009553432,0.03776938458120418,0.03532548322594979,0.0008886914019106865,True,True,False,False,False,False,False
720575940610872014,flow,efferent,4501,400,0.25,0.04,0.05,0.04532326149744501,0.8429237947122862,0.033325927571650746,0.004443457009553432,0.03776938458120418,0.03532548322594979,0.0008886914019106865,False,True,False,False,False,False,False
720575940610872014,flow,efferent,4501,400,0.25,0.04,0.1,0.04532326149744501,0.8429237947122862,0.033325927571650746,0.004443457009553432,0.03776938458120418,0.03532548322594979,0.0008886914019106865,False,True,False,False,False,False,False
720575940610872014,flow,efferent,4501,400,0.25,0.02,0.01,0.04532326149744501,0.8429237947122862,0.033325927571650746,0.004443457009553432,0.03776938458120418,0.03532548322594979,0.0008886914019106865,True,True,False,False,False,False,False
720575940610872014,flow,efferent,4501,400,0.25,0.02,0.05,0.04532326149744501,0.8429237947122862,0.033325927571650746,0.004443457009553432,0.03776938458120418,0.03532548322594979,0.0008886914019106865,False,True,False,False,False,False,False
720575940610872014,flow,efferent,4501,400,0.25,0.02,0.1,0.04532326149744501,0.8429237947122862,0.033325927571650746,0.004443457009553432,0.03776938458120418,0.03532548322594979,0.0008886914019106865,False,False,False,False,False,False,False
720575940610872014,flow,efferent,4501,400,0.25,0.01,0.01,0.04532326149744501,0.8429237947122862,0.033325927571650746,0.004443457009553432,0.03776938458120418,0.03532548322594979,0.0008886914019106865,True,True,False,False,False,False,False
720575940610872014,flow,efferent,4501,400,0.25,0.01,0.05,0.04532326149744501,0.8429237947122862,0.033325927571650746,0.004443457009553432,0.03776938458120418,0.03532548322594979,0.0008886914019106865,False,True,False,False,False,False,False
720575940610872014,flow,efferent,4501,400,0.25,0.01,0.1,0.04532326149744501,0.8429237947122862,0.033325927571650746,0.004443457009553432,0.03776938458120418,0.03532548322594979,0.0008886914019106865,False,False,False,False,False,False,False
720575940617917396,flow,efferent,8805,400,0.25,0.14285714285714285,0.01,0.02986939239068711,0.8089721749006247,0.032708688245315164,0.014310051107325384,0.07359454855195911,0.0400908574673481,0.00045428733674048835,True,True,True,True,True,True,False
720575940617917396,flow,efferent,8805,400,0.25,0.14285714285714285,0.05,0.02986939239068711,0.8089721749006247,0.032708688245315164,0.014310051107325384,0.07359454855195911,0.0400908574673481,0.00045428733674048835,False,True,False,False,False,False,False
720575940617917396,flow,efferent,8805,400,0.25,0.14285714285714285,0.1,0.02986939239068711,0.8089721749006247,0.032708688245315164,0.014310051107325384,0.07359454855195911,0.0400908574673481,0.00045428733674048835,False,True,False,False,False,False,False
720575940617917396,flow,efferent,8805,400,0.25,0.04,0.01,0.02986939239068711,0.8089721749006247,0.032708688245315164,0.014310051107325384,0.07359454855195911,0.0400908574673481,0.00045428733674048835,False,True,True,False,True,False,False
720575940617917396,flow,efferent,8805,400,0.25,0.04,0.05,0.02986939239068711,0.8089721749006247,0.032708688245315164,0.014310051107325384,0.07359454855195911,0.0400908574673481,0.00045428733674048835,False,True,False,False,False,False,False
720575940617917396,flow,efferent,8805,400,0.25,0.04,0.1,0.02986939239068711,0.8089721749006247,0.032708688245315164,0.014310051107325384,0.07359454855195911,0.0400908574673481,0.00045428733674048835,False,True,False,False,False,False,False
720575940617917396,flow,efferent,8805,400,0.25,0.02,0.01,0.02986939239068711,0.8089721749006247,0.032708688245315164,0.014310051107325384,0.07359454855195911,0.0400908574673481,0.00045428733674048835,False,True,False,False,True,False,False
720575940617917396,flow,efferent,8805,400,0.25,0.02,0.05,0.02986939239068711,0.8089721749006247,0.032708688245315164,0.014310051107325384,0.07359454855195911,0.0400908574673481,0.00045428733674048835,False,True,False,False,False,False,False
720575940617917396,flow,efferent,8805,400,0.25,0.02,0.1,0.02986939239068711,0.8089721749006247,0.032708688245315164,0.014310051107325384,0.07359454855195911,0.0400908574673481,0.00045428733674048835,False,False,False,False,False,False,False
720575940617917396,flow,efferent,8805,400,0.25,0.01,0.01,0.02986939239068711,0.8089721749006247,0.032708688245315164,0.014310051107325384,0.07359454855195911,0.0400908574673481,0.00045428733674048835,False,True,False,False,False,False,False
720575940617917396,flow,efferent,8805,400,0.25,0.01,0.05,0.02986939239068711,0.8089721749006247,0.032708688245315164,0.014310051107325384,0.07359454855195911,0.0400908574673481,0.00045428733674048835,False,True,False,False,False,False,False
720575940617917396,flow,efferent,8805,400,0.25,0.01,0.1,0.02986939239068711,0.8089721749006247,0.032708688245315164,0.014310051107325384,0.07359454855195911,0.0400908574673481,0.00045428733674048835,False,False,False,False,False,False,False
720575940635210603,flow,efferent,5003,400,0.25,0.14285714285714285,0.01,0.04737157705376774,0.7561463122126724,0.07075754547271637,0.00779532280631621,0.043573855686588045,0.07135718568858684,0.0029982010793523886,True,True,True,False,True,True,False
720575940635210603,flow,efferent,5003,400,0.25,0.14285714285714285,0.05,0.04737157705376774,0.7561463122126724,0.07075754547271637,0.00779532280631621,0.043573855686588045,0.07135718568858684,0.0029982010793523886,False,True,False,False,False,False,False
720575940635210603,flow,efferent,5003,400,0.25,0.14285714285714285,0.1,0.04737157705376774,0.7561463122126724,0.07075754547271637,0.00779532280631621,0.043573855686588045,0.07135718568858684,0.0029982010793523886,False,True,False,False,False,False,False
720575940635210603,flow,efferent,5003,400,0.25,0.04,0.01,0.04737157705376774,0.7561463122126724,0.07075754547271637,0.00779532280631621,0.043573855686588045,0.07135718568858684,0.0029982010793523886,True,True,True,False,False,True,False
720575940635210603,flow,efferent,5003,400,0.25,0.04,0.05,0.04737157705376774,0.7561463122126724,0.07075754547271637,0.00779532280631621,0.043573855686588045,0.07135718568858684,0.0029982010793523886,False,True,False,False,False,False,False
720575940635210603,flow,efferent,5003,400,0.25,0.04,0.1,0.04737157705376774,0.7561463122126724,0.07075754547271637,0.00779532280631621,0.043573855686588045,0.07135718568858684,0.0029982010793523886,False,True,False,False,False,False,False
720575940635210603,flow,efferent,5003,400,0.25,0.02,0.01,0.04737157705376774,0.7561463122126724,0.07075754547271637,0.00779532280631621,0.043573855686588045,0.07135718568858684,0.0029982010793523886,True,True,False,False,False,True,False
720575940635210603,flow,efferent,5003,400,0.25,0.02,0.05,0.04737157705376774,0.7561463122126724,0.07075754547271637,0.00779532280631621,0.043573855686588045,0.07135718568858684,0.0029982010793523886,False,True,False,False,False,False,False
720575940635210603,flow,efferent,5003,400,0.25,0.02,0.1,0.04737157705376774,0.7561463122126724,0.07075754547271637,0.00779532280631621,0.043573855686588045,0.07135718568858684,0.0029982010793523886,False,False,False,False,False,False,False
720575940635210603,flow,efferent,5003,400,0.25,0.01,0.01,0.04737157705376774,0.7561463122126724,0.07075754547271637,0.00779532280631621,0.043573855686588045,0.07135718568858684,0.0029982010793523886,True,True,False,False,False,False,False
720575940635210603,flow,efferent,5003,400,0.25,0.01,0.05,0.04737157705376774,0.7561463122126724,0.07075754547271637,0.00779532280631621,0.043573855686588045,0.07135718568858684,0.0029982010793523886,False,False,False,False,False,False,False
720575940635210603,flow,efferent,5003,400,0.25,0.01,0.1,0.04737157705376774,0.7561463122126724,0.07075754547271637,0.00779532280631621,0.043573855686588045,0.07135718568858684,0.0029982010793523886,False,False,False,False,False,False,False
720575940628869648,flow,efferent,4030,400,0.25,0.14285714285714285,0.01,0.03573200992555831,0.7853598014888338,0.024069478908188585,0.0019851116625310174,0.09255583126550869,0.0598014888337469,0.0004962779156327543,True,True,False,False,True,True,False
720575940628869648,flow,efferent,4030,400,0.25,0.14285714285714285,0.05,0.03573200992555831,0.7853598014888338,0.024069478908188585,0.0019851116625310174,0.09255583126550869,0.0598014888337469,0.0004962779156327543,False,True,False,False,False,False,False
720575940628869648,flow,efferent,4030,400,0.25,0.14285714285714285,0.1,0.03573200992555831,0.7853598014888338,0.024069478908188585,0.0019851116625310174,0.09255583126550869,0.0598014888337469,0.0004962779156327543,False,True,False,False,False,False,False
720575940628869648,flow,efferent,4030,400,0.25,0.04,0.01,0.03573200992555831,0.7853598014888338,0.024069478908188585,0.0019851116625310174,0.09255583126550869,0.0598014888337469,0.0004962779156327543,True,True,False,False,True,False,False
720575940628869648,flow,efferent,4030,400,0.25,0.04,0.05,0.03573200992555831,0.7853598014888338,0.024069478908188585,0.0019851116625310174,0.09255583126550869,0.0598014888337469,0.0004962779156327543,False,True,False,False,False,False,False
720575940628869648,flow,efferent,4030,400,0.25,0.04,0.1,0.03573200992555831,0.7853598014888338,0.024069478908188585,0.0019851116625310174,0.09255583126550869,0.0598014888337469,0.0004962779156327543,False,True,False,False,False,False,False
720575940628869648,flow,efferent,4030,400,0.25,0.02,0.01,0.03573200992555831,0.7853598014888338,0.024069478908188585,0.0019851116625310174,0.09255583126550869,0.0598014888337469,0.0004962779156327543,True,True,False,False,True,False,False
720575940628869648,flow,efferent,4030,400,0.25,0.02,0.05,0.03573200992555831,0.7853598014888338,0.024069478908188585,0.0019851116625310174,0.09255583126550869,0.0598014888337469,0.0004962779156327543,False,True,False,False,False,False,False
720575940628869648,flow,efferent,4030,400,0.25,0.02,0.1,0.03573200992555831,0.7853598014888338,0.024069478908188585,0.0019851116625310174,0.09255583126550869,0.0598014888337469,0.0004962779156327543,False,True,False,False,False,False,False
720575940628869648,flow,efferent,4030,400,0.25,0.01,0.01,0.03573200992555831,0.7853598014888338,0.024069478908188585,0.0019851116625310174,0.09255583126550869,0.0598014888337469,0.0004962779156327543,True,True,False,False,True,False,False
720575940628869648,flow,efferent,4030,400,0.25,0.01,0.05,0.03573200992555831,0.7853598014888338,0.024069478908188585,0.0019851116625310174,0.09255583126550869,0.0598014888337469,0.0004962779156327543,False,True,False,False,False,False,False
720575940628869648,flow,efferent,4030,400,0.25,0.01,0.1,0.03573200992555831,0.7853598014888338,0.024069478908188585,0.0019851116625310174,0.09255583126550869,0.0598014888337469,0.0004962779156327543,False,False,False,False,False,False,False
720575940621313414,flow,efferent,4589,400,0.25,0.14285714285714285,0.01,0.017650904336456743,0.5144911745478318,0.09588145565482677,0.007191109174112007,0.31858792765308347,0.04488995423839617,0.0013074743952930922,True,True,True,False,True,True,False
720575940621313414,flow,efferent,4589,400,0.25,0.14285714285714285,0.05,0.017650904336456743,0.5144911745478318,0.09588145565482677,0.007191109174112007,0.31858792765308347,0.04488995423839617,0.0013074743952930922,False,True,True,False,True,False,False
720575940621313414,flow,efferent,4589,400,0.25,0.14285714285714285,0.1,0.017650904336456743,0.5144911745478318,0.09588145565482677,0.007191109174112007,0.31858792765308347,0.04488995423839617,0.0013074743952930922,False,True,False,False,True,False,False
720575940621313414,flow,efferent,4589,400,0.25,0.04,0.01,0.017650904336456743,0.5144911745478318,0.09588145565482677,0.007191109174112007,0.31858792765308347,0.04488995423839617,0.0013074743952930922,True,True,True,False,True,False,False
720575940621313414,flow,efferent,4589,400,0.25,0.04,0.05,0.017650904336456743,0.5144911745478318,0.09588145565482677,0.007191109174112007,0.31858792765308347,0.04488995423839617,0.0013074743952930922,False,True,False,False,True,False,False
720575940621313414,flow,efferent,4589,400,0.25,0.04,0.1,0.017650904336456743,0.5144911745478318,0.09588145565482677,0.007191109174112007,0.31858792765308347,0.04488995423839617,0.0013074743952930922,False,False,False,False,False,False,False
720575940621313414,flow,efferent,4589,400,0.25,0.02,0.01,0.017650904336456743,0.5144911745478318,0.09588145565482677,0.007191109174112007,0.31858792765308347,0.04488995423839617,0.0013074743952930922,True,True,True,False,True,False,False
720575940621313414,flow,efferent,4589,400,0.25,0.02,0.05,0.017650904336456743,0.5144911745478318,0.09588145565482677,0.007191109174112007,0.31858792765308347,0.04488995423839617,0.0013074743952930922,False,False,False,False,False,False,False
720575940621313414,flow,efferent,4589,400,0.25,0.02,0.1,0.017650904336456743,0.5144911745478318,0.09588145565482677,0.007191109174112007,0.31858792765308347,0.04488995423839617,0.0013074743952930922,False,False,False,False,False,False,False
720575940621313414,flow,efferent,4589,400,0.25,0.01,0.01,0.017650904336456743,0.5144911745478318,0.09588145565482677,0.007191109174112007,0.31858792765308347,0.04488995423839617,0.0013074743952930922,True,True,False,False,True,False,False
720575940621313414,flow,efferent,4589,400,0.25,0.01,0.05,0.017650904336456743,0.5144911745478318,0.09588145565482677,0.007191109174112007,0.31858792765308347,0.04488995423839617,0.0013074743952930922,False,False,False,False,False,False,False
720575940621313414,flow,efferent,4589,400,0.25,0.01,0.1,0.017650904336456743,0.5144911745478318,0.09588145565482677,0.007191109174112007,0.31858792765308347,0.04488995423839617,0.0013074743952930922,False,False,False,False,False,False,False
720575940630346860,flow,efferent,13551,400,0.25,0.14285714285714285,0.01,0.513246254888938,0.3048483506752269,0.12781344550217696,0.011364474946498414,0.023171721644159104,0.01948195705114014,7.379529186037931e-05,True,True,True,False,False,False,
720575940630346860,flow,efferent,13551,400,0.25,0.14285714285714285,0.05,0.513246254888938,0.3048483506752269,0.12781344550217696,0.011364474946498414,0.023171721644159104,0.01948195705114014,7.379529186037931e-05,True,True,True,False,False,False,
720575940630346860,flow,efferent,13551,400,0.25,0.14285714285714285,0.1,0.513246254888938,0.3048483506752269,0.12781344550217696,0.011364474946498414,0.023171721644159104,0.01948195705114014,7.379529186037931e-05,True,True,False,False,False,False,
720575940630346860,flow,efferent,13551,400,0.25,0.04,0.01,0.513246254888938,0.3048483506752269,0.12781344550217696,0.011364474946498414,0.023171721644159104,0.01948195705114014,7.379529186037931e-05,True,True,True,False,False,False,
720575940630346860,flow,efferent,13551,400,0.25,0.04,0.05,0.513246254888938,0.3048483506752269,0.12781344550217696,0.011364474946498414,0.023171721644159104,0.01948195705114014,7.379529186037931e-05,True,True,True,False,False,False,
720575940630346860,flow,efferent,13551,400,0.25,0.04,0.1,0.513246254888938,0.3048483506752269,0.12781344550217696,0.011364474946498414,0.023171721644159104,0.01948195705114014,7.379529186037931e-05,False,True,False,False,False,False,
720575940630346860,flow,efferent,13551,400,0.25,0.02,0.01,0.513246254888938,0.3048483506752269,0.12781344550217696,0.011364474946498414,0.023171721644159104,0.01948195705114014,7.379529186037931e-05,True,True,True,False,False,False,
720575940630346860,flow,efferent,13551,400,0.25,0.02,0.05,0.513246254888938,0.3048483506752269,0.12781344550217696,0.011364474946498414,0.023171721644159104,0.01948195705114014,7.379529186037931e-05,True,True,True,False,False,False,
720575940630346860,flow,efferent,13551,400,0.25,0.02,0.1,0.513246254888938,0.3048483506752269,0.12781344550217696,0.011364474946498414,0.023171721644159104,0.01948195705114014,7.379529186037931e-05,False,False,False,False,False,False,
720575940630346860,flow,efferent,13551,400,0.25,0.01,0.01,0.513246254888938,0.3048483506752269,0.12781344550217696,0.011364474946498414,0.023171721644159104,0.01948195705114014,7.379529186037931e-05,True,True,True,False,False,False,
720575940630346860,flow,efferent,13551,400,0.25,0.01,0.05,0.513246254888938,0.3048483506752269,0.12781344550217696,0.011364474946498414,0.023171721644159104,0.01948195705114014,7.379529186037931e-05,False,False,False,False,False,False,
720575940630346860,flow,efferent,13551,400,0.25,0.01,0.1,0.513246254888938,0.3048483506752269,0.12781344550217696,0.011364474946498414,0.023171721644159104,0.01948195705114014,7.379529186037931e-05,False,False,False,False,False,False,
720575940605950496,flow,efferent,2088,400,0.25,0.14285714285714285,0.01,0.06992337164750957,0.6293103448275862,0.07040229885057471,0.021551724137931036,0.1867816091954023,0.020593869731800767,0.0014367816091954023,True,True,True,True,True,True,False
720575940605950496,flow,efferent,2088,400,0.25,0.14285714285714285,0.05,0.06992337164750957,0.6293103448275862,0.07040229885057471,0.021551724137931036,0.1867816091954023,0.020593869731800767,0.0014367816091954023,True,True,False,False,True,False,False
720575940605950496,flow,efferent,2088,400,0.25,0.14285714285714285,0.1,0.06992337164750957,0.6293103448275862,0.07040229885057471,0.021551724137931036,0.1867816091954023,0.020593869731800767,0.0014367816091954023,False,True,False,False,False,False,False
720575940605950496,flow,efferent,2088,400,0.25,0.04,0.01,0.06992337164750957,0.6293103448275862,0.07040229885057471,0.021551724137931036,0.1867816091954023,0.020593869731800767,0.0014367816091954023,True,True,True,False,True,True,False
720575940605950496,flow,efferent,2088,400,0.25,0.04,0.05,0.06992337164750957,0.6293103448275862,0.07040229885057471,0.021551724137931036,0.1867816091954023,0.020593869731800767,0.0014367816091954023,True,True,False,False,False,False,False
720575940605950496,flow,efferent,2088,400,0.25,0.04,0.1,0.06992337164750957,0.6293103448275862,0.07040229885057471,0.021551724137931036,0.1867816091954023,0.020593869731800767,0.0014367816091954023,False,True,False,False,False,False,False
720575940605950496,flow,efferent,2088,400,0.25,0.02,0.01,0.06992337164750957,0.6293103448275862,0.07040229885057471,0.021551724137931036,0.1867816091954023,0.020593869731800767,0.0014367816091954023,True,True,False,False,True,True,False
720575940605950496,flow,efferent,2088,400,0.25,0.02,0.05,0.06992337164750957,0.6293103448275862,0.07040229885057471,0.021551724137931036,0.1867816091954023,0.020593869731800767,0.0014367816091954023,True,True,False,False,False,False,False
720575940605950496,flow,efferent,2088,400,0.25,0.02,0.1,0.06992337164750957,0.6293103448275862,0.07040229885057471,0.021551724137931036,0.1867816091954023,0.020593869731800767,0.0014367816091954023,False,False,False,False,False,False,False
720575940605950496,flow,efferent,2088,400,0.25,0.01,0.01,0.06992337164750957,0.6293103448275862,0.07040229885057471,0.021551724137931036,0.1867816091954023,0.020593869731800767,0.0014367816091954023,True,True,False,False,False,True,False
720575940605950496,flow,efferent,2088,400,0.25,0.01,0.05,0.06992337164750957,0.6293103448275862,0.07040229885057471,0.021551724137931036,0.1867816091954023,0.020593869731800767,0.0014367816091954023,True,False,False,False,False,False,False
720575940605950496,flow,efferent,2088,400,0.25,0.01,0.1,0.06992337164750957,0.6293103448275862,0.07040229885057471,0.021551724137931036,0.1867816091954023,0.020593869731800767,0.0014367816091954023,False,False,False,False,False,False,False
720575940618382529,flow,efferent,484,400,0.25,0.14285714285714285,0.01,0.2706611570247934,0.5516528925619835,0.08057851239669421,0.006198347107438017,0.03925619834710744,0.05165289256198347,0.0,True,True,True,False,True,True,
720575940618382529,flow,efferent,484,400,0.25,0.14285714285714285,0.05,0.2706611570247934,0.5516528925619835,0.08057851239669421,0.006198347107438017,0.03925619834710744,0.05165289256198347,0.0,True,True,False,False,False,False,
720575940618382529,flow,efferent,484,400,0.25,0.14285714285714285,0.1,0.2706611570247934,0.5516528925619835,0.08057851239669421,0.006198347107438017,0.03925619834710744,0.05165289256198347,0.0,True,True,False,False,False,False,
720575940618382529,flow,efferent,484,400,0.25,0.04,0.01,0.2706611570247934,0.5516528925619835,0.08057851239669421,0.006198347107438017,0.03925619834710744,0.05165289256198347,0.0,True,True,True,False,False,True,
720575940618382529,flow,efferent,484,400,0.25,0.04,0.05,0.2706611570247934,0.5516528925619835,0.08057851239669421,0.006198347107438017,0.03925619834710744,0.05165289256198347,0.0,True,True,False,False,False,False,
720575940618382529,flow,efferent,484,400,0.25,0.04,0.1,0.2706611570247934,0.5516528925619835,0.08057851239669421,0.006198347107438017,0.03925619834710744,0.05165289256198347,0.0,True,False,False,False,False,False,
720575940618382529,flow,efferent,484,400,0.25,0.02,0.01,0.2706611570247934,0.5516528925619835,0.08057851239669421,0.006198347107438017,0.03925619834710744,0.05165289256198347,0.0,True,True,True,False,False,True,
720575940618382529,flow,efferent,484,400,0.25,0.02,0.05,0.2706611570247934,0.5516528925619835,0.08057851239669421,0.006198347107438017,0.03925619834710744,0.05165289256198347,0.0,True,True,False,False,False,False,
720575940618382529,flow,efferent,484,400,0.25,0.02,0.1,0.2706611570247934,0.5516528925619835,0.08057851239669421,0.006198347107438017,0.03925619834710744,0.05165289256198347,0.0,True,False,False,False,False,False,
720575940618382529,flow,efferent,484,400,0.25,0.01,0.01,0.2706611570247934,0.5516528925619835,0.08057851239669421,0.006198347107438017,0.03925619834710744,0.05165289256198347,0.0,True,True,True,False,False,True,
720575940618382529,flow,efferent,484,400,0.25,0.01,0.05,0.2706611570247934,0.5516528925619835,0.08057851239669421,0.006198347107438017,0.03925619834710744,0.05165289256198347,0.0,True,False,False,False,False,False,
720575940618382529,flow,efferent,484,400,0.25,0.01,0.1,0.2706611570247934,0.5516528925619835,0.08057851239669421,0.006198347107438017,0.03925619834710744,0.05165289256198347,0.0,True,False,False,False,False,False,
720575940646173748,flow,efferent,1246,400,0.25,0.14285714285714285,0.01,0.09309791332263243,0.36918138041733545,0.12359550561797752,0.1508828250401284,0.17174959871589085,0.08908507223113965,0.002407704654895666,True,True,True,True,True,True,False
720575940646173748,flow,efferent,1246,400,0.25,0.14285714285714285,0.05,0.09309791332263243,0.36918138041733545,0.12359550561797752,0.1508828250401284,0.17174959871589085,0.08908507223113965,0.002407704654895666,True,True,True,True,True,False,False
720575940646173748,flow,efferent,1246,400,0.25,0.14285714285714285,0.1,0.09309791332263243,0.36918138041733545,0.12359550561797752,0.1508828250401284,0.17174959871589085,0.08908507223113965,0.002407704654895666,False,True,True,False,False,False,False
720575940646173748,flow,efferent,1246,400,0.25,0.04,0.01,0.09309791332263243,0.36918138041733545,0.12359550561797752,0.1508828250401284,0.17174959871589085,0.08908507223113965,0.002407704654895666,True,True,True,True,True,True,False
720575940646173748,flow,efferent,1246,400,0.25,0.04,0.05,0.09309791332263243,0.36918138041733545,0.12359550561797752,0.1508828250401284,0.17174959871589085,0.08908507223113965,0.002407704654895666,True,True,True,False,False,False,False
720575940646173748,flow,efferent,1246,400,0.25,0.04,0.1,0.09309791332263243,0.36918138041733545,0.12359550561797752,0.1508828250401284,0.17174959871589085,0.08908507223113965,0.002407704654895666,False,True,False,False,False,False,False
720575940646173748,flow,efferent,1246,400,0.25,0.02,0.01,0.09309791332263243,0.36918138041733545,0.12359550561797752,0.1508828250401284,0.17174959871589085,0.08908507223113965,0.002407704654895666,True,True,True,True,True,True,False
720575940646173748,flow,efferent,1246,400,0.25,0.02,0.05,0.09309791332263243,0.36918138041733545,0.12359550561797752,0.1508828250401284,0.17174959871589085,0.08908507223113965,0.002407704654895666,True,True,True,False,False,False,False
720575940646173748,flow,efferent,1246,400,0.25,0.02,0.1,0.09309791332263243,0.36918138041733545,0.12359550561797752,0.1508828250401284,0.17174959871589085,0.08908507223113965,0.002407704654895666,False,True,False,False,False,False,False
720575940646173748,flow,efferent,1246,400,0.25,0.01,0.01,0.09309791332263243,0.36918138041733545,0.12359550561797752,0.1508828250401284,0.17174959871589085,0.08908507223113965,0.002407704654895666,True,True,True,True,True,True,False
720575940646173748,flow,efferent,1246,400,0.25,0.01,0.05,0.09309791332263243,0.36918138041733545,0.12359550561797752,0.1508828250401284,0.17174959871589085,0.08908507223113965,0.002407704654895666,True,True,False,False,False,False,False
720575940646173748,flow,efferent,1246,400,0.25,0.01,0.1,0.09309791332263243,0.36918138041733545,0.12359550561797752,0.1508828250401284,0.17174959871589085,0.08908507223113965,0.002407704654895666,False,True,False,False,False,False,False
720575940614736034,flow,efferent,4043,400,0.25,0.14285714285714285,0.01,0.05194162750432847,0.5142221122928519,0.06505070492208756,0.023250061835270838,0.2621815483551818,0.08137521642344793,0.001978728666831561,True,True,True,True,True,True,False
720575940614736034,flow,efferent,4043,400,0.25,0.14285714285714285,0.05,0.05194162750432847,0.5142221122928519,0.06505070492208756,0.023250061835270838,0.2621815483551818,0.08137521642344793,0.001978728666831561,False,True,False,False,True,False,False
720575940614736034,flow,efferent,4043,400,0.25,0.14285714285714285,0.1,0.05194162750432847,0.5142221122928519,0.06505070492208756,0.023250061835270838,0.2621815483551818,0.08137521642344793,0.001978728666831561,False,True,False,False,True,False,False
720575940614736034,flow,efferent,4043,400,0.25,0.04,0.01,0.05194162750432847,0.5142221122928519,0.06505070492208756,0.023250061835270838,0.2621815483551818,0.08137521642344793,0.001978728666831561,True,True,False,True,True,True,False
720575940614736034,flow,efferent,4043,400,0.25,0.04,0.05,0.05194162750432847,0.5142221122928519,0.06505070492208756,0.023250061835270838,0.2621815483551818,0.08137521642344793,0.001978728666831561,False,True,False,False,False,False,False
720575940614736034,flow,efferent,4043,400,0.25,0.04,0.1,0.05194162750432847,0.5142221122928519,0.06505070492208756,0.023250061835270838,0.2621815483551818,0.08137521642344793,0.001978728666831561,False,True,False,False,False,False,False
720575940614736034,flow,efferent,4043,400,0.25,0.02,0.01,0.05194162750432847,0.5142221122928519,0.06505070492208756,0.023250061835270838,0.2621815483551818,0.08137521642344793,0.001978728666831561,True,True,False,False,True,True,False
720575940614736034,flow,efferent,4043,400,0.25,0.02,0.05,0.05194162750432847,0.5142221122928519,0.06505070492208756,0.023250061835270838,0.2621815483551818,0.08137521642344793,0.001978728666831561,False,False,False,False,False,False,False
720575940614736034,flow,efferent,4043,400,0.25,0.02,0.1,0.05194162750432847,0.5142221122928519,0.06505070492208756,0.023250061835270838,0.2621815483551818,0.08137521642344793,0.001978728666831561,False,False,False,False,False,False,False
720575940614736034,flow,efferent,4043,400,0.25,0.01,0.01,0.05194162750432847,0.5142221122928519,0.06505070492208756,0.023250061835270838,0.2621815483551818,0.08137521642344793,0.001978728666831561,True,True,False,False,True,False,False
720575940614736034,flow,efferent,4043,400,0.25,0.01,0.05,0.05194162750432847,0.5142221122928519,0.06505070492208756,0.023250061835270838,0.2621815483551818,0.08137521642344793,0.001978728666831561,False,False,False,False,False,False,False
720575940614736034,flow,efferent,4043,400,0.25,0.01,0.1,0.05194162750432847,0.5142221122928519,0.06505070492208756,0.023250061835270838,0.2621815483551818,0.08137521642344793,0.001978728666831561,False,False,False,False,False,False,False
720575940631110095,flow,efferent,4311,400,0.25,0.14285714285714285,0.01,0.014149849222918117,0.01716539086058919,0.15680816515889584,0.05845511482254697,0.414520992809093,0.33866852238459755,0.00023196474135931338,False,True,True,True,True,True,
720575940631110095,flow,efferent,4311,400,0.25,0.14285714285714285,0.05,0.014149849222918117,0.01716539086058919,0.15680816515889584,0.05845511482254697,0.414520992809093,0.33866852238459755,0.00023196474135931338,False,False,True,False,True,True,
720575940631110095,flow,efferent,4311,400,0.25,0.14285714285714285,0.1,0.014149849222918117,0.01716539086058919,0.15680816515889584,0.05845511482254697,0.414520992809093,0.33866852238459755,0.00023196474135931338,False,False,False,False,True,True,
720575940631110095,flow,efferent,4311,400,0.25,0.04,0.01,0.014149849222918117,0.01716539086058919,0.15680816515889584,0.05845511482254697,0.414520992809093,0.33866852238459755,0.00023196474135931338,False,False,True,True,True,True,
720575940631110095,flow,efferent,4311,400,0.25,0.04,0.05,0.014149849222918117,0.01716539086058919,0.15680816515889584,0.05845511482254697,0.414520992809093,0.33866852238459755,0.00023196474135931338,False,False,False,False,True,True,
720575940631110095,flow,efferent,4311,400,0.25,0.04,0.1,0.014149849222918117,0.01716539086058919,0.15680816515889584,0.05845511482254697,0.414520992809093,0.33866852238459755,0.00023196474135931338,False,False,False,False,False,False,
720575940631110095,flow,efferent,4311,400,0.25,0.02,0.01,0.014149849222918117,0.01716539086058919,0.15680816515889584,0.05845511482254697,0.414520992809093,0.33866852238459755,0.00023196474135931338,False,False,True,True,True,True,
720575940631110095,flow,efferent,4311,400,0.25,0.02,0.05,0.014149849222918117,0.01716539086058919,0.15680816515889584,0.05845511482254697,0.414520992809093,0.33866852238459755,0.00023196474135931338,False,False,False,False,False,False,
720575940631110095,flow,efferent,4311,400,0.25,0.02,0.1,0.014149849222918117,0.01716539086058919,0.15680816515889584,0.05845511482254697,0.414520992809093,0.33866852238459755,0.00023196474135931338,False,False,False,False,False,False,
720575940631110095,flow,efferent,4311,400,0.25,0.01,0.01,0.014149849222918117,0.01716539086058919,0.15680816515889584,0.05845511482254697,0.414520992809093,0.33866852238459755,0.00023196474135931338,False,False,True,True,True,True,
720575940631110095,flow,efferent,4311,400,0.25,0.01,0.05,0.014149849222918117,0.01716539086058919,0.15680816515889584,0.05845511482254697,0.414520992809093,0.33866852238459755,0.00023196474135931338,False,False,False,False,False,False,
720575940631110095,flow,efferent,4311,400,0.25,0.01,0.1,0.014149849222918117,0.01716539086058919,0.15680816515889584,0.05845511482254697,0.414520992809093,0.33866852238459755,0.00023196474135931338,False,False,False,False,False,False,
720575940610231509,flow,efferent,6218,400,0.25,0.14285714285714285,0.01,0.5344162110003217,0.2783853329044709,0.11595368285622387,0.007076230299131554,0.04712126085558057,0.016243165004824704,0.0008041170794467674,True,True,True,False,True,False,False
720575940610231509,flow,efferent,6218,400,0.25,0.14285714285714285,0.05,0.5344162110003217,0.2783853329044709,0.11595368285622387,0.007076230299131554,0.04712126085558057,0.016243165004824704,0.0008041170794467674,True,True,True,False,False,False,False
720575940610231509,flow,efferent,6218,400,0.25,0.14285714285714285,0.1,0.5344162110003217,0.2783853329044709,0.11595368285622387,0.007076230299131554,0.04712126085558057,0.016243165004824704,0.0008041170794467674,True,False,False,False,False,False,False
720575940610231509,flow,efferent,6218,400,0.25,0.04,0.01,0.5344162110003217,0.2783853329044709,0.11595368285622387,0.007076230299131554,0.04712126085558057,0.016243165004824704,0.0008041170794467674,True,True,True,False,False,False,False
720575940610231509,flow,efferent,6218,400,0.25,0.04,0.05,0.5344162110003217,0.2783853329044709,0.11595368285622387,0.007076230299131554,0.04712126085558057,0.016243165004824704,0.0008041170794467674,True,False,False,False,False,False,False
720575940610231509,flow,efferent,6218,400,0.25,0.04,0.1,0.5344162110003217,0.2783853329044709,0.11595368285622387,0.007076230299131554,0.04712126085558057,0.016243165004824704,0.0008041170794467674,True,False,False,False,False,False,False
720575940610231509,flow,efferent,6218,400,0.25,0.02,0.01,0.5344162110003217,0.2783853329044709,0.11595368285622387,0.007076230299131554,0.04712126085558057,0.016243165004824704,0.0008041170794467674,True,True,True,False,False,False,False
720575940610231509,flow,efferent,6218,400,0.25,0.02,0.05,0.5344162110003217,0.2783853329044709,0.11595368285622387,0.007076230299131554,0.04712126085558057,0.016243165004824704,0.0008041170794467674,True,False,False,False,False,False,False
720575940610231509,flow,efferent,6218,400,0.25,0.02,0.1,0.5344162110003217,0.2783853329044709,0.11595368285622387,0.007076230299131554,0.04712126085558057,0.016243165004824704,0.0008041170794467674,False,False,False,False,False,False,False
720575940610231509,flow,efferent,6218,400,0.25,0.01,0.01,0.5344162110003217,0.2783853329044709,0.11595368285622387,0.007076230299131554,0.04712126085558057,0.016243165004824704,0.0008041170794467674,True,True,True,False,False,False,False
720575940610231509,flow,efferent,6218,400,0.25,0.01,0.05,0.5344162110003217,0.2783853329044709,0.11595368285622387,0.007076230299131554,0.04712126085558057,0.016243165004824704,0.0008041170794467674,True,False,False,False,False,False,False
720575940610231509,flow,efferent,6218,400,0.25,0.01,0.1,0.5344162110003217,0.2783853329044709,0.11595368285622387,0.007076230299131554,0.04712126085558057,0.016243165004824704,0.0008041170794467674,False,False,False,False,False,False,False
720575940619845552,flow,efferent,518,400,0.25,0.14285714285714285,0.01,0.18725868725868725,0.059845559845559844,0.009652509652509652,0.055984555984555984,0.43243243243243246,0.2528957528957529,0.0019305019305019305,True,True,False,True,True,True,
720575940619845552,flow,efferent,518,400,0.25,0.14285714285714285,0.05,0.18725868725868725,0.059845559845559844,0.009652509652509652,0.055984555984555984,0.43243243243243246,0.2528957528957529,0.0019305019305019305,True,False,False,False,True,True,
720575940619845552,flow,efferent,518,400,0.25,0.14285714285714285,0.1,0.18725868725868725,0.059845559845559844,0.009652509652509652,0.055984555984555984,0.43243243243243246,0.2528957528957529,0.0019305019305019305,True,False,False,False,True,True,
720575940619845552,flow,efferent,518,400,0.25,0.04,0.01,0.18725868725868725,0.059845559845559844,0.009652509652509652,0.055984555984555984,0.43243243243243246,0.2528957528957529,0.0019305019305019305,True,True,False,True,True,True,
720575940619845552,flow,efferent,518,400,0.25,0.04,0.05,0.18725868725868725,0.059845559845559844,0.009652509652509652,0.055984555984555984,0.43243243243243246,0.2528957528957529,0.0019305019305019305,True,False,False,False,True,True,
720575940619845552,flow,efferent,518,400,0.25,0.04,0.1,0.18725868725868725,0.059845559845559844,0.009652509652509652,0.055984555984555984,0.43243243243243246,0.2528957528957529,0.0019305019305019305,True,False,False,False,False,False,
720575940619845552,flow,efferent,518,400,0.25,0.02,0.01,0.18725868725868725,0.059845559845559844,0.009652509652509652,0.055984555984555984,0.43243243243243246,0.2528957528957529,0.0019305019305019305,True,True,False,True,True,True,
720575940619845552,flow,efferent,518,400,0.25,0.02,0.05,0.18725868725868725,0.059845559845559844,0.009652509652509652,0.055984555984555984,0.43243243243243246,0.2528957528957529,0.0019305019305019305,True,False,False,False,True,False,
720575940619845552,flow,efferent,518,400,0.25,0.02,0.1,0.18725868725868725,0.059845559845559844,0.009652509652509652,0.055984555984555984,0.43243243243243246,0.2528957528957529,0.0019305019305019305,True,False,False,False,False,False,
720575940619845552,flow,efferent,518,400,0.25,0.01,0.01,0.18725868725868725,0.059845559845559844,0.009652509652509652,0.055984555984555984,0.43243243243243246,0.2528957528957529,0.0019305019305019305,True,True,False,True,True,True,
720575940619845552,flow,efferent,518,400,0.25,0.01,0.05,0.18725868725868725,0.059845559845559844,0.009652509652509652,0.055984555984555984,0.43243243243243246,0.2528957528957529,0.0019305019305019305,True,False,False,False,False,False,
720575940619845552,flow,efferent,518,400,0.25,0.01,0.1,0.18725868725868725,0.059845559845559844,0.009652509652509652,0.055984555984555984,0.43243243243243246,0.2528957528957529,0.0019305019305019305,True,False,False,False,False,False,
720575940626278129,flow,efferent,407,400,0.25,0.14285714285714285,0.01,0.18673218673218672,0.5257985257985258,0.13022113022113022,0.007371007371007371,0.13022113022113022,0.019656019656019656,0.0,True,True,True,False,True,True,
720575940626278129,flow,efferent,407,400,0.25,0.14285714285714285,0.05,0.18673218673218672,0.5257985257985258,0.13022113022113022,0.007371007371007371,0.13022113022113022,0.019656019656019656,0.0,True,True,False,False,True,False,
720575940626278129,flow,efferent,407,400,0.25,0.14285714285714285,0.1,0.18673218673218672,0.5257985257985258,0.13022113022113022,0.007371007371007371,0.13022113022113022,0.019656019656019656,0.0,True,True,False,False,False,False,
720575940626278129,flow,efferent,407,400,0.25,0.04,0.01,0.18673218673218672,0.5257985257985258,0.13022113022113022,0.007371007371007371,0.13022113022113022,0.019656019656019656,0.0,True,True,True,False,True,False,
720575940626278129,flow,efferent,407,400,0.25,0.04,0.05,0.18673218673218672,0.5257985257985258,0.13022113022113022,0.007371007371007371,0.13022113022113022,0.019656019656019656,0.0,True,True,False,False,False,False,
720575940626278129,flow,efferent,407,400,0.25,0.04,0.1,0.18673218673218672,0.5257985257985258,0.13022113022113022,0.007371007371007371,0.13022113022113022,0.019656019656019656,0.0,True,True,False,False,False,False,
720575940626278129,flow,efferent,407,400,0.25,0.02,0.01,0.18673218673218672,0.5257985257985258,0.13022113022113022,0.007371007371007371,0.13022113022113022,0.019656019656019656,0.0,True,True,True,False,True,False,
720575940626278129,flow,efferent,407,400,0.25,0.02,0.05,0.18673218673218672,0.5257985257985258,0.13022113022113022,0.007371007371007371,0.13022113022113022,0.019656019656019656,0.0,True,True,False,False,False,False,
720575940626278129,flow,efferent,407,400,0.25,0.02,0.1,0.18673218673218672,0.5257985257985258,0.13022113022113022,0.007371007371007371,0.13022113022113022,0.019656019656019656,0.0,True,True,False,False,False,False,
720575940626278129,flow,efferent,407,400,0.25,0.01,0.01,0.18673218673218672,0.5257985257985258,0.13022113022113022,0.007371007371007371,0.13022113022113022,0.019656019656019656,0.0,True,True,True,False,True,False,
720575940626278129,flow,efferent,407,400,0.25,0.01,0.05,0.18673218673218672,0.5257985257985258,0.13022113022113022,0.007371007371007371,0.13022113022113022,0.019656019656019656,0.0,True,True,False,False,False,False,
720575940626278129,flow,efferent,407,400,0.25,0.01,0.1,0.18673218673218672,0.5257985257985258,0.13022113022113022,0.007371007371007371,0.13022113022113022,0.019656019656019656,0.0,False,True,False,False,False,False,
720575940650282742,flow,efferent,591,400,0.25,0.14285714285714285,0.01,0.06937394247038917,0.16751269035532995,0.04568527918781726,0.39593908629441626,0.24027072758037224,0.08121827411167512,0.0,True,True,True,True,True,True,
720575940650282742,flow,efferent,591,400,0.25,0.14285714285714285,0.05,0.06937394247038917,0.16751269035532995,0.04568527918781726,0.39593908629441626,0.24027072758037224,0.08121827411167512,0.0,False,True,False,True,True,True,
720575940650282742,flow,efferent,591,400,0.25,0.14285714285714285,0.1,0.06937394247038917,0.16751269035532995,0.04568527918781726,0.39593908629441626,0.24027072758037224,0.08121827411167512,0.0,False,False,False,True,False,False,
720575940650282742,flow,efferent,591,400,0.25,0.04,0.01,0.06937394247038917,0.16751269035532995,0.04568527918781726,0.39593908629441626,0.24027072758037224,0.08121827411167512,0.0,True,True,True,True,True,True,
720575940650282742,flow,efferent,591,400,0.25,0.04,0.05,0.06937394247038917,0.16751269035532995,0.04568527918781726,0.39593908629441626,0.24027072758037224,0.08121827411167512,0.0,False,False,False,True,False,True,
720575940650282742,flow,efferent,591,400,0.25,0.04,0.1,0.06937394247038917,0.16751269035532995,0.04568527918781726,0.39593908629441626,0.24027072758037224,0.08121827411167512,0.0,False,False,False,False,False,False,
720575940650282742,flow,efferent,591,400,0.25,0.02,0.01,0.06937394247038917,0.16751269035532995,0.04568527918781726,0.39593908629441626,0.24027072758037224,0.08121827411167512,0.0,True,True,True,True,True,True,
720575940650282742,flow,efferent,591,400,0.25,0.02,0.05,0.06937394247038917,0.16751269035532995,0.04568527918781726,0.39593908629441626,0.24027072758037224,0.08121827411167512,0.0,False,False,False,True,False,True,
720575940650282742,flow,efferent,591,400,0.25,0.02,0.1,0.06937394247038917,0.16751269035532995,0.04568527918781726,0.39593908629441626,0.24027072758037224,0.08121827411167512,0.0,False,False,False,False,False,False,
720575940650282742,flow,efferent,591,400,0.25,0.01,0.01,0.06937394247038917,0.16751269035532995,0.04568527918781726,0.39593908629441626,0.24027072758037224,0.08121827411167512,0.0,True,True,True,True,True,True,
720575940650282742,flow,efferent,591,400,0.25,0.01,0.05,0.06937394247038917,0.16751269035532995,0.04568527918781726,0.39593908629441626,0.24027072758037224,0.08121827411167512,0.0,False,False,False,False,False,False,
720575940650282742,flow,efferent,591,400,0.25,0.01,0.1,0.06937394247038917,0.16751269035532995,0.04568527918781726,0.39593908629441626,0.24027072758037224,0.08121827411167512,0.0,False,False,False,False,False,False,
720575940639088216,flow,efferent,2660,400,0.25,0.14285714285714285,0.01,0.022556390977443608,0.7951127819548872,0.02481203007518797,0.0011278195488721805,0.10413533834586466,0.0518796992481203,0.00037593984962406017,True,True,False,False,True,True,
720575940639088216,flow,efferent,2660,400,0.25,0.14285714285714285,0.05,0.022556390977443608,0.7951127819548872,0.02481203007518797,0.0011278195488721805,0.10413533834586466,0.0518796992481203,0.00037593984962406017,False,True,False,False,True,False,
720575940639088216,flow,efferent,2660,400,0.25,0.14285714285714285,0.1,0.022556390977443608,0.7951127819548872,0.02481203007518797,0.0011278195488721805,0.10413533834586466,0.0518796992481203,0.00037593984962406017,False,True,False,False,False,False,
720575940639088216,flow,efferent,2660,400,0.25,0.04,0.01,0.022556390977443608,0.7951127819548872,0.02481203007518797,0.0011278195488721805,0.10413533834586466,0.0518796992481203,0.00037593984962406017,False,True,False,False,True,True,
720575940639088216,flow,efferent,2660,400,0.25,0.04,0.05,0.022556390977443608,0.7951127819548872,0.02481203007518797,0.0011278195488721805,0.10413533834586466,0.0518796992481203,0.00037593984962406017,False,True,False,False,False,False,
720575940639088216,flow,efferent,2660,400,0.25,0.04,0.1,0.022556390977443608,0.7951127819548872,0.02481203007518797,0.0011278195488721805,0.10413533834586466,0.0518796992481203,0.00037593984962406017,False,True,False,False,False,False,
720575940639088216,flow,efferent,2660,400,0.25,0.02,0.01,0.022556390977443608,0.7951127819548872,0.02481203007518797,0.0011278195488721805,0.10413533834586466,0.0518796992481203,0.00037593984962406017,False,True,False,False,True,True,
720575940639088216,flow,efferent,2660,400,0.25,0.02,0.05,0.022556390977443608,0.7951127819548872,0.02481203007518797,0.0011278195488721805,0.10413533834586466,0.0518796992481203,0.00037593984962406017,False,False,False,False,False,False,
720575940639088216,flow,efferent,2660,400,0.25,0.02,0.1,0.022556390977443608,0.7951127819548872,0.02481203007518797,0.0011278195488721805,0.10413533834586466,0.0518796992481203,0.00037593984962406017,False,False,False,False,False,False,
720575940639088216,flow,efferent,2660,400,0.25,0.01,0.01,0.022556390977443608,0.7951127819548872,0.02481203007518797,0.0011278195488721805,0.10413533834586466,0.0518796992481203,0.00037593984962406017,False,True,False,False,True,True,
720575940639088216,flow,efferent,2660,400,0.25,0.01,0.05,0.022556390977443608,0.7951127819548872,0.02481203007518797,0.0011278195488721805,0.10413533834586466,0.0518796992481203,0.00037593984962406017,False,False,False,False,False,False,
720575940639088216,flow,efferent,2660,400,0.25,0.01,0.1,0.022556390977443608,0.7951127819548872,0.02481203007518797,0.0011278195488721805,0.10413533834586466,0.0518796992481203,0.00037593984962406017,False,False,False,False,False,False,
720575940622137633,flow,efferent,999,400,0.25,0.14285714285714285,0.01,0.06806806806806807,0.043043043043043044,0.056056056056056056,0.01001001001001001,0.4394394394394394,0.3833833833833834,0.0,True,True,True,False,True,True,
720575940622137633,flow,efferent,999,400,0.25,0.14285714285714285,0.05,0.06806806806806807,0.043043043043043044,0.056056056056056056,0.01001001001001001,0.4394394394394394,0.3833833833833834,0.0,True,False,False,False,True,True,
720575940622137633,flow,efferent,999,400,0.25,0.14285714285714285,0.1,0.06806806806806807,0.043043043043043044,0.056056056056056056,0.01001001001001001,0.4394394394394394,0.3833833833833834,0.0,False,False,False,False,True,True,
720575940622137633,flow,efferent,999,400,0.25,0.04,0.01,0.06806806806806807,0.043043043043043044,0.056056056056056056,0.01001001001001001,0.4394394394394394,0.3833833833833834,0.0,True,False,True,False,True,True,
720575940622137633,flow,efferent,999,400,0.25,0.04,0.05,0.06806806806806807,0.043043043043043044,0.056056056056056056,0.01001001001001001,0.4394394394394394,0.3833833833833834,0.0,True,False,False,False,True,True,
720575940622137633,flow,efferent,999,400,0.25,0.04,0.1,0.06806806806806807,0.043043043043043044,0.056056056056056056,0.01001001001001001,0.4394394394394394,0.3833833833833834,0.0,False,False,False,False,False,True,
720575940622137633,flow,efferent,999,400,0.25,0.02,0.01,0.06806806806806807,0.043043043043043044,0.056056056056056056,0.01001001001001001,0.4394394394394394,0.3833833833833834,0.0,True,False,False,False,True,True,
720575940622137633,flow,efferent,999,400,0.25,0.02,0.05,0.06806806806806807,0.043043043043043044,0.056056056056056056,0.01001001001001001,0.4394394394394394,0.3833833833833834,0.0,True,False,False,False,False,False,
720575940622137633,flow,efferent,999,400,0.25,0.02,0.1,0.06806806806806807,0.043043043043043044,0.056056056056056056,0.01001001001001001,0.4394394394394394,0.3833833833833834,0.0,False,False,False,False,False,False,
720575940622137633,flow,efferent,999,400,0.25,0.01,0.01,0.06806806806806807,0.043043043043043044,0.056056056056056056,0.01001001001001001,0.4394394394394394,0.3833833833833834,0.0,True,False,False,False,True,True,
720575940622137633,flow,efferent,999,400,0.25,0.01,0.05,0.06806806806806807,0.043043043043043044,0.056056056056056056,0.01001001001001001,0.4394394394394394,0.3833833833833834,0.0,True,False,False,False,False,False,
720575940622137633,flow,efferent,999,400,0.25,0.01,0.1,0.06806806806806807,0.043043043043043044,0.056056056056056056,0.01001001001001001,0.4394394394394394,0.3833833833833834,0.0,False,False,False,False,False,False,
720575940611108676,flow,efferent,5403,400,0.25,0.14285714285714285,0.01,0.10716268739589117,0.05052748473070516,0.029798260225800483,0.5271145659818619,0.2333888580418286,0.04997223764575236,0.0020359059781602813,True,True,True,True,True,True,False
720575940611108676,flow,efferent,5403,400,0.25,0.14285714285714285,0.05,0.10716268739589117,0.05052748473070516,0.029798260225800483,0.5271145659818619,0.2333888580418286,0.04997223764575236,0.0020359059781602813,True,False,False,True,True,False,False
720575940611108676,flow,efferent,5403,400,0.25,0.14285714285714285,0.1,0.10716268739589117,0.05052748473070516,0.029798260225800483,0.5271145659818619,0.2333888580418286,0.04997223764575236,0.0020359059781602813,False,False,False,True,True,False,False
720575940611108676,flow,efferent,5403,400,0.25,0.04,0.01,0.10716268739589117,0.05052748473070516,0.029798260225800483,0.5271145659818619,0.2333888580418286,0.04997223764575236,0.0020359059781602813,True,True,True,True,True,False,False
720575940611108676,flow,efferent,5403,400,0.25,0.04,0.05,0.10716268739589117,0.05052748473070516,0.029798260225800483,0.5271145659818619,0.2333888580418286,0.04997223764575236,0.0020359059781602813,True,False,False,True,False,False,False
720575940611108676,flow,efferent,5403,400,0.25,0.04,0.1,0.10716268739589117,0.05052748473070516,0.029798260225800483,0.5271145659818619,0.2333888580418286,0.04997223764575236,0.0020359059781602813,False,False,False,True,False,False,False
720575940611108676,flow,efferent,5403,400,0.25,0.02,0.01,0.10716268739589117,0.05052748473070516,0.029798260225800483,0.5271145659818619,0.2333888580418286,0.04997223764575236,0.0020359059781602813,True,False,True,True,True,False,False
720575940611108676,flow,efferent,5403,400,0.25,0.02,0.05,0.10716268739589117,0.05052748473070516,0.029798260225800483,0.5271145659818619,0.2333888580418286,0.04997223764575236,0.0020359059781602813,True,False,False,True,False,False,False
720575940611108676,flow,efferent,5403,400,0.25,0.02,0.1,0.10716268739589117,0.05052748473070516,0.029798260225800483,0.5271145659818619,0.2333888580418286,0.04997223764575236,0.0020359059781602813,False,False,False,False,False,False,False
720575940611108676,flow,efferent,5403,400,0.25,0.01,0.01,0.10716268739589117,0.05052748473070516,0.029798260225800483,0.5271145659818619,0.2333888580418286,0.04997223764575236,0.0020359059781602813,True,False,False,True,True,False,False
720575940611108676,flow,efferent,5403,400,0.25,0.01,0.05,0.10716268739589117,0.05052748473070516,0.029798260225800483,0.5271145659818619,0.2333888580418286,0.04997223764575236,0.0020359059781602813,True,False,False,False,False,False,False
720575940611108676,flow,efferent,5403,400,0.25,0.01,0.1,0.10716268739589117,0.05052748473070516,0.029798260225800483,0.5271145659818619,0.2333888580418286,0.04997223764575236,0.0020359059781602813,False,False,False,False,False,False,False
720575940611756723,flow,efferent,2952,400,0.25,0.14285714285714285,0.01,0.0260840108401084,0.2923441734417344,0.01016260162601626,0.01016260162601626,0.5741869918699187,0.08672086720867209,0.00033875338753387534,True,True,False,False,True,True,
720575940611756723,flow,efferent,2952,400,0.25,0.14285714285714285,0.05,0.0260840108401084,0.2923441734417344,0.01016260162601626,0.01016260162601626,0.5741869918699187,0.08672086720867209,0.00033875338753387534,False,True,False,False,True,True,
720575940611756723,flow,efferent,2952,400,0.25,0.14285714285714285,0.1,0.0260840108401084,0.2923441734417344,0.01016260162601626,0.01016260162601626,0.5741869918699187,0.08672086720867209,0.00033875338753387534,False,True,False,False,True,False,
720575940611756723,flow,efferent,2952,400,0.25,0.04,0.01,0.0260840108401084,0.2923441734417344,0.01016260162601626,0.01016260162601626,0.5741869918699187,0.08672086720867209,0.00033875338753387534,True,True,False,False,True,True,
720575940611756723,flow,efferent,2952,400,0.25,0.04,0.05,0.0260840108401084,0.2923441734417344,0.01016260162601626,0.01016260162601626,0.5741869918699187,0.08672086720867209,0.00033875338753387534,False,True,False,False,True,False,
720575940611756723,flow,efferent,2952,400,0.25,0.04,0.1,0.0260840108401084,0.2923441734417344,0.01016260162601626,0.01016260162601626,0.5741869918699187,0.08672086720867209,0.00033875338753387534,False,False,False,False,False,False,
720575940611756723,flow,efferent,2952,400,0.25,0.02,0.01,0.0260840108401084,0.2923441734417344,0.01016260162601626,0.01016260162601626,0.5741869918699187,0.08672086720867209,0.00033875338753387534,True,True,False,False,True,True,
720575940611756723,flow,efferent,2952,400,0.25,0.02,0.05,0.0260840108401084,0.2923441734417344,0.01016260162601626,0.01016260162601626,0.5741869918699187,0.08672086720867209,0.00033875338753387534,False,False,False,False,False,False,
720575940611756723,flow,efferent,2952,400,0.25,0.02,0.1,0.0260840108401084,0.2923441734417344,0.01016260162601626,0.01016260162601626,0.5741869918699187,0.08672086720867209,0.00033875338753387534,False,False,False,False,False,False,
720575940611756723,flow,efferent,2952,400,0.25,0.01,0.01,0.0260840108401084,0.2923441734417344,0.01016260162601626,0.01016260162601626,0.5741869918699187,0.08672086720867209,0.00033875338753387534,True,True,False,False,True,True,
720575940611756723,flow,efferent,2952,400,0.25,0.01,0.05,0.0260840108401084,0.2923441734417344,0.01016260162601626,0.01016260162601626,0.5741869918699187,0.08672086720867209,0.00033875338753387534,False,False,False,False,False,False,
720575940611756723,flow,efferent,2952,400,0.25,0.01,0.1,0.0260840108401084,0.2923441734417344,0.01016260162601626,0.01016260162601626,0.5741869918699187,0.08672086720867209,0.00033875338753387534,False,False,False,False,False,False,
720575940603786686,flow,efferent,1004,400,0.25,0.14285714285714285,0.01,0.3834661354581673,0.41434262948207173,0.10358565737051793,0.012948207171314742,0.05876494023904383,0.026892430278884463,0.0,True,True,True,False,True,True,
720575940603786686,flow,efferent,1004,400,0.25,0.14285714285714285,0.05,0.3834661354581673,0.41434262948207173,0.10358565737051793,0.012948207171314742,0.05876494023904383,0.026892430278884463,0.0,True,True,True,False,False,False,
720575940603786686,flow,efferent,1004,400,0.25,0.14285714285714285,0.1,0.3834661354581673,0.41434262948207173,0.10358565737051793,0.012948207171314742,0.05876494023904383,0.026892430278884463,0.0,True,True,False,False,False,False,
720575940603786686,flow,efferent,1004,400,0.25,0.04,0.01,0.3834661354581673,0.41434262948207173,0.10358565737051793,0.012948207171314742,0.05876494023904383,0.026892430278884463,0.0,True,True,True,False,True,True,
720575940603786686,flow,efferent,1004,400,0.25,0.04,0.05,0.3834661354581673,0.41434262948207173,0.10358565737051793,0.012948207171314742,0.05876494023904383,0.026892430278884463,0.0,True,True,False,False,False,False,
720575940603786686,flow,efferent,1004,400,0.25,0.04,0.1,0.3834661354581673,0.41434262948207173,0.10358565737051793,0.012948207171314742,0.05876494023904383,0.026892430278884463,0.0,False,False,False,False,False,False,
720575940603786686,flow,efferent,1004,400,0.25,0.02,0.01,0.3834661354581673,0.41434262948207173,0.10358565737051793,0.012948207171314742,0.05876494023904383,0.026892430278884463,0.0,True,True,True,False,True,True,
720575940603786686,flow,efferent,1004,400,0.25,0.02,0.05,0.3834661354581673,0.41434262948207173,0.10358565737051793,0.012948207171314742,0.05876494023904383,0.026892430278884463,0.0,True,True,False,False,False,False,
720575940603786686,flow,efferent,1004,400,0.25,0.02,0.1,0.3834661354581673,0.41434262948207173,0.10358565737051793,0.012948207171314742,0.05876494023904383,0.026892430278884463,0.0,False,False,False,False,False,False,
720575940603786686,flow,efferent,1004,400,0.25,0.01,0.01,0.3834661354581673,0.41434262948207173,0.10358565737051793,0.012948207171314742,0.05876494023904383,0.026892430278884463,0.0,True,True,True,False,True,True,
720575940603786686,flow,efferent,1004,400,0.25,0.01,0.05,0.3834661354581673,0.41434262948207173,0.10358565737051793,0.012948207171314742,0.05876494023904383,0.026892430278884463,0.0,True,True,False,False,False,False,
720575940603786686,flow,efferent,1004,400,0.25,0.01,0.1,0.3834661354581673,0.41434262948207173,0.10358565737051793,0.012948207171314742,0.05876494023904383,0.026892430278884463,0.0,False,False,False,False,False,False,
720575940619024542,flow,efferent,2427,400,0.25,0.14285714285714285,0.01,0.40667490729295425,0.25669550885867326,0.17717346518335395,0.015245158632056036,0.08199423156159868,0.06139266584260404,0.0008240626287597857,True,True,True,False,True,True,False
720575940619024542,flow,efferent,2427,400,0.25,0.14285714285714285,0.05,0.40667490729295425,0.25669550885867326,0.17717346518335395,0.015245158632056036,0.08199423156159868,0.06139266584260404,0.0008240626287597857,True,True,True,False,False,False,False
720575940619024542,flow,efferent,2427,400,0.25,0.14285714285714285,0.1,0.40667490729295425,0.25669550885867326,0.17717346518335395,0.015245158632056036,0.08199423156159868,0.06139266584260404,0.0008240626287597857,True,True,True,False,False,False,False
720575940619024542,flow,efferent,2427,400,0.25,0.04,0.01,0.40667490729295425,0.25669550885867326,0.17717346518335395,0.015245158632056036,0.08199423156159868,0.06139266584260404,0.0008240626287597857,True,True,True,False,False,True,False
720575940619024542,flow,efferent,2427,400,0.25,0.04,0.05,0.40667490729295425,0.25669550885867326,0.17717346518335395,0.015245158632056036,0.08199423156159868,0.06139266584260404,0.0008240626287597857,True,False,False,False,False,False,False
720575940619024542,flow,efferent,2427,400,0.25,0.04,0.1,0.40667490729295425,0.25669550885867326,0.17717346518335395,0.015245158632056036,0.08199423156159868,0.06139266584260404,0.0008240626287597857,False,False,False,False,False,False,False
720575940619024542,flow,efferent,2427,400,0.25,0.02,0.01,0.40667490729295425,0.25669550885867326,0.17717346518335395,0.015245158632056036,0.08199423156159868,0.06139266584260404,0.0008240626287597857,True,True,True,False,False,True,False
720575940619024542,flow,efferent,2427,400,0.25,0.02,0.05,0.40667490729295425,0.25669550885867326,0.17717346518335395,0.015245158632056036,0.08199423156159868,0.06139266584260404,0.0008240626287597857,True,False,False,False,False,False,False
720575940619024542,flow,efferent,2427,400,0.25,0.02,0.1,0.40667490729295425,0.25669550885867326,0.17717346518335395,0.015245158632056036,0.08199423156159868,0.06139266584260404,0.0008240626287597857,False,False,False,False,False,False,False
720575940619024542,flow,efferent,2427,400,0.25,0.01,0.01,0.40667490729295425,0.25669550885867326,0.17717346518335395,0.015245158632056036,0.08199423156159868,0.06139266584260404,0.0008240626287597857,True,True,True,False,False,True,False
720575940619024542,flow,efferent,2427,400,0.25,0.01,0.05,0.40667490729295425,0.25669550885867326,0.17717346518335395,0.015245158632056036,0.08199423156159868,0.06139266584260404,0.0008240626287597857,True,False,False,False,False,False,False
720575940619024542,flow,efferent,2427,400,0.25,0.01,0.1,0.40667490729295425,0.25669550885867326,0.17717346518335395,0.015245158632056036,0.08199423156159868,0.06139266584260404,0.0008240626287597857,False,False,False,False,False,False,False
720575940631987364,flow,efferent,579,400,0.25,0.14285714285714285,0.01,0.06390328151986183,0.6113989637305699,0.07944732297063903,0.010362694300518135,0.153713298791019,0.07944732297063903,0.0017271157167530224,True,True,True,False,True,True,
720575940631987364,flow,efferent,579,400,0.25,0.14285714285714285,0.05,0.06390328151986183,0.6113989637305699,0.07944732297063903,0.010362694300518135,0.153713298791019,0.07944732297063903,0.0017271157167530224,True,True,False,False,True,True,
720575940631987364,flow,efferent,579,400,0.25,0.14285714285714285,0.1,0.06390328151986183,0.6113989637305699,0.07944732297063903,0.010362694300518135,0.153713298791019,0.07944732297063903,0.0017271157167530224,False,True,False,False,False,False,
720575940631987364,flow,efferent,579,400,0.25,0.04,0.01,0.06390328151986183,0.6113989637305699,0.07944732297063903,0.010362694300518135,0.153713298791019,0.07944732297063903,0.0017271157167530224,True,True,True,False,True,True,
720575940631987364,flow,efferent,579,400,0.25,0.04,0.05,0.06390328151986183,0.6113989637305699,0.07944732297063903,0.010362694300518135,0.153713298791019,0.07944732297063903,0.0017271157167530224,True,True,False,False,False,True,
720575940631987364,flow,efferent,579,400,0.25,0.04,0.1,0.06390328151986183,0.6113989637305699,0.07944732297063903,0.010362694300518135,0.153713298791019,0.07944732297063903,0.0017271157167530224,False,False,False,False,False,False,
720575940631987364,flow,efferent,579,400,0.25,0.02,0.01,0.06390328151986183,0.6113989637305699,0.07944732297063903,0.010362694300518135,0.153713298791019,0.07944732297063903,0.0017271157167530224,True,True,True,False,True,True,
720575940631987364,flow,efferent,579,400,0.25,0.02,0.05,0.06390328151986183,0.6113989637305699,0.07944732297063903,0.010362694300518135,0.153713298791019,0.07944732297063903,0.0017271157167530224,True,True,False,False,False,True,
720575940631987364,flow,efferent,579,400,0.25,0.02,0.1,0.06390328151986183,0.6113989637305699,0.07944732297063903,0.010362694300518135,0.153713298791019,0.07944732297063903,0.0017271157167530224,False,False,False,False,False,False,
720575940631987364,flow,efferent,579,400,0.25,0.01,0.01,0.06390328151986183,0.6113989637305699,0.07944732297063903,0.010362694300518135,0.153713298791019,0.07944732297063903,0.0017271157167530224,True,True,True,False,True,True,
720575940631987364,flow,efferent,579,400,0.25,0.01,0.05,0.06390328151986183,0.6113989637305699,0.07944732297063903,0.010362694300518135,0.153713298791019,0.07944732297063903,0.0017271157167530224,False,False,False,False,False,False,
720575940631987364,flow,efferent,579,400,0.25,0.01,0.1,0.06390328151986183,0.6113989637305699,0.07944732297063903,0.010362694300518135,0.153713298791019,0.07944732297063903,0.0017271157167530224,False,False,False,False,False,False,
720575940615794077,flow,efferent,410,400,0.25,0.14285714285714285,0.01,0.2097560975609756,0.5439024390243903,0.014634146341463415,0.007317073170731708,0.16585365853658537,0.05853658536585366,0.0,True,True,False,False,True,True,
720575940615794077,flow,efferent,410,400,0.25,0.14285714285714285,0.05,0.2097560975609756,0.5439024390243903,0.014634146341463415,0.007317073170731708,0.16585365853658537,0.05853658536585366,0.0,True,True,False,False,False,False,
720575940615794077,flow,efferent,410,400,0.25,0.14285714285714285,0.1,0.2097560975609756,0.5439024390243903,0.014634146341463415,0.007317073170731708,0.16585365853658537,0.05853658536585366,0.0,True,True,False,False,False,False,
720575940615794077,flow,efferent,410,400,0.25,0.04,0.01,0.2097560975609756,0.5439024390243903,0.014634146341463415,0.007317073170731708,0.16585365853658537,0.05853658536585366,0.0,True,True,False,False,True,True,
720575940615794077,flow,efferent,410,400,0.25,0.04,0.05,0.2097560975609756,0.5439024390243903,0.014634146341463415,0.007317073170731708,0.16585365853658537,0.05853658536585366,0.0,True,True,False,False,False,False,
720575940615794077,flow,efferent,410,400,0.25,0.04,0.1,0.2097560975609756,0.5439024390243903,0.014634146341463415,0.007317073170731708,0.16585365853658537,0.05853658536585366,0.0,True,True,False,False,False,False,
720575940615794077,flow,efferent,410,400,0.25,0.02,0.01,0.2097560975609756,0.5439024390243903,0.014634146341463415,0.007317073170731708,0.16585365853658537,0.05853658536585366,0.0,True,True,False,False,True,True,
720575940615794077,flow,efferent,410,400,0.25,0.02,0.05,0.2097560975609756,0.5439024390243903,0.014634146341463415,0.007317073170731708,0.16585365853658537,0.05853658536585366,0.0,True,True,False,False,False,False,
720575940615794077,flow,efferent,410,400,0.25,0.02,0.1,0.2097560975609756,0.5439024390243903,0.014634146341463415,0.007317073170731708,0.16585365853658537,0.05853658536585366,0.0,True,True,False,False,False,False,
720575940615794077,flow,efferent,410,400,0.25,0.01,0.01,0.2097560975609756,0.5439024390243903,0.014634146341463415,0.007317073170731708,0.16585365853658537,0.05853658536585366,0.0,True,True,False,False,True,True,
720575940615794077,flow,efferent,410,400,0.25,0.01,0.05,0.2097560975609756,0.5439024390243903,0.014634146341463415,0.007317073170731708,0.16585365853658537,0.05853658536585366,0.0,True,True,False,False,False,False,
720575940615794077,flow,efferent,410,400,0.25,0.01,0.1,0.2097560975609756,0.5439024390243903,0.014634146341463415,0.007317073170731708,0.16585365853658537,0.05853658536585366,0.0,True,True,False,False,False,False,
720575940632646114,flow,efferent,445,400,0.25,0.14285714285714285,0.01,0.14157303370786517,0.19775280898876405,0.13707865168539327,0.23146067415730337,0.16853932584269662,0.11685393258426967,0.006741573033707865,True,True,True,True,True,True,False
720575940632646114,flow,efferent,445,400,0.25,0.14285714285714285,0.05,0.14157303370786517,0.19775280898876405,0.13707865168539327,0.23146067415730337,0.16853932584269662,0.11685393258426967,0.006741573033707865,True,True,True,True,True,True,False
720575940632646114,flow,efferent,445,400,0.25,0.14285714285714285,0.1,0.14157303370786517,0.19775280898876405,0.13707865168539327,0.23146067415730337,0.16853932584269662,0.11685393258426967,0.006741573033707865,False,True,True,False,False,False,False
720575940632646114,flow,efferent,445,400,0.25,0.04,0.01,0.14157303370786517,0.19775280898876405,0.13707865168539327,0.23146067415730337,0.16853932584269662,0.11685393258426967,0.006741573033707865,True,True,True,True,True,True,False
720575940632646114,flow,efferent,445,400,0.25,0.04,0.05,0.14157303370786517,0.19775280898876405,0.13707865168539327,0.23146067415730337,0.16853932584269662,0.11685393258426967,0.006741573033707865,False,True,False,True,False,False,False
720575940632646114,flow,efferent,445,400,0.25,0.04,0.1,0.14157303370786517,0.19775280898876405,0.13707865168539327,0.23146067415730337,0.16853932584269662,0.11685393258426967,0.006741573033707865,False,False,False,False,False,False,False
720575940632646114,flow,efferent,445,400,0.25,0.02,0.01,0.14157303370786517,0.19775280898876405,0.13707865168539327,0.23146067415730337,0.16853932584269662,0.11685393258426967,0.006741573033707865,True,True,True,True,True,True,False
720575940632646114,flow,efferent,445,400,0.25,0.02,0.05,0.14157303370786517,0.19775280898876405,0.13707865168539327,0.23146067415730337,0.16853932584269662,0.11685393258426967,0.006741573033707865,False,False,False,False,False,False,False
720575940632646114,flow,efferent,445,400,0.25,0.02,0.1,0.14157303370786517,0.19775280898876405,0.13707865168539327,0.23146067415730337,0.16853932584269662,0.11685393258426967,0.006741573033707865,False,False,False,False,False,False,False
720575940632646114,flow,efferent,445,400,0.25,0.01,0.01,0.14157303370786517,0.19775280898876405,0.13707865168539327,0.23146067415730337,0.16853932584269662,0.11685393258426967,0.006741573033707865,True,True,True,True,True,True,False
720575940632646114,flow,efferent,445,400,0.25,0.01,0.05,0.14157303370786517,0.19775280898876405,0.13707865168539327,0.23146067415730337,0.16853932584269662,0.11685393258426967,0.006741573033707865,False,False,False,False,False,False,False
720575940632646114,flow,efferent,445,400,0.25,0.01,0.1,0.14157303370786517,0.19775280898876405,0.13707865168539327,0.23146067415730337,0.16853932584269662,0.11685393258426967,0.006741573033707865,False,False,False,False,False,False,False
720575940631124076,flow,efferent,1626,400,0.25,0.14285714285714285,0.01,0.08425584255842558,0.14575645756457564,0.5030750307503075,0.04366543665436654,0.19557195571955718,0.025215252152521524,0.0024600246002460025,True,True,True,True,True,True,False
720575940631124076,flow,efferent,1626,400,0.25,0.14285714285714285,0.05,0.08425584255842558,0.14575645756457564,0.5030750307503075,0.04366543665436654,0.19557195571955718,0.025215252152521524,0.0024600246002460025,False,True,True,False,True,False,False
720575940631124076,flow,efferent,1626,400,0.25,0.14285714285714285,0.1,0.08425584255842558,0.14575645756457564,0.5030750307503075,0.04366543665436654,0.19557195571955718,0.025215252152521524,0.0024600246002460025,False,True,True,False,False,False,False
720575940631124076,flow,efferent,1626,400,0.25,0.04,0.01,0.08425584255842558,0.14575645756457564,0.5030750307503075,0.04366543665436654,0.19557195571955718,0.025215252152521524,0.0024600246002460025,True,True,True,False,True,False,False
720575940631124076,flow,efferent,1626,400,0.25,0.04,0.05,0.08425584255842558,0.14575645756457564,0.5030750307503075,0.04366543665436654,0.19557195571955718,0.025215252152521524,0.0024600246002460025,False,False,True,False,False,False,False
720575940631124076,flow,efferent,1626,400,0.25,0.04,0.1,0.08425584255842558,0.14575645756457564,0.5030750307503075,0.04366543665436654,0.19557195571955718,0.025215252152521524,0.0024600246002460025,False,False,False,False,False,False,False
720575940631124076,flow,efferent,1626,400,0.25,0.02,0.01,0.08425584255842558,0.14575645756457564,0.5030750307503075,0.04366543665436654,0.19557195571955718,0.025215252152521524,0.0024600246002460025,True,True,True,False,True,False,False
720575940631124076,flow,efferent,1626,400,0.25,0.02,0.05,0.08425584255842558,0.14575645756457564,0.5030750307503075,0.04366543665436654,0.19557195571955718,0.025215252152521524,0.0024600246002460025,False,False,True,False,False,False,False
720575940631124076,flow,efferent,1626,400,0.25,0.02,0.1,0.08425584255842558,0.14575645756457564,0.5030750307503075,0.04366543665436654,0.19557195571955718,0.025215252152521524,0.0024600246002460025,False,False,False,False,False,False,False
720575940631124076,flow,efferent,1626,400,0.25,0.01,0.01,0.08425584255842558,0.14575645756457564,0.5030750307503075,0.04366543665436654,0.19557195571955718,0.025215252152521524,0.0024600246002460025,True,True,True,False,True,False,False
720575940631124076,flow,efferent,1626,400,0.25,0.01,0.05,0.08425584255842558,0.14575645756457564,0.5030750307503075,0.04366543665436654,0.19557195571955718,0.025215252152521524,0.0024600246002460025,False,False,True,False,False,False,False
720575940631124076,flow,efferent,1626,400,0.25,0.01,0.1,0.08425584255842558,0.14575645756457564,0.5030750307503075,0.04366543665436654,0.19557195571955718,0.025215252152521524,0.0024600246002460025,False,False,False,False,False,False,False
720575940620017261,flow,efferent,459,400,0.25,0.14285714285714285,0.01,0.02178649237472767,0.7342047930283224,0.017429193899782137,0.013071895424836602,0.11546840958605664,0.09586056644880174,0.002178649237472767,True,True,True,True,True,True,
720575940620017261,flow,efferent,459,400,0.25,0.14285714285714285,0.05,0.02178649237472767,0.7342047930283224,0.017429193899782137,0.013071895424836602,0.11546840958605664,0.09586056644880174,0.002178649237472767,False,True,False,False,True,False,
720575940620017261,flow,efferent,459,400,0.25,0.14285714285714285,0.1,0.02178649237472767,0.7342047930283224,0.017429193899782137,0.013071895424836602,0.11546840958605664,0.09586056644880174,0.002178649237472767,False,True,False,False,False,False,
720575940620017261,flow,efferent,459,400,0.25,0.04,0.01,0.02178649237472767,0.7342047930283224,0.017429193899782137,0.013071895424836602,0.11546840958605664,0.09586056644880174,0.002178649237472767,True,True,False,True,True,True,
720575940620017261,flow,efferent,459,400,0.25,0.04,0.05,0.02178649237472767,0.7342047930283224,0.017429193899782137,0.013071895424836602,0.11546840958605664,0.09586056644880174,0.002178649237472767,False,True,False,False,False,False,
720575940620017261,flow,efferent,459,400,0.25,0.04,0.1,0.02178649237472767,0.7342047930283224,0.017429193899782137,0.013071895424836602,0.11546840958605664,0.09586056644880174,0.002178649237472767,False,True,False,False,False,False,
720575940620017261,flow,efferent,459,400,0.25,0.02,0.01,0.02178649237472767,0.7342047930283224,0.017429193899782137,0.013071895424836602,0.11546840958605664,0.09586056644880174,0.002178649237472767,True,True,False,False,True,True,
720575940620017261,flow,efferent,459,400,0.25,0.02,0.05,0.02178649237472767,0.7342047930283224,0.017429193899782137,0.013071895424836602,0.11546840958605664,0.09586056644880174,0.002178649237472767,False,True,False,False,False,False,
720575940620017261,flow,efferent,459,400,0.25,0.02,0.1,0.02178649237472767,0.7342047930283224,0.017429193899782137,0.013071895424836602,0.11546840958605664,0.09586056644880174,0.002178649237472767,False,True,False,False,False,False,
720575940620017261,flow,efferent,459,400,0.25,0.01,0.01,0.02178649237472767,0.7342047930283224,0.017429193899782137,0.013071895424836602,0.11546840958605664,0.09586056644880174,0.002178649237472767,False,True,False,False,True,True,
720575940620017261,flow,efferent,459,400,0.25,0.01,0.05,0.02178649237472767,0.7342047930283224,0.017429193899782137,0.013071895424836602,0.11546840958605664,0.09586056644880174,0.002178649237472767,False,True,False,False,False,False,
720575940620017261,flow,efferent,459,400,0.25,0.01,0.1,0.02178649237472767,0.7342047930283224,0.017429193899782137,0.013071895424836602,0.11546840958605664,0.09586056644880174,0.002178649237472767,False,True,False,False,False,False,
720575940628498161,flow,efferent,5305,400,0.25,0.14285714285714285,0.01,0.14363807728557965,0.23901979264844486,0.4556079170593779,0.04448633364750235,0.07521206409048067,0.04052780395852969,0.0015080113100848257,True,True,True,True,True,True,False
720575940628498161,flow,efferent,5305,400,0.25,0.14285714285714285,0.05,0.14363807728557965,0.23901979264844486,0.4556079170593779,0.04448633364750235,0.07521206409048067,0.04052780395852969,0.0015080113100848257,True,True,True,False,False,False,False
720575940628498161,flow,efferent,5305,400,0.25,0.14285714285714285,0.1,0.14363807728557965,0.23901979264844486,0.4556079170593779,0.04448633364750235,0.07521206409048067,0.04052780395852969,0.0015080113100848257,False,True,True,False,False,False,False
720575940628498161,flow,efferent,5305,400,0.25,0.04,0.01,0.14363807728557965,0.23901979264844486,0.4556079170593779,0.04448633364750235,0.07521206409048067,0.04052780395852969,0.0015080113100848257,True,True,True,True,True,False,False
720575940628498161,flow,efferent,5305,400,0.25,0.04,0.05,0.14363807728557965,0.23901979264844486,0.4556079170593779,0.04448633364750235,0.07521206409048067,0.04052780395852969,0.0015080113100848257,True,True,True,False,False,False,False
720575940628498161,flow,efferent,5305,400,0.25,0.04,0.1,0.14363807728557965,0.23901979264844486,0.4556079170593779,0.04448633364750235,0.07521206409048067,0.04052780395852969,0.0015080113100848257,False,False,False,False,False,False,False
720575940628498161,flow,efferent,5305,400,0.25,0.02,0.01,0.14363807728557965,0.23901979264844486,0.4556079170593779,0.04448633364750235,0.07521206409048067,0.04052780395852969,0.0015080113100848257,True,True,True,False,False,False,False
720575940628498161,flow,efferent,5305,400,0.25,0.02,0.05,0.14363807728557965,0.23901979264844486,0.4556079170593779,0.04448633364750235,0.07521206409048067,0.04052780395852969,0.0015080113100848257,True,True,False,False,False,False,False
720575940628498161,flow,efferent,5305,400,0.25,0.02,0.1,0.14363807728557965,0.23901979264844486,0.4556079170593779,0.04448633364750235,0.07521206409048067,0.04052780395852969,0.0015080113100848257,False,False,False,False,False,False,False
720575940628498161,flow,efferent,5305,400,0.25,0.01,0.01,0.14363807728557965,0.23901979264844486,0.4556079170593779,0.04448633364750235,0.07521206409048067,0.04052780395852969,0.0015080113100848257,True,True,True,False,False,False,False
720575940628498161,flow,efferent,5305,400,0.25,0.01,0.05,0.14363807728557965,0.23901979264844486,0.4556079170593779,0.04448633364750235,0.07521206409048067,0.04052780395852969,0.0015080113100848257,True,True,False,False,False,False,False
720575940628498161,flow,efferent,5305,400,0.25,0.01,0.1,0.14363807728557965,0.23901979264844486,0.4556079170593779,0.04448633364750235,0.07521206409048067,0.04052780395852969,0.0015080113100848257,False,False,False,False,False,False,False
720575940622843530,flow,efferent,7254,400,0.25,0.14285714285714285,0.01,0.15591397849462366,0.2737799834574028,0.40694789081885857,0.03666942376619796,0.05321202095395644,0.07196029776674938,0.0015164047422111938,True,True,True,True,True,True,False
720575940622843530,flow,efferent,7254,400,0.25,0.14285714285714285,0.05,0.15591397849462366,0.2737799834574028,0.40694789081885857,0.03666942376619796,0.05321202095395644,0.07196029776674938,0.0015164047422111938,True,True,True,False,False,False,False
720575940622843530,flow,efferent,7254,400,0.25,0.14285714285714285,0.1,0.15591397849462366,0.2737799834574028,0.40694789081885857,0.03666942376619796,0.05321202095395644,0.07196029776674938,0.0015164047422111938,False,True,True,False,False,False,False
720575940622843530,flow,efferent,7254,400,0.25,0.04,0.01,0.15591397849462366,0.2737799834574028,0.40694789081885857,0.03666942376619796,0.05321202095395644,0.07196029776674938,0.0015164047422111938,True,True,True,True,False,True,False
720575940622843530,flow,efferent,7254,400,0.25,0.04,0.05,0.15591397849462366,0.2737799834574028,0.40694789081885857,0.03666942376619796,0.05321202095395644,0.07196029776674938,0.0015164047422111938,False,True,True,False,False,False,False
720575940622843530,flow,efferent,7254,400,0.25,0.04,0.1,0.15591397849462366,0.2737799834574028,0.40694789081885857,0.03666942376619796,0.05321202095395644,0.07196029776674938,0.0015164047422111938,False,False,False,False,False,False,False
720575940622843530,flow,efferent,7254,400,0.25,0.02,0.01,0.15591397849462366,0.2737799834574028,0.40694789081885857,0.03666942376619796,0.05321202095395644,0.07196029776674938,0.0015164047422111938,True,True,True,False,False,False,False
720575940622843530,flow,efferent,7254,400,0.25,0.02,0.05,0.15591397849462366,0.2737799834574028,0.40694789081885857,0.03666942376619796,0.05321202095395644,0.07196029776674938,0.0015164047422111938,False,False,False,False,False,False,False
720575940622843530,flow,efferent,7254,400,0.25,0.02,0.1,0.15591397849462366,0.2737799834574028,0.40694789081885857,0.03666942376619796,0.05321202095395644,0.07196029776674938,0.0015164047422111938,False,False,False,False,False,False,False
720575940622843530,flow,efferent,7254,400,0.25,0.01,0.01,0.15591397849462366,0.2737799834574028,0.40694789081885857,0.03666942376619796,0.05321202095395644,0.07196029776674938,0.0015164047422111938,True,True,True,False,False,False,False
720575940622843530,flow,efferent,7254,400,0.25,0.01,0.05,0.15591397849462366,0.2737799834574028,0.40694789081885857,0.03666942376619796,0.05321202095395644,0.07196029776674938,0.0015164047422111938,False,False,False,False,False,False,False
720575940622843530,flow,efferent,7254,400,0.25,0.01,0.1,0.15591397849462366,0.2737799834574028,0.40694789081885857,0.03666942376619796,0.05321202095395644,0.07196029776674938,0.0015164047422111938,False,False,False,False,False,False,False
720575940611981029,flow,efferent,6975,400,0.25,0.14285714285714285,0.01,0.028100358422939068,0.0749820788530466,0.8098924731182796,0.012473118279569893,0.04043010752688172,0.033118279569892474,0.001003584229390681,False,True,True,False,True,True,False
720575940611981029,flow,efferent,6975,400,0.25,0.14285714285714285,0.05,0.028100358422939068,0.0749820788530466,0.8098924731182796,0.012473118279569893,0.04043010752688172,0.033118279569892474,0.001003584229390681,False,False,True,False,False,False,False
720575940611981029,flow,efferent,6975,400,0.25,0.14285714285714285,0.1,0.028100358422939068,0.0749820788530466,0.8098924731182796,0.012473118279569893,0.04043010752688172,0.033118279569892474,0.001003584229390681,False,False,True,False,False,False,False
720575940611981029,flow,efferent,6975,400,0.25,0.04,0.01,0.028100358422939068,0.0749820788530466,0.8098924731182796,0.012473118279569893,0.04043010752688172,0.033118279569892474,0.001003584229390681,False,False,True,False,False,False,False
720575940611981029,flow,efferent,6975,400,0.25,0.04,0.05,0.028100358422939068,0.0749820788530466,0.8098924731182796,0.012473118279569893,0.04043010752688172,0.033118279569892474,0.001003584229390681,False,False,True,False,False,False,False
720575940611981029,flow,efferent,6975,400,0.25,0.04,0.1,0.028100358422939068,0.0749820788530466,0.8098924731182796,0.012473118279569893,0.04043010752688172,0.033118279569892474,0.001003584229390681,False,False,True,False,False,False,False
720575940611981029,flow,efferent,6975,400,0.25,0.02,0.01,0.028100358422939068,0.0749820788530466,0.8098924731182796,0.012473118279569893,0.04043010752688172,0.033118279569892474,0.001003584229390681,False,False,True,False,False,False,False
720575940611981029,flow,efferent,6975,400,0.25,0.02,0.05,0.028100358422939068,0.0749820788530466,0.8098924731182796,0.012473118279569893,0.04043010752688172,0.033118279569892474,0.001003584229390681,False,False,True,False,False,False,False
720575940611981029,flow,efferent,6975,400,0.25,0.02,0.1,0.028100358422939068,0.0749820788530466,0.8098924731182796,0.012473118279569893,0.04043010752688172,0.033118279569892474,0.001003584229390681,False,False,True,False,False,False,False
720575940611981029,flow,efferent,6975,400,0.25,0.01,0.01,0.028100358422939068,0.0749820788530466,0.8098924731182796,0.012473118279569893,0.04043010752688172,0.033118279569892474,0.001003584229390681,False,False,True,False,False,False,False
720575940611981029,flow,efferent,6975,400,0.25,0.01,0.05,0.028100358422939068,0.0749820788530466,0.8098924731182796,0.012473118279569893,0.04043010752688172,0.033118279569892474,0.001003584229390681,False,False,True,False,False,False,False
720575940611981029,flow,efferent,6975,400,0.25,0.01,0.1,0.028100358422939068,0.0749820788530466,0.8098924731182796,0.012473118279569893,0.04043010752688172,0.033118279569892474,0.001003584229390681,False,False,False,False,False,False,False
720575940620025620,flow,efferent,925,400,0.25,0.14285714285714285,0.01,0.10270270270270271,0.43243243243243246,0.1772972972972973,0.04216216216216216,0.1989189189189189,0.04432432432432432,0.002162162162162162,True,True,True,True,True,True,False
720575940620025620,flow,efferent,925,400,0.25,0.14285714285714285,0.05,0.10270270270270271,0.43243243243243246,0.1772972972972973,0.04216216216216216,0.1989189189189189,0.04432432432432432,0.002162162162162162,False,True,True,False,True,False,False
720575940620025620,flow,efferent,925,400,0.25,0.14285714285714285,0.1,0.10270270270270271,0.43243243243243246,0.1772972972972973,0.04216216216216216,0.1989189189189189,0.04432432432432432,0.002162162162162162,False,True,False,False,False,False,False
720575940620025620,flow,efferent,925,400,0.25,0.04,0.01,0.10270270270270271,0.43243243243243246,0.1772972972972973,0.04216216216216216,0.1989189189189189,0.04432432432432432,0.002162162162162162,True,True,True,True,True,True,False
720575940620025620,flow,efferent,925,400,0.25,0.04,0.05,0.10270270270270271,0.43243243243243246,0.1772972972972973,0.04216216216216216,0.1989189189189189,0.04432432432432432,0.002162162162162162,False,True,False,False,True,False,False
720575940620025620,flow,efferent,925,400,0.25,0.04,0.1,0.10270270270270271,0.43243243243243246,0.1772972972972973,0.04216216216216216,0.1989189189189189,0.04432432432432432,0.002162162162162162,False,True,False,False,False,False,False
720575940620025620,flow,efferent,925,400,0.25,0.02,0.01,0.10270270270270271,0.43243243243243246,0.1772972972972973,0.04216216216216216,0.1989189189189189,0.04432432432432432,0.002162162162162162,True,True,True,False,True,True,False
720575940620025620,flow,efferent,925,400,0.25,0.02,0.05,0.10270270270270271,0.43243243243243246,0.1772972972972973,0.04216216216216216,0.1989189189189189,0.04432432432432432,0.002162162162162162,False,True,False,False,False,False,False
720575940620025620,flow,efferent,925,400,0.25,0.02,0.1,0.10270270270270271,0.43243243243243246,0.1772972972972973,0.04216216216216216,0.1989189189189189,0.04432432432432432,0.002162162162162162,False,True,False,False,False,False,False
720575940620025620,flow,efferent,925,400,0.25,0.01,0.01,0.10270270270270271,0.43243243243243246,0.1772972972972973,0.04216216216216216,0.1989189189189189,0.04432432432432432,0.002162162162162162,True,True,True,False,True,True,False
720575940620025620,flow,efferent,925,400,0.25,0.01,0.05,0.10270270270270271,0.43243243243243246,0.1772972972972973,0.04216216216216216,0.1989189189189189,0.04432432432432432,0.002162162162162162,False,True,False,False,False,False,False
720575940620025620,flow,efferent,925,400,0.25,0.01,0.1,0.10270270270270271,0.43243243243243246,0.1772972972972973,0.04216216216216216,0.1989189189189189,0.04432432432432432,0.002162162162162162,False,False,False,False,False,False,False
720575940611610670,flow,efferent,619,400,0.25,0.14285714285714285,0.01,0.11954765751211632,0.6494345718901454,0.08723747980613894,0.008077544426494346,0.06785137318255251,0.06623586429725363,0.0016155088852988692,True,True,True,False,True,True,
720575940611610670,flow,efferent,619,400,0.25,0.14285714285714285,0.05,0.11954765751211632,0.6494345718901454,0.08723747980613894,0.008077544426494346,0.06785137318255251,0.06623586429725363,0.0016155088852988692,True,True,True,False,False,False,
720575940611610670,flow,efferent,619,400,0.25,0.14285714285714285,0.1,0.11954765751211632,0.6494345718901454,0.08723747980613894,0.008077544426494346,0.06785137318255251,0.06623586429725363,0.0016155088852988692,False,True,False,False,False,False,
720575940611610670,flow,efferent,619,400,0.25,0.04,0.01,0.11954765751211632,0.6494345718901454,0.08723747980613894,0.008077544426494346,0.06785137318255251,0.06623586429725363,0.0016155088852988692,True,True,True,False,True,True,
720575940611610670,flow,efferent,619,400,0.25,0.04,0.05,0.11954765751211632,0.6494345718901454,0.08723747980613894,0.008077544426494346,0.06785137318255251,0.06623586429725363,0.0016155088852988692,True,True,True,False,False,False,
720575940611610670,flow,efferent,619,400,0.25,0.04,0.1,0.11954765751211632,0.6494345718901454,0.08723747980613894,0.008077544426494346,0.06785137318255251,0.06623586429725363,0.0016155088852988692,False,True,False,False,False,False,
720575940611610670,flow,efferent,619,400,0.25,0.02,0.01,0.11954765751211632,0.6494345718901454,0.08723747980613894,0.008077544426494346,0.06785137318255251,0.06623586429725363,0.0016155088852988692,True,True,True,False,True,True,
720575940611610670,flow,efferent,619,400,0.25,0.02,0.05,0.11954765751211632,0.6494345718901454,0.08723747980613894,0.008077544426494346,0.06785137318255251,0.06623586429725363,0.0016155088852988692,True,True,False,False,False,False,
720575940611610670,flow,efferent,619,400,0.25,0.02,0.1,0.11954765751211632,0.6494345718901454,0.08723747980613894,0.008077544426494346,0.06785137318255251,0.06623586429725363,0.0016155088852988692,False,True,False,False,False,False,
720575940611610670,flow,efferent,619,400,0.25,0.01,0.01,0.11954765751211632,0.6494345718901454,0.08723747980613894,0.008077544426494346,0.06785137318255251,0.06623586429725363,0.0016155088852988692,True,True,True,False,True,True,
720575940611610670,flow,efferent,619,400,0.25,0.01,0.05,0.11954765751211632,0.6494345718901454,0.08723747980613894,0.008077544426494346,0.06785137318255251,0.06623586429725363,0.0016155088852988692,False,True,False,False,False,False,
720575940611610670,flow,efferent,619,400,0.25,0.01,0.1,0.11954765751211632,0.6494345718901454,0.08723747980613894,0.008077544426494346,0.06785137318255251,0.06623586429725363,0.0016155088852988692,False,False,False,False,False,False,
720575940644801060,flow,efferent,1464,400,0.25,0.14285714285714285,0.01,0.06284153005464481,0.8435792349726776,0.040300546448087435,0.006830601092896175,0.015710382513661202,0.028688524590163935,0.0020491803278688526,True,True,True,False,False,True,False
720575940644801060,flow,efferent,1464,400,0.25,0.14285714285714285,0.05,0.06284153005464481,0.8435792349726776,0.040300546448087435,0.006830601092896175,0.015710382513661202,0.028688524590163935,0.0020491803278688526,False,True,False,False,False,False,False
720575940644801060,flow,efferent,1464,400,0.25,0.14285714285714285,0.1,0.06284153005464481,0.8435792349726776,0.040300546448087435,0.006830601092896175,0.015710382513661202,0.028688524590163935,0.0020491803278688526,False,True,False,False,False,False,False
720575940644801060,flow,efferent,1464,400,0.25,0.04,0.01,0.06284153005464481,0.8435792349726776,0.040300546448087435,0.006830601092896175,0.015710382513661202,0.028688524590163935,0.0020491803278688526,True,True,False,False,False,False,False
720575940644801060,flow,efferent,1464,400,0.25,0.04,0.05,0.06284153005464481,0.8435792349726776,0.040300546448087435,0.006830601092896175,0.015710382513661202,0.028688524590163935,0.0020491803278688526,False,True,False,False,False,False,False
720575940644801060,flow,efferent,1464,400,0.25,0.04,0.1,0.06284153005464481,0.8435792349726776,0.040300546448087435,0.006830601092896175,0.015710382513661202,0.028688524590163935,0.0020491803278688526,False,True,False,False,False,False,False
720575940644801060,flow,efferent,1464,400,0.25,0.02,0.01,0.06284153005464481,0.8435792349726776,0.040300546448087435,0.006830601092896175,0.015710382513661202,0.028688524590163935,0.0020491803278688526,True,True,False,False,False,False,False
720575940644801060,flow,efferent,1464,400,0.25,0.02,0.05,0.06284153005464481,0.8435792349726776,0.040300546448087435,0.006830601092896175,0.015710382513661202,0.028688524590163935,0.0020491803278688526,False,True,False,False,False,False,False
720575940644801060,flow,efferent,1464,400,0.25,0.02,0.1,0.06284153005464481,0.8435792349726776,0.040300546448087435,0.006830601092896175,0.015710382513661202,0.028688524590163935,0.0020491803278688526,False,True,False,False,False,False,False
720575940644801060,flow,efferent,1464,400,0.25,0.01,0.01,0.06284153005464481,0.8435792349726776,0.040300546448087435,0.006830601092896175,0.015710382513661202,0.028688524590163935,0.0020491803278688526,True,True,False,False,False,False,False
720575940644801060,flow,efferent,1464,400,0.25,0.01,0.05,0.06284153005464481,0.8435792349726776,0.040300546448087435,0.006830601092896175,0.015710382513661202,0.028688524590163935,0.0020491803278688526,False,True,False,False,False,False,False
720575940644801060,flow,efferent,1464,400,0.25,0.01,0.1,0.06284153005464481,0.8435792349726776,0.040300546448087435,0.006830601092896175,0.015710382513661202,0.028688524590163935,0.0020491803278688526,False,True,False,False,False,False,False
720575940610309034,flow,efferent,517,400,0.25,0.14285714285714285,0.01,0.38878143133462284,0.34622823984526113,0.20889748549323017,0.0,0.03868471953578337,0.017408123791102514,0.0,True,True,True,,True,True,
720575940610309034,flow,efferent,517,400,0.25,0.14285714285714285,0.05,0.38878143133462284,0.34622823984526113,0.20889748549323017,0.0,0.03868471953578337,0.017408123791102514,0.0,True,True,True,,False,False,
720575940610309034,flow,efferent,517,400,0.25,0.14285714285714285,0.1,0.38878143133462284,0.34622823984526113,0.20889748549323017,0.0,0.03868471953578337,0.017408123791102514,0.0,True,True,True,,False,False,
720575940610309034,flow,efferent,517,400,0.25,0.04,0.01,0.38878143133462284,0.34622823984526113,0.20889748549323017,0.0,0.03868471953578337,0.017408123791102514,0.0,True,True,True,,True,True,
720575940610309034,flow,efferent,517,400,0.25,0.04,0.05,0.38878143133462284,0.34622823984526113,0.20889748549323017,0.0,0.03868471953578337,0.017408123791102514,0.0,True,True,True,,False,False,
720575940610309034,flow,efferent,517,400,0.25,0.04,0.1,0.38878143133462284,0.34622823984526113,0.20889748549323017,0.0,0.03868471953578337,0.017408123791102514,0.0,False,False,False,,False,False,
720575940610309034,flow,efferent,517,400,0.25,0.02,0.01,0.38878143133462284,0.34622823984526113,0.20889748549323017,0.0,0.03868471953578337,0.017408123791102514,0.0,True,True,True,,True,False,
720575940610309034,flow,efferent,517,400,0.25,0.02,0.05,0.38878143133462284,0.34622823984526113,0.20889748549323017,0.0,0.03868471953578337,0.017408123791102514,0.0,True,True,True,,False,False,
720575940610309034,flow,efferent,517,400,0.25,0.02,0.1,0.38878143133462284,0.34622823984526113,0.20889748549323017,0.0,0.03868471953578337,0.017408123791102514,0.0,False,False,False,,False,False,
720575940610309034,flow,efferent,517,400,0.25,0.01,0.01,0.38878143133462284,0.34622823984526113,0.20889748549323017,0.0,0.03868471953578337,0.017408123791102514,0.0,True,True,True,,True,False,
720575940610309034,flow,efferent,517,400,0.25,0.01,0.05,0.38878143133462284,0.34622823984526113,0.20889748549323017,0.0,0.03868471953578337,0.017408123791102514,0.0,True,False,False,,False,False,
720575940610309034,flow,efferent,517,400,0.25,0.01,0.1,0.38878143133462284,0.34622823984526113,0.20889748549323017,0.0,0.03868471953578337,0.017408123791102514,0.0,False,False,False,,False,False,
720575940614734754,flow,efferent,747,400,0.25,0.14285714285714285,0.01,0.2744310575635877,0.21954484605087016,0.11512717536813923,0.038821954484605084,0.3132530120481928,0.03614457831325301,0.002677376171352075,True,True,True,True,True,True,False
720575940614734754,flow,efferent,747,400,0.25,0.14285714285714285,0.05,0.2744310575635877,0.21954484605087016,0.11512717536813923,0.038821954484605084,0.3132530120481928,0.03614457831325301,0.002677376171352075,True,True,True,False,True,False,False
720575940614734754,flow,efferent,747,400,0.25,0.14285714285714285,0.1,0.2744310575635877,0.21954484605087016,0.11512717536813923,0.038821954484605084,0.3132530120481928,0.03614457831325301,0.002677376171352075,True,True,False,False,True,False,False
720575940614734754,flow,efferent,747,400,0.25,0.04,0.01,0.2744310575635877,0.21954484605087016,0.11512717536813923,0.038821954484605084,0.3132530120481928,0.03614457831325301,0.002677376171352075,True,True,True,True,True,False,False
720575940614734754,flow,efferent,747,400,0.25,0.04,0.05,0.2744310575635877,0.21954484605087016,0.11512717536813923,0.038821954484605084,0.3132530120481928,0.03614457831325301,0.002677376171352075,True,False,False,False,False,False,False
720575940614734754,flow,efferent,747,400,0.25,0.04,0.1,0.2744310575635877,0.21954484605087016,0.11512717536813923,0.038821954484605084,0.3132530120481928,0.03614457831325301,0.002677376171352075,True,False,False,False,False,False,False
720575940614734754,flow,efferent,747,400,0.25,0.02,0.01,0.2744310575635877,0.21954484605087016,0.11512717536813923,0.038821954484605084,0.3132530120481928,0.03614457831325301,0.002677376171352075,True,True,True,True,True,False,False
720575940614734754,flow,efferent,747,400,0.25,0.02,0.05,0.2744310575635877,0.21954484605087016,0.11512717536813923,0.038821954484605084,0.3132530120481928,0.03614457831325301,0.002677376171352075,True,False,False,False,False,False,False
720575940614734754,flow,efferent,747,400,0.25,0.02,0.1,0.2744310575635877,0.21954484605087016,0.11512717536813923,0.038821954484605084,0.3132530120481928,0.03614457831325301,0.002677376171352075,True,False,False,False,False,False,False
720575940614734754,flow,efferent,747,400,0.25,0.01,0.01,0.2744310575635877,0.21954484605087016,0.11512717536813923,0.038821954484605084,0.3132530120481928,0.03614457831325301,0.002677376171352075,True,True,True,False,True,False,False
720575940614734754,flow,efferent,747,400,0.25,0.01,0.05,0.2744310575635877,0.21954484605087016,0.11512717536813923,0.038821954484605084,0.3132530120481928,0.03614457831325301,0.002677376171352075,True,False,False,False,False,False,False
720575940614734754,flow,efferent,747,400,0.25,0.01,0.1,0.2744310575635877,0.21954484605087016,0.11512717536813923,0.038821954484605084,0.3132530120481928,0.03614457831325301,0.002677376171352075,True,False,False,False,False,False,False
720575940624374334,flow,efferent,423,400,0.25,0.14285714285714285,0.01,0.375886524822695,0.4657210401891253,0.028368794326241134,0.004728132387706856,0.0591016548463357,0.06619385342789598,0.0,True,True,True,False,True,True,
720575940624374334,flow,efferent,423,400,0.25,0.14285714285714285,0.05,0.375886524822695,0.4657210401891253,0.028368794326241134,0.004728132387706856,0.0591016548463357,0.06619385342789598,0.0,True,True,False,False,False,False,
720575940624374334,flow,efferent,423,400,0.25,0.14285714285714285,0.1,0.375886524822695,0.4657210401891253,0.028368794326241134,0.004728132387706856,0.0591016548463357,0.06619385342789598,0.0,True,True,False,False,False,False,
720575940624374334,flow,efferent,423,400,0.25,0.04,0.01,0.375886524822695,0.4657210401891253,0.028368794326241134,0.004728132387706856,0.0591016548463357,0.06619385342789598,0.0,True,True,True,False,False,True,
720575940624374334,flow,efferent,423,400,0.25,0.04,0.05,0.375886524822695,0.4657210401891253,0.028368794326241134,0.004728132387706856,0.0591016548463357,0.06619385342789598,0.0,True,True,False,False,False,False,
720575940624374334,flow,efferent,423,400,0.25,0.04,0.1,0.375886524822695,0.4657210401891253,0.028368794326241134,0.004728132387706856,0.0591016548463357,0.06619385342789598,0.0,True,True,False,False,False,False,
720575940624374334,flow,efferent,423,400,0.25,0.02,0.01,0.375886524822695,0.4657210401891253,0.028368794326241134,0.004728132387706856,0.0591016548463357,0.06619385342789598,0.0,True,True,True,False,False,True,
720575940624374334,flow,efferent,423,400,0.25,0.02,0.05,0.375886524822695,0.4657210401891253,0.028368794326241134,0.004728132387706856,0.0591016548463357,0.06619385342789598,0.0,True,True,False,False,False,False,
720575940624374334,flow,efferent,423,400,0.25,0.02,0.1,0.375886524822695,0.4657210401891253,0.028368794326241134,0.004728132387706856,0.0591016548463357,0.06619385342789598,0.0,True,True,False,False,False,False,
720575940624374334,flow,efferent,423,400,0.25,0.01,0.01,0.375886524822695,0.4657210401891253,0.028368794326241134,0.004728132387706856,0.0591016548463357,0.06619385342789598,0.0,True,True,True,False,False,True,
720575940624374334,flow,efferent,423,400,0.25,0.01,0.05,0.375886524822695,0.4657210401891253,0.028368794326241134,0.004728132387706856,0.0591016548463357,0.06619385342789598,0.0,True,True,False,False,False,False,
720575940624374334,flow,efferent,423,400,0.25,0.01,0.1,0.375886524822695,0.4657210401891253,0.028368794326241134,0.004728132387706856,0.0591016548463357,0.06619385342789598,0.0,True,True,False,False,False,False,
720575940643817888,flow,efferent,1289,400,0.25,0.14285714285714285,0.01,0.1365399534522886,0.5128006206361521,0.08688906128782002,0.013188518231186967,0.15593483320403415,0.09464701318851823,0.0,True,True,True,False,True,True,
720575940643817888,flow,efferent,1289,400,0.25,0.14285714285714285,0.05,0.1365399534522886,0.5128006206361521,0.08688906128782002,0.013188518231186967,0.15593483320403415,0.09464701318851823,0.0,True,True,True,False,True,False,
720575940643817888,flow,efferent,1289,400,0.25,0.14285714285714285,0.1,0.1365399534522886,0.5128006206361521,0.08688906128782002,0.013188518231186967,0.15593483320403415,0.09464701318851823,0.0,True,True,False,False,False,False,
720575940643817888,flow,efferent,1289,400,0.25,0.04,0.01,0.1365399534522886,0.5128006206361521,0.08688906128782002,0.013188518231186967,0.15593483320403415,0.09464701318851823,0.0,True,True,True,False,True,True,
720575940643817888,flow,efferent,1289,400,0.25,0.04,0.05,0.1365399534522886,0.5128006206361521,0.08688906128782002,0.013188518231186967,0.15593483320403415,0.09464701318851823,0.0,True,True,False,False,False,False,
720575940643817888,flow,efferent,1289,400,0.25,0.04,0.1,0.1365399534522886,0.5128006206361521,0.08688906128782002,0.013188518231186967,0.15593483320403415,0.09464701318851823,0.0,True,False,False,False,False,False,
720575940643817888,flow,efferent,1289,400,0.25,0.02,0.01,0.1365399534522886,0.5128006206361521,0.08688906128782002,0.013188518231186967,0.15593483320403415,0.09464701318851823,0.0,True,True,True,False,True,True,
720575940643817888,flow,efferent,1289,400,0.25,0.02,0.05,0.1365399534522886,0.5128006206361521,0.08688906128782002,0.013188518231186967,0.15593483320403415,0.09464701318851823,0.0,True,True,False,False,False,False,
720575940643817888,flow,efferent,1289,400,0.25,0.02,0.1,0.1365399534522886,0.5128006206361521,0.08688906128782002,0.013188518231186967,0.15593483320403415,0.09464701318851823,0.0,True,False,False,False,False,False,
720575940643817888,flow,efferent,1289,400,0.25,0.01,0.01,0.1365399534522886,0.5128006206361521,0.08688906128782002,0.013188518231186967,0.15593483320403415,0.09464701318851823,0.0,True,True,False,False,True,True,
720575940643817888,flow,efferent,1289,400,0.25,0.01,0.05,0.1365399534522886,0.5128006206361521,0.08688906128782002,0.013188518231186967,0.15593483320403415,0.09464701318851823,0.0,True,False,False,False,False,False,
720575940643817888,flow,efferent,1289,400,0.25,0.01,0.1,0.1365399534522886,0.5128006206361521,0.08688906128782002,0.013188518231186967,0.15593483320403415,0.09464701318851823,0.0,True,False,False,False,False,False,
720575940637608560,flow,efferent,1956,400,0.25,0.14285714285714285,0.01,0.1114519427402863,0.4657464212678937,0.10122699386503067,0.07822085889570553,0.2060327198364008,0.036298568507157465,0.0010224948875255625,True,True,True,True,True,True,False
720575940637608560,flow,efferent,1956,400,0.25,0.14285714285714285,0.05,0.1114519427402863,0.4657464212678937,0.10122699386503067,0.07822085889570553,0.2060327198364008,0.036298568507157465,0.0010224948875255625,True,True,False,True,True,False,False
720575940637608560,flow,efferent,1956,400,0.25,0.14285714285714285,0.1,0.1114519427402863,0.4657464212678937,0.10122699386503067,0.07822085889570553,0.2060327198364008,0.036298568507157465,0.0010224948875255625,False,True,False,False,False,False,False
720575940637608560,flow,efferent,1956,400,0.25,0.04,0.01,0.1114519427402863,0.4657464212678937,0.10122699386503067,0.07822085889570553,0.2060327198364008,0.036298568507157465,0.0010224948875255625,True,True,True,True,True,True,False
720575940637608560,flow,efferent,1956,400,0.25,0.04,0.05,0.1114519427402863,0.4657464212678937,0.10122699386503067,0.07822085889570553,0.2060327198364008,0.036298568507157465,0.0010224948875255625,True,True,False,False,False,False,False
720575940637608560,flow,efferent,1956,400,0.25,0.04,0.1,0.1114519427402863,0.4657464212678937,0.10122699386503067,0.07822085889570553,0.2060327198364008,0.036298568507157465,0.0010224948875255625,False,True,False,False,False,False,False
720575940637608560,flow,efferent,1956,400,0.25,0.02,0.01,0.1114519427402863,0.4657464212678937,0.10122699386503067,0.07822085889570553,0.2060327198364008,0.036298568507157465,0.0010224948875255625,True,True,True,True,True,True,False
720575940637608560,flow,efferent,1956,400,0.25,0.02,0.05,0.1114519427402863,0.4657464212678937,0.10122699386503067,0.07822085889570553,0.2060327198364008,0.036298568507157465,0.0010224948875255625,True,True,False,False,False,False,False
720575940637608560,flow,efferent,1956,400,0.25,0.02,0.1,0.1114519427402863,0.4657464212678937,0.10122699386503067,0.07822085889570553,0.2060327198364008,0.036298568507157465,0.0010224948875255625,False,True,False,False,False,False,False
720575940637608560,flow,efferent,1956,400,0.25,0.01,0.01,0.1114519427402863,0.4657464212678937,0.10122699386503067,0.07822085889570553,0.2060327198364008,0.036298568507157465,0.0010224948875255625,True,True,True,True,True,True,False
720575940637608560,flow,efferent,1956,400,0.25,0.01,0.05,0.1114519427402863,0.4657464212678937,0.10122699386503067,0.07822085889570553,0.2060327198364008,0.036298568507157465,0.0010224948875255625,True,True,False,False,False,False,False
720575940637608560,flow,efferent,1956,400,0.25,0.01,0.1,0.1114519427402863,0.4657464212678937,0.10122699386503067,0.07822085889570553,0.2060327198364008,0.036298568507157465,0.0010224948875255625,False,True,False,False,False,False,False
