root_id,classification_system,cell_type,num_synapses,min_synapses,softmax_threshold,bandwidth_quantile_value,min_synapses_ratio_value,GABA_ratio,ACh_ratio,Glut_ratio,Oct_ratio,Ser_ratio,DA_ratio,Unknown_ratio,GABA_clusters,ACh_clusters,Glut_clusters,Oct_clusters,Ser_clusters,DA_clusters,Unknown_clusters
720575940624484796,flow,efferent,1178,400,0.25,0.14285714285714285,0.01,0.11205432937181664,0.6409168081494058,0.07385398981324279,0.02037351443123939,0.12393887945670629,0.028862478777589132,0.0,True,True,True,True,True,True,
720575940624484796,flow,efferent,1178,400,0.25,0.14285714285714285,0.05,0.11205432937181664,0.6409168081494058,0.07385398981324279,0.02037351443123939,0.12393887945670629,0.028862478777589132,0.0,True,True,False,False,True,False,
720575940624484796,flow,efferent,1178,400,0.25,0.14285714285714285,0.1,0.11205432937181664,0.6409168081494058,0.07385398981324279,0.02037351443123939,0.12393887945670629,0.028862478777589132,0.0,False,True,False,False,False,False,
720575940624484796,flow,efferent,1178,400,0.25,0.04,0.01,0.11205432937181664,0.6409168081494058,0.07385398981324279,0.02037351443123939,0.12393887945670629,0.028862478777589132,0.0,True,True,True,False,True,True,
720575940624484796,flow,efferent,1178,400,0.25,0.04,0.05,0.11205432937181664,0.6409168081494058,0.07385398981324279,0.02037351443123939,0.12393887945670629,0.028862478777589132,0.0,True,True,False,False,False,False,
720575940624484796,flow,efferent,1178,400,0.25,0.04,0.1,0.11205432937181664,0.6409168081494058,0.07385398981324279,0.02037351443123939,0.12393887945670629,0.028862478777589132,0.0,False,False,False,False,False,False,
720575940624484796,flow,efferent,1178,400,0.25,0.02,0.01,0.11205432937181664,0.6409168081494058,0.07385398981324279,0.02037351443123939,0.12393887945670629,0.028862478777589132,0.0,True,True,True,False,True,True,
720575940624484796,flow,efferent,1178,400,0.25,0.02,0.05,0.11205432937181664,0.6409168081494058,0.07385398981324279,0.02037351443123939,0.12393887945670629,0.028862478777589132,0.0,True,True,False,False,False,False,
720575940624484796,flow,efferent,1178,400,0.25,0.02,0.1,0.11205432937181664,0.6409168081494058,0.07385398981324279,0.02037351443123939,0.12393887945670629,0.028862478777589132,0.0,False,False,False,False,False,False,
720575940624484796,flow,efferent,1178,400,0.25,0.01,0.01,0.11205432937181664,0.6409168081494058,0.07385398981324279,0.02037351443123939,0.12393887945670629,0.028862478777589132,0.0,True,True,True,False,True,True,
720575940624484796,flow,efferent,1178,400,0.25,0.01,0.05,0.11205432937181664,0.6409168081494058,0.07385398981324279,0.02037351443123939,0.12393887945670629,0.028862478777589132,0.0,True,True,False,False,False,False,
720575940624484796,flow,efferent,1178,400,0.25,0.01,0.1,0.11205432937181664,0.6409168081494058,0.07385398981324279,0.02037351443123939,0.12393887945670629,0.028862478777589132,0.0,False,False,False,False,False,False,
720575940625721118,flow,efferent,2154,400,0.25,0.14285714285714285,0.01,0.12720519962859797,0.00046425255338904364,0.0009285051067780873,0.7358402971216341,0.0914577530176416,0.04410399257195915,0.0,True,,False,True,True,True,
720575940625721118,flow,efferent,2154,400,0.25,0.14285714285714285,0.05,0.12720519962859797,0.00046425255338904364,0.0009285051067780873,0.7358402971216341,0.0914577530176416,0.04410399257195915,0.0,True,,False,True,False,False,
720575940625721118,flow,efferent,2154,400,0.25,0.14285714285714285,0.1,0.12720519962859797,0.00046425255338904364,0.0009285051067780873,0.7358402971216341,0.0914577530176416,0.04410399257195915,0.0,True,,False,True,False,False,
720575940625721118,flow,efferent,2154,400,0.25,0.04,0.01,0.12720519962859797,0.00046425255338904364,0.0009285051067780873,0.7358402971216341,0.0914577530176416,0.04410399257195915,0.0,True,,False,True,True,False,
720575940625721118,flow,efferent,2154,400,0.25,0.04,0.05,0.12720519962859797,0.00046425255338904364,0.0009285051067780873,0.7358402971216341,0.0914577530176416,0.04410399257195915,0.0,True,,False,True,False,False,
720575940625721118,flow,efferent,2154,400,0.25,0.04,0.1,0.12720519962859797,0.00046425255338904364,0.0009285051067780873,0.7358402971216341,0.0914577530176416,0.04410399257195915,0.0,True,,False,True,False,False,
720575940625721118,flow,efferent,2154,400,0.25,0.02,0.01,0.12720519962859797,0.00046425255338904364,0.0009285051067780873,0.7358402971216341,0.0914577530176416,0.04410399257195915,0.0,True,,False,True,True,False,
720575940625721118,flow,efferent,2154,400,0.25,0.02,0.05,0.12720519962859797,0.00046425255338904364,0.0009285051067780873,0.7358402971216341,0.0914577530176416,0.04410399257195915,0.0,False,,False,True,False,False,
720575940625721118,flow,efferent,2154,400,0.25,0.02,0.1,0.12720519962859797,0.00046425255338904364,0.0009285051067780873,0.7358402971216341,0.0914577530176416,0.04410399257195915,0.0,False,,False,True,False,False,
720575940625721118,flow,efferent,2154,400,0.25,0.01,0.01,0.12720519962859797,0.00046425255338904364,0.0009285051067780873,0.7358402971216341,0.0914577530176416,0.04410399257195915,0.0,True,,False,True,True,False,
720575940625721118,flow,efferent,2154,400,0.25,0.01,0.05,0.12720519962859797,0.00046425255338904364,0.0009285051067780873,0.7358402971216341,0.0914577530176416,0.04410399257195915,0.0,False,,False,True,False,False,
720575940625721118,flow,efferent,2154,400,0.25,0.01,0.1,0.12720519962859797,0.00046425255338904364,0.0009285051067780873,0.7358402971216341,0.0914577530176416,0.04410399257195915,0.0,False,,False,False,False,False,
720575940646225006,flow,efferent,3042,400,0.25,0.14285714285714285,0.01,0.19099276791584485,0.044707429322813935,0.027284681130834976,0.27383300460223536,0.1712689020381328,0.29092702169625245,0.0009861932938856016,True,True,True,True,True,True,False
720575940646225006,flow,efferent,3042,400,0.25,0.14285714285714285,0.05,0.19099276791584485,0.044707429322813935,0.027284681130834976,0.27383300460223536,0.1712689020381328,0.29092702169625245,0.0009861932938856016,True,False,False,True,True,True,False
720575940646225006,flow,efferent,3042,400,0.25,0.14285714285714285,0.1,0.19099276791584485,0.044707429322813935,0.027284681130834976,0.27383300460223536,0.1712689020381328,0.29092702169625245,0.0009861932938856016,True,False,False,True,False,True,False
720575940646225006,flow,efferent,3042,400,0.25,0.04,0.01,0.19099276791584485,0.044707429322813935,0.027284681130834976,0.27383300460223536,0.1712689020381328,0.29092702169625245,0.0009861932938856016,True,True,False,True,True,True,False
720575940646225006,flow,efferent,3042,400,0.25,0.04,0.05,0.19099276791584485,0.044707429322813935,0.027284681130834976,0.27383300460223536,0.1712689020381328,0.29092702169625245,0.0009861932938856016,True,False,False,True,False,True,False
720575940646225006,flow,efferent,3042,400,0.25,0.04,0.1,0.19099276791584485,0.044707429322813935,0.027284681130834976,0.27383300460223536,0.1712689020381328,0.29092702169625245,0.0009861932938856016,True,False,False,True,False,True,False
720575940646225006,flow,efferent,3042,400,0.25,0.02,0.01,0.19099276791584485,0.044707429322813935,0.027284681130834976,0.27383300460223536,0.1712689020381328,0.29092702169625245,0.0009861932938856016,True,True,False,True,True,True,False
720575940646225006,flow,efferent,3042,400,0.25,0.02,0.05,0.19099276791584485,0.044707429322813935,0.027284681130834976,0.27383300460223536,0.1712689020381328,0.29092702169625245,0.0009861932938856016,True,False,False,True,False,True,False
720575940646225006,flow,efferent,3042,400,0.25,0.02,0.1,0.19099276791584485,0.044707429322813935,0.027284681130834976,0.27383300460223536,0.1712689020381328,0.29092702169625245,0.0009861932938856016,True,False,False,True,False,True,False
720575940646225006,flow,efferent,3042,400,0.25,0.01,0.01,0.19099276791584485,0.044707429322813935,0.027284681130834976,0.27383300460223536,0.1712689020381328,0.29092702169625245,0.0009861932938856016,True,True,False,True,True,True,False
720575940646225006,flow,efferent,3042,400,0.25,0.01,0.05,0.19099276791584485,0.044707429322813935,0.027284681130834976,0.27383300460223536,0.1712689020381328,0.29092702169625245,0.0009861932938856016,True,False,False,True,False,True,False
720575940646225006,flow,efferent,3042,400,0.25,0.01,0.1,0.19099276791584485,0.044707429322813935,0.027284681130834976,0.27383300460223536,0.1712689020381328,0.29092702169625245,0.0009861932938856016,True,False,False,True,False,True,False
720575940622673860,flow,efferent,6161,400,0.25,0.14285714285714285,0.01,0.15159876643402045,0.42509332900503166,0.17253692582372993,0.02126278201590651,0.07823405291348808,0.14672942704106476,0.004544716766758643,True,True,True,True,True,True,False
720575940622673860,flow,efferent,6161,400,0.25,0.14285714285714285,0.05,0.15159876643402045,0.42509332900503166,0.17253692582372993,0.02126278201590651,0.07823405291348808,0.14672942704106476,0.004544716766758643,True,True,True,False,True,True,False
720575940622673860,flow,efferent,6161,400,0.25,0.14285714285714285,0.1,0.15159876643402045,0.42509332900503166,0.17253692582372993,0.02126278201590651,0.07823405291348808,0.14672942704106476,0.004544716766758643,True,True,True,False,False,True,False
720575940622673860,flow,efferent,6161,400,0.25,0.04,0.01,0.15159876643402045,0.42509332900503166,0.17253692582372993,0.02126278201590651,0.07823405291348808,0.14672942704106476,0.004544716766758643,True,True,True,False,True,True,False
720575940622673860,flow,efferent,6161,400,0.25,0.04,0.05,0.15159876643402045,0.42509332900503166,0.17253692582372993,0.02126278201590651,0.07823405291348808,0.14672942704106476,0.004544716766758643,False,False,False,False,False,False,False
720575940622673860,flow,efferent,6161,400,0.25,0.04,0.1,0.15159876643402045,0.42509332900503166,0.17253692582372993,0.02126278201590651,0.07823405291348808,0.14672942704106476,0.004544716766758643,False,False,False,False,False,False,False
720575940622673860,flow,efferent,6161,400,0.25,0.02,0.01,0.15159876643402045,0.42509332900503166,0.17253692582372993,0.02126278201590651,0.07823405291348808,0.14672942704106476,0.004544716766758643,True,True,True,False,True,True,False
720575940622673860,flow,efferent,6161,400,0.25,0.02,0.05,0.15159876643402045,0.42509332900503166,0.17253692582372993,0.02126278201590651,0.07823405291348808,0.14672942704106476,0.004544716766758643,False,False,False,False,False,False,False
720575940622673860,flow,efferent,6161,400,0.25,0.02,0.1,0.15159876643402045,0.42509332900503166,0.17253692582372993,0.02126278201590651,0.07823405291348808,0.14672942704106476,0.004544716766758643,False,False,False,False,False,False,False
720575940622673860,flow,efferent,6161,400,0.25,0.01,0.01,0.15159876643402045,0.42509332900503166,0.17253692582372993,0.02126278201590651,0.07823405291348808,0.14672942704106476,0.004544716766758643,True,True,False,False,False,True,False
720575940622673860,flow,efferent,6161,400,0.25,0.01,0.05,0.15159876643402045,0.42509332900503166,0.17253692582372993,0.02126278201590651,0.07823405291348808,0.14672942704106476,0.004544716766758643,False,False,False,False,False,False,False
720575940622673860,flow,efferent,6161,400,0.25,0.01,0.1,0.15159876643402045,0.42509332900503166,0.17253692582372993,0.02126278201590651,0.07823405291348808,0.14672942704106476,0.004544716766758643,False,False,False,False,False,False,False
720575940633710756,flow,efferent,612,400,0.25,0.14285714285714285,0.01,0.10620915032679738,0.2761437908496732,0.08169934640522876,0.1650326797385621,0.3562091503267974,0.013071895424836602,0.0016339869281045752,True,True,True,True,True,False,
720575940633710756,flow,efferent,612,400,0.25,0.14285714285714285,0.05,0.10620915032679738,0.2761437908496732,0.08169934640522876,0.1650326797385621,0.3562091503267974,0.013071895424836602,0.0016339869281045752,True,True,False,True,True,False,
720575940633710756,flow,efferent,612,400,0.25,0.14285714285714285,0.1,0.10620915032679738,0.2761437908496732,0.08169934640522876,0.1650326797385621,0.3562091503267974,0.013071895424836602,0.0016339869281045752,False,True,False,False,True,False,
720575940633710756,flow,efferent,612,400,0.25,0.04,0.01,0.10620915032679738,0.2761437908496732,0.08169934640522876,0.1650326797385621,0.3562091503267974,0.013071895424836602,0.0016339869281045752,True,True,True,True,True,False,
720575940633710756,flow,efferent,612,400,0.25,0.04,0.05,0.10620915032679738,0.2761437908496732,0.08169934640522876,0.1650326797385621,0.3562091503267974,0.013071895424836602,0.0016339869281045752,True,True,False,True,True,False,
720575940633710756,flow,efferent,612,400,0.25,0.04,0.1,0.10620915032679738,0.2761437908496732,0.08169934640522876,0.1650326797385621,0.3562091503267974,0.013071895424836602,0.0016339869281045752,False,True,False,False,False,False,
720575940633710756,flow,efferent,612,400,0.25,0.02,0.01,0.10620915032679738,0.2761437908496732,0.08169934640522876,0.1650326797385621,0.3562091503267974,0.013071895424836602,0.0016339869281045752,True,True,False,True,True,False,
720575940633710756,flow,efferent,612,400,0.25,0.02,0.05,0.10620915032679738,0.2761437908496732,0.08169934640522876,0.1650326797385621,0.3562091503267974,0.013071895424836602,0.0016339869281045752,True,True,False,True,True,False,
720575940633710756,flow,efferent,612,400,0.25,0.02,0.1,0.10620915032679738,0.2761437908496732,0.08169934640522876,0.1650326797385621,0.3562091503267974,0.013071895424836602,0.0016339869281045752,False,True,False,False,False,False,
720575940633710756,flow,efferent,612,400,0.25,0.01,0.01,0.10620915032679738,0.2761437908496732,0.08169934640522876,0.1650326797385621,0.3562091503267974,0.013071895424836602,0.0016339869281045752,True,True,False,True,True,False,
720575940633710756,flow,efferent,612,400,0.25,0.01,0.05,0.10620915032679738,0.2761437908496732,0.08169934640522876,0.1650326797385621,0.3562091503267974,0.013071895424836602,0.0016339869281045752,False,False,False,True,False,False,
720575940633710756,flow,efferent,612,400,0.25,0.01,0.1,0.10620915032679738,0.2761437908496732,0.08169934640522876,0.1650326797385621,0.3562091503267974,0.013071895424836602,0.0016339869281045752,False,False,False,False,False,False,
720575940620628957,flow,efferent,1640,400,0.25,0.14285714285714285,0.01,0.374390243902439,0.01097560975609756,0.006707317073170732,0.4768292682926829,0.10182926829268292,0.02926829268292683,0.0,True,False,False,True,True,True,
720575940620628957,flow,efferent,1640,400,0.25,0.14285714285714285,0.05,0.374390243902439,0.01097560975609756,0.006707317073170732,0.4768292682926829,0.10182926829268292,0.02926829268292683,0.0,True,False,False,True,True,False,
720575940620628957,flow,efferent,1640,400,0.25,0.14285714285714285,0.1,0.374390243902439,0.01097560975609756,0.006707317073170732,0.4768292682926829,0.10182926829268292,0.02926829268292683,0.0,True,False,False,True,False,False,
720575940620628957,flow,efferent,1640,400,0.25,0.04,0.01,0.374390243902439,0.01097560975609756,0.006707317073170732,0.4768292682926829,0.10182926829268292,0.02926829268292683,0.0,True,False,False,True,True,True,
720575940620628957,flow,efferent,1640,400,0.25,0.04,0.05,0.374390243902439,0.01097560975609756,0.006707317073170732,0.4768292682926829,0.10182926829268292,0.02926829268292683,0.0,True,False,False,True,True,False,
720575940620628957,flow,efferent,1640,400,0.25,0.04,0.1,0.374390243902439,0.01097560975609756,0.006707317073170732,0.4768292682926829,0.10182926829268292,0.02926829268292683,0.0,True,False,False,True,False,False,
720575940620628957,flow,efferent,1640,400,0.25,0.02,0.01,0.374390243902439,0.01097560975609756,0.006707317073170732,0.4768292682926829,0.10182926829268292,0.02926829268292683,0.0,True,False,False,True,True,True,
720575940620628957,flow,efferent,1640,400,0.25,0.02,0.05,0.374390243902439,0.01097560975609756,0.006707317073170732,0.4768292682926829,0.10182926829268292,0.02926829268292683,0.0,True,False,False,True,False,False,
720575940620628957,flow,efferent,1640,400,0.25,0.02,0.1,0.374390243902439,0.01097560975609756,0.006707317073170732,0.4768292682926829,0.10182926829268292,0.02926829268292683,0.0,True,False,False,True,False,False,
720575940620628957,flow,efferent,1640,400,0.25,0.01,0.01,0.374390243902439,0.01097560975609756,0.006707317073170732,0.4768292682926829,0.10182926829268292,0.02926829268292683,0.0,True,False,False,True,True,True,
720575940620628957,flow,efferent,1640,400,0.25,0.01,0.05,0.374390243902439,0.01097560975609756,0.006707317073170732,0.4768292682926829,0.10182926829268292,0.02926829268292683,0.0,True,False,False,True,False,False,
720575940620628957,flow,efferent,1640,400,0.25,0.01,0.1,0.374390243902439,0.01097560975609756,0.006707317073170732,0.4768292682926829,0.10182926829268292,0.02926829268292683,0.0,True,False,False,False,False,False,
720575940614165201,flow,efferent,6932,400,0.25,0.14285714285714285,0.01,0.01154068090017311,0.8381419503750721,0.09852856318522793,0.002308136180034622,0.02336987882285055,0.025966532025389497,0.00014425851125216387,False,True,True,False,False,False,
720575940614165201,flow,efferent,6932,400,0.25,0.14285714285714285,0.05,0.01154068090017311,0.8381419503750721,0.09852856318522793,0.002308136180034622,0.02336987882285055,0.025966532025389497,0.00014425851125216387,False,True,False,False,False,False,
720575940614165201,flow,efferent,6932,400,0.25,0.14285714285714285,0.1,0.01154068090017311,0.8381419503750721,0.09852856318522793,0.002308136180034622,0.02336987882285055,0.025966532025389497,0.00014425851125216387,False,True,False,False,False,False,
720575940614165201,flow,efferent,6932,400,0.25,0.04,0.01,0.01154068090017311,0.8381419503750721,0.09852856318522793,0.002308136180034622,0.02336987882285055,0.025966532025389497,0.00014425851125216387,False,True,True,False,False,False,
720575940614165201,flow,efferent,6932,400,0.25,0.04,0.05,0.01154068090017311,0.8381419503750721,0.09852856318522793,0.002308136180034622,0.02336987882285055,0.025966532025389497,0.00014425851125216387,False,True,False,False,False,False,
720575940614165201,flow,efferent,6932,400,0.25,0.04,0.1,0.01154068090017311,0.8381419503750721,0.09852856318522793,0.002308136180034622,0.02336987882285055,0.025966532025389497,0.00014425851125216387,False,True,False,False,False,False,
720575940614165201,flow,efferent,6932,400,0.25,0.02,0.01,0.01154068090017311,0.8381419503750721,0.09852856318522793,0.002308136180034622,0.02336987882285055,0.025966532025389497,0.00014425851125216387,False,True,True,False,False,False,
720575940614165201,flow,efferent,6932,400,0.25,0.02,0.05,0.01154068090017311,0.8381419503750721,0.09852856318522793,0.002308136180034622,0.02336987882285055,0.025966532025389497,0.00014425851125216387,False,True,False,False,False,False,
720575940614165201,flow,efferent,6932,400,0.25,0.02,0.1,0.01154068090017311,0.8381419503750721,0.09852856318522793,0.002308136180034622,0.02336987882285055,0.025966532025389497,0.00014425851125216387,False,False,False,False,False,False,
720575940614165201,flow,efferent,6932,400,0.25,0.01,0.01,0.01154068090017311,0.8381419503750721,0.09852856318522793,0.002308136180034622,0.02336987882285055,0.025966532025389497,0.00014425851125216387,False,True,False,False,False,False,
720575940614165201,flow,efferent,6932,400,0.25,0.01,0.05,0.01154068090017311,0.8381419503750721,0.09852856318522793,0.002308136180034622,0.02336987882285055,0.025966532025389497,0.00014425851125216387,False,False,False,False,False,False,
720575940614165201,flow,efferent,6932,400,0.25,0.01,0.1,0.01154068090017311,0.8381419503750721,0.09852856318522793,0.002308136180034622,0.02336987882285055,0.025966532025389497,0.00014425851125216387,False,False,False,False,False,False,
720575940608157397,flow,efferent,2037,400,0.25,0.14285714285714285,0.01,0.15758468335787923,0.017673048600883652,0.013745704467353952,0.586647029945999,0.19440353460972018,0.029945999018163968,0.0,True,True,True,True,True,True,
720575940608157397,flow,efferent,2037,400,0.25,0.14285714285714285,0.05,0.15758468335787923,0.017673048600883652,0.013745704467353952,0.586647029945999,0.19440353460972018,0.029945999018163968,0.0,True,False,False,True,True,False,
720575940608157397,flow,efferent,2037,400,0.25,0.14285714285714285,0.1,0.15758468335787923,0.017673048600883652,0.013745704467353952,0.586647029945999,0.19440353460972018,0.029945999018163968,0.0,True,False,False,True,False,False,
720575940608157397,flow,efferent,2037,400,0.25,0.04,0.01,0.15758468335787923,0.017673048600883652,0.013745704467353952,0.586647029945999,0.19440353460972018,0.029945999018163968,0.0,True,False,False,True,True,True,
720575940608157397,flow,efferent,2037,400,0.25,0.04,0.05,0.15758468335787923,0.017673048600883652,0.013745704467353952,0.586647029945999,0.19440353460972018,0.029945999018163968,0.0,True,False,False,True,True,False,
720575940608157397,flow,efferent,2037,400,0.25,0.04,0.1,0.15758468335787923,0.017673048600883652,0.013745704467353952,0.586647029945999,0.19440353460972018,0.029945999018163968,0.0,True,False,False,True,False,False,
720575940608157397,flow,efferent,2037,400,0.25,0.02,0.01,0.15758468335787923,0.017673048600883652,0.013745704467353952,0.586647029945999,0.19440353460972018,0.029945999018163968,0.0,True,False,False,True,True,True,
720575940608157397,flow,efferent,2037,400,0.25,0.02,0.05,0.15758468335787923,0.017673048600883652,0.013745704467353952,0.586647029945999,0.19440353460972018,0.029945999018163968,0.0,True,False,False,True,True,False,
720575940608157397,flow,efferent,2037,400,0.25,0.02,0.1,0.15758468335787923,0.017673048600883652,0.013745704467353952,0.586647029945999,0.19440353460972018,0.029945999018163968,0.0,True,False,False,True,False,False,
720575940608157397,flow,efferent,2037,400,0.25,0.01,0.01,0.15758468335787923,0.017673048600883652,0.013745704467353952,0.586647029945999,0.19440353460972018,0.029945999018163968,0.0,True,False,False,True,True,False,
720575940608157397,flow,efferent,2037,400,0.25,0.01,0.05,0.15758468335787923,0.017673048600883652,0.013745704467353952,0.586647029945999,0.19440353460972018,0.029945999018163968,0.0,False,False,False,True,False,False,
720575940608157397,flow,efferent,2037,400,0.25,0.01,0.1,0.15758468335787923,0.017673048600883652,0.013745704467353952,0.586647029945999,0.19440353460972018,0.029945999018163968,0.0,False,False,False,True,False,False,
720575940629872971,flow,efferent,508,400,0.25,0.14285714285714285,0.01,0.19094488188976377,0.003937007874015748,0.0,0.7145669291338582,0.05511811023622047,0.03543307086614173,0.0,True,False,,True,True,True,
720575940629872971,flow,efferent,508,400,0.25,0.14285714285714285,0.05,0.19094488188976377,0.003937007874015748,0.0,0.7145669291338582,0.05511811023622047,0.03543307086614173,0.0,True,False,,True,False,False,
720575940629872971,flow,efferent,508,400,0.25,0.14285714285714285,0.1,0.19094488188976377,0.003937007874015748,0.0,0.7145669291338582,0.05511811023622047,0.03543307086614173,0.0,True,False,,True,False,False,
720575940629872971,flow,efferent,508,400,0.25,0.04,0.01,0.19094488188976377,0.003937007874015748,0.0,0.7145669291338582,0.05511811023622047,0.03543307086614173,0.0,True,False,,True,True,True,
720575940629872971,flow,efferent,508,400,0.25,0.04,0.05,0.19094488188976377,0.003937007874015748,0.0,0.7145669291338582,0.05511811023622047,0.03543307086614173,0.0,True,False,,True,False,False,
720575940629872971,flow,efferent,508,400,0.25,0.04,0.1,0.19094488188976377,0.003937007874015748,0.0,0.7145669291338582,0.05511811023622047,0.03543307086614173,0.0,False,False,,True,False,False,
720575940629872971,flow,efferent,508,400,0.25,0.02,0.01,0.19094488188976377,0.003937007874015748,0.0,0.7145669291338582,0.05511811023622047,0.03543307086614173,0.0,True,False,,True,True,True,
720575940629872971,flow,efferent,508,400,0.25,0.02,0.05,0.19094488188976377,0.003937007874015748,0.0,0.7145669291338582,0.05511811023622047,0.03543307086614173,0.0,False,False,,True,False,False,
720575940629872971,flow,efferent,508,400,0.25,0.02,0.1,0.19094488188976377,0.003937007874015748,0.0,0.7145669291338582,0.05511811023622047,0.03543307086614173,0.0,False,False,,True,False,False,
720575940629872971,flow,efferent,508,400,0.25,0.01,0.01,0.19094488188976377,0.003937007874015748,0.0,0.7145669291338582,0.05511811023622047,0.03543307086614173,0.0,True,False,,True,True,False,
720575940629872971,flow,efferent,508,400,0.25,0.01,0.05,0.19094488188976377,0.003937007874015748,0.0,0.7145669291338582,0.05511811023622047,0.03543307086614173,0.0,False,False,,False,False,False,
720575940629872971,flow,efferent,508,400,0.25,0.01,0.1,0.19094488188976377,0.003937007874015748,0.0,0.7145669291338582,0.05511811023622047,0.03543307086614173,0.0,False,False,,False,False,False,
720575940621667693,flow,efferent,2977,400,0.25,0.14285714285714285,0.01,0.4884111521666107,0.06315082297615049,0.04501175680214981,0.21934833725226738,0.14813570708767215,0.03560631508229761,0.0003359086328518643,True,True,True,True,True,True,
720575940621667693,flow,efferent,2977,400,0.25,0.14285714285714285,0.05,0.4884111521666107,0.06315082297615049,0.04501175680214981,0.21934833725226738,0.14813570708767215,0.03560631508229761,0.0003359086328518643,True,False,False,True,True,False,
720575940621667693,flow,efferent,2977,400,0.25,0.14285714285714285,0.1,0.4884111521666107,0.06315082297615049,0.04501175680214981,0.21934833725226738,0.14813570708767215,0.03560631508229761,0.0003359086328518643,True,False,False,False,False,False,
720575940621667693,flow,efferent,2977,400,0.25,0.04,0.01,0.4884111521666107,0.06315082297615049,0.04501175680214981,0.21934833725226738,0.14813570708767215,0.03560631508229761,0.0003359086328518643,True,True,True,True,True,False,
720575940621667693,flow,efferent,2977,400,0.25,0.04,0.05,0.4884111521666107,0.06315082297615049,0.04501175680214981,0.21934833725226738,0.14813570708767215,0.03560631508229761,0.0003359086328518643,True,False,False,False,False,False,
720575940621667693,flow,efferent,2977,400,0.25,0.04,0.1,0.4884111521666107,0.06315082297615049,0.04501175680214981,0.21934833725226738,0.14813570708767215,0.03560631508229761,0.0003359086328518643,True,False,False,False,False,False,
720575940621667693,flow,efferent,2977,400,0.25,0.02,0.01,0.4884111521666107,0.06315082297615049,0.04501175680214981,0.21934833725226738,0.14813570708767215,0.03560631508229761,0.0003359086328518643,True,True,False,True,False,False,
720575940621667693,flow,efferent,2977,400,0.25,0.02,0.05,0.4884111521666107,0.06315082297615049,0.04501175680214981,0.21934833725226738,0.14813570708767215,0.03560631508229761,0.0003359086328518643,True,False,False,False,False,False,
720575940621667693,flow,efferent,2977,400,0.25,0.02,0.1,0.4884111521666107,0.06315082297615049,0.04501175680214981,0.21934833725226738,0.14813570708767215,0.03560631508229761,0.0003359086328518643,True,False,False,False,False,False,
720575940621667693,flow,efferent,2977,400,0.25,0.01,0.01,0.4884111521666107,0.06315082297615049,0.04501175680214981,0.21934833725226738,0.14813570708767215,0.03560631508229761,0.0003359086328518643,True,False,False,True,False,False,
720575940621667693,flow,efferent,2977,400,0.25,0.01,0.05,0.4884111521666107,0.06315082297615049,0.04501175680214981,0.21934833725226738,0.14813570708767215,0.03560631508229761,0.0003359086328518643,True,False,False,False,False,False,
720575940621667693,flow,efferent,2977,400,0.25,0.01,0.1,0.4884111521666107,0.06315082297615049,0.04501175680214981,0.21934833725226738,0.14813570708767215,0.03560631508229761,0.0003359086328518643,False,False,False,False,False,False,
720575940627826760,flow,efferent,3886,400,0.25,0.14285714285714285,0.01,0.06845084920226453,0.5993309315491508,0.08337622233659289,0.03268142048378796,0.16443643849716932,0.05018013381369017,0.001544004117344313,True,True,True,True,True,True,False
720575940627826760,flow,efferent,3886,400,0.25,0.14285714285714285,0.05,0.06845084920226453,0.5993309315491508,0.08337622233659289,0.03268142048378796,0.16443643849716932,0.05018013381369017,0.001544004117344313,False,True,True,False,True,False,False
720575940627826760,flow,efferent,3886,400,0.25,0.14285714285714285,0.1,0.06845084920226453,0.5993309315491508,0.08337622233659289,0.03268142048378796,0.16443643849716932,0.05018013381369017,0.001544004117344313,False,True,False,False,False,False,False
720575940627826760,flow,efferent,3886,400,0.25,0.04,0.01,0.06845084920226453,0.5993309315491508,0.08337622233659289,0.03268142048378796,0.16443643849716932,0.05018013381369017,0.001544004117344313,True,True,True,True,True,True,False
720575940627826760,flow,efferent,3886,400,0.25,0.04,0.05,0.06845084920226453,0.5993309315491508,0.08337622233659289,0.03268142048378796,0.16443643849716932,0.05018013381369017,0.001544004117344313,False,True,False,False,False,False,False
720575940627826760,flow,efferent,3886,400,0.25,0.04,0.1,0.06845084920226453,0.5993309315491508,0.08337622233659289,0.03268142048378796,0.16443643849716932,0.05018013381369017,0.001544004117344313,False,True,False,False,False,False,False
720575940627826760,flow,efferent,3886,400,0.25,0.02,0.01,0.06845084920226453,0.5993309315491508,0.08337622233659289,0.03268142048378796,0.16443643849716932,0.05018013381369017,0.001544004117344313,True,True,True,False,True,True,False
720575940627826760,flow,efferent,3886,400,0.25,0.02,0.05,0.06845084920226453,0.5993309315491508,0.08337622233659289,0.03268142048378796,0.16443643849716932,0.05018013381369017,0.001544004117344313,False,True,False,False,False,False,False
720575940627826760,flow,efferent,3886,400,0.25,0.02,0.1,0.06845084920226453,0.5993309315491508,0.08337622233659289,0.03268142048378796,0.16443643849716932,0.05018013381369017,0.001544004117344313,False,True,False,False,False,False,False
720575940627826760,flow,efferent,3886,400,0.25,0.01,0.01,0.06845084920226453,0.5993309315491508,0.08337622233659289,0.03268142048378796,0.16443643849716932,0.05018013381369017,0.001544004117344313,True,True,False,False,True,False,False
720575940627826760,flow,efferent,3886,400,0.25,0.01,0.05,0.06845084920226453,0.5993309315491508,0.08337622233659289,0.03268142048378796,0.16443643849716932,0.05018013381369017,0.001544004117344313,False,True,False,False,False,False,False
720575940627826760,flow,efferent,3886,400,0.25,0.01,0.1,0.06845084920226453,0.5993309315491508,0.08337622233659289,0.03268142048378796,0.16443643849716932,0.05018013381369017,0.001544004117344313,False,False,False,False,False,False,False
720575940629183643,flow,efferent,967,400,0.25,0.14285714285714285,0.01,0.19027921406411583,0.2047569803516029,0.16028955532574973,0.12616339193381593,0.25542916235780766,0.05894519131334023,0.004136504653567736,True,True,True,True,True,True,False
720575940629183643,flow,efferent,967,400,0.25,0.14285714285714285,0.05,0.19027921406411583,0.2047569803516029,0.16028955532574973,0.12616339193381593,0.25542916235780766,0.05894519131334023,0.004136504653567736,True,True,True,True,True,False,False
720575940629183643,flow,efferent,967,400,0.25,0.14285714285714285,0.1,0.19027921406411583,0.2047569803516029,0.16028955532574973,0.12616339193381593,0.25542916235780766,0.05894519131334023,0.004136504653567736,True,False,False,False,True,False,False
720575940629183643,flow,efferent,967,400,0.25,0.04,0.01,0.19027921406411583,0.2047569803516029,0.16028955532574973,0.12616339193381593,0.25542916235780766,0.05894519131334023,0.004136504653567736,True,True,True,True,True,True,False
720575940629183643,flow,efferent,967,400,0.25,0.04,0.05,0.19027921406411583,0.2047569803516029,0.16028955532574973,0.12616339193381593,0.25542916235780766,0.05894519131334023,0.004136504653567736,True,True,False,False,False,False,False
720575940629183643,flow,efferent,967,400,0.25,0.04,0.1,0.19027921406411583,0.2047569803516029,0.16028955532574973,0.12616339193381593,0.25542916235780766,0.05894519131334023,0.004136504653567736,True,False,False,False,False,False,False
720575940629183643,flow,efferent,967,400,0.25,0.02,0.01,0.19027921406411583,0.2047569803516029,0.16028955532574973,0.12616339193381593,0.25542916235780766,0.05894519131334023,0.004136504653567736,True,True,True,True,True,True,False
720575940629183643,flow,efferent,967,400,0.25,0.02,0.05,0.19027921406411583,0.2047569803516029,0.16028955532574973,0.12616339193381593,0.25542916235780766,0.05894519131334023,0.004136504653567736,True,False,False,False,False,False,False
720575940629183643,flow,efferent,967,400,0.25,0.02,0.1,0.19027921406411583,0.2047569803516029,0.16028955532574973,0.12616339193381593,0.25542916235780766,0.05894519131334023,0.004136504653567736,True,False,False,False,False,False,False
720575940629183643,flow,efferent,967,400,0.25,0.01,0.01,0.19027921406411583,0.2047569803516029,0.16028955532574973,0.12616339193381593,0.25542916235780766,0.05894519131334023,0.004136504653567736,True,True,True,True,True,True,False
720575940629183643,flow,efferent,967,400,0.25,0.01,0.05,0.19027921406411583,0.2047569803516029,0.16028955532574973,0.12616339193381593,0.25542916235780766,0.05894519131334023,0.004136504653567736,True,False,False,False,False,False,False
720575940629183643,flow,efferent,967,400,0.25,0.01,0.1,0.19027921406411583,0.2047569803516029,0.16028955532574973,0.12616339193381593,0.25542916235780766,0.05894519131334023,0.004136504653567736,True,False,False,False,False,False,False
720575940639726141,flow,efferent,2475,400,0.25,0.14285714285714285,0.01,0.1684848484848485,0.397979797979798,0.16525252525252526,0.07272727272727272,0.15676767676767678,0.03515151515151515,0.0036363636363636364,True,True,True,True,True,True,False
720575940639726141,flow,efferent,2475,400,0.25,0.14285714285714285,0.05,0.1684848484848485,0.397979797979798,0.16525252525252526,0.07272727272727272,0.15676767676767678,0.03515151515151515,0.0036363636363636364,True,True,True,True,True,False,False
720575940639726141,flow,efferent,2475,400,0.25,0.14285714285714285,0.1,0.1684848484848485,0.397979797979798,0.16525252525252526,0.07272727272727272,0.15676767676767678,0.03515151515151515,0.0036363636363636364,True,True,True,False,False,False,False
720575940639726141,flow,efferent,2475,400,0.25,0.04,0.01,0.1684848484848485,0.397979797979798,0.16525252525252526,0.07272727272727272,0.15676767676767678,0.03515151515151515,0.0036363636363636364,True,True,True,True,True,True,False
720575940639726141,flow,efferent,2475,400,0.25,0.04,0.05,0.1684848484848485,0.397979797979798,0.16525252525252526,0.07272727272727272,0.15676767676767678,0.03515151515151515,0.0036363636363636364,True,True,False,False,False,False,False
720575940639726141,flow,efferent,2475,400,0.25,0.04,0.1,0.1684848484848485,0.397979797979798,0.16525252525252526,0.07272727272727272,0.15676767676767678,0.03515151515151515,0.0036363636363636364,True,False,False,False,False,False,False
720575940639726141,flow,efferent,2475,400,0.25,0.02,0.01,0.1684848484848485,0.397979797979798,0.16525252525252526,0.07272727272727272,0.15676767676767678,0.03515151515151515,0.0036363636363636364,True,True,True,True,True,True,False
720575940639726141,flow,efferent,2475,400,0.25,0.02,0.05,0.1684848484848485,0.397979797979798,0.16525252525252526,0.07272727272727272,0.15676767676767678,0.03515151515151515,0.0036363636363636364,True,True,False,False,False,False,False
720575940639726141,flow,efferent,2475,400,0.25,0.02,0.1,0.1684848484848485,0.397979797979798,0.16525252525252526,0.07272727272727272,0.15676767676767678,0.03515151515151515,0.0036363636363636364,True,False,False,False,False,False,False
720575940639726141,flow,efferent,2475,400,0.25,0.01,0.01,0.1684848484848485,0.397979797979798,0.16525252525252526,0.07272727272727272,0.15676767676767678,0.03515151515151515,0.0036363636363636364,True,True,True,True,False,True,False
720575940639726141,flow,efferent,2475,400,0.25,0.01,0.05,0.1684848484848485,0.397979797979798,0.16525252525252526,0.07272727272727272,0.15676767676767678,0.03515151515151515,0.0036363636363636364,True,False,False,False,False,False,False
720575940639726141,flow,efferent,2475,400,0.25,0.01,0.1,0.1684848484848485,0.397979797979798,0.16525252525252526,0.07272727272727272,0.15676767676767678,0.03515151515151515,0.0036363636363636364,True,False,False,False,False,False,False
720575940632281927,flow,efferent,1236,400,0.25,0.14285714285714285,0.01,0.1464401294498382,0.2580906148867314,0.1634304207119741,0.2645631067961165,0.1423948220064725,0.021844660194174758,0.003236245954692557,True,True,True,True,True,False,False
720575940632281927,flow,efferent,1236,400,0.25,0.14285714285714285,0.05,0.1464401294498382,0.2580906148867314,0.1634304207119741,0.2645631067961165,0.1423948220064725,0.021844660194174758,0.003236245954692557,True,True,False,True,True,False,False
720575940632281927,flow,efferent,1236,400,0.25,0.14285714285714285,0.1,0.1464401294498382,0.2580906148867314,0.1634304207119741,0.2645631067961165,0.1423948220064725,0.021844660194174758,0.003236245954692557,False,True,False,False,False,False,False
720575940632281927,flow,efferent,1236,400,0.25,0.04,0.01,0.1464401294498382,0.2580906148867314,0.1634304207119741,0.2645631067961165,0.1423948220064725,0.021844660194174758,0.003236245954692557,True,True,True,True,True,False,False
720575940632281927,flow,efferent,1236,400,0.25,0.04,0.05,0.1464401294498382,0.2580906148867314,0.1634304207119741,0.2645631067961165,0.1423948220064725,0.021844660194174758,0.003236245954692557,True,False,False,True,False,False,False
720575940632281927,flow,efferent,1236,400,0.25,0.04,0.1,0.1464401294498382,0.2580906148867314,0.1634304207119741,0.2645631067961165,0.1423948220064725,0.021844660194174758,0.003236245954692557,False,False,False,False,False,False,False
720575940632281927,flow,efferent,1236,400,0.25,0.02,0.01,0.1464401294498382,0.2580906148867314,0.1634304207119741,0.2645631067961165,0.1423948220064725,0.021844660194174758,0.003236245954692557,True,True,True,True,True,False,False
720575940632281927,flow,efferent,1236,400,0.25,0.02,0.05,0.1464401294498382,0.2580906148867314,0.1634304207119741,0.2645631067961165,0.1423948220064725,0.021844660194174758,0.003236245954692557,True,False,False,True,False,False,False
720575940632281927,flow,efferent,1236,400,0.25,0.02,0.1,0.1464401294498382,0.2580906148867314,0.1634304207119741,0.2645631067961165,0.1423948220064725,0.021844660194174758,0.003236245954692557,False,False,False,False,False,False,False
720575940632281927,flow,efferent,1236,400,0.25,0.01,0.01,0.1464401294498382,0.2580906148867314,0.1634304207119741,0.2645631067961165,0.1423948220064725,0.021844660194174758,0.003236245954692557,True,True,True,True,False,False,False
720575940632281927,flow,efferent,1236,400,0.25,0.01,0.05,0.1464401294498382,0.2580906148867314,0.1634304207119741,0.2645631067961165,0.1423948220064725,0.021844660194174758,0.003236245954692557,False,False,False,True,False,False,False
720575940632281927,flow,efferent,1236,400,0.25,0.01,0.1,0.1464401294498382,0.2580906148867314,0.1634304207119741,0.2645631067961165,0.1423948220064725,0.021844660194174758,0.003236245954692557,False,False,False,False,False,False,False
720575940623415849,flow,efferent,1089,400,0.25,0.14285714285714285,0.01,0.18824609733700642,0.17722681359044995,0.16712580348943984,0.155188246097337,0.29292929292929293,0.018365472910927456,0.0009182736455463728,True,True,True,True,True,False,
720575940623415849,flow,efferent,1089,400,0.25,0.14285714285714285,0.05,0.18824609733700642,0.17722681359044995,0.16712580348943984,0.155188246097337,0.29292929292929293,0.018365472910927456,0.0009182736455463728,True,False,True,True,True,False,
720575940623415849,flow,efferent,1089,400,0.25,0.14285714285714285,0.1,0.18824609733700642,0.17722681359044995,0.16712580348943984,0.155188246097337,0.29292929292929293,0.018365472910927456,0.0009182736455463728,True,False,False,False,True,False,
720575940623415849,flow,efferent,1089,400,0.25,0.04,0.01,0.18824609733700642,0.17722681359044995,0.16712580348943984,0.155188246097337,0.29292929292929293,0.018365472910927456,0.0009182736455463728,True,True,True,True,True,False,
720575940623415849,flow,efferent,1089,400,0.25,0.04,0.05,0.18824609733700642,0.17722681359044995,0.16712580348943984,0.155188246097337,0.29292929292929293,0.018365472910927456,0.0009182736455463728,True,False,False,True,True,False,
720575940623415849,flow,efferent,1089,400,0.25,0.04,0.1,0.18824609733700642,0.17722681359044995,0.16712580348943984,0.155188246097337,0.29292929292929293,0.018365472910927456,0.0009182736455463728,True,False,False,False,False,False,
720575940623415849,flow,efferent,1089,400,0.25,0.02,0.01,0.18824609733700642,0.17722681359044995,0.16712580348943984,0.155188246097337,0.29292929292929293,0.018365472910927456,0.0009182736455463728,True,True,True,True,True,False,
720575940623415849,flow,efferent,1089,400,0.25,0.02,0.05,0.18824609733700642,0.17722681359044995,0.16712580348943984,0.155188246097337,0.29292929292929293,0.018365472910927456,0.0009182736455463728,True,False,False,True,True,False,
720575940623415849,flow,efferent,1089,400,0.25,0.02,0.1,0.18824609733700642,0.17722681359044995,0.16712580348943984,0.155188246097337,0.29292929292929293,0.018365472910927456,0.0009182736455463728,True,False,False,False,False,False,
720575940623415849,flow,efferent,1089,400,0.25,0.01,0.01,0.18824609733700642,0.17722681359044995,0.16712580348943984,0.155188246097337,0.29292929292929293,0.018365472910927456,0.0009182736455463728,True,True,True,True,True,False,
720575940623415849,flow,efferent,1089,400,0.25,0.01,0.05,0.18824609733700642,0.17722681359044995,0.16712580348943984,0.155188246097337,0.29292929292929293,0.018365472910927456,0.0009182736455463728,True,False,False,True,True,False,
720575940623415849,flow,efferent,1089,400,0.25,0.01,0.1,0.18824609733700642,0.17722681359044995,0.16712580348943984,0.155188246097337,0.29292929292929293,0.018365472910927456,0.0009182736455463728,True,False,False,False,False,False,
720575940611735514,flow,efferent,8460,400,0.25,0.14285714285714285,0.01,0.034160756501182034,0.7657210401891253,0.10721040189125296,0.005200945626477541,0.042198581560283686,0.04479905437352246,0.0007092198581560284,True,True,True,False,True,True,False
720575940611735514,flow,efferent,8460,400,0.25,0.14285714285714285,0.05,0.034160756501182034,0.7657210401891253,0.10721040189125296,0.005200945626477541,0.042198581560283686,0.04479905437352246,0.0007092198581560284,False,True,True,False,False,False,False
720575940611735514,flow,efferent,8460,400,0.25,0.14285714285714285,0.1,0.034160756501182034,0.7657210401891253,0.10721040189125296,0.005200945626477541,0.042198581560283686,0.04479905437352246,0.0007092198581560284,False,True,False,False,False,False,False
720575940611735514,flow,efferent,8460,400,0.25,0.04,0.01,0.034160756501182034,0.7657210401891253,0.10721040189125296,0.005200945626477541,0.042198581560283686,0.04479905437352246,0.0007092198581560284,True,True,True,False,True,False,False
720575940611735514,flow,efferent,8460,400,0.25,0.04,0.05,0.034160756501182034,0.7657210401891253,0.10721040189125296,0.005200945626477541,0.042198581560283686,0.04479905437352246,0.0007092198581560284,False,True,False,False,False,False,False
720575940611735514,flow,efferent,8460,400,0.25,0.04,0.1,0.034160756501182034,0.7657210401891253,0.10721040189125296,0.005200945626477541,0.042198581560283686,0.04479905437352246,0.0007092198581560284,False,True,False,False,False,False,False
720575940611735514,flow,efferent,8460,400,0.25,0.02,0.01,0.034160756501182034,0.7657210401891253,0.10721040189125296,0.005200945626477541,0.042198581560283686,0.04479905437352246,0.0007092198581560284,True,True,True,False,False,False,False
720575940611735514,flow,efferent,8460,400,0.25,0.02,0.05,0.034160756501182034,0.7657210401891253,0.10721040189125296,0.005200945626477541,0.042198581560283686,0.04479905437352246,0.0007092198581560284,False,True,False,False,False,False,False
720575940611735514,flow,efferent,8460,400,0.25,0.02,0.1,0.034160756501182034,0.7657210401891253,0.10721040189125296,0.005200945626477541,0.042198581560283686,0.04479905437352246,0.0007092198581560284,False,True,False,False,False,False,False
720575940611735514,flow,efferent,8460,400,0.25,0.01,0.01,0.034160756501182034,0.7657210401891253,0.10721040189125296,0.005200945626477541,0.042198581560283686,0.04479905437352246,0.0007092198581560284,True,True,True,False,False,False,False
720575940611735514,flow,efferent,8460,400,0.25,0.01,0.05,0.034160756501182034,0.7657210401891253,0.10721040189125296,0.005200945626477541,0.042198581560283686,0.04479905437352246,0.0007092198581560284,False,True,False,False,False,False,False
720575940611735514,flow,efferent,8460,400,0.25,0.01,0.1,0.034160756501182034,0.7657210401891253,0.10721040189125296,0.005200945626477541,0.042198581560283686,0.04479905437352246,0.0007092198581560284,False,False,False,False,False,False,False
720575940623122125,flow,efferent,12973,400,0.25,0.14285714285714285,0.01,0.02620827873275264,0.8464503198951668,0.07823942033454097,0.0027749942187620443,0.020966622986202114,0.024743698450628227,0.0006166653819471209,False,True,True,False,True,True,False
720575940623122125,flow,efferent,12973,400,0.25,0.14285714285714285,0.05,0.02620827873275264,0.8464503198951668,0.07823942033454097,0.0027749942187620443,0.020966622986202114,0.024743698450628227,0.0006166653819471209,False,True,True,False,False,False,False
720575940623122125,flow,efferent,12973,400,0.25,0.14285714285714285,0.1,0.02620827873275264,0.8464503198951668,0.07823942033454097,0.0027749942187620443,0.020966622986202114,0.024743698450628227,0.0006166653819471209,False,True,False,False,False,False,False
720575940623122125,flow,efferent,12973,400,0.25,0.04,0.01,0.02620827873275264,0.8464503198951668,0.07823942033454097,0.0027749942187620443,0.020966622986202114,0.024743698450628227,0.0006166653819471209,False,True,True,False,False,False,False
720575940623122125,flow,efferent,12973,400,0.25,0.04,0.05,0.02620827873275264,0.8464503198951668,0.07823942033454097,0.0027749942187620443,0.020966622986202114,0.024743698450628227,0.0006166653819471209,False,True,False,False,False,False,False
720575940623122125,flow,efferent,12973,400,0.25,0.04,0.1,0.02620827873275264,0.8464503198951668,0.07823942033454097,0.0027749942187620443,0.020966622986202114,0.024743698450628227,0.0006166653819471209,False,True,False,False,False,False,False
720575940623122125,flow,efferent,12973,400,0.25,0.02,0.01,0.02620827873275264,0.8464503198951668,0.07823942033454097,0.0027749942187620443,0.020966622986202114,0.024743698450628227,0.0006166653819471209,False,True,True,False,False,False,False
720575940623122125,flow,efferent,12973,400,0.25,0.02,0.05,0.02620827873275264,0.8464503198951668,0.07823942033454097,0.0027749942187620443,0.020966622986202114,0.024743698450628227,0.0006166653819471209,False,True,False,False,False,False,False
720575940623122125,flow,efferent,12973,400,0.25,0.02,0.1,0.02620827873275264,0.8464503198951668,0.07823942033454097,0.0027749942187620443,0.020966622986202114,0.024743698450628227,0.0006166653819471209,False,False,False,False,False,False,False
720575940623122125,flow,efferent,12973,400,0.25,0.01,0.01,0.02620827873275264,0.8464503198951668,0.07823942033454097,0.0027749942187620443,0.020966622986202114,0.024743698450628227,0.0006166653819471209,False,True,False,False,False,False,False
720575940623122125,flow,efferent,12973,400,0.25,0.01,0.05,0.02620827873275264,0.8464503198951668,0.07823942033454097,0.0027749942187620443,0.020966622986202114,0.024743698450628227,0.0006166653819471209,False,False,False,False,False,False,False
720575940623122125,flow,efferent,12973,400,0.25,0.01,0.1,0.02620827873275264,0.8464503198951668,0.07823942033454097,0.0027749942187620443,0.020966622986202114,0.024743698450628227,0.0006166653819471209,False,False,False,False,False,False,False
720575940631499832,flow,efferent,6619,400,0.25,0.14285714285714285,0.01,0.039431938359268774,0.8549629853452183,0.019036108173440095,0.008611572745127662,0.03414413053331319,0.04290678350203958,0.0009064813415923856,True,True,False,False,False,True,False
720575940631499832,flow,efferent,6619,400,0.25,0.14285714285714285,0.05,0.039431938359268774,0.8549629853452183,0.019036108173440095,0.008611572745127662,0.03414413053331319,0.04290678350203958,0.0009064813415923856,False,True,False,False,False,False,False
720575940631499832,flow,efferent,6619,400,0.25,0.14285714285714285,0.1,0.039431938359268774,0.8549629853452183,0.019036108173440095,0.008611572745127662,0.03414413053331319,0.04290678350203958,0.0009064813415923856,False,True,False,False,False,False,False
720575940631499832,flow,efferent,6619,400,0.25,0.04,0.01,0.039431938359268774,0.8549629853452183,0.019036108173440095,0.008611572745127662,0.03414413053331319,0.04290678350203958,0.0009064813415923856,True,True,False,False,False,False,False
720575940631499832,flow,efferent,6619,400,0.25,0.04,0.05,0.039431938359268774,0.8549629853452183,0.019036108173440095,0.008611572745127662,0.03414413053331319,0.04290678350203958,0.0009064813415923856,False,True,False,False,False,False,False
720575940631499832,flow,efferent,6619,400,0.25,0.04,0.1,0.039431938359268774,0.8549629853452183,0.019036108173440095,0.008611572745127662,0.03414413053331319,0.04290678350203958,0.0009064813415923856,False,True,False,False,False,False,False
720575940631499832,flow,efferent,6619,400,0.25,0.02,0.01,0.039431938359268774,0.8549629853452183,0.019036108173440095,0.008611572745127662,0.03414413053331319,0.04290678350203958,0.0009064813415923856,True,True,False,False,False,False,False
720575940631499832,flow,efferent,6619,400,0.25,0.02,0.05,0.039431938359268774,0.8549629853452183,0.019036108173440095,0.008611572745127662,0.03414413053331319,0.04290678350203958,0.0009064813415923856,False,True,False,False,False,False,False
720575940631499832,flow,efferent,6619,400,0.25,0.02,0.1,0.039431938359268774,0.8549629853452183,0.019036108173440095,0.008611572745127662,0.03414413053331319,0.04290678350203958,0.0009064813415923856,False,False,False,False,False,False,False
720575940631499832,flow,efferent,6619,400,0.25,0.01,0.01,0.039431938359268774,0.8549629853452183,0.019036108173440095,0.008611572745127662,0.03414413053331319,0.04290678350203958,0.0009064813415923856,True,True,False,False,False,False,False
720575940631499832,flow,efferent,6619,400,0.25,0.01,0.05,0.039431938359268774,0.8549629853452183,0.019036108173440095,0.008611572745127662,0.03414413053331319,0.04290678350203958,0.0009064813415923856,False,False,False,False,False,False,False
720575940631499832,flow,efferent,6619,400,0.25,0.01,0.1,0.039431938359268774,0.8549629853452183,0.019036108173440095,0.008611572745127662,0.03414413053331319,0.04290678350203958,0.0009064813415923856,False,False,False,False,False,False,False
720575940614236200,flow,efferent,6149,400,0.25,0.14285714285714285,0.01,0.026020491136770206,0.8702228004553586,0.027972027972027972,0.007643519271426248,0.02618311920637502,0.04033176126199382,0.0016262806960481379,True,True,True,False,True,True,False
720575940614236200,flow,efferent,6149,400,0.25,0.14285714285714285,0.05,0.026020491136770206,0.8702228004553586,0.027972027972027972,0.007643519271426248,0.02618311920637502,0.04033176126199382,0.0016262806960481379,False,True,False,False,False,False,False
720575940614236200,flow,efferent,6149,400,0.25,0.14285714285714285,0.1,0.026020491136770206,0.8702228004553586,0.027972027972027972,0.007643519271426248,0.02618311920637502,0.04033176126199382,0.0016262806960481379,False,True,False,False,False,False,False
720575940614236200,flow,efferent,6149,400,0.25,0.04,0.01,0.026020491136770206,0.8702228004553586,0.027972027972027972,0.007643519271426248,0.02618311920637502,0.04033176126199382,0.0016262806960481379,False,True,False,False,False,False,False
720575940614236200,flow,efferent,6149,400,0.25,0.04,0.05,0.026020491136770206,0.8702228004553586,0.027972027972027972,0.007643519271426248,0.02618311920637502,0.04033176126199382,0.0016262806960481379,False,True,False,False,False,False,False
720575940614236200,flow,efferent,6149,400,0.25,0.04,0.1,0.026020491136770206,0.8702228004553586,0.027972027972027972,0.007643519271426248,0.02618311920637502,0.04033176126199382,0.0016262806960481379,False,True,False,False,False,False,False
720575940614236200,flow,efferent,6149,400,0.25,0.02,0.01,0.026020491136770206,0.8702228004553586,0.027972027972027972,0.007643519271426248,0.02618311920637502,0.04033176126199382,0.0016262806960481379,False,True,False,False,False,False,False
720575940614236200,flow,efferent,6149,400,0.25,0.02,0.05,0.026020491136770206,0.8702228004553586,0.027972027972027972,0.007643519271426248,0.02618311920637502,0.04033176126199382,0.0016262806960481379,False,True,False,False,False,False,False
720575940614236200,flow,efferent,6149,400,0.25,0.02,0.1,0.026020491136770206,0.8702228004553586,0.027972027972027972,0.007643519271426248,0.02618311920637502,0.04033176126199382,0.0016262806960481379,False,False,False,False,False,False,False
720575940614236200,flow,efferent,6149,400,0.25,0.01,0.01,0.026020491136770206,0.8702228004553586,0.027972027972027972,0.007643519271426248,0.02618311920637502,0.04033176126199382,0.0016262806960481379,False,True,False,False,False,False,False
720575940614236200,flow,efferent,6149,400,0.25,0.01,0.05,0.026020491136770206,0.8702228004553586,0.027972027972027972,0.007643519271426248,0.02618311920637502,0.04033176126199382,0.0016262806960481379,False,True,False,False,False,False,False
720575940614236200,flow,efferent,6149,400,0.25,0.01,0.1,0.026020491136770206,0.8702228004553586,0.027972027972027972,0.007643519271426248,0.02618311920637502,0.04033176126199382,0.0016262806960481379,False,False,False,False,False,False,False
720575940629509948,flow,efferent,4775,400,0.25,0.14285714285714285,0.01,0.29528795811518327,0.16523560209424085,0.3549738219895288,0.01319371727748691,0.09989528795811518,0.07078534031413612,0.0006282722513089005,True,True,True,False,True,True,False
720575940629509948,flow,efferent,4775,400,0.25,0.14285714285714285,0.05,0.29528795811518327,0.16523560209424085,0.3549738219895288,0.01319371727748691,0.09989528795811518,0.07078534031413612,0.0006282722513089005,True,True,True,False,True,False,False
720575940629509948,flow,efferent,4775,400,0.25,0.14285714285714285,0.1,0.29528795811518327,0.16523560209424085,0.3549738219895288,0.01319371727748691,0.09989528795811518,0.07078534031413612,0.0006282722513089005,True,True,True,False,False,False,False
720575940629509948,flow,efferent,4775,400,0.25,0.04,0.01,0.29528795811518327,0.16523560209424085,0.3549738219895288,0.01319371727748691,0.09989528795811518,0.07078534031413612,0.0006282722513089005,True,True,True,False,True,True,False
720575940629509948,flow,efferent,4775,400,0.25,0.04,0.05,0.29528795811518327,0.16523560209424085,0.3549738219895288,0.01319371727748691,0.09989528795811518,0.07078534031413612,0.0006282722513089005,False,False,False,False,False,False,False
720575940629509948,flow,efferent,4775,400,0.25,0.04,0.1,0.29528795811518327,0.16523560209424085,0.3549738219895288,0.01319371727748691,0.09989528795811518,0.07078534031413612,0.0006282722513089005,False,False,False,False,False,False,False
720575940629509948,flow,efferent,4775,400,0.25,0.02,0.01,0.29528795811518327,0.16523560209424085,0.3549738219895288,0.01319371727748691,0.09989528795811518,0.07078534031413612,0.0006282722513089005,True,True,True,False,False,True,False
720575940629509948,flow,efferent,4775,400,0.25,0.02,0.05,0.29528795811518327,0.16523560209424085,0.3549738219895288,0.01319371727748691,0.09989528795811518,0.07078534031413612,0.0006282722513089005,False,False,False,False,False,False,False
720575940629509948,flow,efferent,4775,400,0.25,0.02,0.1,0.29528795811518327,0.16523560209424085,0.3549738219895288,0.01319371727748691,0.09989528795811518,0.07078534031413612,0.0006282722513089005,False,False,False,False,False,False,False
720575940629509948,flow,efferent,4775,400,0.25,0.01,0.01,0.29528795811518327,0.16523560209424085,0.3549738219895288,0.01319371727748691,0.09989528795811518,0.07078534031413612,0.0006282722513089005,True,True,True,False,False,True,False
720575940629509948,flow,efferent,4775,400,0.25,0.01,0.05,0.29528795811518327,0.16523560209424085,0.3549738219895288,0.01319371727748691,0.09989528795811518,0.07078534031413612,0.0006282722513089005,False,False,False,False,False,False,False
720575940629509948,flow,efferent,4775,400,0.25,0.01,0.1,0.29528795811518327,0.16523560209424085,0.3549738219895288,0.01319371727748691,0.09989528795811518,0.07078534031413612,0.0006282722513089005,False,False,False,False,False,False,False
720575940648654468,flow,efferent,1509,400,0.25,0.14285714285714285,0.01,0.061630218687872766,0.4983432736911862,0.0291583830351226,0.032471835652750164,0.2551358515573227,0.12326043737574553,0.0,True,True,True,True,True,True,
720575940648654468,flow,efferent,1509,400,0.25,0.14285714285714285,0.05,0.061630218687872766,0.4983432736911862,0.0291583830351226,0.032471835652750164,0.2551358515573227,0.12326043737574553,0.0,True,True,False,False,True,True,
720575940648654468,flow,efferent,1509,400,0.25,0.14285714285714285,0.1,0.061630218687872766,0.4983432736911862,0.0291583830351226,0.032471835652750164,0.2551358515573227,0.12326043737574553,0.0,False,True,False,False,True,False,
720575940648654468,flow,efferent,1509,400,0.25,0.04,0.01,0.061630218687872766,0.4983432736911862,0.0291583830351226,0.032471835652750164,0.2551358515573227,0.12326043737574553,0.0,True,True,True,False,True,True,
720575940648654468,flow,efferent,1509,400,0.25,0.04,0.05,0.061630218687872766,0.4983432736911862,0.0291583830351226,0.032471835652750164,0.2551358515573227,0.12326043737574553,0.0,True,True,False,False,False,False,
720575940648654468,flow,efferent,1509,400,0.25,0.04,0.1,0.061630218687872766,0.4983432736911862,0.0291583830351226,0.032471835652750164,0.2551358515573227,0.12326043737574553,0.0,False,True,False,False,False,False,
720575940648654468,flow,efferent,1509,400,0.25,0.02,0.01,0.061630218687872766,0.4983432736911862,0.0291583830351226,0.032471835652750164,0.2551358515573227,0.12326043737574553,0.0,True,True,False,False,True,True,
720575940648654468,flow,efferent,1509,400,0.25,0.02,0.05,0.061630218687872766,0.4983432736911862,0.0291583830351226,0.032471835652750164,0.2551358515573227,0.12326043737574553,0.0,True,True,False,False,False,False,
720575940648654468,flow,efferent,1509,400,0.25,0.02,0.1,0.061630218687872766,0.4983432736911862,0.0291583830351226,0.032471835652750164,0.2551358515573227,0.12326043737574553,0.0,False,False,False,False,False,False,
720575940648654468,flow,efferent,1509,400,0.25,0.01,0.01,0.061630218687872766,0.4983432736911862,0.0291583830351226,0.032471835652750164,0.2551358515573227,0.12326043737574553,0.0,True,True,False,False,True,True,
720575940648654468,flow,efferent,1509,400,0.25,0.01,0.05,0.061630218687872766,0.4983432736911862,0.0291583830351226,0.032471835652750164,0.2551358515573227,0.12326043737574553,0.0,True,True,False,False,False,False,
720575940648654468,flow,efferent,1509,400,0.25,0.01,0.1,0.061630218687872766,0.4983432736911862,0.0291583830351226,0.032471835652750164,0.2551358515573227,0.12326043737574553,0.0,False,False,False,False,False,False,
720575940625489160,flow,efferent,3061,400,0.25,0.14285714285714285,0.01,0.04181639986932375,0.06860503103560928,0.08199934661875204,0.4335184580202548,0.3387781770663182,0.03462920614178373,0.0006533812479581836,True,True,True,True,True,True,False
720575940625489160,flow,efferent,3061,400,0.25,0.14285714285714285,0.05,0.04181639986932375,0.06860503103560928,0.08199934661875204,0.4335184580202548,0.3387781770663182,0.03462920614178373,0.0006533812479581836,False,False,True,True,True,False,False
720575940625489160,flow,efferent,3061,400,0.25,0.14285714285714285,0.1,0.04181639986932375,0.06860503103560928,0.08199934661875204,0.4335184580202548,0.3387781770663182,0.03462920614178373,0.0006533812479581836,False,False,False,True,True,False,False
720575940625489160,flow,efferent,3061,400,0.25,0.04,0.01,0.04181639986932375,0.06860503103560928,0.08199934661875204,0.4335184580202548,0.3387781770663182,0.03462920614178373,0.0006533812479581836,True,True,True,True,True,False,False
720575940625489160,flow,efferent,3061,400,0.25,0.04,0.05,0.04181639986932375,0.06860503103560928,0.08199934661875204,0.4335184580202548,0.3387781770663182,0.03462920614178373,0.0006533812479581836,False,False,False,True,True,False,False
720575940625489160,flow,efferent,3061,400,0.25,0.04,0.1,0.04181639986932375,0.06860503103560928,0.08199934661875204,0.4335184580202548,0.3387781770663182,0.03462920614178373,0.0006533812479581836,False,False,False,False,False,False,False
720575940625489160,flow,efferent,3061,400,0.25,0.02,0.01,0.04181639986932375,0.06860503103560928,0.08199934661875204,0.4335184580202548,0.3387781770663182,0.03462920614178373,0.0006533812479581836,True,True,True,True,True,False,False
720575940625489160,flow,efferent,3061,400,0.25,0.02,0.05,0.04181639986932375,0.06860503103560928,0.08199934661875204,0.4335184580202548,0.3387781770663182,0.03462920614178373,0.0006533812479581836,False,False,False,False,False,False,False
720575940625489160,flow,efferent,3061,400,0.25,0.02,0.1,0.04181639986932375,0.06860503103560928,0.08199934661875204,0.4335184580202548,0.3387781770663182,0.03462920614178373,0.0006533812479581836,False,False,False,False,False,False,False
720575940625489160,flow,efferent,3061,400,0.25,0.01,0.01,0.04181639986932375,0.06860503103560928,0.08199934661875204,0.4335184580202548,0.3387781770663182,0.03462920614178373,0.0006533812479581836,True,False,True,True,True,False,False
720575940625489160,flow,efferent,3061,400,0.25,0.01,0.05,0.04181639986932375,0.06860503103560928,0.08199934661875204,0.4335184580202548,0.3387781770663182,0.03462920614178373,0.0006533812479581836,False,False,False,False,False,False,False
720575940625489160,flow,efferent,3061,400,0.25,0.01,0.1,0.04181639986932375,0.06860503103560928,0.08199934661875204,0.4335184580202548,0.3387781770663182,0.03462920614178373,0.0006533812479581836,False,False,False,False,False,False,False
720575940617990228,flow,efferent,2969,400,0.25,0.14285714285714285,0.01,0.026271471876052544,0.0306500505220613,0.7126978780734254,0.001684068710003368,0.16032334119232064,0.0676995621421354,0.0006736274840013472,False,False,True,False,True,True,False
720575940617990228,flow,efferent,2969,400,0.25,0.14285714285714285,0.05,0.026271471876052544,0.0306500505220613,0.7126978780734254,0.001684068710003368,0.16032334119232064,0.0676995621421354,0.0006736274840013472,False,False,True,False,True,False,False
720575940617990228,flow,efferent,2969,400,0.25,0.14285714285714285,0.1,0.026271471876052544,0.0306500505220613,0.7126978780734254,0.001684068710003368,0.16032334119232064,0.0676995621421354,0.0006736274840013472,False,False,True,False,False,False,False
720575940617990228,flow,efferent,2969,400,0.25,0.04,0.01,0.026271471876052544,0.0306500505220613,0.7126978780734254,0.001684068710003368,0.16032334119232064,0.0676995621421354,0.0006736274840013472,False,False,True,False,True,False,False
720575940617990228,flow,efferent,2969,400,0.25,0.04,0.05,0.026271471876052544,0.0306500505220613,0.7126978780734254,0.001684068710003368,0.16032334119232064,0.0676995621421354,0.0006736274840013472,False,False,True,False,False,False,False
720575940617990228,flow,efferent,2969,400,0.25,0.04,0.1,0.026271471876052544,0.0306500505220613,0.7126978780734254,0.001684068710003368,0.16032334119232064,0.0676995621421354,0.0006736274840013472,False,False,True,False,False,False,False
720575940617990228,flow,efferent,2969,400,0.25,0.02,0.01,0.026271471876052544,0.0306500505220613,0.7126978780734254,0.001684068710003368,0.16032334119232064,0.0676995621421354,0.0006736274840013472,False,False,True,False,True,False,False
720575940617990228,flow,efferent,2969,400,0.25,0.02,0.05,0.026271471876052544,0.0306500505220613,0.7126978780734254,0.001684068710003368,0.16032334119232064,0.0676995621421354,0.0006736274840013472,False,False,True,False,False,False,False
720575940617990228,flow,efferent,2969,400,0.25,0.02,0.1,0.026271471876052544,0.0306500505220613,0.7126978780734254,0.001684068710003368,0.16032334119232064,0.0676995621421354,0.0006736274840013472,False,False,False,False,False,False,False
720575940617990228,flow,efferent,2969,400,0.25,0.01,0.01,0.026271471876052544,0.0306500505220613,0.7126978780734254,0.001684068710003368,0.16032334119232064,0.0676995621421354,0.0006736274840013472,False,False,True,False,True,False,False
720575940617990228,flow,efferent,2969,400,0.25,0.01,0.05,0.026271471876052544,0.0306500505220613,0.7126978780734254,0.001684068710003368,0.16032334119232064,0.0676995621421354,0.0006736274840013472,False,False,False,False,False,False,False
720575940617990228,flow,efferent,2969,400,0.25,0.01,0.1,0.026271471876052544,0.0306500505220613,0.7126978780734254,0.001684068710003368,0.16032334119232064,0.0676995621421354,0.0006736274840013472,False,False,False,False,False,False,False
720575940611939290,flow,efferent,1182,400,0.25,0.14285714285714285,0.01,0.02707275803722504,0.6725888324873096,0.21742808798646363,0.004230118443316413,0.04230118443316413,0.03468697123519458,0.001692047377326565,True,True,True,False,True,True,False
720575940611939290,flow,efferent,1182,400,0.25,0.14285714285714285,0.05,0.02707275803722504,0.6725888324873096,0.21742808798646363,0.004230118443316413,0.04230118443316413,0.03468697123519458,0.001692047377326565,False,True,True,False,False,False,False
720575940611939290,flow,efferent,1182,400,0.25,0.14285714285714285,0.1,0.02707275803722504,0.6725888324873096,0.21742808798646363,0.004230118443316413,0.04230118443316413,0.03468697123519458,0.001692047377326565,False,True,True,False,False,False,False
720575940611939290,flow,efferent,1182,400,0.25,0.04,0.01,0.02707275803722504,0.6725888324873096,0.21742808798646363,0.004230118443316413,0.04230118443316413,0.03468697123519458,0.001692047377326565,True,True,True,False,False,True,False
720575940611939290,flow,efferent,1182,400,0.25,0.04,0.05,0.02707275803722504,0.6725888324873096,0.21742808798646363,0.004230118443316413,0.04230118443316413,0.03468697123519458,0.001692047377326565,False,True,False,False,False,False,False
720575940611939290,flow,efferent,1182,400,0.25,0.04,0.1,0.02707275803722504,0.6725888324873096,0.21742808798646363,0.004230118443316413,0.04230118443316413,0.03468697123519458,0.001692047377326565,False,False,False,False,False,False,False
720575940611939290,flow,efferent,1182,400,0.25,0.02,0.01,0.02707275803722504,0.6725888324873096,0.21742808798646363,0.004230118443316413,0.04230118443316413,0.03468697123519458,0.001692047377326565,True,True,True,False,False,True,False
720575940611939290,flow,efferent,1182,400,0.25,0.02,0.05,0.02707275803722504,0.6725888324873096,0.21742808798646363,0.004230118443316413,0.04230118443316413,0.03468697123519458,0.001692047377326565,False,True,False,False,False,False,False
720575940611939290,flow,efferent,1182,400,0.25,0.02,0.1,0.02707275803722504,0.6725888324873096,0.21742808798646363,0.004230118443316413,0.04230118443316413,0.03468697123519458,0.001692047377326565,False,False,False,False,False,False,False
720575940611939290,flow,efferent,1182,400,0.25,0.01,0.01,0.02707275803722504,0.6725888324873096,0.21742808798646363,0.004230118443316413,0.04230118443316413,0.03468697123519458,0.001692047377326565,True,True,True,False,False,False,False
720575940611939290,flow,efferent,1182,400,0.25,0.01,0.05,0.02707275803722504,0.6725888324873096,0.21742808798646363,0.004230118443316413,0.04230118443316413,0.03468697123519458,0.001692047377326565,False,True,False,False,False,False,False
720575940611939290,flow,efferent,1182,400,0.25,0.01,0.1,0.02707275803722504,0.6725888324873096,0.21742808798646363,0.004230118443316413,0.04230118443316413,0.03468697123519458,0.001692047377326565,False,False,False,False,False,False,False
720575940617399257,flow,efferent,5981,400,0.25,0.14285714285714285,0.01,0.024912222036448755,0.681491389399766,0.054673131583347266,0.007523825447249624,0.18023741849189098,0.05049322855709747,0.0006687844841999665,True,True,True,False,True,True,False
720575940617399257,flow,efferent,5981,400,0.25,0.14285714285714285,0.05,0.024912222036448755,0.681491389399766,0.054673131583347266,0.007523825447249624,0.18023741849189098,0.05049322855709747,0.0006687844841999665,False,True,False,False,True,False,False
720575940617399257,flow,efferent,5981,400,0.25,0.14285714285714285,0.1,0.024912222036448755,0.681491389399766,0.054673131583347266,0.007523825447249624,0.18023741849189098,0.05049322855709747,0.0006687844841999665,False,True,False,False,True,False,False
720575940617399257,flow,efferent,5981,400,0.25,0.04,0.01,0.024912222036448755,0.681491389399766,0.054673131583347266,0.007523825447249624,0.18023741849189098,0.05049322855709747,0.0006687844841999665,True,True,False,False,True,True,False
720575940617399257,flow,efferent,5981,400,0.25,0.04,0.05,0.024912222036448755,0.681491389399766,0.054673131583347266,0.007523825447249624,0.18023741849189098,0.05049322855709747,0.0006687844841999665,False,True,False,False,False,False,False
720575940617399257,flow,efferent,5981,400,0.25,0.04,0.1,0.024912222036448755,0.681491389399766,0.054673131583347266,0.007523825447249624,0.18023741849189098,0.05049322855709747,0.0006687844841999665,False,True,False,False,False,False,False
720575940617399257,flow,efferent,5981,400,0.25,0.02,0.01,0.024912222036448755,0.681491389399766,0.054673131583347266,0.007523825447249624,0.18023741849189098,0.05049322855709747,0.0006687844841999665,True,True,False,False,True,False,False
720575940617399257,flow,efferent,5981,400,0.25,0.02,0.05,0.024912222036448755,0.681491389399766,0.054673131583347266,0.007523825447249624,0.18023741849189098,0.05049322855709747,0.0006687844841999665,False,False,False,False,False,False,False
720575940617399257,flow,efferent,5981,400,0.25,0.02,0.1,0.024912222036448755,0.681491389399766,0.054673131583347266,0.007523825447249624,0.18023741849189098,0.05049322855709747,0.0006687844841999665,False,False,False,False,False,False,False
720575940617399257,flow,efferent,5981,400,0.25,0.01,0.01,0.024912222036448755,0.681491389399766,0.054673131583347266,0.007523825447249624,0.18023741849189098,0.05049322855709747,0.0006687844841999665,True,True,False,False,True,False,False
720575940617399257,flow,efferent,5981,400,0.25,0.01,0.05,0.024912222036448755,0.681491389399766,0.054673131583347266,0.007523825447249624,0.18023741849189098,0.05049322855709747,0.0006687844841999665,False,False,False,False,False,False,False
720575940617399257,flow,efferent,5981,400,0.25,0.01,0.1,0.024912222036448755,0.681491389399766,0.054673131583347266,0.007523825447249624,0.18023741849189098,0.05049322855709747,0.0006687844841999665,False,False,False,False,False,False,False
720575940610505006,flow,efferent,8200,400,0.25,0.14285714285714285,0.01,0.09670731707317073,0.5510975609756098,0.12060975609756097,0.017804878048780486,0.07890243902439024,0.13121951219512196,0.003658536585365854,True,True,True,False,True,True,False
720575940610505006,flow,efferent,8200,400,0.25,0.14285714285714285,0.05,0.09670731707317073,0.5510975609756098,0.12060975609756097,0.017804878048780486,0.07890243902439024,0.13121951219512196,0.003658536585365854,True,True,True,False,False,True,False
720575940610505006,flow,efferent,8200,400,0.25,0.14285714285714285,0.1,0.09670731707317073,0.5510975609756098,0.12060975609756097,0.017804878048780486,0.07890243902439024,0.13121951219512196,0.003658536585365854,False,True,False,False,False,True,False
720575940610505006,flow,efferent,8200,400,0.25,0.04,0.01,0.09670731707317073,0.5510975609756098,0.12060975609756097,0.017804878048780486,0.07890243902439024,0.13121951219512196,0.003658536585365854,True,True,True,False,True,True,False
720575940610505006,flow,efferent,8200,400,0.25,0.04,0.05,0.09670731707317073,0.5510975609756098,0.12060975609756097,0.017804878048780486,0.07890243902439024,0.13121951219512196,0.003658536585365854,False,True,False,False,False,False,False
720575940610505006,flow,efferent,8200,400,0.25,0.04,0.1,0.09670731707317073,0.5510975609756098,0.12060975609756097,0.017804878048780486,0.07890243902439024,0.13121951219512196,0.003658536585365854,False,True,False,False,False,False,False
720575940610505006,flow,efferent,8200,400,0.25,0.02,0.01,0.09670731707317073,0.5510975609756098,0.12060975609756097,0.017804878048780486,0.07890243902439024,0.13121951219512196,0.003658536585365854,True,True,True,False,False,True,False
720575940610505006,flow,efferent,8200,400,0.25,0.02,0.05,0.09670731707317073,0.5510975609756098,0.12060975609756097,0.017804878048780486,0.07890243902439024,0.13121951219512196,0.003658536585365854,False,True,False,False,False,False,False
720575940610505006,flow,efferent,8200,400,0.25,0.02,0.1,0.09670731707317073,0.5510975609756098,0.12060975609756097,0.017804878048780486,0.07890243902439024,0.13121951219512196,0.003658536585365854,False,True,False,False,False,False,False
720575940610505006,flow,efferent,8200,400,0.25,0.01,0.01,0.09670731707317073,0.5510975609756098,0.12060975609756097,0.017804878048780486,0.07890243902439024,0.13121951219512196,0.003658536585365854,True,True,True,False,False,True,False
720575940610505006,flow,efferent,8200,400,0.25,0.01,0.05,0.09670731707317073,0.5510975609756098,0.12060975609756097,0.017804878048780486,0.07890243902439024,0.13121951219512196,0.003658536585365854,False,True,False,False,False,False,False
720575940610505006,flow,efferent,8200,400,0.25,0.01,0.1,0.09670731707317073,0.5510975609756098,0.12060975609756097,0.017804878048780486,0.07890243902439024,0.13121951219512196,0.003658536585365854,False,False,False,False,False,False,False
720575940606633248,flow,efferent,1527,400,0.25,0.14285714285714285,0.01,0.020301244269810084,0.8388998035363457,0.021611001964636542,0.01309757694826457,0.068762278978389,0.03732809430255403,0.0,True,True,True,False,True,True,
720575940606633248,flow,efferent,1527,400,0.25,0.14285714285714285,0.05,0.020301244269810084,0.8388998035363457,0.021611001964636542,0.01309757694826457,0.068762278978389,0.03732809430255403,0.0,False,True,False,False,False,False,
720575940606633248,flow,efferent,1527,400,0.25,0.14285714285714285,0.1,0.020301244269810084,0.8388998035363457,0.021611001964636542,0.01309757694826457,0.068762278978389,0.03732809430255403,0.0,False,True,False,False,False,False,
720575940606633248,flow,efferent,1527,400,0.25,0.04,0.01,0.020301244269810084,0.8388998035363457,0.021611001964636542,0.01309757694826457,0.068762278978389,0.03732809430255403,0.0,True,True,False,False,False,True,
720575940606633248,flow,efferent,1527,400,0.25,0.04,0.05,0.020301244269810084,0.8388998035363457,0.021611001964636542,0.01309757694826457,0.068762278978389,0.03732809430255403,0.0,False,True,False,False,False,False,
720575940606633248,flow,efferent,1527,400,0.25,0.04,0.1,0.020301244269810084,0.8388998035363457,0.021611001964636542,0.01309757694826457,0.068762278978389,0.03732809430255403,0.0,False,True,False,False,False,False,
720575940606633248,flow,efferent,1527,400,0.25,0.02,0.01,0.020301244269810084,0.8388998035363457,0.021611001964636542,0.01309757694826457,0.068762278978389,0.03732809430255403,0.0,True,True,False,False,False,True,
720575940606633248,flow,efferent,1527,400,0.25,0.02,0.05,0.020301244269810084,0.8388998035363457,0.021611001964636542,0.01309757694826457,0.068762278978389,0.03732809430255403,0.0,False,True,False,False,False,False,
720575940606633248,flow,efferent,1527,400,0.25,0.02,0.1,0.020301244269810084,0.8388998035363457,0.021611001964636542,0.01309757694826457,0.068762278978389,0.03732809430255403,0.0,False,True,False,False,False,False,
720575940606633248,flow,efferent,1527,400,0.25,0.01,0.01,0.020301244269810084,0.8388998035363457,0.021611001964636542,0.01309757694826457,0.068762278978389,0.03732809430255403,0.0,True,True,False,False,False,True,
720575940606633248,flow,efferent,1527,400,0.25,0.01,0.05,0.020301244269810084,0.8388998035363457,0.021611001964636542,0.01309757694826457,0.068762278978389,0.03732809430255403,0.0,False,True,False,False,False,False,
720575940606633248,flow,efferent,1527,400,0.25,0.01,0.1,0.020301244269810084,0.8388998035363457,0.021611001964636542,0.01309757694826457,0.068762278978389,0.03732809430255403,0.0,False,False,False,False,False,False,
720575940644494752,flow,efferent,11147,400,0.25,0.14285714285714285,0.01,0.031039741634520498,0.857809276038396,0.03435902036422356,0.005382614156275231,0.033820758948596034,0.037050327442361176,0.0005382614156275231,True,True,True,False,True,True,False
720575940644494752,flow,efferent,11147,400,0.25,0.14285714285714285,0.05,0.031039741634520498,0.857809276038396,0.03435902036422356,0.005382614156275231,0.033820758948596034,0.037050327442361176,0.0005382614156275231,False,True,False,False,False,False,False
720575940644494752,flow,efferent,11147,400,0.25,0.14285714285714285,0.1,0.031039741634520498,0.857809276038396,0.03435902036422356,0.005382614156275231,0.033820758948596034,0.037050327442361176,0.0005382614156275231,False,True,False,False,False,False,False
720575940644494752,flow,efferent,11147,400,0.25,0.04,0.01,0.031039741634520498,0.857809276038396,0.03435902036422356,0.005382614156275231,0.033820758948596034,0.037050327442361176,0.0005382614156275231,False,True,False,False,False,False,False
720575940644494752,flow,efferent,11147,400,0.25,0.04,0.05,0.031039741634520498,0.857809276038396,0.03435902036422356,0.005382614156275231,0.033820758948596034,0.037050327442361176,0.0005382614156275231,False,True,False,False,False,False,False
720575940644494752,flow,efferent,11147,400,0.25,0.04,0.1,0.031039741634520498,0.857809276038396,0.03435902036422356,0.005382614156275231,0.033820758948596034,0.037050327442361176,0.0005382614156275231,False,True,False,False,False,False,False
720575940644494752,flow,efferent,11147,400,0.25,0.02,0.01,0.031039741634520498,0.857809276038396,0.03435902036422356,0.005382614156275231,0.033820758948596034,0.037050327442361176,0.0005382614156275231,False,True,False,False,False,False,False
720575940644494752,flow,efferent,11147,400,0.25,0.02,0.05,0.031039741634520498,0.857809276038396,0.03435902036422356,0.005382614156275231,0.033820758948596034,0.037050327442361176,0.0005382614156275231,False,True,False,False,False,False,False
720575940644494752,flow,efferent,11147,400,0.25,0.02,0.1,0.031039741634520498,0.857809276038396,0.03435902036422356,0.005382614156275231,0.033820758948596034,0.037050327442361176,0.0005382614156275231,False,False,False,False,False,False,False
720575940644494752,flow,efferent,11147,400,0.25,0.01,0.01,0.031039741634520498,0.857809276038396,0.03435902036422356,0.005382614156275231,0.033820758948596034,0.037050327442361176,0.0005382614156275231,False,True,False,False,False,False,False
720575940644494752,flow,efferent,11147,400,0.25,0.01,0.05,0.031039741634520498,0.857809276038396,0.03435902036422356,0.005382614156275231,0.033820758948596034,0.037050327442361176,0.0005382614156275231,False,True,False,False,False,False,False
720575940644494752,flow,efferent,11147,400,0.25,0.01,0.1,0.031039741634520498,0.857809276038396,0.03435902036422356,0.005382614156275231,0.033820758948596034,0.037050327442361176,0.0005382614156275231,False,False,False,False,False,False,False
720575940623556755,flow,efferent,5231,400,0.25,0.14285714285714285,0.01,0.022748996367807302,0.869241062894284,0.02389600458803288,0.008029057541579048,0.025425348881666986,0.04932135346969987,0.0013381762569298413,True,True,False,False,False,True,False
720575940623556755,flow,efferent,5231,400,0.25,0.14285714285714285,0.05,0.022748996367807302,0.869241062894284,0.02389600458803288,0.008029057541579048,0.025425348881666986,0.04932135346969987,0.0013381762569298413,False,True,False,False,False,False,False
720575940623556755,flow,efferent,5231,400,0.25,0.14285714285714285,0.1,0.022748996367807302,0.869241062894284,0.02389600458803288,0.008029057541579048,0.025425348881666986,0.04932135346969987,0.0013381762569298413,False,True,False,False,False,False,False
720575940623556755,flow,efferent,5231,400,0.25,0.04,0.01,0.022748996367807302,0.869241062894284,0.02389600458803288,0.008029057541579048,0.025425348881666986,0.04932135346969987,0.0013381762569298413,False,True,False,False,False,True,False
720575940623556755,flow,efferent,5231,400,0.25,0.04,0.05,0.022748996367807302,0.869241062894284,0.02389600458803288,0.008029057541579048,0.025425348881666986,0.04932135346969987,0.0013381762569298413,False,True,False,False,False,False,False
720575940623556755,flow,efferent,5231,400,0.25,0.04,0.1,0.022748996367807302,0.869241062894284,0.02389600458803288,0.008029057541579048,0.025425348881666986,0.04932135346969987,0.0013381762569298413,False,True,False,False,False,False,False
720575940623556755,flow,efferent,5231,400,0.25,0.02,0.01,0.022748996367807302,0.869241062894284,0.02389600458803288,0.008029057541579048,0.025425348881666986,0.04932135346969987,0.0013381762569298413,False,True,False,False,False,True,False
720575940623556755,flow,efferent,5231,400,0.25,0.02,0.05,0.022748996367807302,0.869241062894284,0.02389600458803288,0.008029057541579048,0.025425348881666986,0.04932135346969987,0.0013381762569298413,False,True,False,False,False,False,False
720575940623556755,flow,efferent,5231,400,0.25,0.02,0.1,0.022748996367807302,0.869241062894284,0.02389600458803288,0.008029057541579048,0.025425348881666986,0.04932135346969987,0.0013381762569298413,False,True,False,False,False,False,False
720575940623556755,flow,efferent,5231,400,0.25,0.01,0.01,0.022748996367807302,0.869241062894284,0.02389600458803288,0.008029057541579048,0.025425348881666986,0.04932135346969987,0.0013381762569298413,False,True,False,False,False,True,False
720575940623556755,flow,efferent,5231,400,0.25,0.01,0.05,0.022748996367807302,0.869241062894284,0.02389600458803288,0.008029057541579048,0.025425348881666986,0.04932135346969987,0.0013381762569298413,False,False,False,False,False,False,False
720575940623556755,flow,efferent,5231,400,0.25,0.01,0.1,0.022748996367807302,0.869241062894284,0.02389600458803288,0.008029057541579048,0.025425348881666986,0.04932135346969987,0.0013381762569298413,False,False,False,False,False,False,False
720575940646753412,flow,efferent,4381,400,0.25,0.14285714285714285,0.01,0.07418397626112759,0.2686601232595298,0.5487331659438485,0.024651905957543938,0.06482538233280073,0.018488929468157955,0.00045651677699155445,True,True,True,True,True,False,False
720575940646753412,flow,efferent,4381,400,0.25,0.14285714285714285,0.05,0.07418397626112759,0.2686601232595298,0.5487331659438485,0.024651905957543938,0.06482538233280073,0.018488929468157955,0.00045651677699155445,False,True,True,False,False,False,False
720575940646753412,flow,efferent,4381,400,0.25,0.14285714285714285,0.1,0.07418397626112759,0.2686601232595298,0.5487331659438485,0.024651905957543938,0.06482538233280073,0.018488929468157955,0.00045651677699155445,False,True,True,False,False,False,False
720575940646753412,flow,efferent,4381,400,0.25,0.04,0.01,0.07418397626112759,0.2686601232595298,0.5487331659438485,0.024651905957543938,0.06482538233280073,0.018488929468157955,0.00045651677699155445,True,True,True,False,False,False,False
720575940646753412,flow,efferent,4381,400,0.25,0.04,0.05,0.07418397626112759,0.2686601232595298,0.5487331659438485,0.024651905957543938,0.06482538233280073,0.018488929468157955,0.00045651677699155445,False,True,True,False,False,False,False
720575940646753412,flow,efferent,4381,400,0.25,0.04,0.1,0.07418397626112759,0.2686601232595298,0.5487331659438485,0.024651905957543938,0.06482538233280073,0.018488929468157955,0.00045651677699155445,False,False,True,False,False,False,False
720575940646753412,flow,efferent,4381,400,0.25,0.02,0.01,0.07418397626112759,0.2686601232595298,0.5487331659438485,0.024651905957543938,0.06482538233280073,0.018488929468157955,0.00045651677699155445,True,True,True,False,False,False,False
720575940646753412,flow,efferent,4381,400,0.25,0.02,0.05,0.07418397626112759,0.2686601232595298,0.5487331659438485,0.024651905957543938,0.06482538233280073,0.018488929468157955,0.00045651677699155445,False,True,True,False,False,False,False
720575940646753412,flow,efferent,4381,400,0.25,0.02,0.1,0.07418397626112759,0.2686601232595298,0.5487331659438485,0.024651905957543938,0.06482538233280073,0.018488929468157955,0.00045651677699155445,False,False,False,False,False,False,False
720575940646753412,flow,efferent,4381,400,0.25,0.01,0.01,0.07418397626112759,0.2686601232595298,0.5487331659438485,0.024651905957543938,0.06482538233280073,0.018488929468157955,0.00045651677699155445,False,True,True,False,False,False,False
720575940646753412,flow,efferent,4381,400,0.25,0.01,0.05,0.07418397626112759,0.2686601232595298,0.5487331659438485,0.024651905957543938,0.06482538233280073,0.018488929468157955,0.00045651677699155445,False,False,True,False,False,False,False
720575940646753412,flow,efferent,4381,400,0.25,0.01,0.1,0.07418397626112759,0.2686601232595298,0.5487331659438485,0.024651905957543938,0.06482538233280073,0.018488929468157955,0.00045651677699155445,False,False,False,False,False,False,False
720575940606179686,flow,efferent,3952,400,0.25,0.14285714285714285,0.01,0.10197368421052631,0.5723684210526315,0.09412955465587045,0.029352226720647773,0.11411943319838057,0.0840080971659919,0.004048582995951417,True,True,True,True,True,True,False
720575940606179686,flow,efferent,3952,400,0.25,0.14285714285714285,0.05,0.10197368421052631,0.5723684210526315,0.09412955465587045,0.029352226720647773,0.11411943319838057,0.0840080971659919,0.004048582995951417,True,True,True,False,True,True,False
720575940606179686,flow,efferent,3952,400,0.25,0.14285714285714285,0.1,0.10197368421052631,0.5723684210526315,0.09412955465587045,0.029352226720647773,0.11411943319838057,0.0840080971659919,0.004048582995951417,False,True,False,False,False,False,False
720575940606179686,flow,efferent,3952,400,0.25,0.04,0.01,0.10197368421052631,0.5723684210526315,0.09412955465587045,0.029352226720647773,0.11411943319838057,0.0840080971659919,0.004048582995951417,True,True,True,False,True,True,False
720575940606179686,flow,efferent,3952,400,0.25,0.04,0.05,0.10197368421052631,0.5723684210526315,0.09412955465587045,0.029352226720647773,0.11411943319838057,0.0840080971659919,0.004048582995951417,True,True,False,False,False,False,False
720575940606179686,flow,efferent,3952,400,0.25,0.04,0.1,0.10197368421052631,0.5723684210526315,0.09412955465587045,0.029352226720647773,0.11411943319838057,0.0840080971659919,0.004048582995951417,False,False,False,False,False,False,False
720575940606179686,flow,efferent,3952,400,0.25,0.02,0.01,0.10197368421052631,0.5723684210526315,0.09412955465587045,0.029352226720647773,0.11411943319838057,0.0840080971659919,0.004048582995951417,True,True,False,False,True,True,False
720575940606179686,flow,efferent,3952,400,0.25,0.02,0.05,0.10197368421052631,0.5723684210526315,0.09412955465587045,0.029352226720647773,0.11411943319838057,0.0840080971659919,0.004048582995951417,True,True,False,False,False,False,False
720575940606179686,flow,efferent,3952,400,0.25,0.02,0.1,0.10197368421052631,0.5723684210526315,0.09412955465587045,0.029352226720647773,0.11411943319838057,0.0840080971659919,0.004048582995951417,False,False,False,False,False,False,False
720575940606179686,flow,efferent,3952,400,0.25,0.01,0.01,0.10197368421052631,0.5723684210526315,0.09412955465587045,0.029352226720647773,0.11411943319838057,0.0840080971659919,0.004048582995951417,True,True,False,False,False,True,False
720575940606179686,flow,efferent,3952,400,0.25,0.01,0.05,0.10197368421052631,0.5723684210526315,0.09412955465587045,0.029352226720647773,0.11411943319838057,0.0840080971659919,0.004048582995951417,True,False,False,False,False,False,False
720575940606179686,flow,efferent,3952,400,0.25,0.01,0.1,0.10197368421052631,0.5723684210526315,0.09412955465587045,0.029352226720647773,0.11411943319838057,0.0840080971659919,0.004048582995951417,False,False,False,False,False,False,False
720575940626562833,flow,efferent,5573,400,0.25,0.14285714285714285,0.01,0.07626054189843891,0.7145164184460793,0.05113942221424726,0.021173515162390095,0.07123631796160057,0.0626233626413063,0.003050421675937556,True,True,True,False,True,True,False
720575940626562833,flow,efferent,5573,400,0.25,0.14285714285714285,0.05,0.07626054189843891,0.7145164184460793,0.05113942221424726,0.021173515162390095,0.07123631796160057,0.0626233626413063,0.003050421675937556,False,True,False,False,False,False,False
720575940626562833,flow,efferent,5573,400,0.25,0.14285714285714285,0.1,0.07626054189843891,0.7145164184460793,0.05113942221424726,0.021173515162390095,0.07123631796160057,0.0626233626413063,0.003050421675937556,False,True,False,False,False,False,False
720575940626562833,flow,efferent,5573,400,0.25,0.04,0.01,0.07626054189843891,0.7145164184460793,0.05113942221424726,0.021173515162390095,0.07123631796160057,0.0626233626413063,0.003050421675937556,True,True,False,False,True,True,False
720575940626562833,flow,efferent,5573,400,0.25,0.04,0.05,0.07626054189843891,0.7145164184460793,0.05113942221424726,0.021173515162390095,0.07123631796160057,0.0626233626413063,0.003050421675937556,False,True,False,False,False,False,False
720575940626562833,flow,efferent,5573,400,0.25,0.04,0.1,0.07626054189843891,0.7145164184460793,0.05113942221424726,0.021173515162390095,0.07123631796160057,0.0626233626413063,0.003050421675937556,False,True,False,False,False,False,False
720575940626562833,flow,efferent,5573,400,0.25,0.02,0.01,0.07626054189843891,0.7145164184460793,0.05113942221424726,0.021173515162390095,0.07123631796160057,0.0626233626413063,0.003050421675937556,True,True,False,False,False,True,False
720575940626562833,flow,efferent,5573,400,0.25,0.02,0.05,0.07626054189843891,0.7145164184460793,0.05113942221424726,0.021173515162390095,0.07123631796160057,0.0626233626413063,0.003050421675937556,False,True,False,False,False,False,False
720575940626562833,flow,efferent,5573,400,0.25,0.02,0.1,0.07626054189843891,0.7145164184460793,0.05113942221424726,0.021173515162390095,0.07123631796160057,0.0626233626413063,0.003050421675937556,False,False,False,False,False,False,False
720575940626562833,flow,efferent,5573,400,0.25,0.01,0.01,0.07626054189843891,0.7145164184460793,0.05113942221424726,0.021173515162390095,0.07123631796160057,0.0626233626413063,0.003050421675937556,True,True,False,False,False,True,False
720575940626562833,flow,efferent,5573,400,0.25,0.01,0.05,0.07626054189843891,0.7145164184460793,0.05113942221424726,0.021173515162390095,0.07123631796160057,0.0626233626413063,0.003050421675937556,False,False,False,False,False,False,False
720575940626562833,flow,efferent,5573,400,0.25,0.01,0.1,0.07626054189843891,0.7145164184460793,0.05113942221424726,0.021173515162390095,0.07123631796160057,0.0626233626413063,0.003050421675937556,False,False,False,False,False,False,False
720575940617554577,flow,efferent,1112,400,0.25,0.14285714285714285,0.01,0.03237410071942446,0.7320143884892086,0.1447841726618705,0.008992805755395683,0.040467625899280574,0.04136690647482014,0.0,True,True,True,False,True,True,
720575940617554577,flow,efferent,1112,400,0.25,0.14285714285714285,0.05,0.03237410071942446,0.7320143884892086,0.1447841726618705,0.008992805755395683,0.040467625899280574,0.04136690647482014,0.0,False,True,True,False,False,False,
720575940617554577,flow,efferent,1112,400,0.25,0.14285714285714285,0.1,0.03237410071942446,0.7320143884892086,0.1447841726618705,0.008992805755395683,0.040467625899280574,0.04136690647482014,0.0,False,True,True,False,False,False,
720575940617554577,flow,efferent,1112,400,0.25,0.04,0.01,0.03237410071942446,0.7320143884892086,0.1447841726618705,0.008992805755395683,0.040467625899280574,0.04136690647482014,0.0,True,True,True,False,True,True,
720575940617554577,flow,efferent,1112,400,0.25,0.04,0.05,0.03237410071942446,0.7320143884892086,0.1447841726618705,0.008992805755395683,0.040467625899280574,0.04136690647482014,0.0,False,True,False,False,False,False,
720575940617554577,flow,efferent,1112,400,0.25,0.04,0.1,0.03237410071942446,0.7320143884892086,0.1447841726618705,0.008992805755395683,0.040467625899280574,0.04136690647482014,0.0,False,True,False,False,False,False,
720575940617554577,flow,efferent,1112,400,0.25,0.02,0.01,0.03237410071942446,0.7320143884892086,0.1447841726618705,0.008992805755395683,0.040467625899280574,0.04136690647482014,0.0,True,True,True,False,False,True,
720575940617554577,flow,efferent,1112,400,0.25,0.02,0.05,0.03237410071942446,0.7320143884892086,0.1447841726618705,0.008992805755395683,0.040467625899280574,0.04136690647482014,0.0,False,True,False,False,False,False,
720575940617554577,flow,efferent,1112,400,0.25,0.02,0.1,0.03237410071942446,0.7320143884892086,0.1447841726618705,0.008992805755395683,0.040467625899280574,0.04136690647482014,0.0,False,False,False,False,False,False,
720575940617554577,flow,efferent,1112,400,0.25,0.01,0.01,0.03237410071942446,0.7320143884892086,0.1447841726618705,0.008992805755395683,0.040467625899280574,0.04136690647482014,0.0,True,True,True,False,False,False,
720575940617554577,flow,efferent,1112,400,0.25,0.01,0.05,0.03237410071942446,0.7320143884892086,0.1447841726618705,0.008992805755395683,0.040467625899280574,0.04136690647482014,0.0,False,True,False,False,False,False,
720575940617554577,flow,efferent,1112,400,0.25,0.01,0.1,0.03237410071942446,0.7320143884892086,0.1447841726618705,0.008992805755395683,0.040467625899280574,0.04136690647482014,0.0,False,False,False,False,False,False,
720575940630607738,flow,efferent,10954,400,0.25,0.14285714285714285,0.01,0.034873105714807374,0.7804454993609641,0.09019536242468505,0.004655833485484755,0.042997991601241556,0.046101880591564726,0.0007303268212525105,True,True,True,False,True,True,False
720575940630607738,flow,efferent,10954,400,0.25,0.14285714285714285,0.05,0.034873105714807374,0.7804454993609641,0.09019536242468505,0.004655833485484755,0.042997991601241556,0.046101880591564726,0.0007303268212525105,False,True,True,False,False,False,False
720575940630607738,flow,efferent,10954,400,0.25,0.14285714285714285,0.1,0.034873105714807374,0.7804454993609641,0.09019536242468505,0.004655833485484755,0.042997991601241556,0.046101880591564726,0.0007303268212525105,False,True,False,False,False,False,False
720575940630607738,flow,efferent,10954,400,0.25,0.04,0.01,0.034873105714807374,0.7804454993609641,0.09019536242468505,0.004655833485484755,0.042997991601241556,0.046101880591564726,0.0007303268212525105,True,True,True,False,False,False,False
720575940630607738,flow,efferent,10954,400,0.25,0.04,0.05,0.034873105714807374,0.7804454993609641,0.09019536242468505,0.004655833485484755,0.042997991601241556,0.046101880591564726,0.0007303268212525105,False,True,False,False,False,False,False
720575940630607738,flow,efferent,10954,400,0.25,0.04,0.1,0.034873105714807374,0.7804454993609641,0.09019536242468505,0.004655833485484755,0.042997991601241556,0.046101880591564726,0.0007303268212525105,False,True,False,False,False,False,False
720575940630607738,flow,efferent,10954,400,0.25,0.02,0.01,0.034873105714807374,0.7804454993609641,0.09019536242468505,0.004655833485484755,0.042997991601241556,0.046101880591564726,0.0007303268212525105,True,True,True,False,False,False,False
720575940630607738,flow,efferent,10954,400,0.25,0.02,0.05,0.034873105714807374,0.7804454993609641,0.09019536242468505,0.004655833485484755,0.042997991601241556,0.046101880591564726,0.0007303268212525105,False,True,False,False,False,False,False
720575940630607738,flow,efferent,10954,400,0.25,0.02,0.1,0.034873105714807374,0.7804454993609641,0.09019536242468505,0.004655833485484755,0.042997991601241556,0.046101880591564726,0.0007303268212525105,False,True,False,False,False,False,False
720575940630607738,flow,efferent,10954,400,0.25,0.01,0.01,0.034873105714807374,0.7804454993609641,0.09019536242468505,0.004655833485484755,0.042997991601241556,0.046101880591564726,0.0007303268212525105,True,True,True,False,False,False,False
720575940630607738,flow,efferent,10954,400,0.25,0.01,0.05,0.034873105714807374,0.7804454993609641,0.09019536242468505,0.004655833485484755,0.042997991601241556,0.046101880591564726,0.0007303268212525105,False,True,False,False,False,False,False
720575940630607738,flow,efferent,10954,400,0.25,0.01,0.1,0.034873105714807374,0.7804454993609641,0.09019536242468505,0.004655833485484755,0.042997991601241556,0.046101880591564726,0.0007303268212525105,False,False,False,False,False,False,False
720575940620332141,flow,efferent,1803,400,0.25,0.14285714285714285,0.01,0.18912922906267332,0.04991680532445923,0.017193566278424846,0.3804769828064337,0.331669439822518,0.029950083194675542,0.0016638935108153079,True,True,False,True,True,True,False
720575940620332141,flow,efferent,1803,400,0.25,0.14285714285714285,0.05,0.18912922906267332,0.04991680532445923,0.017193566278424846,0.3804769828064337,0.331669439822518,0.029950083194675542,0.0016638935108153079,True,False,False,True,True,False,False
720575940620332141,flow,efferent,1803,400,0.25,0.14285714285714285,0.1,0.18912922906267332,0.04991680532445923,0.017193566278424846,0.3804769828064337,0.331669439822518,0.029950083194675542,0.0016638935108153079,True,False,False,True,True,False,False
720575940620332141,flow,efferent,1803,400,0.25,0.04,0.01,0.18912922906267332,0.04991680532445923,0.017193566278424846,0.3804769828064337,0.331669439822518,0.029950083194675542,0.0016638935108153079,True,False,False,True,True,False,False
720575940620332141,flow,efferent,1803,400,0.25,0.04,0.05,0.18912922906267332,0.04991680532445923,0.017193566278424846,0.3804769828064337,0.331669439822518,0.029950083194675542,0.0016638935108153079,True,False,False,True,True,False,False
720575940620332141,flow,efferent,1803,400,0.25,0.04,0.1,0.18912922906267332,0.04991680532445923,0.017193566278424846,0.3804769828064337,0.331669439822518,0.029950083194675542,0.0016638935108153079,True,False,False,False,True,False,False
720575940620332141,flow,efferent,1803,400,0.25,0.02,0.01,0.18912922906267332,0.04991680532445923,0.017193566278424846,0.3804769828064337,0.331669439822518,0.029950083194675542,0.0016638935108153079,True,False,False,True,True,False,False
720575940620332141,flow,efferent,1803,400,0.25,0.02,0.05,0.18912922906267332,0.04991680532445923,0.017193566278424846,0.3804769828064337,0.331669439822518,0.029950083194675542,0.0016638935108153079,True,False,False,True,True,False,False
720575940620332141,flow,efferent,1803,400,0.25,0.02,0.1,0.18912922906267332,0.04991680532445923,0.017193566278424846,0.3804769828064337,0.331669439822518,0.029950083194675542,0.0016638935108153079,True,False,False,False,True,False,False
720575940620332141,flow,efferent,1803,400,0.25,0.01,0.01,0.18912922906267332,0.04991680532445923,0.017193566278424846,0.3804769828064337,0.331669439822518,0.029950083194675542,0.0016638935108153079,True,False,False,True,True,False,False
720575940620332141,flow,efferent,1803,400,0.25,0.01,0.05,0.18912922906267332,0.04991680532445923,0.017193566278424846,0.3804769828064337,0.331669439822518,0.029950083194675542,0.0016638935108153079,True,False,False,False,True,False,False
720575940620332141,flow,efferent,1803,400,0.25,0.01,0.1,0.18912922906267332,0.04991680532445923,0.017193566278424846,0.3804769828064337,0.331669439822518,0.029950083194675542,0.0016638935108153079,True,False,False,False,True,False,False
720575940639789475,flow,efferent,11565,400,0.25,0.14285714285714285,0.01,0.03536532641591007,0.8907047124945958,0.02196281884997838,0.006398616515348033,0.020319930825767402,0.024383916990920882,0.0008646779074794639,True,True,True,False,False,True,False
720575940639789475,flow,efferent,11565,400,0.25,0.14285714285714285,0.05,0.03536532641591007,0.8907047124945958,0.02196281884997838,0.006398616515348033,0.020319930825767402,0.024383916990920882,0.0008646779074794639,False,True,False,False,False,False,False
720575940639789475,flow,efferent,11565,400,0.25,0.14285714285714285,0.1,0.03536532641591007,0.8907047124945958,0.02196281884997838,0.006398616515348033,0.020319930825767402,0.024383916990920882,0.0008646779074794639,False,True,False,False,False,False,False
720575940639789475,flow,efferent,11565,400,0.25,0.04,0.01,0.03536532641591007,0.8907047124945958,0.02196281884997838,0.006398616515348033,0.020319930825767402,0.024383916990920882,0.0008646779074794639,True,True,True,False,False,False,False
720575940639789475,flow,efferent,11565,400,0.25,0.04,0.05,0.03536532641591007,0.8907047124945958,0.02196281884997838,0.006398616515348033,0.020319930825767402,0.024383916990920882,0.0008646779074794639,False,True,False,False,False,False,False
720575940639789475,flow,efferent,11565,400,0.25,0.04,0.1,0.03536532641591007,0.8907047124945958,0.02196281884997838,0.006398616515348033,0.020319930825767402,0.024383916990920882,0.0008646779074794639,False,True,False,False,False,False,False
720575940639789475,flow,efferent,11565,400,0.25,0.02,0.01,0.03536532641591007,0.8907047124945958,0.02196281884997838,0.006398616515348033,0.020319930825767402,0.024383916990920882,0.0008646779074794639,True,True,False,False,False,False,False
720575940639789475,flow,efferent,11565,400,0.25,0.02,0.05,0.03536532641591007,0.8907047124945958,0.02196281884997838,0.006398616515348033,0.020319930825767402,0.024383916990920882,0.0008646779074794639,False,True,False,False,False,False,False
720575940639789475,flow,efferent,11565,400,0.25,0.02,0.1,0.03536532641591007,0.8907047124945958,0.02196281884997838,0.006398616515348033,0.020319930825767402,0.024383916990920882,0.0008646779074794639,False,False,False,False,False,False,False
720575940639789475,flow,efferent,11565,400,0.25,0.01,0.01,0.03536532641591007,0.8907047124945958,0.02196281884997838,0.006398616515348033,0.020319930825767402,0.024383916990920882,0.0008646779074794639,True,True,False,False,False,False,False
720575940639789475,flow,efferent,11565,400,0.25,0.01,0.05,0.03536532641591007,0.8907047124945958,0.02196281884997838,0.006398616515348033,0.020319930825767402,0.024383916990920882,0.0008646779074794639,False,False,False,False,False,False,False
720575940639789475,flow,efferent,11565,400,0.25,0.01,0.1,0.03536532641591007,0.8907047124945958,0.02196281884997838,0.006398616515348033,0.020319930825767402,0.024383916990920882,0.0008646779074794639,False,False,False,False,False,False,False
720575940622810153,flow,efferent,763,400,0.25,0.14285714285714285,0.01,0.1127129750982962,0.30144167758846657,0.2018348623853211,0.06028833551769332,0.24639580602883354,0.06815203145478375,0.009174311926605505,True,True,True,True,True,True,False
720575940622810153,flow,efferent,763,400,0.25,0.14285714285714285,0.05,0.1127129750982962,0.30144167758846657,0.2018348623853211,0.06028833551769332,0.24639580602883354,0.06815203145478375,0.009174311926605505,False,True,True,False,True,False,False
720575940622810153,flow,efferent,763,400,0.25,0.14285714285714285,0.1,0.1127129750982962,0.30144167758846657,0.2018348623853211,0.06028833551769332,0.24639580602883354,0.06815203145478375,0.009174311926605505,False,True,False,False,True,False,False
720575940622810153,flow,efferent,763,400,0.25,0.04,0.01,0.1127129750982962,0.30144167758846657,0.2018348623853211,0.06028833551769332,0.24639580602883354,0.06815203145478375,0.009174311926605505,True,True,True,True,True,True,False
720575940622810153,flow,efferent,763,400,0.25,0.04,0.05,0.1127129750982962,0.30144167758846657,0.2018348623853211,0.06028833551769332,0.24639580602883354,0.06815203145478375,0.009174311926605505,False,False,False,False,True,False,False
720575940622810153,flow,efferent,763,400,0.25,0.04,0.1,0.1127129750982962,0.30144167758846657,0.2018348623853211,0.06028833551769332,0.24639580602883354,0.06815203145478375,0.009174311926605505,False,False,False,False,False,False,False
720575940622810153,flow,efferent,763,400,0.25,0.02,0.01,0.1127129750982962,0.30144167758846657,0.2018348623853211,0.06028833551769332,0.24639580602883354,0.06815203145478375,0.009174311926605505,True,True,True,True,True,True,False
720575940622810153,flow,efferent,763,400,0.25,0.02,0.05,0.1127129750982962,0.30144167758846657,0.2018348623853211,0.06028833551769332,0.24639580602883354,0.06815203145478375,0.009174311926605505,False,False,False,False,False,False,False
720575940622810153,flow,efferent,763,400,0.25,0.02,0.1,0.1127129750982962,0.30144167758846657,0.2018348623853211,0.06028833551769332,0.24639580602883354,0.06815203145478375,0.009174311926605505,False,False,False,False,False,False,False
720575940622810153,flow,efferent,763,400,0.25,0.01,0.01,0.1127129750982962,0.30144167758846657,0.2018348623853211,0.06028833551769332,0.24639580602883354,0.06815203145478375,0.009174311926605505,True,True,True,True,True,True,False
720575940622810153,flow,efferent,763,400,0.25,0.01,0.05,0.1127129750982962,0.30144167758846657,0.2018348623853211,0.06028833551769332,0.24639580602883354,0.06815203145478375,0.009174311926605505,False,False,False,False,False,False,False
720575940622810153,flow,efferent,763,400,0.25,0.01,0.1,0.1127129750982962,0.30144167758846657,0.2018348623853211,0.06028833551769332,0.24639580602883354,0.06815203145478375,0.009174311926605505,False,False,False,False,False,False,False
720575940620354836,flow,efferent,5188,400,0.25,0.14285714285714285,0.01,0.08481110254433308,0.6482266769468004,0.09676175790285274,0.0853893600616808,0.05878951426368543,0.02467232074016962,0.0013492675404780262,True,True,True,True,True,True,False
720575940620354836,flow,efferent,5188,400,0.25,0.14285714285714285,0.05,0.08481110254433308,0.6482266769468004,0.09676175790285274,0.0853893600616808,0.05878951426368543,0.02467232074016962,0.0013492675404780262,False,True,True,True,False,False,False
720575940620354836,flow,efferent,5188,400,0.25,0.14285714285714285,0.1,0.08481110254433308,0.6482266769468004,0.09676175790285274,0.0853893600616808,0.05878951426368543,0.02467232074016962,0.0013492675404780262,False,True,False,False,False,False,False
720575940620354836,flow,efferent,5188,400,0.25,0.04,0.01,0.08481110254433308,0.6482266769468004,0.09676175790285274,0.0853893600616808,0.05878951426368543,0.02467232074016962,0.0013492675404780262,True,True,True,True,True,False,False
720575940620354836,flow,efferent,5188,400,0.25,0.04,0.05,0.08481110254433308,0.6482266769468004,0.09676175790285274,0.0853893600616808,0.05878951426368543,0.02467232074016962,0.0013492675404780262,False,True,True,False,False,False,False
720575940620354836,flow,efferent,5188,400,0.25,0.04,0.1,0.08481110254433308,0.6482266769468004,0.09676175790285274,0.0853893600616808,0.05878951426368543,0.02467232074016962,0.0013492675404780262,False,True,False,False,False,False,False
720575940620354836,flow,efferent,5188,400,0.25,0.02,0.01,0.08481110254433308,0.6482266769468004,0.09676175790285274,0.0853893600616808,0.05878951426368543,0.02467232074016962,0.0013492675404780262,True,True,True,True,False,False,False
720575940620354836,flow,efferent,5188,400,0.25,0.02,0.05,0.08481110254433308,0.6482266769468004,0.09676175790285274,0.0853893600616808,0.05878951426368543,0.02467232074016962,0.0013492675404780262,False,True,False,False,False,False,False
720575940620354836,flow,efferent,5188,400,0.25,0.02,0.1,0.08481110254433308,0.6482266769468004,0.09676175790285274,0.0853893600616808,0.05878951426368543,0.02467232074016962,0.0013492675404780262,False,True,False,False,False,False,False
720575940620354836,flow,efferent,5188,400,0.25,0.01,0.01,0.08481110254433308,0.6482266769468004,0.09676175790285274,0.0853893600616808,0.05878951426368543,0.02467232074016962,0.0013492675404780262,True,True,False,True,False,False,False
720575940620354836,flow,efferent,5188,400,0.25,0.01,0.05,0.08481110254433308,0.6482266769468004,0.09676175790285274,0.0853893600616808,0.05878951426368543,0.02467232074016962,0.0013492675404780262,False,True,False,False,False,False,False
720575940620354836,flow,efferent,5188,400,0.25,0.01,0.1,0.08481110254433308,0.6482266769468004,0.09676175790285274,0.0853893600616808,0.05878951426368543,0.02467232074016962,0.0013492675404780262,False,False,False,False,False,False,False
720575940620541099,flow,efferent,11716,400,0.25,0.14285714285714285,0.01,0.5038409013315125,0.16447593035165586,0.24393991123250255,0.016558552406964834,0.04387162854216456,0.026715602594742233,0.000597473540457494,True,True,True,False,True,False,False
720575940620541099,flow,efferent,11716,400,0.25,0.14285714285714285,0.05,0.5038409013315125,0.16447593035165586,0.24393991123250255,0.016558552406964834,0.04387162854216456,0.026715602594742233,0.000597473540457494,True,True,True,False,False,False,False
720575940620541099,flow,efferent,11716,400,0.25,0.14285714285714285,0.1,0.5038409013315125,0.16447593035165586,0.24393991123250255,0.016558552406964834,0.04387162854216456,0.026715602594742233,0.000597473540457494,True,False,True,False,False,False,False
720575940620541099,flow,efferent,11716,400,0.25,0.04,0.01,0.5038409013315125,0.16447593035165586,0.24393991123250255,0.016558552406964834,0.04387162854216456,0.026715602594742233,0.000597473540457494,True,True,True,False,False,False,False
720575940620541099,flow,efferent,11716,400,0.25,0.04,0.05,0.5038409013315125,0.16447593035165586,0.24393991123250255,0.016558552406964834,0.04387162854216456,0.026715602594742233,0.000597473540457494,True,False,True,False,False,False,False
720575940620541099,flow,efferent,11716,400,0.25,0.04,0.1,0.5038409013315125,0.16447593035165586,0.24393991123250255,0.016558552406964834,0.04387162854216456,0.026715602594742233,0.000597473540457494,True,False,False,False,False,False,False
720575940620541099,flow,efferent,11716,400,0.25,0.02,0.01,0.5038409013315125,0.16447593035165586,0.24393991123250255,0.016558552406964834,0.04387162854216456,0.026715602594742233,0.000597473540457494,True,True,True,False,False,False,False
720575940620541099,flow,efferent,11716,400,0.25,0.02,0.05,0.5038409013315125,0.16447593035165586,0.24393991123250255,0.016558552406964834,0.04387162854216456,0.026715602594742233,0.000597473540457494,True,False,False,False,False,False,False
720575940620541099,flow,efferent,11716,400,0.25,0.02,0.1,0.5038409013315125,0.16447593035165586,0.24393991123250255,0.016558552406964834,0.04387162854216456,0.026715602594742233,0.000597473540457494,False,False,False,False,False,False,False
720575940620541099,flow,efferent,11716,400,0.25,0.01,0.01,0.5038409013315125,0.16447593035165586,0.24393991123250255,0.016558552406964834,0.04387162854216456,0.026715602594742233,0.000597473540457494,True,True,True,False,False,False,False
720575940620541099,flow,efferent,11716,400,0.25,0.01,0.05,0.5038409013315125,0.16447593035165586,0.24393991123250255,0.016558552406964834,0.04387162854216456,0.026715602594742233,0.000597473540457494,False,False,False,False,False,False,False
720575940620541099,flow,efferent,11716,400,0.25,0.01,0.1,0.5038409013315125,0.16447593035165586,0.24393991123250255,0.016558552406964834,0.04387162854216456,0.026715602594742233,0.000597473540457494,False,False,False,False,False,False,False
720575940614660263,flow,efferent,6521,400,0.25,0.14285714285714285,0.01,0.07084802944333692,0.035730716147830084,0.3045545161785002,0.112406072688238,0.27081735930072076,0.20426314982364668,0.0013801564177273425,True,True,True,True,True,True,False
720575940614660263,flow,efferent,6521,400,0.25,0.14285714285714285,0.05,0.07084802944333692,0.035730716147830084,0.3045545161785002,0.112406072688238,0.27081735930072076,0.20426314982364668,0.0013801564177273425,False,False,True,True,True,True,False
720575940614660263,flow,efferent,6521,400,0.25,0.14285714285714285,0.1,0.07084802944333692,0.035730716147830084,0.3045545161785002,0.112406072688238,0.27081735930072076,0.20426314982364668,0.0013801564177273425,False,False,True,False,True,False,False
720575940614660263,flow,efferent,6521,400,0.25,0.04,0.01,0.07084802944333692,0.035730716147830084,0.3045545161785002,0.112406072688238,0.27081735930072076,0.20426314982364668,0.0013801564177273425,True,False,True,True,True,True,False
720575940614660263,flow,efferent,6521,400,0.25,0.04,0.05,0.07084802944333692,0.035730716147830084,0.3045545161785002,0.112406072688238,0.27081735930072076,0.20426314982364668,0.0013801564177273425,False,False,False,False,False,False,False
720575940614660263,flow,efferent,6521,400,0.25,0.04,0.1,0.07084802944333692,0.035730716147830084,0.3045545161785002,0.112406072688238,0.27081735930072076,0.20426314982364668,0.0013801564177273425,False,False,False,False,False,False,False
720575940614660263,flow,efferent,6521,400,0.25,0.02,0.01,0.07084802944333692,0.035730716147830084,0.3045545161785002,0.112406072688238,0.27081735930072076,0.20426314982364668,0.0013801564177273425,True,False,True,True,True,True,False
720575940614660263,flow,efferent,6521,400,0.25,0.02,0.05,0.07084802944333692,0.035730716147830084,0.3045545161785002,0.112406072688238,0.27081735930072076,0.20426314982364668,0.0013801564177273425,False,False,False,False,False,False,False
720575940614660263,flow,efferent,6521,400,0.25,0.02,0.1,0.07084802944333692,0.035730716147830084,0.3045545161785002,0.112406072688238,0.27081735930072076,0.20426314982364668,0.0013801564177273425,False,False,False,False,False,False,False
720575940614660263,flow,efferent,6521,400,0.25,0.01,0.01,0.07084802944333692,0.035730716147830084,0.3045545161785002,0.112406072688238,0.27081735930072076,0.20426314982364668,0.0013801564177273425,True,False,True,True,True,True,False
720575940614660263,flow,efferent,6521,400,0.25,0.01,0.05,0.07084802944333692,0.035730716147830084,0.3045545161785002,0.112406072688238,0.27081735930072076,0.20426314982364668,0.0013801564177273425,False,False,False,False,False,False,False
720575940614660263,flow,efferent,6521,400,0.25,0.01,0.1,0.07084802944333692,0.035730716147830084,0.3045545161785002,0.112406072688238,0.27081735930072076,0.20426314982364668,0.0013801564177273425,False,False,False,False,False,False,False
720575940624280066,flow,efferent,826,400,0.25,0.14285714285714285,0.01,0.22397094430992737,0.20581113801452786,0.08353510895883777,0.04600484261501211,0.23728813559322035,0.19612590799031476,0.007263922518159807,True,True,True,True,True,True,False
720575940624280066,flow,efferent,826,400,0.25,0.14285714285714285,0.05,0.22397094430992737,0.20581113801452786,0.08353510895883777,0.04600484261501211,0.23728813559322035,0.19612590799031476,0.007263922518159807,True,True,True,False,True,True,False
720575940624280066,flow,efferent,826,400,0.25,0.14285714285714285,0.1,0.22397094430992737,0.20581113801452786,0.08353510895883777,0.04600484261501211,0.23728813559322035,0.19612590799031476,0.007263922518159807,True,True,False,False,True,True,False
720575940624280066,flow,efferent,826,400,0.25,0.04,0.01,0.22397094430992737,0.20581113801452786,0.08353510895883777,0.04600484261501211,0.23728813559322035,0.19612590799031476,0.007263922518159807,True,True,True,True,True,True,False
720575940624280066,flow,efferent,826,400,0.25,0.04,0.05,0.22397094430992737,0.20581113801452786,0.08353510895883777,0.04600484261501211,0.23728813559322035,0.19612590799031476,0.007263922518159807,True,False,False,False,False,True,False
720575940624280066,flow,efferent,826,400,0.25,0.04,0.1,0.22397094430992737,0.20581113801452786,0.08353510895883777,0.04600484261501211,0.23728813559322035,0.19612590799031476,0.007263922518159807,True,False,False,False,False,False,False
720575940624280066,flow,efferent,826,400,0.25,0.02,0.01,0.22397094430992737,0.20581113801452786,0.08353510895883777,0.04600484261501211,0.23728813559322035,0.19612590799031476,0.007263922518159807,True,True,True,False,True,True,False
720575940624280066,flow,efferent,826,400,0.25,0.02,0.05,0.22397094430992737,0.20581113801452786,0.08353510895883777,0.04600484261501211,0.23728813559322035,0.19612590799031476,0.007263922518159807,True,False,False,False,False,True,False
720575940624280066,flow,efferent,826,400,0.25,0.02,0.1,0.22397094430992737,0.20581113801452786,0.08353510895883777,0.04600484261501211,0.23728813559322035,0.19612590799031476,0.007263922518159807,True,False,False,False,False,False,False
720575940624280066,flow,efferent,826,400,0.25,0.01,0.01,0.22397094430992737,0.20581113801452786,0.08353510895883777,0.04600484261501211,0.23728813559322035,0.19612590799031476,0.007263922518159807,True,True,False,False,True,True,False
720575940624280066,flow,efferent,826,400,0.25,0.01,0.05,0.22397094430992737,0.20581113801452786,0.08353510895883777,0.04600484261501211,0.23728813559322035,0.19612590799031476,0.007263922518159807,True,False,False,False,False,True,False
720575940624280066,flow,efferent,826,400,0.25,0.01,0.1,0.22397094430992737,0.20581113801452786,0.08353510895883777,0.04600484261501211,0.23728813559322035,0.19612590799031476,0.007263922518159807,True,False,False,False,False,False,False
720575940620298772,flow,efferent,3918,400,0.25,0.14285714285714285,0.01,0.062021439509954056,0.6633486472690148,0.058703420112302195,0.0222052067381317,0.1498213374170495,0.043389484430832057,0.0005104645227156713,True,True,True,False,True,True,False
720575940620298772,flow,efferent,3918,400,0.25,0.14285714285714285,0.05,0.062021439509954056,0.6633486472690148,0.058703420112302195,0.0222052067381317,0.1498213374170495,0.043389484430832057,0.0005104645227156713,False,True,False,False,True,False,False
720575940620298772,flow,efferent,3918,400,0.25,0.14285714285714285,0.1,0.062021439509954056,0.6633486472690148,0.058703420112302195,0.0222052067381317,0.1498213374170495,0.043389484430832057,0.0005104645227156713,False,True,False,False,False,False,False
720575940620298772,flow,efferent,3918,400,0.25,0.04,0.01,0.062021439509954056,0.6633486472690148,0.058703420112302195,0.0222052067381317,0.1498213374170495,0.043389484430832057,0.0005104645227156713,True,True,False,False,True,True,False
720575940620298772,flow,efferent,3918,400,0.25,0.04,0.05,0.062021439509954056,0.6633486472690148,0.058703420112302195,0.0222052067381317,0.1498213374170495,0.043389484430832057,0.0005104645227156713,False,True,False,False,False,False,False
720575940620298772,flow,efferent,3918,400,0.25,0.04,0.1,0.062021439509954056,0.6633486472690148,0.058703420112302195,0.0222052067381317,0.1498213374170495,0.043389484430832057,0.0005104645227156713,False,True,False,False,False,False,False
720575940620298772,flow,efferent,3918,400,0.25,0.02,0.01,0.062021439509954056,0.6633486472690148,0.058703420112302195,0.0222052067381317,0.1498213374170495,0.043389484430832057,0.0005104645227156713,True,True,False,False,True,True,False
720575940620298772,flow,efferent,3918,400,0.25,0.02,0.05,0.062021439509954056,0.6633486472690148,0.058703420112302195,0.0222052067381317,0.1498213374170495,0.043389484430832057,0.0005104645227156713,False,True,False,False,False,False,False
720575940620298772,flow,efferent,3918,400,0.25,0.02,0.1,0.062021439509954056,0.6633486472690148,0.058703420112302195,0.0222052067381317,0.1498213374170495,0.043389484430832057,0.0005104645227156713,False,True,False,False,False,False,False
720575940620298772,flow,efferent,3918,400,0.25,0.01,0.01,0.062021439509954056,0.6633486472690148,0.058703420112302195,0.0222052067381317,0.1498213374170495,0.043389484430832057,0.0005104645227156713,True,True,False,False,True,True,False
720575940620298772,flow,efferent,3918,400,0.25,0.01,0.05,0.062021439509954056,0.6633486472690148,0.058703420112302195,0.0222052067381317,0.1498213374170495,0.043389484430832057,0.0005104645227156713,False,True,False,False,False,False,False
720575940620298772,flow,efferent,3918,400,0.25,0.01,0.1,0.062021439509954056,0.6633486472690148,0.058703420112302195,0.0222052067381317,0.1498213374170495,0.043389484430832057,0.0005104645227156713,False,False,False,False,False,False,False
720575940614581410,flow,efferent,9070,400,0.25,0.14285714285714285,0.01,0.6786108048511577,0.1861080485115766,0.050165380374862185,0.013009922822491731,0.0412348401323043,0.03054024255788313,0.000330760749724366,True,True,True,False,True,True,False
720575940614581410,flow,efferent,9070,400,0.25,0.14285714285714285,0.05,0.6786108048511577,0.1861080485115766,0.050165380374862185,0.013009922822491731,0.0412348401323043,0.03054024255788313,0.000330760749724366,True,True,False,False,False,False,False
720575940614581410,flow,efferent,9070,400,0.25,0.14285714285714285,0.1,0.6786108048511577,0.1861080485115766,0.050165380374862185,0.013009922822491731,0.0412348401323043,0.03054024255788313,0.000330760749724366,True,False,False,False,False,False,False
720575940614581410,flow,efferent,9070,400,0.25,0.04,0.01,0.6786108048511577,0.1861080485115766,0.050165380374862185,0.013009922822491731,0.0412348401323043,0.03054024255788313,0.000330760749724366,True,True,False,False,False,False,False
720575940614581410,flow,efferent,9070,400,0.25,0.04,0.05,0.6786108048511577,0.1861080485115766,0.050165380374862185,0.013009922822491731,0.0412348401323043,0.03054024255788313,0.000330760749724366,True,False,False,False,False,False,False
720575940614581410,flow,efferent,9070,400,0.25,0.04,0.1,0.6786108048511577,0.1861080485115766,0.050165380374862185,0.013009922822491731,0.0412348401323043,0.03054024255788313,0.000330760749724366,True,False,False,False,False,False,False
720575940614581410,flow,efferent,9070,400,0.25,0.02,0.01,0.6786108048511577,0.1861080485115766,0.050165380374862185,0.013009922822491731,0.0412348401323043,0.03054024255788313,0.000330760749724366,True,True,False,False,False,False,False
720575940614581410,flow,efferent,9070,400,0.25,0.02,0.05,0.6786108048511577,0.1861080485115766,0.050165380374862185,0.013009922822491731,0.0412348401323043,0.03054024255788313,0.000330760749724366,True,False,False,False,False,False,False
720575940614581410,flow,efferent,9070,400,0.25,0.02,0.1,0.6786108048511577,0.1861080485115766,0.050165380374862185,0.013009922822491731,0.0412348401323043,0.03054024255788313,0.000330760749724366,True,False,False,False,False,False,False
720575940614581410,flow,efferent,9070,400,0.25,0.01,0.01,0.6786108048511577,0.1861080485115766,0.050165380374862185,0.013009922822491731,0.0412348401323043,0.03054024255788313,0.000330760749724366,True,True,False,False,False,False,False
720575940614581410,flow,efferent,9070,400,0.25,0.01,0.05,0.6786108048511577,0.1861080485115766,0.050165380374862185,0.013009922822491731,0.0412348401323043,0.03054024255788313,0.000330760749724366,True,False,False,False,False,False,False
720575940614581410,flow,efferent,9070,400,0.25,0.01,0.1,0.6786108048511577,0.1861080485115766,0.050165380374862185,0.013009922822491731,0.0412348401323043,0.03054024255788313,0.000330760749724366,False,False,False,False,False,False,False
720575940630425083,flow,efferent,2696,400,0.25,0.14285714285714285,0.01,0.0771513353115727,0.7054896142433235,0.0322700296735905,0.025222551928783383,0.08679525222551929,0.07195845697329377,0.001112759643916914,True,True,True,True,True,True,False
720575940630425083,flow,efferent,2696,400,0.25,0.14285714285714285,0.05,0.0771513353115727,0.7054896142433235,0.0322700296735905,0.025222551928783383,0.08679525222551929,0.07195845697329377,0.001112759643916914,True,True,False,False,False,False,False
720575940630425083,flow,efferent,2696,400,0.25,0.14285714285714285,0.1,0.0771513353115727,0.7054896142433235,0.0322700296735905,0.025222551928783383,0.08679525222551929,0.07195845697329377,0.001112759643916914,False,True,False,False,False,False,False
720575940630425083,flow,efferent,2696,400,0.25,0.04,0.01,0.0771513353115727,0.7054896142433235,0.0322700296735905,0.025222551928783383,0.08679525222551929,0.07195845697329377,0.001112759643916914,True,True,False,False,True,True,False
720575940630425083,flow,efferent,2696,400,0.25,0.04,0.05,0.0771513353115727,0.7054896142433235,0.0322700296735905,0.025222551928783383,0.08679525222551929,0.07195845697329377,0.001112759643916914,True,True,False,False,False,False,False
720575940630425083,flow,efferent,2696,400,0.25,0.04,0.1,0.0771513353115727,0.7054896142433235,0.0322700296735905,0.025222551928783383,0.08679525222551929,0.07195845697329377,0.001112759643916914,False,False,False,False,False,False,False
720575940630425083,flow,efferent,2696,400,0.25,0.02,0.01,0.0771513353115727,0.7054896142433235,0.0322700296735905,0.025222551928783383,0.08679525222551929,0.07195845697329377,0.001112759643916914,True,True,False,False,True,True,False
720575940630425083,flow,efferent,2696,400,0.25,0.02,0.05,0.0771513353115727,0.7054896142433235,0.0322700296735905,0.025222551928783383,0.08679525222551929,0.07195845697329377,0.001112759643916914,True,True,False,False,False,False,False
720575940630425083,flow,efferent,2696,400,0.25,0.02,0.1,0.0771513353115727,0.7054896142433235,0.0322700296735905,0.025222551928783383,0.08679525222551929,0.07195845697329377,0.001112759643916914,False,False,False,False,False,False,False
720575940630425083,flow,efferent,2696,400,0.25,0.01,0.01,0.0771513353115727,0.7054896142433235,0.0322700296735905,0.025222551928783383,0.08679525222551929,0.07195845697329377,0.001112759643916914,True,True,False,False,True,True,False
720575940630425083,flow,efferent,2696,400,0.25,0.01,0.05,0.0771513353115727,0.7054896142433235,0.0322700296735905,0.025222551928783383,0.08679525222551929,0.07195845697329377,0.001112759643916914,True,True,False,False,False,False,False
720575940630425083,flow,efferent,2696,400,0.25,0.01,0.1,0.0771513353115727,0.7054896142433235,0.0322700296735905,0.025222551928783383,0.08679525222551929,0.07195845697329377,0.001112759643916914,False,False,False,False,False,False,False
720575940626328707,flow,efferent,3905,400,0.25,0.14285714285714285,0.01,0.01997439180537772,0.8015364916773368,0.03994878361075544,0.026888604353393086,0.06965428937259924,0.04071702944942381,0.0012804097311139564,False,True,True,True,True,True,False
720575940626328707,flow,efferent,3905,400,0.25,0.14285714285714285,0.05,0.01997439180537772,0.8015364916773368,0.03994878361075544,0.026888604353393086,0.06965428937259924,0.04071702944942381,0.0012804097311139564,False,True,False,False,False,False,False
720575940626328707,flow,efferent,3905,400,0.25,0.14285714285714285,0.1,0.01997439180537772,0.8015364916773368,0.03994878361075544,0.026888604353393086,0.06965428937259924,0.04071702944942381,0.0012804097311139564,False,True,False,False,False,False,False
720575940626328707,flow,efferent,3905,400,0.25,0.04,0.01,0.01997439180537772,0.8015364916773368,0.03994878361075544,0.026888604353393086,0.06965428937259924,0.04071702944942381,0.0012804097311139564,False,True,False,False,False,True,False
720575940626328707,flow,efferent,3905,400,0.25,0.04,0.05,0.01997439180537772,0.8015364916773368,0.03994878361075544,0.026888604353393086,0.06965428937259924,0.04071702944942381,0.0012804097311139564,False,True,False,False,False,False,False
720575940626328707,flow,efferent,3905,400,0.25,0.04,0.1,0.01997439180537772,0.8015364916773368,0.03994878361075544,0.026888604353393086,0.06965428937259924,0.04071702944942381,0.0012804097311139564,False,True,False,False,False,False,False
720575940626328707,flow,efferent,3905,400,0.25,0.02,0.01,0.01997439180537772,0.8015364916773368,0.03994878361075544,0.026888604353393086,0.06965428937259924,0.04071702944942381,0.0012804097311139564,False,True,False,False,False,True,False
720575940626328707,flow,efferent,3905,400,0.25,0.02,0.05,0.01997439180537772,0.8015364916773368,0.03994878361075544,0.026888604353393086,0.06965428937259924,0.04071702944942381,0.0012804097311139564,False,True,False,False,False,False,False
720575940626328707,flow,efferent,3905,400,0.25,0.02,0.1,0.01997439180537772,0.8015364916773368,0.03994878361075544,0.026888604353393086,0.06965428937259924,0.04071702944942381,0.0012804097311139564,False,False,False,False,False,False,False
720575940626328707,flow,efferent,3905,400,0.25,0.01,0.01,0.01997439180537772,0.8015364916773368,0.03994878361075544,0.026888604353393086,0.06965428937259924,0.04071702944942381,0.0012804097311139564,False,True,False,False,False,True,False
720575940626328707,flow,efferent,3905,400,0.25,0.01,0.05,0.01997439180537772,0.8015364916773368,0.03994878361075544,0.026888604353393086,0.06965428937259924,0.04071702944942381,0.0012804097311139564,False,True,False,False,False,False,False
720575940626328707,flow,efferent,3905,400,0.25,0.01,0.1,0.01997439180537772,0.8015364916773368,0.03994878361075544,0.026888604353393086,0.06965428937259924,0.04071702944942381,0.0012804097311139564,False,False,False,False,False,False,False
720575940653310198,flow,efferent,5924,400,0.25,0.14285714285714285,0.01,0.032072923700202566,0.09520594193112762,0.7613099257258609,0.00911546252532073,0.06937879810938555,0.03139770425388251,0.0015192437542201215,False,True,True,False,True,True,False
720575940653310198,flow,efferent,5924,400,0.25,0.14285714285714285,0.05,0.032072923700202566,0.09520594193112762,0.7613099257258609,0.00911546252532073,0.06937879810938555,0.03139770425388251,0.0015192437542201215,False,True,True,False,False,False,False
720575940653310198,flow,efferent,5924,400,0.25,0.14285714285714285,0.1,0.032072923700202566,0.09520594193112762,0.7613099257258609,0.00911546252532073,0.06937879810938555,0.03139770425388251,0.0015192437542201215,False,False,True,False,False,False,False
720575940653310198,flow,efferent,5924,400,0.25,0.04,0.01,0.032072923700202566,0.09520594193112762,0.7613099257258609,0.00911546252532073,0.06937879810938555,0.03139770425388251,0.0015192437542201215,False,True,True,False,True,False,False
720575940653310198,flow,efferent,5924,400,0.25,0.04,0.05,0.032072923700202566,0.09520594193112762,0.7613099257258609,0.00911546252532073,0.06937879810938555,0.03139770425388251,0.0015192437542201215,False,False,True,False,False,False,False
720575940653310198,flow,efferent,5924,400,0.25,0.04,0.1,0.032072923700202566,0.09520594193112762,0.7613099257258609,0.00911546252532073,0.06937879810938555,0.03139770425388251,0.0015192437542201215,False,False,True,False,False,False,False
720575940653310198,flow,efferent,5924,400,0.25,0.02,0.01,0.032072923700202566,0.09520594193112762,0.7613099257258609,0.00911546252532073,0.06937879810938555,0.03139770425388251,0.0015192437542201215,False,False,True,False,True,False,False
720575940653310198,flow,efferent,5924,400,0.25,0.02,0.05,0.032072923700202566,0.09520594193112762,0.7613099257258609,0.00911546252532073,0.06937879810938555,0.03139770425388251,0.0015192437542201215,False,False,True,False,False,False,False
720575940653310198,flow,efferent,5924,400,0.25,0.02,0.1,0.032072923700202566,0.09520594193112762,0.7613099257258609,0.00911546252532073,0.06937879810938555,0.03139770425388251,0.0015192437542201215,False,False,False,False,False,False,False
720575940653310198,flow,efferent,5924,400,0.25,0.01,0.01,0.032072923700202566,0.09520594193112762,0.7613099257258609,0.00911546252532073,0.06937879810938555,0.03139770425388251,0.0015192437542201215,False,False,True,False,False,False,False
720575940653310198,flow,efferent,5924,400,0.25,0.01,0.05,0.032072923700202566,0.09520594193112762,0.7613099257258609,0.00911546252532073,0.06937879810938555,0.03139770425388251,0.0015192437542201215,False,False,False,False,False,False,False
720575940653310198,flow,efferent,5924,400,0.25,0.01,0.1,0.032072923700202566,0.09520594193112762,0.7613099257258609,0.00911546252532073,0.06937879810938555,0.03139770425388251,0.0015192437542201215,False,False,False,False,False,False,False
720575940628858640,flow,efferent,5379,400,0.25,0.14285714285714285,0.01,0.08458821342256925,0.681911135898866,0.04796430563301729,0.018962632459564976,0.08997955010224949,0.07380554006320877,0.002788622420524261,True,True,True,True,True,True,False
720575940628858640,flow,efferent,5379,400,0.25,0.14285714285714285,0.05,0.08458821342256925,0.681911135898866,0.04796430563301729,0.018962632459564976,0.08997955010224949,0.07380554006320877,0.002788622420524261,False,True,False,False,False,False,False
720575940628858640,flow,efferent,5379,400,0.25,0.14285714285714285,0.1,0.08458821342256925,0.681911135898866,0.04796430563301729,0.018962632459564976,0.08997955010224949,0.07380554006320877,0.002788622420524261,False,True,False,False,False,False,False
720575940628858640,flow,efferent,5379,400,0.25,0.04,0.01,0.08458821342256925,0.681911135898866,0.04796430563301729,0.018962632459564976,0.08997955010224949,0.07380554006320877,0.002788622420524261,True,True,False,False,False,True,False
720575940628858640,flow,efferent,5379,400,0.25,0.04,0.05,0.08458821342256925,0.681911135898866,0.04796430563301729,0.018962632459564976,0.08997955010224949,0.07380554006320877,0.002788622420524261,False,True,False,False,False,False,False
720575940628858640,flow,efferent,5379,400,0.25,0.04,0.1,0.08458821342256925,0.681911135898866,0.04796430563301729,0.018962632459564976,0.08997955010224949,0.07380554006320877,0.002788622420524261,False,True,False,False,False,False,False
720575940628858640,flow,efferent,5379,400,0.25,0.02,0.01,0.08458821342256925,0.681911135898866,0.04796430563301729,0.018962632459564976,0.08997955010224949,0.07380554006320877,0.002788622420524261,True,True,False,False,False,True,False
720575940628858640,flow,efferent,5379,400,0.25,0.02,0.05,0.08458821342256925,0.681911135898866,0.04796430563301729,0.018962632459564976,0.08997955010224949,0.07380554006320877,0.002788622420524261,False,True,False,False,False,False,False
720575940628858640,flow,efferent,5379,400,0.25,0.02,0.1,0.08458821342256925,0.681911135898866,0.04796430563301729,0.018962632459564976,0.08997955010224949,0.07380554006320877,0.002788622420524261,False,False,False,False,False,False,False
720575940628858640,flow,efferent,5379,400,0.25,0.01,0.01,0.08458821342256925,0.681911135898866,0.04796430563301729,0.018962632459564976,0.08997955010224949,0.07380554006320877,0.002788622420524261,True,True,False,False,False,True,False
720575940628858640,flow,efferent,5379,400,0.25,0.01,0.05,0.08458821342256925,0.681911135898866,0.04796430563301729,0.018962632459564976,0.08997955010224949,0.07380554006320877,0.002788622420524261,False,True,False,False,False,False,False
720575940628858640,flow,efferent,5379,400,0.25,0.01,0.1,0.08458821342256925,0.681911135898866,0.04796430563301729,0.018962632459564976,0.08997955010224949,0.07380554006320877,0.002788622420524261,False,False,False,False,False,False,False
720575940627432680,flow,efferent,2885,400,0.25,0.14285714285714285,0.01,0.058925476603119586,0.6880415944540728,0.11750433275563259,0.00901213171577123,0.06724436741767764,0.05788561525129983,0.0013864818024263432,True,True,True,False,True,True,False
720575940627432680,flow,efferent,2885,400,0.25,0.14285714285714285,0.05,0.058925476603119586,0.6880415944540728,0.11750433275563259,0.00901213171577123,0.06724436741767764,0.05788561525129983,0.0013864818024263432,False,True,True,False,False,False,False
720575940627432680,flow,efferent,2885,400,0.25,0.14285714285714285,0.1,0.058925476603119586,0.6880415944540728,0.11750433275563259,0.00901213171577123,0.06724436741767764,0.05788561525129983,0.0013864818024263432,False,True,False,False,False,False,False
720575940627432680,flow,efferent,2885,400,0.25,0.04,0.01,0.058925476603119586,0.6880415944540728,0.11750433275563259,0.00901213171577123,0.06724436741767764,0.05788561525129983,0.0013864818024263432,True,True,True,False,False,True,False
720575940627432680,flow,efferent,2885,400,0.25,0.04,0.05,0.058925476603119586,0.6880415944540728,0.11750433275563259,0.00901213171577123,0.06724436741767764,0.05788561525129983,0.0013864818024263432,False,True,False,False,False,False,False
720575940627432680,flow,efferent,2885,400,0.25,0.04,0.1,0.058925476603119586,0.6880415944540728,0.11750433275563259,0.00901213171577123,0.06724436741767764,0.05788561525129983,0.0013864818024263432,False,True,False,False,False,False,False
720575940627432680,flow,efferent,2885,400,0.25,0.02,0.01,0.058925476603119586,0.6880415944540728,0.11750433275563259,0.00901213171577123,0.06724436741767764,0.05788561525129983,0.0013864818024263432,True,True,True,False,False,False,False
720575940627432680,flow,efferent,2885,400,0.25,0.02,0.05,0.058925476603119586,0.6880415944540728,0.11750433275563259,0.00901213171577123,0.06724436741767764,0.05788561525129983,0.0013864818024263432,False,True,False,False,False,False,False
720575940627432680,flow,efferent,2885,400,0.25,0.02,0.1,0.058925476603119586,0.6880415944540728,0.11750433275563259,0.00901213171577123,0.06724436741767764,0.05788561525129983,0.0013864818024263432,False,True,False,False,False,False,False
720575940627432680,flow,efferent,2885,400,0.25,0.01,0.01,0.058925476603119586,0.6880415944540728,0.11750433275563259,0.00901213171577123,0.06724436741767764,0.05788561525129983,0.0013864818024263432,True,True,True,False,False,False,False
720575940627432680,flow,efferent,2885,400,0.25,0.01,0.05,0.058925476603119586,0.6880415944540728,0.11750433275563259,0.00901213171577123,0.06724436741767764,0.05788561525129983,0.0013864818024263432,False,True,False,False,False,False,False
720575940627432680,flow,efferent,2885,400,0.25,0.01,0.1,0.058925476603119586,0.6880415944540728,0.11750433275563259,0.00901213171577123,0.06724436741767764,0.05788561525129983,0.0013864818024263432,False,True,False,False,False,False,False
720575940613915823,flow,efferent,16629,400,0.25,0.14285714285714285,0.01,0.0224908292741596,0.9070900234530038,0.024836129653015817,0.0032473389861086056,0.01761982079499669,0.02429490648866438,0.0004209513500511155,True,True,False,False,False,False,False
720575940613915823,flow,efferent,16629,400,0.25,0.14285714285714285,0.05,0.0224908292741596,0.9070900234530038,0.024836129653015817,0.0032473389861086056,0.01761982079499669,0.02429490648866438,0.0004209513500511155,False,True,False,False,False,False,False
720575940613915823,flow,efferent,16629,400,0.25,0.14285714285714285,0.1,0.0224908292741596,0.9070900234530038,0.024836129653015817,0.0032473389861086056,0.01761982079499669,0.02429490648866438,0.0004209513500511155,False,True,False,False,False,False,False
720575940613915823,flow,efferent,16629,400,0.25,0.04,0.01,0.0224908292741596,0.9070900234530038,0.024836129653015817,0.0032473389861086056,0.01761982079499669,0.02429490648866438,0.0004209513500511155,True,True,False,False,False,False,False
720575940613915823,flow,efferent,16629,400,0.25,0.04,0.05,0.0224908292741596,0.9070900234530038,0.024836129653015817,0.0032473389861086056,0.01761982079499669,0.02429490648866438,0.0004209513500511155,False,True,False,False,False,False,False
720575940613915823,flow,efferent,16629,400,0.25,0.04,0.1,0.0224908292741596,0.9070900234530038,0.024836129653015817,0.0032473389861086056,0.01761982079499669,0.02429490648866438,0.0004209513500511155,False,True,False,False,False,False,False
720575940613915823,flow,efferent,16629,400,0.25,0.02,0.01,0.0224908292741596,0.9070900234530038,0.024836129653015817,0.0032473389861086056,0.01761982079499669,0.02429490648866438,0.0004209513500511155,True,True,False,False,False,False,False
720575940613915823,flow,efferent,16629,400,0.25,0.02,0.05,0.0224908292741596,0.9070900234530038,0.024836129653015817,0.0032473389861086056,0.01761982079499669,0.02429490648866438,0.0004209513500511155,False,True,False,False,False,False,False
720575940613915823,flow,efferent,16629,400,0.25,0.02,0.1,0.0224908292741596,0.9070900234530038,0.024836129653015817,0.0032473389861086056,0.01761982079499669,0.02429490648866438,0.0004209513500511155,False,True,False,False,False,False,False
720575940613915823,flow,efferent,16629,400,0.25,0.01,0.01,0.0224908292741596,0.9070900234530038,0.024836129653015817,0.0032473389861086056,0.01761982079499669,0.02429490648866438,0.0004209513500511155,True,True,False,False,False,False,False
720575940613915823,flow,efferent,16629,400,0.25,0.01,0.05,0.0224908292741596,0.9070900234530038,0.024836129653015817,0.0032473389861086056,0.01761982079499669,0.02429490648866438,0.0004209513500511155,False,True,False,False,False,False,False
720575940613915823,flow,efferent,16629,400,0.25,0.01,0.1,0.0224908292741596,0.9070900234530038,0.024836129653015817,0.0032473389861086056,0.01761982079499669,0.02429490648866438,0.0004209513500511155,False,False,False,False,False,False,False
720575940621031006,flow,efferent,12437,400,0.25,0.14285714285714285,0.01,0.02114657875693495,0.874487416579561,0.011337139181474632,0.01061349199967838,0.04349923615019699,0.03827289539277961,0.0006432419393744472,True,True,True,False,True,True,False
720575940621031006,flow,efferent,12437,400,0.25,0.14285714285714285,0.05,0.02114657875693495,0.874487416579561,0.011337139181474632,0.01061349199967838,0.04349923615019699,0.03827289539277961,0.0006432419393744472,False,True,False,False,False,False,False
720575940621031006,flow,efferent,12437,400,0.25,0.14285714285714285,0.1,0.02114657875693495,0.874487416579561,0.011337139181474632,0.01061349199967838,0.04349923615019699,0.03827289539277961,0.0006432419393744472,False,True,False,False,False,False,False
720575940621031006,flow,efferent,12437,400,0.25,0.04,0.01,0.02114657875693495,0.874487416579561,0.011337139181474632,0.01061349199967838,0.04349923615019699,0.03827289539277961,0.0006432419393744472,True,True,False,False,False,True,False
720575940621031006,flow,efferent,12437,400,0.25,0.04,0.05,0.02114657875693495,0.874487416579561,0.011337139181474632,0.01061349199967838,0.04349923615019699,0.03827289539277961,0.0006432419393744472,False,True,False,False,False,False,False
720575940621031006,flow,efferent,12437,400,0.25,0.04,0.1,0.02114657875693495,0.874487416579561,0.011337139181474632,0.01061349199967838,0.04349923615019699,0.03827289539277961,0.0006432419393744472,False,True,False,False,False,False,False
720575940621031006,flow,efferent,12437,400,0.25,0.02,0.01,0.02114657875693495,0.874487416579561,0.011337139181474632,0.01061349199967838,0.04349923615019699,0.03827289539277961,0.0006432419393744472,True,True,False,False,False,False,False
720575940621031006,flow,efferent,12437,400,0.25,0.02,0.05,0.02114657875693495,0.874487416579561,0.011337139181474632,0.01061349199967838,0.04349923615019699,0.03827289539277961,0.0006432419393744472,False,True,False,False,False,False,False
720575940621031006,flow,efferent,12437,400,0.25,0.02,0.1,0.02114657875693495,0.874487416579561,0.011337139181474632,0.01061349199967838,0.04349923615019699,0.03827289539277961,0.0006432419393744472,False,False,False,False,False,False,False
720575940621031006,flow,efferent,12437,400,0.25,0.01,0.01,0.02114657875693495,0.874487416579561,0.011337139181474632,0.01061349199967838,0.04349923615019699,0.03827289539277961,0.0006432419393744472,True,True,False,False,False,False,False
720575940621031006,flow,efferent,12437,400,0.25,0.01,0.05,0.02114657875693495,0.874487416579561,0.011337139181474632,0.01061349199967838,0.04349923615019699,0.03827289539277961,0.0006432419393744472,False,False,False,False,False,False,False
720575940621031006,flow,efferent,12437,400,0.25,0.01,0.1,0.02114657875693495,0.874487416579561,0.011337139181474632,0.01061349199967838,0.04349923615019699,0.03827289539277961,0.0006432419393744472,False,False,False,False,False,False,False
720575940616936226,flow,efferent,4908,400,0.25,0.14285714285714285,0.01,0.07559087204563977,0.09718826405867971,0.7679299103504482,0.0057049714751426246,0.030358598207008966,0.022004889975550123,0.0012224938875305623,True,True,True,False,False,False,False
720575940616936226,flow,efferent,4908,400,0.25,0.14285714285714285,0.05,0.07559087204563977,0.09718826405867971,0.7679299103504482,0.0057049714751426246,0.030358598207008966,0.022004889975550123,0.0012224938875305623,False,True,True,False,False,False,False
720575940616936226,flow,efferent,4908,400,0.25,0.14285714285714285,0.1,0.07559087204563977,0.09718826405867971,0.7679299103504482,0.0057049714751426246,0.030358598207008966,0.022004889975550123,0.0012224938875305623,False,False,True,False,False,False,False
720575940616936226,flow,efferent,4908,400,0.25,0.04,0.01,0.07559087204563977,0.09718826405867971,0.7679299103504482,0.0057049714751426246,0.030358598207008966,0.022004889975550123,0.0012224938875305623,True,True,True,False,False,False,False
720575940616936226,flow,efferent,4908,400,0.25,0.04,0.05,0.07559087204563977,0.09718826405867971,0.7679299103504482,0.0057049714751426246,0.030358598207008966,0.022004889975550123,0.0012224938875305623,False,False,True,False,False,False,False
720575940616936226,flow,efferent,4908,400,0.25,0.04,0.1,0.07559087204563977,0.09718826405867971,0.7679299103504482,0.0057049714751426246,0.030358598207008966,0.022004889975550123,0.0012224938875305623,False,False,True,False,False,False,False
720575940616936226,flow,efferent,4908,400,0.25,0.02,0.01,0.07559087204563977,0.09718826405867971,0.7679299103504482,0.0057049714751426246,0.030358598207008966,0.022004889975550123,0.0012224938875305623,True,True,True,False,False,False,False
720575940616936226,flow,efferent,4908,400,0.25,0.02,0.05,0.07559087204563977,0.09718826405867971,0.7679299103504482,0.0057049714751426246,0.030358598207008966,0.022004889975550123,0.0012224938875305623,False,False,True,False,False,False,False
720575940616936226,flow,efferent,4908,400,0.25,0.02,0.1,0.07559087204563977,0.09718826405867971,0.7679299103504482,0.0057049714751426246,0.030358598207008966,0.022004889975550123,0.0012224938875305623,False,False,True,False,False,False,False
720575940616936226,flow,efferent,4908,400,0.25,0.01,0.01,0.07559087204563977,0.09718826405867971,0.7679299103504482,0.0057049714751426246,0.030358598207008966,0.022004889975550123,0.0012224938875305623,True,False,True,False,False,False,False
720575940616936226,flow,efferent,4908,400,0.25,0.01,0.05,0.07559087204563977,0.09718826405867971,0.7679299103504482,0.0057049714751426246,0.030358598207008966,0.022004889975550123,0.0012224938875305623,False,False,True,False,False,False,False
720575940616936226,flow,efferent,4908,400,0.25,0.01,0.1,0.07559087204563977,0.09718826405867971,0.7679299103504482,0.0057049714751426246,0.030358598207008966,0.022004889975550123,0.0012224938875305623,False,False,False,False,False,False,False
720575940629866283,flow,efferent,1168,400,0.25,0.14285714285714285,0.01,0.2799657534246575,0.2962328767123288,0.1558219178082192,0.016267123287671232,0.11815068493150685,0.13184931506849315,0.0017123287671232876,True,True,True,False,True,True,False
720575940629866283,flow,efferent,1168,400,0.25,0.14285714285714285,0.05,0.2799657534246575,0.2962328767123288,0.1558219178082192,0.016267123287671232,0.11815068493150685,0.13184931506849315,0.0017123287671232876,True,True,True,False,True,True,False
720575940629866283,flow,efferent,1168,400,0.25,0.14285714285714285,0.1,0.2799657534246575,0.2962328767123288,0.1558219178082192,0.016267123287671232,0.11815068493150685,0.13184931506849315,0.0017123287671232876,True,True,False,False,False,False,False
720575940629866283,flow,efferent,1168,400,0.25,0.04,0.01,0.2799657534246575,0.2962328767123288,0.1558219178082192,0.016267123287671232,0.11815068493150685,0.13184931506849315,0.0017123287671232876,True,True,True,False,True,True,False
720575940629866283,flow,efferent,1168,400,0.25,0.04,0.05,0.2799657534246575,0.2962328767123288,0.1558219178082192,0.016267123287671232,0.11815068493150685,0.13184931506849315,0.0017123287671232876,True,False,False,False,False,False,False
720575940629866283,flow,efferent,1168,400,0.25,0.04,0.1,0.2799657534246575,0.2962328767123288,0.1558219178082192,0.016267123287671232,0.11815068493150685,0.13184931506849315,0.0017123287671232876,True,False,False,False,False,False,False
720575940629866283,flow,efferent,1168,400,0.25,0.02,0.01,0.2799657534246575,0.2962328767123288,0.1558219178082192,0.016267123287671232,0.11815068493150685,0.13184931506849315,0.0017123287671232876,True,True,True,False,True,True,False
720575940629866283,flow,efferent,1168,400,0.25,0.02,0.05,0.2799657534246575,0.2962328767123288,0.1558219178082192,0.016267123287671232,0.11815068493150685,0.13184931506849315,0.0017123287671232876,True,False,False,False,False,False,False
720575940629866283,flow,efferent,1168,400,0.25,0.02,0.1,0.2799657534246575,0.2962328767123288,0.1558219178082192,0.016267123287671232,0.11815068493150685,0.13184931506849315,0.0017123287671232876,True,False,False,False,False,False,False
720575940629866283,flow,efferent,1168,400,0.25,0.01,0.01,0.2799657534246575,0.2962328767123288,0.1558219178082192,0.016267123287671232,0.11815068493150685,0.13184931506849315,0.0017123287671232876,True,True,False,False,True,True,False
720575940629866283,flow,efferent,1168,400,0.25,0.01,0.05,0.2799657534246575,0.2962328767123288,0.1558219178082192,0.016267123287671232,0.11815068493150685,0.13184931506849315,0.0017123287671232876,True,False,False,False,False,False,False
720575940629866283,flow,efferent,1168,400,0.25,0.01,0.1,0.2799657534246575,0.2962328767123288,0.1558219178082192,0.016267123287671232,0.11815068493150685,0.13184931506849315,0.0017123287671232876,True,False,False,False,False,False,False
720575940627787609,flow,efferent,1746,400,0.25,0.14285714285714285,0.01,0.18671248568155785,0.44329896907216493,0.11970217640320734,0.03493699885452463,0.140893470790378,0.07331042382588775,0.001145475372279496,True,True,True,True,True,True,False
720575940627787609,flow,efferent,1746,400,0.25,0.14285714285714285,0.05,0.18671248568155785,0.44329896907216493,0.11970217640320734,0.03493699885452463,0.140893470790378,0.07331042382588775,0.001145475372279496,True,True,True,False,True,False,False
720575940627787609,flow,efferent,1746,400,0.25,0.14285714285714285,0.1,0.18671248568155785,0.44329896907216493,0.11970217640320734,0.03493699885452463,0.140893470790378,0.07331042382588775,0.001145475372279496,True,True,False,False,False,False,False
720575940627787609,flow,efferent,1746,400,0.25,0.04,0.01,0.18671248568155785,0.44329896907216493,0.11970217640320734,0.03493699885452463,0.140893470790378,0.07331042382588775,0.001145475372279496,True,True,True,False,True,True,False
720575940627787609,flow,efferent,1746,400,0.25,0.04,0.05,0.18671248568155785,0.44329896907216493,0.11970217640320734,0.03493699885452463,0.140893470790378,0.07331042382588775,0.001145475372279496,True,True,False,False,False,False,False
720575940627787609,flow,efferent,1746,400,0.25,0.04,0.1,0.18671248568155785,0.44329896907216493,0.11970217640320734,0.03493699885452463,0.140893470790378,0.07331042382588775,0.001145475372279496,True,False,False,False,False,False,False
720575940627787609,flow,efferent,1746,400,0.25,0.02,0.01,0.18671248568155785,0.44329896907216493,0.11970217640320734,0.03493699885452463,0.140893470790378,0.07331042382588775,0.001145475372279496,True,True,False,False,True,False,False
720575940627787609,flow,efferent,1746,400,0.25,0.02,0.05,0.18671248568155785,0.44329896907216493,0.11970217640320734,0.03493699885452463,0.140893470790378,0.07331042382588775,0.001145475372279496,True,False,False,False,False,False,False
720575940627787609,flow,efferent,1746,400,0.25,0.02,0.1,0.18671248568155785,0.44329896907216493,0.11970217640320734,0.03493699885452463,0.140893470790378,0.07331042382588775,0.001145475372279496,True,False,False,False,False,False,False
720575940627787609,flow,efferent,1746,400,0.25,0.01,0.01,0.18671248568155785,0.44329896907216493,0.11970217640320734,0.03493699885452463,0.140893470790378,0.07331042382588775,0.001145475372279496,True,True,False,False,True,False,False
720575940627787609,flow,efferent,1746,400,0.25,0.01,0.05,0.18671248568155785,0.44329896907216493,0.11970217640320734,0.03493699885452463,0.140893470790378,0.07331042382588775,0.001145475372279496,True,False,False,False,False,False,False
720575940627787609,flow,efferent,1746,400,0.25,0.01,0.1,0.18671248568155785,0.44329896907216493,0.11970217640320734,0.03493699885452463,0.140893470790378,0.07331042382588775,0.001145475372279496,True,False,False,False,False,False,False
720575940661338497,flow,efferent,1244,400,0.25,0.14285714285714285,0.01,0.0707395498392283,0.36816720257234725,0.25884244372990356,0.11736334405144695,0.14630225080385853,0.03376205787781351,0.00482315112540193,True,True,True,True,True,True,False
720575940661338497,flow,efferent,1244,400,0.25,0.14285714285714285,0.05,0.0707395498392283,0.36816720257234725,0.25884244372990356,0.11736334405144695,0.14630225080385853,0.03376205787781351,0.00482315112540193,False,True,True,True,True,False,False
720575940661338497,flow,efferent,1244,400,0.25,0.14285714285714285,0.1,0.0707395498392283,0.36816720257234725,0.25884244372990356,0.11736334405144695,0.14630225080385853,0.03376205787781351,0.00482315112540193,False,True,True,False,False,False,False
720575940661338497,flow,efferent,1244,400,0.25,0.04,0.01,0.0707395498392283,0.36816720257234725,0.25884244372990356,0.11736334405144695,0.14630225080385853,0.03376205787781351,0.00482315112540193,True,True,True,True,True,True,False
720575940661338497,flow,efferent,1244,400,0.25,0.04,0.05,0.0707395498392283,0.36816720257234725,0.25884244372990356,0.11736334405144695,0.14630225080385853,0.03376205787781351,0.00482315112540193,False,True,False,False,False,False,False
720575940661338497,flow,efferent,1244,400,0.25,0.04,0.1,0.0707395498392283,0.36816720257234725,0.25884244372990356,0.11736334405144695,0.14630225080385853,0.03376205787781351,0.00482315112540193,False,False,False,False,False,False,False
720575940661338497,flow,efferent,1244,400,0.25,0.02,0.01,0.0707395498392283,0.36816720257234725,0.25884244372990356,0.11736334405144695,0.14630225080385853,0.03376205787781351,0.00482315112540193,True,True,True,True,True,False,False
720575940661338497,flow,efferent,1244,400,0.25,0.02,0.05,0.0707395498392283,0.36816720257234725,0.25884244372990356,0.11736334405144695,0.14630225080385853,0.03376205787781351,0.00482315112540193,False,False,False,False,False,False,False
720575940661338497,flow,efferent,1244,400,0.25,0.02,0.1,0.0707395498392283,0.36816720257234725,0.25884244372990356,0.11736334405144695,0.14630225080385853,0.03376205787781351,0.00482315112540193,False,False,False,False,False,False,False
720575940661338497,flow,efferent,1244,400,0.25,0.01,0.01,0.0707395498392283,0.36816720257234725,0.25884244372990356,0.11736334405144695,0.14630225080385853,0.03376205787781351,0.00482315112540193,True,True,True,True,True,False,False
720575940661338497,flow,efferent,1244,400,0.25,0.01,0.05,0.0707395498392283,0.36816720257234725,0.25884244372990356,0.11736334405144695,0.14630225080385853,0.03376205787781351,0.00482315112540193,False,False,False,False,False,False,False
720575940661338497,flow,efferent,1244,400,0.25,0.01,0.1,0.0707395498392283,0.36816720257234725,0.25884244372990356,0.11736334405144695,0.14630225080385853,0.03376205787781351,0.00482315112540193,False,False,False,False,False,False,False
720575940647586948,flow,efferent,6150,400,0.25,0.14285714285714285,0.01,0.09349593495934959,0.692520325203252,0.07414634146341463,0.024552845528455283,0.09040650406504065,0.023739837398373983,0.0011382113821138211,True,True,True,False,True,False,False
720575940647586948,flow,efferent,6150,400,0.25,0.14285714285714285,0.05,0.09349593495934959,0.692520325203252,0.07414634146341463,0.024552845528455283,0.09040650406504065,0.023739837398373983,0.0011382113821138211,False,True,False,False,False,False,False
720575940647586948,flow,efferent,6150,400,0.25,0.14285714285714285,0.1,0.09349593495934959,0.692520325203252,0.07414634146341463,0.024552845528455283,0.09040650406504065,0.023739837398373983,0.0011382113821138211,False,True,False,False,False,False,False
720575940647586948,flow,efferent,6150,400,0.25,0.04,0.01,0.09349593495934959,0.692520325203252,0.07414634146341463,0.024552845528455283,0.09040650406504065,0.023739837398373983,0.0011382113821138211,True,True,False,False,True,False,False
720575940647586948,flow,efferent,6150,400,0.25,0.04,0.05,0.09349593495934959,0.692520325203252,0.07414634146341463,0.024552845528455283,0.09040650406504065,0.023739837398373983,0.0011382113821138211,False,True,False,False,False,False,False
720575940647586948,flow,efferent,6150,400,0.25,0.04,0.1,0.09349593495934959,0.692520325203252,0.07414634146341463,0.024552845528455283,0.09040650406504065,0.023739837398373983,0.0011382113821138211,False,True,False,False,False,False,False
720575940647586948,flow,efferent,6150,400,0.25,0.02,0.01,0.09349593495934959,0.692520325203252,0.07414634146341463,0.024552845528455283,0.09040650406504065,0.023739837398373983,0.0011382113821138211,True,True,False,False,True,False,False
720575940647586948,flow,efferent,6150,400,0.25,0.02,0.05,0.09349593495934959,0.692520325203252,0.07414634146341463,0.024552845528455283,0.09040650406504065,0.023739837398373983,0.0011382113821138211,False,True,False,False,False,False,False
720575940647586948,flow,efferent,6150,400,0.25,0.02,0.1,0.09349593495934959,0.692520325203252,0.07414634146341463,0.024552845528455283,0.09040650406504065,0.023739837398373983,0.0011382113821138211,False,False,False,False,False,False,False
720575940647586948,flow,efferent,6150,400,0.25,0.01,0.01,0.09349593495934959,0.692520325203252,0.07414634146341463,0.024552845528455283,0.09040650406504065,0.023739837398373983,0.0011382113821138211,True,True,False,False,False,False,False
720575940647586948,flow,efferent,6150,400,0.25,0.01,0.05,0.09349593495934959,0.692520325203252,0.07414634146341463,0.024552845528455283,0.09040650406504065,0.023739837398373983,0.0011382113821138211,False,False,False,False,False,False,False
720575940647586948,flow,efferent,6150,400,0.25,0.01,0.1,0.09349593495934959,0.692520325203252,0.07414634146341463,0.024552845528455283,0.09040650406504065,0.023739837398373983,0.0011382113821138211,False,False,False,False,False,False,False
720575940607193986,flow,efferent,712,400,0.25,0.14285714285714285,0.01,0.2247191011235955,0.2851123595505618,0.14606741573033707,0.05898876404494382,0.2542134831460674,0.02949438202247191,0.0014044943820224719,True,True,True,True,True,True,
720575940607193986,flow,efferent,712,400,0.25,0.14285714285714285,0.05,0.2247191011235955,0.2851123595505618,0.14606741573033707,0.05898876404494382,0.2542134831460674,0.02949438202247191,0.0014044943820224719,True,True,True,False,True,False,
720575940607193986,flow,efferent,712,400,0.25,0.14285714285714285,0.1,0.2247191011235955,0.2851123595505618,0.14606741573033707,0.05898876404494382,0.2542134831460674,0.02949438202247191,0.0014044943820224719,True,False,False,False,False,False,
720575940607193986,flow,efferent,712,400,0.25,0.04,0.01,0.2247191011235955,0.2851123595505618,0.14606741573033707,0.05898876404494382,0.2542134831460674,0.02949438202247191,0.0014044943820224719,True,True,True,True,True,False,
720575940607193986,flow,efferent,712,400,0.25,0.04,0.05,0.2247191011235955,0.2851123595505618,0.14606741573033707,0.05898876404494382,0.2542134831460674,0.02949438202247191,0.0014044943820224719,True,False,False,False,False,False,
720575940607193986,flow,efferent,712,400,0.25,0.04,0.1,0.2247191011235955,0.2851123595505618,0.14606741573033707,0.05898876404494382,0.2542134831460674,0.02949438202247191,0.0014044943820224719,True,False,False,False,False,False,
720575940607193986,flow,efferent,712,400,0.25,0.02,0.01,0.2247191011235955,0.2851123595505618,0.14606741573033707,0.05898876404494382,0.2542134831460674,0.02949438202247191,0.0014044943820224719,True,True,True,True,True,False,
720575940607193986,flow,efferent,712,400,0.25,0.02,0.05,0.2247191011235955,0.2851123595505618,0.14606741573033707,0.05898876404494382,0.2542134831460674,0.02949438202247191,0.0014044943820224719,True,False,False,False,False,False,
720575940607193986,flow,efferent,712,400,0.25,0.02,0.1,0.2247191011235955,0.2851123595505618,0.14606741573033707,0.05898876404494382,0.2542134831460674,0.02949438202247191,0.0014044943820224719,True,False,False,False,False,False,
720575940607193986,flow,efferent,712,400,0.25,0.01,0.01,0.2247191011235955,0.2851123595505618,0.14606741573033707,0.05898876404494382,0.2542134831460674,0.02949438202247191,0.0014044943820224719,True,True,True,True,True,False,
720575940607193986,flow,efferent,712,400,0.25,0.01,0.05,0.2247191011235955,0.2851123595505618,0.14606741573033707,0.05898876404494382,0.2542134831460674,0.02949438202247191,0.0014044943820224719,True,False,False,False,False,False,
720575940607193986,flow,efferent,712,400,0.25,0.01,0.1,0.2247191011235955,0.2851123595505618,0.14606741573033707,0.05898876404494382,0.2542134831460674,0.02949438202247191,0.0014044943820224719,True,False,False,False,False,False,
720575940631270162,flow,efferent,8207,400,0.25,0.14285714285714285,0.01,0.03545753624954307,0.03545753624954307,0.0062142073839405385,0.055927866455464846,0.8197879858657244,0.04678932618496406,0.0003655416108200317,True,True,False,True,True,True,False
720575940631270162,flow,efferent,8207,400,0.25,0.14285714285714285,0.05,0.03545753624954307,0.03545753624954307,0.0062142073839405385,0.055927866455464846,0.8197879858657244,0.04678932618496406,0.0003655416108200317,False,False,False,False,True,False,False
720575940631270162,flow,efferent,8207,400,0.25,0.14285714285714285,0.1,0.03545753624954307,0.03545753624954307,0.0062142073839405385,0.055927866455464846,0.8197879858657244,0.04678932618496406,0.0003655416108200317,False,False,False,False,True,False,False
720575940631270162,flow,efferent,8207,400,0.25,0.04,0.01,0.03545753624954307,0.03545753624954307,0.0062142073839405385,0.055927866455464846,0.8197879858657244,0.04678932618496406,0.0003655416108200317,True,False,False,True,True,False,False
720575940631270162,flow,efferent,8207,400,0.25,0.04,0.05,0.03545753624954307,0.03545753624954307,0.0062142073839405385,0.055927866455464846,0.8197879858657244,0.04678932618496406,0.0003655416108200317,False,False,False,False,True,False,False
720575940631270162,flow,efferent,8207,400,0.25,0.04,0.1,0.03545753624954307,0.03545753624954307,0.0062142073839405385,0.055927866455464846,0.8197879858657244,0.04678932618496406,0.0003655416108200317,False,False,False,False,True,False,False
720575940631270162,flow,efferent,8207,400,0.25,0.02,0.01,0.03545753624954307,0.03545753624954307,0.0062142073839405385,0.055927866455464846,0.8197879858657244,0.04678932618496406,0.0003655416108200317,True,False,False,False,True,False,False
720575940631270162,flow,efferent,8207,400,0.25,0.02,0.05,0.03545753624954307,0.03545753624954307,0.0062142073839405385,0.055927866455464846,0.8197879858657244,0.04678932618496406,0.0003655416108200317,False,False,False,False,True,False,False
720575940631270162,flow,efferent,8207,400,0.25,0.02,0.1,0.03545753624954307,0.03545753624954307,0.0062142073839405385,0.055927866455464846,0.8197879858657244,0.04678932618496406,0.0003655416108200317,False,False,False,False,False,False,False
720575940631270162,flow,efferent,8207,400,0.25,0.01,0.01,0.03545753624954307,0.03545753624954307,0.0062142073839405385,0.055927866455464846,0.8197879858657244,0.04678932618496406,0.0003655416108200317,True,False,False,False,True,False,False
720575940631270162,flow,efferent,8207,400,0.25,0.01,0.05,0.03545753624954307,0.03545753624954307,0.0062142073839405385,0.055927866455464846,0.8197879858657244,0.04678932618496406,0.0003655416108200317,False,False,False,False,False,False,False
720575940631270162,flow,efferent,8207,400,0.25,0.01,0.1,0.03545753624954307,0.03545753624954307,0.0062142073839405385,0.055927866455464846,0.8197879858657244,0.04678932618496406,0.0003655416108200317,False,False,False,False,False,False,False
720575940638810677,flow,efferent,818,400,0.25,0.14285714285714285,0.01,0.04767726161369193,0.6014669926650367,0.20537897310513448,0.009779951100244499,0.08801955990220049,0.04767726161369193,0.0,True,True,True,False,True,True,
720575940638810677,flow,efferent,818,400,0.25,0.14285714285714285,0.05,0.04767726161369193,0.6014669926650367,0.20537897310513448,0.009779951100244499,0.08801955990220049,0.04767726161369193,0.0,False,True,True,False,False,False,
720575940638810677,flow,efferent,818,400,0.25,0.14285714285714285,0.1,0.04767726161369193,0.6014669926650367,0.20537897310513448,0.009779951100244499,0.08801955990220049,0.04767726161369193,0.0,False,True,False,False,False,False,
720575940638810677,flow,efferent,818,400,0.25,0.04,0.01,0.04767726161369193,0.6014669926650367,0.20537897310513448,0.009779951100244499,0.08801955990220049,0.04767726161369193,0.0,True,True,True,False,True,True,
720575940638810677,flow,efferent,818,400,0.25,0.04,0.05,0.04767726161369193,0.6014669926650367,0.20537897310513448,0.009779951100244499,0.08801955990220049,0.04767726161369193,0.0,False,True,True,False,False,False,
720575940638810677,flow,efferent,818,400,0.25,0.04,0.1,0.04767726161369193,0.6014669926650367,0.20537897310513448,0.009779951100244499,0.08801955990220049,0.04767726161369193,0.0,False,True,False,False,False,False,
720575940638810677,flow,efferent,818,400,0.25,0.02,0.01,0.04767726161369193,0.6014669926650367,0.20537897310513448,0.009779951100244499,0.08801955990220049,0.04767726161369193,0.0,True,True,True,False,True,True,
720575940638810677,flow,efferent,818,400,0.25,0.02,0.05,0.04767726161369193,0.6014669926650367,0.20537897310513448,0.009779951100244499,0.08801955990220049,0.04767726161369193,0.0,False,True,True,False,False,False,
720575940638810677,flow,efferent,818,400,0.25,0.02,0.1,0.04767726161369193,0.6014669926650367,0.20537897310513448,0.009779951100244499,0.08801955990220049,0.04767726161369193,0.0,False,False,False,False,False,False,
720575940638810677,flow,efferent,818,400,0.25,0.01,0.01,0.04767726161369193,0.6014669926650367,0.20537897310513448,0.009779951100244499,0.08801955990220049,0.04767726161369193,0.0,True,True,True,False,False,False,
720575940638810677,flow,efferent,818,400,0.25,0.01,0.05,0.04767726161369193,0.6014669926650367,0.20537897310513448,0.009779951100244499,0.08801955990220049,0.04767726161369193,0.0,False,True,True,False,False,False,
720575940638810677,flow,efferent,818,400,0.25,0.01,0.1,0.04767726161369193,0.6014669926650367,0.20537897310513448,0.009779951100244499,0.08801955990220049,0.04767726161369193,0.0,False,False,False,False,False,False,
720575940636933722,flow,efferent,1428,400,0.25,0.14285714285714285,0.01,0.1645658263305322,0.6729691876750701,0.06372549019607843,0.021708683473389355,0.062324929971988796,0.014705882352941176,0.0,True,True,True,True,True,False,
720575940636933722,flow,efferent,1428,400,0.25,0.14285714285714285,0.05,0.1645658263305322,0.6729691876750701,0.06372549019607843,0.021708683473389355,0.062324929971988796,0.014705882352941176,0.0,True,True,False,False,False,False,
720575940636933722,flow,efferent,1428,400,0.25,0.14285714285714285,0.1,0.1645658263305322,0.6729691876750701,0.06372549019607843,0.021708683473389355,0.062324929971988796,0.014705882352941176,0.0,True,True,False,False,False,False,
720575940636933722,flow,efferent,1428,400,0.25,0.04,0.01,0.1645658263305322,0.6729691876750701,0.06372549019607843,0.021708683473389355,0.062324929971988796,0.014705882352941176,0.0,True,True,True,True,True,False,
720575940636933722,flow,efferent,1428,400,0.25,0.04,0.05,0.1645658263305322,0.6729691876750701,0.06372549019607843,0.021708683473389355,0.062324929971988796,0.014705882352941176,0.0,True,True,False,False,False,False,
720575940636933722,flow,efferent,1428,400,0.25,0.04,0.1,0.1645658263305322,0.6729691876750701,0.06372549019607843,0.021708683473389355,0.062324929971988796,0.014705882352941176,0.0,True,True,False,False,False,False,
720575940636933722,flow,efferent,1428,400,0.25,0.02,0.01,0.1645658263305322,0.6729691876750701,0.06372549019607843,0.021708683473389355,0.062324929971988796,0.014705882352941176,0.0,True,True,True,False,True,False,
720575940636933722,flow,efferent,1428,400,0.25,0.02,0.05,0.1645658263305322,0.6729691876750701,0.06372549019607843,0.021708683473389355,0.062324929971988796,0.014705882352941176,0.0,True,True,False,False,False,False,
720575940636933722,flow,efferent,1428,400,0.25,0.02,0.1,0.1645658263305322,0.6729691876750701,0.06372549019607843,0.021708683473389355,0.062324929971988796,0.014705882352941176,0.0,True,False,False,False,False,False,
720575940636933722,flow,efferent,1428,400,0.25,0.01,0.01,0.1645658263305322,0.6729691876750701,0.06372549019607843,0.021708683473389355,0.062324929971988796,0.014705882352941176,0.0,True,True,True,False,True,False,
720575940636933722,flow,efferent,1428,400,0.25,0.01,0.05,0.1645658263305322,0.6729691876750701,0.06372549019607843,0.021708683473389355,0.062324929971988796,0.014705882352941176,0.0,True,True,False,False,False,False,
720575940636933722,flow,efferent,1428,400,0.25,0.01,0.1,0.1645658263305322,0.6729691876750701,0.06372549019607843,0.021708683473389355,0.062324929971988796,0.014705882352941176,0.0,True,False,False,False,False,False,
720575940628397138,flow,efferent,1222,400,0.25,0.14285714285714285,0.01,0.038461538461538464,0.8617021276595744,0.038461538461538464,0.004909983633387889,0.018821603927986905,0.03600654664484452,0.0016366612111292963,True,True,True,False,False,True,False
720575940628397138,flow,efferent,1222,400,0.25,0.14285714285714285,0.05,0.038461538461538464,0.8617021276595744,0.038461538461538464,0.004909983633387889,0.018821603927986905,0.03600654664484452,0.0016366612111292963,False,True,False,False,False,False,False
720575940628397138,flow,efferent,1222,400,0.25,0.14285714285714285,0.1,0.038461538461538464,0.8617021276595744,0.038461538461538464,0.004909983633387889,0.018821603927986905,0.03600654664484452,0.0016366612111292963,False,True,False,False,False,False,False
720575940628397138,flow,efferent,1222,400,0.25,0.04,0.01,0.038461538461538464,0.8617021276595744,0.038461538461538464,0.004909983633387889,0.018821603927986905,0.03600654664484452,0.0016366612111292963,True,True,False,False,False,True,False
720575940628397138,flow,efferent,1222,400,0.25,0.04,0.05,0.038461538461538464,0.8617021276595744,0.038461538461538464,0.004909983633387889,0.018821603927986905,0.03600654664484452,0.0016366612111292963,False,True,False,False,False,False,False
720575940628397138,flow,efferent,1222,400,0.25,0.04,0.1,0.038461538461538464,0.8617021276595744,0.038461538461538464,0.004909983633387889,0.018821603927986905,0.03600654664484452,0.0016366612111292963,False,True,False,False,False,False,False
720575940628397138,flow,efferent,1222,400,0.25,0.02,0.01,0.038461538461538464,0.8617021276595744,0.038461538461538464,0.004909983633387889,0.018821603927986905,0.03600654664484452,0.0016366612111292963,True,True,False,False,False,True,False
720575940628397138,flow,efferent,1222,400,0.25,0.02,0.05,0.038461538461538464,0.8617021276595744,0.038461538461538464,0.004909983633387889,0.018821603927986905,0.03600654664484452,0.0016366612111292963,False,True,False,False,False,False,False
720575940628397138,flow,efferent,1222,400,0.25,0.02,0.1,0.038461538461538464,0.8617021276595744,0.038461538461538464,0.004909983633387889,0.018821603927986905,0.03600654664484452,0.0016366612111292963,False,True,False,False,False,False,False
720575940628397138,flow,efferent,1222,400,0.25,0.01,0.01,0.038461538461538464,0.8617021276595744,0.038461538461538464,0.004909983633387889,0.018821603927986905,0.03600654664484452,0.0016366612111292963,True,True,False,False,False,True,False
720575940628397138,flow,efferent,1222,400,0.25,0.01,0.05,0.038461538461538464,0.8617021276595744,0.038461538461538464,0.004909983633387889,0.018821603927986905,0.03600654664484452,0.0016366612111292963,False,False,False,False,False,False,False
720575940628397138,flow,efferent,1222,400,0.25,0.01,0.1,0.038461538461538464,0.8617021276595744,0.038461538461538464,0.004909983633387889,0.018821603927986905,0.03600654664484452,0.0016366612111292963,False,False,False,False,False,False,False
720575940622537653,flow,efferent,656,400,0.25,0.14285714285714285,0.01,0.0899390243902439,0.5640243902439024,0.125,0.01676829268292683,0.07926829268292683,0.12347560975609756,0.001524390243902439,True,True,True,True,True,True,
720575940622537653,flow,efferent,656,400,0.25,0.14285714285714285,0.05,0.0899390243902439,0.5640243902439024,0.125,0.01676829268292683,0.07926829268292683,0.12347560975609756,0.001524390243902439,True,True,True,False,False,True,
720575940622537653,flow,efferent,656,400,0.25,0.14285714285714285,0.1,0.0899390243902439,0.5640243902439024,0.125,0.01676829268292683,0.07926829268292683,0.12347560975609756,0.001524390243902439,False,True,False,False,False,False,
720575940622537653,flow,efferent,656,400,0.25,0.04,0.01,0.0899390243902439,0.5640243902439024,0.125,0.01676829268292683,0.07926829268292683,0.12347560975609756,0.001524390243902439,True,True,True,False,True,True,
720575940622537653,flow,efferent,656,400,0.25,0.04,0.05,0.0899390243902439,0.5640243902439024,0.125,0.01676829268292683,0.07926829268292683,0.12347560975609756,0.001524390243902439,True,True,False,False,False,False,
720575940622537653,flow,efferent,656,400,0.25,0.04,0.1,0.0899390243902439,0.5640243902439024,0.125,0.01676829268292683,0.07926829268292683,0.12347560975609756,0.001524390243902439,False,True,False,False,False,False,
720575940622537653,flow,efferent,656,400,0.25,0.02,0.01,0.0899390243902439,0.5640243902439024,0.125,0.01676829268292683,0.07926829268292683,0.12347560975609756,0.001524390243902439,True,True,True,False,True,True,
720575940622537653,flow,efferent,656,400,0.25,0.02,0.05,0.0899390243902439,0.5640243902439024,0.125,0.01676829268292683,0.07926829268292683,0.12347560975609756,0.001524390243902439,True,True,False,False,False,False,
720575940622537653,flow,efferent,656,400,0.25,0.02,0.1,0.0899390243902439,0.5640243902439024,0.125,0.01676829268292683,0.07926829268292683,0.12347560975609756,0.001524390243902439,False,True,False,False,False,False,
720575940622537653,flow,efferent,656,400,0.25,0.01,0.01,0.0899390243902439,0.5640243902439024,0.125,0.01676829268292683,0.07926829268292683,0.12347560975609756,0.001524390243902439,True,True,True,False,False,True,
720575940622537653,flow,efferent,656,400,0.25,0.01,0.05,0.0899390243902439,0.5640243902439024,0.125,0.01676829268292683,0.07926829268292683,0.12347560975609756,0.001524390243902439,True,True,False,False,False,False,
720575940622537653,flow,efferent,656,400,0.25,0.01,0.1,0.0899390243902439,0.5640243902439024,0.125,0.01676829268292683,0.07926829268292683,0.12347560975609756,0.001524390243902439,False,True,False,False,False,False,
720575940632898105,flow,efferent,2338,400,0.25,0.14285714285714285,0.01,0.23652694610778444,0.2728828058169376,0.0962360992301112,0.12959794696321641,0.2249786142001711,0.037639007698887936,0.00213857998289136,True,True,True,True,True,True,False
720575940632898105,flow,efferent,2338,400,0.25,0.14285714285714285,0.05,0.23652694610778444,0.2728828058169376,0.0962360992301112,0.12959794696321641,0.2249786142001711,0.037639007698887936,0.00213857998289136,True,True,False,True,True,False,False
720575940632898105,flow,efferent,2338,400,0.25,0.14285714285714285,0.1,0.23652694610778444,0.2728828058169376,0.0962360992301112,0.12959794696321641,0.2249786142001711,0.037639007698887936,0.00213857998289136,True,True,False,False,False,False,False
720575940632898105,flow,efferent,2338,400,0.25,0.04,0.01,0.23652694610778444,0.2728828058169376,0.0962360992301112,0.12959794696321641,0.2249786142001711,0.037639007698887936,0.00213857998289136,True,True,True,True,True,True,False
720575940632898105,flow,efferent,2338,400,0.25,0.04,0.05,0.23652694610778444,0.2728828058169376,0.0962360992301112,0.12959794696321641,0.2249786142001711,0.037639007698887936,0.00213857998289136,True,True,False,False,False,False,False
720575940632898105,flow,efferent,2338,400,0.25,0.04,0.1,0.23652694610778444,0.2728828058169376,0.0962360992301112,0.12959794696321641,0.2249786142001711,0.037639007698887936,0.00213857998289136,True,False,False,False,False,False,False
720575940632898105,flow,efferent,2338,400,0.25,0.02,0.01,0.23652694610778444,0.2728828058169376,0.0962360992301112,0.12959794696321641,0.2249786142001711,0.037639007698887936,0.00213857998289136,True,True,True,True,True,True,False
720575940632898105,flow,efferent,2338,400,0.25,0.02,0.05,0.23652694610778444,0.2728828058169376,0.0962360992301112,0.12959794696321641,0.2249786142001711,0.037639007698887936,0.00213857998289136,True,False,False,False,False,False,False
720575940632898105,flow,efferent,2338,400,0.25,0.02,0.1,0.23652694610778444,0.2728828058169376,0.0962360992301112,0.12959794696321641,0.2249786142001711,0.037639007698887936,0.00213857998289136,True,False,False,False,False,False,False
720575940632898105,flow,efferent,2338,400,0.25,0.01,0.01,0.23652694610778444,0.2728828058169376,0.0962360992301112,0.12959794696321641,0.2249786142001711,0.037639007698887936,0.00213857998289136,True,True,True,True,True,True,False
720575940632898105,flow,efferent,2338,400,0.25,0.01,0.05,0.23652694610778444,0.2728828058169376,0.0962360992301112,0.12959794696321641,0.2249786142001711,0.037639007698887936,0.00213857998289136,True,False,False,False,False,False,False
720575940632898105,flow,efferent,2338,400,0.25,0.01,0.1,0.23652694610778444,0.2728828058169376,0.0962360992301112,0.12959794696321641,0.2249786142001711,0.037639007698887936,0.00213857998289136,False,False,False,False,False,False,False
720575940628731140,flow,efferent,27260,400,0.25,0.14285714285714285,0.01,0.03378576669112252,0.059354365370506236,0.01768158473954512,0.09163609684519443,0.7347395451210565,0.06177549523110785,0.0010271460014673515,True,True,False,True,True,True,False
720575940628731140,flow,efferent,27260,400,0.25,0.14285714285714285,0.05,0.03378576669112252,0.059354365370506236,0.01768158473954512,0.09163609684519443,0.7347395451210565,0.06177549523110785,0.0010271460014673515,False,False,False,True,True,False,False
720575940628731140,flow,efferent,27260,400,0.25,0.14285714285714285,0.1,0.03378576669112252,0.059354365370506236,0.01768158473954512,0.09163609684519443,0.7347395451210565,0.06177549523110785,0.0010271460014673515,False,False,False,False,True,False,False
720575940628731140,flow,efferent,27260,400,0.25,0.04,0.01,0.03378576669112252,0.059354365370506236,0.01768158473954512,0.09163609684519443,0.7347395451210565,0.06177549523110785,0.0010271460014673515,True,True,False,True,True,True,False
720575940628731140,flow,efferent,27260,400,0.25,0.04,0.05,0.03378576669112252,0.059354365370506236,0.01768158473954512,0.09163609684519443,0.7347395451210565,0.06177549523110785,0.0010271460014673515,False,False,False,False,True,False,False
720575940628731140,flow,efferent,27260,400,0.25,0.04,0.1,0.03378576669112252,0.059354365370506236,0.01768158473954512,0.09163609684519443,0.7347395451210565,0.06177549523110785,0.0010271460014673515,False,False,False,False,True,False,False
720575940628731140,flow,efferent,27260,400,0.25,0.02,0.01,0.03378576669112252,0.059354365370506236,0.01768158473954512,0.09163609684519443,0.7347395451210565,0.06177549523110785,0.0010271460014673515,True,False,False,True,True,True,False
720575940628731140,flow,efferent,27260,400,0.25,0.02,0.05,0.03378576669112252,0.059354365370506236,0.01768158473954512,0.09163609684519443,0.7347395451210565,0.06177549523110785,0.0010271460014673515,False,False,False,False,True,False,False
720575940628731140,flow,efferent,27260,400,0.25,0.02,0.1,0.03378576669112252,0.059354365370506236,0.01768158473954512,0.09163609684519443,0.7347395451210565,0.06177549523110785,0.0010271460014673515,False,False,False,False,False,False,False
720575940628731140,flow,efferent,27260,400,0.25,0.01,0.01,0.03378576669112252,0.059354365370506236,0.01768158473954512,0.09163609684519443,0.7347395451210565,0.06177549523110785,0.0010271460014673515,True,False,False,True,True,True,False
720575940628731140,flow,efferent,27260,400,0.25,0.01,0.05,0.03378576669112252,0.059354365370506236,0.01768158473954512,0.09163609684519443,0.7347395451210565,0.06177549523110785,0.0010271460014673515,False,False,False,False,False,False,False
720575940628731140,flow,efferent,27260,400,0.25,0.01,0.1,0.03378576669112252,0.059354365370506236,0.01768158473954512,0.09163609684519443,0.7347395451210565,0.06177549523110785,0.0010271460014673515,False,False,False,False,False,False,False
720575940622897639,flow,efferent,589,400,0.25,0.14285714285714285,0.01,0.20203735144312393,0.059422750424448216,0.01867572156196944,0.466893039049236,0.14431239388794567,0.10865874363327674,0.0,True,True,True,True,True,True,
720575940622897639,flow,efferent,589,400,0.25,0.14285714285714285,0.05,0.20203735144312393,0.059422750424448216,0.01867572156196944,0.466893039049236,0.14431239388794567,0.10865874363327674,0.0,True,False,False,True,True,False,
720575940622897639,flow,efferent,589,400,0.25,0.14285714285714285,0.1,0.20203735144312393,0.059422750424448216,0.01867572156196944,0.466893039049236,0.14431239388794567,0.10865874363327674,0.0,True,False,False,True,False,False,
720575940622897639,flow,efferent,589,400,0.25,0.04,0.01,0.20203735144312393,0.059422750424448216,0.01867572156196944,0.466893039049236,0.14431239388794567,0.10865874363327674,0.0,True,True,False,True,True,True,
720575940622897639,flow,efferent,589,400,0.25,0.04,0.05,0.20203735144312393,0.059422750424448216,0.01867572156196944,0.466893039049236,0.14431239388794567,0.10865874363327674,0.0,True,False,False,True,False,False,
720575940622897639,flow,efferent,589,400,0.25,0.04,0.1,0.20203735144312393,0.059422750424448216,0.01867572156196944,0.466893039049236,0.14431239388794567,0.10865874363327674,0.0,True,False,False,True,False,False,
720575940622897639,flow,efferent,589,400,0.25,0.02,0.01,0.20203735144312393,0.059422750424448216,0.01867572156196944,0.466893039049236,0.14431239388794567,0.10865874363327674,0.0,True,False,False,True,True,True,
720575940622897639,flow,efferent,589,400,0.25,0.02,0.05,0.20203735144312393,0.059422750424448216,0.01867572156196944,0.466893039049236,0.14431239388794567,0.10865874363327674,0.0,True,False,False,True,False,False,
720575940622897639,flow,efferent,589,400,0.25,0.02,0.1,0.20203735144312393,0.059422750424448216,0.01867572156196944,0.466893039049236,0.14431239388794567,0.10865874363327674,0.0,False,False,False,True,False,False,
720575940622897639,flow,efferent,589,400,0.25,0.01,0.01,0.20203735144312393,0.059422750424448216,0.01867572156196944,0.466893039049236,0.14431239388794567,0.10865874363327674,0.0,True,False,False,True,True,True,
720575940622897639,flow,efferent,589,400,0.25,0.01,0.05,0.20203735144312393,0.059422750424448216,0.01867572156196944,0.466893039049236,0.14431239388794567,0.10865874363327674,0.0,False,False,False,False,False,False,
720575940622897639,flow,efferent,589,400,0.25,0.01,0.1,0.20203735144312393,0.059422750424448216,0.01867572156196944,0.466893039049236,0.14431239388794567,0.10865874363327674,0.0,False,False,False,False,False,False,
720575940623446860,flow,efferent,7165,400,0.25,0.14285714285714285,0.01,0.051221214235868805,0.04521981856245638,0.011025819958129797,0.17096999302163293,0.6919748778785764,0.02944870900209351,0.00013956734124214934,True,True,False,True,True,False,
720575940623446860,flow,efferent,7165,400,0.25,0.14285714285714285,0.05,0.051221214235868805,0.04521981856245638,0.011025819958129797,0.17096999302163293,0.6919748778785764,0.02944870900209351,0.00013956734124214934,False,False,False,True,True,False,
720575940623446860,flow,efferent,7165,400,0.25,0.14285714285714285,0.1,0.051221214235868805,0.04521981856245638,0.011025819958129797,0.17096999302163293,0.6919748778785764,0.02944870900209351,0.00013956734124214934,False,False,False,True,True,False,
720575940623446860,flow,efferent,7165,400,0.25,0.04,0.01,0.051221214235868805,0.04521981856245638,0.011025819958129797,0.17096999302163293,0.6919748778785764,0.02944870900209351,0.00013956734124214934,True,True,False,True,True,False,
720575940623446860,flow,efferent,7165,400,0.25,0.04,0.05,0.051221214235868805,0.04521981856245638,0.011025819958129797,0.17096999302163293,0.6919748778785764,0.02944870900209351,0.00013956734124214934,False,False,False,True,True,False,
720575940623446860,flow,efferent,7165,400,0.25,0.04,0.1,0.051221214235868805,0.04521981856245638,0.011025819958129797,0.17096999302163293,0.6919748778785764,0.02944870900209351,0.00013956734124214934,False,False,False,False,True,False,
720575940623446860,flow,efferent,7165,400,0.25,0.02,0.01,0.051221214235868805,0.04521981856245638,0.011025819958129797,0.17096999302163293,0.6919748778785764,0.02944870900209351,0.00013956734124214934,True,False,False,True,True,False,
720575940623446860,flow,efferent,7165,400,0.25,0.02,0.05,0.051221214235868805,0.04521981856245638,0.011025819958129797,0.17096999302163293,0.6919748778785764,0.02944870900209351,0.00013956734124214934,False,False,False,False,True,False,
720575940623446860,flow,efferent,7165,400,0.25,0.02,0.1,0.051221214235868805,0.04521981856245638,0.011025819958129797,0.17096999302163293,0.6919748778785764,0.02944870900209351,0.00013956734124214934,False,False,False,False,False,False,
720575940623446860,flow,efferent,7165,400,0.25,0.01,0.01,0.051221214235868805,0.04521981856245638,0.011025819958129797,0.17096999302163293,0.6919748778785764,0.02944870900209351,0.00013956734124214934,True,False,False,True,True,False,
720575940623446860,flow,efferent,7165,400,0.25,0.01,0.05,0.051221214235868805,0.04521981856245638,0.011025819958129797,0.17096999302163293,0.6919748778785764,0.02944870900209351,0.00013956734124214934,False,False,False,False,False,False,
720575940623446860,flow,efferent,7165,400,0.25,0.01,0.1,0.051221214235868805,0.04521981856245638,0.011025819958129797,0.17096999302163293,0.6919748778785764,0.02944870900209351,0.00013956734124214934,False,False,False,False,False,False,
720575940630868793,flow,efferent,1999,400,0.25,0.14285714285714285,0.01,0.13706853426713356,0.28114057028514255,0.2531265632816408,0.06853426713356678,0.2236118059029515,0.03651825912956478,0.0,True,True,True,True,True,True,
720575940630868793,flow,efferent,1999,400,0.25,0.14285714285714285,0.05,0.13706853426713356,0.28114057028514255,0.2531265632816408,0.06853426713356678,0.2236118059029515,0.03651825912956478,0.0,True,True,True,True,True,False,
720575940630868793,flow,efferent,1999,400,0.25,0.14285714285714285,0.1,0.13706853426713356,0.28114057028514255,0.2531265632816408,0.06853426713356678,0.2236118059029515,0.03651825912956478,0.0,False,True,True,False,False,False,
720575940630868793,flow,efferent,1999,400,0.25,0.04,0.01,0.13706853426713356,0.28114057028514255,0.2531265632816408,0.06853426713356678,0.2236118059029515,0.03651825912956478,0.0,True,True,True,True,True,True,
720575940630868793,flow,efferent,1999,400,0.25,0.04,0.05,0.13706853426713356,0.28114057028514255,0.2531265632816408,0.06853426713356678,0.2236118059029515,0.03651825912956478,0.0,False,False,True,False,False,False,
720575940630868793,flow,efferent,1999,400,0.25,0.04,0.1,0.13706853426713356,0.28114057028514255,0.2531265632816408,0.06853426713356678,0.2236118059029515,0.03651825912956478,0.0,False,False,True,False,False,False,
720575940630868793,flow,efferent,1999,400,0.25,0.02,0.01,0.13706853426713356,0.28114057028514255,0.2531265632816408,0.06853426713356678,0.2236118059029515,0.03651825912956478,0.0,True,True,True,True,True,True,
720575940630868793,flow,efferent,1999,400,0.25,0.02,0.05,0.13706853426713356,0.28114057028514255,0.2531265632816408,0.06853426713356678,0.2236118059029515,0.03651825912956478,0.0,False,False,True,False,False,False,
720575940630868793,flow,efferent,1999,400,0.25,0.02,0.1,0.13706853426713356,0.28114057028514255,0.2531265632816408,0.06853426713356678,0.2236118059029515,0.03651825912956478,0.0,False,False,True,False,False,False,
720575940630868793,flow,efferent,1999,400,0.25,0.01,0.01,0.13706853426713356,0.28114057028514255,0.2531265632816408,0.06853426713356678,0.2236118059029515,0.03651825912956478,0.0,True,True,True,True,True,False,
720575940630868793,flow,efferent,1999,400,0.25,0.01,0.05,0.13706853426713356,0.28114057028514255,0.2531265632816408,0.06853426713356678,0.2236118059029515,0.03651825912956478,0.0,False,False,True,False,False,False,
720575940630868793,flow,efferent,1999,400,0.25,0.01,0.1,0.13706853426713356,0.28114057028514255,0.2531265632816408,0.06853426713356678,0.2236118059029515,0.03651825912956478,0.0,False,False,False,False,False,False,
720575940645527918,flow,efferent,1519,400,0.25,0.14285714285714285,0.01,0.10928242264647794,0.32916392363396973,0.13298222514812377,0.07899934167215274,0.29098090849242925,0.05793285055957867,0.0006583278472679394,True,True,True,True,True,True,
720575940645527918,flow,efferent,1519,400,0.25,0.14285714285714285,0.05,0.10928242264647794,0.32916392363396973,0.13298222514812377,0.07899934167215274,0.29098090849242925,0.05793285055957867,0.0006583278472679394,False,True,False,False,True,False,
720575940645527918,flow,efferent,1519,400,0.25,0.14285714285714285,0.1,0.10928242264647794,0.32916392363396973,0.13298222514812377,0.07899934167215274,0.29098090849242925,0.05793285055957867,0.0006583278472679394,False,True,False,False,True,False,
720575940645527918,flow,efferent,1519,400,0.25,0.04,0.01,0.10928242264647794,0.32916392363396973,0.13298222514812377,0.07899934167215274,0.29098090849242925,0.05793285055957867,0.0006583278472679394,True,True,True,True,True,True,
720575940645527918,flow,efferent,1519,400,0.25,0.04,0.05,0.10928242264647794,0.32916392363396973,0.13298222514812377,0.07899934167215274,0.29098090849242925,0.05793285055957867,0.0006583278472679394,False,False,False,False,False,False,
720575940645527918,flow,efferent,1519,400,0.25,0.04,0.1,0.10928242264647794,0.32916392363396973,0.13298222514812377,0.07899934167215274,0.29098090849242925,0.05793285055957867,0.0006583278472679394,False,False,False,False,False,False,
720575940645527918,flow,efferent,1519,400,0.25,0.02,0.01,0.10928242264647794,0.32916392363396973,0.13298222514812377,0.07899934167215274,0.29098090849242925,0.05793285055957867,0.0006583278472679394,True,True,False,True,True,True,
720575940645527918,flow,efferent,1519,400,0.25,0.02,0.05,0.10928242264647794,0.32916392363396973,0.13298222514812377,0.07899934167215274,0.29098090849242925,0.05793285055957867,0.0006583278472679394,False,False,False,False,False,False,
720575940645527918,flow,efferent,1519,400,0.25,0.02,0.1,0.10928242264647794,0.32916392363396973,0.13298222514812377,0.07899934167215274,0.29098090849242925,0.05793285055957867,0.0006583278472679394,False,False,False,False,False,False,
720575940645527918,flow,efferent,1519,400,0.25,0.01,0.01,0.10928242264647794,0.32916392363396973,0.13298222514812377,0.07899934167215274,0.29098090849242925,0.05793285055957867,0.0006583278472679394,True,True,False,True,True,True,
720575940645527918,flow,efferent,1519,400,0.25,0.01,0.05,0.10928242264647794,0.32916392363396973,0.13298222514812377,0.07899934167215274,0.29098090849242925,0.05793285055957867,0.0006583278472679394,False,False,False,False,False,False,
720575940645527918,flow,efferent,1519,400,0.25,0.01,0.1,0.10928242264647794,0.32916392363396973,0.13298222514812377,0.07899934167215274,0.29098090849242925,0.05793285055957867,0.0006583278472679394,False,False,False,False,False,False,
720575940634813536,flow,efferent,1907,400,0.25,0.14285714285714285,0.01,0.30728893550078656,0.14944939695857368,0.09858416360776089,0.2532773990561091,0.1641321447299423,0.026743576297850027,0.0005243838489774515,True,True,True,True,True,True,
720575940634813536,flow,efferent,1907,400,0.25,0.14285714285714285,0.05,0.30728893550078656,0.14944939695857368,0.09858416360776089,0.2532773990561091,0.1641321447299423,0.026743576297850027,0.0005243838489774515,True,True,True,True,False,False,
720575940634813536,flow,efferent,1907,400,0.25,0.14285714285714285,0.1,0.30728893550078656,0.14944939695857368,0.09858416360776089,0.2532773990561091,0.1641321447299423,0.026743576297850027,0.0005243838489774515,True,False,False,True,False,False,
720575940634813536,flow,efferent,1907,400,0.25,0.04,0.01,0.30728893550078656,0.14944939695857368,0.09858416360776089,0.2532773990561091,0.1641321447299423,0.026743576297850027,0.0005243838489774515,True,True,True,True,True,True,
720575940634813536,flow,efferent,1907,400,0.25,0.04,0.05,0.30728893550078656,0.14944939695857368,0.09858416360776089,0.2532773990561091,0.1641321447299423,0.026743576297850027,0.0005243838489774515,True,False,False,True,False,False,
720575940634813536,flow,efferent,1907,400,0.25,0.04,0.1,0.30728893550078656,0.14944939695857368,0.09858416360776089,0.2532773990561091,0.1641321447299423,0.026743576297850027,0.0005243838489774515,True,False,False,False,False,False,
720575940634813536,flow,efferent,1907,400,0.25,0.02,0.01,0.30728893550078656,0.14944939695857368,0.09858416360776089,0.2532773990561091,0.1641321447299423,0.026743576297850027,0.0005243838489774515,True,True,False,True,True,False,
720575940634813536,flow,efferent,1907,400,0.25,0.02,0.05,0.30728893550078656,0.14944939695857368,0.09858416360776089,0.2532773990561091,0.1641321447299423,0.026743576297850027,0.0005243838489774515,True,False,False,False,False,False,
720575940634813536,flow,efferent,1907,400,0.25,0.02,0.1,0.30728893550078656,0.14944939695857368,0.09858416360776089,0.2532773990561091,0.1641321447299423,0.026743576297850027,0.0005243838489774515,True,False,False,False,False,False,
720575940634813536,flow,efferent,1907,400,0.25,0.01,0.01,0.30728893550078656,0.14944939695857368,0.09858416360776089,0.2532773990561091,0.1641321447299423,0.026743576297850027,0.0005243838489774515,True,True,False,True,True,False,
720575940634813536,flow,efferent,1907,400,0.25,0.01,0.05,0.30728893550078656,0.14944939695857368,0.09858416360776089,0.2532773990561091,0.1641321447299423,0.026743576297850027,0.0005243838489774515,True,False,False,False,False,False,
720575940634813536,flow,efferent,1907,400,0.25,0.01,0.1,0.30728893550078656,0.14944939695857368,0.09858416360776089,0.2532773990561091,0.1641321447299423,0.026743576297850027,0.0005243838489774515,True,False,False,False,False,False,
720575940617904208,flow,efferent,7621,400,0.25,0.14285714285714285,0.01,0.1279359664086078,0.03792153260726939,0.04002099462012859,0.18724576827188033,0.41254428552683375,0.19380658706206536,0.0005248655032148012,True,True,True,True,True,True,False
720575940617904208,flow,efferent,7621,400,0.25,0.14285714285714285,0.05,0.1279359664086078,0.03792153260726939,0.04002099462012859,0.18724576827188033,0.41254428552683375,0.19380658706206536,0.0005248655032148012,True,False,False,True,True,True,False
720575940617904208,flow,efferent,7621,400,0.25,0.14285714285714285,0.1,0.1279359664086078,0.03792153260726939,0.04002099462012859,0.18724576827188033,0.41254428552683375,0.19380658706206536,0.0005248655032148012,True,False,False,True,True,False,False
720575940617904208,flow,efferent,7621,400,0.25,0.04,0.01,0.1279359664086078,0.03792153260726939,0.04002099462012859,0.18724576827188033,0.41254428552683375,0.19380658706206536,0.0005248655032148012,True,True,True,True,True,True,False
720575940617904208,flow,efferent,7621,400,0.25,0.04,0.05,0.1279359664086078,0.03792153260726939,0.04002099462012859,0.18724576827188033,0.41254428552683375,0.19380658706206536,0.0005248655032148012,True,False,False,True,True,True,False
720575940617904208,flow,efferent,7621,400,0.25,0.04,0.1,0.1279359664086078,0.03792153260726939,0.04002099462012859,0.18724576827188033,0.41254428552683375,0.19380658706206536,0.0005248655032148012,True,False,False,False,False,False,False
720575940617904208,flow,efferent,7621,400,0.25,0.02,0.01,0.1279359664086078,0.03792153260726939,0.04002099462012859,0.18724576827188033,0.41254428552683375,0.19380658706206536,0.0005248655032148012,True,False,True,True,True,True,False
720575940617904208,flow,efferent,7621,400,0.25,0.02,0.05,0.1279359664086078,0.03792153260726939,0.04002099462012859,0.18724576827188033,0.41254428552683375,0.19380658706206536,0.0005248655032148012,True,False,False,True,False,False,False
720575940617904208,flow,efferent,7621,400,0.25,0.02,0.1,0.1279359664086078,0.03792153260726939,0.04002099462012859,0.18724576827188033,0.41254428552683375,0.19380658706206536,0.0005248655032148012,True,False,False,False,False,False,False
720575940617904208,flow,efferent,7621,400,0.25,0.01,0.01,0.1279359664086078,0.03792153260726939,0.04002099462012859,0.18724576827188033,0.41254428552683375,0.19380658706206536,0.0005248655032148012,True,False,True,True,True,True,False
720575940617904208,flow,efferent,7621,400,0.25,0.01,0.05,0.1279359664086078,0.03792153260726939,0.04002099462012859,0.18724576827188033,0.41254428552683375,0.19380658706206536,0.0005248655032148012,True,False,False,True,False,False,False
720575940617904208,flow,efferent,7621,400,0.25,0.01,0.1,0.1279359664086078,0.03792153260726939,0.04002099462012859,0.18724576827188033,0.41254428552683375,0.19380658706206536,0.0005248655032148012,True,False,False,False,False,False,False
720575940618385718,flow,efferent,1385,400,0.25,0.14285714285714285,0.01,0.05703971119133574,0.06498194945848375,0.04837545126353791,0.4866425992779783,0.2909747292418773,0.05198555956678701,0.0,True,True,True,True,True,True,
720575940618385718,flow,efferent,1385,400,0.25,0.14285714285714285,0.05,0.05703971119133574,0.06498194945848375,0.04837545126353791,0.4866425992779783,0.2909747292418773,0.05198555956678701,0.0,True,False,False,True,True,False,
720575940618385718,flow,efferent,1385,400,0.25,0.14285714285714285,0.1,0.05703971119133574,0.06498194945848375,0.04837545126353791,0.4866425992779783,0.2909747292418773,0.05198555956678701,0.0,False,False,False,True,True,False,
720575940618385718,flow,efferent,1385,400,0.25,0.04,0.01,0.05703971119133574,0.06498194945848375,0.04837545126353791,0.4866425992779783,0.2909747292418773,0.05198555956678701,0.0,True,True,True,True,True,True,
720575940618385718,flow,efferent,1385,400,0.25,0.04,0.05,0.05703971119133574,0.06498194945848375,0.04837545126353791,0.4866425992779783,0.2909747292418773,0.05198555956678701,0.0,False,False,False,True,True,False,
720575940618385718,flow,efferent,1385,400,0.25,0.04,0.1,0.05703971119133574,0.06498194945848375,0.04837545126353791,0.4866425992779783,0.2909747292418773,0.05198555956678701,0.0,False,False,False,False,False,False,
720575940618385718,flow,efferent,1385,400,0.25,0.02,0.01,0.05703971119133574,0.06498194945848375,0.04837545126353791,0.4866425992779783,0.2909747292418773,0.05198555956678701,0.0,True,True,True,True,True,True,
720575940618385718,flow,efferent,1385,400,0.25,0.02,0.05,0.05703971119133574,0.06498194945848375,0.04837545126353791,0.4866425992779783,0.2909747292418773,0.05198555956678701,0.0,False,False,False,True,True,False,
720575940618385718,flow,efferent,1385,400,0.25,0.02,0.1,0.05703971119133574,0.06498194945848375,0.04837545126353791,0.4866425992779783,0.2909747292418773,0.05198555956678701,0.0,False,False,False,False,False,False,
720575940618385718,flow,efferent,1385,400,0.25,0.01,0.01,0.05703971119133574,0.06498194945848375,0.04837545126353791,0.4866425992779783,0.2909747292418773,0.05198555956678701,0.0,True,False,False,True,True,False,
720575940618385718,flow,efferent,1385,400,0.25,0.01,0.05,0.05703971119133574,0.06498194945848375,0.04837545126353791,0.4866425992779783,0.2909747292418773,0.05198555956678701,0.0,False,False,False,True,False,False,
720575940618385718,flow,efferent,1385,400,0.25,0.01,0.1,0.05703971119133574,0.06498194945848375,0.04837545126353791,0.4866425992779783,0.2909747292418773,0.05198555956678701,0.0,False,False,False,False,False,False,
720575940650119289,flow,efferent,778,400,0.25,0.14285714285714285,0.01,0.11953727506426735,0.2300771208226221,0.14267352185089974,0.2120822622107969,0.2377892030848329,0.05784061696658098,0.0,True,True,True,True,True,True,
720575940650119289,flow,efferent,778,400,0.25,0.14285714285714285,0.05,0.11953727506426735,0.2300771208226221,0.14267352185089974,0.2120822622107969,0.2377892030848329,0.05784061696658098,0.0,True,True,True,True,True,False,
720575940650119289,flow,efferent,778,400,0.25,0.14285714285714285,0.1,0.11953727506426735,0.2300771208226221,0.14267352185089974,0.2120822622107969,0.2377892030848329,0.05784061696658098,0.0,False,True,True,True,False,False,
720575940650119289,flow,efferent,778,400,0.25,0.04,0.01,0.11953727506426735,0.2300771208226221,0.14267352185089974,0.2120822622107969,0.2377892030848329,0.05784061696658098,0.0,True,True,True,True,True,True,
720575940650119289,flow,efferent,778,400,0.25,0.04,0.05,0.11953727506426735,0.2300771208226221,0.14267352185089974,0.2120822622107969,0.2377892030848329,0.05784061696658098,0.0,True,False,False,True,False,False,
720575940650119289,flow,efferent,778,400,0.25,0.04,0.1,0.11953727506426735,0.2300771208226221,0.14267352185089974,0.2120822622107969,0.2377892030848329,0.05784061696658098,0.0,False,False,False,False,False,False,
720575940650119289,flow,efferent,778,400,0.25,0.02,0.01,0.11953727506426735,0.2300771208226221,0.14267352185089974,0.2120822622107969,0.2377892030848329,0.05784061696658098,0.0,True,True,True,True,True,True,
720575940650119289,flow,efferent,778,400,0.25,0.02,0.05,0.11953727506426735,0.2300771208226221,0.14267352185089974,0.2120822622107969,0.2377892030848329,0.05784061696658098,0.0,True,False,False,True,False,False,
720575940650119289,flow,efferent,778,400,0.25,0.02,0.1,0.11953727506426735,0.2300771208226221,0.14267352185089974,0.2120822622107969,0.2377892030848329,0.05784061696658098,0.0,False,False,False,False,False,False,
720575940650119289,flow,efferent,778,400,0.25,0.01,0.01,0.11953727506426735,0.2300771208226221,0.14267352185089974,0.2120822622107969,0.2377892030848329,0.05784061696658098,0.0,True,True,False,True,True,True,
720575940650119289,flow,efferent,778,400,0.25,0.01,0.05,0.11953727506426735,0.2300771208226221,0.14267352185089974,0.2120822622107969,0.2377892030848329,0.05784061696658098,0.0,False,False,False,True,False,False,
720575940650119289,flow,efferent,778,400,0.25,0.01,0.1,0.11953727506426735,0.2300771208226221,0.14267352185089974,0.2120822622107969,0.2377892030848329,0.05784061696658098,0.0,False,False,False,False,False,False,
720575940630233404,flow,efferent,2269,400,0.25,0.14285714285714285,0.01,0.12869105332745703,0.2974878801234024,0.15954164830321726,0.0877038342882327,0.2728074041427942,0.05112384310268841,0.002644336712208021,True,True,True,True,True,True,False
720575940630233404,flow,efferent,2269,400,0.25,0.14285714285714285,0.05,0.12869105332745703,0.2974878801234024,0.15954164830321726,0.0877038342882327,0.2728074041427942,0.05112384310268841,0.002644336712208021,False,True,False,False,True,False,False
720575940630233404,flow,efferent,2269,400,0.25,0.14285714285714285,0.1,0.12869105332745703,0.2974878801234024,0.15954164830321726,0.0877038342882327,0.2728074041427942,0.05112384310268841,0.002644336712208021,False,False,False,False,True,False,False
720575940630233404,flow,efferent,2269,400,0.25,0.04,0.01,0.12869105332745703,0.2974878801234024,0.15954164830321726,0.0877038342882327,0.2728074041427942,0.05112384310268841,0.002644336712208021,True,True,True,True,True,True,False
720575940630233404,flow,efferent,2269,400,0.25,0.04,0.05,0.12869105332745703,0.2974878801234024,0.15954164830321726,0.0877038342882327,0.2728074041427942,0.05112384310268841,0.002644336712208021,False,False,False,False,False,False,False
720575940630233404,flow,efferent,2269,400,0.25,0.04,0.1,0.12869105332745703,0.2974878801234024,0.15954164830321726,0.0877038342882327,0.2728074041427942,0.05112384310268841,0.002644336712208021,False,False,False,False,False,False,False
720575940630233404,flow,efferent,2269,400,0.25,0.02,0.01,0.12869105332745703,0.2974878801234024,0.15954164830321726,0.0877038342882327,0.2728074041427942,0.05112384310268841,0.002644336712208021,True,True,True,True,True,True,False
720575940630233404,flow,efferent,2269,400,0.25,0.02,0.05,0.12869105332745703,0.2974878801234024,0.15954164830321726,0.0877038342882327,0.2728074041427942,0.05112384310268841,0.002644336712208021,False,False,False,False,False,False,False
720575940630233404,flow,efferent,2269,400,0.25,0.02,0.1,0.12869105332745703,0.2974878801234024,0.15954164830321726,0.0877038342882327,0.2728074041427942,0.05112384310268841,0.002644336712208021,False,False,False,False,False,False,False
720575940630233404,flow,efferent,2269,400,0.25,0.01,0.01,0.12869105332745703,0.2974878801234024,0.15954164830321726,0.0877038342882327,0.2728074041427942,0.05112384310268841,0.002644336712208021,True,True,True,True,True,True,False
720575940630233404,flow,efferent,2269,400,0.25,0.01,0.05,0.12869105332745703,0.2974878801234024,0.15954164830321726,0.0877038342882327,0.2728074041427942,0.05112384310268841,0.002644336712208021,False,False,False,False,False,False,False
720575940630233404,flow,efferent,2269,400,0.25,0.01,0.1,0.12869105332745703,0.2974878801234024,0.15954164830321726,0.0877038342882327,0.2728074041427942,0.05112384310268841,0.002644336712208021,False,False,False,False,False,False,False
720575940618440000,flow,efferent,2120,400,0.25,0.14285714285714285,0.01,0.12783018867924528,0.30943396226415093,0.2830188679245283,0.03207547169811321,0.09292452830188679,0.14669811320754716,0.008018867924528302,True,True,True,True,True,True,False
720575940618440000,flow,efferent,2120,400,0.25,0.14285714285714285,0.05,0.12783018867924528,0.30943396226415093,0.2830188679245283,0.03207547169811321,0.09292452830188679,0.14669811320754716,0.008018867924528302,False,True,True,False,False,True,False
720575940618440000,flow,efferent,2120,400,0.25,0.14285714285714285,0.1,0.12783018867924528,0.30943396226415093,0.2830188679245283,0.03207547169811321,0.09292452830188679,0.14669811320754716,0.008018867924528302,False,True,False,False,False,False,False
720575940618440000,flow,efferent,2120,400,0.25,0.04,0.01,0.12783018867924528,0.30943396226415093,0.2830188679245283,0.03207547169811321,0.09292452830188679,0.14669811320754716,0.008018867924528302,True,True,True,False,True,True,False
720575940618440000,flow,efferent,2120,400,0.25,0.04,0.05,0.12783018867924528,0.30943396226415093,0.2830188679245283,0.03207547169811321,0.09292452830188679,0.14669811320754716,0.008018867924528302,False,True,True,False,False,False,False
720575940618440000,flow,efferent,2120,400,0.25,0.04,0.1,0.12783018867924528,0.30943396226415093,0.2830188679245283,0.03207547169811321,0.09292452830188679,0.14669811320754716,0.008018867924528302,False,False,False,False,False,False,False
720575940618440000,flow,efferent,2120,400,0.25,0.02,0.01,0.12783018867924528,0.30943396226415093,0.2830188679245283,0.03207547169811321,0.09292452830188679,0.14669811320754716,0.008018867924528302,True,True,True,False,False,True,False
720575940618440000,flow,efferent,2120,400,0.25,0.02,0.05,0.12783018867924528,0.30943396226415093,0.2830188679245283,0.03207547169811321,0.09292452830188679,0.14669811320754716,0.008018867924528302,False,False,False,False,False,False,False
720575940618440000,flow,efferent,2120,400,0.25,0.02,0.1,0.12783018867924528,0.30943396226415093,0.2830188679245283,0.03207547169811321,0.09292452830188679,0.14669811320754716,0.008018867924528302,False,False,False,False,False,False,False
720575940618440000,flow,efferent,2120,400,0.25,0.01,0.01,0.12783018867924528,0.30943396226415093,0.2830188679245283,0.03207547169811321,0.09292452830188679,0.14669811320754716,0.008018867924528302,True,True,True,False,False,True,False
720575940618440000,flow,efferent,2120,400,0.25,0.01,0.05,0.12783018867924528,0.30943396226415093,0.2830188679245283,0.03207547169811321,0.09292452830188679,0.14669811320754716,0.008018867924528302,False,False,False,False,False,False,False
720575940618440000,flow,efferent,2120,400,0.25,0.01,0.1,0.12783018867924528,0.30943396226415093,0.2830188679245283,0.03207547169811321,0.09292452830188679,0.14669811320754716,0.008018867924528302,False,False,False,False,False,False,False
720575940632499757,flow,efferent,6192,400,0.25,0.14285714285714285,0.01,0.2172157622739018,0.16666666666666666,0.22545219638242894,0.03682170542635659,0.14324935400516794,0.2059108527131783,0.004683462532299742,True,True,True,True,True,True,False
720575940632499757,flow,efferent,6192,400,0.25,0.14285714285714285,0.05,0.2172157622739018,0.16666666666666666,0.22545219638242894,0.03682170542635659,0.14324935400516794,0.2059108527131783,0.004683462532299742,True,True,True,False,True,True,False
720575940632499757,flow,efferent,6192,400,0.25,0.14285714285714285,0.1,0.2172157622739018,0.16666666666666666,0.22545219638242894,0.03682170542635659,0.14324935400516794,0.2059108527131783,0.004683462532299742,True,True,True,False,False,True,False
720575940632499757,flow,efferent,6192,400,0.25,0.04,0.01,0.2172157622739018,0.16666666666666666,0.22545219638242894,0.03682170542635659,0.14324935400516794,0.2059108527131783,0.004683462532299742,True,True,True,False,True,True,False
720575940632499757,flow,efferent,6192,400,0.25,0.04,0.05,0.2172157622739018,0.16666666666666666,0.22545219638242894,0.03682170542635659,0.14324935400516794,0.2059108527131783,0.004683462532299742,True,False,True,False,False,True,False
720575940632499757,flow,efferent,6192,400,0.25,0.04,0.1,0.2172157622739018,0.16666666666666666,0.22545219638242894,0.03682170542635659,0.14324935400516794,0.2059108527131783,0.004683462532299742,False,False,False,False,False,False,False
720575940632499757,flow,efferent,6192,400,0.25,0.02,0.01,0.2172157622739018,0.16666666666666666,0.22545219638242894,0.03682170542635659,0.14324935400516794,0.2059108527131783,0.004683462532299742,True,True,True,False,True,True,False
720575940632499757,flow,efferent,6192,400,0.25,0.02,0.05,0.2172157622739018,0.16666666666666666,0.22545219638242894,0.03682170542635659,0.14324935400516794,0.2059108527131783,0.004683462532299742,True,False,False,False,False,False,False
720575940632499757,flow,efferent,6192,400,0.25,0.02,0.1,0.2172157622739018,0.16666666666666666,0.22545219638242894,0.03682170542635659,0.14324935400516794,0.2059108527131783,0.004683462532299742,False,False,False,False,False,False,False
720575940632499757,flow,efferent,6192,400,0.25,0.01,0.01,0.2172157622739018,0.16666666666666666,0.22545219638242894,0.03682170542635659,0.14324935400516794,0.2059108527131783,0.004683462532299742,True,True,True,False,False,True,False
720575940632499757,flow,efferent,6192,400,0.25,0.01,0.05,0.2172157622739018,0.16666666666666666,0.22545219638242894,0.03682170542635659,0.14324935400516794,0.2059108527131783,0.004683462532299742,False,False,False,False,False,False,False
720575940632499757,flow,efferent,6192,400,0.25,0.01,0.1,0.2172157622739018,0.16666666666666666,0.22545219638242894,0.03682170542635659,0.14324935400516794,0.2059108527131783,0.004683462532299742,False,False,False,False,False,False,False
720575940622838154,flow,efferent,8230,400,0.25,0.14285714285714285,0.01,0.2134872417982989,0.1646415552855407,0.1345078979343864,0.08797083839611179,0.16816524908869987,0.22794653705953827,0.003280680437424058,True,True,True,True,True,True,False
720575940622838154,flow,efferent,8230,400,0.25,0.14285714285714285,0.05,0.2134872417982989,0.1646415552855407,0.1345078979343864,0.08797083839611179,0.16816524908869987,0.22794653705953827,0.003280680437424058,True,True,True,True,True,True,False
720575940622838154,flow,efferent,8230,400,0.25,0.14285714285714285,0.1,0.2134872417982989,0.1646415552855407,0.1345078979343864,0.08797083839611179,0.16816524908869987,0.22794653705953827,0.003280680437424058,False,False,False,False,True,False,False
720575940622838154,flow,efferent,8230,400,0.25,0.04,0.01,0.2134872417982989,0.1646415552855407,0.1345078979343864,0.08797083839611179,0.16816524908869987,0.22794653705953827,0.003280680437424058,True,True,True,True,True,True,False
720575940622838154,flow,efferent,8230,400,0.25,0.04,0.05,0.2134872417982989,0.1646415552855407,0.1345078979343864,0.08797083839611179,0.16816524908869987,0.22794653705953827,0.003280680437424058,True,False,False,False,False,True,False
720575940622838154,flow,efferent,8230,400,0.25,0.04,0.1,0.2134872417982989,0.1646415552855407,0.1345078979343864,0.08797083839611179,0.16816524908869987,0.22794653705953827,0.003280680437424058,False,False,False,False,False,False,False
720575940622838154,flow,efferent,8230,400,0.25,0.02,0.01,0.2134872417982989,0.1646415552855407,0.1345078979343864,0.08797083839611179,0.16816524908869987,0.22794653705953827,0.003280680437424058,True,True,True,True,True,True,False
720575940622838154,flow,efferent,8230,400,0.25,0.02,0.05,0.2134872417982989,0.1646415552855407,0.1345078979343864,0.08797083839611179,0.16816524908869987,0.22794653705953827,0.003280680437424058,True,False,False,False,False,True,False
720575940622838154,flow,efferent,8230,400,0.25,0.02,0.1,0.2134872417982989,0.1646415552855407,0.1345078979343864,0.08797083839611179,0.16816524908869987,0.22794653705953827,0.003280680437424058,False,False,False,False,False,False,False
720575940622838154,flow,efferent,8230,400,0.25,0.01,0.01,0.2134872417982989,0.1646415552855407,0.1345078979343864,0.08797083839611179,0.16816524908869987,0.22794653705953827,0.003280680437424058,True,True,True,True,True,True,False
720575940622838154,flow,efferent,8230,400,0.25,0.01,0.05,0.2134872417982989,0.1646415552855407,0.1345078979343864,0.08797083839611179,0.16816524908869987,0.22794653705953827,0.003280680437424058,False,False,False,False,False,False,False
720575940622838154,flow,efferent,8230,400,0.25,0.01,0.1,0.2134872417982989,0.1646415552855407,0.1345078979343864,0.08797083839611179,0.16816524908869987,0.22794653705953827,0.003280680437424058,False,False,False,False,False,False,False
720575940619590360,flow,efferent,1177,400,0.25,0.14285714285714285,0.01,0.18351741716227699,0.7017841971112999,0.018691588785046728,0.0118946474086661,0.06032285471537808,0.0237892948173322,0.0,True,True,False,False,True,True,
720575940619590360,flow,efferent,1177,400,0.25,0.14285714285714285,0.05,0.18351741716227699,0.7017841971112999,0.018691588785046728,0.0118946474086661,0.06032285471537808,0.0237892948173322,0.0,True,True,False,False,False,False,
720575940619590360,flow,efferent,1177,400,0.25,0.14285714285714285,0.1,0.18351741716227699,0.7017841971112999,0.018691588785046728,0.0118946474086661,0.06032285471537808,0.0237892948173322,0.0,True,True,False,False,False,False,
720575940619590360,flow,efferent,1177,400,0.25,0.04,0.01,0.18351741716227699,0.7017841971112999,0.018691588785046728,0.0118946474086661,0.06032285471537808,0.0237892948173322,0.0,True,True,False,False,False,True,
720575940619590360,flow,efferent,1177,400,0.25,0.04,0.05,0.18351741716227699,0.7017841971112999,0.018691588785046728,0.0118946474086661,0.06032285471537808,0.0237892948173322,0.0,True,True,False,False,False,False,
720575940619590360,flow,efferent,1177,400,0.25,0.04,0.1,0.18351741716227699,0.7017841971112999,0.018691588785046728,0.0118946474086661,0.06032285471537808,0.0237892948173322,0.0,True,False,False,False,False,False,
720575940619590360,flow,efferent,1177,400,0.25,0.02,0.01,0.18351741716227699,0.7017841971112999,0.018691588785046728,0.0118946474086661,0.06032285471537808,0.0237892948173322,0.0,True,True,False,False,False,True,
720575940619590360,flow,efferent,1177,400,0.25,0.02,0.05,0.18351741716227699,0.7017841971112999,0.018691588785046728,0.0118946474086661,0.06032285471537808,0.0237892948173322,0.0,True,True,False,False,False,False,
720575940619590360,flow,efferent,1177,400,0.25,0.02,0.1,0.18351741716227699,0.7017841971112999,0.018691588785046728,0.0118946474086661,0.06032285471537808,0.0237892948173322,0.0,True,False,False,False,False,False,
720575940619590360,flow,efferent,1177,400,0.25,0.01,0.01,0.18351741716227699,0.7017841971112999,0.018691588785046728,0.0118946474086661,0.06032285471537808,0.0237892948173322,0.0,True,True,False,False,False,True,
720575940619590360,flow,efferent,1177,400,0.25,0.01,0.05,0.18351741716227699,0.7017841971112999,0.018691588785046728,0.0118946474086661,0.06032285471537808,0.0237892948173322,0.0,True,True,False,False,False,False,
720575940619590360,flow,efferent,1177,400,0.25,0.01,0.1,0.18351741716227699,0.7017841971112999,0.018691588785046728,0.0118946474086661,0.06032285471537808,0.0237892948173322,0.0,False,False,False,False,False,False,
720575940624679463,flow,efferent,871,400,0.25,0.14285714285714285,0.01,0.15040183696900114,0.22502870264064295,0.20436280137772675,0.0539609644087256,0.24225028702640644,0.11940298507462686,0.004592422502870264,True,True,True,True,True,True,False
720575940624679463,flow,efferent,871,400,0.25,0.14285714285714285,0.05,0.15040183696900114,0.22502870264064295,0.20436280137772675,0.0539609644087256,0.24225028702640644,0.11940298507462686,0.004592422502870264,True,True,True,False,True,True,False
720575940624679463,flow,efferent,871,400,0.25,0.14285714285714285,0.1,0.15040183696900114,0.22502870264064295,0.20436280137772675,0.0539609644087256,0.24225028702640644,0.11940298507462686,0.004592422502870264,False,True,False,False,False,True,False
720575940624679463,flow,efferent,871,400,0.25,0.04,0.01,0.15040183696900114,0.22502870264064295,0.20436280137772675,0.0539609644087256,0.24225028702640644,0.11940298507462686,0.004592422502870264,True,True,True,True,True,True,False
720575940624679463,flow,efferent,871,400,0.25,0.04,0.05,0.15040183696900114,0.22502870264064295,0.20436280137772675,0.0539609644087256,0.24225028702640644,0.11940298507462686,0.004592422502870264,True,False,True,False,False,True,False
720575940624679463,flow,efferent,871,400,0.25,0.04,0.1,0.15040183696900114,0.22502870264064295,0.20436280137772675,0.0539609644087256,0.24225028702640644,0.11940298507462686,0.004592422502870264,False,False,False,False,False,True,False
720575940624679463,flow,efferent,871,400,0.25,0.02,0.01,0.15040183696900114,0.22502870264064295,0.20436280137772675,0.0539609644087256,0.24225028702640644,0.11940298507462686,0.004592422502870264,True,True,True,True,True,True,False
720575940624679463,flow,efferent,871,400,0.25,0.02,0.05,0.15040183696900114,0.22502870264064295,0.20436280137772675,0.0539609644087256,0.24225028702640644,0.11940298507462686,0.004592422502870264,True,False,True,False,False,True,False
720575940624679463,flow,efferent,871,400,0.25,0.02,0.1,0.15040183696900114,0.22502870264064295,0.20436280137772675,0.0539609644087256,0.24225028702640644,0.11940298507462686,0.004592422502870264,False,False,False,False,False,False,False
720575940624679463,flow,efferent,871,400,0.25,0.01,0.01,0.15040183696900114,0.22502870264064295,0.20436280137772675,0.0539609644087256,0.24225028702640644,0.11940298507462686,0.004592422502870264,True,True,True,True,True,True,False
720575940624679463,flow,efferent,871,400,0.25,0.01,0.05,0.15040183696900114,0.22502870264064295,0.20436280137772675,0.0539609644087256,0.24225028702640644,0.11940298507462686,0.004592422502870264,False,False,True,False,False,True,False
720575940624679463,flow,efferent,871,400,0.25,0.01,0.1,0.15040183696900114,0.22502870264064295,0.20436280137772675,0.0539609644087256,0.24225028702640644,0.11940298507462686,0.004592422502870264,False,False,False,False,False,False,False
720575940614342038,flow,efferent,4070,400,0.25,0.14285714285714285,0.01,0.05307125307125307,0.12063882063882064,0.03660933660933661,0.08624078624078624,0.31425061425061424,0.38796068796068794,0.0012285012285012285,True,True,True,True,True,True,False
720575940614342038,flow,efferent,4070,400,0.25,0.14285714285714285,0.05,0.05307125307125307,0.12063882063882064,0.03660933660933661,0.08624078624078624,0.31425061425061424,0.38796068796068794,0.0012285012285012285,False,True,False,True,True,True,False
720575940614342038,flow,efferent,4070,400,0.25,0.14285714285714285,0.1,0.05307125307125307,0.12063882063882064,0.03660933660933661,0.08624078624078624,0.31425061425061424,0.38796068796068794,0.0012285012285012285,False,False,False,False,True,True,False
720575940614342038,flow,efferent,4070,400,0.25,0.04,0.01,0.05307125307125307,0.12063882063882064,0.03660933660933661,0.08624078624078624,0.31425061425061424,0.38796068796068794,0.0012285012285012285,True,True,False,True,True,True,False
720575940614342038,flow,efferent,4070,400,0.25,0.04,0.05,0.05307125307125307,0.12063882063882064,0.03660933660933661,0.08624078624078624,0.31425061425061424,0.38796068796068794,0.0012285012285012285,False,False,False,False,False,True,False
720575940614342038,flow,efferent,4070,400,0.25,0.04,0.1,0.05307125307125307,0.12063882063882064,0.03660933660933661,0.08624078624078624,0.31425061425061424,0.38796068796068794,0.0012285012285012285,False,False,False,False,False,False,False
720575940614342038,flow,efferent,4070,400,0.25,0.02,0.01,0.05307125307125307,0.12063882063882064,0.03660933660933661,0.08624078624078624,0.31425061425061424,0.38796068796068794,0.0012285012285012285,True,True,False,True,True,True,False
720575940614342038,flow,efferent,4070,400,0.25,0.02,0.05,0.05307125307125307,0.12063882063882064,0.03660933660933661,0.08624078624078624,0.31425061425061424,0.38796068796068794,0.0012285012285012285,False,False,False,False,False,False,False
720575940614342038,flow,efferent,4070,400,0.25,0.02,0.1,0.05307125307125307,0.12063882063882064,0.03660933660933661,0.08624078624078624,0.31425061425061424,0.38796068796068794,0.0012285012285012285,False,False,False,False,False,False,False
720575940614342038,flow,efferent,4070,400,0.25,0.01,0.01,0.05307125307125307,0.12063882063882064,0.03660933660933661,0.08624078624078624,0.31425061425061424,0.38796068796068794,0.0012285012285012285,True,True,False,True,True,True,False
720575940614342038,flow,efferent,4070,400,0.25,0.01,0.05,0.05307125307125307,0.12063882063882064,0.03660933660933661,0.08624078624078624,0.31425061425061424,0.38796068796068794,0.0012285012285012285,False,False,False,False,False,False,False
720575940614342038,flow,efferent,4070,400,0.25,0.01,0.1,0.05307125307125307,0.12063882063882064,0.03660933660933661,0.08624078624078624,0.31425061425061424,0.38796068796068794,0.0012285012285012285,False,False,False,False,False,False,False
720575940627827697,flow,efferent,2923,400,0.25,0.14285714285714285,0.01,0.4567225453301403,0.1837153609305508,0.21005815942524803,0.017447827574409852,0.08587068080738967,0.04447485460143688,0.0017105713308244953,True,True,True,False,True,True,False
720575940627827697,flow,efferent,2923,400,0.25,0.14285714285714285,0.05,0.4567225453301403,0.1837153609305508,0.21005815942524803,0.017447827574409852,0.08587068080738967,0.04447485460143688,0.0017105713308244953,True,True,True,False,False,False,False
720575940627827697,flow,efferent,2923,400,0.25,0.14285714285714285,0.1,0.4567225453301403,0.1837153609305508,0.21005815942524803,0.017447827574409852,0.08587068080738967,0.04447485460143688,0.0017105713308244953,True,False,True,False,False,False,False
720575940627827697,flow,efferent,2923,400,0.25,0.04,0.01,0.4567225453301403,0.1837153609305508,0.21005815942524803,0.017447827574409852,0.08587068080738967,0.04447485460143688,0.0017105713308244953,True,True,True,False,True,False,False
720575940627827697,flow,efferent,2923,400,0.25,0.04,0.05,0.4567225453301403,0.1837153609305508,0.21005815942524803,0.017447827574409852,0.08587068080738967,0.04447485460143688,0.0017105713308244953,True,False,True,False,False,False,False
720575940627827697,flow,efferent,2923,400,0.25,0.04,0.1,0.4567225453301403,0.1837153609305508,0.21005815942524803,0.017447827574409852,0.08587068080738967,0.04447485460143688,0.0017105713308244953,False,False,False,False,False,False,False
720575940627827697,flow,efferent,2923,400,0.25,0.02,0.01,0.4567225453301403,0.1837153609305508,0.21005815942524803,0.017447827574409852,0.08587068080738967,0.04447485460143688,0.0017105713308244953,True,True,True,False,True,False,False
720575940627827697,flow,efferent,2923,400,0.25,0.02,0.05,0.4567225453301403,0.1837153609305508,0.21005815942524803,0.017447827574409852,0.08587068080738967,0.04447485460143688,0.0017105713308244953,True,False,False,False,False,False,False
720575940627827697,flow,efferent,2923,400,0.25,0.02,0.1,0.4567225453301403,0.1837153609305508,0.21005815942524803,0.017447827574409852,0.08587068080738967,0.04447485460143688,0.0017105713308244953,False,False,False,False,False,False,False
720575940627827697,flow,efferent,2923,400,0.25,0.01,0.01,0.4567225453301403,0.1837153609305508,0.21005815942524803,0.017447827574409852,0.08587068080738967,0.04447485460143688,0.0017105713308244953,True,True,True,False,False,False,False
720575940627827697,flow,efferent,2923,400,0.25,0.01,0.05,0.4567225453301403,0.1837153609305508,0.21005815942524803,0.017447827574409852,0.08587068080738967,0.04447485460143688,0.0017105713308244953,False,False,False,False,False,False,False
720575940627827697,flow,efferent,2923,400,0.25,0.01,0.1,0.4567225453301403,0.1837153609305508,0.21005815942524803,0.017447827574409852,0.08587068080738967,0.04447485460143688,0.0017105713308244953,False,False,False,False,False,False,False
720575940618694827,flow,efferent,2045,400,0.25,0.14285714285714285,0.01,0.3501222493887531,0.015647921760391197,0.0034229828850855745,0.517359413202934,0.09828850855745722,0.015158924205378973,0.0,True,False,False,True,True,True,
720575940618694827,flow,efferent,2045,400,0.25,0.14285714285714285,0.05,0.3501222493887531,0.015647921760391197,0.0034229828850855745,0.517359413202934,0.09828850855745722,0.015158924205378973,0.0,True,False,False,True,True,False,
720575940618694827,flow,efferent,2045,400,0.25,0.14285714285714285,0.1,0.3501222493887531,0.015647921760391197,0.0034229828850855745,0.517359413202934,0.09828850855745722,0.015158924205378973,0.0,True,False,False,True,False,False,
720575940618694827,flow,efferent,2045,400,0.25,0.04,0.01,0.3501222493887531,0.015647921760391197,0.0034229828850855745,0.517359413202934,0.09828850855745722,0.015158924205378973,0.0,True,False,False,True,True,False,
720575940618694827,flow,efferent,2045,400,0.25,0.04,0.05,0.3501222493887531,0.015647921760391197,0.0034229828850855745,0.517359413202934,0.09828850855745722,0.015158924205378973,0.0,True,False,False,True,True,False,
720575940618694827,flow,efferent,2045,400,0.25,0.04,0.1,0.3501222493887531,0.015647921760391197,0.0034229828850855745,0.517359413202934,0.09828850855745722,0.015158924205378973,0.0,True,False,False,True,False,False,
720575940618694827,flow,efferent,2045,400,0.25,0.02,0.01,0.3501222493887531,0.015647921760391197,0.0034229828850855745,0.517359413202934,0.09828850855745722,0.015158924205378973,0.0,True,False,False,True,True,False,
720575940618694827,flow,efferent,2045,400,0.25,0.02,0.05,0.3501222493887531,0.015647921760391197,0.0034229828850855745,0.517359413202934,0.09828850855745722,0.015158924205378973,0.0,True,False,False,True,True,False,
720575940618694827,flow,efferent,2045,400,0.25,0.02,0.1,0.3501222493887531,0.015647921760391197,0.0034229828850855745,0.517359413202934,0.09828850855745722,0.015158924205378973,0.0,True,False,False,True,False,False,
720575940618694827,flow,efferent,2045,400,0.25,0.01,0.01,0.3501222493887531,0.015647921760391197,0.0034229828850855745,0.517359413202934,0.09828850855745722,0.015158924205378973,0.0,True,False,False,True,True,False,
720575940618694827,flow,efferent,2045,400,0.25,0.01,0.05,0.3501222493887531,0.015647921760391197,0.0034229828850855745,0.517359413202934,0.09828850855745722,0.015158924205378973,0.0,True,False,False,True,False,False,
720575940618694827,flow,efferent,2045,400,0.25,0.01,0.1,0.3501222493887531,0.015647921760391197,0.0034229828850855745,0.517359413202934,0.09828850855745722,0.015158924205378973,0.0,False,False,False,False,False,False,
720575940605287358,flow,efferent,1015,400,0.25,0.14285714285714285,0.01,0.5231527093596059,0.1399014778325123,0.03251231527093596,0.06600985221674877,0.2,0.0374384236453202,0.0009852216748768472,True,True,True,True,True,True,
720575940605287358,flow,efferent,1015,400,0.25,0.14285714285714285,0.05,0.5231527093596059,0.1399014778325123,0.03251231527093596,0.06600985221674877,0.2,0.0374384236453202,0.0009852216748768472,True,True,False,False,False,False,
720575940605287358,flow,efferent,1015,400,0.25,0.14285714285714285,0.1,0.5231527093596059,0.1399014778325123,0.03251231527093596,0.06600985221674877,0.2,0.0374384236453202,0.0009852216748768472,True,False,False,False,False,False,
720575940605287358,flow,efferent,1015,400,0.25,0.04,0.01,0.5231527093596059,0.1399014778325123,0.03251231527093596,0.06600985221674877,0.2,0.0374384236453202,0.0009852216748768472,True,True,True,True,True,True,
720575940605287358,flow,efferent,1015,400,0.25,0.04,0.05,0.5231527093596059,0.1399014778325123,0.03251231527093596,0.06600985221674877,0.2,0.0374384236453202,0.0009852216748768472,True,False,False,False,False,False,
720575940605287358,flow,efferent,1015,400,0.25,0.04,0.1,0.5231527093596059,0.1399014778325123,0.03251231527093596,0.06600985221674877,0.2,0.0374384236453202,0.0009852216748768472,True,False,False,False,False,False,
720575940605287358,flow,efferent,1015,400,0.25,0.02,0.01,0.5231527093596059,0.1399014778325123,0.03251231527093596,0.06600985221674877,0.2,0.0374384236453202,0.0009852216748768472,True,True,True,True,True,True,
720575940605287358,flow,efferent,1015,400,0.25,0.02,0.05,0.5231527093596059,0.1399014778325123,0.03251231527093596,0.06600985221674877,0.2,0.0374384236453202,0.0009852216748768472,True,False,False,False,False,False,
720575940605287358,flow,efferent,1015,400,0.25,0.02,0.1,0.5231527093596059,0.1399014778325123,0.03251231527093596,0.06600985221674877,0.2,0.0374384236453202,0.0009852216748768472,True,False,False,False,False,False,
720575940605287358,flow,efferent,1015,400,0.25,0.01,0.01,0.5231527093596059,0.1399014778325123,0.03251231527093596,0.06600985221674877,0.2,0.0374384236453202,0.0009852216748768472,True,True,False,False,True,True,
720575940605287358,flow,efferent,1015,400,0.25,0.01,0.05,0.5231527093596059,0.1399014778325123,0.03251231527093596,0.06600985221674877,0.2,0.0374384236453202,0.0009852216748768472,True,False,False,False,False,False,
720575940605287358,flow,efferent,1015,400,0.25,0.01,0.1,0.5231527093596059,0.1399014778325123,0.03251231527093596,0.06600985221674877,0.2,0.0374384236453202,0.0009852216748768472,True,False,False,False,False,False,
720575940623164685,flow,efferent,5649,400,0.25,0.14285714285714285,0.01,0.050274384846875554,0.8251017879270668,0.012745618693574084,0.010267303947601345,0.059833598867056116,0.04106921579040538,0.0007080899274207824,True,True,False,False,True,True,False
720575940623164685,flow,efferent,5649,400,0.25,0.14285714285714285,0.05,0.050274384846875554,0.8251017879270668,0.012745618693574084,0.010267303947601345,0.059833598867056116,0.04106921579040538,0.0007080899274207824,False,True,False,False,False,False,False
720575940623164685,flow,efferent,5649,400,0.25,0.14285714285714285,0.1,0.050274384846875554,0.8251017879270668,0.012745618693574084,0.010267303947601345,0.059833598867056116,0.04106921579040538,0.0007080899274207824,False,True,False,False,False,False,False
720575940623164685,flow,efferent,5649,400,0.25,0.04,0.01,0.050274384846875554,0.8251017879270668,0.012745618693574084,0.010267303947601345,0.059833598867056116,0.04106921579040538,0.0007080899274207824,True,True,False,False,True,False,False
720575940623164685,flow,efferent,5649,400,0.25,0.04,0.05,0.050274384846875554,0.8251017879270668,0.012745618693574084,0.010267303947601345,0.059833598867056116,0.04106921579040538,0.0007080899274207824,False,True,False,False,False,False,False
720575940623164685,flow,efferent,5649,400,0.25,0.04,0.1,0.050274384846875554,0.8251017879270668,0.012745618693574084,0.010267303947601345,0.059833598867056116,0.04106921579040538,0.0007080899274207824,False,True,False,False,False,False,False
720575940623164685,flow,efferent,5649,400,0.25,0.02,0.01,0.050274384846875554,0.8251017879270668,0.012745618693574084,0.010267303947601345,0.059833598867056116,0.04106921579040538,0.0007080899274207824,True,True,False,False,False,False,False
720575940623164685,flow,efferent,5649,400,0.25,0.02,0.05,0.050274384846875554,0.8251017879270668,0.012745618693574084,0.010267303947601345,0.059833598867056116,0.04106921579040538,0.0007080899274207824,False,True,False,False,False,False,False
720575940623164685,flow,efferent,5649,400,0.25,0.02,0.1,0.050274384846875554,0.8251017879270668,0.012745618693574084,0.010267303947601345,0.059833598867056116,0.04106921579040538,0.0007080899274207824,False,False,False,False,False,False,False
720575940623164685,flow,efferent,5649,400,0.25,0.01,0.01,0.050274384846875554,0.8251017879270668,0.012745618693574084,0.010267303947601345,0.059833598867056116,0.04106921579040538,0.0007080899274207824,True,True,False,False,False,False,False
720575940623164685,flow,efferent,5649,400,0.25,0.01,0.05,0.050274384846875554,0.8251017879270668,0.012745618693574084,0.010267303947601345,0.059833598867056116,0.04106921579040538,0.0007080899274207824,False,False,False,False,False,False,False
720575940623164685,flow,efferent,5649,400,0.25,0.01,0.1,0.050274384846875554,0.8251017879270668,0.012745618693574084,0.010267303947601345,0.059833598867056116,0.04106921579040538,0.0007080899274207824,False,False,False,False,False,False,False
720575940623925173,flow,efferent,4438,400,0.25,0.14285714285714285,0.01,0.43397926994141506,0.25957638575935105,0.10838215412347904,0.012392969806219017,0.07458314556106355,0.11063542136097342,0.0004506534474988734,True,True,True,False,True,True,False
720575940623925173,flow,efferent,4438,400,0.25,0.14285714285714285,0.05,0.43397926994141506,0.25957638575935105,0.10838215412347904,0.012392969806219017,0.07458314556106355,0.11063542136097342,0.0004506534474988734,True,True,True,False,True,True,False
720575940623925173,flow,efferent,4438,400,0.25,0.14285714285714285,0.1,0.43397926994141506,0.25957638575935105,0.10838215412347904,0.012392969806219017,0.07458314556106355,0.11063542136097342,0.0004506534474988734,True,True,False,False,False,False,False
720575940623925173,flow,efferent,4438,400,0.25,0.04,0.01,0.43397926994141506,0.25957638575935105,0.10838215412347904,0.012392969806219017,0.07458314556106355,0.11063542136097342,0.0004506534474988734,True,True,True,False,True,True,False
720575940623925173,flow,efferent,4438,400,0.25,0.04,0.05,0.43397926994141506,0.25957638575935105,0.10838215412347904,0.012392969806219017,0.07458314556106355,0.11063542136097342,0.0004506534474988734,True,True,False,False,False,False,False
720575940623925173,flow,efferent,4438,400,0.25,0.04,0.1,0.43397926994141506,0.25957638575935105,0.10838215412347904,0.012392969806219017,0.07458314556106355,0.11063542136097342,0.0004506534474988734,False,False,False,False,False,False,False
720575940623925173,flow,efferent,4438,400,0.25,0.02,0.01,0.43397926994141506,0.25957638575935105,0.10838215412347904,0.012392969806219017,0.07458314556106355,0.11063542136097342,0.0004506534474988734,True,True,True,False,True,True,False
720575940623925173,flow,efferent,4438,400,0.25,0.02,0.05,0.43397926994141506,0.25957638575935105,0.10838215412347904,0.012392969806219017,0.07458314556106355,0.11063542136097342,0.0004506534474988734,True,False,False,False,False,False,False
720575940623925173,flow,efferent,4438,400,0.25,0.02,0.1,0.43397926994141506,0.25957638575935105,0.10838215412347904,0.012392969806219017,0.07458314556106355,0.11063542136097342,0.0004506534474988734,False,False,False,False,False,False,False
720575940623925173,flow,efferent,4438,400,0.25,0.01,0.01,0.43397926994141506,0.25957638575935105,0.10838215412347904,0.012392969806219017,0.07458314556106355,0.11063542136097342,0.0004506534474988734,True,True,False,False,False,True,False
720575940623925173,flow,efferent,4438,400,0.25,0.01,0.05,0.43397926994141506,0.25957638575935105,0.10838215412347904,0.012392969806219017,0.07458314556106355,0.11063542136097342,0.0004506534474988734,False,False,False,False,False,False,False
720575940623925173,flow,efferent,4438,400,0.25,0.01,0.1,0.43397926994141506,0.25957638575935105,0.10838215412347904,0.012392969806219017,0.07458314556106355,0.11063542136097342,0.0004506534474988734,False,False,False,False,False,False,False
720575940627107721,flow,efferent,9547,400,0.25,0.14285714285714285,0.01,0.0472399706714151,0.8074787891484236,0.03383261757620195,0.016444956530847387,0.07080758353409448,0.02377710275479208,0.0004189797842254111,True,True,True,True,True,True,False
720575940627107721,flow,efferent,9547,400,0.25,0.14285714285714285,0.05,0.0472399706714151,0.8074787891484236,0.03383261757620195,0.016444956530847387,0.07080758353409448,0.02377710275479208,0.0004189797842254111,False,True,False,False,False,False,False
720575940627107721,flow,efferent,9547,400,0.25,0.14285714285714285,0.1,0.0472399706714151,0.8074787891484236,0.03383261757620195,0.016444956530847387,0.07080758353409448,0.02377710275479208,0.0004189797842254111,False,True,False,False,False,False,False
720575940627107721,flow,efferent,9547,400,0.25,0.04,0.01,0.0472399706714151,0.8074787891484236,0.03383261757620195,0.016444956530847387,0.07080758353409448,0.02377710275479208,0.0004189797842254111,True,True,False,False,True,False,False
720575940627107721,flow,efferent,9547,400,0.25,0.04,0.05,0.0472399706714151,0.8074787891484236,0.03383261757620195,0.016444956530847387,0.07080758353409448,0.02377710275479208,0.0004189797842254111,False,True,False,False,False,False,False
720575940627107721,flow,efferent,9547,400,0.25,0.04,0.1,0.0472399706714151,0.8074787891484236,0.03383261757620195,0.016444956530847387,0.07080758353409448,0.02377710275479208,0.0004189797842254111,False,False,False,False,False,False,False
720575940627107721,flow,efferent,9547,400,0.25,0.02,0.01,0.0472399706714151,0.8074787891484236,0.03383261757620195,0.016444956530847387,0.07080758353409448,0.02377710275479208,0.0004189797842254111,True,True,False,False,False,False,False
720575940627107721,flow,efferent,9547,400,0.25,0.02,0.05,0.0472399706714151,0.8074787891484236,0.03383261757620195,0.016444956530847387,0.07080758353409448,0.02377710275479208,0.0004189797842254111,False,True,False,False,False,False,False
720575940627107721,flow,efferent,9547,400,0.25,0.02,0.1,0.0472399706714151,0.8074787891484236,0.03383261757620195,0.016444956530847387,0.07080758353409448,0.02377710275479208,0.0004189797842254111,False,False,False,False,False,False,False
720575940627107721,flow,efferent,9547,400,0.25,0.01,0.01,0.0472399706714151,0.8074787891484236,0.03383261757620195,0.016444956530847387,0.07080758353409448,0.02377710275479208,0.0004189797842254111,True,True,False,False,False,False,False
720575940627107721,flow,efferent,9547,400,0.25,0.01,0.05,0.0472399706714151,0.8074787891484236,0.03383261757620195,0.016444956530847387,0.07080758353409448,0.02377710275479208,0.0004189797842254111,False,False,False,False,False,False,False
720575940627107721,flow,efferent,9547,400,0.25,0.01,0.1,0.0472399706714151,0.8074787891484236,0.03383261757620195,0.016444956530847387,0.07080758353409448,0.02377710275479208,0.0004189797842254111,False,False,False,False,False,False,False
720575940631520312,flow,efferent,12508,400,0.25,0.14285714285714285,0.01,0.014630636392708667,0.8849536296770067,0.0498081228014071,0.0031979533098816758,0.02078669651423089,0.025903421810041575,0.000719539494723377,False,True,True,False,False,False,False
720575940631520312,flow,efferent,12508,400,0.25,0.14285714285714285,0.05,0.014630636392708667,0.8849536296770067,0.0498081228014071,0.0031979533098816758,0.02078669651423089,0.025903421810041575,0.000719539494723377,False,True,False,False,False,False,False
720575940631520312,flow,efferent,12508,400,0.25,0.14285714285714285,0.1,0.014630636392708667,0.8849536296770067,0.0498081228014071,0.0031979533098816758,0.02078669651423089,0.025903421810041575,0.000719539494723377,False,True,False,False,False,False,False
720575940631520312,flow,efferent,12508,400,0.25,0.04,0.01,0.014630636392708667,0.8849536296770067,0.0498081228014071,0.0031979533098816758,0.02078669651423089,0.025903421810041575,0.000719539494723377,False,True,True,False,False,False,False
720575940631520312,flow,efferent,12508,400,0.25,0.04,0.05,0.014630636392708667,0.8849536296770067,0.0498081228014071,0.0031979533098816758,0.02078669651423089,0.025903421810041575,0.000719539494723377,False,True,False,False,False,False,False
720575940631520312,flow,efferent,12508,400,0.25,0.04,0.1,0.014630636392708667,0.8849536296770067,0.0498081228014071,0.0031979533098816758,0.02078669651423089,0.025903421810041575,0.000719539494723377,False,True,False,False,False,False,False
720575940631520312,flow,efferent,12508,400,0.25,0.02,0.01,0.014630636392708667,0.8849536296770067,0.0498081228014071,0.0031979533098816758,0.02078669651423089,0.025903421810041575,0.000719539494723377,False,True,True,False,False,False,False
720575940631520312,flow,efferent,12508,400,0.25,0.02,0.05,0.014630636392708667,0.8849536296770067,0.0498081228014071,0.0031979533098816758,0.02078669651423089,0.025903421810041575,0.000719539494723377,False,True,False,False,False,False,False
720575940631520312,flow,efferent,12508,400,0.25,0.02,0.1,0.014630636392708667,0.8849536296770067,0.0498081228014071,0.0031979533098816758,0.02078669651423089,0.025903421810041575,0.000719539494723377,False,False,False,False,False,False,False
720575940631520312,flow,efferent,12508,400,0.25,0.01,0.01,0.014630636392708667,0.8849536296770067,0.0498081228014071,0.0031979533098816758,0.02078669651423089,0.025903421810041575,0.000719539494723377,False,True,False,False,False,False,False
720575940631520312,flow,efferent,12508,400,0.25,0.01,0.05,0.014630636392708667,0.8849536296770067,0.0498081228014071,0.0031979533098816758,0.02078669651423089,0.025903421810041575,0.000719539494723377,False,True,False,False,False,False,False
720575940631520312,flow,efferent,12508,400,0.25,0.01,0.1,0.014630636392708667,0.8849536296770067,0.0498081228014071,0.0031979533098816758,0.02078669651423089,0.025903421810041575,0.000719539494723377,False,False,False,False,False,False,False
720575940614089726,flow,efferent,1912,400,0.25,0.14285714285714285,0.01,0.045502092050209206,0.6851464435146444,0.06799163179916318,0.015690376569037656,0.07322175732217573,0.10774058577405858,0.004707112970711297,True,True,True,False,True,True,False
720575940614089726,flow,efferent,1912,400,0.25,0.14285714285714285,0.05,0.045502092050209206,0.6851464435146444,0.06799163179916318,0.015690376569037656,0.07322175732217573,0.10774058577405858,0.004707112970711297,False,True,False,False,False,False,False
720575940614089726,flow,efferent,1912,400,0.25,0.14285714285714285,0.1,0.045502092050209206,0.6851464435146444,0.06799163179916318,0.015690376569037656,0.07322175732217573,0.10774058577405858,0.004707112970711297,False,True,False,False,False,False,False
720575940614089726,flow,efferent,1912,400,0.25,0.04,0.01,0.045502092050209206,0.6851464435146444,0.06799163179916318,0.015690376569037656,0.07322175732217573,0.10774058577405858,0.004707112970711297,True,True,False,False,True,True,False
720575940614089726,flow,efferent,1912,400,0.25,0.04,0.05,0.045502092050209206,0.6851464435146444,0.06799163179916318,0.015690376569037656,0.07322175732217573,0.10774058577405858,0.004707112970711297,False,True,False,False,False,False,False
720575940614089726,flow,efferent,1912,400,0.25,0.04,0.1,0.045502092050209206,0.6851464435146444,0.06799163179916318,0.015690376569037656,0.07322175732217573,0.10774058577405858,0.004707112970711297,False,False,False,False,False,False,False
720575940614089726,flow,efferent,1912,400,0.25,0.02,0.01,0.045502092050209206,0.6851464435146444,0.06799163179916318,0.015690376569037656,0.07322175732217573,0.10774058577405858,0.004707112970711297,True,True,False,False,False,True,False
720575940614089726,flow,efferent,1912,400,0.25,0.02,0.05,0.045502092050209206,0.6851464435146444,0.06799163179916318,0.015690376569037656,0.07322175732217573,0.10774058577405858,0.004707112970711297,False,True,False,False,False,False,False
720575940614089726,flow,efferent,1912,400,0.25,0.02,0.1,0.045502092050209206,0.6851464435146444,0.06799163179916318,0.015690376569037656,0.07322175732217573,0.10774058577405858,0.004707112970711297,False,False,False,False,False,False,False
720575940614089726,flow,efferent,1912,400,0.25,0.01,0.01,0.045502092050209206,0.6851464435146444,0.06799163179916318,0.015690376569037656,0.07322175732217573,0.10774058577405858,0.004707112970711297,True,True,False,False,False,True,False
720575940614089726,flow,efferent,1912,400,0.25,0.01,0.05,0.045502092050209206,0.6851464435146444,0.06799163179916318,0.015690376569037656,0.07322175732217573,0.10774058577405858,0.004707112970711297,False,False,False,False,False,False,False
720575940614089726,flow,efferent,1912,400,0.25,0.01,0.1,0.045502092050209206,0.6851464435146444,0.06799163179916318,0.015690376569037656,0.07322175732217573,0.10774058577405858,0.004707112970711297,False,False,False,False,False,False,False
720575940611782874,flow,efferent,4701,400,0.25,0.14285714285714285,0.01,0.30121250797702614,0.12316528398213146,0.4107636673048288,0.006381620931716656,0.08934269304403318,0.06892150606253988,0.00021272069772388852,True,True,True,False,True,True,
720575940611782874,flow,efferent,4701,400,0.25,0.14285714285714285,0.05,0.30121250797702614,0.12316528398213146,0.4107636673048288,0.006381620931716656,0.08934269304403318,0.06892150606253988,0.00021272069772388852,True,True,True,False,False,False,
720575940611782874,flow,efferent,4701,400,0.25,0.14285714285714285,0.1,0.30121250797702614,0.12316528398213146,0.4107636673048288,0.006381620931716656,0.08934269304403318,0.06892150606253988,0.00021272069772388852,True,False,True,False,False,False,
720575940611782874,flow,efferent,4701,400,0.25,0.04,0.01,0.30121250797702614,0.12316528398213146,0.4107636673048288,0.006381620931716656,0.08934269304403318,0.06892150606253988,0.00021272069772388852,True,True,True,False,True,True,
720575940611782874,flow,efferent,4701,400,0.25,0.04,0.05,0.30121250797702614,0.12316528398213146,0.4107636673048288,0.006381620931716656,0.08934269304403318,0.06892150606253988,0.00021272069772388852,True,False,True,False,False,False,
720575940611782874,flow,efferent,4701,400,0.25,0.04,0.1,0.30121250797702614,0.12316528398213146,0.4107636673048288,0.006381620931716656,0.08934269304403318,0.06892150606253988,0.00021272069772388852,False,False,False,False,False,False,
720575940611782874,flow,efferent,4701,400,0.25,0.02,0.01,0.30121250797702614,0.12316528398213146,0.4107636673048288,0.006381620931716656,0.08934269304403318,0.06892150606253988,0.00021272069772388852,True,True,True,False,True,False,
720575940611782874,flow,efferent,4701,400,0.25,0.02,0.05,0.30121250797702614,0.12316528398213146,0.4107636673048288,0.006381620931716656,0.08934269304403318,0.06892150606253988,0.00021272069772388852,False,False,False,False,False,False,
720575940611782874,flow,efferent,4701,400,0.25,0.02,0.1,0.30121250797702614,0.12316528398213146,0.4107636673048288,0.006381620931716656,0.08934269304403318,0.06892150606253988,0.00021272069772388852,False,False,False,False,False,False,
720575940611782874,flow,efferent,4701,400,0.25,0.01,0.01,0.30121250797702614,0.12316528398213146,0.4107636673048288,0.006381620931716656,0.08934269304403318,0.06892150606253988,0.00021272069772388852,True,False,True,False,False,False,
720575940611782874,flow,efferent,4701,400,0.25,0.01,0.05,0.30121250797702614,0.12316528398213146,0.4107636673048288,0.006381620931716656,0.08934269304403318,0.06892150606253988,0.00021272069772388852,False,False,False,False,False,False,
720575940611782874,flow,efferent,4701,400,0.25,0.01,0.1,0.30121250797702614,0.12316528398213146,0.4107636673048288,0.006381620931716656,0.08934269304403318,0.06892150606253988,0.00021272069772388852,False,False,False,False,False,False,
720575940615500030,flow,efferent,1361,400,0.25,0.14285714285714285,0.01,0.2387950036737693,0.1778104335047759,0.0881704628949302,0.19250551065393093,0.2887582659808964,0.013960323291697281,0.0,True,True,True,True,True,False,
720575940615500030,flow,efferent,1361,400,0.25,0.14285714285714285,0.05,0.2387950036737693,0.1778104335047759,0.0881704628949302,0.19250551065393093,0.2887582659808964,0.013960323291697281,0.0,True,False,False,True,True,False,
720575940615500030,flow,efferent,1361,400,0.25,0.14285714285714285,0.1,0.2387950036737693,0.1778104335047759,0.0881704628949302,0.19250551065393093,0.2887582659808964,0.013960323291697281,0.0,True,False,False,True,True,False,
720575940615500030,flow,efferent,1361,400,0.25,0.04,0.01,0.2387950036737693,0.1778104335047759,0.0881704628949302,0.19250551065393093,0.2887582659808964,0.013960323291697281,0.0,True,True,True,True,True,False,
720575940615500030,flow,efferent,1361,400,0.25,0.04,0.05,0.2387950036737693,0.1778104335047759,0.0881704628949302,0.19250551065393093,0.2887582659808964,0.013960323291697281,0.0,True,False,False,True,True,False,
720575940615500030,flow,efferent,1361,400,0.25,0.04,0.1,0.2387950036737693,0.1778104335047759,0.0881704628949302,0.19250551065393093,0.2887582659808964,0.013960323291697281,0.0,True,False,False,False,False,False,
720575940615500030,flow,efferent,1361,400,0.25,0.02,0.01,0.2387950036737693,0.1778104335047759,0.0881704628949302,0.19250551065393093,0.2887582659808964,0.013960323291697281,0.0,True,True,True,True,True,False,
720575940615500030,flow,efferent,1361,400,0.25,0.02,0.05,0.2387950036737693,0.1778104335047759,0.0881704628949302,0.19250551065393093,0.2887582659808964,0.013960323291697281,0.0,True,False,False,True,True,False,
720575940615500030,flow,efferent,1361,400,0.25,0.02,0.1,0.2387950036737693,0.1778104335047759,0.0881704628949302,0.19250551065393093,0.2887582659808964,0.013960323291697281,0.0,True,False,False,False,False,False,
720575940615500030,flow,efferent,1361,400,0.25,0.01,0.01,0.2387950036737693,0.1778104335047759,0.0881704628949302,0.19250551065393093,0.2887582659808964,0.013960323291697281,0.0,True,True,True,True,True,False,
720575940615500030,flow,efferent,1361,400,0.25,0.01,0.05,0.2387950036737693,0.1778104335047759,0.0881704628949302,0.19250551065393093,0.2887582659808964,0.013960323291697281,0.0,True,False,False,True,False,False,
720575940615500030,flow,efferent,1361,400,0.25,0.01,0.1,0.2387950036737693,0.1778104335047759,0.0881704628949302,0.19250551065393093,0.2887582659808964,0.013960323291697281,0.0,True,False,False,False,False,False,
720575940623390246,flow,efferent,802,400,0.25,0.14285714285714285,0.01,0.11596009975062344,0.2805486284289277,0.16708229426433915,0.13466334164588528,0.24189526184538654,0.057356608478802994,0.0024937655860349127,True,True,True,True,True,True,False
720575940623390246,flow,efferent,802,400,0.25,0.14285714285714285,0.05,0.11596009975062344,0.2805486284289277,0.16708229426433915,0.13466334164588528,0.24189526184538654,0.057356608478802994,0.0024937655860349127,True,True,True,True,True,False,False
720575940623390246,flow,efferent,802,400,0.25,0.14285714285714285,0.1,0.11596009975062344,0.2805486284289277,0.16708229426433915,0.13466334164588528,0.24189526184538654,0.057356608478802994,0.0024937655860349127,False,True,False,False,False,False,False
720575940623390246,flow,efferent,802,400,0.25,0.04,0.01,0.11596009975062344,0.2805486284289277,0.16708229426433915,0.13466334164588528,0.24189526184538654,0.057356608478802994,0.0024937655860349127,True,True,True,True,True,True,False
720575940623390246,flow,efferent,802,400,0.25,0.04,0.05,0.11596009975062344,0.2805486284289277,0.16708229426433915,0.13466334164588528,0.24189526184538654,0.057356608478802994,0.0024937655860349127,True,True,False,False,False,False,False
720575940623390246,flow,efferent,802,400,0.25,0.04,0.1,0.11596009975062344,0.2805486284289277,0.16708229426433915,0.13466334164588528,0.24189526184538654,0.057356608478802994,0.0024937655860349127,False,False,False,False,False,False,False
720575940623390246,flow,efferent,802,400,0.25,0.02,0.01,0.11596009975062344,0.2805486284289277,0.16708229426433915,0.13466334164588528,0.24189526184538654,0.057356608478802994,0.0024937655860349127,True,True,True,True,True,True,False
720575940623390246,flow,efferent,802,400,0.25,0.02,0.05,0.11596009975062344,0.2805486284289277,0.16708229426433915,0.13466334164588528,0.24189526184538654,0.057356608478802994,0.0024937655860349127,True,False,False,False,False,False,False
720575940623390246,flow,efferent,802,400,0.25,0.02,0.1,0.11596009975062344,0.2805486284289277,0.16708229426433915,0.13466334164588528,0.24189526184538654,0.057356608478802994,0.0024937655860349127,False,False,False,False,False,False,False
720575940623390246,flow,efferent,802,400,0.25,0.01,0.01,0.11596009975062344,0.2805486284289277,0.16708229426433915,0.13466334164588528,0.24189526184538654,0.057356608478802994,0.0024937655860349127,True,True,False,True,True,True,False
720575940623390246,flow,efferent,802,400,0.25,0.01,0.05,0.11596009975062344,0.2805486284289277,0.16708229426433915,0.13466334164588528,0.24189526184538654,0.057356608478802994,0.0024937655860349127,True,False,False,False,False,False,False
720575940623390246,flow,efferent,802,400,0.25,0.01,0.1,0.11596009975062344,0.2805486284289277,0.16708229426433915,0.13466334164588528,0.24189526184538654,0.057356608478802994,0.0024937655860349127,False,False,False,False,False,False,False
720575940644542880,flow,efferent,734,400,0.25,0.14285714285714285,0.01,0.10217983651226158,0.26021798365122617,0.20027247956403268,0.1539509536784741,0.17983651226158037,0.09809264305177112,0.005449591280653951,True,True,True,True,True,True,False
720575940644542880,flow,efferent,734,400,0.25,0.14285714285714285,0.05,0.10217983651226158,0.26021798365122617,0.20027247956403268,0.1539509536784741,0.17983651226158037,0.09809264305177112,0.005449591280653951,True,True,True,True,True,True,False
720575940644542880,flow,efferent,734,400,0.25,0.14285714285714285,0.1,0.10217983651226158,0.26021798365122617,0.20027247956403268,0.1539509536784741,0.17983651226158037,0.09809264305177112,0.005449591280653951,False,True,True,True,False,False,False
720575940644542880,flow,efferent,734,400,0.25,0.04,0.01,0.10217983651226158,0.26021798365122617,0.20027247956403268,0.1539509536784741,0.17983651226158037,0.09809264305177112,0.005449591280653951,True,True,True,True,True,True,False
720575940644542880,flow,efferent,734,400,0.25,0.04,0.05,0.10217983651226158,0.26021798365122617,0.20027247956403268,0.1539509536784741,0.17983651226158037,0.09809264305177112,0.005449591280653951,True,False,False,True,False,True,False
720575940644542880,flow,efferent,734,400,0.25,0.04,0.1,0.10217983651226158,0.26021798365122617,0.20027247956403268,0.1539509536784741,0.17983651226158037,0.09809264305177112,0.005449591280653951,False,False,False,False,False,False,False
720575940644542880,flow,efferent,734,400,0.25,0.02,0.01,0.10217983651226158,0.26021798365122617,0.20027247956403268,0.1539509536784741,0.17983651226158037,0.09809264305177112,0.005449591280653951,True,True,True,True,True,True,False
720575940644542880,flow,efferent,734,400,0.25,0.02,0.05,0.10217983651226158,0.26021798365122617,0.20027247956403268,0.1539509536784741,0.17983651226158037,0.09809264305177112,0.005449591280653951,True,False,False,False,False,True,False
720575940644542880,flow,efferent,734,400,0.25,0.02,0.1,0.10217983651226158,0.26021798365122617,0.20027247956403268,0.1539509536784741,0.17983651226158037,0.09809264305177112,0.005449591280653951,False,False,False,False,False,False,False
720575940644542880,flow,efferent,734,400,0.25,0.01,0.01,0.10217983651226158,0.26021798365122617,0.20027247956403268,0.1539509536784741,0.17983651226158037,0.09809264305177112,0.005449591280653951,True,True,True,True,True,True,False
720575940644542880,flow,efferent,734,400,0.25,0.01,0.05,0.10217983651226158,0.26021798365122617,0.20027247956403268,0.1539509536784741,0.17983651226158037,0.09809264305177112,0.005449591280653951,False,False,False,False,False,True,False
720575940644542880,flow,efferent,734,400,0.25,0.01,0.1,0.10217983651226158,0.26021798365122617,0.20027247956403268,0.1539509536784741,0.17983651226158037,0.09809264305177112,0.005449591280653951,False,False,False,False,False,False,False
720575940645528430,flow,efferent,736,400,0.25,0.14285714285714285,0.01,0.13451086956521738,0.28396739130434784,0.15353260869565216,0.11005434782608696,0.25,0.059782608695652176,0.008152173913043478,True,True,True,True,True,True,False
720575940645528430,flow,efferent,736,400,0.25,0.14285714285714285,0.05,0.13451086956521738,0.28396739130434784,0.15353260869565216,0.11005434782608696,0.25,0.059782608695652176,0.008152173913043478,True,True,True,True,True,False,False
720575940645528430,flow,efferent,736,400,0.25,0.14285714285714285,0.1,0.13451086956521738,0.28396739130434784,0.15353260869565216,0.11005434782608696,0.25,0.059782608695652176,0.008152173913043478,False,True,True,False,True,False,False
720575940645528430,flow,efferent,736,400,0.25,0.04,0.01,0.13451086956521738,0.28396739130434784,0.15353260869565216,0.11005434782608696,0.25,0.059782608695652176,0.008152173913043478,True,True,True,True,True,True,False
720575940645528430,flow,efferent,736,400,0.25,0.04,0.05,0.13451086956521738,0.28396739130434784,0.15353260869565216,0.11005434782608696,0.25,0.059782608695652176,0.008152173913043478,False,False,False,True,False,False,False
720575940645528430,flow,efferent,736,400,0.25,0.04,0.1,0.13451086956521738,0.28396739130434784,0.15353260869565216,0.11005434782608696,0.25,0.059782608695652176,0.008152173913043478,False,False,False,False,False,False,False
720575940645528430,flow,efferent,736,400,0.25,0.02,0.01,0.13451086956521738,0.28396739130434784,0.15353260869565216,0.11005434782608696,0.25,0.059782608695652176,0.008152173913043478,True,True,True,True,True,True,False
720575940645528430,flow,efferent,736,400,0.25,0.02,0.05,0.13451086956521738,0.28396739130434784,0.15353260869565216,0.11005434782608696,0.25,0.059782608695652176,0.008152173913043478,False,False,False,True,False,False,False
720575940645528430,flow,efferent,736,400,0.25,0.02,0.1,0.13451086956521738,0.28396739130434784,0.15353260869565216,0.11005434782608696,0.25,0.059782608695652176,0.008152173913043478,False,False,False,False,False,False,False
720575940645528430,flow,efferent,736,400,0.25,0.01,0.01,0.13451086956521738,0.28396739130434784,0.15353260869565216,0.11005434782608696,0.25,0.059782608695652176,0.008152173913043478,True,True,True,True,True,True,False
720575940645528430,flow,efferent,736,400,0.25,0.01,0.05,0.13451086956521738,0.28396739130434784,0.15353260869565216,0.11005434782608696,0.25,0.059782608695652176,0.008152173913043478,False,False,False,False,False,False,False
720575940645528430,flow,efferent,736,400,0.25,0.01,0.1,0.13451086956521738,0.28396739130434784,0.15353260869565216,0.11005434782608696,0.25,0.059782608695652176,0.008152173913043478,False,False,False,False,False,False,False
720575940622933765,flow,efferent,3880,400,0.25,0.14285714285714285,0.01,0.02654639175257732,0.8193298969072165,0.01443298969072165,0.01829896907216495,0.08737113402061855,0.03350515463917526,0.0005154639175257732,True,True,False,True,True,True,False
720575940622933765,flow,efferent,3880,400,0.25,0.14285714285714285,0.05,0.02654639175257732,0.8193298969072165,0.01443298969072165,0.01829896907216495,0.08737113402061855,0.03350515463917526,0.0005154639175257732,False,True,False,False,False,False,False
720575940622933765,flow,efferent,3880,400,0.25,0.14285714285714285,0.1,0.02654639175257732,0.8193298969072165,0.01443298969072165,0.01829896907216495,0.08737113402061855,0.03350515463917526,0.0005154639175257732,False,True,False,False,False,False,False
720575940622933765,flow,efferent,3880,400,0.25,0.04,0.01,0.02654639175257732,0.8193298969072165,0.01443298969072165,0.01829896907216495,0.08737113402061855,0.03350515463917526,0.0005154639175257732,True,True,False,False,True,False,False
720575940622933765,flow,efferent,3880,400,0.25,0.04,0.05,0.02654639175257732,0.8193298969072165,0.01443298969072165,0.01829896907216495,0.08737113402061855,0.03350515463917526,0.0005154639175257732,False,True,False,False,False,False,False
720575940622933765,flow,efferent,3880,400,0.25,0.04,0.1,0.02654639175257732,0.8193298969072165,0.01443298969072165,0.01829896907216495,0.08737113402061855,0.03350515463917526,0.0005154639175257732,False,True,False,False,False,False,False
720575940622933765,flow,efferent,3880,400,0.25,0.02,0.01,0.02654639175257732,0.8193298969072165,0.01443298969072165,0.01829896907216495,0.08737113402061855,0.03350515463917526,0.0005154639175257732,True,True,False,False,True,False,False
720575940622933765,flow,efferent,3880,400,0.25,0.02,0.05,0.02654639175257732,0.8193298969072165,0.01443298969072165,0.01829896907216495,0.08737113402061855,0.03350515463917526,0.0005154639175257732,False,True,False,False,False,False,False
720575940622933765,flow,efferent,3880,400,0.25,0.02,0.1,0.02654639175257732,0.8193298969072165,0.01443298969072165,0.01829896907216495,0.08737113402061855,0.03350515463917526,0.0005154639175257732,False,True,False,False,False,False,False
720575940622933765,flow,efferent,3880,400,0.25,0.01,0.01,0.02654639175257732,0.8193298969072165,0.01443298969072165,0.01829896907216495,0.08737113402061855,0.03350515463917526,0.0005154639175257732,True,True,False,False,True,False,False
720575940622933765,flow,efferent,3880,400,0.25,0.01,0.05,0.02654639175257732,0.8193298969072165,0.01443298969072165,0.01829896907216495,0.08737113402061855,0.03350515463917526,0.0005154639175257732,False,True,False,False,False,False,False
720575940622933765,flow,efferent,3880,400,0.25,0.01,0.1,0.02654639175257732,0.8193298969072165,0.01443298969072165,0.01829896907216495,0.08737113402061855,0.03350515463917526,0.0005154639175257732,False,False,False,False,False,False,False
720575940625047479,flow,efferent,1912,400,0.25,0.14285714285714285,0.01,0.09048117154811715,0.01307531380753138,0.01202928870292887,0.2186192468619247,0.5219665271966527,0.14330543933054393,0.0005230125523012552,True,False,False,True,True,True,
720575940625047479,flow,efferent,1912,400,0.25,0.14285714285714285,0.05,0.09048117154811715,0.01307531380753138,0.01202928870292887,0.2186192468619247,0.5219665271966527,0.14330543933054393,0.0005230125523012552,True,False,False,True,True,True,
720575940625047479,flow,efferent,1912,400,0.25,0.14285714285714285,0.1,0.09048117154811715,0.01307531380753138,0.01202928870292887,0.2186192468619247,0.5219665271966527,0.14330543933054393,0.0005230125523012552,False,False,False,True,True,False,
720575940625047479,flow,efferent,1912,400,0.25,0.04,0.01,0.09048117154811715,0.01307531380753138,0.01202928870292887,0.2186192468619247,0.5219665271966527,0.14330543933054393,0.0005230125523012552,True,False,False,True,True,True,
720575940625047479,flow,efferent,1912,400,0.25,0.04,0.05,0.09048117154811715,0.01307531380753138,0.01202928870292887,0.2186192468619247,0.5219665271966527,0.14330543933054393,0.0005230125523012552,True,False,False,True,True,True,
720575940625047479,flow,efferent,1912,400,0.25,0.04,0.1,0.09048117154811715,0.01307531380753138,0.01202928870292887,0.2186192468619247,0.5219665271966527,0.14330543933054393,0.0005230125523012552,False,False,False,False,False,False,
720575940625047479,flow,efferent,1912,400,0.25,0.02,0.01,0.09048117154811715,0.01307531380753138,0.01202928870292887,0.2186192468619247,0.5219665271966527,0.14330543933054393,0.0005230125523012552,True,False,False,True,True,True,
720575940625047479,flow,efferent,1912,400,0.25,0.02,0.05,0.09048117154811715,0.01307531380753138,0.01202928870292887,0.2186192468619247,0.5219665271966527,0.14330543933054393,0.0005230125523012552,True,False,False,False,True,True,
720575940625047479,flow,efferent,1912,400,0.25,0.02,0.1,0.09048117154811715,0.01307531380753138,0.01202928870292887,0.2186192468619247,0.5219665271966527,0.14330543933054393,0.0005230125523012552,False,False,False,False,False,False,
720575940625047479,flow,efferent,1912,400,0.25,0.01,0.01,0.09048117154811715,0.01307531380753138,0.01202928870292887,0.2186192468619247,0.5219665271966527,0.14330543933054393,0.0005230125523012552,True,False,False,True,True,True,
720575940625047479,flow,efferent,1912,400,0.25,0.01,0.05,0.09048117154811715,0.01307531380753138,0.01202928870292887,0.2186192468619247,0.5219665271966527,0.14330543933054393,0.0005230125523012552,True,False,False,False,False,True,
720575940625047479,flow,efferent,1912,400,0.25,0.01,0.1,0.09048117154811715,0.01307531380753138,0.01202928870292887,0.2186192468619247,0.5219665271966527,0.14330543933054393,0.0005230125523012552,False,False,False,False,False,False,
720575940622486644,flow,efferent,754,400,0.25,0.14285714285714285,0.01,0.042440318302387266,0.6525198938992043,0.04111405835543767,0.04774535809018567,0.14456233421750664,0.07029177718832891,0.001326259946949602,True,True,True,True,True,True,
720575940622486644,flow,efferent,754,400,0.25,0.14285714285714285,0.05,0.042440318302387266,0.6525198938992043,0.04111405835543767,0.04774535809018567,0.14456233421750664,0.07029177718832891,0.001326259946949602,False,True,False,False,True,False,
720575940622486644,flow,efferent,754,400,0.25,0.14285714285714285,0.1,0.042440318302387266,0.6525198938992043,0.04111405835543767,0.04774535809018567,0.14456233421750664,0.07029177718832891,0.001326259946949602,False,True,False,False,False,False,
720575940622486644,flow,efferent,754,400,0.25,0.04,0.01,0.042440318302387266,0.6525198938992043,0.04111405835543767,0.04774535809018567,0.14456233421750664,0.07029177718832891,0.001326259946949602,True,True,True,True,True,True,
720575940622486644,flow,efferent,754,400,0.25,0.04,0.05,0.042440318302387266,0.6525198938992043,0.04111405835543767,0.04774535809018567,0.14456233421750664,0.07029177718832891,0.001326259946949602,False,True,False,False,False,False,
720575940622486644,flow,efferent,754,400,0.25,0.04,0.1,0.042440318302387266,0.6525198938992043,0.04111405835543767,0.04774535809018567,0.14456233421750664,0.07029177718832891,0.001326259946949602,False,True,False,False,False,False,
720575940622486644,flow,efferent,754,400,0.25,0.02,0.01,0.042440318302387266,0.6525198938992043,0.04111405835543767,0.04774535809018567,0.14456233421750664,0.07029177718832891,0.001326259946949602,True,True,False,True,True,True,
720575940622486644,flow,efferent,754,400,0.25,0.02,0.05,0.042440318302387266,0.6525198938992043,0.04111405835543767,0.04774535809018567,0.14456233421750664,0.07029177718832891,0.001326259946949602,False,True,False,False,False,False,
720575940622486644,flow,efferent,754,400,0.25,0.02,0.1,0.042440318302387266,0.6525198938992043,0.04111405835543767,0.04774535809018567,0.14456233421750664,0.07029177718832891,0.001326259946949602,False,False,False,False,False,False,
720575940622486644,flow,efferent,754,400,0.25,0.01,0.01,0.042440318302387266,0.6525198938992043,0.04111405835543767,0.04774535809018567,0.14456233421750664,0.07029177718832891,0.001326259946949602,True,True,False,True,True,True,
720575940622486644,flow,efferent,754,400,0.25,0.01,0.05,0.042440318302387266,0.6525198938992043,0.04111405835543767,0.04774535809018567,0.14456233421750664,0.07029177718832891,0.001326259946949602,False,False,False,False,False,False,
720575940622486644,flow,efferent,754,400,0.25,0.01,0.1,0.042440318302387266,0.6525198938992043,0.04111405835543767,0.04774535809018567,0.14456233421750664,0.07029177718832891,0.001326259946949602,False,False,False,False,False,False,
720575940623431351,flow,efferent,1654,400,0.25,0.14285714285714285,0.01,0.17110036275695284,0.40084643288996374,0.14389359129383314,0.12212817412333736,0.11789600967351874,0.04353083434099154,0.0006045949214026602,True,True,True,True,True,True,
720575940623431351,flow,efferent,1654,400,0.25,0.14285714285714285,0.05,0.17110036275695284,0.40084643288996374,0.14389359129383314,0.12212817412333736,0.11789600967351874,0.04353083434099154,0.0006045949214026602,True,True,True,True,False,False,
720575940623431351,flow,efferent,1654,400,0.25,0.14285714285714285,0.1,0.17110036275695284,0.40084643288996374,0.14389359129383314,0.12212817412333736,0.11789600967351874,0.04353083434099154,0.0006045949214026602,True,True,False,False,False,False,
720575940623431351,flow,efferent,1654,400,0.25,0.04,0.01,0.17110036275695284,0.40084643288996374,0.14389359129383314,0.12212817412333736,0.11789600967351874,0.04353083434099154,0.0006045949214026602,True,True,True,True,True,True,
720575940623431351,flow,efferent,1654,400,0.25,0.04,0.05,0.17110036275695284,0.40084643288996374,0.14389359129383314,0.12212817412333736,0.11789600967351874,0.04353083434099154,0.0006045949214026602,True,True,False,False,False,False,
720575940623431351,flow,efferent,1654,400,0.25,0.04,0.1,0.17110036275695284,0.40084643288996374,0.14389359129383314,0.12212817412333736,0.11789600967351874,0.04353083434099154,0.0006045949214026602,True,True,False,False,False,False,
720575940623431351,flow,efferent,1654,400,0.25,0.02,0.01,0.17110036275695284,0.40084643288996374,0.14389359129383314,0.12212817412333736,0.11789600967351874,0.04353083434099154,0.0006045949214026602,True,True,True,True,True,True,
720575940623431351,flow,efferent,1654,400,0.25,0.02,0.05,0.17110036275695284,0.40084643288996374,0.14389359129383314,0.12212817412333736,0.11789600967351874,0.04353083434099154,0.0006045949214026602,True,True,False,False,False,False,
720575940623431351,flow,efferent,1654,400,0.25,0.02,0.1,0.17110036275695284,0.40084643288996374,0.14389359129383314,0.12212817412333736,0.11789600967351874,0.04353083434099154,0.0006045949214026602,True,True,False,False,False,False,
720575940623431351,flow,efferent,1654,400,0.25,0.01,0.01,0.17110036275695284,0.40084643288996374,0.14389359129383314,0.12212817412333736,0.11789600967351874,0.04353083434099154,0.0006045949214026602,True,True,False,True,True,True,
720575940623431351,flow,efferent,1654,400,0.25,0.01,0.05,0.17110036275695284,0.40084643288996374,0.14389359129383314,0.12212817412333736,0.11789600967351874,0.04353083434099154,0.0006045949214026602,True,True,False,False,False,False,
720575940623431351,flow,efferent,1654,400,0.25,0.01,0.1,0.17110036275695284,0.40084643288996374,0.14389359129383314,0.12212817412333736,0.11789600967351874,0.04353083434099154,0.0006045949214026602,True,True,False,False,False,False,
720575940626557442,flow,efferent,6482,400,0.25,0.14285714285714285,0.01,0.006170934896636841,0.8295279234804073,0.07682813946312866,0.0029311940759024994,0.03825979635914841,0.046282011724776306,0.0,False,True,True,False,True,True,
720575940626557442,flow,efferent,6482,400,0.25,0.14285714285714285,0.05,0.006170934896636841,0.8295279234804073,0.07682813946312866,0.0029311940759024994,0.03825979635914841,0.046282011724776306,0.0,False,True,True,False,False,False,
720575940626557442,flow,efferent,6482,400,0.25,0.14285714285714285,0.1,0.006170934896636841,0.8295279234804073,0.07682813946312866,0.0029311940759024994,0.03825979635914841,0.046282011724776306,0.0,False,True,False,False,False,False,
720575940626557442,flow,efferent,6482,400,0.25,0.04,0.01,0.006170934896636841,0.8295279234804073,0.07682813946312866,0.0029311940759024994,0.03825979635914841,0.046282011724776306,0.0,False,True,True,False,False,True,
720575940626557442,flow,efferent,6482,400,0.25,0.04,0.05,0.006170934896636841,0.8295279234804073,0.07682813946312866,0.0029311940759024994,0.03825979635914841,0.046282011724776306,0.0,False,True,False,False,False,False,
720575940626557442,flow,efferent,6482,400,0.25,0.04,0.1,0.006170934896636841,0.8295279234804073,0.07682813946312866,0.0029311940759024994,0.03825979635914841,0.046282011724776306,0.0,False,True,False,False,False,False,
720575940626557442,flow,efferent,6482,400,0.25,0.02,0.01,0.006170934896636841,0.8295279234804073,0.07682813946312866,0.0029311940759024994,0.03825979635914841,0.046282011724776306,0.0,False,True,True,False,False,False,
720575940626557442,flow,efferent,6482,400,0.25,0.02,0.05,0.006170934896636841,0.8295279234804073,0.07682813946312866,0.0029311940759024994,0.03825979635914841,0.046282011724776306,0.0,False,True,False,False,False,False,
720575940626557442,flow,efferent,6482,400,0.25,0.02,0.1,0.006170934896636841,0.8295279234804073,0.07682813946312866,0.0029311940759024994,0.03825979635914841,0.046282011724776306,0.0,False,False,False,False,False,False,
720575940626557442,flow,efferent,6482,400,0.25,0.01,0.01,0.006170934896636841,0.8295279234804073,0.07682813946312866,0.0029311940759024994,0.03825979635914841,0.046282011724776306,0.0,False,True,False,False,False,False,
720575940626557442,flow,efferent,6482,400,0.25,0.01,0.05,0.006170934896636841,0.8295279234804073,0.07682813946312866,0.0029311940759024994,0.03825979635914841,0.046282011724776306,0.0,False,True,False,False,False,False,
720575940626557442,flow,efferent,6482,400,0.25,0.01,0.1,0.006170934896636841,0.8295279234804073,0.07682813946312866,0.0029311940759024994,0.03825979635914841,0.046282011724776306,0.0,False,False,False,False,False,False,
720575940630221563,flow,efferent,2146,400,0.25,0.14285714285714285,0.01,0.009319664492078284,0.6640260950605779,0.19151910531220875,0.005125815470643057,0.06383970177073625,0.06570363466915191,0.00046598322460391424,False,True,True,False,True,True,
720575940630221563,flow,efferent,2146,400,0.25,0.14285714285714285,0.05,0.009319664492078284,0.6640260950605779,0.19151910531220875,0.005125815470643057,0.06383970177073625,0.06570363466915191,0.00046598322460391424,False,True,True,False,False,False,
720575940630221563,flow,efferent,2146,400,0.25,0.14285714285714285,0.1,0.009319664492078284,0.6640260950605779,0.19151910531220875,0.005125815470643057,0.06383970177073625,0.06570363466915191,0.00046598322460391424,False,True,False,False,False,False,
720575940630221563,flow,efferent,2146,400,0.25,0.04,0.01,0.009319664492078284,0.6640260950605779,0.19151910531220875,0.005125815470643057,0.06383970177073625,0.06570363466915191,0.00046598322460391424,False,True,True,False,True,True,
720575940630221563,flow,efferent,2146,400,0.25,0.04,0.05,0.009319664492078284,0.6640260950605779,0.19151910531220875,0.005125815470643057,0.06383970177073625,0.06570363466915191,0.00046598322460391424,False,True,False,False,False,False,
720575940630221563,flow,efferent,2146,400,0.25,0.04,0.1,0.009319664492078284,0.6640260950605779,0.19151910531220875,0.005125815470643057,0.06383970177073625,0.06570363466915191,0.00046598322460391424,False,False,False,False,False,False,
720575940630221563,flow,efferent,2146,400,0.25,0.02,0.01,0.009319664492078284,0.6640260950605779,0.19151910531220875,0.005125815470643057,0.06383970177073625,0.06570363466915191,0.00046598322460391424,False,True,True,False,True,False,
720575940630221563,flow,efferent,2146,400,0.25,0.02,0.05,0.009319664492078284,0.6640260950605779,0.19151910531220875,0.005125815470643057,0.06383970177073625,0.06570363466915191,0.00046598322460391424,False,True,False,False,False,False,
720575940630221563,flow,efferent,2146,400,0.25,0.02,0.1,0.009319664492078284,0.6640260950605779,0.19151910531220875,0.005125815470643057,0.06383970177073625,0.06570363466915191,0.00046598322460391424,False,False,False,False,False,False,
720575940630221563,flow,efferent,2146,400,0.25,0.01,0.01,0.009319664492078284,0.6640260950605779,0.19151910531220875,0.005125815470643057,0.06383970177073625,0.06570363466915191,0.00046598322460391424,False,True,True,False,False,False,
720575940630221563,flow,efferent,2146,400,0.25,0.01,0.05,0.009319664492078284,0.6640260950605779,0.19151910531220875,0.005125815470643057,0.06383970177073625,0.06570363466915191,0.00046598322460391424,False,False,False,False,False,False,
720575940630221563,flow,efferent,2146,400,0.25,0.01,0.1,0.009319664492078284,0.6640260950605779,0.19151910531220875,0.005125815470643057,0.06383970177073625,0.06570363466915191,0.00046598322460391424,False,False,False,False,False,False,
720575940611700520,flow,efferent,453,400,0.25,0.14285714285714285,0.01,0.019867549668874173,0.739514348785872,0.059602649006622516,0.002207505518763797,0.052980132450331126,0.12582781456953643,0.0,True,True,True,,True,True,
720575940611700520,flow,efferent,453,400,0.25,0.14285714285714285,0.05,0.019867549668874173,0.739514348785872,0.059602649006622516,0.002207505518763797,0.052980132450331126,0.12582781456953643,0.0,False,True,False,,False,True,
720575940611700520,flow,efferent,453,400,0.25,0.14285714285714285,0.1,0.019867549668874173,0.739514348785872,0.059602649006622516,0.002207505518763797,0.052980132450331126,0.12582781456953643,0.0,False,True,False,,False,False,
720575940611700520,flow,efferent,453,400,0.25,0.04,0.01,0.019867549668874173,0.739514348785872,0.059602649006622516,0.002207505518763797,0.052980132450331126,0.12582781456953643,0.0,True,True,True,,True,True,
720575940611700520,flow,efferent,453,400,0.25,0.04,0.05,0.019867549668874173,0.739514348785872,0.059602649006622516,0.002207505518763797,0.052980132450331126,0.12582781456953643,0.0,False,True,False,,False,True,
720575940611700520,flow,efferent,453,400,0.25,0.04,0.1,0.019867549668874173,0.739514348785872,0.059602649006622516,0.002207505518763797,0.052980132450331126,0.12582781456953643,0.0,False,True,False,,False,False,
720575940611700520,flow,efferent,453,400,0.25,0.02,0.01,0.019867549668874173,0.739514348785872,0.059602649006622516,0.002207505518763797,0.052980132450331126,0.12582781456953643,0.0,True,True,True,,True,True,
720575940611700520,flow,efferent,453,400,0.25,0.02,0.05,0.019867549668874173,0.739514348785872,0.059602649006622516,0.002207505518763797,0.052980132450331126,0.12582781456953643,0.0,False,True,False,,False,True,
720575940611700520,flow,efferent,453,400,0.25,0.02,0.1,0.019867549668874173,0.739514348785872,0.059602649006622516,0.002207505518763797,0.052980132450331126,0.12582781456953643,0.0,False,True,False,,False,False,
720575940611700520,flow,efferent,453,400,0.25,0.01,0.01,0.019867549668874173,0.739514348785872,0.059602649006622516,0.002207505518763797,0.052980132450331126,0.12582781456953643,0.0,False,True,True,,True,True,
720575940611700520,flow,efferent,453,400,0.25,0.01,0.05,0.019867549668874173,0.739514348785872,0.059602649006622516,0.002207505518763797,0.052980132450331126,0.12582781456953643,0.0,False,True,False,,False,False,
720575940611700520,flow,efferent,453,400,0.25,0.01,0.1,0.019867549668874173,0.739514348785872,0.059602649006622516,0.002207505518763797,0.052980132450331126,0.12582781456953643,0.0,False,False,False,,False,False,
720575940612427670,flow,efferent,611,400,0.25,0.14285714285714285,0.01,0.18330605564648117,0.5957446808510638,0.03927986906710311,0.011456628477905073,0.09001636661211129,0.08019639934533551,0.0,True,True,True,False,True,True,
720575940612427670,flow,efferent,611,400,0.25,0.14285714285714285,0.05,0.18330605564648117,0.5957446808510638,0.03927986906710311,0.011456628477905073,0.09001636661211129,0.08019639934533551,0.0,True,True,False,False,False,False,
720575940612427670,flow,efferent,611,400,0.25,0.14285714285714285,0.1,0.18330605564648117,0.5957446808510638,0.03927986906710311,0.011456628477905073,0.09001636661211129,0.08019639934533551,0.0,True,True,False,False,False,False,
720575940612427670,flow,efferent,611,400,0.25,0.04,0.01,0.18330605564648117,0.5957446808510638,0.03927986906710311,0.011456628477905073,0.09001636661211129,0.08019639934533551,0.0,True,True,False,False,True,True,
720575940612427670,flow,efferent,611,400,0.25,0.04,0.05,0.18330605564648117,0.5957446808510638,0.03927986906710311,0.011456628477905073,0.09001636661211129,0.08019639934533551,0.0,True,True,False,False,False,False,
720575940612427670,flow,efferent,611,400,0.25,0.04,0.1,0.18330605564648117,0.5957446808510638,0.03927986906710311,0.011456628477905073,0.09001636661211129,0.08019639934533551,0.0,True,False,False,False,False,False,
720575940612427670,flow,efferent,611,400,0.25,0.02,0.01,0.18330605564648117,0.5957446808510638,0.03927986906710311,0.011456628477905073,0.09001636661211129,0.08019639934533551,0.0,True,True,False,False,False,True,
720575940612427670,flow,efferent,611,400,0.25,0.02,0.05,0.18330605564648117,0.5957446808510638,0.03927986906710311,0.011456628477905073,0.09001636661211129,0.08019639934533551,0.0,True,True,False,False,False,False,
720575940612427670,flow,efferent,611,400,0.25,0.02,0.1,0.18330605564648117,0.5957446808510638,0.03927986906710311,0.011456628477905073,0.09001636661211129,0.08019639934533551,0.0,True,False,False,False,False,False,
720575940612427670,flow,efferent,611,400,0.25,0.01,0.01,0.18330605564648117,0.5957446808510638,0.03927986906710311,0.011456628477905073,0.09001636661211129,0.08019639934533551,0.0,True,True,False,False,False,False,
720575940612427670,flow,efferent,611,400,0.25,0.01,0.05,0.18330605564648117,0.5957446808510638,0.03927986906710311,0.011456628477905073,0.09001636661211129,0.08019639934533551,0.0,True,True,False,False,False,False,
720575940612427670,flow,efferent,611,400,0.25,0.01,0.1,0.18330605564648117,0.5957446808510638,0.03927986906710311,0.011456628477905073,0.09001636661211129,0.08019639934533551,0.0,True,False,False,False,False,False,
720575940618147520,flow,efferent,553,400,0.25,0.14285714285714285,0.01,0.04701627486437613,0.3779385171790235,0.12296564195298372,0.048824593128390596,0.298372513562387,0.10488245931283906,0.0,True,True,True,True,True,True,
720575940618147520,flow,efferent,553,400,0.25,0.14285714285714285,0.05,0.04701627486437613,0.3779385171790235,0.12296564195298372,0.048824593128390596,0.298372513562387,0.10488245931283906,0.0,False,True,False,False,True,False,
720575940618147520,flow,efferent,553,400,0.25,0.14285714285714285,0.1,0.04701627486437613,0.3779385171790235,0.12296564195298372,0.048824593128390596,0.298372513562387,0.10488245931283906,0.0,False,True,False,False,True,False,
720575940618147520,flow,efferent,553,400,0.25,0.04,0.01,0.04701627486437613,0.3779385171790235,0.12296564195298372,0.048824593128390596,0.298372513562387,0.10488245931283906,0.0,True,True,True,True,True,True,
720575940618147520,flow,efferent,553,400,0.25,0.04,0.05,0.04701627486437613,0.3779385171790235,0.12296564195298372,0.048824593128390596,0.298372513562387,0.10488245931283906,0.0,False,False,False,False,False,False,
720575940618147520,flow,efferent,553,400,0.25,0.04,0.1,0.04701627486437613,0.3779385171790235,0.12296564195298372,0.048824593128390596,0.298372513562387,0.10488245931283906,0.0,False,False,False,False,False,False,
720575940618147520,flow,efferent,553,400,0.25,0.02,0.01,0.04701627486437613,0.3779385171790235,0.12296564195298372,0.048824593128390596,0.298372513562387,0.10488245931283906,0.0,True,True,True,True,True,True,
720575940618147520,flow,efferent,553,400,0.25,0.02,0.05,0.04701627486437613,0.3779385171790235,0.12296564195298372,0.048824593128390596,0.298372513562387,0.10488245931283906,0.0,False,False,False,False,False,False,
720575940618147520,flow,efferent,553,400,0.25,0.02,0.1,0.04701627486437613,0.3779385171790235,0.12296564195298372,0.048824593128390596,0.298372513562387,0.10488245931283906,0.0,False,False,False,False,False,False,
720575940618147520,flow,efferent,553,400,0.25,0.01,0.01,0.04701627486437613,0.3779385171790235,0.12296564195298372,0.048824593128390596,0.298372513562387,0.10488245931283906,0.0,True,True,True,True,True,True,
720575940618147520,flow,efferent,553,400,0.25,0.01,0.05,0.04701627486437613,0.3779385171790235,0.12296564195298372,0.048824593128390596,0.298372513562387,0.10488245931283906,0.0,False,False,False,False,False,False,
720575940618147520,flow,efferent,553,400,0.25,0.01,0.1,0.04701627486437613,0.3779385171790235,0.12296564195298372,0.048824593128390596,0.298372513562387,0.10488245931283906,0.0,False,False,False,False,False,False,
