root_id,classification_system,cell_type,num_synapses,min_synapses,softmax_threshold,bandwidth_quantile_value,min_synapses_ratio_value,GABA_ratio,ACh_ratio,Glut_ratio,Oct_ratio,Ser_ratio,DA_ratio,Unknown_ratio,GABA_clusters,ACh_clusters,Glut_clusters,Oct_clusters,Ser_clusters,DA_clusters,Unknown_clusters
720575940621226484,flow,efferent,4183,400,0.25,0.14285714285714285,0.01,0.12240019125029883,0.25723165192445613,0.4790819985656228,0.02916567057136027,0.07052354769304327,0.03944537413339708,0.002151565861821659,True,True,True,True,True,True,False
720575940621226484,flow,efferent,4183,400,0.25,0.14285714285714285,0.05,0.12240019125029883,0.25723165192445613,0.4790819985656228,0.02916567057136027,0.07052354769304327,0.03944537413339708,0.002151565861821659,True,True,True,False,False,False,False
720575940621226484,flow,efferent,4183,400,0.25,0.14285714285714285,0.1,0.12240019125029883,0.25723165192445613,0.4790819985656228,0.02916567057136027,0.07052354769304327,0.03944537413339708,0.002151565861821659,False,True,True,False,False,False,False
720575940621226484,flow,efferent,4183,400,0.25,0.04,0.01,0.12240019125029883,0.25723165192445613,0.4790819985656228,0.02916567057136027,0.07052354769304327,0.03944537413339708,0.002151565861821659,True,True,True,False,False,False,False
720575940621226484,flow,efferent,4183,400,0.25,0.04,0.05,0.12240019125029883,0.25723165192445613,0.4790819985656228,0.02916567057136027,0.07052354769304327,0.03944537413339708,0.002151565861821659,False,False,True,False,False,False,False
720575940621226484,flow,efferent,4183,400,0.25,0.04,0.1,0.12240019125029883,0.25723165192445613,0.4790819985656228,0.02916567057136027,0.07052354769304327,0.03944537413339708,0.002151565861821659,False,False,True,False,False,False,False
720575940621226484,flow,efferent,4183,400,0.25,0.02,0.01,0.12240019125029883,0.25723165192445613,0.4790819985656228,0.02916567057136027,0.07052354769304327,0.03944537413339708,0.002151565861821659,True,True,True,False,False,False,False
720575940621226484,flow,efferent,4183,400,0.25,0.02,0.05,0.12240019125029883,0.25723165192445613,0.4790819985656228,0.02916567057136027,0.07052354769304327,0.03944537413339708,0.002151565861821659,False,False,True,False,False,False,False
720575940621226484,flow,efferent,4183,400,0.25,0.02,0.1,0.12240019125029883,0.25723165192445613,0.4790819985656228,0.02916567057136027,0.07052354769304327,0.03944537413339708,0.002151565861821659,False,False,False,False,False,False,False
720575940621226484,flow,efferent,4183,400,0.25,0.01,0.01,0.12240019125029883,0.25723165192445613,0.4790819985656228,0.02916567057136027,0.07052354769304327,0.03944537413339708,0.002151565861821659,True,True,True,False,False,False,False
720575940621226484,flow,efferent,4183,400,0.25,0.01,0.05,0.12240019125029883,0.25723165192445613,0.4790819985656228,0.02916567057136027,0.07052354769304327,0.03944537413339708,0.002151565861821659,False,False,False,False,False,False,False
720575940621226484,flow,efferent,4183,400,0.25,0.01,0.1,0.12240019125029883,0.25723165192445613,0.4790819985656228,0.02916567057136027,0.07052354769304327,0.03944537413339708,0.002151565861821659,False,False,False,False,False,False,False
720575940629782072,flow,efferent,882,400,0.25,0.14285714285714285,0.01,0.3401360544217687,0.47165532879818595,0.04195011337868481,0.011337868480725623,0.035147392290249435,0.09977324263038549,0.0,True,True,True,False,False,True,
720575940629782072,flow,efferent,882,400,0.25,0.14285714285714285,0.05,0.3401360544217687,0.47165532879818595,0.04195011337868481,0.011337868480725623,0.035147392290249435,0.09977324263038549,0.0,True,True,False,False,False,True,
720575940629782072,flow,efferent,882,400,0.25,0.14285714285714285,0.1,0.3401360544217687,0.47165532879818595,0.04195011337868481,0.011337868480725623,0.035147392290249435,0.09977324263038549,0.0,True,True,False,False,False,False,
720575940629782072,flow,efferent,882,400,0.25,0.04,0.01,0.3401360544217687,0.47165532879818595,0.04195011337868481,0.011337868480725623,0.035147392290249435,0.09977324263038549,0.0,True,True,True,False,False,True,
720575940629782072,flow,efferent,882,400,0.25,0.04,0.05,0.3401360544217687,0.47165532879818595,0.04195011337868481,0.011337868480725623,0.035147392290249435,0.09977324263038549,0.0,True,True,False,False,False,True,
720575940629782072,flow,efferent,882,400,0.25,0.04,0.1,0.3401360544217687,0.47165532879818595,0.04195011337868481,0.011337868480725623,0.035147392290249435,0.09977324263038549,0.0,True,False,False,False,False,False,
720575940629782072,flow,efferent,882,400,0.25,0.02,0.01,0.3401360544217687,0.47165532879818595,0.04195011337868481,0.011337868480725623,0.035147392290249435,0.09977324263038549,0.0,True,True,True,False,False,True,
720575940629782072,flow,efferent,882,400,0.25,0.02,0.05,0.3401360544217687,0.47165532879818595,0.04195011337868481,0.011337868480725623,0.035147392290249435,0.09977324263038549,0.0,True,True,False,False,False,True,
720575940629782072,flow,efferent,882,400,0.25,0.02,0.1,0.3401360544217687,0.47165532879818595,0.04195011337868481,0.011337868480725623,0.035147392290249435,0.09977324263038549,0.0,True,False,False,False,False,False,
720575940629782072,flow,efferent,882,400,0.25,0.01,0.01,0.3401360544217687,0.47165532879818595,0.04195011337868481,0.011337868480725623,0.035147392290249435,0.09977324263038549,0.0,True,True,True,False,False,True,
720575940629782072,flow,efferent,882,400,0.25,0.01,0.05,0.3401360544217687,0.47165532879818595,0.04195011337868481,0.011337868480725623,0.035147392290249435,0.09977324263038549,0.0,True,False,False,False,False,False,
720575940629782072,flow,efferent,882,400,0.25,0.01,0.1,0.3401360544217687,0.47165532879818595,0.04195011337868481,0.011337868480725623,0.035147392290249435,0.09977324263038549,0.0,True,False,False,False,False,False,
720575940647471395,flow,efferent,1520,400,0.25,0.14285714285714285,0.01,0.21907894736842104,0.26842105263157895,0.060526315789473685,0.09671052631578947,0.29539473684210527,0.05986842105263158,0.0,True,True,True,True,True,True,
720575940647471395,flow,efferent,1520,400,0.25,0.14285714285714285,0.05,0.21907894736842104,0.26842105263157895,0.060526315789473685,0.09671052631578947,0.29539473684210527,0.05986842105263158,0.0,True,True,True,False,True,False,
720575940647471395,flow,efferent,1520,400,0.25,0.14285714285714285,0.1,0.21907894736842104,0.26842105263157895,0.060526315789473685,0.09671052631578947,0.29539473684210527,0.05986842105263158,0.0,True,True,False,False,True,False,
720575940647471395,flow,efferent,1520,400,0.25,0.04,0.01,0.21907894736842104,0.26842105263157895,0.060526315789473685,0.09671052631578947,0.29539473684210527,0.05986842105263158,0.0,True,True,True,True,True,True,
720575940647471395,flow,efferent,1520,400,0.25,0.04,0.05,0.21907894736842104,0.26842105263157895,0.060526315789473685,0.09671052631578947,0.29539473684210527,0.05986842105263158,0.0,True,True,False,False,False,False,
720575940647471395,flow,efferent,1520,400,0.25,0.04,0.1,0.21907894736842104,0.26842105263157895,0.060526315789473685,0.09671052631578947,0.29539473684210527,0.05986842105263158,0.0,True,False,False,False,False,False,
720575940647471395,flow,efferent,1520,400,0.25,0.02,0.01,0.21907894736842104,0.26842105263157895,0.060526315789473685,0.09671052631578947,0.29539473684210527,0.05986842105263158,0.0,True,True,False,True,True,True,
720575940647471395,flow,efferent,1520,400,0.25,0.02,0.05,0.21907894736842104,0.26842105263157895,0.060526315789473685,0.09671052631578947,0.29539473684210527,0.05986842105263158,0.0,True,True,False,False,False,False,
720575940647471395,flow,efferent,1520,400,0.25,0.02,0.1,0.21907894736842104,0.26842105263157895,0.060526315789473685,0.09671052631578947,0.29539473684210527,0.05986842105263158,0.0,True,False,False,False,False,False,
720575940647471395,flow,efferent,1520,400,0.25,0.01,0.01,0.21907894736842104,0.26842105263157895,0.060526315789473685,0.09671052631578947,0.29539473684210527,0.05986842105263158,0.0,True,True,False,True,True,True,
720575940647471395,flow,efferent,1520,400,0.25,0.01,0.05,0.21907894736842104,0.26842105263157895,0.060526315789473685,0.09671052631578947,0.29539473684210527,0.05986842105263158,0.0,True,True,False,False,False,False,
720575940647471395,flow,efferent,1520,400,0.25,0.01,0.1,0.21907894736842104,0.26842105263157895,0.060526315789473685,0.09671052631578947,0.29539473684210527,0.05986842105263158,0.0,True,False,False,False,False,False,
720575940619332944,flow,efferent,3103,400,0.25,0.14285714285714285,0.01,0.30164357073799547,0.2133419271672575,0.2620045117628102,0.01514663229133097,0.09378021269738962,0.11150499516596842,0.002578150177247825,True,True,True,False,True,True,False
720575940619332944,flow,efferent,3103,400,0.25,0.14285714285714285,0.05,0.30164357073799547,0.2133419271672575,0.2620045117628102,0.01514663229133097,0.09378021269738962,0.11150499516596842,0.002578150177247825,True,True,True,False,False,True,False
720575940619332944,flow,efferent,3103,400,0.25,0.14285714285714285,0.1,0.30164357073799547,0.2133419271672575,0.2620045117628102,0.01514663229133097,0.09378021269738962,0.11150499516596842,0.002578150177247825,True,True,True,False,False,False,False
720575940619332944,flow,efferent,3103,400,0.25,0.04,0.01,0.30164357073799547,0.2133419271672575,0.2620045117628102,0.01514663229133097,0.09378021269738962,0.11150499516596842,0.002578150177247825,True,True,True,False,True,True,False
720575940619332944,flow,efferent,3103,400,0.25,0.04,0.05,0.30164357073799547,0.2133419271672575,0.2620045117628102,0.01514663229133097,0.09378021269738962,0.11150499516596842,0.002578150177247825,True,False,True,False,False,False,False
720575940619332944,flow,efferent,3103,400,0.25,0.04,0.1,0.30164357073799547,0.2133419271672575,0.2620045117628102,0.01514663229133097,0.09378021269738962,0.11150499516596842,0.002578150177247825,False,False,False,False,False,False,False
720575940619332944,flow,efferent,3103,400,0.25,0.02,0.01,0.30164357073799547,0.2133419271672575,0.2620045117628102,0.01514663229133097,0.09378021269738962,0.11150499516596842,0.002578150177247825,True,True,True,False,True,True,False
720575940619332944,flow,efferent,3103,400,0.25,0.02,0.05,0.30164357073799547,0.2133419271672575,0.2620045117628102,0.01514663229133097,0.09378021269738962,0.11150499516596842,0.002578150177247825,False,False,False,False,False,False,False
720575940619332944,flow,efferent,3103,400,0.25,0.02,0.1,0.30164357073799547,0.2133419271672575,0.2620045117628102,0.01514663229133097,0.09378021269738962,0.11150499516596842,0.002578150177247825,False,False,False,False,False,False,False
720575940619332944,flow,efferent,3103,400,0.25,0.01,0.01,0.30164357073799547,0.2133419271672575,0.2620045117628102,0.01514663229133097,0.09378021269738962,0.11150499516596842,0.002578150177247825,True,True,True,False,False,True,False
720575940619332944,flow,efferent,3103,400,0.25,0.01,0.05,0.30164357073799547,0.2133419271672575,0.2620045117628102,0.01514663229133097,0.09378021269738962,0.11150499516596842,0.002578150177247825,False,False,False,False,False,False,False
720575940619332944,flow,efferent,3103,400,0.25,0.01,0.1,0.30164357073799547,0.2133419271672575,0.2620045117628102,0.01514663229133097,0.09378021269738962,0.11150499516596842,0.002578150177247825,False,False,False,False,False,False,False
720575940639314229,flow,efferent,10607,400,0.25,0.14285714285714285,0.01,0.5865937588385028,0.16206278872442725,0.190345997925898,0.010653342132553974,0.03478834731780899,0.014801546148769681,0.0007542189120392194,True,True,True,False,True,False,False
720575940639314229,flow,efferent,10607,400,0.25,0.14285714285714285,0.05,0.5865937588385028,0.16206278872442725,0.190345997925898,0.010653342132553974,0.03478834731780899,0.014801546148769681,0.0007542189120392194,True,True,True,False,False,False,False
720575940639314229,flow,efferent,10607,400,0.25,0.14285714285714285,0.1,0.5865937588385028,0.16206278872442725,0.190345997925898,0.010653342132553974,0.03478834731780899,0.014801546148769681,0.0007542189120392194,True,False,True,False,False,False,False
720575940639314229,flow,efferent,10607,400,0.25,0.04,0.01,0.5865937588385028,0.16206278872442725,0.190345997925898,0.010653342132553974,0.03478834731780899,0.014801546148769681,0.0007542189120392194,True,True,True,False,False,False,False
720575940639314229,flow,efferent,10607,400,0.25,0.04,0.05,0.5865937588385028,0.16206278872442725,0.190345997925898,0.010653342132553974,0.03478834731780899,0.014801546148769681,0.0007542189120392194,True,False,True,False,False,False,False
720575940639314229,flow,efferent,10607,400,0.25,0.04,0.1,0.5865937588385028,0.16206278872442725,0.190345997925898,0.010653342132553974,0.03478834731780899,0.014801546148769681,0.0007542189120392194,True,False,False,False,False,False,False
720575940639314229,flow,efferent,10607,400,0.25,0.02,0.01,0.5865937588385028,0.16206278872442725,0.190345997925898,0.010653342132553974,0.03478834731780899,0.014801546148769681,0.0007542189120392194,True,True,True,False,False,False,False
720575940639314229,flow,efferent,10607,400,0.25,0.02,0.05,0.5865937588385028,0.16206278872442725,0.190345997925898,0.010653342132553974,0.03478834731780899,0.014801546148769681,0.0007542189120392194,True,False,False,False,False,False,False
720575940639314229,flow,efferent,10607,400,0.25,0.02,0.1,0.5865937588385028,0.16206278872442725,0.190345997925898,0.010653342132553974,0.03478834731780899,0.014801546148769681,0.0007542189120392194,False,False,False,False,False,False,False
720575940639314229,flow,efferent,10607,400,0.25,0.01,0.01,0.5865937588385028,0.16206278872442725,0.190345997925898,0.010653342132553974,0.03478834731780899,0.014801546148769681,0.0007542189120392194,True,False,True,False,False,False,False
720575940639314229,flow,efferent,10607,400,0.25,0.01,0.05,0.5865937588385028,0.16206278872442725,0.190345997925898,0.010653342132553974,0.03478834731780899,0.014801546148769681,0.0007542189120392194,False,False,False,False,False,False,False
720575940639314229,flow,efferent,10607,400,0.25,0.01,0.1,0.5865937588385028,0.16206278872442725,0.190345997925898,0.010653342132553974,0.03478834731780899,0.014801546148769681,0.0007542189120392194,False,False,False,False,False,False,False
720575940629064186,flow,efferent,4989,400,0.25,0.14285714285714285,0.01,0.024453798356384046,0.8612948486670675,0.05091200641411105,0.007817197835237523,0.022850270595309682,0.03166967328121868,0.0010022048506714773,False,True,True,False,False,False,False
720575940629064186,flow,efferent,4989,400,0.25,0.14285714285714285,0.05,0.024453798356384046,0.8612948486670675,0.05091200641411105,0.007817197835237523,0.022850270595309682,0.03166967328121868,0.0010022048506714773,False,True,False,False,False,False,False
720575940629064186,flow,efferent,4989,400,0.25,0.14285714285714285,0.1,0.024453798356384046,0.8612948486670675,0.05091200641411105,0.007817197835237523,0.022850270595309682,0.03166967328121868,0.0010022048506714773,False,True,False,False,False,False,False
720575940629064186,flow,efferent,4989,400,0.25,0.04,0.01,0.024453798356384046,0.8612948486670675,0.05091200641411105,0.007817197835237523,0.022850270595309682,0.03166967328121868,0.0010022048506714773,False,True,True,False,False,False,False
720575940629064186,flow,efferent,4989,400,0.25,0.04,0.05,0.024453798356384046,0.8612948486670675,0.05091200641411105,0.007817197835237523,0.022850270595309682,0.03166967328121868,0.0010022048506714773,False,True,False,False,False,False,False
720575940629064186,flow,efferent,4989,400,0.25,0.04,0.1,0.024453798356384046,0.8612948486670675,0.05091200641411105,0.007817197835237523,0.022850270595309682,0.03166967328121868,0.0010022048506714773,False,True,False,False,False,False,False
720575940629064186,flow,efferent,4989,400,0.25,0.02,0.01,0.024453798356384046,0.8612948486670675,0.05091200641411105,0.007817197835237523,0.022850270595309682,0.03166967328121868,0.0010022048506714773,False,True,False,False,False,False,False
720575940629064186,flow,efferent,4989,400,0.25,0.02,0.05,0.024453798356384046,0.8612948486670675,0.05091200641411105,0.007817197835237523,0.022850270595309682,0.03166967328121868,0.0010022048506714773,False,True,False,False,False,False,False
720575940629064186,flow,efferent,4989,400,0.25,0.02,0.1,0.024453798356384046,0.8612948486670675,0.05091200641411105,0.007817197835237523,0.022850270595309682,0.03166967328121868,0.0010022048506714773,False,True,False,False,False,False,False
720575940629064186,flow,efferent,4989,400,0.25,0.01,0.01,0.024453798356384046,0.8612948486670675,0.05091200641411105,0.007817197835237523,0.022850270595309682,0.03166967328121868,0.0010022048506714773,False,True,False,False,False,False,False
720575940629064186,flow,efferent,4989,400,0.25,0.01,0.05,0.024453798356384046,0.8612948486670675,0.05091200641411105,0.007817197835237523,0.022850270595309682,0.03166967328121868,0.0010022048506714773,False,True,False,False,False,False,False
720575940629064186,flow,efferent,4989,400,0.25,0.01,0.1,0.024453798356384046,0.8612948486670675,0.05091200641411105,0.007817197835237523,0.022850270595309682,0.03166967328121868,0.0010022048506714773,False,False,False,False,False,False,False
720575940607378633,flow,efferent,2577,400,0.25,0.14285714285714285,0.01,0.11874272409778813,0.6441598758246022,0.05975941016686069,0.03686457120682965,0.0737291424136593,0.06286379511059371,0.0038804811796662787,True,True,True,True,True,True,False
720575940607378633,flow,efferent,2577,400,0.25,0.14285714285714285,0.05,0.11874272409778813,0.6441598758246022,0.05975941016686069,0.03686457120682965,0.0737291424136593,0.06286379511059371,0.0038804811796662787,True,True,False,False,False,False,False
720575940607378633,flow,efferent,2577,400,0.25,0.14285714285714285,0.1,0.11874272409778813,0.6441598758246022,0.05975941016686069,0.03686457120682965,0.0737291424136593,0.06286379511059371,0.0038804811796662787,False,True,False,False,False,False,False
720575940607378633,flow,efferent,2577,400,0.25,0.04,0.01,0.11874272409778813,0.6441598758246022,0.05975941016686069,0.03686457120682965,0.0737291424136593,0.06286379511059371,0.0038804811796662787,True,True,False,True,False,True,False
720575940607378633,flow,efferent,2577,400,0.25,0.04,0.05,0.11874272409778813,0.6441598758246022,0.05975941016686069,0.03686457120682965,0.0737291424136593,0.06286379511059371,0.0038804811796662787,True,True,False,False,False,False,False
720575940607378633,flow,efferent,2577,400,0.25,0.04,0.1,0.11874272409778813,0.6441598758246022,0.05975941016686069,0.03686457120682965,0.0737291424136593,0.06286379511059371,0.0038804811796662787,False,True,False,False,False,False,False
720575940607378633,flow,efferent,2577,400,0.25,0.02,0.01,0.11874272409778813,0.6441598758246022,0.05975941016686069,0.03686457120682965,0.0737291424136593,0.06286379511059371,0.0038804811796662787,True,True,False,False,False,True,False
720575940607378633,flow,efferent,2577,400,0.25,0.02,0.05,0.11874272409778813,0.6441598758246022,0.05975941016686069,0.03686457120682965,0.0737291424136593,0.06286379511059371,0.0038804811796662787,True,True,False,False,False,False,False
720575940607378633,flow,efferent,2577,400,0.25,0.02,0.1,0.11874272409778813,0.6441598758246022,0.05975941016686069,0.03686457120682965,0.0737291424136593,0.06286379511059371,0.0038804811796662787,False,False,False,False,False,False,False
720575940607378633,flow,efferent,2577,400,0.25,0.01,0.01,0.11874272409778813,0.6441598758246022,0.05975941016686069,0.03686457120682965,0.0737291424136593,0.06286379511059371,0.0038804811796662787,True,True,False,False,False,True,False
720575940607378633,flow,efferent,2577,400,0.25,0.01,0.05,0.11874272409778813,0.6441598758246022,0.05975941016686069,0.03686457120682965,0.0737291424136593,0.06286379511059371,0.0038804811796662787,True,True,False,False,False,False,False
720575940607378633,flow,efferent,2577,400,0.25,0.01,0.1,0.11874272409778813,0.6441598758246022,0.05975941016686069,0.03686457120682965,0.0737291424136593,0.06286379511059371,0.0038804811796662787,False,False,False,False,False,False,False
720575940628627867,flow,efferent,10103,400,0.25,0.14285714285714285,0.01,0.017519548648916163,0.8497475997228546,0.03167376026922696,0.008314362070672078,0.049589230921508465,0.0427595763634564,0.00039592200336533703,True,True,True,False,True,True,False
720575940628627867,flow,efferent,10103,400,0.25,0.14285714285714285,0.05,0.017519548648916163,0.8497475997228546,0.03167376026922696,0.008314362070672078,0.049589230921508465,0.0427595763634564,0.00039592200336533703,False,True,False,False,False,False,False
720575940628627867,flow,efferent,10103,400,0.25,0.14285714285714285,0.1,0.017519548648916163,0.8497475997228546,0.03167376026922696,0.008314362070672078,0.049589230921508465,0.0427595763634564,0.00039592200336533703,False,True,False,False,False,False,False
720575940628627867,flow,efferent,10103,400,0.25,0.04,0.01,0.017519548648916163,0.8497475997228546,0.03167376026922696,0.008314362070672078,0.049589230921508465,0.0427595763634564,0.00039592200336533703,False,True,False,False,False,False,False
720575940628627867,flow,efferent,10103,400,0.25,0.04,0.05,0.017519548648916163,0.8497475997228546,0.03167376026922696,0.008314362070672078,0.049589230921508465,0.0427595763634564,0.00039592200336533703,False,True,False,False,False,False,False
720575940628627867,flow,efferent,10103,400,0.25,0.04,0.1,0.017519548648916163,0.8497475997228546,0.03167376026922696,0.008314362070672078,0.049589230921508465,0.0427595763634564,0.00039592200336533703,False,True,False,False,False,False,False
720575940628627867,flow,efferent,10103,400,0.25,0.02,0.01,0.017519548648916163,0.8497475997228546,0.03167376026922696,0.008314362070672078,0.049589230921508465,0.0427595763634564,0.00039592200336533703,False,True,False,False,False,False,False
720575940628627867,flow,efferent,10103,400,0.25,0.02,0.05,0.017519548648916163,0.8497475997228546,0.03167376026922696,0.008314362070672078,0.049589230921508465,0.0427595763634564,0.00039592200336533703,False,True,False,False,False,False,False
720575940628627867,flow,efferent,10103,400,0.25,0.02,0.1,0.017519548648916163,0.8497475997228546,0.03167376026922696,0.008314362070672078,0.049589230921508465,0.0427595763634564,0.00039592200336533703,False,False,False,False,False,False,False
720575940628627867,flow,efferent,10103,400,0.25,0.01,0.01,0.017519548648916163,0.8497475997228546,0.03167376026922696,0.008314362070672078,0.049589230921508465,0.0427595763634564,0.00039592200336533703,False,True,False,False,False,False,False
720575940628627867,flow,efferent,10103,400,0.25,0.01,0.05,0.017519548648916163,0.8497475997228546,0.03167376026922696,0.008314362070672078,0.049589230921508465,0.0427595763634564,0.00039592200336533703,False,True,False,False,False,False,False
720575940628627867,flow,efferent,10103,400,0.25,0.01,0.1,0.017519548648916163,0.8497475997228546,0.03167376026922696,0.008314362070672078,0.049589230921508465,0.0427595763634564,0.00039592200336533703,False,False,False,False,False,False,False
720575940625376062,flow,efferent,1577,400,0.25,0.14285714285714285,0.01,0.4889029803424223,0.08560558021559923,0.3722257450856056,0.0019023462270133164,0.029169308814204185,0.02155992390615092,0.0006341154090044388,True,True,True,False,True,True,
720575940625376062,flow,efferent,1577,400,0.25,0.14285714285714285,0.05,0.4889029803424223,0.08560558021559923,0.3722257450856056,0.0019023462270133164,0.029169308814204185,0.02155992390615092,0.0006341154090044388,True,True,True,False,False,False,
720575940625376062,flow,efferent,1577,400,0.25,0.14285714285714285,0.1,0.4889029803424223,0.08560558021559923,0.3722257450856056,0.0019023462270133164,0.029169308814204185,0.02155992390615092,0.0006341154090044388,True,False,True,False,False,False,
720575940625376062,flow,efferent,1577,400,0.25,0.04,0.01,0.4889029803424223,0.08560558021559923,0.3722257450856056,0.0019023462270133164,0.029169308814204185,0.02155992390615092,0.0006341154090044388,True,True,True,False,False,False,
720575940625376062,flow,efferent,1577,400,0.25,0.04,0.05,0.4889029803424223,0.08560558021559923,0.3722257450856056,0.0019023462270133164,0.029169308814204185,0.02155992390615092,0.0006341154090044388,True,False,False,False,False,False,
720575940625376062,flow,efferent,1577,400,0.25,0.04,0.1,0.4889029803424223,0.08560558021559923,0.3722257450856056,0.0019023462270133164,0.029169308814204185,0.02155992390615092,0.0006341154090044388,True,False,False,False,False,False,
720575940625376062,flow,efferent,1577,400,0.25,0.02,0.01,0.4889029803424223,0.08560558021559923,0.3722257450856056,0.0019023462270133164,0.029169308814204185,0.02155992390615092,0.0006341154090044388,True,True,True,False,False,False,
720575940625376062,flow,efferent,1577,400,0.25,0.02,0.05,0.4889029803424223,0.08560558021559923,0.3722257450856056,0.0019023462270133164,0.029169308814204185,0.02155992390615092,0.0006341154090044388,True,False,False,False,False,False,
720575940625376062,flow,efferent,1577,400,0.25,0.02,0.1,0.4889029803424223,0.08560558021559923,0.3722257450856056,0.0019023462270133164,0.029169308814204185,0.02155992390615092,0.0006341154090044388,False,False,False,False,False,False,
720575940625376062,flow,efferent,1577,400,0.25,0.01,0.01,0.4889029803424223,0.08560558021559923,0.3722257450856056,0.0019023462270133164,0.029169308814204185,0.02155992390615092,0.0006341154090044388,True,False,True,False,False,False,
720575940625376062,flow,efferent,1577,400,0.25,0.01,0.05,0.4889029803424223,0.08560558021559923,0.3722257450856056,0.0019023462270133164,0.029169308814204185,0.02155992390615092,0.0006341154090044388,True,False,False,False,False,False,
720575940625376062,flow,efferent,1577,400,0.25,0.01,0.1,0.4889029803424223,0.08560558021559923,0.3722257450856056,0.0019023462270133164,0.029169308814204185,0.02155992390615092,0.0006341154090044388,False,False,False,False,False,False,
720575940625558730,flow,efferent,3459,400,0.25,0.14285714285714285,0.01,0.06909511419485401,0.14194854004047414,0.6076900838392599,0.022549869904596703,0.10667823070251518,0.0505926568372362,0.0014455044810638912,True,True,True,True,True,True,False
720575940625558730,flow,efferent,3459,400,0.25,0.14285714285714285,0.05,0.06909511419485401,0.14194854004047414,0.6076900838392599,0.022549869904596703,0.10667823070251518,0.0505926568372362,0.0014455044810638912,False,True,True,False,False,False,False
720575940625558730,flow,efferent,3459,400,0.25,0.14285714285714285,0.1,0.06909511419485401,0.14194854004047414,0.6076900838392599,0.022549869904596703,0.10667823070251518,0.0505926568372362,0.0014455044810638912,False,False,True,False,False,False,False
720575940625558730,flow,efferent,3459,400,0.25,0.04,0.01,0.06909511419485401,0.14194854004047414,0.6076900838392599,0.022549869904596703,0.10667823070251518,0.0505926568372362,0.0014455044810638912,True,True,True,True,True,True,False
720575940625558730,flow,efferent,3459,400,0.25,0.04,0.05,0.06909511419485401,0.14194854004047414,0.6076900838392599,0.022549869904596703,0.10667823070251518,0.0505926568372362,0.0014455044810638912,False,False,True,False,False,False,False
720575940625558730,flow,efferent,3459,400,0.25,0.04,0.1,0.06909511419485401,0.14194854004047414,0.6076900838392599,0.022549869904596703,0.10667823070251518,0.0505926568372362,0.0014455044810638912,False,False,True,False,False,False,False
720575940625558730,flow,efferent,3459,400,0.25,0.02,0.01,0.06909511419485401,0.14194854004047414,0.6076900838392599,0.022549869904596703,0.10667823070251518,0.0505926568372362,0.0014455044810638912,True,True,True,False,True,True,False
720575940625558730,flow,efferent,3459,400,0.25,0.02,0.05,0.06909511419485401,0.14194854004047414,0.6076900838392599,0.022549869904596703,0.10667823070251518,0.0505926568372362,0.0014455044810638912,False,False,True,False,False,False,False
720575940625558730,flow,efferent,3459,400,0.25,0.02,0.1,0.06909511419485401,0.14194854004047414,0.6076900838392599,0.022549869904596703,0.10667823070251518,0.0505926568372362,0.0014455044810638912,False,False,True,False,False,False,False
720575940625558730,flow,efferent,3459,400,0.25,0.01,0.01,0.06909511419485401,0.14194854004047414,0.6076900838392599,0.022549869904596703,0.10667823070251518,0.0505926568372362,0.0014455044810638912,True,True,True,False,False,True,False
720575940625558730,flow,efferent,3459,400,0.25,0.01,0.05,0.06909511419485401,0.14194854004047414,0.6076900838392599,0.022549869904596703,0.10667823070251518,0.0505926568372362,0.0014455044810638912,False,False,False,False,False,False,False
720575940625558730,flow,efferent,3459,400,0.25,0.01,0.1,0.06909511419485401,0.14194854004047414,0.6076900838392599,0.022549869904596703,0.10667823070251518,0.0505926568372362,0.0014455044810638912,False,False,False,False,False,False,False
720575940626834698,flow,efferent,554,400,0.25,0.14285714285714285,0.01,0.08844765342960288,0.7870036101083032,0.021660649819494584,0.0036101083032490976,0.05054151624548736,0.048736462093862815,0.0,True,True,True,False,True,True,
720575940626834698,flow,efferent,554,400,0.25,0.14285714285714285,0.05,0.08844765342960288,0.7870036101083032,0.021660649819494584,0.0036101083032490976,0.05054151624548736,0.048736462093862815,0.0,True,True,False,False,False,False,
720575940626834698,flow,efferent,554,400,0.25,0.14285714285714285,0.1,0.08844765342960288,0.7870036101083032,0.021660649819494584,0.0036101083032490976,0.05054151624548736,0.048736462093862815,0.0,False,True,False,False,False,False,
720575940626834698,flow,efferent,554,400,0.25,0.04,0.01,0.08844765342960288,0.7870036101083032,0.021660649819494584,0.0036101083032490976,0.05054151624548736,0.048736462093862815,0.0,True,True,False,False,False,True,
720575940626834698,flow,efferent,554,400,0.25,0.04,0.05,0.08844765342960288,0.7870036101083032,0.021660649819494584,0.0036101083032490976,0.05054151624548736,0.048736462093862815,0.0,True,True,False,False,False,False,
720575940626834698,flow,efferent,554,400,0.25,0.04,0.1,0.08844765342960288,0.7870036101083032,0.021660649819494584,0.0036101083032490976,0.05054151624548736,0.048736462093862815,0.0,False,True,False,False,False,False,
720575940626834698,flow,efferent,554,400,0.25,0.02,0.01,0.08844765342960288,0.7870036101083032,0.021660649819494584,0.0036101083032490976,0.05054151624548736,0.048736462093862815,0.0,True,True,False,False,False,True,
720575940626834698,flow,efferent,554,400,0.25,0.02,0.05,0.08844765342960288,0.7870036101083032,0.021660649819494584,0.0036101083032490976,0.05054151624548736,0.048736462093862815,0.0,True,True,False,False,False,False,
720575940626834698,flow,efferent,554,400,0.25,0.02,0.1,0.08844765342960288,0.7870036101083032,0.021660649819494584,0.0036101083032490976,0.05054151624548736,0.048736462093862815,0.0,False,True,False,False,False,False,
720575940626834698,flow,efferent,554,400,0.25,0.01,0.01,0.08844765342960288,0.7870036101083032,0.021660649819494584,0.0036101083032490976,0.05054151624548736,0.048736462093862815,0.0,True,True,False,False,False,True,
720575940626834698,flow,efferent,554,400,0.25,0.01,0.05,0.08844765342960288,0.7870036101083032,0.021660649819494584,0.0036101083032490976,0.05054151624548736,0.048736462093862815,0.0,False,True,False,False,False,False,
720575940626834698,flow,efferent,554,400,0.25,0.01,0.1,0.08844765342960288,0.7870036101083032,0.021660649819494584,0.0036101083032490976,0.05054151624548736,0.048736462093862815,0.0,False,True,False,False,False,False,
720575940614623455,flow,efferent,1124,400,0.25,0.14285714285714285,0.01,0.23398576512455516,0.017793594306049824,0.011565836298932384,0.6387900355871886,0.0711743772241993,0.025800711743772242,0.0008896797153024911,True,True,True,True,True,True,
720575940614623455,flow,efferent,1124,400,0.25,0.14285714285714285,0.05,0.23398576512455516,0.017793594306049824,0.011565836298932384,0.6387900355871886,0.0711743772241993,0.025800711743772242,0.0008896797153024911,True,False,False,True,False,False,
720575940614623455,flow,efferent,1124,400,0.25,0.14285714285714285,0.1,0.23398576512455516,0.017793594306049824,0.011565836298932384,0.6387900355871886,0.0711743772241993,0.025800711743772242,0.0008896797153024911,True,False,False,True,False,False,
720575940614623455,flow,efferent,1124,400,0.25,0.04,0.01,0.23398576512455516,0.017793594306049824,0.011565836298932384,0.6387900355871886,0.0711743772241993,0.025800711743772242,0.0008896797153024911,True,False,False,True,True,False,
720575940614623455,flow,efferent,1124,400,0.25,0.04,0.05,0.23398576512455516,0.017793594306049824,0.011565836298932384,0.6387900355871886,0.0711743772241993,0.025800711743772242,0.0008896797153024911,True,False,False,True,False,False,
720575940614623455,flow,efferent,1124,400,0.25,0.04,0.1,0.23398576512455516,0.017793594306049824,0.011565836298932384,0.6387900355871886,0.0711743772241993,0.025800711743772242,0.0008896797153024911,True,False,False,True,False,False,
720575940614623455,flow,efferent,1124,400,0.25,0.02,0.01,0.23398576512455516,0.017793594306049824,0.011565836298932384,0.6387900355871886,0.0711743772241993,0.025800711743772242,0.0008896797153024911,True,False,False,True,True,False,
720575940614623455,flow,efferent,1124,400,0.25,0.02,0.05,0.23398576512455516,0.017793594306049824,0.011565836298932384,0.6387900355871886,0.0711743772241993,0.025800711743772242,0.0008896797153024911,True,False,False,True,False,False,
720575940614623455,flow,efferent,1124,400,0.25,0.02,0.1,0.23398576512455516,0.017793594306049824,0.011565836298932384,0.6387900355871886,0.0711743772241993,0.025800711743772242,0.0008896797153024911,True,False,False,True,False,False,
720575940614623455,flow,efferent,1124,400,0.25,0.01,0.01,0.23398576512455516,0.017793594306049824,0.011565836298932384,0.6387900355871886,0.0711743772241993,0.025800711743772242,0.0008896797153024911,True,False,False,True,False,False,
720575940614623455,flow,efferent,1124,400,0.25,0.01,0.05,0.23398576512455516,0.017793594306049824,0.011565836298932384,0.6387900355871886,0.0711743772241993,0.025800711743772242,0.0008896797153024911,True,False,False,True,False,False,
720575940614623455,flow,efferent,1124,400,0.25,0.01,0.1,0.23398576512455516,0.017793594306049824,0.011565836298932384,0.6387900355871886,0.0711743772241993,0.025800711743772242,0.0008896797153024911,True,False,False,True,False,False,
720575940603765280,flow,efferent,1155,400,0.25,0.14285714285714285,0.01,0.21991341991341992,0.023376623376623377,0.015584415584415584,0.5930735930735931,0.10043290043290043,0.047619047619047616,0.0,True,True,True,True,True,True,
720575940603765280,flow,efferent,1155,400,0.25,0.14285714285714285,0.05,0.21991341991341992,0.023376623376623377,0.015584415584415584,0.5930735930735931,0.10043290043290043,0.047619047619047616,0.0,True,False,False,True,False,False,
720575940603765280,flow,efferent,1155,400,0.25,0.14285714285714285,0.1,0.21991341991341992,0.023376623376623377,0.015584415584415584,0.5930735930735931,0.10043290043290043,0.047619047619047616,0.0,True,False,False,True,False,False,
720575940603765280,flow,efferent,1155,400,0.25,0.04,0.01,0.21991341991341992,0.023376623376623377,0.015584415584415584,0.5930735930735931,0.10043290043290043,0.047619047619047616,0.0,True,False,False,True,True,True,
720575940603765280,flow,efferent,1155,400,0.25,0.04,0.05,0.21991341991341992,0.023376623376623377,0.015584415584415584,0.5930735930735931,0.10043290043290043,0.047619047619047616,0.0,True,False,False,True,False,False,
720575940603765280,flow,efferent,1155,400,0.25,0.04,0.1,0.21991341991341992,0.023376623376623377,0.015584415584415584,0.5930735930735931,0.10043290043290043,0.047619047619047616,0.0,True,False,False,True,False,False,
720575940603765280,flow,efferent,1155,400,0.25,0.02,0.01,0.21991341991341992,0.023376623376623377,0.015584415584415584,0.5930735930735931,0.10043290043290043,0.047619047619047616,0.0,True,False,False,True,True,False,
720575940603765280,flow,efferent,1155,400,0.25,0.02,0.05,0.21991341991341992,0.023376623376623377,0.015584415584415584,0.5930735930735931,0.10043290043290043,0.047619047619047616,0.0,True,False,False,True,False,False,
720575940603765280,flow,efferent,1155,400,0.25,0.02,0.1,0.21991341991341992,0.023376623376623377,0.015584415584415584,0.5930735930735931,0.10043290043290043,0.047619047619047616,0.0,True,False,False,True,False,False,
720575940603765280,flow,efferent,1155,400,0.25,0.01,0.01,0.21991341991341992,0.023376623376623377,0.015584415584415584,0.5930735930735931,0.10043290043290043,0.047619047619047616,0.0,True,False,False,True,True,False,
720575940603765280,flow,efferent,1155,400,0.25,0.01,0.05,0.21991341991341992,0.023376623376623377,0.015584415584415584,0.5930735930735931,0.10043290043290043,0.047619047619047616,0.0,False,False,False,False,False,False,
720575940603765280,flow,efferent,1155,400,0.25,0.01,0.1,0.21991341991341992,0.023376623376623377,0.015584415584415584,0.5930735930735931,0.10043290043290043,0.047619047619047616,0.0,False,False,False,False,False,False,
720575940624402173,flow,efferent,67406,400,0.25,0.14285714285714285,0.01,0.00897546212503338,0.9421861555351155,0.01174969587277097,0.009895261549416966,0.016452541316796725,0.010488680532890248,0.00025220306797614457,False,True,False,False,False,False,False
720575940624402173,flow,efferent,67406,400,0.25,0.14285714285714285,0.05,0.00897546212503338,0.9421861555351155,0.01174969587277097,0.009895261549416966,0.016452541316796725,0.010488680532890248,0.00025220306797614457,False,True,False,False,False,False,False
720575940624402173,flow,efferent,67406,400,0.25,0.14285714285714285,0.1,0.00897546212503338,0.9421861555351155,0.01174969587277097,0.009895261549416966,0.016452541316796725,0.010488680532890248,0.00025220306797614457,False,True,False,False,False,False,False
720575940624402173,flow,efferent,67406,400,0.25,0.04,0.01,0.00897546212503338,0.9421861555351155,0.01174969587277097,0.009895261549416966,0.016452541316796725,0.010488680532890248,0.00025220306797614457,False,True,False,False,False,False,False
720575940624402173,flow,efferent,67406,400,0.25,0.04,0.05,0.00897546212503338,0.9421861555351155,0.01174969587277097,0.009895261549416966,0.016452541316796725,0.010488680532890248,0.00025220306797614457,False,True,False,False,False,False,False
720575940624402173,flow,efferent,67406,400,0.25,0.04,0.1,0.00897546212503338,0.9421861555351155,0.01174969587277097,0.009895261549416966,0.016452541316796725,0.010488680532890248,0.00025220306797614457,False,True,False,False,False,False,False
720575940624402173,flow,efferent,67406,400,0.25,0.02,0.01,0.00897546212503338,0.9421861555351155,0.01174969587277097,0.009895261549416966,0.016452541316796725,0.010488680532890248,0.00025220306797614457,False,True,False,False,False,False,False
720575940624402173,flow,efferent,67406,400,0.25,0.02,0.05,0.00897546212503338,0.9421861555351155,0.01174969587277097,0.009895261549416966,0.016452541316796725,0.010488680532890248,0.00025220306797614457,False,True,False,False,False,False,False
720575940624402173,flow,efferent,67406,400,0.25,0.02,0.1,0.00897546212503338,0.9421861555351155,0.01174969587277097,0.009895261549416966,0.016452541316796725,0.010488680532890248,0.00025220306797614457,False,True,False,False,False,False,False
720575940624402173,flow,efferent,67406,400,0.25,0.01,0.01,0.00897546212503338,0.9421861555351155,0.01174969587277097,0.009895261549416966,0.016452541316796725,0.010488680532890248,0.00025220306797614457,False,True,False,False,False,False,False
720575940624402173,flow,efferent,67406,400,0.25,0.01,0.05,0.00897546212503338,0.9421861555351155,0.01174969587277097,0.009895261549416966,0.016452541316796725,0.010488680532890248,0.00025220306797614457,False,False,False,False,False,False,False
720575940624402173,flow,efferent,67406,400,0.25,0.01,0.1,0.00897546212503338,0.9421861555351155,0.01174969587277097,0.009895261549416966,0.016452541316796725,0.010488680532890248,0.00025220306797614457,False,False,False,False,False,False,False
720575940627055303,flow,efferent,1813,400,0.25,0.14285714285714285,0.01,0.13072255929398788,0.661334804191947,0.0821842250413679,0.03143960286817429,0.07280750137892995,0.019856591285162713,0.001654715940430226,True,True,True,True,True,True,False
720575940627055303,flow,efferent,1813,400,0.25,0.14285714285714285,0.05,0.13072255929398788,0.661334804191947,0.0821842250413679,0.03143960286817429,0.07280750137892995,0.019856591285162713,0.001654715940430226,True,True,True,False,False,False,False
720575940627055303,flow,efferent,1813,400,0.25,0.14285714285714285,0.1,0.13072255929398788,0.661334804191947,0.0821842250413679,0.03143960286817429,0.07280750137892995,0.019856591285162713,0.001654715940430226,False,True,False,False,False,False,False
720575940627055303,flow,efferent,1813,400,0.25,0.04,0.01,0.13072255929398788,0.661334804191947,0.0821842250413679,0.03143960286817429,0.07280750137892995,0.019856591285162713,0.001654715940430226,True,True,True,False,False,True,False
720575940627055303,flow,efferent,1813,400,0.25,0.04,0.05,0.13072255929398788,0.661334804191947,0.0821842250413679,0.03143960286817429,0.07280750137892995,0.019856591285162713,0.001654715940430226,True,True,False,False,False,False,False
720575940627055303,flow,efferent,1813,400,0.25,0.04,0.1,0.13072255929398788,0.661334804191947,0.0821842250413679,0.03143960286817429,0.07280750137892995,0.019856591285162713,0.001654715940430226,False,True,False,False,False,False,False
720575940627055303,flow,efferent,1813,400,0.25,0.02,0.01,0.13072255929398788,0.661334804191947,0.0821842250413679,0.03143960286817429,0.07280750137892995,0.019856591285162713,0.001654715940430226,True,True,False,False,False,True,False
720575940627055303,flow,efferent,1813,400,0.25,0.02,0.05,0.13072255929398788,0.661334804191947,0.0821842250413679,0.03143960286817429,0.07280750137892995,0.019856591285162713,0.001654715940430226,True,True,False,False,False,False,False
720575940627055303,flow,efferent,1813,400,0.25,0.02,0.1,0.13072255929398788,0.661334804191947,0.0821842250413679,0.03143960286817429,0.07280750137892995,0.019856591285162713,0.001654715940430226,False,False,False,False,False,False,False
720575940627055303,flow,efferent,1813,400,0.25,0.01,0.01,0.13072255929398788,0.661334804191947,0.0821842250413679,0.03143960286817429,0.07280750137892995,0.019856591285162713,0.001654715940430226,True,True,False,False,False,True,False
720575940627055303,flow,efferent,1813,400,0.25,0.01,0.05,0.13072255929398788,0.661334804191947,0.0821842250413679,0.03143960286817429,0.07280750137892995,0.019856591285162713,0.001654715940430226,True,True,False,False,False,False,False
720575940627055303,flow,efferent,1813,400,0.25,0.01,0.1,0.13072255929398788,0.661334804191947,0.0821842250413679,0.03143960286817429,0.07280750137892995,0.019856591285162713,0.001654715940430226,False,False,False,False,False,False,False
720575940631082808,flow,efferent,2953,400,0.25,0.14285714285714285,0.01,0.11615306467998646,0.5963427023366068,0.062309515746698275,0.05655265831357941,0.1198780900778869,0.0467321368100237,0.002031832035218422,True,True,True,True,True,True,False
720575940631082808,flow,efferent,2953,400,0.25,0.14285714285714285,0.05,0.11615306467998646,0.5963427023366068,0.062309515746698275,0.05655265831357941,0.1198780900778869,0.0467321368100237,0.002031832035218422,True,True,False,False,False,False,False
720575940631082808,flow,efferent,2953,400,0.25,0.14285714285714285,0.1,0.11615306467998646,0.5963427023366068,0.062309515746698275,0.05655265831357941,0.1198780900778869,0.0467321368100237,0.002031832035218422,False,True,False,False,False,False,False
720575940631082808,flow,efferent,2953,400,0.25,0.04,0.01,0.11615306467998646,0.5963427023366068,0.062309515746698275,0.05655265831357941,0.1198780900778869,0.0467321368100237,0.002031832035218422,True,True,True,True,True,True,False
720575940631082808,flow,efferent,2953,400,0.25,0.04,0.05,0.11615306467998646,0.5963427023366068,0.062309515746698275,0.05655265831357941,0.1198780900778869,0.0467321368100237,0.002031832035218422,True,True,False,False,False,False,False
720575940631082808,flow,efferent,2953,400,0.25,0.04,0.1,0.11615306467998646,0.5963427023366068,0.062309515746698275,0.05655265831357941,0.1198780900778869,0.0467321368100237,0.002031832035218422,False,True,False,False,False,False,False
720575940631082808,flow,efferent,2953,400,0.25,0.02,0.01,0.11615306467998646,0.5963427023366068,0.062309515746698275,0.05655265831357941,0.1198780900778869,0.0467321368100237,0.002031832035218422,True,True,True,True,False,False,False
720575940631082808,flow,efferent,2953,400,0.25,0.02,0.05,0.11615306467998646,0.5963427023366068,0.062309515746698275,0.05655265831357941,0.1198780900778869,0.0467321368100237,0.002031832035218422,True,True,False,False,False,False,False
720575940631082808,flow,efferent,2953,400,0.25,0.02,0.1,0.11615306467998646,0.5963427023366068,0.062309515746698275,0.05655265831357941,0.1198780900778869,0.0467321368100237,0.002031832035218422,False,True,False,False,False,False,False
720575940631082808,flow,efferent,2953,400,0.25,0.01,0.01,0.11615306467998646,0.5963427023366068,0.062309515746698275,0.05655265831357941,0.1198780900778869,0.0467321368100237,0.002031832035218422,True,True,True,False,False,False,False
720575940631082808,flow,efferent,2953,400,0.25,0.01,0.05,0.11615306467998646,0.5963427023366068,0.062309515746698275,0.05655265831357941,0.1198780900778869,0.0467321368100237,0.002031832035218422,True,True,False,False,False,False,False
720575940631082808,flow,efferent,2953,400,0.25,0.01,0.1,0.11615306467998646,0.5963427023366068,0.062309515746698275,0.05655265831357941,0.1198780900778869,0.0467321368100237,0.002031832035218422,False,False,False,False,False,False,False
720575940623037720,flow,efferent,6427,400,0.25,0.14285714285714285,0.01,0.5475338416057258,0.3339038431616617,0.026295316632954722,0.01384782946942586,0.05601369223587988,0.02193869612571962,0.00046678076863233234,True,True,True,False,True,True,False
720575940623037720,flow,efferent,6427,400,0.25,0.14285714285714285,0.05,0.5475338416057258,0.3339038431616617,0.026295316632954722,0.01384782946942586,0.05601369223587988,0.02193869612571962,0.00046678076863233234,True,True,False,False,False,False,False
720575940623037720,flow,efferent,6427,400,0.25,0.14285714285714285,0.1,0.5475338416057258,0.3339038431616617,0.026295316632954722,0.01384782946942586,0.05601369223587988,0.02193869612571962,0.00046678076863233234,True,True,False,False,False,False,False
720575940623037720,flow,efferent,6427,400,0.25,0.04,0.01,0.5475338416057258,0.3339038431616617,0.026295316632954722,0.01384782946942586,0.05601369223587988,0.02193869612571962,0.00046678076863233234,True,True,False,False,False,False,False
720575940623037720,flow,efferent,6427,400,0.25,0.04,0.05,0.5475338416057258,0.3339038431616617,0.026295316632954722,0.01384782946942586,0.05601369223587988,0.02193869612571962,0.00046678076863233234,True,False,False,False,False,False,False
720575940623037720,flow,efferent,6427,400,0.25,0.04,0.1,0.5475338416057258,0.3339038431616617,0.026295316632954722,0.01384782946942586,0.05601369223587988,0.02193869612571962,0.00046678076863233234,False,False,False,False,False,False,False
720575940623037720,flow,efferent,6427,400,0.25,0.02,0.01,0.5475338416057258,0.3339038431616617,0.026295316632954722,0.01384782946942586,0.05601369223587988,0.02193869612571962,0.00046678076863233234,True,True,False,False,False,False,False
720575940623037720,flow,efferent,6427,400,0.25,0.02,0.05,0.5475338416057258,0.3339038431616617,0.026295316632954722,0.01384782946942586,0.05601369223587988,0.02193869612571962,0.00046678076863233234,False,False,False,False,False,False,False
720575940623037720,flow,efferent,6427,400,0.25,0.02,0.1,0.5475338416057258,0.3339038431616617,0.026295316632954722,0.01384782946942586,0.05601369223587988,0.02193869612571962,0.00046678076863233234,False,False,False,False,False,False,False
720575940623037720,flow,efferent,6427,400,0.25,0.01,0.01,0.5475338416057258,0.3339038431616617,0.026295316632954722,0.01384782946942586,0.05601369223587988,0.02193869612571962,0.00046678076863233234,True,True,False,False,False,False,False
720575940623037720,flow,efferent,6427,400,0.25,0.01,0.05,0.5475338416057258,0.3339038431616617,0.026295316632954722,0.01384782946942586,0.05601369223587988,0.02193869612571962,0.00046678076863233234,False,False,False,False,False,False,False
720575940623037720,flow,efferent,6427,400,0.25,0.01,0.1,0.5475338416057258,0.3339038431616617,0.026295316632954722,0.01384782946942586,0.05601369223587988,0.02193869612571962,0.00046678076863233234,False,False,False,False,False,False,False
720575940616153371,flow,efferent,1003,400,0.25,0.14285714285714285,0.01,0.21535393818544366,0.06181455633100698,0.02991026919242273,0.4057826520438684,0.25324027916251246,0.03290129611166501,0.0009970089730807576,True,True,True,True,True,True,
720575940616153371,flow,efferent,1003,400,0.25,0.14285714285714285,0.05,0.21535393818544366,0.06181455633100698,0.02991026919242273,0.4057826520438684,0.25324027916251246,0.03290129611166501,0.0009970089730807576,True,False,False,True,True,False,
720575940616153371,flow,efferent,1003,400,0.25,0.14285714285714285,0.1,0.21535393818544366,0.06181455633100698,0.02991026919242273,0.4057826520438684,0.25324027916251246,0.03290129611166501,0.0009970089730807576,True,False,False,False,True,False,
720575940616153371,flow,efferent,1003,400,0.25,0.04,0.01,0.21535393818544366,0.06181455633100698,0.02991026919242273,0.4057826520438684,0.25324027916251246,0.03290129611166501,0.0009970089730807576,True,True,True,True,True,False,
720575940616153371,flow,efferent,1003,400,0.25,0.04,0.05,0.21535393818544366,0.06181455633100698,0.02991026919242273,0.4057826520438684,0.25324027916251246,0.03290129611166501,0.0009970089730807576,True,False,False,True,True,False,
720575940616153371,flow,efferent,1003,400,0.25,0.04,0.1,0.21535393818544366,0.06181455633100698,0.02991026919242273,0.4057826520438684,0.25324027916251246,0.03290129611166501,0.0009970089730807576,True,False,False,False,True,False,
720575940616153371,flow,efferent,1003,400,0.25,0.02,0.01,0.21535393818544366,0.06181455633100698,0.02991026919242273,0.4057826520438684,0.25324027916251246,0.03290129611166501,0.0009970089730807576,True,True,True,True,True,False,
720575940616153371,flow,efferent,1003,400,0.25,0.02,0.05,0.21535393818544366,0.06181455633100698,0.02991026919242273,0.4057826520438684,0.25324027916251246,0.03290129611166501,0.0009970089730807576,True,False,False,True,True,False,
720575940616153371,flow,efferent,1003,400,0.25,0.02,0.1,0.21535393818544366,0.06181455633100698,0.02991026919242273,0.4057826520438684,0.25324027916251246,0.03290129611166501,0.0009970089730807576,True,False,False,False,False,False,
720575940616153371,flow,efferent,1003,400,0.25,0.01,0.01,0.21535393818544366,0.06181455633100698,0.02991026919242273,0.4057826520438684,0.25324027916251246,0.03290129611166501,0.0009970089730807576,True,True,True,True,True,False,
720575940616153371,flow,efferent,1003,400,0.25,0.01,0.05,0.21535393818544366,0.06181455633100698,0.02991026919242273,0.4057826520438684,0.25324027916251246,0.03290129611166501,0.0009970089730807576,True,False,False,False,False,False,
720575940616153371,flow,efferent,1003,400,0.25,0.01,0.1,0.21535393818544366,0.06181455633100698,0.02991026919242273,0.4057826520438684,0.25324027916251246,0.03290129611166501,0.0009970089730807576,False,False,False,False,False,False,
720575940630697078,flow,efferent,4264,400,0.25,0.14285714285714285,0.01,0.012195121951219513,0.02931519699812383,0.2535178236397749,0.0300187617260788,0.34662288930581614,0.3280956848030019,0.00023452157598499062,False,True,True,True,True,True,
720575940630697078,flow,efferent,4264,400,0.25,0.14285714285714285,0.05,0.012195121951219513,0.02931519699812383,0.2535178236397749,0.0300187617260788,0.34662288930581614,0.3280956848030019,0.00023452157598499062,False,False,True,False,True,True,
720575940630697078,flow,efferent,4264,400,0.25,0.14285714285714285,0.1,0.012195121951219513,0.02931519699812383,0.2535178236397749,0.0300187617260788,0.34662288930581614,0.3280956848030019,0.00023452157598499062,False,False,True,False,True,True,
720575940630697078,flow,efferent,4264,400,0.25,0.04,0.01,0.012195121951219513,0.02931519699812383,0.2535178236397749,0.0300187617260788,0.34662288930581614,0.3280956848030019,0.00023452157598499062,False,False,True,False,True,True,
720575940630697078,flow,efferent,4264,400,0.25,0.04,0.05,0.012195121951219513,0.02931519699812383,0.2535178236397749,0.0300187617260788,0.34662288930581614,0.3280956848030019,0.00023452157598499062,False,False,False,False,True,True,
720575940630697078,flow,efferent,4264,400,0.25,0.04,0.1,0.012195121951219513,0.02931519699812383,0.2535178236397749,0.0300187617260788,0.34662288930581614,0.3280956848030019,0.00023452157598499062,False,False,False,False,False,False,
720575940630697078,flow,efferent,4264,400,0.25,0.02,0.01,0.012195121951219513,0.02931519699812383,0.2535178236397749,0.0300187617260788,0.34662288930581614,0.3280956848030019,0.00023452157598499062,False,False,True,False,True,True,
720575940630697078,flow,efferent,4264,400,0.25,0.02,0.05,0.012195121951219513,0.02931519699812383,0.2535178236397749,0.0300187617260788,0.34662288930581614,0.3280956848030019,0.00023452157598499062,False,False,False,False,True,True,
720575940630697078,flow,efferent,4264,400,0.25,0.02,0.1,0.012195121951219513,0.02931519699812383,0.2535178236397749,0.0300187617260788,0.34662288930581614,0.3280956848030019,0.00023452157598499062,False,False,False,False,False,False,
720575940630697078,flow,efferent,4264,400,0.25,0.01,0.01,0.012195121951219513,0.02931519699812383,0.2535178236397749,0.0300187617260788,0.34662288930581614,0.3280956848030019,0.00023452157598499062,False,False,True,False,True,True,
720575940630697078,flow,efferent,4264,400,0.25,0.01,0.05,0.012195121951219513,0.02931519699812383,0.2535178236397749,0.0300187617260788,0.34662288930581614,0.3280956848030019,0.00023452157598499062,False,False,False,False,False,True,
720575940630697078,flow,efferent,4264,400,0.25,0.01,0.1,0.012195121951219513,0.02931519699812383,0.2535178236397749,0.0300187617260788,0.34662288930581614,0.3280956848030019,0.00023452157598499062,False,False,False,False,False,False,
720575940638109668,flow,efferent,2166,400,0.25,0.14285714285714285,0.01,0.3628808864265928,0.20683287165281625,0.3047091412742382,0.009695290858725761,0.10572483841181902,0.008771929824561403,0.0013850415512465374,True,True,True,False,True,False,False
720575940638109668,flow,efferent,2166,400,0.25,0.14285714285714285,0.05,0.3628808864265928,0.20683287165281625,0.3047091412742382,0.009695290858725761,0.10572483841181902,0.008771929824561403,0.0013850415512465374,True,True,True,False,True,False,False
720575940638109668,flow,efferent,2166,400,0.25,0.14285714285714285,0.1,0.3628808864265928,0.20683287165281625,0.3047091412742382,0.009695290858725761,0.10572483841181902,0.008771929824561403,0.0013850415512465374,True,False,True,False,False,False,False
720575940638109668,flow,efferent,2166,400,0.25,0.04,0.01,0.3628808864265928,0.20683287165281625,0.3047091412742382,0.009695290858725761,0.10572483841181902,0.008771929824561403,0.0013850415512465374,True,True,True,False,True,False,False
720575940638109668,flow,efferent,2166,400,0.25,0.04,0.05,0.3628808864265928,0.20683287165281625,0.3047091412742382,0.009695290858725761,0.10572483841181902,0.008771929824561403,0.0013850415512465374,True,False,True,False,False,False,False
720575940638109668,flow,efferent,2166,400,0.25,0.04,0.1,0.3628808864265928,0.20683287165281625,0.3047091412742382,0.009695290858725761,0.10572483841181902,0.008771929824561403,0.0013850415512465374,False,False,False,False,False,False,False
720575940638109668,flow,efferent,2166,400,0.25,0.02,0.01,0.3628808864265928,0.20683287165281625,0.3047091412742382,0.009695290858725761,0.10572483841181902,0.008771929824561403,0.0013850415512465374,True,True,True,False,True,False,False
720575940638109668,flow,efferent,2166,400,0.25,0.02,0.05,0.3628808864265928,0.20683287165281625,0.3047091412742382,0.009695290858725761,0.10572483841181902,0.008771929824561403,0.0013850415512465374,False,False,False,False,False,False,False
720575940638109668,flow,efferent,2166,400,0.25,0.02,0.1,0.3628808864265928,0.20683287165281625,0.3047091412742382,0.009695290858725761,0.10572483841181902,0.008771929824561403,0.0013850415512465374,False,False,False,False,False,False,False
720575940638109668,flow,efferent,2166,400,0.25,0.01,0.01,0.3628808864265928,0.20683287165281625,0.3047091412742382,0.009695290858725761,0.10572483841181902,0.008771929824561403,0.0013850415512465374,True,True,True,False,False,False,False
720575940638109668,flow,efferent,2166,400,0.25,0.01,0.05,0.3628808864265928,0.20683287165281625,0.3047091412742382,0.009695290858725761,0.10572483841181902,0.008771929824561403,0.0013850415512465374,False,False,False,False,False,False,False
720575940638109668,flow,efferent,2166,400,0.25,0.01,0.1,0.3628808864265928,0.20683287165281625,0.3047091412742382,0.009695290858725761,0.10572483841181902,0.008771929824561403,0.0013850415512465374,False,False,False,False,False,False,False
720575940610610841,flow,efferent,1975,400,0.25,0.14285714285714285,0.01,0.09924050632911392,0.021265822784810127,0.0369620253164557,0.1691139240506329,0.5063291139240507,0.16658227848101265,0.0005063291139240507,True,True,True,True,True,True,
720575940610610841,flow,efferent,1975,400,0.25,0.14285714285714285,0.05,0.09924050632911392,0.021265822784810127,0.0369620253164557,0.1691139240506329,0.5063291139240507,0.16658227848101265,0.0005063291139240507,True,False,False,True,True,True,
720575940610610841,flow,efferent,1975,400,0.25,0.14285714285714285,0.1,0.09924050632911392,0.021265822784810127,0.0369620253164557,0.1691139240506329,0.5063291139240507,0.16658227848101265,0.0005063291139240507,False,False,False,False,True,False,
720575940610610841,flow,efferent,1975,400,0.25,0.04,0.01,0.09924050632911392,0.021265822784810127,0.0369620253164557,0.1691139240506329,0.5063291139240507,0.16658227848101265,0.0005063291139240507,True,False,True,True,True,True,
720575940610610841,flow,efferent,1975,400,0.25,0.04,0.05,0.09924050632911392,0.021265822784810127,0.0369620253164557,0.1691139240506329,0.5063291139240507,0.16658227848101265,0.0005063291139240507,True,False,False,False,True,True,
720575940610610841,flow,efferent,1975,400,0.25,0.04,0.1,0.09924050632911392,0.021265822784810127,0.0369620253164557,0.1691139240506329,0.5063291139240507,0.16658227848101265,0.0005063291139240507,False,False,False,False,False,False,
720575940610610841,flow,efferent,1975,400,0.25,0.02,0.01,0.09924050632911392,0.021265822784810127,0.0369620253164557,0.1691139240506329,0.5063291139240507,0.16658227848101265,0.0005063291139240507,True,False,True,True,True,True,
720575940610610841,flow,efferent,1975,400,0.25,0.02,0.05,0.09924050632911392,0.021265822784810127,0.0369620253164557,0.1691139240506329,0.5063291139240507,0.16658227848101265,0.0005063291139240507,True,False,False,False,True,True,
720575940610610841,flow,efferent,1975,400,0.25,0.02,0.1,0.09924050632911392,0.021265822784810127,0.0369620253164557,0.1691139240506329,0.5063291139240507,0.16658227848101265,0.0005063291139240507,False,False,False,False,False,False,
720575940610610841,flow,efferent,1975,400,0.25,0.01,0.01,0.09924050632911392,0.021265822784810127,0.0369620253164557,0.1691139240506329,0.5063291139240507,0.16658227848101265,0.0005063291139240507,True,False,True,True,True,True,
720575940610610841,flow,efferent,1975,400,0.25,0.01,0.05,0.09924050632911392,0.021265822784810127,0.0369620253164557,0.1691139240506329,0.5063291139240507,0.16658227848101265,0.0005063291139240507,True,False,False,False,True,True,
720575940610610841,flow,efferent,1975,400,0.25,0.01,0.1,0.09924050632911392,0.021265822784810127,0.0369620253164557,0.1691139240506329,0.5063291139240507,0.16658227848101265,0.0005063291139240507,False,False,False,False,False,False,
720575940628372613,flow,efferent,556,400,0.25,0.14285714285714285,0.01,0.18345323741007194,0.17086330935251798,0.05935251798561151,0.18705035971223022,0.381294964028777,0.017985611510791366,0.0,True,True,True,True,True,True,
720575940628372613,flow,efferent,556,400,0.25,0.14285714285714285,0.05,0.18345323741007194,0.17086330935251798,0.05935251798561151,0.18705035971223022,0.381294964028777,0.017985611510791366,0.0,True,True,False,True,True,False,
720575940628372613,flow,efferent,556,400,0.25,0.14285714285714285,0.1,0.18345323741007194,0.17086330935251798,0.05935251798561151,0.18705035971223022,0.381294964028777,0.017985611510791366,0.0,True,True,False,False,True,False,
720575940628372613,flow,efferent,556,400,0.25,0.04,0.01,0.18345323741007194,0.17086330935251798,0.05935251798561151,0.18705035971223022,0.381294964028777,0.017985611510791366,0.0,True,True,True,True,True,True,
720575940628372613,flow,efferent,556,400,0.25,0.04,0.05,0.18345323741007194,0.17086330935251798,0.05935251798561151,0.18705035971223022,0.381294964028777,0.017985611510791366,0.0,True,False,False,True,True,False,
720575940628372613,flow,efferent,556,400,0.25,0.04,0.1,0.18345323741007194,0.17086330935251798,0.05935251798561151,0.18705035971223022,0.381294964028777,0.017985611510791366,0.0,True,False,False,False,False,False,
720575940628372613,flow,efferent,556,400,0.25,0.02,0.01,0.18345323741007194,0.17086330935251798,0.05935251798561151,0.18705035971223022,0.381294964028777,0.017985611510791366,0.0,True,True,True,True,True,True,
720575940628372613,flow,efferent,556,400,0.25,0.02,0.05,0.18345323741007194,0.17086330935251798,0.05935251798561151,0.18705035971223022,0.381294964028777,0.017985611510791366,0.0,True,False,False,True,True,False,
720575940628372613,flow,efferent,556,400,0.25,0.02,0.1,0.18345323741007194,0.17086330935251798,0.05935251798561151,0.18705035971223022,0.381294964028777,0.017985611510791366,0.0,True,False,False,False,False,False,
720575940628372613,flow,efferent,556,400,0.25,0.01,0.01,0.18345323741007194,0.17086330935251798,0.05935251798561151,0.18705035971223022,0.381294964028777,0.017985611510791366,0.0,True,True,True,True,True,False,
720575940628372613,flow,efferent,556,400,0.25,0.01,0.05,0.18345323741007194,0.17086330935251798,0.05935251798561151,0.18705035971223022,0.381294964028777,0.017985611510791366,0.0,True,False,False,False,False,False,
720575940628372613,flow,efferent,556,400,0.25,0.01,0.1,0.18345323741007194,0.17086330935251798,0.05935251798561151,0.18705035971223022,0.381294964028777,0.017985611510791366,0.0,True,False,False,False,False,False,
720575940629543409,flow,efferent,4467,400,0.25,0.14285714285714285,0.01,0.013431833445265278,0.4488471009626147,0.009178419520931274,0.11058876203268413,0.21602865457801657,0.20102977389747034,0.0008954555630176853,False,True,False,True,True,True,False
720575940629543409,flow,efferent,4467,400,0.25,0.14285714285714285,0.05,0.013431833445265278,0.4488471009626147,0.009178419520931274,0.11058876203268413,0.21602865457801657,0.20102977389747034,0.0008954555630176853,False,True,False,True,True,True,False
720575940629543409,flow,efferent,4467,400,0.25,0.14285714285714285,0.1,0.013431833445265278,0.4488471009626147,0.009178419520931274,0.11058876203268413,0.21602865457801657,0.20102977389747034,0.0008954555630176853,False,True,False,False,False,False,False
720575940629543409,flow,efferent,4467,400,0.25,0.04,0.01,0.013431833445265278,0.4488471009626147,0.009178419520931274,0.11058876203268413,0.21602865457801657,0.20102977389747034,0.0008954555630176853,False,True,False,True,True,True,False
720575940629543409,flow,efferent,4467,400,0.25,0.04,0.05,0.013431833445265278,0.4488471009626147,0.009178419520931274,0.11058876203268413,0.21602865457801657,0.20102977389747034,0.0008954555630176853,False,True,False,False,False,False,False
720575940629543409,flow,efferent,4467,400,0.25,0.04,0.1,0.013431833445265278,0.4488471009626147,0.009178419520931274,0.11058876203268413,0.21602865457801657,0.20102977389747034,0.0008954555630176853,False,False,False,False,False,False,False
720575940629543409,flow,efferent,4467,400,0.25,0.02,0.01,0.013431833445265278,0.4488471009626147,0.009178419520931274,0.11058876203268413,0.21602865457801657,0.20102977389747034,0.0008954555630176853,False,True,False,True,True,True,False
720575940629543409,flow,efferent,4467,400,0.25,0.02,0.05,0.013431833445265278,0.4488471009626147,0.009178419520931274,0.11058876203268413,0.21602865457801657,0.20102977389747034,0.0008954555630176853,False,False,False,False,False,False,False
720575940629543409,flow,efferent,4467,400,0.25,0.02,0.1,0.013431833445265278,0.4488471009626147,0.009178419520931274,0.11058876203268413,0.21602865457801657,0.20102977389747034,0.0008954555630176853,False,False,False,False,False,False,False
720575940629543409,flow,efferent,4467,400,0.25,0.01,0.01,0.013431833445265278,0.4488471009626147,0.009178419520931274,0.11058876203268413,0.21602865457801657,0.20102977389747034,0.0008954555630176853,False,True,False,True,True,True,False
720575940629543409,flow,efferent,4467,400,0.25,0.01,0.05,0.013431833445265278,0.4488471009626147,0.009178419520931274,0.11058876203268413,0.21602865457801657,0.20102977389747034,0.0008954555630176853,False,False,False,False,False,False,False
720575940629543409,flow,efferent,4467,400,0.25,0.01,0.1,0.013431833445265278,0.4488471009626147,0.009178419520931274,0.11058876203268413,0.21602865457801657,0.20102977389747034,0.0008954555630176853,False,False,False,False,False,False,False
720575940618666142,flow,efferent,2536,400,0.25,0.14285714285714285,0.01,0.02326498422712934,0.5417981072555205,0.013801261829652996,0.025630914826498423,0.3828864353312303,0.011435331230283912,0.0011829652996845426,False,True,True,True,True,False,False
720575940618666142,flow,efferent,2536,400,0.25,0.14285714285714285,0.05,0.02326498422712934,0.5417981072555205,0.013801261829652996,0.025630914826498423,0.3828864353312303,0.011435331230283912,0.0011829652996845426,False,True,False,False,True,False,False
720575940618666142,flow,efferent,2536,400,0.25,0.14285714285714285,0.1,0.02326498422712934,0.5417981072555205,0.013801261829652996,0.025630914826498423,0.3828864353312303,0.011435331230283912,0.0011829652996845426,False,True,False,False,True,False,False
720575940618666142,flow,efferent,2536,400,0.25,0.04,0.01,0.02326498422712934,0.5417981072555205,0.013801261829652996,0.025630914826498423,0.3828864353312303,0.011435331230283912,0.0011829652996845426,False,True,False,False,True,False,False
720575940618666142,flow,efferent,2536,400,0.25,0.04,0.05,0.02326498422712934,0.5417981072555205,0.013801261829652996,0.025630914826498423,0.3828864353312303,0.011435331230283912,0.0011829652996845426,False,True,False,False,True,False,False
720575940618666142,flow,efferent,2536,400,0.25,0.04,0.1,0.02326498422712934,0.5417981072555205,0.013801261829652996,0.025630914826498423,0.3828864353312303,0.011435331230283912,0.0011829652996845426,False,True,False,False,False,False,False
720575940618666142,flow,efferent,2536,400,0.25,0.02,0.01,0.02326498422712934,0.5417981072555205,0.013801261829652996,0.025630914826498423,0.3828864353312303,0.011435331230283912,0.0011829652996845426,False,True,False,False,True,False,False
720575940618666142,flow,efferent,2536,400,0.25,0.02,0.05,0.02326498422712934,0.5417981072555205,0.013801261829652996,0.025630914826498423,0.3828864353312303,0.011435331230283912,0.0011829652996845426,False,True,False,False,False,False,False
720575940618666142,flow,efferent,2536,400,0.25,0.02,0.1,0.02326498422712934,0.5417981072555205,0.013801261829652996,0.025630914826498423,0.3828864353312303,0.011435331230283912,0.0011829652996845426,False,False,False,False,False,False,False
720575940618666142,flow,efferent,2536,400,0.25,0.01,0.01,0.02326498422712934,0.5417981072555205,0.013801261829652996,0.025630914826498423,0.3828864353312303,0.011435331230283912,0.0011829652996845426,False,True,False,False,True,False,False
720575940618666142,flow,efferent,2536,400,0.25,0.01,0.05,0.02326498422712934,0.5417981072555205,0.013801261829652996,0.025630914826498423,0.3828864353312303,0.011435331230283912,0.0011829652996845426,False,True,False,False,False,False,False
720575940618666142,flow,efferent,2536,400,0.25,0.01,0.1,0.02326498422712934,0.5417981072555205,0.013801261829652996,0.025630914826498423,0.3828864353312303,0.011435331230283912,0.0011829652996845426,False,False,False,False,False,False,False
720575940631549202,flow,efferent,3243,400,0.25,0.14285714285714285,0.01,0.0505704594511255,0.09034844279987665,0.043169904409497376,0.04625346901017576,0.36416897934011716,0.404563675609004,0.0009250693802035153,True,True,True,True,True,True,False
720575940631549202,flow,efferent,3243,400,0.25,0.14285714285714285,0.05,0.0505704594511255,0.09034844279987665,0.043169904409497376,0.04625346901017576,0.36416897934011716,0.404563675609004,0.0009250693802035153,False,False,False,False,True,True,False
720575940631549202,flow,efferent,3243,400,0.25,0.14285714285714285,0.1,0.0505704594511255,0.09034844279987665,0.043169904409497376,0.04625346901017576,0.36416897934011716,0.404563675609004,0.0009250693802035153,False,False,False,False,True,True,False
720575940631549202,flow,efferent,3243,400,0.25,0.04,0.01,0.0505704594511255,0.09034844279987665,0.043169904409497376,0.04625346901017576,0.36416897934011716,0.404563675609004,0.0009250693802035153,True,True,False,True,True,True,False
720575940631549202,flow,efferent,3243,400,0.25,0.04,0.05,0.0505704594511255,0.09034844279987665,0.043169904409497376,0.04625346901017576,0.36416897934011716,0.404563675609004,0.0009250693802035153,False,False,False,False,False,True,False
720575940631549202,flow,efferent,3243,400,0.25,0.04,0.1,0.0505704594511255,0.09034844279987665,0.043169904409497376,0.04625346901017576,0.36416897934011716,0.404563675609004,0.0009250693802035153,False,False,False,False,False,False,False
720575940631549202,flow,efferent,3243,400,0.25,0.02,0.01,0.0505704594511255,0.09034844279987665,0.043169904409497376,0.04625346901017576,0.36416897934011716,0.404563675609004,0.0009250693802035153,True,False,False,True,True,True,False
720575940631549202,flow,efferent,3243,400,0.25,0.02,0.05,0.0505704594511255,0.09034844279987665,0.043169904409497376,0.04625346901017576,0.36416897934011716,0.404563675609004,0.0009250693802035153,False,False,False,False,False,False,False
720575940631549202,flow,efferent,3243,400,0.25,0.02,0.1,0.0505704594511255,0.09034844279987665,0.043169904409497376,0.04625346901017576,0.36416897934011716,0.404563675609004,0.0009250693802035153,False,False,False,False,False,False,False
720575940631549202,flow,efferent,3243,400,0.25,0.01,0.01,0.0505704594511255,0.09034844279987665,0.043169904409497376,0.04625346901017576,0.36416897934011716,0.404563675609004,0.0009250693802035153,True,False,False,True,True,True,False
720575940631549202,flow,efferent,3243,400,0.25,0.01,0.05,0.0505704594511255,0.09034844279987665,0.043169904409497376,0.04625346901017576,0.36416897934011716,0.404563675609004,0.0009250693802035153,False,False,False,False,False,False,False
720575940631549202,flow,efferent,3243,400,0.25,0.01,0.1,0.0505704594511255,0.09034844279987665,0.043169904409497376,0.04625346901017576,0.36416897934011716,0.404563675609004,0.0009250693802035153,False,False,False,False,False,False,False
720575940627582724,flow,efferent,7123,400,0.25,0.14285714285714285,0.01,0.04885581917731293,0.860873227572652,0.010388881089428611,0.011512003369366839,0.02498947072862558,0.04239786606766812,0.0009827319949459498,True,True,False,False,False,True,False
720575940627582724,flow,efferent,7123,400,0.25,0.14285714285714285,0.05,0.04885581917731293,0.860873227572652,0.010388881089428611,0.011512003369366839,0.02498947072862558,0.04239786606766812,0.0009827319949459498,False,True,False,False,False,False,False
720575940627582724,flow,efferent,7123,400,0.25,0.14285714285714285,0.1,0.04885581917731293,0.860873227572652,0.010388881089428611,0.011512003369366839,0.02498947072862558,0.04239786606766812,0.0009827319949459498,False,True,False,False,False,False,False
720575940627582724,flow,efferent,7123,400,0.25,0.04,0.01,0.04885581917731293,0.860873227572652,0.010388881089428611,0.011512003369366839,0.02498947072862558,0.04239786606766812,0.0009827319949459498,True,True,False,False,False,False,False
720575940627582724,flow,efferent,7123,400,0.25,0.04,0.05,0.04885581917731293,0.860873227572652,0.010388881089428611,0.011512003369366839,0.02498947072862558,0.04239786606766812,0.0009827319949459498,False,True,False,False,False,False,False
720575940627582724,flow,efferent,7123,400,0.25,0.04,0.1,0.04885581917731293,0.860873227572652,0.010388881089428611,0.011512003369366839,0.02498947072862558,0.04239786606766812,0.0009827319949459498,False,True,False,False,False,False,False
720575940627582724,flow,efferent,7123,400,0.25,0.02,0.01,0.04885581917731293,0.860873227572652,0.010388881089428611,0.011512003369366839,0.02498947072862558,0.04239786606766812,0.0009827319949459498,True,True,False,False,False,False,False
720575940627582724,flow,efferent,7123,400,0.25,0.02,0.05,0.04885581917731293,0.860873227572652,0.010388881089428611,0.011512003369366839,0.02498947072862558,0.04239786606766812,0.0009827319949459498,False,True,False,False,False,False,False
720575940627582724,flow,efferent,7123,400,0.25,0.02,0.1,0.04885581917731293,0.860873227572652,0.010388881089428611,0.011512003369366839,0.02498947072862558,0.04239786606766812,0.0009827319949459498,False,False,False,False,False,False,False
720575940627582724,flow,efferent,7123,400,0.25,0.01,0.01,0.04885581917731293,0.860873227572652,0.010388881089428611,0.011512003369366839,0.02498947072862558,0.04239786606766812,0.0009827319949459498,True,True,False,False,False,False,False
720575940627582724,flow,efferent,7123,400,0.25,0.01,0.05,0.04885581917731293,0.860873227572652,0.010388881089428611,0.011512003369366839,0.02498947072862558,0.04239786606766812,0.0009827319949459498,False,True,False,False,False,False,False
720575940627582724,flow,efferent,7123,400,0.25,0.01,0.1,0.04885581917731293,0.860873227572652,0.010388881089428611,0.011512003369366839,0.02498947072862558,0.04239786606766812,0.0009827319949459498,False,False,False,False,False,False,False
720575940638013274,flow,efferent,3894,400,0.25,0.14285714285714285,0.01,0.07498715973292244,0.7596302003081664,0.031073446327683617,0.03980482794042116,0.05007704160246533,0.04288649203903441,0.0015408320493066256,True,True,True,True,True,True,False
720575940638013274,flow,efferent,3894,400,0.25,0.14285714285714285,0.05,0.07498715973292244,0.7596302003081664,0.031073446327683617,0.03980482794042116,0.05007704160246533,0.04288649203903441,0.0015408320493066256,True,True,False,False,False,False,False
720575940638013274,flow,efferent,3894,400,0.25,0.14285714285714285,0.1,0.07498715973292244,0.7596302003081664,0.031073446327683617,0.03980482794042116,0.05007704160246533,0.04288649203903441,0.0015408320493066256,False,True,False,False,False,False,False
720575940638013274,flow,efferent,3894,400,0.25,0.04,0.01,0.07498715973292244,0.7596302003081664,0.031073446327683617,0.03980482794042116,0.05007704160246533,0.04288649203903441,0.0015408320493066256,True,True,False,True,False,False,False
720575940638013274,flow,efferent,3894,400,0.25,0.04,0.05,0.07498715973292244,0.7596302003081664,0.031073446327683617,0.03980482794042116,0.05007704160246533,0.04288649203903441,0.0015408320493066256,True,True,False,False,False,False,False
720575940638013274,flow,efferent,3894,400,0.25,0.04,0.1,0.07498715973292244,0.7596302003081664,0.031073446327683617,0.03980482794042116,0.05007704160246533,0.04288649203903441,0.0015408320493066256,False,True,False,False,False,False,False
720575940638013274,flow,efferent,3894,400,0.25,0.02,0.01,0.07498715973292244,0.7596302003081664,0.031073446327683617,0.03980482794042116,0.05007704160246533,0.04288649203903441,0.0015408320493066256,True,True,False,True,False,False,False
720575940638013274,flow,efferent,3894,400,0.25,0.02,0.05,0.07498715973292244,0.7596302003081664,0.031073446327683617,0.03980482794042116,0.05007704160246533,0.04288649203903441,0.0015408320493066256,True,True,False,False,False,False,False
720575940638013274,flow,efferent,3894,400,0.25,0.02,0.1,0.07498715973292244,0.7596302003081664,0.031073446327683617,0.03980482794042116,0.05007704160246533,0.04288649203903441,0.0015408320493066256,False,False,False,False,False,False,False
720575940638013274,flow,efferent,3894,400,0.25,0.01,0.01,0.07498715973292244,0.7596302003081664,0.031073446327683617,0.03980482794042116,0.05007704160246533,0.04288649203903441,0.0015408320493066256,True,True,False,False,False,False,False
720575940638013274,flow,efferent,3894,400,0.25,0.01,0.05,0.07498715973292244,0.7596302003081664,0.031073446327683617,0.03980482794042116,0.05007704160246533,0.04288649203903441,0.0015408320493066256,True,False,False,False,False,False,False
720575940638013274,flow,efferent,3894,400,0.25,0.01,0.1,0.07498715973292244,0.7596302003081664,0.031073446327683617,0.03980482794042116,0.05007704160246533,0.04288649203903441,0.0015408320493066256,False,False,False,False,False,False,False
720575940629490476,flow,efferent,10436,400,0.25,0.14285714285714285,0.01,0.017727098505174396,0.8924875431199694,0.025297048677654272,0.005461862782675355,0.03555001916443082,0.022709850517439633,0.0007665772326561902,False,True,False,False,True,True,False
720575940629490476,flow,efferent,10436,400,0.25,0.14285714285714285,0.05,0.017727098505174396,0.8924875431199694,0.025297048677654272,0.005461862782675355,0.03555001916443082,0.022709850517439633,0.0007665772326561902,False,True,False,False,False,False,False
720575940629490476,flow,efferent,10436,400,0.25,0.14285714285714285,0.1,0.017727098505174396,0.8924875431199694,0.025297048677654272,0.005461862782675355,0.03555001916443082,0.022709850517439633,0.0007665772326561902,False,True,False,False,False,False,False
720575940629490476,flow,efferent,10436,400,0.25,0.04,0.01,0.017727098505174396,0.8924875431199694,0.025297048677654272,0.005461862782675355,0.03555001916443082,0.022709850517439633,0.0007665772326561902,False,True,False,False,False,False,False
720575940629490476,flow,efferent,10436,400,0.25,0.04,0.05,0.017727098505174396,0.8924875431199694,0.025297048677654272,0.005461862782675355,0.03555001916443082,0.022709850517439633,0.0007665772326561902,False,True,False,False,False,False,False
720575940629490476,flow,efferent,10436,400,0.25,0.04,0.1,0.017727098505174396,0.8924875431199694,0.025297048677654272,0.005461862782675355,0.03555001916443082,0.022709850517439633,0.0007665772326561902,False,True,False,False,False,False,False
720575940629490476,flow,efferent,10436,400,0.25,0.02,0.01,0.017727098505174396,0.8924875431199694,0.025297048677654272,0.005461862782675355,0.03555001916443082,0.022709850517439633,0.0007665772326561902,False,True,False,False,False,False,False
720575940629490476,flow,efferent,10436,400,0.25,0.02,0.05,0.017727098505174396,0.8924875431199694,0.025297048677654272,0.005461862782675355,0.03555001916443082,0.022709850517439633,0.0007665772326561902,False,True,False,False,False,False,False
720575940629490476,flow,efferent,10436,400,0.25,0.02,0.1,0.017727098505174396,0.8924875431199694,0.025297048677654272,0.005461862782675355,0.03555001916443082,0.022709850517439633,0.0007665772326561902,False,True,False,False,False,False,False
720575940629490476,flow,efferent,10436,400,0.25,0.01,0.01,0.017727098505174396,0.8924875431199694,0.025297048677654272,0.005461862782675355,0.03555001916443082,0.022709850517439633,0.0007665772326561902,False,True,False,False,False,False,False
720575940629490476,flow,efferent,10436,400,0.25,0.01,0.05,0.017727098505174396,0.8924875431199694,0.025297048677654272,0.005461862782675355,0.03555001916443082,0.022709850517439633,0.0007665772326561902,False,True,False,False,False,False,False
720575940629490476,flow,efferent,10436,400,0.25,0.01,0.1,0.017727098505174396,0.8924875431199694,0.025297048677654272,0.005461862782675355,0.03555001916443082,0.022709850517439633,0.0007665772326561902,False,False,False,False,False,False,False
720575940619654053,flow,efferent,5263,400,0.25,0.14285714285714285,0.01,0.21147634429032872,0.44632338970169105,0.07752232566977009,0.08493254797643929,0.09614288428652859,0.0815124453733612,0.0020900627018810565,True,True,True,True,True,True,False
720575940619654053,flow,efferent,5263,400,0.25,0.14285714285714285,0.05,0.21147634429032872,0.44632338970169105,0.07752232566977009,0.08493254797643929,0.09614288428652859,0.0815124453733612,0.0020900627018810565,True,True,False,False,False,False,False
720575940619654053,flow,efferent,5263,400,0.25,0.14285714285714285,0.1,0.21147634429032872,0.44632338970169105,0.07752232566977009,0.08493254797643929,0.09614288428652859,0.0815124453733612,0.0020900627018810565,True,True,False,False,False,False,False
720575940619654053,flow,efferent,5263,400,0.25,0.04,0.01,0.21147634429032872,0.44632338970169105,0.07752232566977009,0.08493254797643929,0.09614288428652859,0.0815124453733612,0.0020900627018810565,True,True,True,True,True,True,False
720575940619654053,flow,efferent,5263,400,0.25,0.04,0.05,0.21147634429032872,0.44632338970169105,0.07752232566977009,0.08493254797643929,0.09614288428652859,0.0815124453733612,0.0020900627018810565,True,True,False,False,False,False,False
720575940619654053,flow,efferent,5263,400,0.25,0.04,0.1,0.21147634429032872,0.44632338970169105,0.07752232566977009,0.08493254797643929,0.09614288428652859,0.0815124453733612,0.0020900627018810565,True,True,False,False,False,False,False
720575940619654053,flow,efferent,5263,400,0.25,0.02,0.01,0.21147634429032872,0.44632338970169105,0.07752232566977009,0.08493254797643929,0.09614288428652859,0.0815124453733612,0.0020900627018810565,True,True,False,True,False,True,False
720575940619654053,flow,efferent,5263,400,0.25,0.02,0.05,0.21147634429032872,0.44632338970169105,0.07752232566977009,0.08493254797643929,0.09614288428652859,0.0815124453733612,0.0020900627018810565,True,True,False,False,False,False,False
720575940619654053,flow,efferent,5263,400,0.25,0.02,0.1,0.21147634429032872,0.44632338970169105,0.07752232566977009,0.08493254797643929,0.09614288428652859,0.0815124453733612,0.0020900627018810565,True,False,False,False,False,False,False
720575940619654053,flow,efferent,5263,400,0.25,0.01,0.01,0.21147634429032872,0.44632338970169105,0.07752232566977009,0.08493254797643929,0.09614288428652859,0.0815124453733612,0.0020900627018810565,True,True,False,False,False,True,False
720575940619654053,flow,efferent,5263,400,0.25,0.01,0.05,0.21147634429032872,0.44632338970169105,0.07752232566977009,0.08493254797643929,0.09614288428652859,0.0815124453733612,0.0020900627018810565,True,True,False,False,False,False,False
720575940619654053,flow,efferent,5263,400,0.25,0.01,0.1,0.21147634429032872,0.44632338970169105,0.07752232566977009,0.08493254797643929,0.09614288428652859,0.0815124453733612,0.0020900627018810565,True,False,False,False,False,False,False
720575940614137907,flow,efferent,13195,400,0.25,0.14285714285714285,0.01,0.03008715422508526,0.8342553997726412,0.07176960970064418,0.004698749526335733,0.027055702917771884,0.03129973474801061,0.0008336491095111784,True,True,True,False,True,True,False
720575940614137907,flow,efferent,13195,400,0.25,0.14285714285714285,0.05,0.03008715422508526,0.8342553997726412,0.07176960970064418,0.004698749526335733,0.027055702917771884,0.03129973474801061,0.0008336491095111784,False,True,False,False,False,False,False
720575940614137907,flow,efferent,13195,400,0.25,0.14285714285714285,0.1,0.03008715422508526,0.8342553997726412,0.07176960970064418,0.004698749526335733,0.027055702917771884,0.03129973474801061,0.0008336491095111784,False,True,False,False,False,False,False
720575940614137907,flow,efferent,13195,400,0.25,0.04,0.01,0.03008715422508526,0.8342553997726412,0.07176960970064418,0.004698749526335733,0.027055702917771884,0.03129973474801061,0.0008336491095111784,False,True,True,False,False,False,False
720575940614137907,flow,efferent,13195,400,0.25,0.04,0.05,0.03008715422508526,0.8342553997726412,0.07176960970064418,0.004698749526335733,0.027055702917771884,0.03129973474801061,0.0008336491095111784,False,True,False,False,False,False,False
720575940614137907,flow,efferent,13195,400,0.25,0.04,0.1,0.03008715422508526,0.8342553997726412,0.07176960970064418,0.004698749526335733,0.027055702917771884,0.03129973474801061,0.0008336491095111784,False,True,False,False,False,False,False
720575940614137907,flow,efferent,13195,400,0.25,0.02,0.01,0.03008715422508526,0.8342553997726412,0.07176960970064418,0.004698749526335733,0.027055702917771884,0.03129973474801061,0.0008336491095111784,False,True,False,False,False,False,False
720575940614137907,flow,efferent,13195,400,0.25,0.02,0.05,0.03008715422508526,0.8342553997726412,0.07176960970064418,0.004698749526335733,0.027055702917771884,0.03129973474801061,0.0008336491095111784,False,True,False,False,False,False,False
720575940614137907,flow,efferent,13195,400,0.25,0.02,0.1,0.03008715422508526,0.8342553997726412,0.07176960970064418,0.004698749526335733,0.027055702917771884,0.03129973474801061,0.0008336491095111784,False,True,False,False,False,False,False
720575940614137907,flow,efferent,13195,400,0.25,0.01,0.01,0.03008715422508526,0.8342553997726412,0.07176960970064418,0.004698749526335733,0.027055702917771884,0.03129973474801061,0.0008336491095111784,False,True,False,False,False,False,False
720575940614137907,flow,efferent,13195,400,0.25,0.01,0.05,0.03008715422508526,0.8342553997726412,0.07176960970064418,0.004698749526335733,0.027055702917771884,0.03129973474801061,0.0008336491095111784,False,False,False,False,False,False,False
720575940614137907,flow,efferent,13195,400,0.25,0.01,0.1,0.03008715422508526,0.8342553997726412,0.07176960970064418,0.004698749526335733,0.027055702917771884,0.03129973474801061,0.0008336491095111784,False,False,False,False,False,False,False
720575940604737708,flow,efferent,5981,400,0.25,0.14285714285714285,0.01,0.07055676308309647,0.6381875940478181,0.08995151312489551,0.05634509279384718,0.09312823942484534,0.04898846346764755,0.002842334057849858,True,True,True,True,True,True,False
720575940604737708,flow,efferent,5981,400,0.25,0.14285714285714285,0.05,0.07055676308309647,0.6381875940478181,0.08995151312489551,0.05634509279384718,0.09312823942484534,0.04898846346764755,0.002842334057849858,False,True,False,False,False,False,False
720575940604737708,flow,efferent,5981,400,0.25,0.14285714285714285,0.1,0.07055676308309647,0.6381875940478181,0.08995151312489551,0.05634509279384718,0.09312823942484534,0.04898846346764755,0.002842334057849858,False,True,False,False,False,False,False
720575940604737708,flow,efferent,5981,400,0.25,0.04,0.01,0.07055676308309647,0.6381875940478181,0.08995151312489551,0.05634509279384718,0.09312823942484534,0.04898846346764755,0.002842334057849858,True,True,True,True,True,False,False
720575940604737708,flow,efferent,5981,400,0.25,0.04,0.05,0.07055676308309647,0.6381875940478181,0.08995151312489551,0.05634509279384718,0.09312823942484534,0.04898846346764755,0.002842334057849858,False,True,False,False,False,False,False
720575940604737708,flow,efferent,5981,400,0.25,0.04,0.1,0.07055676308309647,0.6381875940478181,0.08995151312489551,0.05634509279384718,0.09312823942484534,0.04898846346764755,0.002842334057849858,False,True,False,False,False,False,False
720575940604737708,flow,efferent,5981,400,0.25,0.02,0.01,0.07055676308309647,0.6381875940478181,0.08995151312489551,0.05634509279384718,0.09312823942484534,0.04898846346764755,0.002842334057849858,False,True,False,True,True,False,False
720575940604737708,flow,efferent,5981,400,0.25,0.02,0.05,0.07055676308309647,0.6381875940478181,0.08995151312489551,0.05634509279384718,0.09312823942484534,0.04898846346764755,0.002842334057849858,False,True,False,False,False,False,False
720575940604737708,flow,efferent,5981,400,0.25,0.02,0.1,0.07055676308309647,0.6381875940478181,0.08995151312489551,0.05634509279384718,0.09312823942484534,0.04898846346764755,0.002842334057849858,False,True,False,False,False,False,False
720575940604737708,flow,efferent,5981,400,0.25,0.01,0.01,0.07055676308309647,0.6381875940478181,0.08995151312489551,0.05634509279384718,0.09312823942484534,0.04898846346764755,0.002842334057849858,False,True,False,True,False,False,False
720575940604737708,flow,efferent,5981,400,0.25,0.01,0.05,0.07055676308309647,0.6381875940478181,0.08995151312489551,0.05634509279384718,0.09312823942484534,0.04898846346764755,0.002842334057849858,False,True,False,False,False,False,False
720575940604737708,flow,efferent,5981,400,0.25,0.01,0.1,0.07055676308309647,0.6381875940478181,0.08995151312489551,0.05634509279384718,0.09312823942484534,0.04898846346764755,0.002842334057849858,False,False,False,False,False,False,False
720575940620380449,flow,efferent,3380,400,0.25,0.14285714285714285,0.01,0.09171597633136094,0.6275147928994083,0.11242603550295859,0.01804733727810651,0.07810650887573964,0.07041420118343195,0.0017751479289940828,True,True,True,False,True,True,False
720575940620380449,flow,efferent,3380,400,0.25,0.14285714285714285,0.05,0.09171597633136094,0.6275147928994083,0.11242603550295859,0.01804733727810651,0.07810650887573964,0.07041420118343195,0.0017751479289940828,False,True,True,False,False,False,False
720575940620380449,flow,efferent,3380,400,0.25,0.14285714285714285,0.1,0.09171597633136094,0.6275147928994083,0.11242603550295859,0.01804733727810651,0.07810650887573964,0.07041420118343195,0.0017751479289940828,False,True,False,False,False,False,False
720575940620380449,flow,efferent,3380,400,0.25,0.04,0.01,0.09171597633136094,0.6275147928994083,0.11242603550295859,0.01804733727810651,0.07810650887573964,0.07041420118343195,0.0017751479289940828,True,True,True,False,True,True,False
720575940620380449,flow,efferent,3380,400,0.25,0.04,0.05,0.09171597633136094,0.6275147928994083,0.11242603550295859,0.01804733727810651,0.07810650887573964,0.07041420118343195,0.0017751479289940828,False,True,False,False,False,False,False
720575940620380449,flow,efferent,3380,400,0.25,0.04,0.1,0.09171597633136094,0.6275147928994083,0.11242603550295859,0.01804733727810651,0.07810650887573964,0.07041420118343195,0.0017751479289940828,False,True,False,False,False,False,False
720575940620380449,flow,efferent,3380,400,0.25,0.02,0.01,0.09171597633136094,0.6275147928994083,0.11242603550295859,0.01804733727810651,0.07810650887573964,0.07041420118343195,0.0017751479289940828,True,True,False,False,False,True,False
720575940620380449,flow,efferent,3380,400,0.25,0.02,0.05,0.09171597633136094,0.6275147928994083,0.11242603550295859,0.01804733727810651,0.07810650887573964,0.07041420118343195,0.0017751479289940828,False,True,False,False,False,False,False
720575940620380449,flow,efferent,3380,400,0.25,0.02,0.1,0.09171597633136094,0.6275147928994083,0.11242603550295859,0.01804733727810651,0.07810650887573964,0.07041420118343195,0.0017751479289940828,False,True,False,False,False,False,False
720575940620380449,flow,efferent,3380,400,0.25,0.01,0.01,0.09171597633136094,0.6275147928994083,0.11242603550295859,0.01804733727810651,0.07810650887573964,0.07041420118343195,0.0017751479289940828,True,True,False,False,False,True,False
720575940620380449,flow,efferent,3380,400,0.25,0.01,0.05,0.09171597633136094,0.6275147928994083,0.11242603550295859,0.01804733727810651,0.07810650887573964,0.07041420118343195,0.0017751479289940828,False,True,False,False,False,False,False
720575940620380449,flow,efferent,3380,400,0.25,0.01,0.1,0.09171597633136094,0.6275147928994083,0.11242603550295859,0.01804733727810651,0.07810650887573964,0.07041420118343195,0.0017751479289940828,False,True,False,False,False,False,False
720575940625747812,flow,efferent,3629,400,0.25,0.14285714285714285,0.01,0.11821438412785891,0.16919261504546707,0.412510333425186,0.0912096996417746,0.1581702948470653,0.04767153485808763,0.003031138054560485,True,True,True,True,True,True,False
720575940625747812,flow,efferent,3629,400,0.25,0.14285714285714285,0.05,0.11821438412785891,0.16919261504546707,0.412510333425186,0.0912096996417746,0.1581702948470653,0.04767153485808763,0.003031138054560485,True,True,True,True,True,False,False
720575940625747812,flow,efferent,3629,400,0.25,0.14285714285714285,0.1,0.11821438412785891,0.16919261504546707,0.412510333425186,0.0912096996417746,0.1581702948470653,0.04767153485808763,0.003031138054560485,False,False,True,False,False,False,False
720575940625747812,flow,efferent,3629,400,0.25,0.04,0.01,0.11821438412785891,0.16919261504546707,0.412510333425186,0.0912096996417746,0.1581702948470653,0.04767153485808763,0.003031138054560485,True,True,True,True,True,True,False
720575940625747812,flow,efferent,3629,400,0.25,0.04,0.05,0.11821438412785891,0.16919261504546707,0.412510333425186,0.0912096996417746,0.1581702948470653,0.04767153485808763,0.003031138054560485,True,False,True,False,False,False,False
720575940625747812,flow,efferent,3629,400,0.25,0.04,0.1,0.11821438412785891,0.16919261504546707,0.412510333425186,0.0912096996417746,0.1581702948470653,0.04767153485808763,0.003031138054560485,False,False,True,False,False,False,False
720575940625747812,flow,efferent,3629,400,0.25,0.02,0.01,0.11821438412785891,0.16919261504546707,0.412510333425186,0.0912096996417746,0.1581702948470653,0.04767153485808763,0.003031138054560485,True,True,True,True,True,False,False
720575940625747812,flow,efferent,3629,400,0.25,0.02,0.05,0.11821438412785891,0.16919261504546707,0.412510333425186,0.0912096996417746,0.1581702948470653,0.04767153485808763,0.003031138054560485,True,False,True,False,False,False,False
720575940625747812,flow,efferent,3629,400,0.25,0.02,0.1,0.11821438412785891,0.16919261504546707,0.412510333425186,0.0912096996417746,0.1581702948470653,0.04767153485808763,0.003031138054560485,False,False,False,False,False,False,False
720575940625747812,flow,efferent,3629,400,0.25,0.01,0.01,0.11821438412785891,0.16919261504546707,0.412510333425186,0.0912096996417746,0.1581702948470653,0.04767153485808763,0.003031138054560485,True,True,True,True,True,False,False
720575940625747812,flow,efferent,3629,400,0.25,0.01,0.05,0.11821438412785891,0.16919261504546707,0.412510333425186,0.0912096996417746,0.1581702948470653,0.04767153485808763,0.003031138054560485,True,False,True,False,False,False,False
720575940625747812,flow,efferent,3629,400,0.25,0.01,0.1,0.11821438412785891,0.16919261504546707,0.412510333425186,0.0912096996417746,0.1581702948470653,0.04767153485808763,0.003031138054560485,False,False,False,False,False,False,False
720575940623899082,flow,efferent,816,400,0.25,0.14285714285714285,0.01,0.11519607843137254,0.32965686274509803,0.1323529411764706,0.0,0.39215686274509803,0.030637254901960783,0.0,True,True,True,,True,False,
720575940623899082,flow,efferent,816,400,0.25,0.14285714285714285,0.05,0.11519607843137254,0.32965686274509803,0.1323529411764706,0.0,0.39215686274509803,0.030637254901960783,0.0,True,True,True,,True,False,
720575940623899082,flow,efferent,816,400,0.25,0.14285714285714285,0.1,0.11519607843137254,0.32965686274509803,0.1323529411764706,0.0,0.39215686274509803,0.030637254901960783,0.0,True,True,True,,True,False,
720575940623899082,flow,efferent,816,400,0.25,0.04,0.01,0.11519607843137254,0.32965686274509803,0.1323529411764706,0.0,0.39215686274509803,0.030637254901960783,0.0,True,True,True,,True,False,
720575940623899082,flow,efferent,816,400,0.25,0.04,0.05,0.11519607843137254,0.32965686274509803,0.1323529411764706,0.0,0.39215686274509803,0.030637254901960783,0.0,True,True,True,,False,False,
720575940623899082,flow,efferent,816,400,0.25,0.04,0.1,0.11519607843137254,0.32965686274509803,0.1323529411764706,0.0,0.39215686274509803,0.030637254901960783,0.0,True,False,False,,False,False,
720575940623899082,flow,efferent,816,400,0.25,0.02,0.01,0.11519607843137254,0.32965686274509803,0.1323529411764706,0.0,0.39215686274509803,0.030637254901960783,0.0,True,True,True,,True,False,
720575940623899082,flow,efferent,816,400,0.25,0.02,0.05,0.11519607843137254,0.32965686274509803,0.1323529411764706,0.0,0.39215686274509803,0.030637254901960783,0.0,True,True,True,,False,False,
720575940623899082,flow,efferent,816,400,0.25,0.02,0.1,0.11519607843137254,0.32965686274509803,0.1323529411764706,0.0,0.39215686274509803,0.030637254901960783,0.0,True,False,False,,False,False,
720575940623899082,flow,efferent,816,400,0.25,0.01,0.01,0.11519607843137254,0.32965686274509803,0.1323529411764706,0.0,0.39215686274509803,0.030637254901960783,0.0,True,True,True,,True,False,
720575940623899082,flow,efferent,816,400,0.25,0.01,0.05,0.11519607843137254,0.32965686274509803,0.1323529411764706,0.0,0.39215686274509803,0.030637254901960783,0.0,True,True,True,,False,False,
720575940623899082,flow,efferent,816,400,0.25,0.01,0.1,0.11519607843137254,0.32965686274509803,0.1323529411764706,0.0,0.39215686274509803,0.030637254901960783,0.0,False,False,False,,False,False,
720575940633095137,flow,efferent,12485,400,0.25,0.14285714285714285,0.01,0.02434921906287545,0.8920304365238286,0.042851421706047256,0.00368442130556668,0.016019223067681217,0.02066479775730877,0.00040048057669203043,True,True,True,False,False,False,False
720575940633095137,flow,efferent,12485,400,0.25,0.14285714285714285,0.05,0.02434921906287545,0.8920304365238286,0.042851421706047256,0.00368442130556668,0.016019223067681217,0.02066479775730877,0.00040048057669203043,False,True,False,False,False,False,False
720575940633095137,flow,efferent,12485,400,0.25,0.14285714285714285,0.1,0.02434921906287545,0.8920304365238286,0.042851421706047256,0.00368442130556668,0.016019223067681217,0.02066479775730877,0.00040048057669203043,False,True,False,False,False,False,False
720575940633095137,flow,efferent,12485,400,0.25,0.04,0.01,0.02434921906287545,0.8920304365238286,0.042851421706047256,0.00368442130556668,0.016019223067681217,0.02066479775730877,0.00040048057669203043,True,True,True,False,False,False,False
720575940633095137,flow,efferent,12485,400,0.25,0.04,0.05,0.02434921906287545,0.8920304365238286,0.042851421706047256,0.00368442130556668,0.016019223067681217,0.02066479775730877,0.00040048057669203043,False,True,False,False,False,False,False
720575940633095137,flow,efferent,12485,400,0.25,0.04,0.1,0.02434921906287545,0.8920304365238286,0.042851421706047256,0.00368442130556668,0.016019223067681217,0.02066479775730877,0.00040048057669203043,False,True,False,False,False,False,False
720575940633095137,flow,efferent,12485,400,0.25,0.02,0.01,0.02434921906287545,0.8920304365238286,0.042851421706047256,0.00368442130556668,0.016019223067681217,0.02066479775730877,0.00040048057669203043,True,True,False,False,False,False,False
720575940633095137,flow,efferent,12485,400,0.25,0.02,0.05,0.02434921906287545,0.8920304365238286,0.042851421706047256,0.00368442130556668,0.016019223067681217,0.02066479775730877,0.00040048057669203043,False,True,False,False,False,False,False
720575940633095137,flow,efferent,12485,400,0.25,0.02,0.1,0.02434921906287545,0.8920304365238286,0.042851421706047256,0.00368442130556668,0.016019223067681217,0.02066479775730877,0.00040048057669203043,False,True,False,False,False,False,False
720575940633095137,flow,efferent,12485,400,0.25,0.01,0.01,0.02434921906287545,0.8920304365238286,0.042851421706047256,0.00368442130556668,0.016019223067681217,0.02066479775730877,0.00040048057669203043,True,True,False,False,False,False,False
720575940633095137,flow,efferent,12485,400,0.25,0.01,0.05,0.02434921906287545,0.8920304365238286,0.042851421706047256,0.00368442130556668,0.016019223067681217,0.02066479775730877,0.00040048057669203043,False,True,False,False,False,False,False
720575940633095137,flow,efferent,12485,400,0.25,0.01,0.1,0.02434921906287545,0.8920304365238286,0.042851421706047256,0.00368442130556668,0.016019223067681217,0.02066479775730877,0.00040048057669203043,False,False,False,False,False,False,False
720575940622929193,flow,efferent,605,400,0.25,0.14285714285714285,0.01,0.2991735537190083,0.26611570247933886,0.02975206611570248,0.013223140495867768,0.31239669421487604,0.07933884297520662,0.0,True,True,True,False,True,True,
720575940622929193,flow,efferent,605,400,0.25,0.14285714285714285,0.05,0.2991735537190083,0.26611570247933886,0.02975206611570248,0.013223140495867768,0.31239669421487604,0.07933884297520662,0.0,True,True,False,False,True,False,
720575940622929193,flow,efferent,605,400,0.25,0.14285714285714285,0.1,0.2991735537190083,0.26611570247933886,0.02975206611570248,0.013223140495867768,0.31239669421487604,0.07933884297520662,0.0,True,True,False,False,True,False,
720575940622929193,flow,efferent,605,400,0.25,0.04,0.01,0.2991735537190083,0.26611570247933886,0.02975206611570248,0.013223140495867768,0.31239669421487604,0.07933884297520662,0.0,True,True,False,False,True,True,
720575940622929193,flow,efferent,605,400,0.25,0.04,0.05,0.2991735537190083,0.26611570247933886,0.02975206611570248,0.013223140495867768,0.31239669421487604,0.07933884297520662,0.0,True,True,False,False,False,False,
720575940622929193,flow,efferent,605,400,0.25,0.04,0.1,0.2991735537190083,0.26611570247933886,0.02975206611570248,0.013223140495867768,0.31239669421487604,0.07933884297520662,0.0,True,False,False,False,False,False,
720575940622929193,flow,efferent,605,400,0.25,0.02,0.01,0.2991735537190083,0.26611570247933886,0.02975206611570248,0.013223140495867768,0.31239669421487604,0.07933884297520662,0.0,True,True,False,False,True,True,
720575940622929193,flow,efferent,605,400,0.25,0.02,0.05,0.2991735537190083,0.26611570247933886,0.02975206611570248,0.013223140495867768,0.31239669421487604,0.07933884297520662,0.0,True,False,False,False,False,False,
720575940622929193,flow,efferent,605,400,0.25,0.02,0.1,0.2991735537190083,0.26611570247933886,0.02975206611570248,0.013223140495867768,0.31239669421487604,0.07933884297520662,0.0,True,False,False,False,False,False,
720575940622929193,flow,efferent,605,400,0.25,0.01,0.01,0.2991735537190083,0.26611570247933886,0.02975206611570248,0.013223140495867768,0.31239669421487604,0.07933884297520662,0.0,True,True,False,False,True,True,
720575940622929193,flow,efferent,605,400,0.25,0.01,0.05,0.2991735537190083,0.26611570247933886,0.02975206611570248,0.013223140495867768,0.31239669421487604,0.07933884297520662,0.0,True,False,False,False,False,False,
720575940622929193,flow,efferent,605,400,0.25,0.01,0.1,0.2991735537190083,0.26611570247933886,0.02975206611570248,0.013223140495867768,0.31239669421487604,0.07933884297520662,0.0,True,False,False,False,False,False,
720575940647478148,flow,efferent,419,400,0.25,0.14285714285714285,0.01,0.3031026252983294,0.4964200477326969,0.06443914081145585,0.014319809069212411,0.09069212410501193,0.028639618138424822,0.002386634844868735,True,True,True,False,True,True,
720575940647478148,flow,efferent,419,400,0.25,0.14285714285714285,0.05,0.3031026252983294,0.4964200477326969,0.06443914081145585,0.014319809069212411,0.09069212410501193,0.028639618138424822,0.002386634844868735,True,True,False,False,False,False,
720575940647478148,flow,efferent,419,400,0.25,0.14285714285714285,0.1,0.3031026252983294,0.4964200477326969,0.06443914081145585,0.014319809069212411,0.09069212410501193,0.028639618138424822,0.002386634844868735,True,True,False,False,False,False,
720575940647478148,flow,efferent,419,400,0.25,0.04,0.01,0.3031026252983294,0.4964200477326969,0.06443914081145585,0.014319809069212411,0.09069212410501193,0.028639618138424822,0.002386634844868735,True,True,True,False,True,False,
720575940647478148,flow,efferent,419,400,0.25,0.04,0.05,0.3031026252983294,0.4964200477326969,0.06443914081145585,0.014319809069212411,0.09069212410501193,0.028639618138424822,0.002386634844868735,True,True,False,False,False,False,
720575940647478148,flow,efferent,419,400,0.25,0.04,0.1,0.3031026252983294,0.4964200477326969,0.06443914081145585,0.014319809069212411,0.09069212410501193,0.028639618138424822,0.002386634844868735,True,False,False,False,False,False,
720575940647478148,flow,efferent,419,400,0.25,0.02,0.01,0.3031026252983294,0.4964200477326969,0.06443914081145585,0.014319809069212411,0.09069212410501193,0.028639618138424822,0.002386634844868735,True,True,True,False,True,False,
720575940647478148,flow,efferent,419,400,0.25,0.02,0.05,0.3031026252983294,0.4964200477326969,0.06443914081145585,0.014319809069212411,0.09069212410501193,0.028639618138424822,0.002386634844868735,True,True,False,False,False,False,
720575940647478148,flow,efferent,419,400,0.25,0.02,0.1,0.3031026252983294,0.4964200477326969,0.06443914081145585,0.014319809069212411,0.09069212410501193,0.028639618138424822,0.002386634844868735,True,False,False,False,False,False,
720575940647478148,flow,efferent,419,400,0.25,0.01,0.01,0.3031026252983294,0.4964200477326969,0.06443914081145585,0.014319809069212411,0.09069212410501193,0.028639618138424822,0.002386634844868735,True,True,True,False,True,False,
720575940647478148,flow,efferent,419,400,0.25,0.01,0.05,0.3031026252983294,0.4964200477326969,0.06443914081145585,0.014319809069212411,0.09069212410501193,0.028639618138424822,0.002386634844868735,True,True,False,False,False,False,
720575940647478148,flow,efferent,419,400,0.25,0.01,0.1,0.3031026252983294,0.4964200477326969,0.06443914081145585,0.014319809069212411,0.09069212410501193,0.028639618138424822,0.002386634844868735,True,False,False,False,False,False,
720575940623137212,flow,efferent,2385,400,0.25,0.14285714285714285,0.01,0.12830188679245283,0.5132075471698113,0.10440251572327044,0.05241090146750524,0.1471698113207547,0.053249475890985325,0.0012578616352201257,True,True,True,True,True,True,False
720575940623137212,flow,efferent,2385,400,0.25,0.14285714285714285,0.05,0.12830188679245283,0.5132075471698113,0.10440251572327044,0.05241090146750524,0.1471698113207547,0.053249475890985325,0.0012578616352201257,True,True,False,False,True,False,False
720575940623137212,flow,efferent,2385,400,0.25,0.14285714285714285,0.1,0.12830188679245283,0.5132075471698113,0.10440251572327044,0.05241090146750524,0.1471698113207547,0.053249475890985325,0.0012578616352201257,True,True,False,False,False,False,False
720575940623137212,flow,efferent,2385,400,0.25,0.04,0.01,0.12830188679245283,0.5132075471698113,0.10440251572327044,0.05241090146750524,0.1471698113207547,0.053249475890985325,0.0012578616352201257,True,True,True,True,True,True,False
720575940623137212,flow,efferent,2385,400,0.25,0.04,0.05,0.12830188679245283,0.5132075471698113,0.10440251572327044,0.05241090146750524,0.1471698113207547,0.053249475890985325,0.0012578616352201257,True,True,False,False,False,False,False
720575940623137212,flow,efferent,2385,400,0.25,0.04,0.1,0.12830188679245283,0.5132075471698113,0.10440251572327044,0.05241090146750524,0.1471698113207547,0.053249475890985325,0.0012578616352201257,True,True,False,False,False,False,False
720575940623137212,flow,efferent,2385,400,0.25,0.02,0.01,0.12830188679245283,0.5132075471698113,0.10440251572327044,0.05241090146750524,0.1471698113207547,0.053249475890985325,0.0012578616352201257,True,True,True,False,True,True,False
720575940623137212,flow,efferent,2385,400,0.25,0.02,0.05,0.12830188679245283,0.5132075471698113,0.10440251572327044,0.05241090146750524,0.1471698113207547,0.053249475890985325,0.0012578616352201257,True,True,False,False,False,False,False
720575940623137212,flow,efferent,2385,400,0.25,0.02,0.1,0.12830188679245283,0.5132075471698113,0.10440251572327044,0.05241090146750524,0.1471698113207547,0.053249475890985325,0.0012578616352201257,True,False,False,False,False,False,False
720575940623137212,flow,efferent,2385,400,0.25,0.01,0.01,0.12830188679245283,0.5132075471698113,0.10440251572327044,0.05241090146750524,0.1471698113207547,0.053249475890985325,0.0012578616352201257,True,True,True,False,True,True,False
720575940623137212,flow,efferent,2385,400,0.25,0.01,0.05,0.12830188679245283,0.5132075471698113,0.10440251572327044,0.05241090146750524,0.1471698113207547,0.053249475890985325,0.0012578616352201257,True,True,False,False,False,False,False
720575940623137212,flow,efferent,2385,400,0.25,0.01,0.1,0.12830188679245283,0.5132075471698113,0.10440251572327044,0.05241090146750524,0.1471698113207547,0.053249475890985325,0.0012578616352201257,True,False,False,False,False,False,False
720575940626295396,flow,efferent,4958,400,0.25,0.14285714285714285,0.01,0.08793868495361033,0.7751109318273497,0.021782977006857603,0.008471157724889069,0.0609116579265833,0.04517950786607503,0.0006050826946349334,True,True,True,False,True,True,False
720575940626295396,flow,efferent,4958,400,0.25,0.14285714285714285,0.05,0.08793868495361033,0.7751109318273497,0.021782977006857603,0.008471157724889069,0.0609116579265833,0.04517950786607503,0.0006050826946349334,True,True,False,False,True,False,False
720575940626295396,flow,efferent,4958,400,0.25,0.14285714285714285,0.1,0.08793868495361033,0.7751109318273497,0.021782977006857603,0.008471157724889069,0.0609116579265833,0.04517950786607503,0.0006050826946349334,False,True,False,False,False,False,False
720575940626295396,flow,efferent,4958,400,0.25,0.04,0.01,0.08793868495361033,0.7751109318273497,0.021782977006857603,0.008471157724889069,0.0609116579265833,0.04517950786607503,0.0006050826946349334,True,True,False,False,False,False,False
720575940626295396,flow,efferent,4958,400,0.25,0.04,0.05,0.08793868495361033,0.7751109318273497,0.021782977006857603,0.008471157724889069,0.0609116579265833,0.04517950786607503,0.0006050826946349334,True,True,False,False,False,False,False
720575940626295396,flow,efferent,4958,400,0.25,0.04,0.1,0.08793868495361033,0.7751109318273497,0.021782977006857603,0.008471157724889069,0.0609116579265833,0.04517950786607503,0.0006050826946349334,False,True,False,False,False,False,False
720575940626295396,flow,efferent,4958,400,0.25,0.02,0.01,0.08793868495361033,0.7751109318273497,0.021782977006857603,0.008471157724889069,0.0609116579265833,0.04517950786607503,0.0006050826946349334,True,True,False,False,False,False,False
720575940626295396,flow,efferent,4958,400,0.25,0.02,0.05,0.08793868495361033,0.7751109318273497,0.021782977006857603,0.008471157724889069,0.0609116579265833,0.04517950786607503,0.0006050826946349334,True,True,False,False,False,False,False
720575940626295396,flow,efferent,4958,400,0.25,0.02,0.1,0.08793868495361033,0.7751109318273497,0.021782977006857603,0.008471157724889069,0.0609116579265833,0.04517950786607503,0.0006050826946349334,False,False,False,False,False,False,False
720575940626295396,flow,efferent,4958,400,0.25,0.01,0.01,0.08793868495361033,0.7751109318273497,0.021782977006857603,0.008471157724889069,0.0609116579265833,0.04517950786607503,0.0006050826946349334,True,True,False,False,False,False,False
720575940626295396,flow,efferent,4958,400,0.25,0.01,0.05,0.08793868495361033,0.7751109318273497,0.021782977006857603,0.008471157724889069,0.0609116579265833,0.04517950786607503,0.0006050826946349334,True,False,False,False,False,False,False
720575940626295396,flow,efferent,4958,400,0.25,0.01,0.1,0.08793868495361033,0.7751109318273497,0.021782977006857603,0.008471157724889069,0.0609116579265833,0.04517950786607503,0.0006050826946349334,False,False,False,False,False,False,False
720575940624154604,flow,efferent,1665,400,0.25,0.14285714285714285,0.01,0.5597597597597598,0.3009009009009009,0.10510510510510511,0.004204204204204204,0.022822822822822823,0.006606606606606606,0.0006006006006006006,True,True,True,False,True,False,
720575940624154604,flow,efferent,1665,400,0.25,0.14285714285714285,0.05,0.5597597597597598,0.3009009009009009,0.10510510510510511,0.004204204204204204,0.022822822822822823,0.006606606606606606,0.0006006006006006006,True,True,True,False,False,False,
720575940624154604,flow,efferent,1665,400,0.25,0.14285714285714285,0.1,0.5597597597597598,0.3009009009009009,0.10510510510510511,0.004204204204204204,0.022822822822822823,0.006606606606606606,0.0006006006006006006,True,True,False,False,False,False,
720575940624154604,flow,efferent,1665,400,0.25,0.04,0.01,0.5597597597597598,0.3009009009009009,0.10510510510510511,0.004204204204204204,0.022822822822822823,0.006606606606606606,0.0006006006006006006,True,True,True,False,False,False,
720575940624154604,flow,efferent,1665,400,0.25,0.04,0.05,0.5597597597597598,0.3009009009009009,0.10510510510510511,0.004204204204204204,0.022822822822822823,0.006606606606606606,0.0006006006006006006,True,True,False,False,False,False,
720575940624154604,flow,efferent,1665,400,0.25,0.04,0.1,0.5597597597597598,0.3009009009009009,0.10510510510510511,0.004204204204204204,0.022822822822822823,0.006606606606606606,0.0006006006006006006,False,False,False,False,False,False,
720575940624154604,flow,efferent,1665,400,0.25,0.02,0.01,0.5597597597597598,0.3009009009009009,0.10510510510510511,0.004204204204204204,0.022822822822822823,0.006606606606606606,0.0006006006006006006,True,True,True,False,False,False,
720575940624154604,flow,efferent,1665,400,0.25,0.02,0.05,0.5597597597597598,0.3009009009009009,0.10510510510510511,0.004204204204204204,0.022822822822822823,0.006606606606606606,0.0006006006006006006,True,False,False,False,False,False,
720575940624154604,flow,efferent,1665,400,0.25,0.02,0.1,0.5597597597597598,0.3009009009009009,0.10510510510510511,0.004204204204204204,0.022822822822822823,0.006606606606606606,0.0006006006006006006,False,False,False,False,False,False,
720575940624154604,flow,efferent,1665,400,0.25,0.01,0.01,0.5597597597597598,0.3009009009009009,0.10510510510510511,0.004204204204204204,0.022822822822822823,0.006606606606606606,0.0006006006006006006,True,True,True,False,False,False,
720575940624154604,flow,efferent,1665,400,0.25,0.01,0.05,0.5597597597597598,0.3009009009009009,0.10510510510510511,0.004204204204204204,0.022822822822822823,0.006606606606606606,0.0006006006006006006,True,False,False,False,False,False,
720575940624154604,flow,efferent,1665,400,0.25,0.01,0.1,0.5597597597597598,0.3009009009009009,0.10510510510510511,0.004204204204204204,0.022822822822822823,0.006606606606606606,0.0006006006006006006,False,False,False,False,False,False,
720575940627087646,flow,efferent,11551,400,0.25,0.14285714285714285,0.01,0.5361440567916198,0.25556228897930916,0.10501255302571207,0.019478833001471733,0.06060081378235651,0.021989438143883648,0.0012120162756471301,True,True,True,False,True,False,False
720575940627087646,flow,efferent,11551,400,0.25,0.14285714285714285,0.05,0.5361440567916198,0.25556228897930916,0.10501255302571207,0.019478833001471733,0.06060081378235651,0.021989438143883648,0.0012120162756471301,True,True,False,False,False,False,False
720575940627087646,flow,efferent,11551,400,0.25,0.14285714285714285,0.1,0.5361440567916198,0.25556228897930916,0.10501255302571207,0.019478833001471733,0.06060081378235651,0.021989438143883648,0.0012120162756471301,True,False,False,False,False,False,False
720575940627087646,flow,efferent,11551,400,0.25,0.04,0.01,0.5361440567916198,0.25556228897930916,0.10501255302571207,0.019478833001471733,0.06060081378235651,0.021989438143883648,0.0012120162756471301,True,True,True,False,True,False,False
720575940627087646,flow,efferent,11551,400,0.25,0.04,0.05,0.5361440567916198,0.25556228897930916,0.10501255302571207,0.019478833001471733,0.06060081378235651,0.021989438143883648,0.0012120162756471301,True,False,False,False,False,False,False
720575940627087646,flow,efferent,11551,400,0.25,0.04,0.1,0.5361440567916198,0.25556228897930916,0.10501255302571207,0.019478833001471733,0.06060081378235651,0.021989438143883648,0.0012120162756471301,False,False,False,False,False,False,False
720575940627087646,flow,efferent,11551,400,0.25,0.02,0.01,0.5361440567916198,0.25556228897930916,0.10501255302571207,0.019478833001471733,0.06060081378235651,0.021989438143883648,0.0012120162756471301,True,True,False,False,False,False,False
720575940627087646,flow,efferent,11551,400,0.25,0.02,0.05,0.5361440567916198,0.25556228897930916,0.10501255302571207,0.019478833001471733,0.06060081378235651,0.021989438143883648,0.0012120162756471301,True,False,False,False,False,False,False
720575940627087646,flow,efferent,11551,400,0.25,0.02,0.1,0.5361440567916198,0.25556228897930916,0.10501255302571207,0.019478833001471733,0.06060081378235651,0.021989438143883648,0.0012120162756471301,False,False,False,False,False,False,False
720575940627087646,flow,efferent,11551,400,0.25,0.01,0.01,0.5361440567916198,0.25556228897930916,0.10501255302571207,0.019478833001471733,0.06060081378235651,0.021989438143883648,0.0012120162756471301,True,True,False,False,False,False,False
720575940627087646,flow,efferent,11551,400,0.25,0.01,0.05,0.5361440567916198,0.25556228897930916,0.10501255302571207,0.019478833001471733,0.06060081378235651,0.021989438143883648,0.0012120162756471301,False,False,False,False,False,False,False
720575940627087646,flow,efferent,11551,400,0.25,0.01,0.1,0.5361440567916198,0.25556228897930916,0.10501255302571207,0.019478833001471733,0.06060081378235651,0.021989438143883648,0.0012120162756471301,False,False,False,False,False,False,False
720575940631469452,flow,efferent,2565,400,0.25,0.14285714285714285,0.01,0.0608187134502924,0.06510721247563353,0.7224171539961014,0.008187134502923977,0.056530214424951264,0.08538011695906433,0.0015594541910331384,True,True,True,False,True,True,False
720575940631469452,flow,efferent,2565,400,0.25,0.14285714285714285,0.05,0.0608187134502924,0.06510721247563353,0.7224171539961014,0.008187134502923977,0.056530214424951264,0.08538011695906433,0.0015594541910331384,False,False,True,False,False,False,False
720575940631469452,flow,efferent,2565,400,0.25,0.14285714285714285,0.1,0.0608187134502924,0.06510721247563353,0.7224171539961014,0.008187134502923977,0.056530214424951264,0.08538011695906433,0.0015594541910331384,False,False,True,False,False,False,False
720575940631469452,flow,efferent,2565,400,0.25,0.04,0.01,0.0608187134502924,0.06510721247563353,0.7224171539961014,0.008187134502923977,0.056530214424951264,0.08538011695906433,0.0015594541910331384,True,True,True,False,False,True,False
720575940631469452,flow,efferent,2565,400,0.25,0.04,0.05,0.0608187134502924,0.06510721247563353,0.7224171539961014,0.008187134502923977,0.056530214424951264,0.08538011695906433,0.0015594541910331384,False,False,True,False,False,False,False
720575940631469452,flow,efferent,2565,400,0.25,0.04,0.1,0.0608187134502924,0.06510721247563353,0.7224171539961014,0.008187134502923977,0.056530214424951264,0.08538011695906433,0.0015594541910331384,False,False,True,False,False,False,False
720575940631469452,flow,efferent,2565,400,0.25,0.02,0.01,0.0608187134502924,0.06510721247563353,0.7224171539961014,0.008187134502923977,0.056530214424951264,0.08538011695906433,0.0015594541910331384,True,True,True,False,False,True,False
720575940631469452,flow,efferent,2565,400,0.25,0.02,0.05,0.0608187134502924,0.06510721247563353,0.7224171539961014,0.008187134502923977,0.056530214424951264,0.08538011695906433,0.0015594541910331384,False,False,True,False,False,False,False
720575940631469452,flow,efferent,2565,400,0.25,0.02,0.1,0.0608187134502924,0.06510721247563353,0.7224171539961014,0.008187134502923977,0.056530214424951264,0.08538011695906433,0.0015594541910331384,False,False,False,False,False,False,False
720575940631469452,flow,efferent,2565,400,0.25,0.01,0.01,0.0608187134502924,0.06510721247563353,0.7224171539961014,0.008187134502923977,0.056530214424951264,0.08538011695906433,0.0015594541910331384,False,False,True,False,False,True,False
720575940631469452,flow,efferent,2565,400,0.25,0.01,0.05,0.0608187134502924,0.06510721247563353,0.7224171539961014,0.008187134502923977,0.056530214424951264,0.08538011695906433,0.0015594541910331384,False,False,True,False,False,False,False
720575940631469452,flow,efferent,2565,400,0.25,0.01,0.1,0.0608187134502924,0.06510721247563353,0.7224171539961014,0.008187134502923977,0.056530214424951264,0.08538011695906433,0.0015594541910331384,False,False,False,False,False,False,False
720575940624967612,flow,efferent,824,400,0.25,0.14285714285714285,0.01,0.11407766990291263,0.19053398058252427,0.11407766990291263,0.154126213592233,0.3907766990291262,0.03155339805825243,0.0048543689320388345,True,True,True,True,True,True,False
720575940624967612,flow,efferent,824,400,0.25,0.14285714285714285,0.05,0.11407766990291263,0.19053398058252427,0.11407766990291263,0.154126213592233,0.3907766990291262,0.03155339805825243,0.0048543689320388345,True,True,False,True,True,False,False
720575940624967612,flow,efferent,824,400,0.25,0.14285714285714285,0.1,0.11407766990291263,0.19053398058252427,0.11407766990291263,0.154126213592233,0.3907766990291262,0.03155339805825243,0.0048543689320388345,False,False,False,True,True,False,False
720575940624967612,flow,efferent,824,400,0.25,0.04,0.01,0.11407766990291263,0.19053398058252427,0.11407766990291263,0.154126213592233,0.3907766990291262,0.03155339805825243,0.0048543689320388345,True,True,True,True,True,False,False
720575940624967612,flow,efferent,824,400,0.25,0.04,0.05,0.11407766990291263,0.19053398058252427,0.11407766990291263,0.154126213592233,0.3907766990291262,0.03155339805825243,0.0048543689320388345,True,False,False,True,False,False,False
720575940624967612,flow,efferent,824,400,0.25,0.04,0.1,0.11407766990291263,0.19053398058252427,0.11407766990291263,0.154126213592233,0.3907766990291262,0.03155339805825243,0.0048543689320388345,False,False,False,False,False,False,False
720575940624967612,flow,efferent,824,400,0.25,0.02,0.01,0.11407766990291263,0.19053398058252427,0.11407766990291263,0.154126213592233,0.3907766990291262,0.03155339805825243,0.0048543689320388345,True,True,True,True,True,False,False
720575940624967612,flow,efferent,824,400,0.25,0.02,0.05,0.11407766990291263,0.19053398058252427,0.11407766990291263,0.154126213592233,0.3907766990291262,0.03155339805825243,0.0048543689320388345,True,False,False,True,False,False,False
720575940624967612,flow,efferent,824,400,0.25,0.02,0.1,0.11407766990291263,0.19053398058252427,0.11407766990291263,0.154126213592233,0.3907766990291262,0.03155339805825243,0.0048543689320388345,False,False,False,False,False,False,False
720575940624967612,flow,efferent,824,400,0.25,0.01,0.01,0.11407766990291263,0.19053398058252427,0.11407766990291263,0.154126213592233,0.3907766990291262,0.03155339805825243,0.0048543689320388345,True,True,True,True,True,False,False
720575940624967612,flow,efferent,824,400,0.25,0.01,0.05,0.11407766990291263,0.19053398058252427,0.11407766990291263,0.154126213592233,0.3907766990291262,0.03155339805825243,0.0048543689320388345,True,False,False,False,False,False,False
720575940624967612,flow,efferent,824,400,0.25,0.01,0.1,0.11407766990291263,0.19053398058252427,0.11407766990291263,0.154126213592233,0.3907766990291262,0.03155339805825243,0.0048543689320388345,False,False,False,False,False,False,False
720575940610173048,flow,efferent,2774,400,0.25,0.14285714285714285,0.01,0.12292718096611391,0.4589041095890411,0.029920692141312183,0.15933669790915644,0.20223503965392933,0.02631578947368421,0.0003604902667627974,True,True,True,True,True,False,
720575940610173048,flow,efferent,2774,400,0.25,0.14285714285714285,0.05,0.12292718096611391,0.4589041095890411,0.029920692141312183,0.15933669790915644,0.20223503965392933,0.02631578947368421,0.0003604902667627974,True,True,False,False,False,False,
720575940610173048,flow,efferent,2774,400,0.25,0.14285714285714285,0.1,0.12292718096611391,0.4589041095890411,0.029920692141312183,0.15933669790915644,0.20223503965392933,0.02631578947368421,0.0003604902667627974,False,True,False,False,False,False,
720575940610173048,flow,efferent,2774,400,0.25,0.04,0.01,0.12292718096611391,0.4589041095890411,0.029920692141312183,0.15933669790915644,0.20223503965392933,0.02631578947368421,0.0003604902667627974,True,True,False,True,True,False,
720575940610173048,flow,efferent,2774,400,0.25,0.04,0.05,0.12292718096611391,0.4589041095890411,0.029920692141312183,0.15933669790915644,0.20223503965392933,0.02631578947368421,0.0003604902667627974,True,True,False,False,False,False,
720575940610173048,flow,efferent,2774,400,0.25,0.04,0.1,0.12292718096611391,0.4589041095890411,0.029920692141312183,0.15933669790915644,0.20223503965392933,0.02631578947368421,0.0003604902667627974,False,True,False,False,False,False,
720575940610173048,flow,efferent,2774,400,0.25,0.02,0.01,0.12292718096611391,0.4589041095890411,0.029920692141312183,0.15933669790915644,0.20223503965392933,0.02631578947368421,0.0003604902667627974,True,True,False,True,True,False,
720575940610173048,flow,efferent,2774,400,0.25,0.02,0.05,0.12292718096611391,0.4589041095890411,0.029920692141312183,0.15933669790915644,0.20223503965392933,0.02631578947368421,0.0003604902667627974,True,True,False,False,False,False,
720575940610173048,flow,efferent,2774,400,0.25,0.02,0.1,0.12292718096611391,0.4589041095890411,0.029920692141312183,0.15933669790915644,0.20223503965392933,0.02631578947368421,0.0003604902667627974,False,True,False,False,False,False,
720575940610173048,flow,efferent,2774,400,0.25,0.01,0.01,0.12292718096611391,0.4589041095890411,0.029920692141312183,0.15933669790915644,0.20223503965392933,0.02631578947368421,0.0003604902667627974,True,True,False,True,True,False,
720575940610173048,flow,efferent,2774,400,0.25,0.01,0.05,0.12292718096611391,0.4589041095890411,0.029920692141312183,0.15933669790915644,0.20223503965392933,0.02631578947368421,0.0003604902667627974,True,True,False,False,False,False,
720575940610173048,flow,efferent,2774,400,0.25,0.01,0.1,0.12292718096611391,0.4589041095890411,0.029920692141312183,0.15933669790915644,0.20223503965392933,0.02631578947368421,0.0003604902667627974,False,True,False,False,False,False,
720575940639021757,flow,efferent,718,400,0.25,0.14285714285714285,0.01,0.28551532033426186,0.13788300835654596,0.14206128133704735,0.1671309192200557,0.22284122562674094,0.04456824512534819,0.0,True,True,True,True,True,True,
720575940639021757,flow,efferent,718,400,0.25,0.14285714285714285,0.05,0.28551532033426186,0.13788300835654596,0.14206128133704735,0.1671309192200557,0.22284122562674094,0.04456824512534819,0.0,True,True,False,True,True,False,
720575940639021757,flow,efferent,718,400,0.25,0.14285714285714285,0.1,0.28551532033426186,0.13788300835654596,0.14206128133704735,0.1671309192200557,0.22284122562674094,0.04456824512534819,0.0,True,False,False,True,False,False,
720575940639021757,flow,efferent,718,400,0.25,0.04,0.01,0.28551532033426186,0.13788300835654596,0.14206128133704735,0.1671309192200557,0.22284122562674094,0.04456824512534819,0.0,True,True,True,True,True,True,
720575940639021757,flow,efferent,718,400,0.25,0.04,0.05,0.28551532033426186,0.13788300835654596,0.14206128133704735,0.1671309192200557,0.22284122562674094,0.04456824512534819,0.0,True,False,False,True,False,False,
720575940639021757,flow,efferent,718,400,0.25,0.04,0.1,0.28551532033426186,0.13788300835654596,0.14206128133704735,0.1671309192200557,0.22284122562674094,0.04456824512534819,0.0,True,False,False,False,False,False,
720575940639021757,flow,efferent,718,400,0.25,0.02,0.01,0.28551532033426186,0.13788300835654596,0.14206128133704735,0.1671309192200557,0.22284122562674094,0.04456824512534819,0.0,True,True,True,True,True,True,
720575940639021757,flow,efferent,718,400,0.25,0.02,0.05,0.28551532033426186,0.13788300835654596,0.14206128133704735,0.1671309192200557,0.22284122562674094,0.04456824512534819,0.0,True,False,False,True,False,False,
720575940639021757,flow,efferent,718,400,0.25,0.02,0.1,0.28551532033426186,0.13788300835654596,0.14206128133704735,0.1671309192200557,0.22284122562674094,0.04456824512534819,0.0,True,False,False,False,False,False,
720575940639021757,flow,efferent,718,400,0.25,0.01,0.01,0.28551532033426186,0.13788300835654596,0.14206128133704735,0.1671309192200557,0.22284122562674094,0.04456824512534819,0.0,True,True,True,True,True,True,
720575940639021757,flow,efferent,718,400,0.25,0.01,0.05,0.28551532033426186,0.13788300835654596,0.14206128133704735,0.1671309192200557,0.22284122562674094,0.04456824512534819,0.0,True,False,False,False,False,False,
720575940639021757,flow,efferent,718,400,0.25,0.01,0.1,0.28551532033426186,0.13788300835654596,0.14206128133704735,0.1671309192200557,0.22284122562674094,0.04456824512534819,0.0,True,False,False,False,False,False,
720575940616649845,flow,efferent,3750,400,0.25,0.14285714285714285,0.01,0.0704,0.8301333333333333,0.014133333333333333,0.0104,0.050666666666666665,0.023466666666666667,0.0008,True,True,False,False,True,True,False
720575940616649845,flow,efferent,3750,400,0.25,0.14285714285714285,0.05,0.0704,0.8301333333333333,0.014133333333333333,0.0104,0.050666666666666665,0.023466666666666667,0.0008,True,True,False,False,False,False,False
720575940616649845,flow,efferent,3750,400,0.25,0.14285714285714285,0.1,0.0704,0.8301333333333333,0.014133333333333333,0.0104,0.050666666666666665,0.023466666666666667,0.0008,False,True,False,False,False,False,False
720575940616649845,flow,efferent,3750,400,0.25,0.04,0.01,0.0704,0.8301333333333333,0.014133333333333333,0.0104,0.050666666666666665,0.023466666666666667,0.0008,True,True,False,False,False,False,False
720575940616649845,flow,efferent,3750,400,0.25,0.04,0.05,0.0704,0.8301333333333333,0.014133333333333333,0.0104,0.050666666666666665,0.023466666666666667,0.0008,True,True,False,False,False,False,False
720575940616649845,flow,efferent,3750,400,0.25,0.04,0.1,0.0704,0.8301333333333333,0.014133333333333333,0.0104,0.050666666666666665,0.023466666666666667,0.0008,False,True,False,False,False,False,False
720575940616649845,flow,efferent,3750,400,0.25,0.02,0.01,0.0704,0.8301333333333333,0.014133333333333333,0.0104,0.050666666666666665,0.023466666666666667,0.0008,True,True,False,False,False,False,False
720575940616649845,flow,efferent,3750,400,0.25,0.02,0.05,0.0704,0.8301333333333333,0.014133333333333333,0.0104,0.050666666666666665,0.023466666666666667,0.0008,True,True,False,False,False,False,False
720575940616649845,flow,efferent,3750,400,0.25,0.02,0.1,0.0704,0.8301333333333333,0.014133333333333333,0.0104,0.050666666666666665,0.023466666666666667,0.0008,False,True,False,False,False,False,False
720575940616649845,flow,efferent,3750,400,0.25,0.01,0.01,0.0704,0.8301333333333333,0.014133333333333333,0.0104,0.050666666666666665,0.023466666666666667,0.0008,True,True,False,False,False,False,False
720575940616649845,flow,efferent,3750,400,0.25,0.01,0.05,0.0704,0.8301333333333333,0.014133333333333333,0.0104,0.050666666666666665,0.023466666666666667,0.0008,True,False,False,False,False,False,False
720575940616649845,flow,efferent,3750,400,0.25,0.01,0.1,0.0704,0.8301333333333333,0.014133333333333333,0.0104,0.050666666666666665,0.023466666666666667,0.0008,False,False,False,False,False,False,False
720575940614107298,flow,efferent,1938,400,0.25,0.14285714285714285,0.01,0.217234262125903,0.0041279669762641896,0.0020639834881320948,0.653250773993808,0.10577915376676987,0.016511867905056758,0.0010319917440660474,True,False,False,True,True,True,False
720575940614107298,flow,efferent,1938,400,0.25,0.14285714285714285,0.05,0.217234262125903,0.0041279669762641896,0.0020639834881320948,0.653250773993808,0.10577915376676987,0.016511867905056758,0.0010319917440660474,True,False,False,True,True,False,False
720575940614107298,flow,efferent,1938,400,0.25,0.14285714285714285,0.1,0.217234262125903,0.0041279669762641896,0.0020639834881320948,0.653250773993808,0.10577915376676987,0.016511867905056758,0.0010319917440660474,True,False,False,True,False,False,False
720575940614107298,flow,efferent,1938,400,0.25,0.04,0.01,0.217234262125903,0.0041279669762641896,0.0020639834881320948,0.653250773993808,0.10577915376676987,0.016511867905056758,0.0010319917440660474,True,False,False,True,True,True,False
720575940614107298,flow,efferent,1938,400,0.25,0.04,0.05,0.217234262125903,0.0041279669762641896,0.0020639834881320948,0.653250773993808,0.10577915376676987,0.016511867905056758,0.0010319917440660474,True,False,False,True,True,False,False
720575940614107298,flow,efferent,1938,400,0.25,0.04,0.1,0.217234262125903,0.0041279669762641896,0.0020639834881320948,0.653250773993808,0.10577915376676987,0.016511867905056758,0.0010319917440660474,True,False,False,True,False,False,False
720575940614107298,flow,efferent,1938,400,0.25,0.02,0.01,0.217234262125903,0.0041279669762641896,0.0020639834881320948,0.653250773993808,0.10577915376676987,0.016511867905056758,0.0010319917440660474,True,False,False,True,True,True,False
720575940614107298,flow,efferent,1938,400,0.25,0.02,0.05,0.217234262125903,0.0041279669762641896,0.0020639834881320948,0.653250773993808,0.10577915376676987,0.016511867905056758,0.0010319917440660474,True,False,False,True,False,False,False
720575940614107298,flow,efferent,1938,400,0.25,0.02,0.1,0.217234262125903,0.0041279669762641896,0.0020639834881320948,0.653250773993808,0.10577915376676987,0.016511867905056758,0.0010319917440660474,True,False,False,True,False,False,False
720575940614107298,flow,efferent,1938,400,0.25,0.01,0.01,0.217234262125903,0.0041279669762641896,0.0020639834881320948,0.653250773993808,0.10577915376676987,0.016511867905056758,0.0010319917440660474,True,False,False,True,True,False,False
720575940614107298,flow,efferent,1938,400,0.25,0.01,0.05,0.217234262125903,0.0041279669762641896,0.0020639834881320948,0.653250773993808,0.10577915376676987,0.016511867905056758,0.0010319917440660474,False,False,False,True,False,False,False
720575940614107298,flow,efferent,1938,400,0.25,0.01,0.1,0.217234262125903,0.0041279669762641896,0.0020639834881320948,0.653250773993808,0.10577915376676987,0.016511867905056758,0.0010319917440660474,False,False,False,False,False,False,False
720575940628363820,flow,efferent,995,400,0.25,0.14285714285714285,0.01,0.2733668341708543,0.023115577889447236,0.010050251256281407,0.5597989949748744,0.08442211055276382,0.04924623115577889,0.0,True,True,False,True,True,True,
720575940628363820,flow,efferent,995,400,0.25,0.14285714285714285,0.05,0.2733668341708543,0.023115577889447236,0.010050251256281407,0.5597989949748744,0.08442211055276382,0.04924623115577889,0.0,True,False,False,True,False,False,
720575940628363820,flow,efferent,995,400,0.25,0.14285714285714285,0.1,0.2733668341708543,0.023115577889447236,0.010050251256281407,0.5597989949748744,0.08442211055276382,0.04924623115577889,0.0,True,False,False,True,False,False,
720575940628363820,flow,efferent,995,400,0.25,0.04,0.01,0.2733668341708543,0.023115577889447236,0.010050251256281407,0.5597989949748744,0.08442211055276382,0.04924623115577889,0.0,True,False,False,True,True,True,
720575940628363820,flow,efferent,995,400,0.25,0.04,0.05,0.2733668341708543,0.023115577889447236,0.010050251256281407,0.5597989949748744,0.08442211055276382,0.04924623115577889,0.0,True,False,False,True,False,False,
720575940628363820,flow,efferent,995,400,0.25,0.04,0.1,0.2733668341708543,0.023115577889447236,0.010050251256281407,0.5597989949748744,0.08442211055276382,0.04924623115577889,0.0,True,False,False,False,False,False,
720575940628363820,flow,efferent,995,400,0.25,0.02,0.01,0.2733668341708543,0.023115577889447236,0.010050251256281407,0.5597989949748744,0.08442211055276382,0.04924623115577889,0.0,True,False,False,True,True,True,
720575940628363820,flow,efferent,995,400,0.25,0.02,0.05,0.2733668341708543,0.023115577889447236,0.010050251256281407,0.5597989949748744,0.08442211055276382,0.04924623115577889,0.0,True,False,False,True,False,False,
720575940628363820,flow,efferent,995,400,0.25,0.02,0.1,0.2733668341708543,0.023115577889447236,0.010050251256281407,0.5597989949748744,0.08442211055276382,0.04924623115577889,0.0,True,False,False,False,False,False,
720575940628363820,flow,efferent,995,400,0.25,0.01,0.01,0.2733668341708543,0.023115577889447236,0.010050251256281407,0.5597989949748744,0.08442211055276382,0.04924623115577889,0.0,True,False,False,True,False,True,
720575940628363820,flow,efferent,995,400,0.25,0.01,0.05,0.2733668341708543,0.023115577889447236,0.010050251256281407,0.5597989949748744,0.08442211055276382,0.04924623115577889,0.0,True,False,False,False,False,False,
720575940628363820,flow,efferent,995,400,0.25,0.01,0.1,0.2733668341708543,0.023115577889447236,0.010050251256281407,0.5597989949748744,0.08442211055276382,0.04924623115577889,0.0,False,False,False,False,False,False,
720575940627490459,flow,efferent,4835,400,0.25,0.14285714285714285,0.01,0.07404343329886245,0.7950361944157187,0.03329886246122027,0.008686659772492245,0.04632885211995864,0.04260599793174767,0.0,True,True,True,False,False,True,
720575940627490459,flow,efferent,4835,400,0.25,0.14285714285714285,0.05,0.07404343329886245,0.7950361944157187,0.03329886246122027,0.008686659772492245,0.04632885211995864,0.04260599793174767,0.0,True,True,False,False,False,False,
720575940627490459,flow,efferent,4835,400,0.25,0.14285714285714285,0.1,0.07404343329886245,0.7950361944157187,0.03329886246122027,0.008686659772492245,0.04632885211995864,0.04260599793174767,0.0,False,True,False,False,False,False,
720575940627490459,flow,efferent,4835,400,0.25,0.04,0.01,0.07404343329886245,0.7950361944157187,0.03329886246122027,0.008686659772492245,0.04632885211995864,0.04260599793174767,0.0,True,True,False,False,False,False,
720575940627490459,flow,efferent,4835,400,0.25,0.04,0.05,0.07404343329886245,0.7950361944157187,0.03329886246122027,0.008686659772492245,0.04632885211995864,0.04260599793174767,0.0,True,True,False,False,False,False,
720575940627490459,flow,efferent,4835,400,0.25,0.04,0.1,0.07404343329886245,0.7950361944157187,0.03329886246122027,0.008686659772492245,0.04632885211995864,0.04260599793174767,0.0,False,False,False,False,False,False,
720575940627490459,flow,efferent,4835,400,0.25,0.02,0.01,0.07404343329886245,0.7950361944157187,0.03329886246122027,0.008686659772492245,0.04632885211995864,0.04260599793174767,0.0,True,True,False,False,False,False,
720575940627490459,flow,efferent,4835,400,0.25,0.02,0.05,0.07404343329886245,0.7950361944157187,0.03329886246122027,0.008686659772492245,0.04632885211995864,0.04260599793174767,0.0,True,True,False,False,False,False,
720575940627490459,flow,efferent,4835,400,0.25,0.02,0.1,0.07404343329886245,0.7950361944157187,0.03329886246122027,0.008686659772492245,0.04632885211995864,0.04260599793174767,0.0,False,False,False,False,False,False,
720575940627490459,flow,efferent,4835,400,0.25,0.01,0.01,0.07404343329886245,0.7950361944157187,0.03329886246122027,0.008686659772492245,0.04632885211995864,0.04260599793174767,0.0,True,True,False,False,False,False,
720575940627490459,flow,efferent,4835,400,0.25,0.01,0.05,0.07404343329886245,0.7950361944157187,0.03329886246122027,0.008686659772492245,0.04632885211995864,0.04260599793174767,0.0,True,False,False,False,False,False,
720575940627490459,flow,efferent,4835,400,0.25,0.01,0.1,0.07404343329886245,0.7950361944157187,0.03329886246122027,0.008686659772492245,0.04632885211995864,0.04260599793174767,0.0,False,False,False,False,False,False,
720575940604930481,flow,efferent,2497,400,0.25,0.14285714285714285,0.01,0.021225470564677613,0.6131357629154986,0.19543452142571086,0.004805766920304365,0.09251101321585903,0.07288746495794954,0.0,True,True,True,False,True,True,
720575940604930481,flow,efferent,2497,400,0.25,0.14285714285714285,0.05,0.021225470564677613,0.6131357629154986,0.19543452142571086,0.004805766920304365,0.09251101321585903,0.07288746495794954,0.0,False,True,True,False,False,False,
720575940604930481,flow,efferent,2497,400,0.25,0.14285714285714285,0.1,0.021225470564677613,0.6131357629154986,0.19543452142571086,0.004805766920304365,0.09251101321585903,0.07288746495794954,0.0,False,True,True,False,False,False,
720575940604930481,flow,efferent,2497,400,0.25,0.04,0.01,0.021225470564677613,0.6131357629154986,0.19543452142571086,0.004805766920304365,0.09251101321585903,0.07288746495794954,0.0,True,True,True,False,True,True,
720575940604930481,flow,efferent,2497,400,0.25,0.04,0.05,0.021225470564677613,0.6131357629154986,0.19543452142571086,0.004805766920304365,0.09251101321585903,0.07288746495794954,0.0,False,True,False,False,False,False,
720575940604930481,flow,efferent,2497,400,0.25,0.04,0.1,0.021225470564677613,0.6131357629154986,0.19543452142571086,0.004805766920304365,0.09251101321585903,0.07288746495794954,0.0,False,False,False,False,False,False,
720575940604930481,flow,efferent,2497,400,0.25,0.02,0.01,0.021225470564677613,0.6131357629154986,0.19543452142571086,0.004805766920304365,0.09251101321585903,0.07288746495794954,0.0,True,True,True,False,True,True,
720575940604930481,flow,efferent,2497,400,0.25,0.02,0.05,0.021225470564677613,0.6131357629154986,0.19543452142571086,0.004805766920304365,0.09251101321585903,0.07288746495794954,0.0,False,True,False,False,False,False,
720575940604930481,flow,efferent,2497,400,0.25,0.02,0.1,0.021225470564677613,0.6131357629154986,0.19543452142571086,0.004805766920304365,0.09251101321585903,0.07288746495794954,0.0,False,False,False,False,False,False,
720575940604930481,flow,efferent,2497,400,0.25,0.01,0.01,0.021225470564677613,0.6131357629154986,0.19543452142571086,0.004805766920304365,0.09251101321585903,0.07288746495794954,0.0,True,True,True,False,True,False,
720575940604930481,flow,efferent,2497,400,0.25,0.01,0.05,0.021225470564677613,0.6131357629154986,0.19543452142571086,0.004805766920304365,0.09251101321585903,0.07288746495794954,0.0,False,False,False,False,False,False,
720575940604930481,flow,efferent,2497,400,0.25,0.01,0.1,0.021225470564677613,0.6131357629154986,0.19543452142571086,0.004805766920304365,0.09251101321585903,0.07288746495794954,0.0,False,False,False,False,False,False,
720575940622565590,flow,efferent,4312,400,0.25,0.14285714285714285,0.01,0.03385899814471243,0.11665120593692022,0.048701298701298704,0.10250463821892393,0.32305194805194803,0.37360853432282004,0.0016233766233766235,True,True,True,True,True,True,False
720575940622565590,flow,efferent,4312,400,0.25,0.14285714285714285,0.05,0.03385899814471243,0.11665120593692022,0.048701298701298704,0.10250463821892393,0.32305194805194803,0.37360853432282004,0.0016233766233766235,False,True,False,True,True,True,False
720575940622565590,flow,efferent,4312,400,0.25,0.14285714285714285,0.1,0.03385899814471243,0.11665120593692022,0.048701298701298704,0.10250463821892393,0.32305194805194803,0.37360853432282004,0.0016233766233766235,False,False,False,False,True,True,False
720575940622565590,flow,efferent,4312,400,0.25,0.04,0.01,0.03385899814471243,0.11665120593692022,0.048701298701298704,0.10250463821892393,0.32305194805194803,0.37360853432282004,0.0016233766233766235,True,True,True,True,True,True,False
720575940622565590,flow,efferent,4312,400,0.25,0.04,0.05,0.03385899814471243,0.11665120593692022,0.048701298701298704,0.10250463821892393,0.32305194805194803,0.37360853432282004,0.0016233766233766235,False,False,False,False,False,True,False
720575940622565590,flow,efferent,4312,400,0.25,0.04,0.1,0.03385899814471243,0.11665120593692022,0.048701298701298704,0.10250463821892393,0.32305194805194803,0.37360853432282004,0.0016233766233766235,False,False,False,False,False,False,False
720575940622565590,flow,efferent,4312,400,0.25,0.02,0.01,0.03385899814471243,0.11665120593692022,0.048701298701298704,0.10250463821892393,0.32305194805194803,0.37360853432282004,0.0016233766233766235,True,True,True,True,True,True,False
720575940622565590,flow,efferent,4312,400,0.25,0.02,0.05,0.03385899814471243,0.11665120593692022,0.048701298701298704,0.10250463821892393,0.32305194805194803,0.37360853432282004,0.0016233766233766235,False,False,False,False,False,False,False
720575940622565590,flow,efferent,4312,400,0.25,0.02,0.1,0.03385899814471243,0.11665120593692022,0.048701298701298704,0.10250463821892393,0.32305194805194803,0.37360853432282004,0.0016233766233766235,False,False,False,False,False,False,False
720575940622565590,flow,efferent,4312,400,0.25,0.01,0.01,0.03385899814471243,0.11665120593692022,0.048701298701298704,0.10250463821892393,0.32305194805194803,0.37360853432282004,0.0016233766233766235,True,True,False,True,True,True,False
720575940622565590,flow,efferent,4312,400,0.25,0.01,0.05,0.03385899814471243,0.11665120593692022,0.048701298701298704,0.10250463821892393,0.32305194805194803,0.37360853432282004,0.0016233766233766235,False,False,False,False,False,False,False
720575940622565590,flow,efferent,4312,400,0.25,0.01,0.1,0.03385899814471243,0.11665120593692022,0.048701298701298704,0.10250463821892393,0.32305194805194803,0.37360853432282004,0.0016233766233766235,False,False,False,False,False,False,False
720575940621561697,flow,efferent,1994,400,0.25,0.14285714285714285,0.01,0.06920762286860582,0.5536609829488466,0.24423269809428286,0.007522567703109328,0.09528585757271815,0.03009027081243731,0.0,True,True,True,False,True,True,
720575940621561697,flow,efferent,1994,400,0.25,0.14285714285714285,0.05,0.06920762286860582,0.5536609829488466,0.24423269809428286,0.007522567703109328,0.09528585757271815,0.03009027081243731,0.0,True,True,True,False,True,False,
720575940621561697,flow,efferent,1994,400,0.25,0.14285714285714285,0.1,0.06920762286860582,0.5536609829488466,0.24423269809428286,0.007522567703109328,0.09528585757271815,0.03009027081243731,0.0,False,True,True,False,False,False,
720575940621561697,flow,efferent,1994,400,0.25,0.04,0.01,0.06920762286860582,0.5536609829488466,0.24423269809428286,0.007522567703109328,0.09528585757271815,0.03009027081243731,0.0,True,True,True,False,True,True,
720575940621561697,flow,efferent,1994,400,0.25,0.04,0.05,0.06920762286860582,0.5536609829488466,0.24423269809428286,0.007522567703109328,0.09528585757271815,0.03009027081243731,0.0,True,True,False,False,False,False,
720575940621561697,flow,efferent,1994,400,0.25,0.04,0.1,0.06920762286860582,0.5536609829488466,0.24423269809428286,0.007522567703109328,0.09528585757271815,0.03009027081243731,0.0,False,True,False,False,False,False,
720575940621561697,flow,efferent,1994,400,0.25,0.02,0.01,0.06920762286860582,0.5536609829488466,0.24423269809428286,0.007522567703109328,0.09528585757271815,0.03009027081243731,0.0,True,True,True,False,False,False,
720575940621561697,flow,efferent,1994,400,0.25,0.02,0.05,0.06920762286860582,0.5536609829488466,0.24423269809428286,0.007522567703109328,0.09528585757271815,0.03009027081243731,0.0,True,True,False,False,False,False,
720575940621561697,flow,efferent,1994,400,0.25,0.02,0.1,0.06920762286860582,0.5536609829488466,0.24423269809428286,0.007522567703109328,0.09528585757271815,0.03009027081243731,0.0,False,False,False,False,False,False,
720575940621561697,flow,efferent,1994,400,0.25,0.01,0.01,0.06920762286860582,0.5536609829488466,0.24423269809428286,0.007522567703109328,0.09528585757271815,0.03009027081243731,0.0,True,True,True,False,False,False,
720575940621561697,flow,efferent,1994,400,0.25,0.01,0.05,0.06920762286860582,0.5536609829488466,0.24423269809428286,0.007522567703109328,0.09528585757271815,0.03009027081243731,0.0,False,True,False,False,False,False,
720575940621561697,flow,efferent,1994,400,0.25,0.01,0.1,0.06920762286860582,0.5536609829488466,0.24423269809428286,0.007522567703109328,0.09528585757271815,0.03009027081243731,0.0,False,False,False,False,False,False,
720575940621566844,flow,efferent,5200,400,0.25,0.14285714285714285,0.01,0.011923076923076923,0.015576923076923077,0.01903846153846154,0.012115384615384615,0.6146153846153846,0.32653846153846156,0.0001923076923076923,False,False,False,False,True,True,
720575940621566844,flow,efferent,5200,400,0.25,0.14285714285714285,0.05,0.011923076923076923,0.015576923076923077,0.01903846153846154,0.012115384615384615,0.6146153846153846,0.32653846153846156,0.0001923076923076923,False,False,False,False,True,True,
720575940621566844,flow,efferent,5200,400,0.25,0.14285714285714285,0.1,0.011923076923076923,0.015576923076923077,0.01903846153846154,0.012115384615384615,0.6146153846153846,0.32653846153846156,0.0001923076923076923,False,False,False,False,True,True,
720575940621566844,flow,efferent,5200,400,0.25,0.04,0.01,0.011923076923076923,0.015576923076923077,0.01903846153846154,0.012115384615384615,0.6146153846153846,0.32653846153846156,0.0001923076923076923,False,False,False,False,True,True,
720575940621566844,flow,efferent,5200,400,0.25,0.04,0.05,0.011923076923076923,0.015576923076923077,0.01903846153846154,0.012115384615384615,0.6146153846153846,0.32653846153846156,0.0001923076923076923,False,False,False,False,True,True,
720575940621566844,flow,efferent,5200,400,0.25,0.04,0.1,0.011923076923076923,0.015576923076923077,0.01903846153846154,0.012115384615384615,0.6146153846153846,0.32653846153846156,0.0001923076923076923,False,False,False,False,False,True,
720575940621566844,flow,efferent,5200,400,0.25,0.02,0.01,0.011923076923076923,0.015576923076923077,0.01903846153846154,0.012115384615384615,0.6146153846153846,0.32653846153846156,0.0001923076923076923,False,False,False,False,True,True,
720575940621566844,flow,efferent,5200,400,0.25,0.02,0.05,0.011923076923076923,0.015576923076923077,0.01903846153846154,0.012115384615384615,0.6146153846153846,0.32653846153846156,0.0001923076923076923,False,False,False,False,False,True,
720575940621566844,flow,efferent,5200,400,0.25,0.02,0.1,0.011923076923076923,0.015576923076923077,0.01903846153846154,0.012115384615384615,0.6146153846153846,0.32653846153846156,0.0001923076923076923,False,False,False,False,False,True,
720575940621566844,flow,efferent,5200,400,0.25,0.01,0.01,0.011923076923076923,0.015576923076923077,0.01903846153846154,0.012115384615384615,0.6146153846153846,0.32653846153846156,0.0001923076923076923,False,False,False,False,True,True,
720575940621566844,flow,efferent,5200,400,0.25,0.01,0.05,0.011923076923076923,0.015576923076923077,0.01903846153846154,0.012115384615384615,0.6146153846153846,0.32653846153846156,0.0001923076923076923,False,False,False,False,False,True,
720575940621566844,flow,efferent,5200,400,0.25,0.01,0.1,0.011923076923076923,0.015576923076923077,0.01903846153846154,0.012115384615384615,0.6146153846153846,0.32653846153846156,0.0001923076923076923,False,False,False,False,False,True,
720575940614909506,flow,efferent,4442,400,0.25,0.14285714285714285,0.01,0.025664115263394866,0.07631697433588473,0.824853669518235,0.004727600180099055,0.04907699234579019,0.018235029266096353,0.0011256190904997748,True,True,True,False,True,False,False
720575940614909506,flow,efferent,4442,400,0.25,0.14285714285714285,0.05,0.025664115263394866,0.07631697433588473,0.824853669518235,0.004727600180099055,0.04907699234579019,0.018235029266096353,0.0011256190904997748,False,False,True,False,False,False,False
720575940614909506,flow,efferent,4442,400,0.25,0.14285714285714285,0.1,0.025664115263394866,0.07631697433588473,0.824853669518235,0.004727600180099055,0.04907699234579019,0.018235029266096353,0.0011256190904997748,False,False,True,False,False,False,False
720575940614909506,flow,efferent,4442,400,0.25,0.04,0.01,0.025664115263394866,0.07631697433588473,0.824853669518235,0.004727600180099055,0.04907699234579019,0.018235029266096353,0.0011256190904997748,False,True,True,False,False,False,False
720575940614909506,flow,efferent,4442,400,0.25,0.04,0.05,0.025664115263394866,0.07631697433588473,0.824853669518235,0.004727600180099055,0.04907699234579019,0.018235029266096353,0.0011256190904997748,False,False,True,False,False,False,False
720575940614909506,flow,efferent,4442,400,0.25,0.04,0.1,0.025664115263394866,0.07631697433588473,0.824853669518235,0.004727600180099055,0.04907699234579019,0.018235029266096353,0.0011256190904997748,False,False,True,False,False,False,False
720575940614909506,flow,efferent,4442,400,0.25,0.02,0.01,0.025664115263394866,0.07631697433588473,0.824853669518235,0.004727600180099055,0.04907699234579019,0.018235029266096353,0.0011256190904997748,False,False,True,False,False,False,False
720575940614909506,flow,efferent,4442,400,0.25,0.02,0.05,0.025664115263394866,0.07631697433588473,0.824853669518235,0.004727600180099055,0.04907699234579019,0.018235029266096353,0.0011256190904997748,False,False,True,False,False,False,False
720575940614909506,flow,efferent,4442,400,0.25,0.02,0.1,0.025664115263394866,0.07631697433588473,0.824853669518235,0.004727600180099055,0.04907699234579019,0.018235029266096353,0.0011256190904997748,False,False,False,False,False,False,False
720575940614909506,flow,efferent,4442,400,0.25,0.01,0.01,0.025664115263394866,0.07631697433588473,0.824853669518235,0.004727600180099055,0.04907699234579019,0.018235029266096353,0.0011256190904997748,False,False,True,False,False,False,False
720575940614909506,flow,efferent,4442,400,0.25,0.01,0.05,0.025664115263394866,0.07631697433588473,0.824853669518235,0.004727600180099055,0.04907699234579019,0.018235029266096353,0.0011256190904997748,False,False,True,False,False,False,False
720575940614909506,flow,efferent,4442,400,0.25,0.01,0.1,0.025664115263394866,0.07631697433588473,0.824853669518235,0.004727600180099055,0.04907699234579019,0.018235029266096353,0.0011256190904997748,False,False,False,False,False,False,False
720575940626296339,flow,efferent,492,400,0.25,0.14285714285714285,0.01,0.3434959349593496,0.10569105691056911,0.05894308943089431,0.01016260162601626,0.44308943089430897,0.03861788617886179,0.0,True,True,True,False,True,True,
720575940626296339,flow,efferent,492,400,0.25,0.14285714285714285,0.05,0.3434959349593496,0.10569105691056911,0.05894308943089431,0.01016260162601626,0.44308943089430897,0.03861788617886179,0.0,True,True,False,False,True,False,
720575940626296339,flow,efferent,492,400,0.25,0.14285714285714285,0.1,0.3434959349593496,0.10569105691056911,0.05894308943089431,0.01016260162601626,0.44308943089430897,0.03861788617886179,0.0,True,False,False,False,True,False,
720575940626296339,flow,efferent,492,400,0.25,0.04,0.01,0.3434959349593496,0.10569105691056911,0.05894308943089431,0.01016260162601626,0.44308943089430897,0.03861788617886179,0.0,True,True,True,False,True,True,
720575940626296339,flow,efferent,492,400,0.25,0.04,0.05,0.3434959349593496,0.10569105691056911,0.05894308943089431,0.01016260162601626,0.44308943089430897,0.03861788617886179,0.0,True,False,False,False,True,False,
720575940626296339,flow,efferent,492,400,0.25,0.04,0.1,0.3434959349593496,0.10569105691056911,0.05894308943089431,0.01016260162601626,0.44308943089430897,0.03861788617886179,0.0,True,False,False,False,True,False,
720575940626296339,flow,efferent,492,400,0.25,0.02,0.01,0.3434959349593496,0.10569105691056911,0.05894308943089431,0.01016260162601626,0.44308943089430897,0.03861788617886179,0.0,True,True,True,False,True,True,
720575940626296339,flow,efferent,492,400,0.25,0.02,0.05,0.3434959349593496,0.10569105691056911,0.05894308943089431,0.01016260162601626,0.44308943089430897,0.03861788617886179,0.0,True,False,False,False,True,False,
720575940626296339,flow,efferent,492,400,0.25,0.02,0.1,0.3434959349593496,0.10569105691056911,0.05894308943089431,0.01016260162601626,0.44308943089430897,0.03861788617886179,0.0,True,False,False,False,True,False,
720575940626296339,flow,efferent,492,400,0.25,0.01,0.01,0.3434959349593496,0.10569105691056911,0.05894308943089431,0.01016260162601626,0.44308943089430897,0.03861788617886179,0.0,True,True,True,False,True,False,
720575940626296339,flow,efferent,492,400,0.25,0.01,0.05,0.3434959349593496,0.10569105691056911,0.05894308943089431,0.01016260162601626,0.44308943089430897,0.03861788617886179,0.0,True,False,False,False,True,False,
720575940626296339,flow,efferent,492,400,0.25,0.01,0.1,0.3434959349593496,0.10569105691056911,0.05894308943089431,0.01016260162601626,0.44308943089430897,0.03861788617886179,0.0,False,False,False,False,False,False,
720575940606856405,flow,efferent,1049,400,0.25,0.14285714285714285,0.01,0.052430886558627265,0.25738798856053385,0.2449952335557674,0.005719733079122974,0.4213536701620591,0.015252621544327931,0.002859866539561487,True,True,True,False,True,False,False
720575940606856405,flow,efferent,1049,400,0.25,0.14285714285714285,0.05,0.052430886558627265,0.25738798856053385,0.2449952335557674,0.005719733079122974,0.4213536701620591,0.015252621544327931,0.002859866539561487,False,True,True,False,True,False,False
720575940606856405,flow,efferent,1049,400,0.25,0.14285714285714285,0.1,0.052430886558627265,0.25738798856053385,0.2449952335557674,0.005719733079122974,0.4213536701620591,0.015252621544327931,0.002859866539561487,False,False,True,False,True,False,False
720575940606856405,flow,efferent,1049,400,0.25,0.04,0.01,0.052430886558627265,0.25738798856053385,0.2449952335557674,0.005719733079122974,0.4213536701620591,0.015252621544327931,0.002859866539561487,True,True,True,False,True,False,False
720575940606856405,flow,efferent,1049,400,0.25,0.04,0.05,0.052430886558627265,0.25738798856053385,0.2449952335557674,0.005719733079122974,0.4213536701620591,0.015252621544327931,0.002859866539561487,False,False,True,False,True,False,False
720575940606856405,flow,efferent,1049,400,0.25,0.04,0.1,0.052430886558627265,0.25738798856053385,0.2449952335557674,0.005719733079122974,0.4213536701620591,0.015252621544327931,0.002859866539561487,False,False,False,False,False,False,False
720575940606856405,flow,efferent,1049,400,0.25,0.02,0.01,0.052430886558627265,0.25738798856053385,0.2449952335557674,0.005719733079122974,0.4213536701620591,0.015252621544327931,0.002859866539561487,True,True,True,False,True,False,False
720575940606856405,flow,efferent,1049,400,0.25,0.02,0.05,0.052430886558627265,0.25738798856053385,0.2449952335557674,0.005719733079122974,0.4213536701620591,0.015252621544327931,0.002859866539561487,False,False,False,False,True,False,False
720575940606856405,flow,efferent,1049,400,0.25,0.02,0.1,0.052430886558627265,0.25738798856053385,0.2449952335557674,0.005719733079122974,0.4213536701620591,0.015252621544327931,0.002859866539561487,False,False,False,False,False,False,False
720575940606856405,flow,efferent,1049,400,0.25,0.01,0.01,0.052430886558627265,0.25738798856053385,0.2449952335557674,0.005719733079122974,0.4213536701620591,0.015252621544327931,0.002859866539561487,True,True,True,False,True,False,False
720575940606856405,flow,efferent,1049,400,0.25,0.01,0.05,0.052430886558627265,0.25738798856053385,0.2449952335557674,0.005719733079122974,0.4213536701620591,0.015252621544327931,0.002859866539561487,False,False,False,False,True,False,False
720575940606856405,flow,efferent,1049,400,0.25,0.01,0.1,0.052430886558627265,0.25738798856053385,0.2449952335557674,0.005719733079122974,0.4213536701620591,0.015252621544327931,0.002859866539561487,False,False,False,False,False,False,False
720575940624801771,flow,efferent,4526,400,0.25,0.14285714285714285,0.01,0.0452938577110031,0.8256738842244807,0.03601414052143173,0.008174988952717632,0.0410958904109589,0.04308440123729562,0.0006628369421122404,True,True,True,False,True,True,False
720575940624801771,flow,efferent,4526,400,0.25,0.14285714285714285,0.05,0.0452938577110031,0.8256738842244807,0.03601414052143173,0.008174988952717632,0.0410958904109589,0.04308440123729562,0.0006628369421122404,False,True,False,False,False,False,False
720575940624801771,flow,efferent,4526,400,0.25,0.14285714285714285,0.1,0.0452938577110031,0.8256738842244807,0.03601414052143173,0.008174988952717632,0.0410958904109589,0.04308440123729562,0.0006628369421122404,False,True,False,False,False,False,False
720575940624801771,flow,efferent,4526,400,0.25,0.04,0.01,0.0452938577110031,0.8256738842244807,0.03601414052143173,0.008174988952717632,0.0410958904109589,0.04308440123729562,0.0006628369421122404,True,True,False,False,False,False,False
720575940624801771,flow,efferent,4526,400,0.25,0.04,0.05,0.0452938577110031,0.8256738842244807,0.03601414052143173,0.008174988952717632,0.0410958904109589,0.04308440123729562,0.0006628369421122404,False,True,False,False,False,False,False
720575940624801771,flow,efferent,4526,400,0.25,0.04,0.1,0.0452938577110031,0.8256738842244807,0.03601414052143173,0.008174988952717632,0.0410958904109589,0.04308440123729562,0.0006628369421122404,False,True,False,False,False,False,False
720575940624801771,flow,efferent,4526,400,0.25,0.02,0.01,0.0452938577110031,0.8256738842244807,0.03601414052143173,0.008174988952717632,0.0410958904109589,0.04308440123729562,0.0006628369421122404,True,True,False,False,False,False,False
720575940624801771,flow,efferent,4526,400,0.25,0.02,0.05,0.0452938577110031,0.8256738842244807,0.03601414052143173,0.008174988952717632,0.0410958904109589,0.04308440123729562,0.0006628369421122404,False,True,False,False,False,False,False
720575940624801771,flow,efferent,4526,400,0.25,0.02,0.1,0.0452938577110031,0.8256738842244807,0.03601414052143173,0.008174988952717632,0.0410958904109589,0.04308440123729562,0.0006628369421122404,False,False,False,False,False,False,False
720575940624801771,flow,efferent,4526,400,0.25,0.01,0.01,0.0452938577110031,0.8256738842244807,0.03601414052143173,0.008174988952717632,0.0410958904109589,0.04308440123729562,0.0006628369421122404,True,True,False,False,False,False,False
720575940624801771,flow,efferent,4526,400,0.25,0.01,0.05,0.0452938577110031,0.8256738842244807,0.03601414052143173,0.008174988952717632,0.0410958904109589,0.04308440123729562,0.0006628369421122404,False,False,False,False,False,False,False
720575940624801771,flow,efferent,4526,400,0.25,0.01,0.1,0.0452938577110031,0.8256738842244807,0.03601414052143173,0.008174988952717632,0.0410958904109589,0.04308440123729562,0.0006628369421122404,False,False,False,False,False,False,False
720575940638175558,flow,efferent,3019,400,0.25,0.14285714285714285,0.01,0.15965551507121564,0.6975819807883405,0.08877111626366346,0.004968532626697582,0.03875455448824114,0.009937065253395164,0.0003312355084465055,True,True,True,False,True,False,
720575940638175558,flow,efferent,3019,400,0.25,0.14285714285714285,0.05,0.15965551507121564,0.6975819807883405,0.08877111626366346,0.004968532626697582,0.03875455448824114,0.009937065253395164,0.0003312355084465055,True,True,True,False,False,False,
720575940638175558,flow,efferent,3019,400,0.25,0.14285714285714285,0.1,0.15965551507121564,0.6975819807883405,0.08877111626366346,0.004968532626697582,0.03875455448824114,0.009937065253395164,0.0003312355084465055,False,True,False,False,False,False,
720575940638175558,flow,efferent,3019,400,0.25,0.04,0.01,0.15965551507121564,0.6975819807883405,0.08877111626366346,0.004968532626697582,0.03875455448824114,0.009937065253395164,0.0003312355084465055,True,True,True,False,False,False,
720575940638175558,flow,efferent,3019,400,0.25,0.04,0.05,0.15965551507121564,0.6975819807883405,0.08877111626366346,0.004968532626697582,0.03875455448824114,0.009937065253395164,0.0003312355084465055,False,True,False,False,False,False,
720575940638175558,flow,efferent,3019,400,0.25,0.04,0.1,0.15965551507121564,0.6975819807883405,0.08877111626366346,0.004968532626697582,0.03875455448824114,0.009937065253395164,0.0003312355084465055,False,True,False,False,False,False,
720575940638175558,flow,efferent,3019,400,0.25,0.02,0.01,0.15965551507121564,0.6975819807883405,0.08877111626366346,0.004968532626697582,0.03875455448824114,0.009937065253395164,0.0003312355084465055,True,True,True,False,False,False,
720575940638175558,flow,efferent,3019,400,0.25,0.02,0.05,0.15965551507121564,0.6975819807883405,0.08877111626366346,0.004968532626697582,0.03875455448824114,0.009937065253395164,0.0003312355084465055,False,True,False,False,False,False,
720575940638175558,flow,efferent,3019,400,0.25,0.02,0.1,0.15965551507121564,0.6975819807883405,0.08877111626366346,0.004968532626697582,0.03875455448824114,0.009937065253395164,0.0003312355084465055,False,False,False,False,False,False,
720575940638175558,flow,efferent,3019,400,0.25,0.01,0.01,0.15965551507121564,0.6975819807883405,0.08877111626366346,0.004968532626697582,0.03875455448824114,0.009937065253395164,0.0003312355084465055,True,True,True,False,False,False,
720575940638175558,flow,efferent,3019,400,0.25,0.01,0.05,0.15965551507121564,0.6975819807883405,0.08877111626366346,0.004968532626697582,0.03875455448824114,0.009937065253395164,0.0003312355084465055,False,True,False,False,False,False,
720575940638175558,flow,efferent,3019,400,0.25,0.01,0.1,0.15965551507121564,0.6975819807883405,0.08877111626366346,0.004968532626697582,0.03875455448824114,0.009937065253395164,0.0003312355084465055,False,False,False,False,False,False,
720575940621401222,flow,efferent,7394,400,0.25,0.14285714285714285,0.01,0.06505274546929943,0.8470381390316473,0.019745739789018123,0.004192588585339464,0.02312685961590479,0.04016770354341358,0.000676223965377333,True,True,False,False,True,True,False
720575940621401222,flow,efferent,7394,400,0.25,0.14285714285714285,0.05,0.06505274546929943,0.8470381390316473,0.019745739789018123,0.004192588585339464,0.02312685961590479,0.04016770354341358,0.000676223965377333,False,True,False,False,False,False,False
720575940621401222,flow,efferent,7394,400,0.25,0.14285714285714285,0.1,0.06505274546929943,0.8470381390316473,0.019745739789018123,0.004192588585339464,0.02312685961590479,0.04016770354341358,0.000676223965377333,False,True,False,False,False,False,False
720575940621401222,flow,efferent,7394,400,0.25,0.04,0.01,0.06505274546929943,0.8470381390316473,0.019745739789018123,0.004192588585339464,0.02312685961590479,0.04016770354341358,0.000676223965377333,True,True,False,False,False,False,False
720575940621401222,flow,efferent,7394,400,0.25,0.04,0.05,0.06505274546929943,0.8470381390316473,0.019745739789018123,0.004192588585339464,0.02312685961590479,0.04016770354341358,0.000676223965377333,False,True,False,False,False,False,False
720575940621401222,flow,efferent,7394,400,0.25,0.04,0.1,0.06505274546929943,0.8470381390316473,0.019745739789018123,0.004192588585339464,0.02312685961590479,0.04016770354341358,0.000676223965377333,False,True,False,False,False,False,False
720575940621401222,flow,efferent,7394,400,0.25,0.02,0.01,0.06505274546929943,0.8470381390316473,0.019745739789018123,0.004192588585339464,0.02312685961590479,0.04016770354341358,0.000676223965377333,True,True,False,False,False,False,False
720575940621401222,flow,efferent,7394,400,0.25,0.02,0.05,0.06505274546929943,0.8470381390316473,0.019745739789018123,0.004192588585339464,0.02312685961590479,0.04016770354341358,0.000676223965377333,False,True,False,False,False,False,False
720575940621401222,flow,efferent,7394,400,0.25,0.02,0.1,0.06505274546929943,0.8470381390316473,0.019745739789018123,0.004192588585339464,0.02312685961590479,0.04016770354341358,0.000676223965377333,False,False,False,False,False,False,False
720575940621401222,flow,efferent,7394,400,0.25,0.01,0.01,0.06505274546929943,0.8470381390316473,0.019745739789018123,0.004192588585339464,0.02312685961590479,0.04016770354341358,0.000676223965377333,True,True,False,False,False,False,False
720575940621401222,flow,efferent,7394,400,0.25,0.01,0.05,0.06505274546929943,0.8470381390316473,0.019745739789018123,0.004192588585339464,0.02312685961590479,0.04016770354341358,0.000676223965377333,False,True,False,False,False,False,False
720575940621401222,flow,efferent,7394,400,0.25,0.01,0.1,0.06505274546929943,0.8470381390316473,0.019745739789018123,0.004192588585339464,0.02312685961590479,0.04016770354341358,0.000676223965377333,False,False,False,False,False,False,False
720575940629327659,flow,efferent,5128,400,0.25,0.14285714285714285,0.01,0.0842433697347894,0.6751170046801872,0.09769890795631825,0.019110764430577222,0.07390795631825273,0.04816692667706708,0.0017550702028081124,True,True,True,False,True,True,False
720575940629327659,flow,efferent,5128,400,0.25,0.14285714285714285,0.05,0.0842433697347894,0.6751170046801872,0.09769890795631825,0.019110764430577222,0.07390795631825273,0.04816692667706708,0.0017550702028081124,False,True,False,False,False,False,False
720575940629327659,flow,efferent,5128,400,0.25,0.14285714285714285,0.1,0.0842433697347894,0.6751170046801872,0.09769890795631825,0.019110764430577222,0.07390795631825273,0.04816692667706708,0.0017550702028081124,False,True,False,False,False,False,False
720575940629327659,flow,efferent,5128,400,0.25,0.04,0.01,0.0842433697347894,0.6751170046801872,0.09769890795631825,0.019110764430577222,0.07390795631825273,0.04816692667706708,0.0017550702028081124,True,True,True,False,True,True,False
720575940629327659,flow,efferent,5128,400,0.25,0.04,0.05,0.0842433697347894,0.6751170046801872,0.09769890795631825,0.019110764430577222,0.07390795631825273,0.04816692667706708,0.0017550702028081124,False,True,False,False,False,False,False
720575940629327659,flow,efferent,5128,400,0.25,0.04,0.1,0.0842433697347894,0.6751170046801872,0.09769890795631825,0.019110764430577222,0.07390795631825273,0.04816692667706708,0.0017550702028081124,False,True,False,False,False,False,False
720575940629327659,flow,efferent,5128,400,0.25,0.02,0.01,0.0842433697347894,0.6751170046801872,0.09769890795631825,0.019110764430577222,0.07390795631825273,0.04816692667706708,0.0017550702028081124,True,True,True,False,False,False,False
720575940629327659,flow,efferent,5128,400,0.25,0.02,0.05,0.0842433697347894,0.6751170046801872,0.09769890795631825,0.019110764430577222,0.07390795631825273,0.04816692667706708,0.0017550702028081124,False,True,False,False,False,False,False
720575940629327659,flow,efferent,5128,400,0.25,0.02,0.1,0.0842433697347894,0.6751170046801872,0.09769890795631825,0.019110764430577222,0.07390795631825273,0.04816692667706708,0.0017550702028081124,False,True,False,False,False,False,False
720575940629327659,flow,efferent,5128,400,0.25,0.01,0.01,0.0842433697347894,0.6751170046801872,0.09769890795631825,0.019110764430577222,0.07390795631825273,0.04816692667706708,0.0017550702028081124,True,True,True,False,False,False,False
720575940629327659,flow,efferent,5128,400,0.25,0.01,0.05,0.0842433697347894,0.6751170046801872,0.09769890795631825,0.019110764430577222,0.07390795631825273,0.04816692667706708,0.0017550702028081124,False,True,False,False,False,False,False
720575940629327659,flow,efferent,5128,400,0.25,0.01,0.1,0.0842433697347894,0.6751170046801872,0.09769890795631825,0.019110764430577222,0.07390795631825273,0.04816692667706708,0.0017550702028081124,False,True,False,False,False,False,False
720575940610091955,flow,efferent,1625,400,0.25,0.14285714285714285,0.01,0.16923076923076924,0.6941538461538461,0.06215384615384616,0.009230769230769232,0.03569230769230769,0.028923076923076923,0.0006153846153846154,True,True,True,False,False,True,
720575940610091955,flow,efferent,1625,400,0.25,0.14285714285714285,0.05,0.16923076923076924,0.6941538461538461,0.06215384615384616,0.009230769230769232,0.03569230769230769,0.028923076923076923,0.0006153846153846154,True,True,False,False,False,False,
720575940610091955,flow,efferent,1625,400,0.25,0.14285714285714285,0.1,0.16923076923076924,0.6941538461538461,0.06215384615384616,0.009230769230769232,0.03569230769230769,0.028923076923076923,0.0006153846153846154,True,True,False,False,False,False,
720575940610091955,flow,efferent,1625,400,0.25,0.04,0.01,0.16923076923076924,0.6941538461538461,0.06215384615384616,0.009230769230769232,0.03569230769230769,0.028923076923076923,0.0006153846153846154,True,True,True,False,False,False,
720575940610091955,flow,efferent,1625,400,0.25,0.04,0.05,0.16923076923076924,0.6941538461538461,0.06215384615384616,0.009230769230769232,0.03569230769230769,0.028923076923076923,0.0006153846153846154,True,True,False,False,False,False,
720575940610091955,flow,efferent,1625,400,0.25,0.04,0.1,0.16923076923076924,0.6941538461538461,0.06215384615384616,0.009230769230769232,0.03569230769230769,0.028923076923076923,0.0006153846153846154,True,True,False,False,False,False,
720575940610091955,flow,efferent,1625,400,0.25,0.02,0.01,0.16923076923076924,0.6941538461538461,0.06215384615384616,0.009230769230769232,0.03569230769230769,0.028923076923076923,0.0006153846153846154,True,True,True,False,False,False,
720575940610091955,flow,efferent,1625,400,0.25,0.02,0.05,0.16923076923076924,0.6941538461538461,0.06215384615384616,0.009230769230769232,0.03569230769230769,0.028923076923076923,0.0006153846153846154,True,True,False,False,False,False,
720575940610091955,flow,efferent,1625,400,0.25,0.02,0.1,0.16923076923076924,0.6941538461538461,0.06215384615384616,0.009230769230769232,0.03569230769230769,0.028923076923076923,0.0006153846153846154,True,False,False,False,False,False,
720575940610091955,flow,efferent,1625,400,0.25,0.01,0.01,0.16923076923076924,0.6941538461538461,0.06215384615384616,0.009230769230769232,0.03569230769230769,0.028923076923076923,0.0006153846153846154,True,True,True,False,False,False,
720575940610091955,flow,efferent,1625,400,0.25,0.01,0.05,0.16923076923076924,0.6941538461538461,0.06215384615384616,0.009230769230769232,0.03569230769230769,0.028923076923076923,0.0006153846153846154,True,True,False,False,False,False,
720575940610091955,flow,efferent,1625,400,0.25,0.01,0.1,0.16923076923076924,0.6941538461538461,0.06215384615384616,0.009230769230769232,0.03569230769230769,0.028923076923076923,0.0006153846153846154,True,False,False,False,False,False,
720575940617140597,flow,efferent,5914,400,0.25,0.14285714285714285,0.01,0.07981061887047683,0.7208319242475482,0.1004396347649645,0.023841731484612782,0.05495434562056138,0.01927629354075076,0.0008454514710855597,True,True,True,True,True,False,False
720575940617140597,flow,efferent,5914,400,0.25,0.14285714285714285,0.05,0.07981061887047683,0.7208319242475482,0.1004396347649645,0.023841731484612782,0.05495434562056138,0.01927629354075076,0.0008454514710855597,False,True,True,False,False,False,False
720575940617140597,flow,efferent,5914,400,0.25,0.14285714285714285,0.1,0.07981061887047683,0.7208319242475482,0.1004396347649645,0.023841731484612782,0.05495434562056138,0.01927629354075076,0.0008454514710855597,False,True,False,False,False,False,False
720575940617140597,flow,efferent,5914,400,0.25,0.04,0.01,0.07981061887047683,0.7208319242475482,0.1004396347649645,0.023841731484612782,0.05495434562056138,0.01927629354075076,0.0008454514710855597,True,True,True,False,True,False,False
720575940617140597,flow,efferent,5914,400,0.25,0.04,0.05,0.07981061887047683,0.7208319242475482,0.1004396347649645,0.023841731484612782,0.05495434562056138,0.01927629354075076,0.0008454514710855597,False,True,False,False,False,False,False
720575940617140597,flow,efferent,5914,400,0.25,0.04,0.1,0.07981061887047683,0.7208319242475482,0.1004396347649645,0.023841731484612782,0.05495434562056138,0.01927629354075076,0.0008454514710855597,False,True,False,False,False,False,False
720575940617140597,flow,efferent,5914,400,0.25,0.02,0.01,0.07981061887047683,0.7208319242475482,0.1004396347649645,0.023841731484612782,0.05495434562056138,0.01927629354075076,0.0008454514710855597,True,True,False,False,False,False,False
720575940617140597,flow,efferent,5914,400,0.25,0.02,0.05,0.07981061887047683,0.7208319242475482,0.1004396347649645,0.023841731484612782,0.05495434562056138,0.01927629354075076,0.0008454514710855597,False,True,False,False,False,False,False
720575940617140597,flow,efferent,5914,400,0.25,0.02,0.1,0.07981061887047683,0.7208319242475482,0.1004396347649645,0.023841731484612782,0.05495434562056138,0.01927629354075076,0.0008454514710855597,False,False,False,False,False,False,False
720575940617140597,flow,efferent,5914,400,0.25,0.01,0.01,0.07981061887047683,0.7208319242475482,0.1004396347649645,0.023841731484612782,0.05495434562056138,0.01927629354075076,0.0008454514710855597,True,True,False,False,False,False,False
720575940617140597,flow,efferent,5914,400,0.25,0.01,0.05,0.07981061887047683,0.7208319242475482,0.1004396347649645,0.023841731484612782,0.05495434562056138,0.01927629354075076,0.0008454514710855597,False,True,False,False,False,False,False
720575940617140597,flow,efferent,5914,400,0.25,0.01,0.1,0.07981061887047683,0.7208319242475482,0.1004396347649645,0.023841731484612782,0.05495434562056138,0.01927629354075076,0.0008454514710855597,False,False,False,False,False,False,False
720575940621947653,flow,efferent,6394,400,0.25,0.14285714285714285,0.01,0.460431654676259,0.1465436346574914,0.28495464497966844,0.004535502033156084,0.030028151391929936,0.07241163590866437,0.001094776352830779,True,True,True,False,False,True,False
720575940621947653,flow,efferent,6394,400,0.25,0.14285714285714285,0.05,0.460431654676259,0.1465436346574914,0.28495464497966844,0.004535502033156084,0.030028151391929936,0.07241163590866437,0.001094776352830779,True,True,True,False,False,False,False
720575940621947653,flow,efferent,6394,400,0.25,0.14285714285714285,0.1,0.460431654676259,0.1465436346574914,0.28495464497966844,0.004535502033156084,0.030028151391929936,0.07241163590866437,0.001094776352830779,True,False,True,False,False,False,False
720575940621947653,flow,efferent,6394,400,0.25,0.04,0.01,0.460431654676259,0.1465436346574914,0.28495464497966844,0.004535502033156084,0.030028151391929936,0.07241163590866437,0.001094776352830779,True,True,True,False,False,False,False
720575940621947653,flow,efferent,6394,400,0.25,0.04,0.05,0.460431654676259,0.1465436346574914,0.28495464497966844,0.004535502033156084,0.030028151391929936,0.07241163590866437,0.001094776352830779,True,False,True,False,False,False,False
720575940621947653,flow,efferent,6394,400,0.25,0.04,0.1,0.460431654676259,0.1465436346574914,0.28495464497966844,0.004535502033156084,0.030028151391929936,0.07241163590866437,0.001094776352830779,False,False,False,False,False,False,False
720575940621947653,flow,efferent,6394,400,0.25,0.02,0.01,0.460431654676259,0.1465436346574914,0.28495464497966844,0.004535502033156084,0.030028151391929936,0.07241163590866437,0.001094776352830779,True,True,True,False,False,False,False
720575940621947653,flow,efferent,6394,400,0.25,0.02,0.05,0.460431654676259,0.1465436346574914,0.28495464497966844,0.004535502033156084,0.030028151391929936,0.07241163590866437,0.001094776352830779,True,False,False,False,False,False,False
720575940621947653,flow,efferent,6394,400,0.25,0.02,0.1,0.460431654676259,0.1465436346574914,0.28495464497966844,0.004535502033156084,0.030028151391929936,0.07241163590866437,0.001094776352830779,False,False,False,False,False,False,False
720575940621947653,flow,efferent,6394,400,0.25,0.01,0.01,0.460431654676259,0.1465436346574914,0.28495464497966844,0.004535502033156084,0.030028151391929936,0.07241163590866437,0.001094776352830779,True,True,True,False,False,False,False
720575940621947653,flow,efferent,6394,400,0.25,0.01,0.05,0.460431654676259,0.1465436346574914,0.28495464497966844,0.004535502033156084,0.030028151391929936,0.07241163590866437,0.001094776352830779,False,False,False,False,False,False,False
720575940621947653,flow,efferent,6394,400,0.25,0.01,0.1,0.460431654676259,0.1465436346574914,0.28495464497966844,0.004535502033156084,0.030028151391929936,0.07241163590866437,0.001094776352830779,False,False,False,False,False,False,False
720575940610604078,flow,efferent,3550,400,0.25,0.14285714285714285,0.01,0.38309859154929576,0.32929577464788734,0.1132394366197183,0.0447887323943662,0.10422535211267606,0.023943661971830985,0.0014084507042253522,True,True,True,True,True,True,False
720575940610604078,flow,efferent,3550,400,0.25,0.14285714285714285,0.05,0.38309859154929576,0.32929577464788734,0.1132394366197183,0.0447887323943662,0.10422535211267606,0.023943661971830985,0.0014084507042253522,True,True,False,False,True,False,False
720575940610604078,flow,efferent,3550,400,0.25,0.14285714285714285,0.1,0.38309859154929576,0.32929577464788734,0.1132394366197183,0.0447887323943662,0.10422535211267606,0.023943661971830985,0.0014084507042253522,True,True,False,False,False,False,False
720575940610604078,flow,efferent,3550,400,0.25,0.04,0.01,0.38309859154929576,0.32929577464788734,0.1132394366197183,0.0447887323943662,0.10422535211267606,0.023943661971830985,0.0014084507042253522,True,True,True,True,True,False,False
720575940610604078,flow,efferent,3550,400,0.25,0.04,0.05,0.38309859154929576,0.32929577464788734,0.1132394366197183,0.0447887323943662,0.10422535211267606,0.023943661971830985,0.0014084507042253522,True,True,False,False,False,False,False
720575940610604078,flow,efferent,3550,400,0.25,0.04,0.1,0.38309859154929576,0.32929577464788734,0.1132394366197183,0.0447887323943662,0.10422535211267606,0.023943661971830985,0.0014084507042253522,True,False,False,False,False,False,False
720575940610604078,flow,efferent,3550,400,0.25,0.02,0.01,0.38309859154929576,0.32929577464788734,0.1132394366197183,0.0447887323943662,0.10422535211267606,0.023943661971830985,0.0014084507042253522,True,True,True,True,False,False,False
720575940610604078,flow,efferent,3550,400,0.25,0.02,0.05,0.38309859154929576,0.32929577464788734,0.1132394366197183,0.0447887323943662,0.10422535211267606,0.023943661971830985,0.0014084507042253522,True,False,False,False,False,False,False
720575940610604078,flow,efferent,3550,400,0.25,0.02,0.1,0.38309859154929576,0.32929577464788734,0.1132394366197183,0.0447887323943662,0.10422535211267606,0.023943661971830985,0.0014084507042253522,False,False,False,False,False,False,False
720575940610604078,flow,efferent,3550,400,0.25,0.01,0.01,0.38309859154929576,0.32929577464788734,0.1132394366197183,0.0447887323943662,0.10422535211267606,0.023943661971830985,0.0014084507042253522,True,True,True,True,False,False,False
720575940610604078,flow,efferent,3550,400,0.25,0.01,0.05,0.38309859154929576,0.32929577464788734,0.1132394366197183,0.0447887323943662,0.10422535211267606,0.023943661971830985,0.0014084507042253522,False,False,False,False,False,False,False
720575940610604078,flow,efferent,3550,400,0.25,0.01,0.1,0.38309859154929576,0.32929577464788734,0.1132394366197183,0.0447887323943662,0.10422535211267606,0.023943661971830985,0.0014084507042253522,False,False,False,False,False,False,False
720575940620300308,flow,efferent,5006,400,0.25,0.14285714285714285,0.01,0.05153815421494207,0.7157411106671994,0.07271274470635238,0.019176987614862164,0.07890531362365162,0.05912904514582501,0.002796644027167399,True,True,True,False,True,True,False
720575940620300308,flow,efferent,5006,400,0.25,0.14285714285714285,0.05,0.05153815421494207,0.7157411106671994,0.07271274470635238,0.019176987614862164,0.07890531362365162,0.05912904514582501,0.002796644027167399,False,True,False,False,False,False,False
720575940620300308,flow,efferent,5006,400,0.25,0.14285714285714285,0.1,0.05153815421494207,0.7157411106671994,0.07271274470635238,0.019176987614862164,0.07890531362365162,0.05912904514582501,0.002796644027167399,False,True,False,False,False,False,False
720575940620300308,flow,efferent,5006,400,0.25,0.04,0.01,0.05153815421494207,0.7157411106671994,0.07271274470635238,0.019176987614862164,0.07890531362365162,0.05912904514582501,0.002796644027167399,False,True,True,False,True,True,False
720575940620300308,flow,efferent,5006,400,0.25,0.04,0.05,0.05153815421494207,0.7157411106671994,0.07271274470635238,0.019176987614862164,0.07890531362365162,0.05912904514582501,0.002796644027167399,False,True,False,False,False,False,False
720575940620300308,flow,efferent,5006,400,0.25,0.04,0.1,0.05153815421494207,0.7157411106671994,0.07271274470635238,0.019176987614862164,0.07890531362365162,0.05912904514582501,0.002796644027167399,False,True,False,False,False,False,False
720575940620300308,flow,efferent,5006,400,0.25,0.02,0.01,0.05153815421494207,0.7157411106671994,0.07271274470635238,0.019176987614862164,0.07890531362365162,0.05912904514582501,0.002796644027167399,False,True,False,False,False,True,False
720575940620300308,flow,efferent,5006,400,0.25,0.02,0.05,0.05153815421494207,0.7157411106671994,0.07271274470635238,0.019176987614862164,0.07890531362365162,0.05912904514582501,0.002796644027167399,False,True,False,False,False,False,False
720575940620300308,flow,efferent,5006,400,0.25,0.02,0.1,0.05153815421494207,0.7157411106671994,0.07271274470635238,0.019176987614862164,0.07890531362365162,0.05912904514582501,0.002796644027167399,False,False,False,False,False,False,False
720575940620300308,flow,efferent,5006,400,0.25,0.01,0.01,0.05153815421494207,0.7157411106671994,0.07271274470635238,0.019176987614862164,0.07890531362365162,0.05912904514582501,0.002796644027167399,False,True,False,False,False,False,False
720575940620300308,flow,efferent,5006,400,0.25,0.01,0.05,0.05153815421494207,0.7157411106671994,0.07271274470635238,0.019176987614862164,0.07890531362365162,0.05912904514582501,0.002796644027167399,False,True,False,False,False,False,False
720575940620300308,flow,efferent,5006,400,0.25,0.01,0.1,0.05153815421494207,0.7157411106671994,0.07271274470635238,0.019176987614862164,0.07890531362365162,0.05912904514582501,0.002796644027167399,False,False,False,False,False,False,False
720575940630610042,flow,efferent,42738,400,0.25,0.14285714285714285,0.01,0.07562356684917404,0.029411764705882353,0.01640226496326454,0.08018625111142309,0.09434227151481117,0.7037531002854602,0.00028078056998455706,True,True,False,True,True,True,False
720575940630610042,flow,efferent,42738,400,0.25,0.14285714285714285,0.05,0.07562356684917404,0.029411764705882353,0.01640226496326454,0.08018625111142309,0.09434227151481117,0.7037531002854602,0.00028078056998455706,True,False,False,True,False,True,False
720575940630610042,flow,efferent,42738,400,0.25,0.14285714285714285,0.1,0.07562356684917404,0.029411764705882353,0.01640226496326454,0.08018625111142309,0.09434227151481117,0.7037531002854602,0.00028078056998455706,False,False,False,False,False,True,False
720575940630610042,flow,efferent,42738,400,0.25,0.04,0.01,0.07562356684917404,0.029411764705882353,0.01640226496326454,0.08018625111142309,0.09434227151481117,0.7037531002854602,0.00028078056998455706,True,False,False,True,True,True,False
720575940630610042,flow,efferent,42738,400,0.25,0.04,0.05,0.07562356684917404,0.029411764705882353,0.01640226496326454,0.08018625111142309,0.09434227151481117,0.7037531002854602,0.00028078056998455706,True,False,False,False,False,True,False
720575940630610042,flow,efferent,42738,400,0.25,0.04,0.1,0.07562356684917404,0.029411764705882353,0.01640226496326454,0.08018625111142309,0.09434227151481117,0.7037531002854602,0.00028078056998455706,False,False,False,False,False,True,False
720575940630610042,flow,efferent,42738,400,0.25,0.02,0.01,0.07562356684917404,0.029411764705882353,0.01640226496326454,0.08018625111142309,0.09434227151481117,0.7037531002854602,0.00028078056998455706,True,False,False,True,True,True,False
720575940630610042,flow,efferent,42738,400,0.25,0.02,0.05,0.07562356684917404,0.029411764705882353,0.01640226496326454,0.08018625111142309,0.09434227151481117,0.7037531002854602,0.00028078056998455706,True,False,False,False,False,True,False
720575940630610042,flow,efferent,42738,400,0.25,0.02,0.1,0.07562356684917404,0.029411764705882353,0.01640226496326454,0.08018625111142309,0.09434227151481117,0.7037531002854602,0.00028078056998455706,False,False,False,False,False,True,False
720575940630610042,flow,efferent,42738,400,0.25,0.01,0.01,0.07562356684917404,0.029411764705882353,0.01640226496326454,0.08018625111142309,0.09434227151481117,0.7037531002854602,0.00028078056998455706,True,False,False,False,True,True,False
720575940630610042,flow,efferent,42738,400,0.25,0.01,0.05,0.07562356684917404,0.029411764705882353,0.01640226496326454,0.08018625111142309,0.09434227151481117,0.7037531002854602,0.00028078056998455706,True,False,False,False,False,True,False
720575940630610042,flow,efferent,42738,400,0.25,0.01,0.1,0.07562356684917404,0.029411764705882353,0.01640226496326454,0.08018625111142309,0.09434227151481117,0.7037531002854602,0.00028078056998455706,False,False,False,False,False,True,False
720575940614730914,flow,efferent,9532,400,0.25,0.14285714285714285,0.01,0.03503986571548468,0.806021821233739,0.05088124213176668,0.016995383969785983,0.054867813680234995,0.0360889634913974,0.0001049097775912715,True,True,True,True,True,True,
720575940614730914,flow,efferent,9532,400,0.25,0.14285714285714285,0.05,0.03503986571548468,0.806021821233739,0.05088124213176668,0.016995383969785983,0.054867813680234995,0.0360889634913974,0.0001049097775912715,False,True,False,False,False,False,
720575940614730914,flow,efferent,9532,400,0.25,0.14285714285714285,0.1,0.03503986571548468,0.806021821233739,0.05088124213176668,0.016995383969785983,0.054867813680234995,0.0360889634913974,0.0001049097775912715,False,True,False,False,False,False,
720575940614730914,flow,efferent,9532,400,0.25,0.04,0.01,0.03503986571548468,0.806021821233739,0.05088124213176668,0.016995383969785983,0.054867813680234995,0.0360889634913974,0.0001049097775912715,False,True,True,False,False,False,
720575940614730914,flow,efferent,9532,400,0.25,0.04,0.05,0.03503986571548468,0.806021821233739,0.05088124213176668,0.016995383969785983,0.054867813680234995,0.0360889634913974,0.0001049097775912715,False,True,False,False,False,False,
720575940614730914,flow,efferent,9532,400,0.25,0.04,0.1,0.03503986571548468,0.806021821233739,0.05088124213176668,0.016995383969785983,0.054867813680234995,0.0360889634913974,0.0001049097775912715,False,True,False,False,False,False,
720575940614730914,flow,efferent,9532,400,0.25,0.02,0.01,0.03503986571548468,0.806021821233739,0.05088124213176668,0.016995383969785983,0.054867813680234995,0.0360889634913974,0.0001049097775912715,False,True,False,False,False,False,
720575940614730914,flow,efferent,9532,400,0.25,0.02,0.05,0.03503986571548468,0.806021821233739,0.05088124213176668,0.016995383969785983,0.054867813680234995,0.0360889634913974,0.0001049097775912715,False,True,False,False,False,False,
720575940614730914,flow,efferent,9532,400,0.25,0.02,0.1,0.03503986571548468,0.806021821233739,0.05088124213176668,0.016995383969785983,0.054867813680234995,0.0360889634913974,0.0001049097775912715,False,False,False,False,False,False,
720575940614730914,flow,efferent,9532,400,0.25,0.01,0.01,0.03503986571548468,0.806021821233739,0.05088124213176668,0.016995383969785983,0.054867813680234995,0.0360889634913974,0.0001049097775912715,False,True,False,False,False,False,
720575940614730914,flow,efferent,9532,400,0.25,0.01,0.05,0.03503986571548468,0.806021821233739,0.05088124213176668,0.016995383969785983,0.054867813680234995,0.0360889634913974,0.0001049097775912715,False,False,False,False,False,False,
720575940614730914,flow,efferent,9532,400,0.25,0.01,0.1,0.03503986571548468,0.806021821233739,0.05088124213176668,0.016995383969785983,0.054867813680234995,0.0360889634913974,0.0001049097775912715,False,False,False,False,False,False,
720575940608145026,flow,efferent,10592,400,0.25,0.14285714285714285,0.01,0.032005287009063445,0.8312877643504532,0.07864425981873112,0.002926737160120846,0.01604984894259819,0.03851963746223565,0.0005664652567975831,True,True,True,False,False,False,False
720575940608145026,flow,efferent,10592,400,0.25,0.14285714285714285,0.05,0.032005287009063445,0.8312877643504532,0.07864425981873112,0.002926737160120846,0.01604984894259819,0.03851963746223565,0.0005664652567975831,False,True,False,False,False,False,False
720575940608145026,flow,efferent,10592,400,0.25,0.14285714285714285,0.1,0.032005287009063445,0.8312877643504532,0.07864425981873112,0.002926737160120846,0.01604984894259819,0.03851963746223565,0.0005664652567975831,False,True,False,False,False,False,False
720575940608145026,flow,efferent,10592,400,0.25,0.04,0.01,0.032005287009063445,0.8312877643504532,0.07864425981873112,0.002926737160120846,0.01604984894259819,0.03851963746223565,0.0005664652567975831,True,True,True,False,False,False,False
720575940608145026,flow,efferent,10592,400,0.25,0.04,0.05,0.032005287009063445,0.8312877643504532,0.07864425981873112,0.002926737160120846,0.01604984894259819,0.03851963746223565,0.0005664652567975831,False,True,False,False,False,False,False
720575940608145026,flow,efferent,10592,400,0.25,0.04,0.1,0.032005287009063445,0.8312877643504532,0.07864425981873112,0.002926737160120846,0.01604984894259819,0.03851963746223565,0.0005664652567975831,False,False,False,False,False,False,False
720575940608145026,flow,efferent,10592,400,0.25,0.02,0.01,0.032005287009063445,0.8312877643504532,0.07864425981873112,0.002926737160120846,0.01604984894259819,0.03851963746223565,0.0005664652567975831,True,True,True,False,False,False,False
720575940608145026,flow,efferent,10592,400,0.25,0.02,0.05,0.032005287009063445,0.8312877643504532,0.07864425981873112,0.002926737160120846,0.01604984894259819,0.03851963746223565,0.0005664652567975831,False,True,False,False,False,False,False
720575940608145026,flow,efferent,10592,400,0.25,0.02,0.1,0.032005287009063445,0.8312877643504532,0.07864425981873112,0.002926737160120846,0.01604984894259819,0.03851963746223565,0.0005664652567975831,False,False,False,False,False,False,False
720575940608145026,flow,efferent,10592,400,0.25,0.01,0.01,0.032005287009063445,0.8312877643504532,0.07864425981873112,0.002926737160120846,0.01604984894259819,0.03851963746223565,0.0005664652567975831,True,True,False,False,False,False,False
720575940608145026,flow,efferent,10592,400,0.25,0.01,0.05,0.032005287009063445,0.8312877643504532,0.07864425981873112,0.002926737160120846,0.01604984894259819,0.03851963746223565,0.0005664652567975831,False,False,False,False,False,False,False
720575940608145026,flow,efferent,10592,400,0.25,0.01,0.1,0.032005287009063445,0.8312877643504532,0.07864425981873112,0.002926737160120846,0.01604984894259819,0.03851963746223565,0.0005664652567975831,False,False,False,False,False,False,False
720575940619905916,flow,efferent,770,400,0.25,0.14285714285714285,0.01,0.42207792207792205,0.22727272727272727,0.2909090909090909,0.0012987012987012987,0.02727272727272727,0.03116883116883117,0.0,True,True,True,,False,True,
720575940619905916,flow,efferent,770,400,0.25,0.14285714285714285,0.05,0.42207792207792205,0.22727272727272727,0.2909090909090909,0.0012987012987012987,0.02727272727272727,0.03116883116883117,0.0,True,True,True,,False,False,
720575940619905916,flow,efferent,770,400,0.25,0.14285714285714285,0.1,0.42207792207792205,0.22727272727272727,0.2909090909090909,0.0012987012987012987,0.02727272727272727,0.03116883116883117,0.0,True,True,True,,False,False,
720575940619905916,flow,efferent,770,400,0.25,0.04,0.01,0.42207792207792205,0.22727272727272727,0.2909090909090909,0.0012987012987012987,0.02727272727272727,0.03116883116883117,0.0,True,True,True,,False,True,
720575940619905916,flow,efferent,770,400,0.25,0.04,0.05,0.42207792207792205,0.22727272727272727,0.2909090909090909,0.0012987012987012987,0.02727272727272727,0.03116883116883117,0.0,True,True,True,,False,False,
720575940619905916,flow,efferent,770,400,0.25,0.04,0.1,0.42207792207792205,0.22727272727272727,0.2909090909090909,0.0012987012987012987,0.02727272727272727,0.03116883116883117,0.0,True,False,False,,False,False,
720575940619905916,flow,efferent,770,400,0.25,0.02,0.01,0.42207792207792205,0.22727272727272727,0.2909090909090909,0.0012987012987012987,0.02727272727272727,0.03116883116883117,0.0,True,True,True,,False,False,
720575940619905916,flow,efferent,770,400,0.25,0.02,0.05,0.42207792207792205,0.22727272727272727,0.2909090909090909,0.0012987012987012987,0.02727272727272727,0.03116883116883117,0.0,True,False,False,,False,False,
720575940619905916,flow,efferent,770,400,0.25,0.02,0.1,0.42207792207792205,0.22727272727272727,0.2909090909090909,0.0012987012987012987,0.02727272727272727,0.03116883116883117,0.0,False,False,False,,False,False,
720575940619905916,flow,efferent,770,400,0.25,0.01,0.01,0.42207792207792205,0.22727272727272727,0.2909090909090909,0.0012987012987012987,0.02727272727272727,0.03116883116883117,0.0,True,True,True,,False,False,
720575940619905916,flow,efferent,770,400,0.25,0.01,0.05,0.42207792207792205,0.22727272727272727,0.2909090909090909,0.0012987012987012987,0.02727272727272727,0.03116883116883117,0.0,True,False,False,,False,False,
720575940619905916,flow,efferent,770,400,0.25,0.01,0.1,0.42207792207792205,0.22727272727272727,0.2909090909090909,0.0012987012987012987,0.02727272727272727,0.03116883116883117,0.0,False,False,False,,False,False,
720575940620804566,flow,efferent,1439,400,0.25,0.14285714285714285,0.01,0.056289089645587216,0.7234190410006949,0.03127171646977067,0.005559416261292564,0.14037526059763725,0.043085476025017375,0.0,True,True,True,False,True,True,
720575940620804566,flow,efferent,1439,400,0.25,0.14285714285714285,0.05,0.056289089645587216,0.7234190410006949,0.03127171646977067,0.005559416261292564,0.14037526059763725,0.043085476025017375,0.0,False,True,False,False,True,False,
720575940620804566,flow,efferent,1439,400,0.25,0.14285714285714285,0.1,0.056289089645587216,0.7234190410006949,0.03127171646977067,0.005559416261292564,0.14037526059763725,0.043085476025017375,0.0,False,True,False,False,True,False,
720575940620804566,flow,efferent,1439,400,0.25,0.04,0.01,0.056289089645587216,0.7234190410006949,0.03127171646977067,0.005559416261292564,0.14037526059763725,0.043085476025017375,0.0,True,True,False,False,True,True,
720575940620804566,flow,efferent,1439,400,0.25,0.04,0.05,0.056289089645587216,0.7234190410006949,0.03127171646977067,0.005559416261292564,0.14037526059763725,0.043085476025017375,0.0,False,True,False,False,False,False,
720575940620804566,flow,efferent,1439,400,0.25,0.04,0.1,0.056289089645587216,0.7234190410006949,0.03127171646977067,0.005559416261292564,0.14037526059763725,0.043085476025017375,0.0,False,True,False,False,False,False,
720575940620804566,flow,efferent,1439,400,0.25,0.02,0.01,0.056289089645587216,0.7234190410006949,0.03127171646977067,0.005559416261292564,0.14037526059763725,0.043085476025017375,0.0,True,True,False,False,True,True,
720575940620804566,flow,efferent,1439,400,0.25,0.02,0.05,0.056289089645587216,0.7234190410006949,0.03127171646977067,0.005559416261292564,0.14037526059763725,0.043085476025017375,0.0,False,True,False,False,False,False,
720575940620804566,flow,efferent,1439,400,0.25,0.02,0.1,0.056289089645587216,0.7234190410006949,0.03127171646977067,0.005559416261292564,0.14037526059763725,0.043085476025017375,0.0,False,False,False,False,False,False,
720575940620804566,flow,efferent,1439,400,0.25,0.01,0.01,0.056289089645587216,0.7234190410006949,0.03127171646977067,0.005559416261292564,0.14037526059763725,0.043085476025017375,0.0,True,True,False,False,True,False,
720575940620804566,flow,efferent,1439,400,0.25,0.01,0.05,0.056289089645587216,0.7234190410006949,0.03127171646977067,0.005559416261292564,0.14037526059763725,0.043085476025017375,0.0,False,True,False,False,False,False,
720575940620804566,flow,efferent,1439,400,0.25,0.01,0.1,0.056289089645587216,0.7234190410006949,0.03127171646977067,0.005559416261292564,0.14037526059763725,0.043085476025017375,0.0,False,False,False,False,False,False,
720575940624877360,flow,efferent,5455,400,0.25,0.14285714285714285,0.01,0.43501374885426214,0.2500458295142072,0.14867094408799267,0.014298808432630613,0.08817598533455545,0.061961503208065996,0.0018331805682859762,True,True,True,False,True,True,False
720575940624877360,flow,efferent,5455,400,0.25,0.14285714285714285,0.05,0.43501374885426214,0.2500458295142072,0.14867094408799267,0.014298808432630613,0.08817598533455545,0.061961503208065996,0.0018331805682859762,True,True,True,False,False,False,False
720575940624877360,flow,efferent,5455,400,0.25,0.14285714285714285,0.1,0.43501374885426214,0.2500458295142072,0.14867094408799267,0.014298808432630613,0.08817598533455545,0.061961503208065996,0.0018331805682859762,True,False,True,False,False,False,False
720575940624877360,flow,efferent,5455,400,0.25,0.04,0.01,0.43501374885426214,0.2500458295142072,0.14867094408799267,0.014298808432630613,0.08817598533455545,0.061961503208065996,0.0018331805682859762,True,True,True,False,False,True,False
720575940624877360,flow,efferent,5455,400,0.25,0.04,0.05,0.43501374885426214,0.2500458295142072,0.14867094408799267,0.014298808432630613,0.08817598533455545,0.061961503208065996,0.0018331805682859762,True,False,False,False,False,False,False
720575940624877360,flow,efferent,5455,400,0.25,0.04,0.1,0.43501374885426214,0.2500458295142072,0.14867094408799267,0.014298808432630613,0.08817598533455545,0.061961503208065996,0.0018331805682859762,False,False,False,False,False,False,False
720575940624877360,flow,efferent,5455,400,0.25,0.02,0.01,0.43501374885426214,0.2500458295142072,0.14867094408799267,0.014298808432630613,0.08817598533455545,0.061961503208065996,0.0018331805682859762,True,True,True,False,False,False,False
720575940624877360,flow,efferent,5455,400,0.25,0.02,0.05,0.43501374885426214,0.2500458295142072,0.14867094408799267,0.014298808432630613,0.08817598533455545,0.061961503208065996,0.0018331805682859762,False,False,False,False,False,False,False
720575940624877360,flow,efferent,5455,400,0.25,0.02,0.1,0.43501374885426214,0.2500458295142072,0.14867094408799267,0.014298808432630613,0.08817598533455545,0.061961503208065996,0.0018331805682859762,False,False,False,False,False,False,False
720575940624877360,flow,efferent,5455,400,0.25,0.01,0.01,0.43501374885426214,0.2500458295142072,0.14867094408799267,0.014298808432630613,0.08817598533455545,0.061961503208065996,0.0018331805682859762,True,True,True,False,False,False,False
720575940624877360,flow,efferent,5455,400,0.25,0.01,0.05,0.43501374885426214,0.2500458295142072,0.14867094408799267,0.014298808432630613,0.08817598533455545,0.061961503208065996,0.0018331805682859762,False,False,False,False,False,False,False
720575940624877360,flow,efferent,5455,400,0.25,0.01,0.1,0.43501374885426214,0.2500458295142072,0.14867094408799267,0.014298808432630613,0.08817598533455545,0.061961503208065996,0.0018331805682859762,False,False,False,False,False,False,False
720575940614843275,flow,efferent,575,400,0.25,0.14285714285714285,0.01,0.13391304347826086,0.3843478260869565,0.23652173913043478,0.008695652173913044,0.16,0.07652173913043478,0.0,True,True,True,False,True,True,
720575940614843275,flow,efferent,575,400,0.25,0.14285714285714285,0.05,0.13391304347826086,0.3843478260869565,0.23652173913043478,0.008695652173913044,0.16,0.07652173913043478,0.0,True,True,True,False,True,False,
720575940614843275,flow,efferent,575,400,0.25,0.14285714285714285,0.1,0.13391304347826086,0.3843478260869565,0.23652173913043478,0.008695652173913044,0.16,0.07652173913043478,0.0,False,True,True,False,False,False,
720575940614843275,flow,efferent,575,400,0.25,0.04,0.01,0.13391304347826086,0.3843478260869565,0.23652173913043478,0.008695652173913044,0.16,0.07652173913043478,0.0,True,True,True,False,True,True,
720575940614843275,flow,efferent,575,400,0.25,0.04,0.05,0.13391304347826086,0.3843478260869565,0.23652173913043478,0.008695652173913044,0.16,0.07652173913043478,0.0,True,True,True,False,False,False,
720575940614843275,flow,efferent,575,400,0.25,0.04,0.1,0.13391304347826086,0.3843478260869565,0.23652173913043478,0.008695652173913044,0.16,0.07652173913043478,0.0,False,True,True,False,False,False,
720575940614843275,flow,efferent,575,400,0.25,0.02,0.01,0.13391304347826086,0.3843478260869565,0.23652173913043478,0.008695652173913044,0.16,0.07652173913043478,0.0,True,True,True,False,True,True,
720575940614843275,flow,efferent,575,400,0.25,0.02,0.05,0.13391304347826086,0.3843478260869565,0.23652173913043478,0.008695652173913044,0.16,0.07652173913043478,0.0,True,True,True,False,False,False,
720575940614843275,flow,efferent,575,400,0.25,0.02,0.1,0.13391304347826086,0.3843478260869565,0.23652173913043478,0.008695652173913044,0.16,0.07652173913043478,0.0,False,False,True,False,False,False,
720575940614843275,flow,efferent,575,400,0.25,0.01,0.01,0.13391304347826086,0.3843478260869565,0.23652173913043478,0.008695652173913044,0.16,0.07652173913043478,0.0,True,True,True,False,True,True,
720575940614843275,flow,efferent,575,400,0.25,0.01,0.05,0.13391304347826086,0.3843478260869565,0.23652173913043478,0.008695652173913044,0.16,0.07652173913043478,0.0,True,True,True,False,False,False,
720575940614843275,flow,efferent,575,400,0.25,0.01,0.1,0.13391304347826086,0.3843478260869565,0.23652173913043478,0.008695652173913044,0.16,0.07652173913043478,0.0,False,False,True,False,False,False,
720575940625872688,flow,efferent,938,400,0.25,0.14285714285714285,0.01,0.08102345415778252,0.6716417910447762,0.10660980810234541,0.0010660980810234541,0.1279317697228145,0.011727078891257996,0.0,True,True,True,,True,False,
720575940625872688,flow,efferent,938,400,0.25,0.14285714285714285,0.05,0.08102345415778252,0.6716417910447762,0.10660980810234541,0.0010660980810234541,0.1279317697228145,0.011727078891257996,0.0,True,True,True,,True,False,
720575940625872688,flow,efferent,938,400,0.25,0.14285714285714285,0.1,0.08102345415778252,0.6716417910447762,0.10660980810234541,0.0010660980810234541,0.1279317697228145,0.011727078891257996,0.0,False,True,False,,False,False,
720575940625872688,flow,efferent,938,400,0.25,0.04,0.01,0.08102345415778252,0.6716417910447762,0.10660980810234541,0.0010660980810234541,0.1279317697228145,0.011727078891257996,0.0,True,True,True,,True,False,
720575940625872688,flow,efferent,938,400,0.25,0.04,0.05,0.08102345415778252,0.6716417910447762,0.10660980810234541,0.0010660980810234541,0.1279317697228145,0.011727078891257996,0.0,True,True,False,,False,False,
720575940625872688,flow,efferent,938,400,0.25,0.04,0.1,0.08102345415778252,0.6716417910447762,0.10660980810234541,0.0010660980810234541,0.1279317697228145,0.011727078891257996,0.0,False,False,False,,False,False,
720575940625872688,flow,efferent,938,400,0.25,0.02,0.01,0.08102345415778252,0.6716417910447762,0.10660980810234541,0.0010660980810234541,0.1279317697228145,0.011727078891257996,0.0,True,True,True,,True,False,
720575940625872688,flow,efferent,938,400,0.25,0.02,0.05,0.08102345415778252,0.6716417910447762,0.10660980810234541,0.0010660980810234541,0.1279317697228145,0.011727078891257996,0.0,True,True,False,,False,False,
720575940625872688,flow,efferent,938,400,0.25,0.02,0.1,0.08102345415778252,0.6716417910447762,0.10660980810234541,0.0010660980810234541,0.1279317697228145,0.011727078891257996,0.0,False,False,False,,False,False,
720575940625872688,flow,efferent,938,400,0.25,0.01,0.01,0.08102345415778252,0.6716417910447762,0.10660980810234541,0.0010660980810234541,0.1279317697228145,0.011727078891257996,0.0,True,True,True,,True,False,
720575940625872688,flow,efferent,938,400,0.25,0.01,0.05,0.08102345415778252,0.6716417910447762,0.10660980810234541,0.0010660980810234541,0.1279317697228145,0.011727078891257996,0.0,True,True,False,,False,False,
720575940625872688,flow,efferent,938,400,0.25,0.01,0.1,0.08102345415778252,0.6716417910447762,0.10660980810234541,0.0010660980810234541,0.1279317697228145,0.011727078891257996,0.0,False,False,False,,False,False,
720575940611462885,flow,efferent,772,400,0.25,0.14285714285714285,0.01,0.04533678756476684,0.7966321243523317,0.05699481865284974,0.010362694300518135,0.03626943005181347,0.05310880829015544,0.0012953367875647669,True,True,True,False,True,True,
720575940611462885,flow,efferent,772,400,0.25,0.14285714285714285,0.05,0.04533678756476684,0.7966321243523317,0.05699481865284974,0.010362694300518135,0.03626943005181347,0.05310880829015544,0.0012953367875647669,False,True,False,False,False,False,
720575940611462885,flow,efferent,772,400,0.25,0.14285714285714285,0.1,0.04533678756476684,0.7966321243523317,0.05699481865284974,0.010362694300518135,0.03626943005181347,0.05310880829015544,0.0012953367875647669,False,True,False,False,False,False,
720575940611462885,flow,efferent,772,400,0.25,0.04,0.01,0.04533678756476684,0.7966321243523317,0.05699481865284974,0.010362694300518135,0.03626943005181347,0.05310880829015544,0.0012953367875647669,True,True,False,False,False,True,
720575940611462885,flow,efferent,772,400,0.25,0.04,0.05,0.04533678756476684,0.7966321243523317,0.05699481865284974,0.010362694300518135,0.03626943005181347,0.05310880829015544,0.0012953367875647669,False,True,False,False,False,False,
720575940611462885,flow,efferent,772,400,0.25,0.04,0.1,0.04533678756476684,0.7966321243523317,0.05699481865284974,0.010362694300518135,0.03626943005181347,0.05310880829015544,0.0012953367875647669,False,True,False,False,False,False,
720575940611462885,flow,efferent,772,400,0.25,0.02,0.01,0.04533678756476684,0.7966321243523317,0.05699481865284974,0.010362694300518135,0.03626943005181347,0.05310880829015544,0.0012953367875647669,True,True,False,False,False,True,
720575940611462885,flow,efferent,772,400,0.25,0.02,0.05,0.04533678756476684,0.7966321243523317,0.05699481865284974,0.010362694300518135,0.03626943005181347,0.05310880829015544,0.0012953367875647669,False,True,False,False,False,False,
720575940611462885,flow,efferent,772,400,0.25,0.02,0.1,0.04533678756476684,0.7966321243523317,0.05699481865284974,0.010362694300518135,0.03626943005181347,0.05310880829015544,0.0012953367875647669,False,True,False,False,False,False,
720575940611462885,flow,efferent,772,400,0.25,0.01,0.01,0.04533678756476684,0.7966321243523317,0.05699481865284974,0.010362694300518135,0.03626943005181347,0.05310880829015544,0.0012953367875647669,True,True,False,False,False,True,
720575940611462885,flow,efferent,772,400,0.25,0.01,0.05,0.04533678756476684,0.7966321243523317,0.05699481865284974,0.010362694300518135,0.03626943005181347,0.05310880829015544,0.0012953367875647669,False,True,False,False,False,False,
720575940611462885,flow,efferent,772,400,0.25,0.01,0.1,0.04533678756476684,0.7966321243523317,0.05699481865284974,0.010362694300518135,0.03626943005181347,0.05310880829015544,0.0012953367875647669,False,False,False,False,False,False,
720575940626229337,flow,efferent,474,400,0.25,0.14285714285714285,0.01,0.27848101265822783,0.38396624472573837,0.14978902953586498,0.052742616033755275,0.08438818565400844,0.05063291139240506,0.0,True,True,True,True,True,True,
720575940626229337,flow,efferent,474,400,0.25,0.14285714285714285,0.05,0.27848101265822783,0.38396624472573837,0.14978902953586498,0.052742616033755275,0.08438818565400844,0.05063291139240506,0.0,True,True,False,False,False,False,
720575940626229337,flow,efferent,474,400,0.25,0.14285714285714285,0.1,0.27848101265822783,0.38396624472573837,0.14978902953586498,0.052742616033755275,0.08438818565400844,0.05063291139240506,0.0,True,True,False,False,False,False,
720575940626229337,flow,efferent,474,400,0.25,0.04,0.01,0.27848101265822783,0.38396624472573837,0.14978902953586498,0.052742616033755275,0.08438818565400844,0.05063291139240506,0.0,True,True,True,True,True,True,
720575940626229337,flow,efferent,474,400,0.25,0.04,0.05,0.27848101265822783,0.38396624472573837,0.14978902953586498,0.052742616033755275,0.08438818565400844,0.05063291139240506,0.0,True,True,False,False,False,False,
720575940626229337,flow,efferent,474,400,0.25,0.04,0.1,0.27848101265822783,0.38396624472573837,0.14978902953586498,0.052742616033755275,0.08438818565400844,0.05063291139240506,0.0,True,True,False,False,False,False,
720575940626229337,flow,efferent,474,400,0.25,0.02,0.01,0.27848101265822783,0.38396624472573837,0.14978902953586498,0.052742616033755275,0.08438818565400844,0.05063291139240506,0.0,True,True,True,True,True,True,
720575940626229337,flow,efferent,474,400,0.25,0.02,0.05,0.27848101265822783,0.38396624472573837,0.14978902953586498,0.052742616033755275,0.08438818565400844,0.05063291139240506,0.0,True,True,False,False,False,False,
720575940626229337,flow,efferent,474,400,0.25,0.02,0.1,0.27848101265822783,0.38396624472573837,0.14978902953586498,0.052742616033755275,0.08438818565400844,0.05063291139240506,0.0,True,True,False,False,False,False,
720575940626229337,flow,efferent,474,400,0.25,0.01,0.01,0.27848101265822783,0.38396624472573837,0.14978902953586498,0.052742616033755275,0.08438818565400844,0.05063291139240506,0.0,True,True,True,True,True,True,
720575940626229337,flow,efferent,474,400,0.25,0.01,0.05,0.27848101265822783,0.38396624472573837,0.14978902953586498,0.052742616033755275,0.08438818565400844,0.05063291139240506,0.0,False,True,False,False,False,False,
720575940626229337,flow,efferent,474,400,0.25,0.01,0.1,0.27848101265822783,0.38396624472573837,0.14978902953586498,0.052742616033755275,0.08438818565400844,0.05063291139240506,0.0,False,False,False,False,False,False,
720575940612058543,flow,efferent,1597,400,0.25,0.14285714285714285,0.01,0.19035691922354414,0.6606136505948653,0.054477144646211645,0.005009392611145898,0.046963055729492796,0.040701314965560426,0.001878522229179712,True,True,True,False,True,True,False
720575940612058543,flow,efferent,1597,400,0.25,0.14285714285714285,0.05,0.19035691922354414,0.6606136505948653,0.054477144646211645,0.005009392611145898,0.046963055729492796,0.040701314965560426,0.001878522229179712,True,True,False,False,False,False,False
720575940612058543,flow,efferent,1597,400,0.25,0.14285714285714285,0.1,0.19035691922354414,0.6606136505948653,0.054477144646211645,0.005009392611145898,0.046963055729492796,0.040701314965560426,0.001878522229179712,True,True,False,False,False,False,False
720575940612058543,flow,efferent,1597,400,0.25,0.04,0.01,0.19035691922354414,0.6606136505948653,0.054477144646211645,0.005009392611145898,0.046963055729492796,0.040701314965560426,0.001878522229179712,True,True,False,False,False,True,False
720575940612058543,flow,efferent,1597,400,0.25,0.04,0.05,0.19035691922354414,0.6606136505948653,0.054477144646211645,0.005009392611145898,0.046963055729492796,0.040701314965560426,0.001878522229179712,True,True,False,False,False,False,False
720575940612058543,flow,efferent,1597,400,0.25,0.04,0.1,0.19035691922354414,0.6606136505948653,0.054477144646211645,0.005009392611145898,0.046963055729492796,0.040701314965560426,0.001878522229179712,True,True,False,False,False,False,False
720575940612058543,flow,efferent,1597,400,0.25,0.02,0.01,0.19035691922354414,0.6606136505948653,0.054477144646211645,0.005009392611145898,0.046963055729492796,0.040701314965560426,0.001878522229179712,True,True,False,False,False,True,False
720575940612058543,flow,efferent,1597,400,0.25,0.02,0.05,0.19035691922354414,0.6606136505948653,0.054477144646211645,0.005009392611145898,0.046963055729492796,0.040701314965560426,0.001878522229179712,True,True,False,False,False,False,False
720575940612058543,flow,efferent,1597,400,0.25,0.02,0.1,0.19035691922354414,0.6606136505948653,0.054477144646211645,0.005009392611145898,0.046963055729492796,0.040701314965560426,0.001878522229179712,True,False,False,False,False,False,False
720575940612058543,flow,efferent,1597,400,0.25,0.01,0.01,0.19035691922354414,0.6606136505948653,0.054477144646211645,0.005009392611145898,0.046963055729492796,0.040701314965560426,0.001878522229179712,True,True,False,False,False,True,False
720575940612058543,flow,efferent,1597,400,0.25,0.01,0.05,0.19035691922354414,0.6606136505948653,0.054477144646211645,0.005009392611145898,0.046963055729492796,0.040701314965560426,0.001878522229179712,True,False,False,False,False,False,False
720575940612058543,flow,efferent,1597,400,0.25,0.01,0.1,0.19035691922354414,0.6606136505948653,0.054477144646211645,0.005009392611145898,0.046963055729492796,0.040701314965560426,0.001878522229179712,True,False,False,False,False,False,False
720575940632626402,flow,efferent,1209,400,0.25,0.14285714285714285,0.01,0.1555004135649297,0.6468155500413565,0.0794044665012407,0.01488833746898263,0.03225806451612903,0.06947890818858561,0.0016542597187758478,True,True,True,True,False,True,False
720575940632626402,flow,efferent,1209,400,0.25,0.14285714285714285,0.05,0.1555004135649297,0.6468155500413565,0.0794044665012407,0.01488833746898263,0.03225806451612903,0.06947890818858561,0.0016542597187758478,True,True,True,False,False,False,False
720575940632626402,flow,efferent,1209,400,0.25,0.14285714285714285,0.1,0.1555004135649297,0.6468155500413565,0.0794044665012407,0.01488833746898263,0.03225806451612903,0.06947890818858561,0.0016542597187758478,True,True,False,False,False,False,False
720575940632626402,flow,efferent,1209,400,0.25,0.04,0.01,0.1555004135649297,0.6468155500413565,0.0794044665012407,0.01488833746898263,0.03225806451612903,0.06947890818858561,0.0016542597187758478,True,True,True,True,False,True,False
720575940632626402,flow,efferent,1209,400,0.25,0.04,0.05,0.1555004135649297,0.6468155500413565,0.0794044665012407,0.01488833746898263,0.03225806451612903,0.06947890818858561,0.0016542597187758478,True,True,False,False,False,False,False
720575940632626402,flow,efferent,1209,400,0.25,0.04,0.1,0.1555004135649297,0.6468155500413565,0.0794044665012407,0.01488833746898263,0.03225806451612903,0.06947890818858561,0.0016542597187758478,True,True,False,False,False,False,False
720575940632626402,flow,efferent,1209,400,0.25,0.02,0.01,0.1555004135649297,0.6468155500413565,0.0794044665012407,0.01488833746898263,0.03225806451612903,0.06947890818858561,0.0016542597187758478,True,True,True,True,False,True,False
720575940632626402,flow,efferent,1209,400,0.25,0.02,0.05,0.1555004135649297,0.6468155500413565,0.0794044665012407,0.01488833746898263,0.03225806451612903,0.06947890818858561,0.0016542597187758478,True,True,False,False,False,False,False
720575940632626402,flow,efferent,1209,400,0.25,0.02,0.1,0.1555004135649297,0.6468155500413565,0.0794044665012407,0.01488833746898263,0.03225806451612903,0.06947890818858561,0.0016542597187758478,True,False,False,False,False,False,False
720575940632626402,flow,efferent,1209,400,0.25,0.01,0.01,0.1555004135649297,0.6468155500413565,0.0794044665012407,0.01488833746898263,0.03225806451612903,0.06947890818858561,0.0016542597187758478,True,True,True,True,False,True,False
720575940632626402,flow,efferent,1209,400,0.25,0.01,0.05,0.1555004135649297,0.6468155500413565,0.0794044665012407,0.01488833746898263,0.03225806451612903,0.06947890818858561,0.0016542597187758478,True,True,False,False,False,False,False
720575940632626402,flow,efferent,1209,400,0.25,0.01,0.1,0.1555004135649297,0.6468155500413565,0.0794044665012407,0.01488833746898263,0.03225806451612903,0.06947890818858561,0.0016542597187758478,True,False,False,False,False,False,False
720575940639159797,flow,efferent,4508,400,0.25,0.14285714285714285,0.01,0.048802129547471165,0.7792812777284827,0.13043478260869565,0.0022182786157941437,0.020629991126885537,0.01841171251109139,0.00022182786157941438,True,True,True,False,False,False,
720575940639159797,flow,efferent,4508,400,0.25,0.14285714285714285,0.05,0.048802129547471165,0.7792812777284827,0.13043478260869565,0.0022182786157941437,0.020629991126885537,0.01841171251109139,0.00022182786157941438,False,True,True,False,False,False,
720575940639159797,flow,efferent,4508,400,0.25,0.14285714285714285,0.1,0.048802129547471165,0.7792812777284827,0.13043478260869565,0.0022182786157941437,0.020629991126885537,0.01841171251109139,0.00022182786157941438,False,True,True,False,False,False,
720575940639159797,flow,efferent,4508,400,0.25,0.04,0.01,0.048802129547471165,0.7792812777284827,0.13043478260869565,0.0022182786157941437,0.020629991126885537,0.01841171251109139,0.00022182786157941438,True,True,True,False,False,False,
720575940639159797,flow,efferent,4508,400,0.25,0.04,0.05,0.048802129547471165,0.7792812777284827,0.13043478260869565,0.0022182786157941437,0.020629991126885537,0.01841171251109139,0.00022182786157941438,False,True,False,False,False,False,
720575940639159797,flow,efferent,4508,400,0.25,0.04,0.1,0.048802129547471165,0.7792812777284827,0.13043478260869565,0.0022182786157941437,0.020629991126885537,0.01841171251109139,0.00022182786157941438,False,True,False,False,False,False,
720575940639159797,flow,efferent,4508,400,0.25,0.02,0.01,0.048802129547471165,0.7792812777284827,0.13043478260869565,0.0022182786157941437,0.020629991126885537,0.01841171251109139,0.00022182786157941438,True,True,True,False,False,False,
720575940639159797,flow,efferent,4508,400,0.25,0.02,0.05,0.048802129547471165,0.7792812777284827,0.13043478260869565,0.0022182786157941437,0.020629991126885537,0.01841171251109139,0.00022182786157941438,False,True,False,False,False,False,
720575940639159797,flow,efferent,4508,400,0.25,0.02,0.1,0.048802129547471165,0.7792812777284827,0.13043478260869565,0.0022182786157941437,0.020629991126885537,0.01841171251109139,0.00022182786157941438,False,False,False,False,False,False,
720575940639159797,flow,efferent,4508,400,0.25,0.01,0.01,0.048802129547471165,0.7792812777284827,0.13043478260869565,0.0022182786157941437,0.020629991126885537,0.01841171251109139,0.00022182786157941438,True,True,True,False,False,False,
720575940639159797,flow,efferent,4508,400,0.25,0.01,0.05,0.048802129547471165,0.7792812777284827,0.13043478260869565,0.0022182786157941437,0.020629991126885537,0.01841171251109139,0.00022182786157941438,False,False,False,False,False,False,
720575940639159797,flow,efferent,4508,400,0.25,0.01,0.1,0.048802129547471165,0.7792812777284827,0.13043478260869565,0.0022182786157941437,0.020629991126885537,0.01841171251109139,0.00022182786157941438,False,False,False,False,False,False,
720575940611881139,flow,efferent,1073,400,0.25,0.14285714285714285,0.01,0.19478098788443615,0.2637465051258155,0.26001863932898417,0.04287045666356011,0.15936626281453867,0.07642124883504194,0.0027958993476234857,True,True,True,True,True,True,False
720575940611881139,flow,efferent,1073,400,0.25,0.14285714285714285,0.05,0.19478098788443615,0.2637465051258155,0.26001863932898417,0.04287045666356011,0.15936626281453867,0.07642124883504194,0.0027958993476234857,True,True,True,False,True,True,False
720575940611881139,flow,efferent,1073,400,0.25,0.14285714285714285,0.1,0.19478098788443615,0.2637465051258155,0.26001863932898417,0.04287045666356011,0.15936626281453867,0.07642124883504194,0.0027958993476234857,True,False,False,False,False,False,False
720575940611881139,flow,efferent,1073,400,0.25,0.04,0.01,0.19478098788443615,0.2637465051258155,0.26001863932898417,0.04287045666356011,0.15936626281453867,0.07642124883504194,0.0027958993476234857,True,True,True,True,True,True,False
720575940611881139,flow,efferent,1073,400,0.25,0.04,0.05,0.19478098788443615,0.2637465051258155,0.26001863932898417,0.04287045666356011,0.15936626281453867,0.07642124883504194,0.0027958993476234857,True,False,False,False,False,False,False
720575940611881139,flow,efferent,1073,400,0.25,0.04,0.1,0.19478098788443615,0.2637465051258155,0.26001863932898417,0.04287045666356011,0.15936626281453867,0.07642124883504194,0.0027958993476234857,True,False,False,False,False,False,False
720575940611881139,flow,efferent,1073,400,0.25,0.02,0.01,0.19478098788443615,0.2637465051258155,0.26001863932898417,0.04287045666356011,0.15936626281453867,0.07642124883504194,0.0027958993476234857,True,True,True,True,True,True,False
720575940611881139,flow,efferent,1073,400,0.25,0.02,0.05,0.19478098788443615,0.2637465051258155,0.26001863932898417,0.04287045666356011,0.15936626281453867,0.07642124883504194,0.0027958993476234857,True,False,False,False,False,False,False
720575940611881139,flow,efferent,1073,400,0.25,0.02,0.1,0.19478098788443615,0.2637465051258155,0.26001863932898417,0.04287045666356011,0.15936626281453867,0.07642124883504194,0.0027958993476234857,True,False,False,False,False,False,False
720575940611881139,flow,efferent,1073,400,0.25,0.01,0.01,0.19478098788443615,0.2637465051258155,0.26001863932898417,0.04287045666356011,0.15936626281453867,0.07642124883504194,0.0027958993476234857,True,True,True,True,True,True,False
720575940611881139,flow,efferent,1073,400,0.25,0.01,0.05,0.19478098788443615,0.2637465051258155,0.26001863932898417,0.04287045666356011,0.15936626281453867,0.07642124883504194,0.0027958993476234857,True,False,False,False,False,False,False
720575940611881139,flow,efferent,1073,400,0.25,0.01,0.1,0.19478098788443615,0.2637465051258155,0.26001863932898417,0.04287045666356011,0.15936626281453867,0.07642124883504194,0.0027958993476234857,True,False,False,False,False,False,False
720575940622579967,flow,efferent,10951,400,0.25,0.14285714285714285,0.01,0.05688978175509086,0.8296046023194229,0.027668706054241623,0.0048397406629531545,0.04794082732170578,0.03259976257875993,0.00045657930782576936,True,True,True,False,True,True,False
720575940622579967,flow,efferent,10951,400,0.25,0.14285714285714285,0.05,0.05688978175509086,0.8296046023194229,0.027668706054241623,0.0048397406629531545,0.04794082732170578,0.03259976257875993,0.00045657930782576936,False,True,False,False,False,False,False
720575940622579967,flow,efferent,10951,400,0.25,0.14285714285714285,0.1,0.05688978175509086,0.8296046023194229,0.027668706054241623,0.0048397406629531545,0.04794082732170578,0.03259976257875993,0.00045657930782576936,False,True,False,False,False,False,False
720575940622579967,flow,efferent,10951,400,0.25,0.04,0.01,0.05688978175509086,0.8296046023194229,0.027668706054241623,0.0048397406629531545,0.04794082732170578,0.03259976257875993,0.00045657930782576936,True,True,False,False,False,False,False
720575940622579967,flow,efferent,10951,400,0.25,0.04,0.05,0.05688978175509086,0.8296046023194229,0.027668706054241623,0.0048397406629531545,0.04794082732170578,0.03259976257875993,0.00045657930782576936,False,True,False,False,False,False,False
720575940622579967,flow,efferent,10951,400,0.25,0.04,0.1,0.05688978175509086,0.8296046023194229,0.027668706054241623,0.0048397406629531545,0.04794082732170578,0.03259976257875993,0.00045657930782576936,False,True,False,False,False,False,False
720575940622579967,flow,efferent,10951,400,0.25,0.02,0.01,0.05688978175509086,0.8296046023194229,0.027668706054241623,0.0048397406629531545,0.04794082732170578,0.03259976257875993,0.00045657930782576936,True,True,False,False,False,False,False
720575940622579967,flow,efferent,10951,400,0.25,0.02,0.05,0.05688978175509086,0.8296046023194229,0.027668706054241623,0.0048397406629531545,0.04794082732170578,0.03259976257875993,0.00045657930782576936,False,True,False,False,False,False,False
720575940622579967,flow,efferent,10951,400,0.25,0.02,0.1,0.05688978175509086,0.8296046023194229,0.027668706054241623,0.0048397406629531545,0.04794082732170578,0.03259976257875993,0.00045657930782576936,False,False,False,False,False,False,False
720575940622579967,flow,efferent,10951,400,0.25,0.01,0.01,0.05688978175509086,0.8296046023194229,0.027668706054241623,0.0048397406629531545,0.04794082732170578,0.03259976257875993,0.00045657930782576936,True,True,False,False,False,False,False
720575940622579967,flow,efferent,10951,400,0.25,0.01,0.05,0.05688978175509086,0.8296046023194229,0.027668706054241623,0.0048397406629531545,0.04794082732170578,0.03259976257875993,0.00045657930782576936,False,True,False,False,False,False,False
720575940622579967,flow,efferent,10951,400,0.25,0.01,0.1,0.05688978175509086,0.8296046023194229,0.027668706054241623,0.0048397406629531545,0.04794082732170578,0.03259976257875993,0.00045657930782576936,False,False,False,False,False,False,False
720575940625187940,flow,efferent,620,400,0.25,0.14285714285714285,0.01,0.23709677419354838,0.5161290322580645,0.0935483870967742,0.0032258064516129032,0.04838709677419355,0.10161290322580645,0.0,True,True,True,False,True,True,
720575940625187940,flow,efferent,620,400,0.25,0.14285714285714285,0.05,0.23709677419354838,0.5161290322580645,0.0935483870967742,0.0032258064516129032,0.04838709677419355,0.10161290322580645,0.0,True,True,False,False,False,False,
720575940625187940,flow,efferent,620,400,0.25,0.14285714285714285,0.1,0.23709677419354838,0.5161290322580645,0.0935483870967742,0.0032258064516129032,0.04838709677419355,0.10161290322580645,0.0,True,True,False,False,False,False,
720575940625187940,flow,efferent,620,400,0.25,0.04,0.01,0.23709677419354838,0.5161290322580645,0.0935483870967742,0.0032258064516129032,0.04838709677419355,0.10161290322580645,0.0,True,True,True,False,True,True,
720575940625187940,flow,efferent,620,400,0.25,0.04,0.05,0.23709677419354838,0.5161290322580645,0.0935483870967742,0.0032258064516129032,0.04838709677419355,0.10161290322580645,0.0,True,True,False,False,False,False,
720575940625187940,flow,efferent,620,400,0.25,0.04,0.1,0.23709677419354838,0.5161290322580645,0.0935483870967742,0.0032258064516129032,0.04838709677419355,0.10161290322580645,0.0,True,False,False,False,False,False,
720575940625187940,flow,efferent,620,400,0.25,0.02,0.01,0.23709677419354838,0.5161290322580645,0.0935483870967742,0.0032258064516129032,0.04838709677419355,0.10161290322580645,0.0,True,True,True,False,True,True,
720575940625187940,flow,efferent,620,400,0.25,0.02,0.05,0.23709677419354838,0.5161290322580645,0.0935483870967742,0.0032258064516129032,0.04838709677419355,0.10161290322580645,0.0,True,True,False,False,False,False,
720575940625187940,flow,efferent,620,400,0.25,0.02,0.1,0.23709677419354838,0.5161290322580645,0.0935483870967742,0.0032258064516129032,0.04838709677419355,0.10161290322580645,0.0,True,False,False,False,False,False,
720575940625187940,flow,efferent,620,400,0.25,0.01,0.01,0.23709677419354838,0.5161290322580645,0.0935483870967742,0.0032258064516129032,0.04838709677419355,0.10161290322580645,0.0,True,True,True,False,True,True,
720575940625187940,flow,efferent,620,400,0.25,0.01,0.05,0.23709677419354838,0.5161290322580645,0.0935483870967742,0.0032258064516129032,0.04838709677419355,0.10161290322580645,0.0,True,True,False,False,False,False,
720575940625187940,flow,efferent,620,400,0.25,0.01,0.1,0.23709677419354838,0.5161290322580645,0.0935483870967742,0.0032258064516129032,0.04838709677419355,0.10161290322580645,0.0,True,False,False,False,False,False,
720575940621700789,flow,efferent,779,400,0.25,0.14285714285714285,0.01,0.10654685494223363,0.5288831835686778,0.10397946084724005,0.0,0.1951219512195122,0.06546854942233633,0.0,True,True,True,,True,True,
720575940621700789,flow,efferent,779,400,0.25,0.14285714285714285,0.05,0.10654685494223363,0.5288831835686778,0.10397946084724005,0.0,0.1951219512195122,0.06546854942233633,0.0,True,True,True,,True,False,
720575940621700789,flow,efferent,779,400,0.25,0.14285714285714285,0.1,0.10654685494223363,0.5288831835686778,0.10397946084724005,0.0,0.1951219512195122,0.06546854942233633,0.0,False,True,False,,True,False,
720575940621700789,flow,efferent,779,400,0.25,0.04,0.01,0.10654685494223363,0.5288831835686778,0.10397946084724005,0.0,0.1951219512195122,0.06546854942233633,0.0,True,True,True,,True,True,
720575940621700789,flow,efferent,779,400,0.25,0.04,0.05,0.10654685494223363,0.5288831835686778,0.10397946084724005,0.0,0.1951219512195122,0.06546854942233633,0.0,True,True,False,,True,False,
720575940621700789,flow,efferent,779,400,0.25,0.04,0.1,0.10654685494223363,0.5288831835686778,0.10397946084724005,0.0,0.1951219512195122,0.06546854942233633,0.0,False,True,False,,False,False,
720575940621700789,flow,efferent,779,400,0.25,0.02,0.01,0.10654685494223363,0.5288831835686778,0.10397946084724005,0.0,0.1951219512195122,0.06546854942233633,0.0,True,True,True,,True,True,
720575940621700789,flow,efferent,779,400,0.25,0.02,0.05,0.10654685494223363,0.5288831835686778,0.10397946084724005,0.0,0.1951219512195122,0.06546854942233633,0.0,True,True,False,,False,False,
720575940621700789,flow,efferent,779,400,0.25,0.02,0.1,0.10654685494223363,0.5288831835686778,0.10397946084724005,0.0,0.1951219512195122,0.06546854942233633,0.0,False,False,False,,False,False,
720575940621700789,flow,efferent,779,400,0.25,0.01,0.01,0.10654685494223363,0.5288831835686778,0.10397946084724005,0.0,0.1951219512195122,0.06546854942233633,0.0,True,True,True,,True,True,
720575940621700789,flow,efferent,779,400,0.25,0.01,0.05,0.10654685494223363,0.5288831835686778,0.10397946084724005,0.0,0.1951219512195122,0.06546854942233633,0.0,False,False,False,,False,False,
720575940621700789,flow,efferent,779,400,0.25,0.01,0.1,0.10654685494223363,0.5288831835686778,0.10397946084724005,0.0,0.1951219512195122,0.06546854942233633,0.0,False,False,False,,False,False,
720575940637612974,flow,efferent,2977,400,0.25,0.14285714285714285,0.01,0.07020490426603963,0.6607322808196171,0.060127645280483706,0.012764528048370843,0.15317433658045013,0.04131676184077931,0.0016795431642593216,True,True,True,False,True,True,False
720575940637612974,flow,efferent,2977,400,0.25,0.14285714285714285,0.05,0.07020490426603963,0.6607322808196171,0.060127645280483706,0.012764528048370843,0.15317433658045013,0.04131676184077931,0.0016795431642593216,True,True,False,False,True,False,False
720575940637612974,flow,efferent,2977,400,0.25,0.14285714285714285,0.1,0.07020490426603963,0.6607322808196171,0.060127645280483706,0.012764528048370843,0.15317433658045013,0.04131676184077931,0.0016795431642593216,False,True,False,False,False,False,False
720575940637612974,flow,efferent,2977,400,0.25,0.04,0.01,0.07020490426603963,0.6607322808196171,0.060127645280483706,0.012764528048370843,0.15317433658045013,0.04131676184077931,0.0016795431642593216,True,True,True,False,True,False,False
720575940637612974,flow,efferent,2977,400,0.25,0.04,0.05,0.07020490426603963,0.6607322808196171,0.060127645280483706,0.012764528048370843,0.15317433658045013,0.04131676184077931,0.0016795431642593216,True,True,False,False,False,False,False
720575940637612974,flow,efferent,2977,400,0.25,0.04,0.1,0.07020490426603963,0.6607322808196171,0.060127645280483706,0.012764528048370843,0.15317433658045013,0.04131676184077931,0.0016795431642593216,False,True,False,False,False,False,False
720575940637612974,flow,efferent,2977,400,0.25,0.02,0.01,0.07020490426603963,0.6607322808196171,0.060127645280483706,0.012764528048370843,0.15317433658045013,0.04131676184077931,0.0016795431642593216,True,True,False,False,True,False,False
720575940637612974,flow,efferent,2977,400,0.25,0.02,0.05,0.07020490426603963,0.6607322808196171,0.060127645280483706,0.012764528048370843,0.15317433658045013,0.04131676184077931,0.0016795431642593216,True,True,False,False,False,False,False
720575940637612974,flow,efferent,2977,400,0.25,0.02,0.1,0.07020490426603963,0.6607322808196171,0.060127645280483706,0.012764528048370843,0.15317433658045013,0.04131676184077931,0.0016795431642593216,False,False,False,False,False,False,False
720575940637612974,flow,efferent,2977,400,0.25,0.01,0.01,0.07020490426603963,0.6607322808196171,0.060127645280483706,0.012764528048370843,0.15317433658045013,0.04131676184077931,0.0016795431642593216,True,True,False,False,False,False,False
720575940637612974,flow,efferent,2977,400,0.25,0.01,0.05,0.07020490426603963,0.6607322808196171,0.060127645280483706,0.012764528048370843,0.15317433658045013,0.04131676184077931,0.0016795431642593216,True,False,False,False,False,False,False
720575940637612974,flow,efferent,2977,400,0.25,0.01,0.1,0.07020490426603963,0.6607322808196171,0.060127645280483706,0.012764528048370843,0.15317433658045013,0.04131676184077931,0.0016795431642593216,False,False,False,False,False,False,False
720575940618519454,flow,efferent,1033,400,0.25,0.14285714285714285,0.01,0.031945788964181994,0.814133591481123,0.05517909002904162,0.002904162633107454,0.05033881897386254,0.04549854791868345,0.0,True,True,True,False,True,True,
720575940618519454,flow,efferent,1033,400,0.25,0.14285714285714285,0.05,0.031945788964181994,0.814133591481123,0.05517909002904162,0.002904162633107454,0.05033881897386254,0.04549854791868345,0.0,False,True,False,False,False,False,
720575940618519454,flow,efferent,1033,400,0.25,0.14285714285714285,0.1,0.031945788964181994,0.814133591481123,0.05517909002904162,0.002904162633107454,0.05033881897386254,0.04549854791868345,0.0,False,True,False,False,False,False,
720575940618519454,flow,efferent,1033,400,0.25,0.04,0.01,0.031945788964181994,0.814133591481123,0.05517909002904162,0.002904162633107454,0.05033881897386254,0.04549854791868345,0.0,True,True,True,False,True,True,
720575940618519454,flow,efferent,1033,400,0.25,0.04,0.05,0.031945788964181994,0.814133591481123,0.05517909002904162,0.002904162633107454,0.05033881897386254,0.04549854791868345,0.0,False,True,False,False,False,False,
720575940618519454,flow,efferent,1033,400,0.25,0.04,0.1,0.031945788964181994,0.814133591481123,0.05517909002904162,0.002904162633107454,0.05033881897386254,0.04549854791868345,0.0,False,False,False,False,False,False,
720575940618519454,flow,efferent,1033,400,0.25,0.02,0.01,0.031945788964181994,0.814133591481123,0.05517909002904162,0.002904162633107454,0.05033881897386254,0.04549854791868345,0.0,True,True,True,False,False,True,
720575940618519454,flow,efferent,1033,400,0.25,0.02,0.05,0.031945788964181994,0.814133591481123,0.05517909002904162,0.002904162633107454,0.05033881897386254,0.04549854791868345,0.0,False,True,False,False,False,False,
720575940618519454,flow,efferent,1033,400,0.25,0.02,0.1,0.031945788964181994,0.814133591481123,0.05517909002904162,0.002904162633107454,0.05033881897386254,0.04549854791868345,0.0,False,False,False,False,False,False,
720575940618519454,flow,efferent,1033,400,0.25,0.01,0.01,0.031945788964181994,0.814133591481123,0.05517909002904162,0.002904162633107454,0.05033881897386254,0.04549854791868345,0.0,True,True,True,False,False,True,
720575940618519454,flow,efferent,1033,400,0.25,0.01,0.05,0.031945788964181994,0.814133591481123,0.05517909002904162,0.002904162633107454,0.05033881897386254,0.04549854791868345,0.0,False,True,False,False,False,False,
720575940618519454,flow,efferent,1033,400,0.25,0.01,0.1,0.031945788964181994,0.814133591481123,0.05517909002904162,0.002904162633107454,0.05033881897386254,0.04549854791868345,0.0,False,False,False,False,False,False,
720575940618165019,flow,efferent,1650,400,0.25,0.14285714285714285,0.01,0.15818181818181817,0.3406060606060606,0.10484848484848484,0.06848484848484848,0.3006060606060606,0.02727272727272727,0.0,True,True,True,True,True,True,
720575940618165019,flow,efferent,1650,400,0.25,0.14285714285714285,0.05,0.15818181818181817,0.3406060606060606,0.10484848484848484,0.06848484848484848,0.3006060606060606,0.02727272727272727,0.0,True,True,False,False,True,False,
720575940618165019,flow,efferent,1650,400,0.25,0.14285714285714285,0.1,0.15818181818181817,0.3406060606060606,0.10484848484848484,0.06848484848484848,0.3006060606060606,0.02727272727272727,0.0,False,True,False,False,False,False,
720575940618165019,flow,efferent,1650,400,0.25,0.04,0.01,0.15818181818181817,0.3406060606060606,0.10484848484848484,0.06848484848484848,0.3006060606060606,0.02727272727272727,0.0,True,True,True,True,True,True,
720575940618165019,flow,efferent,1650,400,0.25,0.04,0.05,0.15818181818181817,0.3406060606060606,0.10484848484848484,0.06848484848484848,0.3006060606060606,0.02727272727272727,0.0,True,False,False,False,True,False,
720575940618165019,flow,efferent,1650,400,0.25,0.04,0.1,0.15818181818181817,0.3406060606060606,0.10484848484848484,0.06848484848484848,0.3006060606060606,0.02727272727272727,0.0,False,False,False,False,False,False,
720575940618165019,flow,efferent,1650,400,0.25,0.02,0.01,0.15818181818181817,0.3406060606060606,0.10484848484848484,0.06848484848484848,0.3006060606060606,0.02727272727272727,0.0,True,True,True,True,True,True,
720575940618165019,flow,efferent,1650,400,0.25,0.02,0.05,0.15818181818181817,0.3406060606060606,0.10484848484848484,0.06848484848484848,0.3006060606060606,0.02727272727272727,0.0,True,False,False,False,True,False,
720575940618165019,flow,efferent,1650,400,0.25,0.02,0.1,0.15818181818181817,0.3406060606060606,0.10484848484848484,0.06848484848484848,0.3006060606060606,0.02727272727272727,0.0,False,False,False,False,False,False,
720575940618165019,flow,efferent,1650,400,0.25,0.01,0.01,0.15818181818181817,0.3406060606060606,0.10484848484848484,0.06848484848484848,0.3006060606060606,0.02727272727272727,0.0,True,True,False,True,True,True,
720575940618165019,flow,efferent,1650,400,0.25,0.01,0.05,0.15818181818181817,0.3406060606060606,0.10484848484848484,0.06848484848484848,0.3006060606060606,0.02727272727272727,0.0,True,False,False,False,False,False,
720575940618165019,flow,efferent,1650,400,0.25,0.01,0.1,0.15818181818181817,0.3406060606060606,0.10484848484848484,0.06848484848484848,0.3006060606060606,0.02727272727272727,0.0,False,False,False,False,False,False,
720575940633228172,flow,efferent,1177,400,0.25,0.14285714285714285,0.01,0.1554800339847069,0.4205607476635514,0.08071367884451996,0.033984706881903144,0.2336448598130841,0.07391673746813934,0.0016992353440951572,True,True,True,True,True,True,False
720575940633228172,flow,efferent,1177,400,0.25,0.14285714285714285,0.05,0.1554800339847069,0.4205607476635514,0.08071367884451996,0.033984706881903144,0.2336448598130841,0.07391673746813934,0.0016992353440951572,True,True,True,False,True,True,False
720575940633228172,flow,efferent,1177,400,0.25,0.14285714285714285,0.1,0.1554800339847069,0.4205607476635514,0.08071367884451996,0.033984706881903144,0.2336448598130841,0.07391673746813934,0.0016992353440951572,True,True,False,False,True,False,False
720575940633228172,flow,efferent,1177,400,0.25,0.04,0.01,0.1554800339847069,0.4205607476635514,0.08071367884451996,0.033984706881903144,0.2336448598130841,0.07391673746813934,0.0016992353440951572,True,True,True,False,True,True,False
720575940633228172,flow,efferent,1177,400,0.25,0.04,0.05,0.1554800339847069,0.4205607476635514,0.08071367884451996,0.033984706881903144,0.2336448598130841,0.07391673746813934,0.0016992353440951572,True,True,False,False,False,False,False
720575940633228172,flow,efferent,1177,400,0.25,0.04,0.1,0.1554800339847069,0.4205607476635514,0.08071367884451996,0.033984706881903144,0.2336448598130841,0.07391673746813934,0.0016992353440951572,True,True,False,False,False,False,False
720575940633228172,flow,efferent,1177,400,0.25,0.02,0.01,0.1554800339847069,0.4205607476635514,0.08071367884451996,0.033984706881903144,0.2336448598130841,0.07391673746813934,0.0016992353440951572,True,True,False,False,True,False,False
720575940633228172,flow,efferent,1177,400,0.25,0.02,0.05,0.1554800339847069,0.4205607476635514,0.08071367884451996,0.033984706881903144,0.2336448598130841,0.07391673746813934,0.0016992353440951572,True,True,False,False,False,False,False
720575940633228172,flow,efferent,1177,400,0.25,0.02,0.1,0.1554800339847069,0.4205607476635514,0.08071367884451996,0.033984706881903144,0.2336448598130841,0.07391673746813934,0.0016992353440951572,True,True,False,False,False,False,False
720575940633228172,flow,efferent,1177,400,0.25,0.01,0.01,0.1554800339847069,0.4205607476635514,0.08071367884451996,0.033984706881903144,0.2336448598130841,0.07391673746813934,0.0016992353440951572,True,True,False,False,True,False,False
720575940633228172,flow,efferent,1177,400,0.25,0.01,0.05,0.1554800339847069,0.4205607476635514,0.08071367884451996,0.033984706881903144,0.2336448598130841,0.07391673746813934,0.0016992353440951572,True,True,False,False,False,False,False
720575940633228172,flow,efferent,1177,400,0.25,0.01,0.1,0.1554800339847069,0.4205607476635514,0.08071367884451996,0.033984706881903144,0.2336448598130841,0.07391673746813934,0.0016992353440951572,True,True,False,False,False,False,False
720575940620815896,flow,efferent,681,400,0.25,0.14285714285714285,0.01,0.38619676945668135,0.17914831130690162,0.3700440528634361,0.010279001468428781,0.030837004405286344,0.022026431718061675,0.0014684287812041115,True,True,True,False,True,True,
720575940620815896,flow,efferent,681,400,0.25,0.14285714285714285,0.05,0.38619676945668135,0.17914831130690162,0.3700440528634361,0.010279001468428781,0.030837004405286344,0.022026431718061675,0.0014684287812041115,True,True,True,False,False,False,
720575940620815896,flow,efferent,681,400,0.25,0.14285714285714285,0.1,0.38619676945668135,0.17914831130690162,0.3700440528634361,0.010279001468428781,0.030837004405286344,0.022026431718061675,0.0014684287812041115,True,False,True,False,False,False,
720575940620815896,flow,efferent,681,400,0.25,0.04,0.01,0.38619676945668135,0.17914831130690162,0.3700440528634361,0.010279001468428781,0.030837004405286344,0.022026431718061675,0.0014684287812041115,True,True,True,False,True,False,
720575940620815896,flow,efferent,681,400,0.25,0.04,0.05,0.38619676945668135,0.17914831130690162,0.3700440528634361,0.010279001468428781,0.030837004405286344,0.022026431718061675,0.0014684287812041115,True,False,True,False,False,False,
720575940620815896,flow,efferent,681,400,0.25,0.04,0.1,0.38619676945668135,0.17914831130690162,0.3700440528634361,0.010279001468428781,0.030837004405286344,0.022026431718061675,0.0014684287812041115,False,False,False,False,False,False,
720575940620815896,flow,efferent,681,400,0.25,0.02,0.01,0.38619676945668135,0.17914831130690162,0.3700440528634361,0.010279001468428781,0.030837004405286344,0.022026431718061675,0.0014684287812041115,True,True,True,False,False,False,
720575940620815896,flow,efferent,681,400,0.25,0.02,0.05,0.38619676945668135,0.17914831130690162,0.3700440528634361,0.010279001468428781,0.030837004405286344,0.022026431718061675,0.0014684287812041115,True,False,True,False,False,False,
720575940620815896,flow,efferent,681,400,0.25,0.02,0.1,0.38619676945668135,0.17914831130690162,0.3700440528634361,0.010279001468428781,0.030837004405286344,0.022026431718061675,0.0014684287812041115,False,False,False,False,False,False,
720575940620815896,flow,efferent,681,400,0.25,0.01,0.01,0.38619676945668135,0.17914831130690162,0.3700440528634361,0.010279001468428781,0.030837004405286344,0.022026431718061675,0.0014684287812041115,True,True,True,False,False,False,
720575940620815896,flow,efferent,681,400,0.25,0.01,0.05,0.38619676945668135,0.17914831130690162,0.3700440528634361,0.010279001468428781,0.030837004405286344,0.022026431718061675,0.0014684287812041115,True,False,False,False,False,False,
720575940620815896,flow,efferent,681,400,0.25,0.01,0.1,0.38619676945668135,0.17914831130690162,0.3700440528634361,0.010279001468428781,0.030837004405286344,0.022026431718061675,0.0014684287812041115,False,False,False,False,False,False,
720575940660219265,flow,efferent,3293,400,0.25,0.14285714285714285,0.01,0.09960522320072882,0.2575159429092013,0.1500151837230489,0.22805952019435166,0.23534770725781962,0.027938050409960523,0.0015183723048891589,True,True,True,True,True,True,False
720575940660219265,flow,efferent,3293,400,0.25,0.14285714285714285,0.05,0.09960522320072882,0.2575159429092013,0.1500151837230489,0.22805952019435166,0.23534770725781962,0.027938050409960523,0.0015183723048891589,False,True,True,True,True,False,False
720575940660219265,flow,efferent,3293,400,0.25,0.14285714285714285,0.1,0.09960522320072882,0.2575159429092013,0.1500151837230489,0.22805952019435166,0.23534770725781962,0.027938050409960523,0.0015183723048891589,False,True,True,True,True,False,False
720575940660219265,flow,efferent,3293,400,0.25,0.04,0.01,0.09960522320072882,0.2575159429092013,0.1500151837230489,0.22805952019435166,0.23534770725781962,0.027938050409960523,0.0015183723048891589,True,True,True,True,True,False,False
720575940660219265,flow,efferent,3293,400,0.25,0.04,0.05,0.09960522320072882,0.2575159429092013,0.1500151837230489,0.22805952019435166,0.23534770725781962,0.027938050409960523,0.0015183723048891589,False,False,False,True,False,False,False
720575940660219265,flow,efferent,3293,400,0.25,0.04,0.1,0.09960522320072882,0.2575159429092013,0.1500151837230489,0.22805952019435166,0.23534770725781962,0.027938050409960523,0.0015183723048891589,False,False,False,False,False,False,False
720575940660219265,flow,efferent,3293,400,0.25,0.02,0.01,0.09960522320072882,0.2575159429092013,0.1500151837230489,0.22805952019435166,0.23534770725781962,0.027938050409960523,0.0015183723048891589,True,True,True,True,True,False,False
720575940660219265,flow,efferent,3293,400,0.25,0.02,0.05,0.09960522320072882,0.2575159429092013,0.1500151837230489,0.22805952019435166,0.23534770725781962,0.027938050409960523,0.0015183723048891589,False,False,False,True,False,False,False
720575940660219265,flow,efferent,3293,400,0.25,0.02,0.1,0.09960522320072882,0.2575159429092013,0.1500151837230489,0.22805952019435166,0.23534770725781962,0.027938050409960523,0.0015183723048891589,False,False,False,False,False,False,False
720575940660219265,flow,efferent,3293,400,0.25,0.01,0.01,0.09960522320072882,0.2575159429092013,0.1500151837230489,0.22805952019435166,0.23534770725781962,0.027938050409960523,0.0015183723048891589,True,True,False,True,True,False,False
720575940660219265,flow,efferent,3293,400,0.25,0.01,0.05,0.09960522320072882,0.2575159429092013,0.1500151837230489,0.22805952019435166,0.23534770725781962,0.027938050409960523,0.0015183723048891589,False,False,False,True,False,False,False
720575940660219265,flow,efferent,3293,400,0.25,0.01,0.1,0.09960522320072882,0.2575159429092013,0.1500151837230489,0.22805952019435166,0.23534770725781962,0.027938050409960523,0.0015183723048891589,False,False,False,False,False,False,False
720575940614129617,flow,efferent,965,400,0.25,0.14285714285714285,0.01,0.10259067357512953,0.7367875647668394,0.046632124352331605,0.0062176165803108805,0.07253886010362694,0.035233160621761656,0.0,True,True,True,False,True,True,
720575940614129617,flow,efferent,965,400,0.25,0.14285714285714285,0.05,0.10259067357512953,0.7367875647668394,0.046632124352331605,0.0062176165803108805,0.07253886010362694,0.035233160621761656,0.0,True,True,False,False,False,False,
720575940614129617,flow,efferent,965,400,0.25,0.14285714285714285,0.1,0.10259067357512953,0.7367875647668394,0.046632124352331605,0.0062176165803108805,0.07253886010362694,0.035233160621761656,0.0,False,True,False,False,False,False,
720575940614129617,flow,efferent,965,400,0.25,0.04,0.01,0.10259067357512953,0.7367875647668394,0.046632124352331605,0.0062176165803108805,0.07253886010362694,0.035233160621761656,0.0,True,True,True,False,False,False,
720575940614129617,flow,efferent,965,400,0.25,0.04,0.05,0.10259067357512953,0.7367875647668394,0.046632124352331605,0.0062176165803108805,0.07253886010362694,0.035233160621761656,0.0,True,True,False,False,False,False,
720575940614129617,flow,efferent,965,400,0.25,0.04,0.1,0.10259067357512953,0.7367875647668394,0.046632124352331605,0.0062176165803108805,0.07253886010362694,0.035233160621761656,0.0,False,False,False,False,False,False,
720575940614129617,flow,efferent,965,400,0.25,0.02,0.01,0.10259067357512953,0.7367875647668394,0.046632124352331605,0.0062176165803108805,0.07253886010362694,0.035233160621761656,0.0,True,True,True,False,False,False,
720575940614129617,flow,efferent,965,400,0.25,0.02,0.05,0.10259067357512953,0.7367875647668394,0.046632124352331605,0.0062176165803108805,0.07253886010362694,0.035233160621761656,0.0,True,True,False,False,False,False,
720575940614129617,flow,efferent,965,400,0.25,0.02,0.1,0.10259067357512953,0.7367875647668394,0.046632124352331605,0.0062176165803108805,0.07253886010362694,0.035233160621761656,0.0,False,False,False,False,False,False,
720575940614129617,flow,efferent,965,400,0.25,0.01,0.01,0.10259067357512953,0.7367875647668394,0.046632124352331605,0.0062176165803108805,0.07253886010362694,0.035233160621761656,0.0,True,True,True,False,False,False,
720575940614129617,flow,efferent,965,400,0.25,0.01,0.05,0.10259067357512953,0.7367875647668394,0.046632124352331605,0.0062176165803108805,0.07253886010362694,0.035233160621761656,0.0,True,True,False,False,False,False,
720575940614129617,flow,efferent,965,400,0.25,0.01,0.1,0.10259067357512953,0.7367875647668394,0.046632124352331605,0.0062176165803108805,0.07253886010362694,0.035233160621761656,0.0,False,False,False,False,False,False,
720575940625870640,flow,efferent,3227,400,0.25,0.14285714285714285,0.01,0.15215370312984197,0.32630926557173845,0.1019522776572668,0.08831732259064146,0.22156801983266192,0.10350170436938333,0.006197706848466067,True,True,True,True,True,True,False
720575940625870640,flow,efferent,3227,400,0.25,0.14285714285714285,0.05,0.15215370312984197,0.32630926557173845,0.1019522776572668,0.08831732259064146,0.22156801983266192,0.10350170436938333,0.006197706848466067,True,True,True,True,True,True,False
720575940625870640,flow,efferent,3227,400,0.25,0.14285714285714285,0.1,0.15215370312984197,0.32630926557173845,0.1019522776572668,0.08831732259064146,0.22156801983266192,0.10350170436938333,0.006197706848466067,False,True,False,False,True,False,False
720575940625870640,flow,efferent,3227,400,0.25,0.04,0.01,0.15215370312984197,0.32630926557173845,0.1019522776572668,0.08831732259064146,0.22156801983266192,0.10350170436938333,0.006197706848466067,True,True,True,True,True,True,False
720575940625870640,flow,efferent,3227,400,0.25,0.04,0.05,0.15215370312984197,0.32630926557173845,0.1019522776572668,0.08831732259064146,0.22156801983266192,0.10350170436938333,0.006197706848466067,True,True,False,False,False,False,False
720575940625870640,flow,efferent,3227,400,0.25,0.04,0.1,0.15215370312984197,0.32630926557173845,0.1019522776572668,0.08831732259064146,0.22156801983266192,0.10350170436938333,0.006197706848466067,False,False,False,False,False,False,False
720575940625870640,flow,efferent,3227,400,0.25,0.02,0.01,0.15215370312984197,0.32630926557173845,0.1019522776572668,0.08831732259064146,0.22156801983266192,0.10350170436938333,0.006197706848466067,True,True,True,True,True,True,False
720575940625870640,flow,efferent,3227,400,0.25,0.02,0.05,0.15215370312984197,0.32630926557173845,0.1019522776572668,0.08831732259064146,0.22156801983266192,0.10350170436938333,0.006197706848466067,True,False,False,False,False,False,False
720575940625870640,flow,efferent,3227,400,0.25,0.02,0.1,0.15215370312984197,0.32630926557173845,0.1019522776572668,0.08831732259064146,0.22156801983266192,0.10350170436938333,0.006197706848466067,False,False,False,False,False,False,False
720575940625870640,flow,efferent,3227,400,0.25,0.01,0.01,0.15215370312984197,0.32630926557173845,0.1019522776572668,0.08831732259064146,0.22156801983266192,0.10350170436938333,0.006197706848466067,True,True,False,True,True,True,False
720575940625870640,flow,efferent,3227,400,0.25,0.01,0.05,0.15215370312984197,0.32630926557173845,0.1019522776572668,0.08831732259064146,0.22156801983266192,0.10350170436938333,0.006197706848466067,True,False,False,False,False,False,False
720575940625870640,flow,efferent,3227,400,0.25,0.01,0.1,0.15215370312984197,0.32630926557173845,0.1019522776572668,0.08831732259064146,0.22156801983266192,0.10350170436938333,0.006197706848466067,False,False,False,False,False,False,False
720575940642894628,flow,efferent,6214,400,0.25,0.14285714285714285,0.01,0.04023173479240425,0.8027035725780496,0.021725136787898294,0.055197940135178626,0.05230125523012552,0.02687479884132604,0.0009655616350177019,True,True,True,True,True,True,False
720575940642894628,flow,efferent,6214,400,0.25,0.14285714285714285,0.05,0.04023173479240425,0.8027035725780496,0.021725136787898294,0.055197940135178626,0.05230125523012552,0.02687479884132604,0.0009655616350177019,False,True,False,True,False,False,False
720575940642894628,flow,efferent,6214,400,0.25,0.14285714285714285,0.1,0.04023173479240425,0.8027035725780496,0.021725136787898294,0.055197940135178626,0.05230125523012552,0.02687479884132604,0.0009655616350177019,False,True,False,False,False,False,False
720575940642894628,flow,efferent,6214,400,0.25,0.04,0.01,0.04023173479240425,0.8027035725780496,0.021725136787898294,0.055197940135178626,0.05230125523012552,0.02687479884132604,0.0009655616350177019,True,True,False,True,True,False,False
720575940642894628,flow,efferent,6214,400,0.25,0.04,0.05,0.04023173479240425,0.8027035725780496,0.021725136787898294,0.055197940135178626,0.05230125523012552,0.02687479884132604,0.0009655616350177019,False,True,False,False,False,False,False
720575940642894628,flow,efferent,6214,400,0.25,0.04,0.1,0.04023173479240425,0.8027035725780496,0.021725136787898294,0.055197940135178626,0.05230125523012552,0.02687479884132604,0.0009655616350177019,False,True,False,False,False,False,False
720575940642894628,flow,efferent,6214,400,0.25,0.02,0.01,0.04023173479240425,0.8027035725780496,0.021725136787898294,0.055197940135178626,0.05230125523012552,0.02687479884132604,0.0009655616350177019,True,True,False,True,False,False,False
720575940642894628,flow,efferent,6214,400,0.25,0.02,0.05,0.04023173479240425,0.8027035725780496,0.021725136787898294,0.055197940135178626,0.05230125523012552,0.02687479884132604,0.0009655616350177019,False,False,False,False,False,False,False
720575940642894628,flow,efferent,6214,400,0.25,0.02,0.1,0.04023173479240425,0.8027035725780496,0.021725136787898294,0.055197940135178626,0.05230125523012552,0.02687479884132604,0.0009655616350177019,False,False,False,False,False,False,False
720575940642894628,flow,efferent,6214,400,0.25,0.01,0.01,0.04023173479240425,0.8027035725780496,0.021725136787898294,0.055197940135178626,0.05230125523012552,0.02687479884132604,0.0009655616350177019,True,True,False,True,False,False,False
720575940642894628,flow,efferent,6214,400,0.25,0.01,0.05,0.04023173479240425,0.8027035725780496,0.021725136787898294,0.055197940135178626,0.05230125523012552,0.02687479884132604,0.0009655616350177019,False,False,False,False,False,False,False
720575940642894628,flow,efferent,6214,400,0.25,0.01,0.1,0.04023173479240425,0.8027035725780496,0.021725136787898294,0.055197940135178626,0.05230125523012552,0.02687479884132604,0.0009655616350177019,False,False,False,False,False,False,False
720575940642549467,flow,efferent,2086,400,0.25,0.14285714285714285,0.01,0.16922339405560882,0.6035474592521572,0.07334611697027804,0.0311601150527325,0.07718120805369127,0.04410354745925216,0.0014381591562799617,True,True,True,True,True,True,False
720575940642549467,flow,efferent,2086,400,0.25,0.14285714285714285,0.05,0.16922339405560882,0.6035474592521572,0.07334611697027804,0.0311601150527325,0.07718120805369127,0.04410354745925216,0.0014381591562799617,True,True,False,False,False,False,False
720575940642549467,flow,efferent,2086,400,0.25,0.14285714285714285,0.1,0.16922339405560882,0.6035474592521572,0.07334611697027804,0.0311601150527325,0.07718120805369127,0.04410354745925216,0.0014381591562799617,True,True,False,False,False,False,False
720575940642549467,flow,efferent,2086,400,0.25,0.04,0.01,0.16922339405560882,0.6035474592521572,0.07334611697027804,0.0311601150527325,0.07718120805369127,0.04410354745925216,0.0014381591562799617,True,True,True,True,True,False,False
720575940642549467,flow,efferent,2086,400,0.25,0.04,0.05,0.16922339405560882,0.6035474592521572,0.07334611697027804,0.0311601150527325,0.07718120805369127,0.04410354745925216,0.0014381591562799617,True,True,False,False,False,False,False
720575940642549467,flow,efferent,2086,400,0.25,0.04,0.1,0.16922339405560882,0.6035474592521572,0.07334611697027804,0.0311601150527325,0.07718120805369127,0.04410354745925216,0.0014381591562799617,True,True,False,False,False,False,False
720575940642549467,flow,efferent,2086,400,0.25,0.02,0.01,0.16922339405560882,0.6035474592521572,0.07334611697027804,0.0311601150527325,0.07718120805369127,0.04410354745925216,0.0014381591562799617,True,True,True,False,True,False,False
720575940642549467,flow,efferent,2086,400,0.25,0.02,0.05,0.16922339405560882,0.6035474592521572,0.07334611697027804,0.0311601150527325,0.07718120805369127,0.04410354745925216,0.0014381591562799617,True,True,False,False,False,False,False
720575940642549467,flow,efferent,2086,400,0.25,0.02,0.1,0.16922339405560882,0.6035474592521572,0.07334611697027804,0.0311601150527325,0.07718120805369127,0.04410354745925216,0.0014381591562799617,True,True,False,False,False,False,False
720575940642549467,flow,efferent,2086,400,0.25,0.01,0.01,0.16922339405560882,0.6035474592521572,0.07334611697027804,0.0311601150527325,0.07718120805369127,0.04410354745925216,0.0014381591562799617,True,True,True,False,False,False,False
720575940642549467,flow,efferent,2086,400,0.25,0.01,0.05,0.16922339405560882,0.6035474592521572,0.07334611697027804,0.0311601150527325,0.07718120805369127,0.04410354745925216,0.0014381591562799617,True,True,False,False,False,False,False
720575940642549467,flow,efferent,2086,400,0.25,0.01,0.1,0.16922339405560882,0.6035474592521572,0.07334611697027804,0.0311601150527325,0.07718120805369127,0.04410354745925216,0.0014381591562799617,True,False,False,False,False,False,False
720575940632422219,flow,efferent,4921,400,0.25,0.14285714285714285,0.01,0.04023572444625076,0.7691526112578744,0.03881324933956513,0.011583011583011582,0.0790489737858159,0.06055679739890266,0.000609632188579557,True,True,True,False,True,True,False
720575940632422219,flow,efferent,4921,400,0.25,0.14285714285714285,0.05,0.04023572444625076,0.7691526112578744,0.03881324933956513,0.011583011583011582,0.0790489737858159,0.06055679739890266,0.000609632188579557,False,True,False,False,False,False,False
720575940632422219,flow,efferent,4921,400,0.25,0.14285714285714285,0.1,0.04023572444625076,0.7691526112578744,0.03881324933956513,0.011583011583011582,0.0790489737858159,0.06055679739890266,0.000609632188579557,False,True,False,False,False,False,False
720575940632422219,flow,efferent,4921,400,0.25,0.04,0.01,0.04023572444625076,0.7691526112578744,0.03881324933956513,0.011583011583011582,0.0790489737858159,0.06055679739890266,0.000609632188579557,True,True,False,False,True,False,False
720575940632422219,flow,efferent,4921,400,0.25,0.04,0.05,0.04023572444625076,0.7691526112578744,0.03881324933956513,0.011583011583011582,0.0790489737858159,0.06055679739890266,0.000609632188579557,False,True,False,False,False,False,False
720575940632422219,flow,efferent,4921,400,0.25,0.04,0.1,0.04023572444625076,0.7691526112578744,0.03881324933956513,0.011583011583011582,0.0790489737858159,0.06055679739890266,0.000609632188579557,False,True,False,False,False,False,False
720575940632422219,flow,efferent,4921,400,0.25,0.02,0.01,0.04023572444625076,0.7691526112578744,0.03881324933956513,0.011583011583011582,0.0790489737858159,0.06055679739890266,0.000609632188579557,True,True,False,False,False,False,False
720575940632422219,flow,efferent,4921,400,0.25,0.02,0.05,0.04023572444625076,0.7691526112578744,0.03881324933956513,0.011583011583011582,0.0790489737858159,0.06055679739890266,0.000609632188579557,False,True,False,False,False,False,False
720575940632422219,flow,efferent,4921,400,0.25,0.02,0.1,0.04023572444625076,0.7691526112578744,0.03881324933956513,0.011583011583011582,0.0790489737858159,0.06055679739890266,0.000609632188579557,False,False,False,False,False,False,False
720575940632422219,flow,efferent,4921,400,0.25,0.01,0.01,0.04023572444625076,0.7691526112578744,0.03881324933956513,0.011583011583011582,0.0790489737858159,0.06055679739890266,0.000609632188579557,True,True,False,False,False,False,False
720575940632422219,flow,efferent,4921,400,0.25,0.01,0.05,0.04023572444625076,0.7691526112578744,0.03881324933956513,0.011583011583011582,0.0790489737858159,0.06055679739890266,0.000609632188579557,False,False,False,False,False,False,False
720575940632422219,flow,efferent,4921,400,0.25,0.01,0.1,0.04023572444625076,0.7691526112578744,0.03881324933956513,0.011583011583011582,0.0790489737858159,0.06055679739890266,0.000609632188579557,False,False,False,False,False,False,False
720575940646764579,flow,efferent,784,400,0.25,0.14285714285714285,0.01,0.4094387755102041,0.22831632653061223,0.09948979591836735,0.05102040816326531,0.1760204081632653,0.03443877551020408,0.0012755102040816326,True,True,True,True,True,True,
720575940646764579,flow,efferent,784,400,0.25,0.14285714285714285,0.05,0.4094387755102041,0.22831632653061223,0.09948979591836735,0.05102040816326531,0.1760204081632653,0.03443877551020408,0.0012755102040816326,True,True,False,False,True,False,
720575940646764579,flow,efferent,784,400,0.25,0.14285714285714285,0.1,0.4094387755102041,0.22831632653061223,0.09948979591836735,0.05102040816326531,0.1760204081632653,0.03443877551020408,0.0012755102040816326,True,False,False,False,False,False,
720575940646764579,flow,efferent,784,400,0.25,0.04,0.01,0.4094387755102041,0.22831632653061223,0.09948979591836735,0.05102040816326531,0.1760204081632653,0.03443877551020408,0.0012755102040816326,True,True,True,True,True,True,
720575940646764579,flow,efferent,784,400,0.25,0.04,0.05,0.4094387755102041,0.22831632653061223,0.09948979591836735,0.05102040816326531,0.1760204081632653,0.03443877551020408,0.0012755102040816326,True,False,False,False,False,False,
720575940646764579,flow,efferent,784,400,0.25,0.04,0.1,0.4094387755102041,0.22831632653061223,0.09948979591836735,0.05102040816326531,0.1760204081632653,0.03443877551020408,0.0012755102040816326,True,False,False,False,False,False,
720575940646764579,flow,efferent,784,400,0.25,0.02,0.01,0.4094387755102041,0.22831632653061223,0.09948979591836735,0.05102040816326531,0.1760204081632653,0.03443877551020408,0.0012755102040816326,True,True,True,True,True,True,
720575940646764579,flow,efferent,784,400,0.25,0.02,0.05,0.4094387755102041,0.22831632653061223,0.09948979591836735,0.05102040816326531,0.1760204081632653,0.03443877551020408,0.0012755102040816326,True,False,False,False,False,False,
720575940646764579,flow,efferent,784,400,0.25,0.02,0.1,0.4094387755102041,0.22831632653061223,0.09948979591836735,0.05102040816326531,0.1760204081632653,0.03443877551020408,0.0012755102040816326,True,False,False,False,False,False,
720575940646764579,flow,efferent,784,400,0.25,0.01,0.01,0.4094387755102041,0.22831632653061223,0.09948979591836735,0.05102040816326531,0.1760204081632653,0.03443877551020408,0.0012755102040816326,True,True,True,False,True,False,
720575940646764579,flow,efferent,784,400,0.25,0.01,0.05,0.4094387755102041,0.22831632653061223,0.09948979591836735,0.05102040816326531,0.1760204081632653,0.03443877551020408,0.0012755102040816326,True,False,False,False,False,False,
720575940646764579,flow,efferent,784,400,0.25,0.01,0.1,0.4094387755102041,0.22831632653061223,0.09948979591836735,0.05102040816326531,0.1760204081632653,0.03443877551020408,0.0012755102040816326,True,False,False,False,False,False,
720575940634525303,flow,efferent,646,400,0.25,0.14285714285714285,0.01,0.4938080495356037,0.2755417956656347,0.20278637770897834,0.0046439628482972135,0.015479876160990712,0.007739938080495356,0.0,True,True,True,False,False,False,
720575940634525303,flow,efferent,646,400,0.25,0.14285714285714285,0.05,0.4938080495356037,0.2755417956656347,0.20278637770897834,0.0046439628482972135,0.015479876160990712,0.007739938080495356,0.0,True,True,True,False,False,False,
720575940634525303,flow,efferent,646,400,0.25,0.14285714285714285,0.1,0.4938080495356037,0.2755417956656347,0.20278637770897834,0.0046439628482972135,0.015479876160990712,0.007739938080495356,0.0,True,True,False,False,False,False,
720575940634525303,flow,efferent,646,400,0.25,0.04,0.01,0.4938080495356037,0.2755417956656347,0.20278637770897834,0.0046439628482972135,0.015479876160990712,0.007739938080495356,0.0,True,True,True,False,False,False,
720575940634525303,flow,efferent,646,400,0.25,0.04,0.05,0.4938080495356037,0.2755417956656347,0.20278637770897834,0.0046439628482972135,0.015479876160990712,0.007739938080495356,0.0,True,True,False,False,False,False,
720575940634525303,flow,efferent,646,400,0.25,0.04,0.1,0.4938080495356037,0.2755417956656347,0.20278637770897834,0.0046439628482972135,0.015479876160990712,0.007739938080495356,0.0,False,False,False,False,False,False,
720575940634525303,flow,efferent,646,400,0.25,0.02,0.01,0.4938080495356037,0.2755417956656347,0.20278637770897834,0.0046439628482972135,0.015479876160990712,0.007739938080495356,0.0,True,True,True,False,False,False,
720575940634525303,flow,efferent,646,400,0.25,0.02,0.05,0.4938080495356037,0.2755417956656347,0.20278637770897834,0.0046439628482972135,0.015479876160990712,0.007739938080495356,0.0,True,False,False,False,False,False,
720575940634525303,flow,efferent,646,400,0.25,0.02,0.1,0.4938080495356037,0.2755417956656347,0.20278637770897834,0.0046439628482972135,0.015479876160990712,0.007739938080495356,0.0,False,False,False,False,False,False,
720575940634525303,flow,efferent,646,400,0.25,0.01,0.01,0.4938080495356037,0.2755417956656347,0.20278637770897834,0.0046439628482972135,0.015479876160990712,0.007739938080495356,0.0,True,True,True,False,False,False,
720575940634525303,flow,efferent,646,400,0.25,0.01,0.05,0.4938080495356037,0.2755417956656347,0.20278637770897834,0.0046439628482972135,0.015479876160990712,0.007739938080495356,0.0,True,False,False,False,False,False,
720575940634525303,flow,efferent,646,400,0.25,0.01,0.1,0.4938080495356037,0.2755417956656347,0.20278637770897834,0.0046439628482972135,0.015479876160990712,0.007739938080495356,0.0,False,False,False,False,False,False,
720575940618167579,flow,efferent,3504,400,0.25,0.14285714285714285,0.01,0.05279680365296804,0.7676940639269406,0.03824200913242009,0.031678082191780824,0.07049086757990868,0.03767123287671233,0.0014269406392694063,True,True,True,True,True,True,False
720575940618167579,flow,efferent,3504,400,0.25,0.14285714285714285,0.05,0.05279680365296804,0.7676940639269406,0.03824200913242009,0.031678082191780824,0.07049086757990868,0.03767123287671233,0.0014269406392694063,False,True,False,False,False,False,False
720575940618167579,flow,efferent,3504,400,0.25,0.14285714285714285,0.1,0.05279680365296804,0.7676940639269406,0.03824200913242009,0.031678082191780824,0.07049086757990868,0.03767123287671233,0.0014269406392694063,False,True,False,False,False,False,False
720575940618167579,flow,efferent,3504,400,0.25,0.04,0.01,0.05279680365296804,0.7676940639269406,0.03824200913242009,0.031678082191780824,0.07049086757990868,0.03767123287671233,0.0014269406392694063,True,True,False,False,False,False,False
720575940618167579,flow,efferent,3504,400,0.25,0.04,0.05,0.05279680365296804,0.7676940639269406,0.03824200913242009,0.031678082191780824,0.07049086757990868,0.03767123287671233,0.0014269406392694063,False,True,False,False,False,False,False
720575940618167579,flow,efferent,3504,400,0.25,0.04,0.1,0.05279680365296804,0.7676940639269406,0.03824200913242009,0.031678082191780824,0.07049086757990868,0.03767123287671233,0.0014269406392694063,False,True,False,False,False,False,False
720575940618167579,flow,efferent,3504,400,0.25,0.02,0.01,0.05279680365296804,0.7676940639269406,0.03824200913242009,0.031678082191780824,0.07049086757990868,0.03767123287671233,0.0014269406392694063,True,True,False,False,False,False,False
720575940618167579,flow,efferent,3504,400,0.25,0.02,0.05,0.05279680365296804,0.7676940639269406,0.03824200913242009,0.031678082191780824,0.07049086757990868,0.03767123287671233,0.0014269406392694063,False,True,False,False,False,False,False
720575940618167579,flow,efferent,3504,400,0.25,0.02,0.1,0.05279680365296804,0.7676940639269406,0.03824200913242009,0.031678082191780824,0.07049086757990868,0.03767123287671233,0.0014269406392694063,False,False,False,False,False,False,False
720575940618167579,flow,efferent,3504,400,0.25,0.01,0.01,0.05279680365296804,0.7676940639269406,0.03824200913242009,0.031678082191780824,0.07049086757990868,0.03767123287671233,0.0014269406392694063,True,True,False,False,False,False,False
720575940618167579,flow,efferent,3504,400,0.25,0.01,0.05,0.05279680365296804,0.7676940639269406,0.03824200913242009,0.031678082191780824,0.07049086757990868,0.03767123287671233,0.0014269406392694063,False,True,False,False,False,False,False
720575940618167579,flow,efferent,3504,400,0.25,0.01,0.1,0.05279680365296804,0.7676940639269406,0.03824200913242009,0.031678082191780824,0.07049086757990868,0.03767123287671233,0.0014269406392694063,False,False,False,False,False,False,False
720575940627368723,flow,efferent,5125,400,0.25,0.14285714285714285,0.01,0.03180487804878049,0.7555121951219512,0.04780487804878049,0.02673170731707317,0.08917073170731707,0.04702439024390244,0.001951219512195122,True,True,True,True,True,True,False
720575940627368723,flow,efferent,5125,400,0.25,0.14285714285714285,0.05,0.03180487804878049,0.7555121951219512,0.04780487804878049,0.02673170731707317,0.08917073170731707,0.04702439024390244,0.001951219512195122,False,True,False,False,False,False,False
720575940627368723,flow,efferent,5125,400,0.25,0.14285714285714285,0.1,0.03180487804878049,0.7555121951219512,0.04780487804878049,0.02673170731707317,0.08917073170731707,0.04702439024390244,0.001951219512195122,False,True,False,False,False,False,False
720575940627368723,flow,efferent,5125,400,0.25,0.04,0.01,0.03180487804878049,0.7555121951219512,0.04780487804878049,0.02673170731707317,0.08917073170731707,0.04702439024390244,0.001951219512195122,True,True,False,True,True,False,False
720575940627368723,flow,efferent,5125,400,0.25,0.04,0.05,0.03180487804878049,0.7555121951219512,0.04780487804878049,0.02673170731707317,0.08917073170731707,0.04702439024390244,0.001951219512195122,False,True,False,False,False,False,False
720575940627368723,flow,efferent,5125,400,0.25,0.04,0.1,0.03180487804878049,0.7555121951219512,0.04780487804878049,0.02673170731707317,0.08917073170731707,0.04702439024390244,0.001951219512195122,False,True,False,False,False,False,False
720575940627368723,flow,efferent,5125,400,0.25,0.02,0.01,0.03180487804878049,0.7555121951219512,0.04780487804878049,0.02673170731707317,0.08917073170731707,0.04702439024390244,0.001951219512195122,True,True,False,False,False,False,False
720575940627368723,flow,efferent,5125,400,0.25,0.02,0.05,0.03180487804878049,0.7555121951219512,0.04780487804878049,0.02673170731707317,0.08917073170731707,0.04702439024390244,0.001951219512195122,False,True,False,False,False,False,False
720575940627368723,flow,efferent,5125,400,0.25,0.02,0.1,0.03180487804878049,0.7555121951219512,0.04780487804878049,0.02673170731707317,0.08917073170731707,0.04702439024390244,0.001951219512195122,False,False,False,False,False,False,False
720575940627368723,flow,efferent,5125,400,0.25,0.01,0.01,0.03180487804878049,0.7555121951219512,0.04780487804878049,0.02673170731707317,0.08917073170731707,0.04702439024390244,0.001951219512195122,True,True,False,False,False,False,False
720575940627368723,flow,efferent,5125,400,0.25,0.01,0.05,0.03180487804878049,0.7555121951219512,0.04780487804878049,0.02673170731707317,0.08917073170731707,0.04702439024390244,0.001951219512195122,False,False,False,False,False,False,False
720575940627368723,flow,efferent,5125,400,0.25,0.01,0.1,0.03180487804878049,0.7555121951219512,0.04780487804878049,0.02673170731707317,0.08917073170731707,0.04702439024390244,0.001951219512195122,False,False,False,False,False,False,False
720575940649809273,flow,efferent,4203,400,0.25,0.14285714285714285,0.01,0.523673566500119,0.14275517487508924,0.18082322150844635,0.02926481084939329,0.0649536045681656,0.056864144658577205,0.0016654770402093743,True,True,True,True,True,True,False
720575940649809273,flow,efferent,4203,400,0.25,0.14285714285714285,0.05,0.523673566500119,0.14275517487508924,0.18082322150844635,0.02926481084939329,0.0649536045681656,0.056864144658577205,0.0016654770402093743,True,True,True,False,False,False,False
720575940649809273,flow,efferent,4203,400,0.25,0.14285714285714285,0.1,0.523673566500119,0.14275517487508924,0.18082322150844635,0.02926481084939329,0.0649536045681656,0.056864144658577205,0.0016654770402093743,True,False,False,False,False,False,False
720575940649809273,flow,efferent,4203,400,0.25,0.04,0.01,0.523673566500119,0.14275517487508924,0.18082322150844635,0.02926481084939329,0.0649536045681656,0.056864144658577205,0.0016654770402093743,True,True,True,False,True,False,False
720575940649809273,flow,efferent,4203,400,0.25,0.04,0.05,0.523673566500119,0.14275517487508924,0.18082322150844635,0.02926481084939329,0.0649536045681656,0.056864144658577205,0.0016654770402093743,True,False,False,False,False,False,False
720575940649809273,flow,efferent,4203,400,0.25,0.04,0.1,0.523673566500119,0.14275517487508924,0.18082322150844635,0.02926481084939329,0.0649536045681656,0.056864144658577205,0.0016654770402093743,False,False,False,False,False,False,False
720575940649809273,flow,efferent,4203,400,0.25,0.02,0.01,0.523673566500119,0.14275517487508924,0.18082322150844635,0.02926481084939329,0.0649536045681656,0.056864144658577205,0.0016654770402093743,True,True,True,False,False,False,False
720575940649809273,flow,efferent,4203,400,0.25,0.02,0.05,0.523673566500119,0.14275517487508924,0.18082322150844635,0.02926481084939329,0.0649536045681656,0.056864144658577205,0.0016654770402093743,False,False,False,False,False,False,False
720575940649809273,flow,efferent,4203,400,0.25,0.02,0.1,0.523673566500119,0.14275517487508924,0.18082322150844635,0.02926481084939329,0.0649536045681656,0.056864144658577205,0.0016654770402093743,False,False,False,False,False,False,False
720575940649809273,flow,efferent,4203,400,0.25,0.01,0.01,0.523673566500119,0.14275517487508924,0.18082322150844635,0.02926481084939329,0.0649536045681656,0.056864144658577205,0.0016654770402093743,True,False,True,False,False,False,False
720575940649809273,flow,efferent,4203,400,0.25,0.01,0.05,0.523673566500119,0.14275517487508924,0.18082322150844635,0.02926481084939329,0.0649536045681656,0.056864144658577205,0.0016654770402093743,False,False,False,False,False,False,False
720575940649809273,flow,efferent,4203,400,0.25,0.01,0.1,0.523673566500119,0.14275517487508924,0.18082322150844635,0.02926481084939329,0.0649536045681656,0.056864144658577205,0.0016654770402093743,False,False,False,False,False,False,False
720575940645047831,flow,efferent,6197,400,0.25,0.14285714285714285,0.01,0.09488462159109247,0.4883007907051799,0.21268355655962562,0.044214942714216554,0.11892851379699855,0.039373890592222044,0.0016136840406648378,True,True,True,True,True,True,False
720575940645047831,flow,efferent,6197,400,0.25,0.14285714285714285,0.05,0.09488462159109247,0.4883007907051799,0.21268355655962562,0.044214942714216554,0.11892851379699855,0.039373890592222044,0.0016136840406648378,False,True,True,False,True,False,False
720575940645047831,flow,efferent,6197,400,0.25,0.14285714285714285,0.1,0.09488462159109247,0.4883007907051799,0.21268355655962562,0.044214942714216554,0.11892851379699855,0.039373890592222044,0.0016136840406648378,False,True,False,False,False,False,False
720575940645047831,flow,efferent,6197,400,0.25,0.04,0.01,0.09488462159109247,0.4883007907051799,0.21268355655962562,0.044214942714216554,0.11892851379699855,0.039373890592222044,0.0016136840406648378,True,True,True,False,True,True,False
720575940645047831,flow,efferent,6197,400,0.25,0.04,0.05,0.09488462159109247,0.4883007907051799,0.21268355655962562,0.044214942714216554,0.11892851379699855,0.039373890592222044,0.0016136840406648378,False,True,False,False,False,False,False
720575940645047831,flow,efferent,6197,400,0.25,0.04,0.1,0.09488462159109247,0.4883007907051799,0.21268355655962562,0.044214942714216554,0.11892851379699855,0.039373890592222044,0.0016136840406648378,False,False,False,False,False,False,False
720575940645047831,flow,efferent,6197,400,0.25,0.02,0.01,0.09488462159109247,0.4883007907051799,0.21268355655962562,0.044214942714216554,0.11892851379699855,0.039373890592222044,0.0016136840406648378,True,True,True,False,True,True,False
720575940645047831,flow,efferent,6197,400,0.25,0.02,0.05,0.09488462159109247,0.4883007907051799,0.21268355655962562,0.044214942714216554,0.11892851379699855,0.039373890592222044,0.0016136840406648378,False,False,False,False,False,False,False
720575940645047831,flow,efferent,6197,400,0.25,0.02,0.1,0.09488462159109247,0.4883007907051799,0.21268355655962562,0.044214942714216554,0.11892851379699855,0.039373890592222044,0.0016136840406648378,False,False,False,False,False,False,False
720575940645047831,flow,efferent,6197,400,0.25,0.01,0.01,0.09488462159109247,0.4883007907051799,0.21268355655962562,0.044214942714216554,0.11892851379699855,0.039373890592222044,0.0016136840406648378,True,True,True,False,False,True,False
720575940645047831,flow,efferent,6197,400,0.25,0.01,0.05,0.09488462159109247,0.4883007907051799,0.21268355655962562,0.044214942714216554,0.11892851379699855,0.039373890592222044,0.0016136840406648378,False,False,False,False,False,False,False
720575940645047831,flow,efferent,6197,400,0.25,0.01,0.1,0.09488462159109247,0.4883007907051799,0.21268355655962562,0.044214942714216554,0.11892851379699855,0.039373890592222044,0.0016136840406648378,False,False,False,False,False,False,False
720575940626993694,flow,efferent,1222,400,0.25,0.14285714285714285,0.01,0.07937806873977087,0.44762684124386254,0.1955810147299509,0.06955810147299508,0.18166939443535188,0.022913256955810146,0.0032733224222585926,True,True,True,True,True,True,False
720575940626993694,flow,efferent,1222,400,0.25,0.14285714285714285,0.05,0.07937806873977087,0.44762684124386254,0.1955810147299509,0.06955810147299508,0.18166939443535188,0.022913256955810146,0.0032733224222585926,False,True,True,False,True,False,False
720575940626993694,flow,efferent,1222,400,0.25,0.14285714285714285,0.1,0.07937806873977087,0.44762684124386254,0.1955810147299509,0.06955810147299508,0.18166939443535188,0.022913256955810146,0.0032733224222585926,False,True,False,False,False,False,False
720575940626993694,flow,efferent,1222,400,0.25,0.04,0.01,0.07937806873977087,0.44762684124386254,0.1955810147299509,0.06955810147299508,0.18166939443535188,0.022913256955810146,0.0032733224222585926,True,True,True,True,True,True,False
720575940626993694,flow,efferent,1222,400,0.25,0.04,0.05,0.07937806873977087,0.44762684124386254,0.1955810147299509,0.06955810147299508,0.18166939443535188,0.022913256955810146,0.0032733224222585926,False,False,False,False,False,False,False
720575940626993694,flow,efferent,1222,400,0.25,0.04,0.1,0.07937806873977087,0.44762684124386254,0.1955810147299509,0.06955810147299508,0.18166939443535188,0.022913256955810146,0.0032733224222585926,False,False,False,False,False,False,False
720575940626993694,flow,efferent,1222,400,0.25,0.02,0.01,0.07937806873977087,0.44762684124386254,0.1955810147299509,0.06955810147299508,0.18166939443535188,0.022913256955810146,0.0032733224222585926,True,True,True,True,True,True,False
720575940626993694,flow,efferent,1222,400,0.25,0.02,0.05,0.07937806873977087,0.44762684124386254,0.1955810147299509,0.06955810147299508,0.18166939443535188,0.022913256955810146,0.0032733224222585926,False,True,False,False,False,False,False
720575940626993694,flow,efferent,1222,400,0.25,0.02,0.1,0.07937806873977087,0.44762684124386254,0.1955810147299509,0.06955810147299508,0.18166939443535188,0.022913256955810146,0.0032733224222585926,False,False,False,False,False,False,False
720575940626993694,flow,efferent,1222,400,0.25,0.01,0.01,0.07937806873977087,0.44762684124386254,0.1955810147299509,0.06955810147299508,0.18166939443535188,0.022913256955810146,0.0032733224222585926,True,True,True,True,True,True,False
720575940626993694,flow,efferent,1222,400,0.25,0.01,0.05,0.07937806873977087,0.44762684124386254,0.1955810147299509,0.06955810147299508,0.18166939443535188,0.022913256955810146,0.0032733224222585926,False,False,False,False,False,False,False
720575940626993694,flow,efferent,1222,400,0.25,0.01,0.1,0.07937806873977087,0.44762684124386254,0.1955810147299509,0.06955810147299508,0.18166939443535188,0.022913256955810146,0.0032733224222585926,False,False,False,False,False,False,False
